{"type":"FeatureCollection", "features": [
{"type":"Feature","geometry":{"type":"Polygon","coordinates":[[[85.56,27.8],[85.36,27.93],[85.24,27.67],[85.45,27.61],[85.56,27.8]]]},"properties":{"NAME":"Kathmandu","C":5,"name":"Kathmandu","start_year":1202,"end_year":1743,"capital":"","type":"polity","region":"","event":"","source":"Cliopatria / Seshat Global History Databank (CC BY 4.0)","wikipedia":"Kathmandu","wikidata":"Q3037","_a":0,"_c":[85.4,27.77],"_nz":"加德满都","_sz":""}},
{"type":"Feature","geometry":{"type":"Polygon","coordinates":[[[17.51,42.82],[17.83,42.89],[18.14,42.63],[18.3,42.63],[18.31,42.69],[18.08,43.02],[17.52,43.02],[17.52,42.95],[17.51,42.82]]]},"properties":{"NAME":"Republic of Ragusa","C":0,"name":"Republic of Ragusa","start_year":1429,"end_year":1771,"capital":"","type":"polity","region":"","event":"","source":"Cliopatria / Seshat Global History Databank (CC BY 4.0)","wikipedia":"Republic of Ragusa","wikidata":"Q208169","_a":0,"_c":[17.95,42.79],"_nz":"拉古萨共和国","_sz":""}},
{"type":"Feature","geometry":{"type":"Polygon","coordinates":[[[4.8,44.12],[4.73,43.8],[4.97,43.73],[5.05,43.93],[5.29,43.99],[5.11,44.52],[4.95,44.39],[4.71,44.45],[4.8,44.12]]]},"properties":{"NAME":"Comtat Venaissin","C":2,"name":"Comtat Venaissin","start_year":1482,"end_year":1672,"capital":"","type":"polity","region":"","event":"","source":"Cliopatria / Seshat Global History Databank (CC BY 4.0)","wikipedia":"Comtat Venaissin","wikidata":"Q1122980","_a":1,"_c":[4.96,44.13],"_nz":"沃奈桑伯爵领地","_sz":""}},
{"type":"Feature","geometry":{"type":"Polygon","coordinates":[[[13.25,-8.46],[14.13,-8.2],[14.64,-8.26],[14.71,-8.07],[15.37,-7.94],[15.95,-7.49],[16.16,-6.98],[15.94,-5.76],[16.01,-5.69],[16.01,-5.44],[16.59,-5.11],[16.52,-4.79],[16.23,-4.6],[16.08,-4.28],[15.64,-4.34],[15.42,-4.6],[14.91,-4.47],[14.91,-4.6],[14.62,-4.79],[14.62,-4.99],[13.82,-5.18],[13.61,-5.56],[13.17,-5.69],[13.1,-5.82],[12.88,-5.82],[12.66,-6.01],[12.22,-6.01],[12.22,-6.46],[12.74,-7.04],[12.74,-7.36],[13.25,-8.46]]]},"properties":{"NAME":"Kingdom of Kongo","C":10,"name":"Kingdom of Kongo","start_year":1492,"end_year":1661,"capital":"","type":"polity","region":"","event":"","source":"Cliopatria / Seshat Global History Databank (CC BY 4.0)","wikipedia":"Kingdom of Kongo","wikidata":"Q796583","_a":18,"_c":[14.41,-6.37],"_nz":"刚果王国","_sz":""}},
{"type":"Feature","geometry":{"type":"Polygon","coordinates":[[[119.49,-4.92],[119.21,-5.11],[119.31,-5.63],[119.66,-5.37],[119.56,-4.92],[119.49,-4.92]]]},"properties":{"NAME":"Sultanate of Gowa","C":2,"name":"Sultanate of Gowa","start_year":1512,"end_year":1661,"capital":"","type":"polity","region":"","event":"","source":"Cliopatria / Seshat Global History Databank (CC BY 4.0)","wikipedia":"Sultanate of Gowa","wikidata":"Q1408641","_a":0,"_c":[119.44,-5.21],"_nz":"戈瓦苏丹国","_sz":""}},
{"type":"Feature","geometry":{"type":"Polygon","coordinates":[[[120.23,-5.18],[120.28,-4.66],[120.13,-4.66],[119.92,-4.79],[119.94,-5.18],[120.16,-5.31],[120.23,-5.18]]]},"properties":{"NAME":"Sultanate of Bone","C":4,"name":"Sultanate of Bone","start_year":1512,"end_year":1669,"capital":"","type":"polity","region":"","event":"","source":"Cliopatria / Seshat Global History Databank (CC BY 4.0)","wikipedia":"Sultan","wikidata":"Q43292","_a":0,"_c":[120.1,-4.98],"_nz":"波尼苏丹国","_sz":""}},
{"type":"Feature","geometry":{"type":"Polygon","coordinates":[[[114.89,-2.93],[114.59,-2.86],[114.52,-2.74],[114.08,-2.8],[113.57,-2.61],[112.4,-2.61],[111.61,-2.8],[111.71,-3.64],[111.85,-3.64],[112.06,-3.38],[112.65,-3.44],[113,-3.06],[113.08,-3.25],[113.44,-3.25],[113.52,-3.51],[113.82,-3.51],[113.88,-3.38],[114.18,-3.38],[114.4,-3.44],[114.5,-4.21],[114.86,-4.15],[114.93,-4.02],[115.79,-3.7],[115.63,-3.44],[114.96,-2.93],[114.89,-2.93]]]},"properties":{"NAME":"Sultanate of Banjar","C":0,"name":"Sultanate of Banjar","start_year":1526,"end_year":1858,"capital":"","type":"polity","region":"","event":"","source":"Cliopatria / Seshat Global History Databank (CC BY 4.0)","wikipedia":"Sultanate of Banjar","wikidata":"Q1660566","_a":7,"_c":[113.7,-3.41],"_nz":"班贾尔苏丹国","_sz":""}},
{"type":"Feature","geometry":{"type":"MultiPolygon","coordinates":[[[[119.93,5.3],[119.7,5.17],[119.69,5.04],[120.14,5.17],[120.15,5.36],[119.93,5.3]]],[[[120.85,6.07],[120.84,5.88],[121.35,5.81],[121.36,6.01],[120.85,6.07]]],[[[121.76,6.46],[121.97,6.39],[122.19,6.46],[122.29,6.71],[121.85,6.78],[121.76,6.46]]]]},"properties":{"NAME":"Sultanate of Sulu","C":11,"name":"Sultanate of Sulu","start_year":1529,"end_year":1672,"capital":"","type":"polity","region":"","event":"","source":"Cliopatria / Seshat Global History Databank (CC BY 4.0)","wikipedia":"Sultanate of Sulu","wikidata":"Q422065","_a":5,"_c":[120.99,5.91],"_nz":"苏禄苏丹国","_sz":""}},
{"type":"Feature","geometry":{"type":"MultiPolygon","coordinates":[[[[105.76,-4.15],[105.83,-4.15],[105.89,-3.76],[105.74,-3.7],[105.73,-3.57],[106.01,-3.25],[106.01,-3.06],[105.64,-2.8],[105.55,-2.41],[104.82,-2.29],[104.81,-2.03],[104.52,-1.96],[104.44,-1.64],[103.86,-1.77],[103.43,-2.09],[103.29,-2.41],[103.15,-2.41],[103.16,-2.74],[103.31,-2.86],[103.55,-3.51],[104.37,-4.09],[104.37,-4.15],[104.95,-4.02],[104.94,-3.89],[105.23,-3.7],[105.76,-4.15]]],[[[108.03,-2.54],[107.52,-2.54],[107.45,-2.61],[107.47,-3.19],[108.12,-3.19],[108.18,-2.67],[108.03,-2.54]]],[[[106.58,-2.74],[106.72,-2.61],[106.21,-2.41],[105.97,-1.51],[105.6,-1.51],[105.6,-1.64],[105.24,-1.51],[105.24,-1.84],[104.96,-1.96],[105.11,-2.16],[105.62,-2.16],[105.77,-2.41],[105.78,-2.8],[106.45,-3.19],[106.81,-3.06],[106.8,-2.86],[106.58,-2.86],[106.58,-2.74]]]]},"properties":{"NAME":"Sultanate of Palembang","C":7,"name":"Sultanate of Palembang","start_year":1556,"end_year":1669,"capital":"","type":"polity","region":"","event":"","source":"Cliopatria / Seshat Global History Databank (CC BY 4.0)","wikipedia":"Palembang Sultanate","wikidata":"Q3503555","_a":13,"_c":[105.67,-2.83],"_nz":"巨港苏丹国","_sz":""}},
{"type":"Feature","geometry":{"type":"Polygon","coordinates":[[[-90.01,16.04],[-89.99,16.42],[-89.81,16.68],[-89.1,16.87],[-88.78,17.19],[-88.58,17.32],[-88.55,17.58],[-88.17,17.51],[-88.11,17.64],[-88.08,18.35],[-88.25,18.48],[-88.39,18.48],[-88.76,17.96],[-89.05,17.96],[-89.17,17.77],[-90.57,17.77],[-90.6,16.55],[-90.35,16.36],[-90.38,16.04],[-90.01,16.04]]]},"properties":{"NAME":"Itza Mayans","C":11,"name":"Itza Mayans","start_year":1564,"end_year":1669,"capital":"","type":"polity","region":"","event":"","source":"Cliopatria / Seshat Global History Databank (CC BY 4.0)","wikipedia":"Itza people","wikidata":"Q606377","_a":6,"_c":[-89.31,17.26],"_nz":"伊察玛雅人","_sz":""}},
{"type":"Feature","geometry":{"type":"Polygon","coordinates":[[[78.73,10.75],[78.5,10.82],[78.61,11.07],[77.66,11.2],[77.25,10.25],[77.15,8.25],[77.55,8.09],[78.06,8.36],[78.2,8.92],[78.42,9.12],[79.16,9.29],[78.9,9.46],[79.11,9.82],[79.14,9.86],[78.7,10.37],[78.73,10.75]]]},"properties":{"NAME":"Nayaks of Madurai","C":1,"name":"Nayaks of Madurai","start_year":1572,"end_year":1712,"capital":"","type":"polity","region":"","event":"","source":"Cliopatria / Seshat Global History Databank (CC BY 4.0)","wikipedia":"Madurai Nayak dynasty","wikidata":"Q1530838","_a":6,"_c":[78.16,9.65],"_nz":"马杜赖纳亚克","_sz":""}},
{"type":"Feature","geometry":{"type":"Polygon","coordinates":[[[76.44,12.81],[76.04,12.64],[76.11,12.16],[76.33,11.95],[76.29,11.67],[76.99,11.56],[77.3,11.68],[77.58,12.05],[77.55,12.49],[76.77,12.91],[76.44,12.81]]]},"properties":{"NAME":"Kingdom of Mysore","C":7,"name":"Kingdom of Mysore","start_year":1572,"end_year":1672,"capital":"","type":"polity","region":"","event":"","source":"Cliopatria / Seshat Global History Databank (CC BY 4.0)","wikipedia":"Kingdom of Mysore","wikidata":"Q266923","_a":2,"_c":[76.81,12.24],"_nz":"迈索尔王国","_sz":""}},
{"type":"Feature","geometry":{"type":"Polygon","coordinates":[[[109.32,12.56],[109.47,12.56],[109.51,12.95],[109.33,13.27],[109.35,14.04],[109.18,14.36],[109.16,14.75],[108.97,15.01],[109.02,15.33],[108.68,15.52],[108.7,15.65],[108.37,15.91],[108.33,16.16],[108.14,16.36],[107.84,16.36],[107.72,16.49],[107.67,16.68],[107.34,16.94],[107.1,17.26],[106.75,17.39],[106.54,17.9],[106.55,17.96],[106.11,17.96],[106.06,18.16],[105.67,18.03],[105.71,17.77],[106.61,16.94],[106.69,16.49],[106.97,16.42],[107.15,16.16],[107.5,16.04],[107.3,15.65],[107.69,15.33],[107.51,14.56],[107.38,14.11],[107.67,13.46],[107.55,13.08],[107.57,12.63],[107.79,12.63],[108.12,12.31],[108.1,12.18],[108.7,12.31],[108.96,12.63],[109.25,12.63],[109.32,12.56]]]},"properties":{"NAME":"Nguyễn lords","C":8,"name":"Nguyễn lords","start_year":1572,"end_year":1652,"capital":"","type":"polity","region":"","event":"","source":"Cliopatria / Seshat Global History Databank (CC BY 4.0)","wikipedia":"Nguyễn lords","wikidata":"Q2301908","_a":23,"_c":[107.59,15.17],"_nz":"阮主","_sz":""}},
{"type":"Feature","geometry":{"type":"Polygon","coordinates":[[[78.73,10.75],[78.71,10.37],[79.18,9.81],[79.33,10.22],[79.91,10.28],[79.9,11.24],[79.8,11.47],[79.69,11.37],[79,10.97],[78.54,10.96],[78.52,10.84],[78.73,10.75]]]},"properties":{"NAME":"Nayaks of Thanjavur","C":11,"name":"Nayaks of Thanjavur","start_year":1572,"end_year":1672,"capital":"","type":"polity","region":"","event":"","source":"Cliopatria / Seshat Global History Databank (CC BY 4.0)","wikipedia":"Thanjavur Nayak kingdom","wikidata":"Q1588434","_a":2,"_c":[79.22,10.64],"_nz":"坦贾武尔纳亚克","_sz":""}},
{"type":"Feature","geometry":{"type":"Polygon","coordinates":[[[88.15,26.45],[88.21,26.77],[88.04,27.03],[88.2,27.8],[88.14,27.87],[87.45,27.8],[86.9,28.06],[86.28,27.99],[86.23,28.12],[85.98,27.99],[85.75,28.32],[85.35,28.25],[85.16,28.38],[85.2,28.57],[84.82,28.57],[84.41,28.77],[84.22,28.96],[84.27,29.15],[84.14,29.28],[83.84,29.28],[83.66,29.15],[83.45,29.22],[83.43,29.47],[83.31,29.6],[82.47,29.92],[82.04,30.37],[81.59,30.37],[81.3,30.12],[81.01,30.18],[80.66,29.99],[80.35,29.6],[80.24,29.09],[80.17,29.09],[80.17,28.7],[80.68,28.64],[80.96,28.51],[81.19,28.19],[81.88,27.87],[82.54,27.74],[83.08,27.42],[84.43,27.42],[84.76,27.16],[85,26.84],[85.27,26.71],[85.74,26.77],[85.79,26.64],[86.31,26.64],[86.65,26.45],[87.11,26.52],[87.24,26.39],[88.15,26.45]],[[85.56,27.8],[85.45,27.61],[85.24,27.67],[85.36,27.93],[85.56,27.8]]]},"properties":{"NAME":"Gorkha Kingdom","C":5,"name":"Gorkha Kingdom","start_year":1588,"end_year":1717,"capital":"","type":"polity","region":"","event":"","source":"Cliopatria / Seshat Global History Databank (CC BY 4.0)","wikipedia":"Gorkha Kingdom","wikidata":"Q3332217","_a":32,"_c":[84.19,28.38],"_nz":"廓尔喀王国","_sz":""}},
{"type":"Feature","geometry":{"type":"MultiPolygon","coordinates":[[[[104.12,10.44],[103.91,10.44],[103.81,10.25],[103.94,10.06],[104.09,10.06],[104.12,10.44]]],[[[108.81,11.28],[108.64,11.66],[108.7,12.31],[108.1,12.18],[108.12,12.31],[107.79,12.63],[107.57,12.63],[107.55,13.08],[107.67,13.46],[107.38,14.11],[107.51,14.56],[106.89,14.3],[106.63,14.56],[106.17,14.43],[106.03,13.91],[105.69,14.11],[105.26,14.17],[105.28,14.3],[104.98,14.3],[104.92,14.43],[103.81,14.36],[103.61,14.49],[103.45,14.36],[103.23,14.36],[102.9,14.11],[102.71,13.72],[102.39,13.53],[102.41,13.01],[102.84,12.31],[102.74,12.05],[102.87,11.86],[102.84,11.6],[103.05,11.47],[103.06,10.83],[103.36,10.83],[103.6,11.09],[103.64,10.76],[103.49,10.7],[103.55,10.51],[103.92,10.57],[104.12,10.44],[104.42,10.44],[104.54,10.19],[105.03,9.99],[104.79,9.74],[104.7,8.64],[104.76,8.51],[105.14,8.58],[105.62,9.16],[106.14,9.29],[106.23,9.48],[106.6,9.54],[106.55,9.8],[106.64,9.99],[106.79,10.06],[106.82,10.31],[106.76,10.44],[106.98,10.51],[107.05,10.44],[107.34,10.38],[108.81,11.21],[108.81,11.28]]]]},"properties":{"NAME":"Khmer Empire","C":11,"name":"Khmer Empire","start_year":1588,"end_year":1652,"capital":"","type":"polity","region":"","event":"","source":"Cliopatria / Seshat Global History Databank (CC BY 4.0)","wikipedia":"Khmer Empire","wikidata":"Q201705","_a":39,"_c":[105.6,11.54],"_nz":"高棉帝国","_sz":""}},
{"type":"Feature","geometry":{"type":"Polygon","coordinates":[[[94.43,16.81],[94.57,16.81],[94.85,17.19],[95.07,17.71],[95.04,18.03],[95.16,18.35],[94.92,18.74],[94.96,18.99],[94.79,19.38],[94.84,19.7],[94.45,20.6],[94.1,20.79],[94.14,21.05],[93.78,21.11],[93.52,21.37],[93.09,21.5],[92.99,21.82],[93.02,22.01],[92.59,22.14],[92.58,22.53],[92.32,22.79],[92.17,22.79],[91.97,22.98],[91.53,22.98],[91.37,22.46],[91.74,22.4],[91.76,22.08],[91.89,21.95],[91.83,21.5],[92.05,21.5],[92.01,21.18],[92.12,20.92],[92.39,20.73],[92.37,20.6],[92.63,20.34],[92.85,20.34],[92.83,20.15],[93.06,20.21],[93.02,19.96],[93.4,20.02],[93.38,19.89],[93.6,19.89],[93.58,19.7],[93.8,19.7],[93.68,19.38],[93.51,19.25],[93.76,18.93],[93.54,18.93],[93.51,18.74],[93.8,18.67],[93.83,18.86],[94.12,18.86],[94.23,18.54],[94.36,18.48],[94.52,18.03],[94.53,17.58],[94.61,17.58],[94.43,16.81]]]},"properties":{"NAME":"Kingdom of Mrauk U","C":3,"name":"Kingdom of Mrauk U","start_year":1588,"end_year":1669,"capital":"","type":"polity","region":"","event":"","source":"Cliopatria / Seshat Global History Databank (CC BY 4.0)","wikipedia":"Kingdom of Mrauk U","wikidata":"Q10791211","_a":23,"_c":[93.27,19.9],"_nz":"妙乌王国","_sz":""}},
{"type":"Feature","geometry":{"type":"Polygon","coordinates":[[[63.73,42.43],[62.39,43.02],[62.22,43.28],[62,43.34],[62.04,43.47],[61.98,43.54],[61.76,43.6],[61.1,44.39],[60.88,44.45],[60.78,44.12],[60.6,44.06],[60.5,43.73],[60.29,43.54],[59.12,43.41],[58.63,43.67],[58.34,43.47],[57.33,43.02],[57.19,42.5],[57.27,42.5],[57.23,42.04],[57.31,42.04],[57.42,41.52],[57.85,41.33],[57.83,41.26],[60,41.07],[60.13,40.94],[60.84,40.94],[62.38,41.33],[63.22,41.78],[63.73,42.43]]]},"properties":{"NAME":"Khanate of Khiva","C":10,"name":"Khanate of Khiva","start_year":1588,"end_year":1717,"capital":"","type":"polity","region":"","event":"","source":"Cliopatria / Seshat Global History Databank (CC BY 4.0)","wikipedia":"Khanate of Khiva","wikidata":"Q491106","_a":23,"_c":[60.46,42.7],"_nz":"希瓦汗国","_sz":""}},
{"type":"Feature","geometry":{"type":"MultiPolygon","coordinates":[[[[100.6,5.17],[100.91,5.36],[101,5.69],[101.09,6.07],[100.89,6.26],[100.33,6.65],[100.03,6.52],[100.02,6.46],[100.28,5.94],[100.24,5.11],[100.38,4.98],[100.6,5.17]]],[[[99.65,6.33],[99.87,6.26],[99.88,6.52],[99.65,6.33]]]]},"properties":{"NAME":"Sultanate of Kedah","C":9,"name":"Sultanate of Kedah","start_year":1588,"end_year":1690,"capital":"","type":"polity","region":"","event":"","source":"Cliopatria / Seshat Global History Databank (CC BY 4.0)","wikipedia":"Kedah Sultanate","wikidata":"Q1317579","_a":3,"_c":[100.34,5.82],"_nz":"吉打苏丹国","_sz":""}},
{"type":"Feature","geometry":{"type":"Polygon","coordinates":[[[105.49,23.17],[105.31,22.59],[105.46,22.59],[105.57,22.34],[106.29,22.21],[106.66,22.21],[106.71,22.91],[106.33,22.85],[106.2,22.98],[105.75,22.98],[105.49,23.17]]]},"properties":{"NAME":"Đại Việt","C":8,"name":"Đại Việt","start_year":1595,"end_year":1652,"capital":"","type":"polity","region":"","event":"","source":"Cliopatria / Seshat Global History Databank (CC BY 4.0)","wikipedia":"Mạc dynasty","wikidata":"Q1317991","_a":1,"_c":[106.01,22.69],"_nz":"大越","_sz":""}},
{"type":"Feature","geometry":{"type":"Polygon","coordinates":[[[11.57,42.37],[11.74,42.63],[12.06,42.76],[11.98,43.15],[11.82,43.34],[12.14,43.41],[12.23,43.6],[11.74,43.8],[11.67,44.25],[11.51,44.39],[10.86,44.25],[10.78,43.93],[10.62,43.8],[10.45,43.93],[10.21,43.93],[10.37,43.67],[10.54,43.08],[10.62,43.08],[10.86,43.08],[10.94,42.89],[11.02,42.63],[11.34,42.63],[11.34,42.43],[11.49,42.37],[11.57,42.37]]]},"properties":{"NAME":"Republic of Florence","C":5,"name":"Republic of Florence","start_year":1600,"end_year":1708,"capital":"","type":"polity","region":"","event":"","source":"Cliopatria / Seshat Global History Databank (CC BY 4.0)","wikipedia":"Republic of Florence","wikidata":"Q148540","_a":4,"_c":[11.22,43.38],"_nz":"佛罗伦萨共和国","_sz":""}},
{"type":"Feature","geometry":{"type":"Polygon","coordinates":[[[13.91,42.95],[13.75,43.08],[13.75,43.28],[13.36,43.67],[12.87,43.8],[12.31,44.19],[12.15,44.45],[12.24,44.84],[12.24,44.97],[11.35,44.97],[11.35,44.84],[11.1,44.71],[11.02,44.45],[10.86,44.25],[11.51,44.39],[11.67,44.25],[11.74,43.8],[12.23,43.6],[12.14,43.41],[11.82,43.34],[11.98,43.15],[12.06,42.76],[11.74,42.63],[11.57,42.37],[11.73,42.17],[12.13,42.04],[12.13,41.91],[12.6,41.52],[12.92,41.46],[13,41.33],[13.4,41.33],[13.79,41.2],[14.04,41.52],[13.96,41.72],[13.8,41.85],[13.41,41.85],[13.33,41.98],[13.01,42.04],[12.86,42.5],[13.1,42.69],[13.34,42.69],[13.58,42.89],[13.91,42.95]]]},"properties":{"NAME":"Papal States","C":4,"name":"Papal States","start_year":1600,"end_year":1652,"capital":"","type":"polity","region":"","event":"","source":"Cliopatria / Seshat Global History Databank (CC BY 4.0)","wikipedia":"Papal States","wikidata":"Q170174","_a":12,"_c":[12.45,43.09],"_nz":"教皇国","_sz":""}},
{"type":"Feature","geometry":{"type":"Polygon","coordinates":[[[22.55,44.97],[22.5,44.32],[22.89,44.12],[22.95,43.8],[23.6,43.86],[24.15,43.67],[24.88,43.73],[25.43,43.6],[25.85,43.73],[26.28,44.06],[27.49,44.06],[27.83,44.19],[27.94,44.52],[27.8,44.71],[27.97,44.78],[28,45.04],[27.86,45.3],[27.63,45.43],[26.42,45.5],[26.24,45.37],[26.1,45.63],[25.85,45.5],[25.44,45.5],[25.35,45.37],[25.04,45.63],[23.48,45.5],[23.47,45.37],[23.14,45.24],[22.74,45.3],[22.55,44.97]]]},"properties":{"NAME":"Principality of Wallachia","C":11,"name":"Principality of Wallachia","start_year":1602,"end_year":1690,"capital":"","type":"polity","region":"","event":"","source":"Cliopatria / Seshat Global History Databank (CC BY 4.0)","wikipedia":"Wallachia","wikidata":"Q171393","_a":11,"_c":[25.25,44.62],"_nz":"瓦拉几亚公国","_sz":""}},
{"type":"Feature","geometry":{"type":"Polygon","coordinates":[[[29.22,47.27],[28.98,47.33],[28.93,47.6],[29.03,47.73],[28.88,47.86],[28.56,47.93],[28.42,48.19],[27.54,48.46],[27.39,48.65],[25.98,48.65],[25.51,48.92],[25.25,48.79],[25.56,48.59],[25.54,48.39],[25.01,48.06],[24.91,47.8],[24.88,47.53],[25.03,47.4],[25.02,47.2],[25.67,47.14],[25.73,46.87],[25.97,46.81],[25.94,46.55],[26.48,46.15],[26.44,45.76],[26.1,45.63],[26.24,45.37],[26.42,45.5],[27.63,45.43],[27.86,45.3],[28.12,45.43],[28.15,45.69],[28.51,46.02],[28.44,46.15],[28.89,46.48],[29.57,46.74],[29.35,46.94],[29.22,47.27]]]},"properties":{"NAME":"Principality of Moldavia","C":8,"name":"Principality of Moldavia","start_year":1602,"end_year":1658,"capital":"","type":"polity","region":"","event":"","source":"Cliopatria / Seshat Global History Databank (CC BY 4.0)","wikipedia":"Moldavia","wikidata":"Q10957559","_a":17,"_c":[27.23,47.11],"_nz":"摩尔达维亚公国","_sz":""}},
{"type":"Feature","geometry":{"type":"MultiPolygon","coordinates":[[[[116.92,-9.16],[116.92,-9.1],[117.86,-8.97],[117.91,-8.71],[117.61,-8.59],[117.52,-8.39],[116.72,-8.46],[116.62,-9.04],[116.92,-9.16]]],[[[115.91,-8.39],[115.94,-8.71],[115.72,-8.71],[115.73,-8.91],[116.47,-8.97],[116.45,-8.71],[116.65,-8.52],[116.64,-8.33],[116.48,-8.2],[116.12,-8.2],[115.91,-8.39]]],[[[114.3,-8.33],[114.98,-8.65],[115,-8.91],[115.34,-8.59],[115.63,-8.52],[115.61,-8.26],[115.3,-8.07],[114.36,-8.07],[114.3,-8.33]]]]},"properties":{"NAME":"Balinese Kingdom","C":0,"name":"Balinese Kingdom","start_year":1609,"end_year":1682,"capital":"","type":"polity","region":"","event":"","source":"Cliopatria / Seshat Global History Databank (CC BY 4.0)","wikipedia":"Bali Kingdom","wikidata":"Q12491027","_a":4,"_c":[116.1,-8.61],"_nz":"巴厘王国","_sz":""}},
{"type":"Feature","geometry":{"type":"Polygon","coordinates":[[[4.43,8.19],[4.57,8],[4.94,7.94],[4.87,8.13],[5.16,8.26],[5.23,8.58],[5.01,8.51],[4.87,8.77],[4.58,8.77],[4.28,8.51],[4.21,8.19],[4.43,8.19]]]},"properties":{"NAME":"Oyo Empire","C":7,"name":"Oyo Empire","start_year":1609,"end_year":1669,"capital":"","type":"polity","region":"","event":"","source":"Cliopatria / Seshat Global History Databank (CC BY 4.0)","wikipedia":"Oyo Empire","wikidata":"Q849623","_a":1,"_c":[4.72,8.36],"_nz":"奥约帝国","_sz":""}},
{"type":"Feature","geometry":{"type":"MultiPolygon","coordinates":[[[[123.72,24.39],[123.91,24.26],[123.96,24.46],[123.72,24.39]]],[[[125.41,24.91],[125.26,24.91],[125.22,24.71],[125.44,24.71],[125.41,24.91]]],[[[127.91,26.39],[128.38,26.71],[128.42,26.84],[127.93,26.71],[127.87,26.52],[127.68,26.39],[127.65,26],[127.82,26.07],[127.91,26.39]]],[[[129.8,28.57],[129.19,28.32],[129.15,28.19],[129.35,28.12],[129.74,28.38],[129.8,28.57]]],[[[128.88,32.81],[128.65,32.81],[128.57,32.62],[128.77,32.56],[128.88,32.81]]],[[[129.4,34.29],[129.17,34.29],[129.11,34.16],[129.31,34.1],[129.4,34.29]]],[[[130.44,30.5],[130.36,30.31],[130.62,30.18],[130.72,30.44],[130.44,30.5]]],[[[130.92,30.76],[130.82,30.5],[131.02,30.44],[131.17,30.82],[130.92,30.76]]],[[[129.99,32.56],[129.93,32.24],[130.13,32.17],[130.37,32.36],[130.53,32.56],[129.99,32.56]]],[[[133.43,36.35],[133.2,36.35],[133.1,36.16],[133.33,36.16],[133.43,36.35]]],[[[142.09,39.64],[141.97,39.71],[142.07,39.97],[141.78,40.48],[141.44,40.68],[141.53,40.81],[141.38,40.94],[141.54,41.39],[140.92,41.52],[140.69,41.2],[140.34,41.26],[140.18,40.81],[139.9,40.74],[139.77,40.55],[139.99,40.29],[139.66,39.9],[139.89,39.9],[140.04,39.64],[139.95,39.26],[139.32,38.09],[138.77,37.84],[138.51,37.38],[137.63,37.06],[137.25,36.8],[137.1,36.8],[137.15,37.19],[137.37,37.58],[136.72,37.38],[136.57,37.13],[136.71,36.8],[136.45,36.48],[136,36.22],[135.91,35.9],[136.08,35.77],[135.71,35.52],[135.28,35.58],[135.38,35.77],[133.47,35.52],[132.96,35.58],[132.69,35.52],[132.56,35.26],[131.48,34.61],[131.41,34.49],[130.92,34.42],[130.8,34.16],[130.86,33.97],[130.42,33.84],[130.33,33.65],[129.92,33.59],[129.83,33.39],[129.6,33.39],[129.56,33.14],[129.68,33.07],[129.79,32.62],[130,32.75],[130.1,32.62],[130.33,32.62],[130.44,32.88],[130.57,32.81],[130.52,32.36],[130.21,32.17],[130.1,31.91],[130.27,31.59],[130.14,31.27],[130.47,31.14],[130.72,31.21],[130.79,31.01],[131.41,31.4],[131.6,31.85],[131.58,32.17],[131.78,32.62],[132.08,32.94],[132.09,33.14],[131.64,33.33],[131.82,33.71],[131.1,33.65],[131.09,33.97],[131.94,33.97],[132.19,33.84],[132.32,34.29],[133.25,34.29],[134.47,34.74],[134.94,34.61],[134.63,34.29],[134.2,34.36],[133.63,34.29],[133.51,34.04],[133.12,34.04],[132.88,34.16],[132.56,33.65],[132.08,33.46],[132.36,33.39],[132.45,33.26],[132.43,32.88],[132.66,32.88],[132.68,32.75],[133.03,32.69],[133.16,33.14],[133.54,33.46],[133.85,33.46],[133.99,33.26],[134.22,33.26],[134.37,33.59],[134.66,33.71],[134.78,33.97],[134.72,34.16],[134.91,34.23],[135.21,34.68],[135.44,34.68],[135.34,34.49],[135.02,34.29],[135.15,34.1],[135.03,33.84],[135.35,33.71],[135.41,33.52],[135.81,33.39],[136.45,34.23],[136.91,34.23],[136.97,34.36],[136.79,34.61],[136.6,34.68],[136.73,34.94],[136.94,34.74],[137.24,34.74],[137.07,34.55],[138.26,34.61],[138.42,34.94],[138.8,35.07],[138.68,34.68],[138.95,34.61],[139.23,35],[139.14,35.13],[139.21,35.26],[139.72,35.19],[139.7,35.45],[139.96,35.64],[140.08,35.58],[139.7,34.87],[140.41,35.19],[140.54,35.58],[140.91,35.84],[140.67,35.97],[140.61,36.42],[140.79,36.87],[141.13,37.32],[141.04,37.45],[141.12,37.58],[140.96,37.71],[141.04,37.84],[140.92,38.03],[141.08,38.29],[141.51,38.35],[141.63,38.8],[141.83,39],[142.09,39.64]]],[[[138.14,37.96],[138.34,37.77],[138.61,38.09],[138.34,38.29],[138.14,37.96]]],[[[140.06,42.11],[140.12,41.98],[139.93,41.59],[139.95,41.39],[140.11,41.39],[140.44,41.52],[140.58,41.72],[140.94,41.78],[140.88,41.91],[140.22,42.11],[140.06,42.11]]]]},"properties":{"NAME":"Tokugawa Shogunate","C":9,"name":"Tokugawa Shogunate","start_year":1609,"end_year":1798,"capital":"","type":"polity","region":"","event":"","source":"Cliopatria / Seshat Global History Databank (CC BY 4.0)","wikipedia":"Tokugawa shogunate","wikidata":"Q205662","_a":331,"_c":[132.89,33.25],"_nz":"德川幕府","_sz":""}},
{"type":"Feature","geometry":{"type":"Polygon","coordinates":[[[101.53,4.85],[101.69,4.98],[102.19,4.91],[102.49,5.04],[102.23,5.49],[102.25,5.88],[102.4,6.01],[102.34,6.2],[101.77,6.46],[101.72,6.71],[101.51,6.91],[101.15,6.91],[101.2,6.59],[100.97,6.46],[100.89,6.26],[101.09,6.07],[101,5.69],[101.14,5.62],[101.45,5.88],[101.73,5.75],[101.78,5.3],[101.55,5.11],[101.53,4.85]]]},"properties":{"NAME":"Patani Kingdom","C":8,"name":"Patani Kingdom","start_year":1609,"end_year":1686,"capital":"","type":"polity","region":"","event":"","source":"Cliopatria / Seshat Global History Databank (CC BY 4.0)","wikipedia":"Patani Kingdom","wikidata":"Q584435","_a":3,"_c":[101.69,5.88],"_nz":"北大年王国","_sz":""}},
{"type":"Feature","geometry":{"type":"Polygon","coordinates":[[[101.7,3.76],[101.7,3.89],[101.57,4.21],[101.43,4.27],[101.53,4.85],[101.55,5.11],[101.78,5.3],[101.73,5.75],[101.45,5.88],[101.14,5.62],[101,5.69],[100.91,5.36],[100.6,5.17],[100.38,5.04],[100.37,4.85],[100.51,4.79],[100.48,4.21],[100.68,3.82],[100.75,3.82],[100.98,3.89],[101.11,3.69],[101.26,3.82],[101.4,3.69],[101.7,3.76]]]},"properties":{"NAME":"Sultanate of Perak","C":7,"name":"Sultanate of Perak","start_year":1609,"end_year":1821,"capital":"","type":"polity","region":"","event":"","source":"Cliopatria / Seshat Global History Databank (CC BY 4.0)","wikipedia":"Sultan of Perak","wikidata":"Q2649311","_a":3,"_c":[101.08,4.79],"_nz":"霹雳苏丹国","_sz":""}},
{"type":"Feature","geometry":{"type":"Polygon","coordinates":[[[41.76,42.11],[41.82,41.98],[41.6,41.65],[41.58,41.52],[42.44,41.46],[42.62,41.59],[42.66,41.78],[42.39,42.04],[41.76,42.11]]]},"properties":{"NAME":"Principality of Guria","C":3,"name":"Principality of Guria","start_year":1612,"end_year":1726,"capital":"","type":"polity","region":"","event":"","source":"Cliopatria / Seshat Global History Databank (CC BY 4.0)","wikipedia":"Principality of Guria","wikidata":"Q2195101","_a":1,"_c":[42.12,41.79],"_nz":"古里亚公国","_sz":""}},
{"type":"Feature","geometry":{"type":"Polygon","coordinates":[[[125.81,6.97],[125.75,7.1],[125.6,7.1],[125.59,6.97],[125.81,6.97]]]},"properties":{"NAME":"Sultanate of Maguindanao","C":0,"name":"Sultanate of Maguindanao","start_year":1612,"end_year":1848,"capital":"","type":"polity","region":"","event":"","source":"Cliopatria / Seshat Global History Databank (CC BY 4.0)","wikipedia":"Sultanate of Maguindanao","wikidata":"Q248572","_a":0,"_c":[125.7,7.01],"_nz":"马京达瑙苏丹国","_sz":""}},
{"type":"Feature","geometry":{"type":"Polygon","coordinates":[[[43.58,41.13],[43.6,41.26],[44.13,41.52],[44.24,41.72],[44.49,41.78],[44.66,42.24],[44.76,42.37],[44.82,42.69],[44.69,42.82],[43.78,42.69],[43.68,42.56],[43.7,42.24],[43.48,41.91],[43.23,41.85],[43.2,41.72],[42.89,41.72],[42.86,41.59],[43.19,41.2],[43.58,41.13]]]},"properties":{"NAME":"Kingdom of Kartli","C":1,"name":"Kingdom of Kartli","start_year":1612,"end_year":1701,"capital":"","type":"polity","region":"","event":"","source":"Cliopatria / Seshat Global History Databank (CC BY 4.0)","wikipedia":"Kingdom of Kartli","wikidata":"Q195972","_a":3,"_c":[43.84,41.98],"_nz":"卡特利王国","_sz":""}},
{"type":"Feature","geometry":{"type":"Polygon","coordinates":[[[42.39,42.04],[42.53,42.43],[42.71,42.5],[42.58,42.69],[42.62,42.89],[43.25,42.82],[43.43,42.95],[43.44,43.02],[42.53,43.28],[41.72,43.28],[41.51,42.95],[41.35,42.95],[41.33,42.89],[41.61,42.63],[41.48,42.37],[41.7,42.24],[41.76,42.11],[42.39,42.04]]]},"properties":{"NAME":"Principality of Mingrelia","C":7,"name":"Principality of Mingrelia","start_year":1612,"end_year":1699,"capital":"","type":"polity","region":"","event":"","source":"Cliopatria / Seshat Global History Databank (CC BY 4.0)","wikipedia":"Principality of Mingrelia","wikidata":"Q2907860","_a":3,"_c":[42.39,42.66],"_nz":"明格列尔公国","_sz":""}},
{"type":"Feature","geometry":{"type":"Polygon","coordinates":[[[40.97,43.08],[41.12,43.02],[41.2,43.02],[41.35,42.95],[41.51,42.95],[41.72,43.28],[41.41,43.34],[41.28,43.47],[40.74,43.6],[40.17,43.6],[40.22,43.41],[40.42,43.15],[40.97,43.08]]]},"properties":{"NAME":"Principality of Abkhazia","C":4,"name":"Principality of Abkhazia","start_year":1612,"end_year":1699,"capital":"","type":"polity","region":"","event":"","source":"Cliopatria / Seshat Global History Databank (CC BY 4.0)","wikipedia":"Principality of Abkhazia","wikidata":"Q1760473","_a":1,"_c":[40.87,43.28],"_nz":"阿布哈兹公国","_sz":""}},
{"type":"Feature","geometry":{"type":"Polygon","coordinates":[[[42.62,41.59],[42.86,41.59],[42.89,41.72],[43.2,41.72],[43.23,41.85],[43.48,41.91],[43.7,42.24],[43.68,42.56],[43.78,42.69],[43.74,42.89],[43.43,42.95],[43.25,42.82],[42.62,42.89],[42.58,42.69],[42.71,42.5],[42.53,42.43],[42.39,42.04],[42.66,41.78],[42.62,41.59]]]},"properties":{"NAME":"Kingdom of Imereti","C":9,"name":"Kingdom of Imereti","start_year":1612,"end_year":1699,"capital":"","type":"polity","region":"","event":"","source":"Cliopatria / Seshat Global History Databank (CC BY 4.0)","wikipedia":"Kingdom of Imereti","wikidata":"Q1069959","_a":2,"_c":[43.1,42.27],"_nz":"伊梅列季王国","_sz":""}},
{"type":"Feature","geometry":{"type":"Polygon","coordinates":[[[100.66,19.51],[100.46,19.7],[100.6,20.09],[100.54,20.21],[100.13,20.41],[99.67,20.34],[99.41,20.09],[99.18,20.02],[98.51,20.02],[98.47,20.73],[98.66,20.99],[98.42,21.37],[98.45,21.56],[98.62,21.69],[98.49,21.82],[98.5,22.34],[98.35,22.34],[98.42,22.79],[98.22,22.91],[98.34,23.17],[98.5,23.24],[98.54,23.49],[98.34,23.62],[98.49,24.07],[98.04,24.07],[97.55,23.81],[97.25,23.81],[97.21,24.84],[97.11,25.1],[96.97,25.16],[97.05,25.55],[97.32,25.81],[97.55,26.52],[97.47,26.52],[97.48,26.9],[97.16,27.16],[96.94,27.16],[96.89,27.29],[96.21,27.29],[95.58,26.77],[95.16,26.58],[95.08,26.19],[95.19,26],[94.88,25.55],[94.71,25.49],[94.74,24.84],[94.37,24.39],[94.21,23.94],[93.98,23.88],[93.85,24.01],[93.4,24.01],[93.42,23.17],[93.17,23.04],[93.16,22.46],[93.19,22.14],[93.03,22.08],[92.99,21.82],[93.09,21.5],[93.52,21.37],[93.78,21.11],[94.14,21.05],[94.1,20.79],[94.45,20.6],[94.84,19.7],[94.79,19.38],[94.96,18.99],[94.92,18.74],[95.16,18.35],[95.04,18.03],[95.07,17.71],[94.85,17.19],[94.57,16.81],[94.43,16.81],[94.35,16.81],[94.24,15.97],[94.81,15.84],[94.87,15.71],[95.34,15.91],[95.31,15.71],[95.61,15.71],[95.81,16.16],[96.03,16.16],[96.35,16.36],[96.37,16.49],[96.67,16.49],[96.92,16.74],[96.93,17.32],[97.05,17.13],[97.2,17.13],[97.16,16.87],[97.27,16.61],[97.4,16.49],[97.62,16.49],[97.55,15.97],[97.75,15.78],[97.77,14.81],[97.99,14.75],[97.88,14.49],[98.07,14.24],[98.11,13.91],[98.18,13.91],[98.54,14.49],[98.23,14.94],[98.26,15.2],[98.67,15.52],[98.67,16.04],[98.91,16.16],[98.93,16.36],[98.64,16.36],[98.63,16.81],[97.92,17.51],[97.8,17.71],[97.84,17.96],[98.29,18.03],[98.64,18.41],[99.58,18.29],[99.61,18.48],[99.76,18.48],[100.19,18.86],[100.57,18.93],[100.59,19.06],[100.75,19.12],[100.63,19.31],[100.66,19.51]]]},"properties":{"NAME":"First Toungoo Empire","C":1,"name":"First Toungoo Empire","start_year":1619,"end_year":1652,"capital":"","type":"polity","region":"","event":"","source":"Cliopatria / Seshat Global History Databank (CC BY 4.0)","wikipedia":"First Toungoo Empire","wikidata":"Q23039102","_a":104,"_c":[96.87,20.6],"_nz":"东吁第一帝国","_sz":""}},
{"type":"Feature","geometry":{"type":"Polygon","coordinates":[[[110.37,-2.93],[110.52,-2.93],[110.33,-1.39],[110.26,-1.39],[110.25,-1.06],[109.88,-0.94],[109.81,-1.06],[109.89,-1.32],[109.9,-1.64],[109.75,-1.71],[109.76,-1.9],[109.98,-2.03],[110.09,-3.06],[110.37,-2.93]]]},"properties":{"NAME":"Sultanate of Sukadana","C":0,"name":"Sultanate of Sukadana","start_year":1619,"end_year":1829,"capital":"","type":"polity","region":"","event":"","source":"Cliopatria / Seshat Global History Databank (CC BY 4.0)","wikipedia":"Tanjungpura Kingdom","wikidata":"Q3446232","_a":2,"_c":[110.1,-2],"_nz":"苏卡达纳苏丹国","_sz":""}},
{"type":"Feature","geometry":{"type":"Polygon","coordinates":[[[109.48,1.96],[109.34,2.02],[109.19,1.89],[109.11,1.64],[108.88,1.51],[108.79,0.93],[109.31,1.12],[109.46,1.25],[109.54,1.57],[109.61,1.57],[109.48,1.96]]]},"properties":{"NAME":"Sultanate of Sambas","C":9,"name":"Sultanate of Sambas","start_year":1619,"end_year":1819,"capital":"","type":"polity","region":"","event":"","source":"Cliopatria / Seshat Global History Databank (CC BY 4.0)","wikipedia":"Sultanate of Sambas","wikidata":"Q3109927","_a":1,"_c":[109.24,1.48],"_nz":"三发苏丹国","_sz":""}},
{"type":"Feature","geometry":{"type":"Polygon","coordinates":[[[109.22,0.74],[109,0.74],[108.85,0.61],[108.71,0.67],[108.77,0.29],[108.91,0.16],[109.36,0.48],[109.36,0.61],[109.22,0.74]]]},"properties":{"NAME":"Sultanate of Mempawah","C":4,"name":"Sultanate of Mempawah","start_year":1619,"end_year":1824,"capital":"","type":"polity","region":"","event":"","source":"Cliopatria / Seshat Global History Databank (CC BY 4.0)","wikipedia":"Mempawah Kingdom","wikidata":"Q19746028","_a":0,"_c":[109.04,0.45],"_nz":"孟巴瓦苏丹国","_sz":""}},
{"type":"Feature","geometry":{"type":"Polygon","coordinates":[[[109.24,-6.85],[109.16,-6.79],[108.87,-6.79],[108.5,-6.72],[108.26,-6.27],[107.53,-6.21],[107.37,-6.01],[106.86,-5.95],[107.01,-6.01],[107.17,-6.4],[107.25,-6.4],[107.27,-6.79],[108.1,-7.3],[108.12,-7.56],[107.99,-7.81],[108.28,-7.88],[108.56,-7.69],[108.78,-7.69],[109.82,-7.94],[109.89,-7.94],[110.01,-7.56],[109.49,-7.36],[109.4,-7.11],[109.25,-7.04],[109.24,-6.85]]]},"properties":{"NAME":"Sultanate of Cirebon","C":0,"name":"Sultanate of Cirebon","start_year":1619,"end_year":1672,"capital":"","type":"polity","region":"","event":"","source":"Cliopatria / Seshat Global History Databank (CC BY 4.0)","wikipedia":"Sultanate of Cirebon","wikidata":"Q2077648","_a":6,"_c":[108.43,-6.91],"_nz":"井里汶苏丹国","_sz":""}},
{"type":"Feature","geometry":{"type":"Polygon","coordinates":[[[102.74,12.05],[102.84,12.31],[102.41,13.01],[102.39,13.53],[102.71,13.72],[102.9,14.11],[103.23,14.36],[103.45,14.36],[103.61,14.49],[103.29,14.81],[103.23,15.52],[103.05,15.78],[103.06,16.36],[103.23,16.55],[102.1,16.87],[101.87,16.81],[101.61,17.06],[101.47,17.06],[101.31,17.51],[101.02,17.51],[101.27,18.22],[101.13,18.29],[101.18,18.61],[101.35,18.74],[101.4,19.06],[101.18,19.57],[100.66,19.51],[100.63,19.31],[100.75,19.12],[100.59,19.06],[100.57,18.93],[100.19,18.86],[99.76,18.48],[99.61,18.48],[99.58,18.29],[98.64,18.41],[98.29,18.03],[97.84,17.96],[97.8,17.71],[97.92,17.51],[98.63,16.81],[98.64,16.36],[98.93,16.36],[98.91,16.16],[98.67,16.04],[98.67,15.52],[98.26,15.2],[98.23,14.94],[98.54,14.49],[98.18,13.91],[98.17,13.85],[98.54,13.21],[98.52,13.01],[98.65,12.82],[98.61,11.73],[98.76,11.73],[98.65,11.41],[98.7,11.09],[98.6,10.83],[98.45,10.76],[98.51,9.8],[98.13,8.71],[98.21,7.74],[98.43,7.81],[98.38,8.13],[98.47,8.32],[98.62,8.32],[98.67,8.06],[98.95,7.94],[98.94,7.68],[99.22,7.61],[99.28,7.29],[99.49,7.29],[99.48,7.1],[99.63,7.1],[99.61,6.84],[99.95,6.52],[100.03,6.52],[100.33,6.65],[100.89,6.26],[100.97,6.46],[101.2,6.59],[101.15,6.91],[100.85,6.91],[100.65,7.16],[100.51,7.16],[100.53,7.49],[100.34,7.87],[100.3,8.39],[100.09,8.45],[99.96,8.71],[99.93,9.29],[99.64,9.35],[99.34,9.22],[99.29,9.54],[99.16,9.67],[99.31,10.64],[99.48,10.83],[99.6,11.41],[99.85,11.73],[99.88,11.99],[100.03,12.05],[100.1,13.4],[100.56,13.53],[100.99,13.46],[100.83,12.63],[101.55,12.56],[101.79,12.69],[102.11,12.31],[102.26,12.31],[102.22,11.99],[102.44,11.99],[102.6,12.11],[102.74,12.05]]]},"properties":{"NAME":"Ayutthaya Kingdom","C":9,"name":"Ayutthaya Kingdom","start_year":1619,"end_year":1661,"capital":"","type":"polity","region":"","event":"","source":"Cliopatria / Seshat Global History Databank (CC BY 4.0)","wikipedia":"Ayutthaya Kingdom","wikidata":"Q841364","_a":77,"_c":[100.71,12.92],"_nz":"阿瑜陀耶王国","_sz":""}},
{"type":"Feature","geometry":{"type":"MultiPolygon","coordinates":[[[[107.99,-7.81],[108.12,-7.56],[108.1,-7.3],[107.27,-6.79],[107.25,-6.4],[107.17,-6.4],[107.01,-6.01],[106.86,-5.95],[106.73,-6.34],[106.3,-6.4],[106.35,-5.95],[105.91,-5.89],[105.7,-6.08],[105.71,-6.34],[105.43,-6.53],[105.37,-6.85],[105.89,-6.85],[106.33,-7.04],[106.28,-7.43],[106.43,-7.49],[107.16,-7.49],[107.91,-7.81],[107.99,-7.81]]],[[[104.37,-4.15],[104.09,-4.34],[103.58,-4.41],[102.99,-4.09],[102.68,-3.7],[102.02,-3.64],[102.18,-4.02],[103.09,-4.79],[103.23,-4.79],[103.76,-5.18],[103.92,-5.5],[104.14,-5.56],[104.15,-5.69],[104.45,-5.95],[104.6,-5.95],[104.51,-5.56],[104.81,-5.76],[105.17,-5.76],[105.23,-5.56],[105.39,-5.82],[105.76,-5.82],[105.73,-5.24],[105.8,-5.24],[105.78,-4.73],[105.85,-4.73],[105.76,-4.15],[105.23,-3.7],[104.94,-3.89],[104.95,-4.02],[104.37,-4.15]]]]},"properties":{"NAME":"Sultanate of Banten","C":10,"name":"Sultanate of Banten","start_year":1619,"end_year":1676,"capital":"","type":"polity","region":"","event":"","source":"Cliopatria / Seshat Global History Databank (CC BY 4.0)","wikipedia":"Banten Sultanate","wikidata":"Q734867","_a":25,"_c":[105.07,-5.72],"_nz":"万丹苏丹国","_sz":""}},
{"type":"Feature","geometry":{"type":"MultiPolygon","coordinates":[[[[112.85,-8.39],[113.21,-8.33],[113.44,-8.52],[113.89,-8.65],[114.18,-8.65],[114.27,-8.84],[114.49,-8.84],[114.3,-8.33],[114.41,-7.81],[114.26,-7.69],[113.74,-7.69],[113.76,-7.88],[113.62,-7.94],[112.74,-7.94],[112.68,-8.14],[112.85,-8.39]]],[[[112.52,-6.85],[112.24,-6.91],[112.41,-7.43],[112.71,-7.49],[112.54,-7.17],[112.52,-6.85]]]]},"properties":{"NAME":"Blambangan Kingdom","C":6,"name":"Blambangan Kingdom","start_year":1622,"end_year":1740,"capital":"","type":"polity","region":"","event":"","source":"Cliopatria / Seshat Global History Databank (CC BY 4.0)","wikipedia":"Blambangan Kingdom","wikidata":"Q287996","_a":4,"_c":[113.37,-7.84],"_nz":"巴兰班甘王国","_sz":""}},
{"type":"Feature","geometry":{"type":"Polygon","coordinates":[[[26.1,45.63],[26.44,45.76],[26.48,46.15],[25.94,46.55],[25.97,46.81],[25.73,46.87],[25.67,47.14],[25.02,47.2],[25.03,47.4],[24.88,47.53],[24.91,47.8],[24.59,47.93],[24.69,48.13],[24.37,48.26],[24.38,48.39],[24.05,48.46],[23.83,48.72],[23.09,48.85],[22.78,49.12],[22.44,49.05],[22.34,48.79],[21.74,48.65],[21.64,48.39],[21.47,48.32],[21.46,48.13],[21.03,47.93],[20.85,47.66],[20.68,47.66],[20.82,47.2],[21.14,47.14],[21.13,46.94],[21.37,46.81],[21.62,46.81],[21.76,46.55],[22.41,46.48],[22.48,46.28],[22.38,46.02],[21.53,45.56],[21.52,45.37],[21.84,45.3],[22.14,44.97],[22.55,44.97],[22.74,45.3],[23.14,45.24],[23.47,45.37],[23.48,45.5],[25.04,45.63],[25.35,45.37],[25.44,45.5],[25.85,45.5],[26.1,45.63]]]},"properties":{"NAME":"Principality of Transylvania","C":9,"name":"Principality of Transylvania","start_year":1622,"end_year":1661,"capital":"","type":"polity","region":"","event":"","source":"Cliopatria / Seshat Global History Databank (CC BY 4.0)","wikipedia":"Principality of Transylvania (1570-1711)","wikidata":"Q655621","_a":24,"_c":[23.58,47.05],"_nz":"特兰西瓦尼亚公国","_sz":""}},
{"type":"Feature","geometry":{"type":"MultiPolygon","coordinates":[[[[104.34,0.03],[104.34,-0.29],[104.12,-0.36],[104.13,-0.61],[104.42,-0.68],[104.49,-0.36],[104.92,-0.36],[104.92,-0.23],[104.55,0.03],[104.34,0.03]]],[[[104.44,-1.64],[104.21,-1],[103.62,-1],[103.33,-0.74],[103.32,-0.42],[103.61,-0.36],[103.61,-0.23],[103.75,-0.04],[103.6,0.35],[103.32,0.54],[103.1,0.54],[102.95,0.41],[102.96,0.8],[103.11,0.93],[102.83,1.12],[102.39,1.12],[102.41,1.57],[101.82,1.57],[101.69,1.76],[101.7,2.09],[101.41,2.15],[101.26,2.02],[100.91,2.34],[100.69,2.34],[100.68,2.15],[100.39,2.21],[100.26,2.47],[100.25,2.21],[100.16,1.83],[100.3,1.76],[100.37,1.57],[100.07,1.38],[99.99,1.19],[99.89,0.48],[100.04,0.35],[100.26,0.41],[100.61,0.22],[100.7,0.03],[100.63,-0.16],[100.78,-0.42],[101.37,-0.87],[101.66,-0.94],[101.74,-1.19],[102.1,-1.32],[102.7,-1.9],[102.99,-1.96],[103.15,-2.41],[103.29,-2.41],[103.43,-2.09],[103.86,-1.77],[104.44,-1.64]]],[[[103.18,0.86],[103.18,0.67],[103.39,0.67],[103.4,0.86],[103.18,0.86]]],[[[104.21,1.19],[104.13,0.93],[104.28,0.93],[104.34,0.8],[104.49,0.8],[104.57,1.12],[104.21,1.19]]],[[[103.77,1.12],[103.77,0.93],[104.06,0.99],[104.07,1.19],[103.92,1.25],[103.77,1.12]]],[[[104.06,2.92],[103.98,2.73],[104.2,2.73],[104.21,2.86],[104.06,2.92]]],[[[102.42,2.02],[102.63,1.76],[103.06,1.64],[103.28,1.44],[103.27,1.31],[103.56,1.38],[103.63,1.25],[103.85,1.25],[103.93,1.38],[104.22,1.38],[104.23,1.7],[103.95,2.09],[103.83,2.54],[103.4,2.86],[103.37,3.63],[103.48,4.4],[103.17,5.36],[102.48,6.01],[102.4,6.01],[102.25,5.88],[102.23,5.49],[102.49,5.04],[102.19,4.91],[101.69,4.98],[101.53,4.85],[101.43,4.27],[101.57,4.21],[101.7,3.89],[101.7,3.76],[101.84,3.63],[101.89,3.18],[102.1,3.05],[102.39,2.99],[102.67,2.73],[102.58,2.41],[102.42,2.02]]],[[[108.04,3.82],[108.1,3.63],[108.32,3.69],[108.34,4.08],[107.98,4.14],[107.9,3.89],[108.04,3.82]]]]},"properties":{"NAME":"Sultanate of Johor","C":10,"name":"Sultanate of Johor","start_year":1626,"end_year":1669,"capital":"","type":"polity","region":"","event":"","source":"Cliopatria / Seshat Global History Databank (CC BY 4.0)","wikipedia":"Johor Sultanate","wikidata":"Q1150344","_a":71,"_c":[104.1,1.8],"_nz":"柔佛苏丹国","_sz":""}},
{"type":"Feature","geometry":{"type":"MultiPolygon","coordinates":[[[[119.6,-8.84],[119.75,-8.91],[120.62,-8.84],[120.87,-8.33],[120.06,-8.26],[120,-8.39],[119.71,-8.46],[119.6,-8.84]]],[[[119.21,-8.52],[119.29,-8.65],[119.51,-8.59],[119.42,-8.39],[119.27,-8.39],[119.21,-8.52]]],[[[118.65,-8.78],[119.08,-8.71],[118.9,-8.26],[118.54,-8.33],[118.65,-8.78]]]]},"properties":{"NAME":"Sultanate of Bima","C":11,"name":"Sultanate of Bima","start_year":1626,"end_year":1865,"capital":"","type":"polity","region":"","event":"","source":"Cliopatria / Seshat Global History Databank (CC BY 4.0)","wikipedia":"Bima Sultanate","wikidata":"Q2817348","_a":2,"_c":[119.71,-8.59],"_nz":"比马苏丹国","_sz":""}},
{"type":"Feature","geometry":{"type":"Polygon","coordinates":[[[113.74,-7.69],[113.09,-7.75],[112.79,-7.62],[112.69,-7.24],[113.28,-7.3],[113.78,-7.17],[113.91,-6.85],[112.67,-6.91],[112.52,-6.85],[112.16,-6.91],[111.94,-6.79],[111.64,-6.79],[111.49,-6.59],[111.05,-6.66],[110.89,-6.4],[110.53,-6.46],[110.34,-6.91],[109.24,-6.85],[109.25,-7.04],[109.4,-7.11],[109.49,-7.36],[110.01,-7.56],[109.89,-7.94],[109.9,-8.01],[110.65,-8.26],[112.85,-8.46],[112.85,-8.39],[112.68,-8.14],[112.74,-7.94],[113.62,-7.94],[113.76,-7.88],[113.74,-7.69]]]},"properties":{"NAME":"Mataram Sultanate","C":8,"name":"Mataram Sultanate","start_year":1626,"end_year":1676,"capital":"","type":"polity","region":"","event":"","source":"Cliopatria / Seshat Global History Databank (CC BY 4.0)","wikipedia":"Mataram Sultanate","wikidata":"Q402145","_a":10,"_c":[111.62,-7.43],"_nz":"马打兰苏丹国","_sz":""}},
{"type":"Feature","geometry":{"type":"Polygon","coordinates":[[[58.37,23.69],[58.3,23.69],[57.06,24.07],[56.73,24.46],[56.54,24.91],[56.4,24.97],[56.4,25.68],[56.54,26.32],[56.33,26.39],[56.08,26.19],[55.97,25.87],[55.41,25.55],[55.06,24.97],[55.42,24.84],[55.4,24.65],[55.65,24.14],[55.89,23.43],[56.17,23.3],[56.23,23.04],[56.44,22.91],[56.63,22.53],[56.85,22.46],[57.19,22.14],[57.48,22.08],[58.24,22.27],[58.74,21.95],[59.28,21.31],[59.86,22.08],[59.9,22.53],[59.54,22.66],[59.27,22.91],[59.27,22.98],[59.05,22.91],[58.91,23.04],[58.54,23.11],[58.27,23.43],[58.37,23.69]]]},"properties":{"NAME":"Yarubid dynasty","C":10,"name":"Yarubid dynasty","start_year":1626,"end_year":1652,"capital":"","type":"polity","region":"","event":"","source":"Cliopatria / Seshat Global History Databank (CC BY 4.0)","wikipedia":"Ya'rubids","wikidata":"Q1752110","_a":25,"_c":[57.48,23.85],"_nz":"亚里巴王朝","_sz":""}},
{"type":"Feature","geometry":{"type":"MultiPolygon","coordinates":[[[[109.69,1.57],[110.04,1.38],[110.77,1.25],[110.91,1.12],[111.49,1.12],[111.38,1.96],[111.6,2.09],[111.62,2.54],[112.65,2.73],[114.73,3.63],[114.96,3.82],[115.2,4.34],[115.35,4.4],[115.6,4.91],[115.75,4.98],[115.84,5.3],[115.99,5.36],[116.41,6.07],[116.77,6.01],[116.82,5.75],[116.96,5.69],[117.68,4.27],[118.48,4.27],[118.57,4.53],[118.43,4.72],[118.14,4.79],[118.16,4.98],[119.03,4.98],[119.26,5.17],[119.27,5.36],[119.14,5.49],[118.56,5.62],[118.36,5.88],[118.06,5.81],[118.01,6.07],[117.64,5.94],[117.75,6.46],[117.26,6.78],[117.2,7.04],[116.9,6.91],[116.84,7.04],[116.69,7.04],[116.35,6.39],[116.05,6.2],[115.79,5.62],[115.5,5.62],[115.35,5.49],[115.26,5.3],[115.47,5.11],[115.31,4.98],[114.74,5.04],[114.28,4.66],[113.91,4.59],[113.66,4.01],[113.2,3.69],[113.11,3.37],[112.81,3.11],[111.71,2.92],[111.26,2.73],[111.25,2.41],[111.1,2.41],[111.16,2.15],[111.01,2.02],[110.92,1.51],[110.49,1.57],[110.28,1.83],[109.98,1.7],[109.48,1.96],[109.61,1.57],[109.69,1.57]]],[[[117.21,7.16],[117.23,7.36],[117.01,7.36],[116.99,7.1],[117.21,7.16]]],[[[117.28,8.84],[117.09,8.32],[117.85,8.71],[118.02,8.96],[118.73,9.48],[118.85,9.99],[118.72,10.12],[118.22,9.48],[117.28,8.84]]]]},"properties":{"NAME":"Sultanate of Brunei","C":5,"name":"Sultanate of Brunei","start_year":1629,"end_year":1672,"capital":"","type":"polity","region":"","event":"","source":"Cliopatria / Seshat Global History Databank (CC BY 4.0)","wikipedia":"Bruneian Sultanate (1368-1888)","wikidata":"Q887803","_a":88,"_c":[114.38,5.62],"_nz":"文莱苏丹国","_sz":""}},
{"type":"Feature","geometry":{"type":"Polygon","coordinates":[[[92.59,39.26],[92.69,39.71],[92.12,40.03],[92.09,40.16],[90.75,40.55],[90.63,41],[90.49,41.07],[90.46,41.72],[90.22,41.91],[86.75,42.56],[85.76,42.69],[85.79,42.76],[84.11,42.76],[82.06,42.24],[80.29,42.43],[80.14,42.04],[78.77,41.59],[77.31,40.61],[77.27,40.48],[76.99,40.36],[76.72,40.03],[75.78,39.32],[74.4,38.67],[73.96,38.55],[73.75,38.61],[73.63,38.22],[73.7,37.9],[73.66,37.51],[73.78,37.38],[73.69,37.06],[73.8,36.87],[74.11,36.87],[74.55,37.06],[75.31,37],[75.41,36.8],[75.78,36.74],[75.96,36.55],[75.97,36.03],[76.09,35.9],[76.56,35.9],[76.72,35.64],[77.07,35.52],[77.98,35.45],[78.09,35.58],[78.33,35.58],[78.48,35.84],[78.65,35.9],[79.44,35.97],[79.74,35.64],[80.22,35.45],[81.48,35.52],[81.67,35.39],[82.02,35.52],[82.35,35.84],[82.74,35.84],[82.81,35.58],[83.28,35.58],[83.88,35.77],[84.63,35.71],[85,35.9],[85.7,35.9],[85.89,35.77],[86.24,35.9],[86.52,36.29],[86.8,36.42],[87.24,36.35],[88.67,36.67],[89.71,36.55],[89.83,36.42],[90.26,36.55],[91.25,36.48],[91.39,36.67],[91.36,36.8],[90.94,36.93],[91,37.13],[91.46,37.32],[91.53,37.51],[91.45,37.71],[91.28,37.9],[90.94,38.03],[91.04,38.29],[90.88,38.48],[90.95,38.67],[92.59,39.26]]]},"properties":{"NAME":"Eastern Moghulistan","C":9,"name":"Eastern Moghulistan","start_year":1636,"end_year":1682,"capital":"","type":"polity","region":"","event":"","source":"Cliopatria / Seshat Global History Databank (CC BY 4.0)","wikipedia":"Moghulistan","wikidata":"Q1191125","_a":141,"_c":[83.16,39.08],"_nz":"东莫卧儿斯坦","_sz":""}},
{"type":"Feature","geometry":{"type":"Polygon","coordinates":[[[88.95,27.42],[88.8,27.09],[88.99,26.9],[89.5,26.84],[89.7,26.71],[90,26.71],[90.34,26.9],[90.57,26.9],[90.69,26.77],[91.82,26.77],[92.07,26.9],[92.11,27.42],[91.68,27.54],[91.77,27.93],[91.65,28.06],[91.21,28.12],[91.03,27.99],[90.83,28.12],[90.38,28.12],[90.42,28.32],[90.2,28.32],[89.89,28.32],[89.55,28.12],[88.95,27.42]]]},"properties":{"NAME":"Kingdom of Bhutan","C":2,"name":"Kingdom of Bhutan","start_year":1636,"end_year":1682,"capital":"","type":"polity","region":"","event":"","source":"Cliopatria / Seshat Global History Databank (CC BY 4.0)","wikipedia":"Bhutan","wikidata":"Q917","_a":5,"_c":[90.46,27.52],"_nz":"不丹王国","_sz":""}},
{"type":"Feature","geometry":{"type":"Polygon","coordinates":[[[86.75,42.56],[87.55,44.19],[88.27,44.71],[89.93,45.3],[90.69,45.69],[90.99,46.15],[90.93,46.35],[91.03,46.55],[90.17,47.8],[89.71,47.86],[89.61,47.99],[89.03,47.99],[88.94,48.13],[88.64,48.19],[88.62,48.32],[88.06,48.52],[87.9,48.85],[87.73,48.85],[87.78,49.12],[87.33,49.05],[87.19,49.25],[86.75,49.38],[86.61,49.58],[86.57,49.52],[85.94,49.58],[85.97,49.65],[85.22,49.65],[84.5,49.38],[84.19,48.92],[83.84,48.72],[82.39,48.65],[81.94,48.39],[80.55,48.26],[80.1,47.99],[79.92,47.6],[79.39,47.14],[79.28,46.87],[79.25,46.61],[79.09,46.61],[78.97,46.35],[78.46,46.28],[77.8,46.28],[77.83,46.35],[77.39,46.48],[75.45,46.55],[75.32,46.41],[74.88,46.35],[74.75,46.02],[74.32,45.96],[74.12,45.43],[74.25,45.37],[74.05,45.04],[74.1,44.32],[74.23,43.8],[74.34,43.67],[74.33,43.41],[74.03,42.82],[73.38,42.11],[73.61,41.85],[73.63,41.46],[73.82,41.07],[73.73,40.81],[73.85,40.68],[73.4,39.51],[73.69,39.45],[73.61,39.19],[73.79,39],[73.75,38.61],[73.96,38.55],[74.4,38.67],[75.78,39.32],[76.72,40.03],[76.99,40.36],[77.27,40.48],[77.31,40.61],[78.77,41.59],[80.14,42.04],[80.29,42.43],[82.06,42.24],[84.11,42.76],[85.79,42.76],[85.76,42.69],[86.75,42.56]]]},"properties":{"NAME":"Oirat Confederation","C":8,"name":"Oirat Confederation","start_year":1636,"end_year":1658,"capital":"","type":"polity","region":"","event":"","source":"Cliopatria / Seshat Global History Databank (CC BY 4.0)","wikipedia":"Oirat Confederation","wikidata":"Q4332415","_a":196,"_c":[82.21,44.1],"_nz":"卫拉特联盟","_sz":""}},
{"type":"Feature","geometry":{"type":"Polygon","coordinates":[[[41.91,45.17],[42.74,44.84],[42.8,44.71],[43.11,44.65],[43.32,44.06],[43.28,43.86],[43.55,43.6],[43.74,43.73],[44.7,43.67],[44.72,43.8],[45.04,43.8],[46.08,43.34],[46.2,43.54],[46.72,43.73],[46.19,44.25],[46.64,45.24],[46.83,45.37],[46.9,45.69],[47.41,46.15],[47.25,46.55],[46.85,46.94],[46.69,46.94],[46.3,47.4],[45.37,47.66],[45.33,47.86],[45.06,47.8],[44.41,48.19],[43.77,48.32],[43.27,48.32],[42.49,48.13],[41.46,47.53],[41.29,47.07],[42.25,46.55],[42.42,46.15],[42.22,45.5],[41.91,45.17]]]},"properties":{"NAME":"Kalmyk Khanate","C":1,"name":"Kalmyk Khanate","start_year":1636,"end_year":1737,"capital":"","type":"polity","region":"","event":"","source":"Cliopatria / Seshat Global History Databank (CC BY 4.0)","wikipedia":"Kalmyk Khanate","wikidata":"Q4210248","_a":30,"_c":[44.35,45.83],"_nz":"卡尔梅克汗国","_sz":""}},
{"type":"Feature","geometry":{"type":"Polygon","coordinates":[[[84.5,49.38],[83.77,49.58],[83.92,49.71],[84.49,49.85],[84.83,50.18],[84.31,50.31],[84.06,50.65],[83.88,50.78],[82.48,50.85],[82.39,50.98],[81.36,51.11],[81.09,51.25],[80.41,51.25],[79.43,50.98],[79.33,51.11],[78.85,51.18],[78.75,51.31],[78.41,51.31],[78.23,51.45],[78.16,51.65],[77.8,51.78],[77.55,52.12],[77.38,52.12],[77.31,52.32],[77.14,52.32],[76.84,52.72],[76.91,52.86],[76.57,53.19],[76.94,53.73],[77.66,54.41],[77.51,54.61],[76.78,54.55],[75.56,54.21],[75.15,53.94],[74.77,53.87],[74.34,53.53],[74.2,53.6],[73.63,53.33],[73.34,53.26],[70.38,52.99],[68.55,52.92],[68.58,52.99],[67.41,53.06],[67.44,53.12],[66.47,53.26],[66.39,53.46],[65.87,53.46],[64.64,53.6],[63.87,54],[63.2,54.07],[63.18,54.21],[62.63,54.14],[62.48,54],[61.79,54],[61.82,53.87],[61.11,53.6],[60.94,53.39],[60.44,52.79],[59.93,51.92],[58.92,51.71],[57.96,51.65],[57.56,51.71],[57.44,51.85],[56.78,51.92],[56.58,52.05],[56.32,52.05],[54.84,52.18],[54.56,52.38],[54.24,52.45],[52.88,52.45],[52.58,52.32],[52.13,51.45],[52.05,50.65],[52.14,50.65],[51.92,49.91],[51.91,49.58],[52.02,49.38],[51.96,48.85],[52.05,48.59],[52.23,48.32],[52.26,48.13],[52.1,47.53],[52.18,47.53],[52.11,46.94],[53.11,47.01],[53.24,46.87],[53.27,46.35],[53.25,45.96],[53.07,45.89],[53.06,45.56],[53.42,45.37],[53.67,45.37],[53.88,45.56],[54.29,45.56],[54.22,45.3],[54.36,45.24],[54.3,44.97],[53.81,44.97],[53.88,45.24],[52.09,45.24],[51.88,45.37],[51.47,45.37],[51.06,45.04],[51.02,44.84],[51.47,44.71],[51.42,44.52],[50.86,44.52],[50.65,44.65],[50.22,44.58],[50.26,44.39],[50.73,44.32],[51.07,44.06],[51.04,43.93],[51.32,43.73],[51.31,43.34],[51.44,43.21],[51.77,43.28],[51.94,42.95],[52.42,42.95],[52.79,42.82],[52.74,42.63],[55.53,42.89],[55.99,42.82],[56.35,42.95],[57.33,43.02],[58.34,43.47],[58.19,43.8],[57.96,43.86],[58.07,44.25],[57.96,44.45],[58.27,45.24],[58.49,45.43],[58.64,45.96],[59.31,46.02],[59.49,46.35],[59.84,46.41],[60.12,46.81],[60.98,46.94],[61.64,46.94],[61.58,46.48],[61.25,45.96],[61.25,45.69],[61.34,45.43],[61.72,45.37],[61.58,44.91],[60.9,44.52],[60.88,44.45],[61.1,44.39],[61.76,43.6],[61.98,43.54],[62.04,43.47],[62,43.34],[62.22,43.28],[62.39,43.02],[63.73,42.43],[68.28,40.36],[68.72,40.48],[69.37,41.07],[70.55,41.26],[70.75,41.39],[70.81,41.59],[72.31,42.24],[72.74,42.11],[73.38,42.11],[74.03,42.82],[74.33,43.41],[74.34,43.67],[74.23,43.8],[74.1,44.32],[74.05,45.04],[73.74,45.3],[73.33,45.5],[73.63,46.28],[73.87,46.28],[73.95,46.48],[74.44,46.68],[74.6,46.87],[76.32,46.87],[76.35,46.74],[76.73,46.68],[77.91,46.74],[78.27,46.61],[78.43,46.81],[79.28,46.87],[79.39,47.14],[79.92,47.6],[80.1,47.99],[80.55,48.26],[81.94,48.39],[82.39,48.65],[83.84,48.72],[84.19,48.92],[84.5,49.38]]]},"properties":{"NAME":"Kazakh Khanate","C":6,"name":"Kazakh Khanate","start_year":1636,"end_year":1658,"capital":"","type":"polity","region":"","event":"","source":"Cliopatria / Seshat Global History Databank (CC BY 4.0)","wikipedia":"Kazakh Khanate","wikidata":"Q1433867","_a":493,"_c":[67.53,47.49],"_nz":"哈萨克汗国","_sz":""}},
{"type":"Feature","geometry":{"type":"Polygon","coordinates":[[[10.61,47.6],[11.19,47.4],[11.6,47.6],[12.51,47.66],[13,47.53],[12.92,47.73],[12.93,48.06],[13.18,48.06],[13.85,48.46],[13.77,48.59],[13.27,48.59],[13.19,48.85],[13.36,48.99],[13.11,49.25],[12.53,49.52],[12.37,49.71],[12.37,49.98],[12.12,50.18],[11.87,50.18],[11.7,49.91],[11.2,49.78],[11.28,49.52],[11.03,49.45],[11.03,49.25],[11.28,49.12],[11.03,48.99],[10.94,48.85],[10.61,48.92],[10.36,49.25],[10.03,49.12],[10.03,48.99],[10.28,48.85],[10.44,48.59],[10.53,48.26],[10.53,48.19],[10.45,47.8],[10.69,47.73],[10.61,47.6]]]},"properties":{"NAME":"Duchy of Bavaria","C":4,"name":"Duchy of Bavaria","start_year":1636,"end_year":1701,"capital":"","type":"polity","region":"","event":"","source":"Cliopatria / Seshat Global History Databank (CC BY 4.0)","wikipedia":"Duchy of Bavaria","wikidata":"Q47261","_a":11,"_c":[11.94,48.79],"_nz":"巴伐利亚公国","_sz":""}},
{"type":"Feature","geometry":{"type":"Polygon","coordinates":[[[22.88,10.89],[22.96,11.28],[22.6,11.54],[22.68,11.99],[22.54,12.05],[22.47,12.24],[22.47,12.63],[22.19,12.89],[22.28,13.91],[22.29,14.24],[22.46,15.39],[20.92,15.46],[20.32,15.26],[20.1,15.33],[20.03,15.14],[19.29,14.81],[19.21,14.69],[18.03,14.36],[14.95,14.36],[15.89,13.59],[15.89,13.46],[16.54,12.89],[16.61,12.37],[17.04,12.05],[17.04,11.92],[17.4,11.6],[17.55,11.6],[17.83,11.02],[17.83,10.76],[17.9,10.76],[19.15,11.02],[19.59,10.89],[19.73,10.89],[19.81,11.02],[22.88,10.89]]]},"properties":{"NAME":"Wadai Empire","C":10,"name":"Wadai Empire","start_year":1636,"end_year":1889,"capital":"","type":"polity","region":"","event":"","source":"Cliopatria / Seshat Global History Databank (CC BY 4.0)","wikipedia":"Wadai Empire","wikidata":"Q1132786","_a":38,"_c":[18.95,13.11],"_nz":"瓦达伊帝国","_sz":""}},
{"type":"Feature","geometry":{"type":"Polygon","coordinates":[[[41.91,45.17],[42.22,45.5],[42.42,46.15],[42.25,46.55],[41.29,47.07],[40.74,47.2],[40.6,47.33],[39.39,47.47],[39.53,47.33],[39.48,47.07],[39.22,47.01],[38.62,46.87],[38.49,46.61],[37.84,46.61],[37.9,46.48],[38.37,46.35],[38.33,46.15],[37.89,45.96],[37.76,45.63],[37.7,45.3],[36.97,45.3],[36.75,45.43],[36.78,45.1],[37.8,44.91],[38.53,44.91],[38.99,44.71],[39.95,44.65],[40.97,44.91],[41.07,45.04],[41.91,45.17]]]},"properties":{"NAME":"Small Horde","C":7,"name":"Small Horde","start_year":1636,"end_year":1669,"capital":"","type":"polity","region":"","event":"","source":"Cliopatria / Seshat Global History Databank (CC BY 4.0)","wikipedia":"Nogai Horde","wikidata":"Q631210","_a":16,"_c":[39.59,46.06],"_nz":"小帐汗国","_sz":""}},
{"type":"Feature","geometry":{"type":"Polygon","coordinates":[[[36.61,14.3],[36.49,15.07],[36.65,15.26],[36.91,16.1],[37.06,16.23],[37.01,16.74],[37.24,17],[37.02,17.06],[36.21,17.06],[35.93,17.39],[35.78,17.39],[35.5,17.64],[35.37,17.96],[35.22,18.03],[33.43,17.45],[31.5,17.32],[31.64,17.06],[31.47,16.42],[27.28,16.55],[27.37,14.69],[27.65,14.36],[27.79,13.98],[27.77,13.53],[27.39,13.01],[27.37,11.92],[27.44,11.92],[27.5,11.34],[27.57,11.34],[29.18,11.09],[31.45,11.28],[31.88,11.02],[32.25,11.02],[32.54,10.89],[35.03,11.09],[35.03,11.15],[35.21,11.99],[35.35,12.05],[35.59,12.5],[35.82,12.69],[36.18,12.76],[36.26,12.89],[36.28,13.4],[36.52,13.79],[36.61,14.3]]]},"properties":{"NAME":"Funj Sultanate","C":6,"name":"Funj Sultanate","start_year":1636,"end_year":1768,"capital":"","type":"polity","region":"","event":"","source":"Cliopatria / Seshat Global History Databank (CC BY 4.0)","wikipedia":"Funj Sultanate","wikidata":"Q1475713","_a":71,"_c":[32.26,14.46],"_nz":"丰吉苏丹国","_sz":""}},
{"type":"Feature","geometry":{"type":"Polygon","coordinates":[[[73.75,38.61],[73.79,39],[73.61,39.19],[73.69,39.45],[73.4,39.51],[73.85,40.68],[73.73,40.81],[73.82,41.07],[73.63,41.46],[73.61,41.85],[73.38,42.11],[72.74,42.11],[72.31,42.24],[70.81,41.59],[70.75,41.39],[70.55,41.26],[69.37,41.07],[68.72,40.48],[68.28,40.36],[63.73,42.43],[63.22,41.78],[62.38,41.33],[62.37,41],[62.3,40.74],[62.4,40.55],[62.32,40.23],[62.69,39.84],[62.65,39.71],[63.09,39.26],[63.25,39.26],[63.42,39],[63.84,38.8],[64.01,38.55],[64.37,38.42],[64.66,38.03],[65.24,37.84],[65.63,37.51],[65.94,37.51],[65.91,37.38],[66.17,37.19],[66.22,36.74],[66.36,36.67],[66.33,36.22],[66.96,36.29],[67.38,36.1],[68.42,36.22],[68.62,36.1],[68.88,36.8],[68.68,36.93],[68.71,37.06],[68.51,37.19],[69.01,37.32],[69.12,37.13],[69.35,37.13],[69.55,37.58],[70.08,37.51],[70.27,37.64],[70.16,37.84],[70.21,38.03],[70.71,38.42],[71.18,38.42],[71.36,38.22],[71.27,37.9],[71.57,37.84],[71.42,37],[71.58,36.74],[71.89,36.74],[72.68,37.06],[72.99,37.32],[73.66,37.51],[73.7,37.9],[73.63,38.22],[73.75,38.61]]]},"properties":{"NAME":"Khanate of Bukhara","C":7,"name":"Khanate of Bukhara","start_year":1636,"end_year":1686,"capital":"","type":"polity","region":"","event":"","source":"Cliopatria / Seshat Global History Databank (CC BY 4.0)","wikipedia":"Khanate of Bukhara","wikidata":"Q577668","_a":73,"_c":[68.07,39.27],"_nz":"布哈拉汗国","_sz":""}},
{"type":"Feature","geometry":{"type":"Polygon","coordinates":[[[14.95,14.36],[14.87,14.36],[14.22,14.94],[14.14,14.94],[14,15.2],[13.85,15.14],[13.27,15.46],[12.02,15.59],[11.35,15.26],[10.98,14.69],[10.68,13.34],[10.9,13.08],[10.97,12.69],[11.26,12.18],[11.62,11.86],[11.91,11.21],[12.05,11.15],[12.05,10.96],[12.27,11.02],[12.93,10.7],[13.07,10.44],[13.29,10.44],[13.36,10.25],[13.28,9.99],[13.5,9.41],[14.22,9.29],[15.54,9.35],[15.69,9.22],[15.76,9.35],[16.2,9.29],[16.49,9.41],[17.16,9.99],[17.38,10.44],[17.68,10.44],[17.61,10.57],[17.83,10.76],[17.83,11.02],[17.55,11.6],[17.4,11.6],[17.04,11.92],[17.04,12.05],[16.61,12.37],[16.54,12.89],[15.89,13.46],[15.89,13.59],[14.95,14.36]]]},"properties":{"NAME":"Bornu Empire","C":0,"name":"Bornu Empire","start_year":1636,"end_year":1804,"capital":"","type":"polity","region":"","event":"","source":"Cliopatria / Seshat Global History Databank (CC BY 4.0)","wikipedia":"Kanem-Bornu Empire","wikidata":"Q1139762","_a":46,"_c":[14.26,12.41],"_nz":"博尔努帝国","_sz":""}},
{"type":"Feature","geometry":{"type":"Polygon","coordinates":[[[27.5,11.34],[27.44,11.92],[27.37,11.92],[27.39,13.01],[27.77,13.53],[27.79,13.98],[27.65,14.36],[27.37,14.69],[27.28,16.55],[27.2,16.55],[25.57,16.29],[24.23,15.71],[22.91,15.71],[22.61,15.59],[22.46,15.39],[22.29,14.24],[22.28,13.91],[22.19,12.89],[22.47,12.63],[22.47,12.24],[22.54,12.05],[22.68,11.99],[22.6,11.54],[22.96,11.28],[22.88,10.89],[22.88,10.83],[23.61,10.83],[24.71,11.21],[26.99,11.41],[27.43,11.34],[27.5,11.34]]]},"properties":{"NAME":"Sultanate of Darfur","C":10,"name":"Sultanate of Darfur","start_year":1636,"end_year":1821,"capital":"","type":"polity","region":"","event":"","source":"Cliopatria / Seshat Global History Databank (CC BY 4.0)","wikipedia":"Sultanate of Darfur","wikidata":"Q1474791","_a":32,"_c":[24.99,13.69],"_nz":"达尔富尔苏丹国","_sz":""}},
{"type":"Feature","geometry":{"type":"Polygon","coordinates":[[[80.89,6.01],[81.34,6.14],[81.72,6.46],[81.88,6.71],[81.91,7.29],[81.69,7.29],[81.42,7.61],[81.43,7.81],[81.65,7.87],[81.51,8],[81.39,8.39],[81.09,8.32],[81.04,8.58],[81.19,8.64],[81.06,8.9],[80.75,8.71],[80.53,8.64],[80.37,8.51],[80.47,7.68],[80.61,7.55],[80.52,7.29],[80.37,7.23],[80.36,7.04],[80.51,6.97],[80.5,6.84],[80.71,6.78],[80.69,6.39],[80.84,6.33],[80.89,6.01]]]},"properties":{"NAME":"Portuguese Ceylon","C":7,"name":"Portuguese Ceylon","start_year":1636,"end_year":1658,"capital":"","type":"polity","region":"","event":"","source":"Cliopatria / Seshat Global History Databank (CC BY 4.0)","wikipedia":"Portuguese Ceylon","wikidata":"Q1709007","_a":4,"_c":[81.13,7.46],"_nz":"葡属锡兰","_sz":""}},
{"type":"Feature","geometry":{"type":"Polygon","coordinates":[[[35.03,11.15],[35.25,11.02],[35.24,10.64],[35.45,10.51],[36.11,10.64],[36.4,10.57],[36.47,10.31],[36.62,10.38],[36.69,10.25],[37.27,10.25],[37.42,10.19],[37.47,9.61],[37.17,9.29],[37.08,8.96],[37.36,8.51],[37.28,8.32],[37.5,8.26],[37.49,8],[37.27,7.94],[37.18,7.36],[37.47,7.29],[37.54,7.16],[37.91,7.16],[38.12,7.04],[38.27,7.23],[38.42,7.23],[38.49,7.1],[38.64,7.16],[38.7,6.84],[38.55,6.71],[39.06,6.46],[39.05,6.14],[39.19,6.07],[39.26,5.81],[39.61,5.56],[39.76,5.62],[39.83,5.43],[40.27,5.43],[40.71,5.81],[41,5.75],[41.14,5.56],[41.29,5.62],[41.3,5.94],[40.8,6.33],[40.81,6.52],[40.95,6.52],[41.03,6.78],[41.18,6.84],[41.25,6.52],[41.6,6.2],[41.75,6.33],[41.68,6.52],[41.76,6.65],[42.05,6.65],[42.14,7.04],[42.29,7.16],[42.29,7.42],[42.08,7.61],[42.09,8],[42.34,8.71],[42.19,8.71],[41.99,9.29],[41.71,9.54],[41.86,9.74],[41.73,10.12],[41.76,10.89],[41.9,10.89],[41.86,11.66],[42.4,12.37],[42.41,12.56],[42.27,12.69],[42.86,12.95],[42.58,13.27],[42.44,13.27],[42.31,13.66],[42.16,13.66],[41.88,13.98],[41.66,14.04],[41.32,14.62],[40.82,14.75],[40.68,15.01],[40.31,14.94],[39.97,15.52],[39.82,15.52],[39.74,15.26],[39.3,15.39],[39.1,15.78],[39.11,15.91],[39.26,16.04],[39.33,16.04],[39.28,16.55],[39.08,16.94],[38.68,16.29],[38.53,16.23],[38.29,15.71],[38.14,15.65],[37.96,14.94],[36.84,14.62],[36.61,14.43],[36.61,14.3],[36.52,13.79],[36.28,13.4],[36.26,12.89],[36.18,12.76],[35.82,12.69],[35.59,12.5],[35.35,12.05],[35.21,11.99],[35.03,11.15]]]},"properties":{"NAME":"Ethiopian Empire","C":11,"name":"Ethiopian Empire","start_year":1636,"end_year":1768,"capital":"","type":"polity","region":"","event":"","source":"Cliopatria / Seshat Global History Databank (CC BY 4.0)","wikipedia":"Ethiopian Empire","wikidata":"Q207521","_a":90,"_c":[38.95,11.19],"_nz":"埃塞俄比亚帝国","_sz":""}},
{"type":"Feature","geometry":{"type":"Polygon","coordinates":[[[-75.12,39.77],[-75.2,39.97],[-75.86,39.84],[-75.75,39.58],[-75.48,39.32],[-75.14,39.26],[-75.35,39.58],[-75.28,39.77],[-75.12,39.77]]]},"properties":{"NAME":"New Sweden","C":0,"name":"New Sweden","start_year":1640,"end_year":1652,"capital":"","type":"polity","region":"","event":"","source":"Cliopatria / Seshat Global History Databank (CC BY 4.0)","wikipedia":"New Sweden","wikidata":"Q322187","_a":1,"_c":[-75.49,39.61],"_nz":"新瑞典","_sz":""}},
{"type":"Feature","geometry":{"type":"Polygon","coordinates":[[[-2.83,35.26],[-3.36,35.19],[-4.75,35.19],[-5.24,35.52],[-5.33,35.71],[-5.72,35.77],[-5.77,35.39],[-6,35.39],[-6.15,35.19],[-6.26,34.68],[-6.48,34.49],[-6.47,34.36],[-6.7,34.29],[-6.61,34.16],[-6.9,33.91],[-8.55,33.33],[-8.61,33.14],[-8.45,32.94],[-8.44,32.88],[-8.73,32.62],[-9.05,32.81],[-9.13,32.81],[-9.33,32.49],[-9.38,32.04],[-9.8,31.59],[-9.88,30.56],[-9.65,30.5],[-9.63,30.18],[-9.83,29.79],[-10.05,29.67],[-10.04,29.54],[-10.33,29.34],[-10.47,29.09],[-10.98,28.83],[-11.62,28.25],[-10.47,27.93],[-8.66,27.93],[-8.01,28.38],[-7.56,28.51],[-7.35,28.77],[-7.2,28.77],[-6.18,29.54],[-5.88,29.54],[-5.88,29.67],[-5.59,29.92],[-5.44,29.92],[-4.87,30.5],[-4.57,30.56],[-4.65,30.69],[-4.21,31.01],[-4.21,31.14],[-3.92,31.4],[-3.78,31.59],[-3.56,31.66],[-3.64,31.79],[-3.42,31.91],[-3.35,32.11],[-2.83,32.49],[-2.84,32.62],[-2.54,32.75],[-1.88,33.33],[-1.58,33.46],[-1.72,34.68],[-2.11,34.94],[-2.12,35.07],[-2.66,35.07],[-2.83,35.26]]]},"properties":{"NAME":"Saadi Sultanate","C":3,"name":"Saadi Sultanate","start_year":1640,"end_year":1669,"capital":"","type":"polity","region":"","event":"","source":"Cliopatria / Seshat Global History Databank (CC BY 4.0)","wikipedia":"Saadi Sultanate","wikidata":"Q1136188","_a":79,"_c":[-6.6,31.85],"_nz":"萨阿德苏丹国","_sz":""}},
{"type":"Feature","geometry":{"type":"Polygon","coordinates":[[[74.31,14.62],[74.31,14.56],[74.66,13.59],[74.76,12.95],[75.34,12.89],[75.62,12.69],[75.77,12.76],[76.01,13.01],[75.96,13.34],[76.14,13.66],[76.42,13.59],[76.49,13.46],[76.79,13.53],[76.92,13.4],[77.36,13.4],[77.64,13.27],[78.24,13.34],[78.32,13.46],[79.08,13.79],[80.17,13.59],[80.25,13.66],[80.26,14.62],[80.09,15.14],[79.51,15.14],[78.72,15.39],[78.8,15.46],[78.76,15.71],[78.54,15.78],[78.49,15.97],[78.34,15.97],[78.3,16.23],[78.09,16.36],[77.79,16.36],[77.9,16.68],[77.78,16.94],[77.82,17.26],[78.02,17.77],[78.01,18.29],[78.14,18.8],[77.97,19.25],[77.25,19.38],[77.09,19.25],[76.79,19.25],[76.43,19.38],[76.24,18.99],[76.5,18.67],[76.54,18.35],[75.63,18.16],[75.15,18.48],[74.22,18.74],[73.32,18.67],[73.17,18.61],[73.15,18.48],[72.93,18.48],[73.01,17.84],[73.25,17.32],[73.25,16.61],[73.33,16.61],[73.42,16.04],[73.81,15.52],[73.8,15.46],[74.1,15.52],[74.52,15.26],[74.55,14.81],[74.31,14.62]]]},"properties":{"NAME":"Bijapur Sultanate","C":10,"name":"Bijapur Sultanate","start_year":1640,"end_year":1652,"capital":"","type":"polity","region":"","event":"","source":"Cliopatria / Seshat Global History Databank (CC BY 4.0)","wikipedia":"Adil Shahi dynasty","wikidata":"Q83821","_a":50,"_c":[76.6,15.97],"_nz":"比贾布尔苏丹国","_sz":""}},
{"type":"Feature","geometry":{"type":"MultiPolygon","coordinates":[[[[-74.03,-42.44],[-74.1,-42.76],[-73.65,-42.83],[-73.69,-42.57],[-73.46,-42.24],[-74.03,-42.44]]],[[[-73.21,-40.04],[-73,-39.72],[-73.37,-39.46],[-73.58,-39.78],[-73.82,-39.97],[-73.9,-40.17],[-73.21,-40.04]]],[[[-88.25,18.48],[-88.04,18.54],[-87.91,18.22],[-87.7,18.29],[-87.73,18.48],[-87.45,19.06],[-87.49,19.31],[-87.37,19.44],[-87.39,19.57],[-87.55,19.64],[-87.29,19.89],[-87.35,20.21],[-87.04,20.6],[-86.83,20.66],[-86.85,20.79],[-86.66,20.99],[-86.75,21.5],[-86.92,21.63],[-87.22,21.63],[-87.34,21.5],[-88.48,21.63],[-89.18,21.37],[-89.98,21.31],[-90.17,21.11],[-90.32,21.11],[-90.42,20.41],[-90.49,20.41],[-90.48,19.89],[-90.74,19.7],[-90.81,19.25],[-91.35,18.93],[-91.3,18.61],[-91.5,18.48],[-91.79,18.48],[-91.84,18.74],[-92.5,18.74],[-92.62,18.54],[-93.49,18.48],[-94.04,18.22],[-94.48,18.22],[-94.77,18.61],[-95.77,18.8],[-96.25,19.44],[-96.51,20.09],[-97.08,20.73],[-97.37,21.5],[-97.54,21.63],[-97.72,22.53],[-97.86,22.46],[-98.56,22.98],[-99.59,24.26],[-99.81,24.91],[-99.71,25.1],[-99.79,25.42],[-99.97,25.81],[-100.61,26.52],[-100.66,26.71],[-101.09,26.9],[-101.55,26.9],[-101.66,26.77],[-102.71,26.52],[-103.84,26.77],[-103.91,26.77],[-104.83,27.09],[-105.21,27.09],[-105.57,27.29],[-106.55,27.29],[-106.54,27.03],[-106.35,26.9],[-106.28,26.64],[-105.64,26.26],[-105.47,25.94],[-105.63,25.68],[-106.44,25.36],[-106.3,24.52],[-106.1,24.33],[-105.93,23.94],[-106.11,23.75],[-106.62,24.01],[-106.65,24.14],[-107.59,24.91],[-108.04,24.91],[-107.87,24.52],[-107.72,24.52],[-107.59,24.33],[-106.98,23.94],[-106.44,23.24],[-105.7,22.59],[-105.53,21.82],[-105.13,21.31],[-105.32,21.11],[-105.29,20.99],[-105.49,20.86],[-105.46,20.73],[-105.22,20.66],[-105.63,20.47],[-105.54,20.02],[-104.87,19.25],[-103.83,18.8],[-103.52,18.35],[-103.19,18.16],[-102.26,17.9],[-101.9,17.96],[-101.11,17.26],[-100.02,16.94],[-99.69,16.68],[-98.85,16.55],[-98.43,16.23],[-98.06,16.16],[-97.72,15.91],[-97.05,15.84],[-96.73,15.65],[-96.21,15.65],[-94.95,16.1],[-94.77,16.36],[-94.67,16.16],[-94.15,16.16],[-93.98,15.97],[-93.83,15.97],[-92.75,15.14],[-92.47,14.69],[-91.35,13.91],[-90.47,13.91],[-89.91,13.53],[-89.24,13.46],[-88.85,13.21],[-87.74,13.14],[-87.76,13.34],[-87.47,13.34],[-87.44,13.08],[-87.66,13.08],[-87.55,12.69],[-86.92,12.31],[-86.58,11.79],[-85.72,11.09],[-85.85,10.96],[-85.84,10.76],[-85.68,10.64],[-85.89,10.44],[-85.78,9.99],[-85.48,9.86],[-85.24,9.61],[-84.88,9.67],[-84.83,9.99],[-84.57,9.48],[-84.28,9.48],[-84.12,9.29],[-83.67,9.09],[-83.59,8.9],[-83.73,8.77],[-83.71,8.45],[-83.26,8.32],[-83.19,8.39],[-82.96,8.19],[-82.46,8.32],[-82.23,8.19],[-81.94,8.19],[-81.47,7.61],[-81.18,7.61],[-81.05,7.87],[-80.94,7.16],[-80.58,7.16],[-80.37,7.36],[-80,7.42],[-80.02,7.74],[-80.32,7.94],[-80.41,8.26],[-79.98,8.32],[-79.77,8.51],[-79.64,8.9],[-79.06,8.96],[-78.53,8.58],[-78.52,8.45],[-78.23,8.45],[-78.29,8.13],[-78.51,8.13],[-78.5,7.94],[-78.33,7.55],[-77.73,7.04],[-77.41,6.52],[-77.54,6.07],[-77.32,5.81],[-77.53,5.69],[-77.42,4.27],[-77.57,4.27],[-77.56,4.08],[-77.41,3.82],[-77.27,3.82],[-77.26,3.63],[-77.77,3.11],[-77.91,2.6],[-78.49,2.54],[-78.78,2.34],[-78.7,1.83],[-79.14,1.76],[-79.14,1.57],[-78.99,1.51],[-79.06,1.25],[-80.23,0.86],[-80.16,0.22],[-80.3,0.09],[-80.29,-0.04],[-80.58,-0.23],[-80.66,-0.81],[-81.03,-0.94],[-81.03,-1.19],[-80.96,-1.39],[-80.9,-2.09],[-81.12,-2.16],[-81.12,-2.29],[-80.55,-2.67],[-80.33,-2.67],[-80.41,-3.06],[-80.19,-3.06],[-80.19,-2.86],[-80.04,-2.86],[-80.05,-3.12],[-80.94,-3.7],[-80.95,-3.83],[-81.17,-3.96],[-81.47,-4.41],[-81.42,-4.86],[-81.28,-4.92],[-81.29,-5.31],[-81.01,-5.63],[-81.02,-5.82],[-81.32,-5.89],[-81.33,-6.14],[-80.75,-6.34],[-79.98,-6.91],[-79.85,-7.24],[-79.71,-7.3],[-79.59,-7.75],[-78.98,-8.46],[-78.86,-8.97],[-78.34,-9.87],[-78.36,-10.06],[-77.77,-11.03],[-77.8,-11.35],[-77.32,-11.67],[-77.28,-12.12],[-76.94,-12.38],[-76.89,-12.64],[-76.75,-12.7],[-76.64,-13.09],[-76.38,-13.41],[-76.35,-13.79],[-76.42,-13.79],[-76.46,-14.18],[-76.19,-14.37],[-76.08,-14.69],[-75.47,-15.14],[-75.22,-15.53],[-74.8,-15.66],[-74.74,-15.79],[-74.31,-15.91],[-73.99,-16.24],[-73.21,-16.49],[-73.01,-16.69],[-72.44,-16.81],[-72.05,-17.2],[-71.62,-17.33],[-71.5,-17.52],[-71.33,-17.91],[-70.98,-18.04],[-70.59,-18.42],[-70.44,-18.42],[-70.51,-18.94],[-70.43,-18.94],[-70.38,-19.58],[-70.26,-19.84],[-70.37,-20.61],[-70.3,-20.61],[-70.3,-21.12],[-70.18,-21.38],[-70.4,-22.79],[-70.51,-23.05],[-70.75,-23.18],[-70.81,-23.5],[-70.53,-23.63],[-70.62,-23.76],[-70.74,-24.85],[-70.57,-25.17],[-70.62,-25.43],[-70.88,-25.62],[-70.89,-26.07],[-70.78,-26.27],[-71.18,-27.81],[-71.26,-27.81],[-71.32,-28.39],[-71.65,-28.84],[-71.73,-29.16],[-71.49,-29.42],[-71.42,-29.74],[-71.63,-30.25],[-71.8,-30.32],[-71.94,-30.83],[-71.86,-30.83],[-71.83,-31.54],[-71.71,-31.66],[-71.76,-32.11],[-71.61,-32.37],[-71.63,-32.69],[-71.92,-33.4],[-71.81,-33.53],[-71.91,-33.85],[-72.1,-33.98],[-72.42,-35.2],[-72.76,-35.52],[-72.98,-36.36],[-73.34,-36.94],[-73.08,-36.88],[-73.12,-37.2],[-72.83,-37.46],[-71.78,-37.58],[-71.59,-37.91],[-71.35,-37.91],[-71.2,-37.26],[-71.28,-37.26],[-71.29,-36.88],[-71.2,-36.62],[-70.7,-36.3],[-70.76,-36.23],[-70.36,-35.27],[-69.77,-34.88],[-68.98,-34.82],[-68.76,-34.62],[-67.86,-34.43],[-64.35,-34.3],[-63.56,-34.49],[-63.6,-34.62],[-63.06,-34.62],[-62.37,-34.36],[-62.06,-34.36],[-61.93,-34.17],[-61.72,-34.24],[-61.61,-34.11],[-61.37,-34.11],[-61.01,-33.91],[-60.29,-33.79],[-59.08,-34.43],[-58.55,-34.49],[-58.58,-34.3],[-58.3,-34.11],[-58.4,-33.91],[-58.25,-33.34],[-58.51,-33.14],[-58.56,-32.76],[-58.27,-30.89],[-58.58,-30.57],[-58.53,-30.38],[-58.75,-30.32],[-58.64,-30.19],[-58.75,-29.99],[-58.36,-27.29],[-58.31,-27.04],[-58.43,-26.84],[-58.25,-26.27],[-58.09,-26.2],[-57.87,-25.75],[-57.34,-25.24],[-57,-24.47],[-57.13,-24.34],[-57.5,-24.34],[-57.76,-24.59],[-57.77,-24.66],[-58.06,-25.04],[-58.29,-25.56],[-58.85,-26.27],[-59.61,-26.72],[-61.05,-26.78],[-61.4,-26.65],[-61.85,-26.65],[-61.83,-26.52],[-62.14,-26.59],[-62.72,-26.46],[-63.27,-26.2],[-63.65,-25.82],[-64.07,-24.79],[-64.07,-23.82],[-64.19,-23.63],[-64.04,-22.6],[-63.74,-22.09],[-63.81,-22.02],[-63.66,-21.44],[-63.47,-21.12],[-63.32,-20.61],[-63.18,-20.61],[-63.2,-20.22],[-63.13,-20.22],[-62.93,-19.26],[-63,-19.26],[-62.98,-18.49],[-62.58,-17.59],[-62.48,-16.75],[-62.56,-16.75],[-62.59,-16.36],[-63.12,-15.85],[-63.75,-15.53],[-63.8,-15.34],[-64.32,-15.34],[-64.87,-15.01],[-65.67,-14.89],[-66,-14.56],[-66.43,-14.44],[-66.76,-14.11],[-67.69,-13.79],[-67.82,-13.6],[-67.96,-13.6],[-68.09,-13.41],[-68.37,-13.28],[-68.74,-13.28],[-69.24,-13.15],[-69.38,-13.02],[-70.39,-12.89],[-70.67,-12.76],[-71.26,-12.76],[-71.64,-12.96],[-71.66,-13.09],[-71.88,-13.15],[-71.94,-13.02],[-72.16,-13.02],[-72.3,-12.89],[-73.24,-12.76],[-73.87,-12.44],[-74.66,-11.48],[-75.17,-11.35],[-75.48,-10.71],[-75.53,-10.39],[-75.92,-9.74],[-75.91,-9.55],[-76.05,-9.49],[-76.24,-9.1],[-76.34,-8.39],[-76.56,-8.39],[-76.62,-8.2],[-76.84,-8.07],[-77.5,-6.85],[-77.49,-6.59],[-77.69,-6.27],[-77.61,-6.08],[-77.81,-5.69],[-77.72,-5.24],[-77.85,-4.92],[-77.87,-3.25],[-77.79,-2.93],[-77.64,-2.93],[-77.63,-2.16],[-77.54,-1.45],[-77.31,-0.87],[-77.09,-0.74],[-77.16,-0.49],[-76.96,0.09],[-76.59,0.8],[-76.44,0.86],[-76.44,1.06],[-76.3,1.19],[-76.37,1.31],[-76.22,1.44],[-76.15,1.7],[-75.86,1.96],[-75.79,2.21],[-75.43,2.54],[-75.43,2.66],[-75,2.92],[-75,3.11],[-74.78,3.24],[-74.5,3.82],[-74.35,3.89],[-74.36,4.14],[-74.15,4.59],[-73.79,4.91],[-73.8,5.04],[-73.58,5.11],[-73.58,5.24],[-73.37,5.36],[-73.3,5.62],[-73.09,5.81],[-73.02,6.14],[-72.88,6.14],[-72.6,6.39],[-72.6,6.59],[-72.38,6.59],[-72.39,6.78],[-72.04,7.04],[-72.05,7.29],[-71.68,7.29],[-71.47,7.42],[-70.94,7.04],[-70.06,6.91],[-69.98,6.71],[-69.76,6.78],[-68.73,6.46],[-67.42,6.59],[-67.28,6.71],[-67.06,6.65],[-67.01,7.16],[-66.79,7.23],[-66.44,7.61],[-65.93,7.74],[-65.87,7.87],[-65.43,7.81],[-65.27,7.55],[-64.91,7.61],[-64.99,7.87],[-64.71,8.06],[-64.19,7.94],[-63.76,8.13],[-62.81,8.13],[-62.67,8.26],[-62.16,8.19],[-62.09,8.39],[-61.58,8.45],[-61.51,8.58],[-61.15,8.58],[-61.01,8.77],[-61.03,9.09],[-60.74,9.29],[-60.83,9.54],[-61.34,9.67],[-61.43,9.86],[-61.79,9.8],[-61.95,9.99],[-62.23,9.93],[-62.3,9.8],[-62.47,10.25],[-62.62,10.38],[-62.84,10.38],[-62.85,10.51],[-61.98,10.57],[-61.91,10.76],[-64.03,10.7],[-64.09,10.51],[-64.38,10.44],[-64.38,10.31],[-64.6,10.31],[-64.8,10.12],[-65.09,10.06],[-65.25,10.19],[-65.84,10.31],[-66.15,10.64],[-66.37,10.7],[-67.17,10.64],[-67.46,10.51],[-68.19,10.51],[-68.31,11.21],[-68.46,11.34],[-68.99,11.54],[-69.57,11.47],[-69.66,11.66],[-69.79,11.47],[-70.09,11.54],[-70.15,11.41],[-71.02,11.21],[-71.5,10.83],[-71.65,10.83],[-71.59,11.09],[-71.82,11.21],[-71.92,11.6],[-71.28,11.79],[-71.07,11.99],[-71.1,12.31],[-71.33,12.44],[-71.84,12.44],[-71.9,12.31],[-72.19,12.24],[-72.24,11.92],[-72.81,11.73],[-73.15,11.41],[-74.17,11.34],[-74.36,10.89],[-74.52,11.09],[-74.96,11.15],[-75.24,10.89],[-75.23,10.76],[-75.44,10.7],[-75.58,10.51],[-75.64,10.31],[-75.66,9.48],[-76.09,9.41],[-76.29,9.03],[-76.93,8.64],[-76.83,8.19],[-77.13,8.39],[-77.3,8.71],[-77.51,8.71],[-77.74,8.9],[-77.99,9.29],[-78.51,9.48],[-78.95,9.48],[-78.96,9.61],[-79.69,9.61],[-79.96,9.29],[-80.53,9.16],[-81.03,8.84],[-81.47,8.84],[-81.78,9.16],[-81.84,8.96],[-82.06,8.96],[-82.21,9.03],[-82.31,9.48],[-82.61,9.61],[-82.84,9.8],[-82.85,9.93],[-83.23,10.19],[-83.56,10.7],[-83.58,10.96],[-83.74,11.09],[-84.03,11.02],[-84.42,11.34],[-84.54,11.86],[-84.63,12.05],[-84.68,12.56],[-84.75,12.56],[-84.78,12.89],[-84.64,12.89],[-84.73,13.14],[-84.67,13.21],[-84.92,13.53],[-84.94,13.72],[-84.74,13.91],[-84.76,14.04],[-84.55,14.17],[-84.58,14.43],[-84.79,14.36],[-84.82,14.56],[-85.06,14.75],[-85.69,15.07],[-85.87,15.33],[-85.88,15.97],[-86.44,15.78],[-87.25,15.78],[-87.49,15.91],[-87.93,15.91],[-87.99,15.78],[-88.21,15.78],[-88.3,15.91],[-88.66,15.84],[-89.12,15.97],[-89.56,15.97],[-90.01,16.04],[-90.38,16.04],[-90.35,16.36],[-90.6,16.55],[-90.57,17.77],[-89.17,17.77],[-89.05,17.96],[-88.76,17.96],[-88.39,18.48],[-88.25,18.48]]],[[[-81.69,7.49],[-81.7,7.68],[-81.91,7.61],[-81.9,7.36],[-81.61,7.36],[-81.69,7.49]]],[[[-78.8,8.26],[-78.81,8.45],[-78.96,8.45],[-79.03,8.32],[-78.8,8.26]]],[[[-69.85,12.24],[-70.14,12.24],[-70.28,12.11],[-70.24,11.6],[-69.73,11.66],[-69.76,12.11],[-69.85,12.24]]],[[[-77.37,17.84],[-77.27,17.71],[-77.05,17.71],[-77.07,17.84],[-76.86,17.9],[-76.48,17.84],[-76.12,17.9],[-76.23,18.16],[-77.01,18.48],[-78.06,18.54],[-78.39,18.29],[-78.3,18.16],[-78.08,18.16],[-77.74,17.84],[-77.37,17.84]]],[[[-65.52,18.16],[-65.55,18.41],[-66.16,18.54],[-67.26,18.48],[-67.12,17.96],[-66.23,17.9],[-65.72,17.96],[-65.52,18.16]]],[[[-69.12,19.19],[-69.08,19.38],[-69.66,19.31],[-69.86,19.7],[-70.23,19.7],[-70.77,19.89],[-70.78,19.96],[-71.67,19.96],[-71.72,19.76],[-72.4,19.83],[-72.64,19.96],[-73.23,19.96],[-73.43,19.83],[-73.41,19.64],[-72.79,19.51],[-72.71,18.93],[-72.3,18.61],[-73.17,18.48],[-74.24,18.74],[-74.44,18.61],[-74.4,18.29],[-74.18,18.29],[-73.92,18.03],[-73.7,18.03],[-73.65,18.22],[-72.1,18.22],[-71.71,18.03],[-71.59,17.71],[-71.28,17.58],[-70.99,18.22],[-70.72,18.35],[-70.55,18.22],[-69.96,18.22],[-69.84,18.41],[-69.1,18.41],[-68.56,18.22],[-68.43,18.41],[-68.29,18.41],[-68.24,18.67],[-68.56,18.86],[-68.58,18.99],[-69.49,19.12],[-69.12,19.19]]],[[[-72.83,18.67],[-72.68,18.67],[-72.79,18.93],[-73.32,18.99],[-73.3,18.86],[-72.83,18.67]]],[[[-86.67,20.6],[-87.02,20.47],[-86.99,20.28],[-86.7,20.34],[-86.67,20.6]]],[[[-77.64,22.14],[-78,22.08],[-78.57,22.4],[-79.25,22.46],[-79.78,22.91],[-80.47,23.04],[-80.57,23.17],[-81.08,23.11],[-81.1,23.24],[-82.29,23.24],[-82.78,23.04],[-83.23,23.04],[-84,22.79],[-84.38,22.4],[-84.32,22.08],[-84.76,22.01],[-84.8,21.82],[-84.44,21.89],[-84.27,21.76],[-84.08,21.95],[-83.92,21.89],[-83.81,22.14],[-83.23,22.21],[-83.03,22.34],[-82.91,22.53],[-82.64,22.66],[-81.74,22.66],[-81.64,22.46],[-82.08,22.46],[-82.05,22.27],[-80.89,22.01],[-80.37,22.01],[-79.95,21.69],[-79.65,21.69],[-79.25,21.5],[-78.66,21.56],[-78.24,20.79],[-77.93,20.66],[-77.19,20.66],[-77.14,20.34],[-77.55,20.15],[-77.68,20.02],[-77.65,19.83],[-76.91,19.83],[-76.49,19.96],[-75.75,19.96],[-75.21,19.83],[-74.07,20.15],[-74.1,20.34],[-74.32,20.34],[-74.75,20.73],[-75.5,20.79],[-75.63,21.18],[-75.99,21.11],[-76.24,21.31],[-76.77,21.37],[-76.79,21.5],[-77.03,21.56],[-77.06,21.76],[-77.52,21.89],[-77.64,22.14]]],[[[-82.66,21.95],[-83.04,21.95],[-83.09,21.82],[-82.95,21.44],[-82.5,21.44],[-82.49,21.82],[-82.66,21.95]]],[[[-78.42,22.4],[-78.2,22.4],[-78.23,22.59],[-78.6,22.53],[-78.42,22.4]]],[[[-81.94,28.12],[-81.77,28.06],[-81.26,28.12],[-81.27,28.44],[-80.55,28.57],[-81.17,29.73],[-81.44,30.89],[-81.43,31.08],[-81.24,31.21],[-81.15,31.4],[-81.21,31.59],[-81.51,31.59],[-81.87,31.27],[-81.84,30.95],[-81.92,30.69],[-82.05,30.63],[-81.97,30.37],[-82.12,30.37],[-82.18,30.56],[-84.35,30.69],[-84.84,30.82],[-85.12,30.24],[-85.06,30.05],[-84.89,29.99],[-84.88,29.73],[-84.39,29.86],[-84.22,30.05],[-83.84,30.05],[-83.26,29.34],[-82.82,29.15],[-82.61,28.64],[-82.01,28.38],[-81.94,28.12]]],[[[-106.93,35.9],[-107.02,35.77],[-106.86,35.45],[-106.35,34.87],[-105.62,34.81],[-105.47,35.13],[-105.19,35.19],[-105.3,35.58],[-105.73,35.84],[-105.92,36.22],[-106.36,36.48],[-106.67,36.48],[-106.99,36.03],[-106.93,35.9]]],[[[-60.94,10.31],[-61.03,10.57],[-60.89,10.83],[-61.55,10.83],[-61.61,10.64],[-61.46,10.51],[-61.45,10.31],[-61.67,10.25],[-61.73,10.06],[-61,10.06],[-60.94,10.31]]],[[[119.34,11.15],[119.19,10.44],[118.97,10.44],[118.73,10.19],[118.85,9.93],[119.14,9.99],[119.32,10.25],[120,10.51],[120.02,10.64],[119.72,10.57],[119.58,10.7],[119.57,11.21],[119.34,11.15]]],[[[-63.84,11.21],[-64.05,11.02],[-64.35,11.09],[-64.26,10.89],[-63.97,10.83],[-63.76,10.96],[-63.84,11.21]]],[[[120.07,11.73],[120.09,11.92],[119.87,11.92],[119.85,11.79],[120.07,11.73]]],[[[119.95,11.99],[120.32,11.99],[120.34,12.18],[119.84,12.31],[119.82,12.11],[119.95,11.99]]],[[[120.34,13.34],[120.67,13.08],[120.7,12.76],[120.84,12.69],[120.95,12.37],[121.29,12.18],[121.55,12.5],[121.56,13.14],[121.31,13.46],[120.74,13.59],[120.37,13.53],[120.34,13.34]]],[[[122.26,16.23],[122.64,17.13],[122.5,17.19],[122.54,17.39],[122.22,17.64],[122.29,18.03],[122.43,18.41],[122.39,18.54],[122.16,18.54],[122.05,18.35],[121.68,18.35],[121.44,18.61],[120.61,18.54],[120.35,17.51],[120.46,17.32],[120.31,16.49],[120.39,16.49],[120.4,16.1],[120.11,16.16],[120.01,16.42],[119.78,16.36],[119.73,16.1],[119.77,15.91],[119.91,15.84],[119.86,15.52],[120.03,15.2],[120.04,14.81],[120.31,14.69],[120.35,14.43],[120.64,14.43],[120.62,14.75],[120.97,14.62],[120.95,14.49],[120.62,14.3],[120.62,13.79],[120.85,13.85],[121.04,13.59],[121.4,13.59],[121.5,13.79],[121.82,13.91],[122.01,13.72],[122.16,13.72],[122.48,13.4],[122.52,13.21],[122.74,13.21],[122.52,13.72],[122.69,13.85],[122.8,13.59],[123.27,13.27],[123.24,13.08],[122.96,13.14],[122.93,12.95],[123.06,12.82],[123.34,12.76],[123.23,13.01],[123.45,13.01],[123.65,12.82],[123.79,12.82],[123.9,12.5],[124.12,12.5],[124.14,13.21],[123.84,13.21],[123.81,13.46],[123.61,13.59],[123.92,13.72],[123.87,13.91],[123.58,13.91],[123.52,14.04],[123.24,14.11],[123.27,13.79],[123.12,13.79],[123.04,14.24],[122.76,14.36],[122.4,14.36],[122.19,13.98],[122.08,14.24],[121.84,14.11],[121.67,14.43],[121.79,14.75],[121.59,14.88],[121.49,15.14],[121.6,15.84],[121.87,16.1],[122.26,16.23]]],[[[120.96,25.04],[121.09,24.97],[121.33,24.71],[121.36,24.52],[121.82,24.59],[122.01,25.04],[121.77,25.29],[121.47,25.29],[120.96,25.04]]],[[[-15.36,27.8],[-15.3,28.12],[-15.76,28.19],[-15.83,28.06],[-15.73,27.74],[-15.36,27.8]]],[[[-17.25,27.99],[-17.03,28.06],[-17.12,28.25],[-17.35,28.19],[-17.25,27.99]]],[[[-16.65,27.93],[-16.36,28.06],[-16.37,28.19],[-16.08,28.44],[-16.09,28.57],[-16.91,28.38],[-16.65,27.93]]],[[[-14.07,28.7],[-14.12,28.38],[-14.26,28.32],[-14.32,28.06],[-13.81,28.25],[-13.77,28.77],[-14.07,28.7]]],[[[-18,28.83],[-17.9,28.51],[-17.67,28.51],[-17.71,28.89],[-18,28.83]]],[[[-13.86,28.96],[-13.85,28.83],[-13.47,28.89],[-13.42,29.22],[-13.65,29.22],[-13.86,28.96]]],[[[-0.53,35.71],[-0.91,35.64],[-0.91,35.52],[-0.67,35.45],[-0.45,35.58],[-0.53,35.71]]],[[[124.82,9.03],[124.71,8.58],[124.27,8.64],[124.09,8.19],[123.87,8.19],[123.76,8.64],[123.34,8.77],[123.25,8.58],[122.95,8.51],[122.92,8.26],[122.77,8.13],[122.1,8],[122.06,7.55],[121.82,7.23],[121.8,6.97],[122.23,6.97],[122.34,7.42],[122.49,7.49],[122.59,7.74],[122.73,7.68],[122.76,7.23],[122.92,7.29],[122.93,7.49],[123.43,7.36],[123.38,7.61],[123.46,7.74],[123.68,7.74],[124.09,7.42],[123.9,6.84],[124,6.26],[124.7,5.81],[124.99,5.81],[125.15,6.01],[125.12,5.62],[125.33,5.49],[125.65,5.88],[125.68,6.33],[125.41,6.59],[125.52,7.04],[125.67,7.1],[125.68,7.23],[125.83,7.23],[126.02,6.84],[125.99,6.46],[126.2,6.39],[126.24,6.84],[126.55,7.1],[126.59,7.61],[126.53,7.81],[126.39,7.87],[126.5,8.19],[126.37,8.45],[126.17,8.58],[126.18,8.71],[126.33,8.77],[126.35,8.96],[126.21,9.03],[126.24,9.29],[126.02,9.29],[125.96,9.48],[125.42,9.86],[125.31,9.54],[125.48,9.03],[124.82,9.03]]],[[[124.82,9.03],[124.77,9.29],[124.55,9.22],[124.82,9.03]]],[[[123.75,9.22],[123.68,9.35],[123.54,9.35],[123.44,9.09],[123.58,9.03],[123.75,9.22]]],[[[125.92,9.74],[126.06,9.67],[126.15,9.86],[126.1,10.06],[125.94,9.99],[125.92,9.74]]],[[[123.74,9.86],[123.78,9.54],[124.59,9.67],[124.62,9.93],[124.5,10.19],[123.98,10.12],[123.74,9.86]]],[[[122.79,10.57],[122.81,10.12],[122.36,9.99],[122.33,9.67],[122.59,9.35],[122.87,9.22],[122.85,9.03],[123.22,9.03],[123.31,9.29],[123.15,9.8],[123.35,10.38],[123.51,10.51],[123.56,10.96],[123.06,11.02],[122.9,10.89],[122.79,10.57]]],[[[125.5,9.93],[125.71,9.86],[125.7,10.44],[125.47,10.38],[125.5,9.93]]],[[[124,10.25],[124.11,11.28],[123.89,11.21],[123.66,10.51],[123.41,10.25],[123.26,9.48],[123.48,9.48],[123.6,9.99],[123.85,10.25],[124,10.25]]],[[[122.79,10.57],[122.74,10.83],[122.84,11.02],[123.14,11.09],[123.12,11.54],[122.54,11.6],[122.42,11.79],[121.93,11.99],[121.82,11.73],[122.03,11.66],[121.95,10.89],[121.87,10.89],[121.9,10.44],[122.5,10.64],[122.47,10.38],[122.62,10.38],[122.79,10.57]]],[[[125.03,10.96],[125.19,11.09],[125.77,11.02],[125.78,11.15],[125.65,11.28],[125.48,11.66],[125.55,12.24],[125.34,12.31],[125.36,12.5],[124.27,12.56],[124.36,12.11],[124.64,11.99],[124.82,11.73],[124.97,11.73],[124.71,11.34],[124.57,11.47],[124.61,11.73],[124.31,11.73],[124.37,11.6],[124.25,11.21],[124.43,10.83],[124.65,10.89],[124.76,10.57],[124.72,10.19],[124.92,9.99],[125.07,9.99],[125.02,10.25],[125.24,10.25],[125.27,10.51],[125.03,10.96]]],[[[123.62,12.63],[123.6,12.5],[123.24,12.5],[123.17,11.99],[123.55,12.11],[123.81,11.79],[124.09,11.73],[124.07,12.11],[123.73,12.31],[123.83,12.56],[123.62,12.63]]],[[[121.94,12.11],[122.09,12.11],[122.13,12.44],[121.9,12.37],[121.94,12.11]]],[[[122.72,12.44],[122.51,12.56],[122.41,12.37],[122.54,12.24],[122.69,12.24],[122.72,12.44]]],[[[121.75,13.46],[121.86,13.21],[122.16,13.21],[122.2,13.53],[121.75,13.46]]],[[[124.43,13.72],[124.47,13.98],[124.12,14.11],[124.11,13.53],[124.25,13.46],[124.43,13.72]]],[[[121.81,14.88],[121.86,14.69],[122.07,14.62],[122.13,15.01],[121.84,15.07],[121.81,14.88]]]]},"properties":{"NAME":"Spanish Empire","C":0,"name":"Spanish Empire","start_year":1640,"end_year":1658,"capital":"","type":"polity","region":"","event":"","source":"Cliopatria / Seshat Global History Databank (CC BY 4.0)","wikipedia":"Spanish Empire","wikidata":"Q80702","_a":18609,"_c":[9.27,-3.18],"_nz":"西班牙帝国","_sz":""}},
{"type":"Feature","geometry":{"type":"Polygon","coordinates":[[[98.23,4.27],[98.24,4.53],[98.02,4.59],[97.83,5.04],[97.47,5.24],[97.48,5.3],[96.24,5.24],[95.6,5.69],[95.24,5.69],[95.09,5.56],[95.07,5.17],[95.34,4.85],[95.33,4.72],[96.1,4.01],[97.13,4.14],[97.48,3.95],[97.69,3.69],[97.84,3.82],[98,4.21],[98.23,4.27]]]},"properties":{"NAME":"Sultanate of Aceh","C":9,"name":"Sultanate of Aceh","start_year":1640,"end_year":1861,"capital":"","type":"polity","region":"","event":"","source":"Cliopatria / Seshat Global History Databank (CC BY 4.0)","wikipedia":"Aceh Sultanate","wikidata":"Q1061057","_a":6,"_c":[96.66,4.69],"_nz":"亚齐苏丹国","_sz":""}},
{"type":"Feature","geometry":{"type":"MultiPolygon","coordinates":[[[[100.26,2.47],[100.26,2.54],[99.9,2.73],[99.91,2.99],[99.7,3.11],[99.14,3.63],[98.71,3.76],[98.72,3.89],[98.29,4.08],[98.23,4.27],[98,4.21],[97.84,3.82],[97.91,3.82],[98.55,3.31],[98.61,3.05],[99.31,2.54],[99.31,2.41],[99.52,2.28],[99.52,2.15],[99.65,1.96],[99.8,1.89],[99.79,1.76],[100.01,1.64],[100.07,1.38],[100.37,1.57],[100.3,1.76],[100.16,1.83],[100.25,2.21],[100.26,2.47]]],[[[100.75,3.82],[100.81,3.56],[101.23,3.18],[101.22,2.79],[101.64,2.54],[101.72,2.54],[102.02,2.79],[102.1,3.05],[101.89,3.18],[101.84,3.63],[101.7,3.76],[101.4,3.69],[101.26,3.82],[101.11,3.69],[100.98,3.89],[100.75,3.82]]]]},"properties":{"NAME":"Sultanate of Malacca","C":8,"name":"Sultanate of Malacca","start_year":1640,"end_year":1676,"capital":"","type":"polity","region":"","event":"","source":"Cliopatria / Seshat Global History Databank (CC BY 4.0)","wikipedia":"Malacca Sultanate","wikidata":"Q46652","_a":12,"_c":[99.97,2.83],"_nz":"马六甲苏丹国","_sz":""}},
{"type":"Feature","geometry":{"type":"MultiPolygon","coordinates":[[[[126.7,33.26],[126.78,33.26],[127,33.59],[126.36,33.52],[126.14,33.2],[126.7,33.26]]],[[[124.27,39.9],[124.51,39.64],[124.86,39.71],[124.87,39.58],[125.31,39.51],[125.39,39.38],[124.79,38.29],[124.76,38.09],[125.08,38.09],[124.9,37.9],[125.21,37.9],[125.39,37.64],[125.68,37.9],[125.84,37.77],[126.35,37.84],[126.25,37.64],[126.6,37.58],[126.54,37.45],[126.7,37.32],[126.65,37.06],[126.3,37],[126.05,36.8],[126.26,36.61],[126.45,36.67],[126.43,36.16],[126.68,36.03],[126.3,35.26],[126.2,34.87],[126.48,34.81],[126.12,34.36],[126.42,34.36],[126.63,34.29],[127.13,34.55],[127.38,34.42],[127.76,34.74],[128.07,34.74],[128.08,34.94],[128.31,34.94],[128.33,34.81],[128.68,34.74],[128.81,35],[128.55,34.94],[128.53,35.07],[129.15,35.07],[129.62,35.71],[129.67,35.97],[129.42,36.1],[129.4,36.35],[129.53,37.06],[129.47,37.25],[129.26,37.58],[129.1,37.58],[128.84,37.96],[128.36,38.8],[127.92,39],[127.8,39.19],[127.44,39.26],[127.67,39.64],[127.58,39.77],[127.93,39.97],[128.37,40.03],[128.68,40.29],[129.08,40.42],[129.24,40.68],[129.76,40.87],[129.88,41.2],[129.73,41.33],[129.7,41.65],[130.32,42.24],[130.69,42.43],[130.3,42.56],[130.2,42.89],[129.84,42.95],[129.7,42.5],[129.17,42.3],[128.84,42.04],[128.07,41.98],[128.34,41.65],[128.1,41.39],[127.34,41.46],[127.11,41.59],[127.07,41.78],[126.83,41.78],[126.11,41],[124.57,40.29],[124.27,39.9]]]]},"properties":{"NAME":"Joseon","C":10,"name":"Joseon","start_year":1640,"end_year":1859,"capital":"","type":"polity","region":"","event":"","source":"Cliopatria / Seshat Global History Databank (CC BY 4.0)","wikipedia":"Joseon","wikidata":"Q28405","_a":63,"_c":[127.48,38.08],"_nz":"朝鲜王朝","_sz":""}},
{"type":"Feature","geometry":{"type":"Polygon","coordinates":[[[83.98,18.8],[83.91,18.8],[83.28,19.06],[82.41,19.19],[81.74,19.19],[80.36,18.8],[80,18.86],[79.81,19.12],[79.31,19.25],[79.25,19.38],[78.43,19.38],[77.97,19.25],[78.14,18.8],[78.01,18.29],[78.02,17.77],[77.82,17.26],[77.78,16.94],[77.9,16.68],[77.79,16.36],[78.09,16.36],[78.3,16.23],[78.34,15.97],[78.49,15.97],[78.54,15.78],[78.76,15.71],[78.8,15.46],[78.72,15.39],[79.51,15.14],[80.09,15.14],[80.1,15.2],[80.46,15.78],[81.12,15.78],[81.32,16.29],[82.22,16.42],[82.38,16.55],[82.45,17.13],[83.15,17.45],[83.56,17.77],[83.67,18.03],[84.05,18.16],[84.38,18.41],[84.39,18.48],[83.98,18.8]]]},"properties":{"NAME":"Golconda Sultanate","C":2,"name":"Golconda Sultanate","start_year":1640,"end_year":1658,"capital":"","type":"polity","region":"","event":"","source":"Cliopatria / Seshat Global History Databank (CC BY 4.0)","wikipedia":"Qutb Shahi dynasty","wikidata":"Q1148042","_a":28,"_c":[81.09,17.26],"_nz":"戈尔孔达苏丹国","_sz":""}},
{"type":"Feature","geometry":{"type":"MultiPolygon","coordinates":[[[[58.37,23.69],[58.27,23.43],[58.54,23.11],[58.91,23.04],[59.05,22.91],[59.27,22.98],[59.07,23.17],[59.08,23.3],[58.81,23.62],[58.37,23.69]]],[[[-16.69,32.69],[-16.79,32.88],[-17.17,32.88],[-17.07,32.62],[-16.69,32.69]]],[[[-25.87,37.77],[-25.7,37.71],[-25.09,37.77],[-25.11,37.9],[-25.9,37.96],[-25.87,37.77]]],[[[-28.39,38.35],[-28.08,38.35],[-28.19,38.55],[-28.85,38.67],[-28.81,38.48],[-28.39,38.35]]],[[[-27.39,38.87],[-27.36,38.67],[-27.03,38.61],[-27.08,38.87],[-27.39,38.87]]],[[[-8.93,41.91],[-8.73,40.74],[-8.87,40.61],[-9.03,39.77],[-9.16,39.51],[-9.39,39.45],[-9.43,39.06],[-9.57,38.93],[-9.55,38.74],[-9.21,38.42],[-8.82,38.48],[-8.82,37.58],[-8.9,37.58],[-9,37],[-8.7,37.13],[-8.31,37.13],[-8.07,37],[-7.68,37],[-7.45,37.13],[-7.39,37.25],[-7.5,37.71],[-7.28,37.84],[-7,38.22],[-7.24,38.35],[-7.27,38.67],[-7.12,38.74],[-6.99,39],[-7.26,39.38],[-7.42,39.45],[-7.44,39.64],[-6.9,39.77],[-6.84,40.03],[-7.01,40.23],[-6.87,40.36],[-6.93,41],[-6.25,41.46],[-6.27,41.65],[-6.52,41.72],[-6.7,41.98],[-8.12,41.78],[-8.22,41.98],[-8.47,42.11],[-8.93,41.91]]]]},"properties":{"NAME":"Kingdom of Portugal","C":10,"name":"Kingdom of Portugal","start_year":1640,"end_year":1705,"capital":"","type":"polity","region":"","event":"","source":"Cliopatria / Seshat Global History Databank (CC BY 4.0)","wikipedia":"Kingdom of Portugal","wikidata":"Q45670","_a":1692,"_c":[15.22,32.51],"_nz":"葡萄牙王国","_sz":""}},
{"type":"Feature","geometry":{"type":"Polygon","coordinates":[[[-58.36,-27.29],[-58.29,-27.29],[-56.98,-27.55],[-56.23,-27.55],[-56.03,-27.74],[-56.09,-28.07],[-56.83,-28.77],[-56.87,-28.97],[-56.59,-29.09],[-56.29,-28.71],[-55.95,-28.52],[-55.82,-28.19],[-55.47,-27.94],[-55.32,-27.94],[-54.87,-27.55],[-53.9,-27.17],[-53.76,-26.33],[-53.83,-26.27],[-53.95,-25.62],[-54.14,-25.37],[-54.06,-24.85],[-52.91,-23.5],[-52.66,-23.31],[-52.31,-22.86],[-52.34,-22.47],[-52.67,-22.15],[-53.27,-22.15],[-53.74,-22.34],[-54.4,-22.92],[-55.21,-22.86],[-55.27,-22.73],[-55.7,-22.6],[-56.54,-22.73],[-56.75,-22.66],[-56.85,-22.86],[-57.46,-22.92],[-57.96,-23.31],[-57.9,-24.02],[-57.77,-24.14],[-57.84,-24.59],[-57.76,-24.59],[-57.5,-24.34],[-57.13,-24.34],[-57,-24.47],[-57.34,-25.24],[-57.87,-25.75],[-58.09,-26.2],[-58.25,-26.27],[-58.43,-26.84],[-58.31,-27.04],[-58.36,-27.29]]]},"properties":{"NAME":"Jesuit Reducciones","C":2,"name":"Jesuit Reducciones","start_year":1640,"end_year":1737,"capital":"","type":"polity","region":"","event":"","source":"Cliopatria / Seshat Global History Databank (CC BY 4.0)","wikipedia":"Jesuit missions among the Guaraní","wikidata":"Q465960","_a":42,"_c":[-55.37,-25.62],"_nz":"耶稣会归化村","_sz":""}},
{"type":"Feature","geometry":{"type":"Polygon","coordinates":[[[-74.35,45.37],[-74.98,45.17],[-75.04,44.97],[-75.54,44.84],[-75.73,44.58],[-76.07,44.45],[-76.26,44.19],[-76.01,43.86],[-76.19,43.73],[-76.17,43.54],[-76.54,43.47],[-76.76,43.28],[-77.81,43.28],[-78.11,43.41],[-78.52,43.41],[-78.95,43.15],[-78.93,42.95],[-78.79,42.69],[-78.92,42.63],[-77.91,42.37],[-76.12,42.3],[-75.31,42.11],[-75.22,42.43],[-75.06,42.43],[-74.82,42.76],[-74.06,43.02],[-73.67,43.54],[-73.72,43.8],[-73.59,44.19],[-73.72,44.45],[-73.57,44.65],[-73.63,44.91],[-73.33,44.97],[-73.51,45.17],[-73.5,45.3],[-73.94,45.37],[-74.35,45.37]]]},"properties":{"NAME":"Haudenosaunee","C":5,"name":"Haudenosaunee","start_year":1642,"end_year":1652,"capital":"","type":"polity","region":"","event":"","source":"Cliopatria / Seshat Global History Databank (CC BY 4.0)","wikipedia":"Iroquois","wikidata":"Q68518","_a":19,"_c":[-76.22,43.74],"_nz":"易洛魁联盟","_sz":""}},
{"type":"Feature","geometry":{"type":"Polygon","coordinates":[[[1.81,42.56],[1.49,42.63],[1.58,42.43],[1.81,42.56]]]},"properties":{"NAME":"County of Urgell","C":10,"name":"County of Urgell","start_year":1642,"end_year":1701,"capital":"","type":"polity","region":"","event":"","source":"Cliopatria / Seshat Global History Databank (CC BY 4.0)","wikipedia":"County of Urgell","wikidata":"Q1514510","_a":0,"_c":[1.65,42.53],"_nz":"乌赫尔伯国","_sz":""}},
{"type":"Feature","geometry":{"type":"Polygon","coordinates":[[[7.47,43.86],[7.31,43.8],[7.55,43.8],[7.47,43.86]]]},"properties":{"NAME":"Principality of Monaco","C":2,"name":"Principality of Monaco","start_year":1645,"end_year":1793,"capital":"","type":"polity","region":"","event":"","source":"Cliopatria / Seshat Global History Databank (CC BY 4.0)","wikipedia":"Monaco","wikidata":"Q235","_a":0,"_c":[7.39,43.83],"_nz":"摩纳哥公国","_sz":""}},
{"type":"Feature","geometry":{"type":"Polygon","coordinates":[[[101.12,40.87],[100.82,41.07],[99.75,41.33],[99.22,41.39],[99.26,41.46],[98.2,41.59],[97.95,41.72],[97.18,41.78],[96.95,41.98],[96.59,42.04],[96.52,42.24],[96.52,42.56],[96.15,42.63],[95.92,42.82],[94.63,43.15],[94.54,43.28],[92.91,43.41],[92.94,43.47],[91.49,43.47],[90.71,43.34],[90.18,42.89],[90.28,42.76],[90.19,42.56],[90.26,42.37],[90.22,41.91],[90.46,41.72],[90.49,41.07],[90.63,41],[90.75,40.55],[92.09,40.16],[92.12,40.03],[92.69,39.71],[92.59,39.26],[93.22,39.45],[93.51,39.38],[93.88,39.51],[94.51,39.51],[94.72,39.64],[96.22,39.64],[96.19,39.58],[97.21,39.38],[97.91,39],[98.22,39],[98.38,39.19],[98.91,39.13],[99.2,39.26],[99.81,38.48],[100.23,38.35],[100.34,38.61],[99.9,38.87],[100.06,39.26],[100.97,40.23],[101.12,40.87]]]},"properties":{"NAME":"Khoshut Khanate","C":2,"name":"Khoshut Khanate","start_year":1645,"end_year":1652,"capital":"","type":"polity","region":"","event":"","source":"Cliopatria / Seshat Global History Databank (CC BY 4.0)","wikipedia":"Khoshut Khanate","wikidata":"Q10921634","_a":56,"_c":[95.65,40.91],"_nz":"和硕特汗国","_sz":""}},
{"type":"Feature","geometry":{"type":"MultiPolygon","coordinates":[[[[12.75,56.52],[12.48,56.18],[11.33,56.05],[11.24,55.84],[10.89,55.77],[11.06,55.57],[10.97,55.29],[11.5,55.23],[11.67,55.09],[11.67,54.89],[10.97,55.02],[10.88,54.75],[12.1,54.75],[12.11,55.16],[12.37,55.23],[12.38,55.43],[12.2,55.57],[12.56,55.7],[12.56,55.98],[12.91,55.77],[12.81,55.36],[14.3,55.36],[14.23,55.91],[14.32,55.98],[14.76,55.98],[14.77,56.18],[15.82,56.11],[16.09,56.25],[16.1,56.39],[15.93,56.52],[14.34,56.59],[13.46,56.59],[13.19,56.46],[12.75,56.52]]],[[[10.79,54],[11.05,54.21],[11.05,54.41],[9.93,54.55],[10.01,55.02],[10.54,55.02],[10.54,54.75],[10.71,54.75],[10.88,54.95],[10.8,55.43],[10.63,55.63],[9.75,55.57],[9.93,55.84],[10.28,55.98],[10.54,56.18],[10.81,56.18],[10.9,56.52],[10.28,56.59],[10.28,57.08],[10.55,57.28],[10.46,57.77],[9.92,57.7],[9.83,57.56],[9.39,57.21],[8.5,57.21],[8.15,56.87],[8.24,56.73],[7.98,56.66],[8,55.63],[8.09,55.5],[8.35,55.5],[8.53,55.36],[8.44,55.23],[8.53,54.82],[8.8,54.61],[8.8,54.48],[8.54,54.41],[8.54,54.27],[8.8,54.21],[8.89,53.87],[9.24,53.87],[9.5,53.6],[9.93,53.6],[10.01,53.73],[10.36,53.66],[10.36,53.87],[10.53,54],[10.79,54]]],[[[10.63,55.98],[10.45,55.98],[10.36,55.77],[10.63,55.77],[10.63,55.98]]],[[[-6.96,62.4],[-7.32,62.33],[-7.28,62.05],[-6.69,61.9],[-6.66,62.26],[-6.96,62.4]]],[[[-20.54,66.18],[-20.4,65.74],[-20.54,65.59],[-20.97,65.74],[-21.38,65.52],[-21.48,66.11],[-22.61,66.55],[-23.17,66.48],[-23.28,66.25],[-23.67,66.25],[-23.91,66.11],[-23.8,65.81],[-24.37,65.52],[-24.03,65.37],[-23.28,65.44],[-23.31,65.52],[-22.06,65.52],[-22.59,65.37],[-22.61,65.15],[-24.16,64.93],[-23.98,64.71],[-22.58,64.79],[-22.5,64.57],[-22.1,64.49],[-22.02,64.28],[-22.33,64.06],[-22.9,64.06],[-22.8,63.77],[-21.15,63.91],[-20.53,63.77],[-20.37,63.55],[-19.81,63.55],[-19.39,63.41],[-18.16,63.41],[-17.7,63.77],[-16.58,63.84],[-16.6,63.91],[-16.09,64.13],[-15.46,64.28],[-14.8,64.28],[-14.47,64.49],[-14.43,64.71],[-13.88,64.79],[-13.93,65],[-13.47,65.08],[-13.7,65.59],[-14.29,65.66],[-14.33,65.81],[-14.64,65.88],[-14.7,66.11],[-14.99,66.11],[-15.07,66.4],[-15.61,66.25],[-15.79,66.55],[-16.67,66.55],[-16.66,66.18],[-17.46,66.25],[-17.59,66.03],[-18.04,66.25],[-19.2,66.25],[-19.57,66.18],[-19.55,65.81],[-20.01,66.03],[-20.05,66.18],[-20.54,66.18]]],[[[14.64,55.29],[14.64,55.09],[15.07,55.02],[15.08,55.23],[14.64,55.29]]],[[[30.96,69.87],[30.07,69.95],[29.7,70.1],[30.96,70.26],[31.03,70.57],[30.24,70.64],[30.07,70.8],[29.36,70.8],[29.29,70.95],[28.68,70.95],[28.41,71.11],[27.71,71.19],[27.26,71.03],[26.44,71.03],[26.06,71.19],[25.34,71.19],[25.21,71.03],[24.27,70.95],[24.33,70.72],[23.44,70.88],[22.41,70.8],[22.33,70.33],[21.43,70.41],[21.38,70.1],[20.77,70.02],[20.81,70.33],[20.29,70.26],[20.36,70.02],[19.84,69.87],[19.66,70.1],[18.86,70.18],[18.82,69.79],[16.87,69.49],[17.04,69.11],[17.65,69.18],[17.52,68.88],[16.61,68.73],[16.62,68.88],[15.92,68.88],[15.94,69.11],[16.15,69.33],[15.75,69.33],[15.33,69.03],[14.42,68.8],[14.91,68.73],[14.9,68.57],[14.4,68.5],[14.19,68.2],[14.98,68.27],[15.09,68.42],[15.58,68.27],[15.36,67.97],[15.07,67.97],[14.95,67.67],[14.55,67.52],[14.44,67.3],[14.13,67.07],[13.64,67.07],[13.63,66.77],[13.24,66.77],[12.94,66.62],[13.12,66.25],[12.35,66.25],[12.34,65.88],[12.53,65.74],[12.14,65.59],[12.04,65.44],[12.13,65.15],[11.45,65],[11.35,64.86],[11.44,64.57],[10.87,64.64],[10.3,64.42],[10.3,64.28],[9.92,64.13],[9.92,63.99],[9.54,63.91],[9.54,63.62],[9.26,63.41],[8.98,63.48],[9.07,63.7],[8.5,63.7],[8.22,63.48],[7.84,63.55],[7.75,63.34],[8.22,63.34],[8.23,63.19],[7.95,63.05],[6.92,63.05],[6.92,62.83],[7.39,62.76],[7.4,62.62],[6.64,62.76],[6.56,62.47],[5.91,62.4],[5.44,62.4],[5.45,62.19],[5.08,62.26],[5.19,61.9],[4.91,61.76],[5.03,61.19],[4.95,61.05],[5.16,60.49],[4.89,60.42],[4.9,60.21],[5.26,60.28],[5.45,60.14],[5.18,60],[5.28,59.78],[5.21,59.29],[5.85,59.29],[5.95,59.02],[5.5,59.02],[5.51,58.6],[5.7,58.46],[6.52,58.25],[6.61,58.04],[7.6,57.97],[8.67,58.32],[9.11,58.74],[9.38,58.74],[9.65,59.02],[10.01,58.95],[10.19,59.16],[10.37,59.16],[10.47,59.43],[10.83,59.16],[11.1,59.16],[11.18,58.39],[11.36,58.39],[11.45,58.11],[11.71,57.97],[11.89,57.97],[12.16,58.18],[12.09,58.88],[12,58.88],[12.01,59.43],[11.92,59.92],[12.38,60.07],[12.57,60.35],[12.49,60.7],[12.31,60.77],[12.31,60.98],[12.78,61.19],[12.78,61.41],[12.14,61.76],[12.25,62.4],[12.07,62.62],[12.18,63.19],[12.09,63.55],[12.19,63.77],[12.76,64.06],[14.1,64.13],[14.2,64.35],[13.64,64.71],[14.03,64.93],[14.04,65.08],[14.54,65.44],[14.57,66.11],[15.26,66.25],[15.78,66.77],[16.38,67.07],[16.4,67.3],[16.12,67.44],[16.23,67.59],[16.73,67.74],[17.05,68.05],[18.05,68.12],[18.09,68.57],[19.96,68.42],[20.21,68.8],[20.24,69.03],[20.85,69.11],[21.07,69.26],[21.77,69.26],[22.22,68.88],[22.79,68.73],[22.78,68.65],[24.4,68.8],[24.86,68.57],[25.76,69.11],[25.86,69.64],[26.52,69.95],[28.16,70.02],[28.51,69.79],[29.2,69.72],[29.27,69.56],[28.8,69.26],[28.85,69.03],[29.17,69.11],[29.32,69.33],[29.94,69.41],[30.19,69.64],[30.68,69.56],[30.96,69.87]]],[[[14.09,68.2],[14.1,68.42],[13.7,68.42],[13.39,68.2],[13.59,68.12],[14.09,68.2]]]]},"properties":{"NAME":"Denmark-Norway","C":9,"name":"Denmark-Norway","start_year":1645,"end_year":1658,"capital":"","type":"polity","region":"","event":"","source":"Cliopatria / Seshat Global History Databank (CC BY 4.0)","wikipedia":"Denmark-Norway","wikidata":"Q62651","_a":981,"_c":[3.35,62.44],"_nz":"丹麦-挪威","_sz":""}},
{"type":"Feature","geometry":{"type":"Polygon","coordinates":[[[8.83,44.65],[8.83,44.84],[8.5,44.97],[8.5,45.04],[8.34,45.1],[8.34,45.3],[8.58,45.3],[8.58,45.56],[8.33,45.76],[8.01,45.69],[7.92,45.96],[7.1,45.89],[6.86,46.02],[6.85,46.28],[6.68,46.41],[6.27,46.41],[6.03,46.22],[5.63,45.89],[5.48,45.56],[5.81,45.43],[5.9,45.17],[6.23,45.1],[6.64,44.84],[6.57,44.58],[6.81,44.32],[6.41,44.19],[6.42,44.06],[6.74,43.93],[6.67,43.67],[6.91,43.54],[6.99,43.54],[7.39,43.93],[7.47,43.86],[7.55,43.86],[7.71,44.12],[8.03,44.12],[8.11,44.52],[8.35,44.71],[8.59,44.71],[8.83,44.65]]]},"properties":{"NAME":"House of Savoy","C":9,"name":"House of Savoy","start_year":1645,"end_year":1690,"capital":"","type":"polity","region":"","event":"","source":"Cliopatria / Seshat Global History Databank (CC BY 4.0)","wikipedia":"House of Savoy","wikidata":"Q200229","_a":10,"_c":[7.16,44.97],"_nz":"萨伏依王朝","_sz":""}},
{"type":"Feature","geometry":{"type":"MultiPolygon","coordinates":[[[[9.49,43.02],[9.25,43.02],[9.17,42.76],[8.77,42.69],[8.53,42.5],[8.54,42.11],[8.78,41.72],[8.78,41.52],[9.1,41.33],[9.26,41.39],[9.58,41.98],[9.57,42.76],[9.49,43.02]]],[[[8.03,44.12],[7.71,44.12],[7.55,43.86],[7.55,43.8],[8.03,43.93],[8.03,44.06],[8.03,44.12]]],[[[8.35,44.32],[8.59,44.45],[9.16,44.45],[9.57,44.19],[9.97,44.12],[9.89,44.25],[9.4,44.45],[8.83,44.71],[8.83,44.65],[8.59,44.65],[8.35,44.45],[8.35,44.32]]]]},"properties":{"NAME":"Republic of Genoa","C":9,"name":"Republic of Genoa","start_year":1645,"end_year":1708,"capital":"","type":"polity","region":"","event":"","source":"Cliopatria / Seshat Global History Databank (CC BY 4.0)","wikipedia":"Republic of Genoa","wikidata":"Q174306","_a":8,"_c":[8.76,43.02],"_nz":"热那亚共和国","_sz":""}},
{"type":"Feature","geometry":{"type":"Polygon","coordinates":[[[43.81,12.69],[43.8,12.63],[45.05,12.76],[45.74,13.34],[46.18,13.4],[46.12,13.53],[46.58,13.91],[47.06,14.69],[46.95,15.33],[46.74,15.59],[46.83,15.78],[46.61,15.84],[46.48,16.16],[46.49,16.36],[46.35,16.42],[46.16,16.94],[45.95,17.13],[46.03,17.26],[45.82,17.39],[45.69,17.71],[45.34,18.03],[45.35,18.16],[44.99,18.41],[44.8,18.8],[44.58,18.93],[44.45,19.19],[44.36,18.93],[43.51,18.29],[43.55,17.77],[43.46,17.51],[43.24,17.39],[43.28,16.81],[43.04,16.49],[42.81,16.42],[42.71,15.78],[42.75,15.14],[42.89,15.07],[42.95,14.88],[43,14.24],[43.26,13.72],[43.25,13.4],[43.68,13.27],[43.81,12.69]]]},"properties":{"NAME":"Qasimids","C":9,"name":"Qasimids","start_year":1645,"end_year":1658,"capital":"","type":"polity","region":"","event":"","source":"Cliopatria / Seshat Global History Databank (CC BY 4.0)","wikipedia":"Rassid dynasty","wikidata":"Q5261548","_a":29,"_c":[44.89,15.91],"_nz":"卡西姆王朝","_sz":""}},
{"type":"Feature","geometry":{"type":"MultiPolygon","coordinates":[[[[-64.73,17.77],[-64.73,17.71],[-64.65,17.71],[-64.66,17.77],[-64.73,17.77]]],[[[-65.69,44.58],[-65.28,44.58],[-65.51,44.91],[-65.77,44.78],[-65.69,44.58]]],[[[-65.88,45.37],[-66,45.63],[-66.35,45.5],[-66.18,45.3],[-65.88,45.37]]],[[[-73.94,45.37],[-73.99,45.63],[-73.61,46.15],[-72.76,46.41],[-72.71,46.48],[-71.47,46.61],[-71.5,46.68],[-70.95,46.87],[-71.02,47.01],[-71.58,47.14],[-71.69,46.87],[-72.85,46.74],[-72.95,46.61],[-73.79,46.35],[-73.97,46.22],[-74.22,45.76],[-74.48,45.63],[-74.35,45.37],[-73.94,45.37]]],[[[46.79,-24.79],[46.58,-24.92],[46.53,-25.24],[46.97,-25.11],[47.09,-24.79],[46.79,-24.79]]],[[[-61.04,14.04],[-60.94,13.66],[-60.8,13.72],[-60.82,14.04],[-61.04,14.04]]],[[[-60.97,14.88],[-61.19,14.88],[-61.08,14.49],[-60.78,14.43],[-60.81,14.75],[-60.97,14.88]]],[[[-61.74,15.97],[-61.58,15.91],[-61.46,16.16],[-61.17,16.23],[-61.35,16.49],[-61.48,16.36],[-61.77,16.29],[-61.74,15.97]]],[[[-61.66,45.96],[-61.41,45.56],[-60.51,45.56],[-59.79,45.96],[-59.9,46.22],[-60.45,46.35],[-60.26,46.68],[-60.35,46.87],[-60.69,47.07],[-61.32,46.28],[-61.48,46.28],[-61.66,45.96]]]]},"properties":{"NAME":"New France","C":7,"name":"New France","start_year":1645,"end_year":1652,"capital":"","type":"polity","region":"","event":"","source":"Cliopatria / Seshat Global History Databank (CC BY 4.0)","wikipedia":"New France","wikidata":"Q170604","_a":8799,"_c":[-13.69,10.95],"_nz":"新法兰西","_sz":""}},
{"type":"Feature","geometry":{"type":"MultiPolygon","coordinates":[[[[57.18,-20.35],[57.19,-20.54],[57.57,-20.54],[57.7,-20.35],[57.67,-20.03],[57.45,-19.96],[57.18,-20.35]]],[[[-2.3,5.11],[-2.52,5.11],[-2.6,4.91],[-2.31,4.85],[-2.3,5.11]]],[[[-1.06,5.17],[-1.14,5.36],[-1.57,5.3],[-1.79,5.11],[-1.8,4.85],[-1.06,5.17]]],[[[-0.11,5.56],[-0.26,5.81],[-0.4,5.81],[-0.33,5.56],[-0.11,5.56]]],[[[80.31,12.76],[80.09,12.76],[80,12.5],[80.21,12.44],[80.31,12.76]]],[[[-17.45,14.69],[-17.23,14.69],[-16.93,14.36],[-16.77,13.91],[-16.62,13.91],[-16.56,14.3],[-16.71,14.3],[-16.79,14.56],[-17.16,14.81],[-17.39,14.88],[-17.45,14.69]]],[[[5.72,50.71],[5.97,50.78],[5.97,50.98],[5.71,51.05],[5.72,50.71]]],[[[5.94,51.78],[5.94,51.85],[6.53,51.85],[6.7,51.92],[6.7,52.05],[6.95,52.25],[6.94,52.38],[6.68,52.52],[6.68,52.65],[7.02,52.72],[7.18,53.26],[7.09,53.26],[6.74,53.53],[5.54,53.39],[5.21,53.12],[5.39,52.86],[5.14,52.79],[4.79,52.99],[4.53,52.86],[4.46,52.52],[4.22,52.32],[4.22,52.18],[3.81,51.92],[3.74,51.65],[3.4,51.65],[3.41,51.45],[3.5,51.25],[4.01,51.25],[4.34,51.45],[5.02,51.45],[5.37,51.25],[5.78,51.38],[5.77,51.78],[5.94,51.78]]],[[[123.81,-9.36],[123.74,-9.36],[123.42,-9.87],[123.51,-10.13],[123.22,-10.13],[123.17,-10.39],[123.83,-10.39],[124.11,-10.26],[124.4,-10.19],[124.46,-10.06],[124.93,-9.61],[124.92,-9.55],[124.83,-9.29],[125.04,-9.23],[125.02,-9.04],[124.8,-9.04],[124.72,-8.91],[124.52,-9.1],[124.38,-9.16],[124.26,-9.49],[123.97,-9.49],[123.81,-9.36]]],[[[122.93,-8.46],[123.15,-8.46],[123.16,-8.65],[123.52,-8.59],[123.51,-8.46],[123.73,-8.39],[123.78,-8.2],[123.28,-8.26],[123.21,-8.33],[122.91,-8.26],[122.93,-8.46]]],[[[124.36,-8.14],[124.37,-8.26],[124,-8.2],[123.8,-8.39],[123.96,-8.59],[124.17,-8.52],[124.97,-8.46],[125.02,-8.2],[124.36,-8.14]]],[[[106.73,-6.34],[106.79,-6.08],[106.35,-5.95],[106.3,-6.4],[106.73,-6.34]]],[[[133.92,-6.14],[133.95,-6.53],[133.87,-6.53],[133.97,-6.91],[134.33,-6.85],[134.38,-6.53],[134.68,-6.59],[134.53,-5.44],[134.31,-5.44],[134.18,-5.63],[134.21,-6.08],[133.92,-6.14]]],[[[127.81,-3.83],[128.25,-3.7],[128.24,-3.51],[127.8,-3.57],[127.81,-3.83]]],[[[101.72,2.54],[101.71,2.41],[101.85,2.28],[102.35,2.02],[102.42,2.02],[102.58,2.41],[102.67,2.73],[102.39,2.99],[102.1,3.05],[102.02,2.79],[101.72,2.54]]],[[[80.3,13.46],[80.15,13.4],[80.13,13.21],[80.41,13.08],[80.38,13.46],[80.3,13.46]]],[[[120.96,25.04],[120.91,24.84],[120.52,24.46],[120.35,24.01],[120.17,23.88],[120.12,23.3],[120.01,23.11],[120.14,23.04],[120.2,22.59],[120.44,22.34],[120.59,22.34],[120.67,21.95],[120.89,21.95],[121,22.53],[121.38,22.91],[121.55,23.36],[122.01,25.04],[121.77,25.29],[121.47,25.29],[120.96,25.04]]]]},"properties":{"NAME":"Dutch Republic","C":4,"name":"Dutch Republic","start_year":1648,"end_year":1652,"capital":"","type":"polity","region":"","event":"","source":"Cliopatria / Seshat Global History Databank (CC BY 4.0)","wikipedia":"Dutch Republic","wikidata":"Q170072","_a":11268,"_c":[58.62,16.5],"_nz":"荷兰共和国","_sz":""}},
{"type":"Feature","geometry":{"type":"MultiPolygon","coordinates":[[[[1.66,39],[1.65,39.13],[1.26,39.13],[1.18,39.06],[1.27,38.8],[1.43,38.8],[1.66,39]]],[[[3.52,39.77],[3.2,39.84],[3.19,39.97],[2.88,39.97],[2.34,39.64],[2.35,39.45],[2.66,39.51],[2.82,39.32],[3.3,39.32],[3.52,39.77]]],[[[-1.69,43.34],[-3.3,43.34],[-3.47,43.47],[-4.99,43.41],[-5.65,43.54],[-7.18,43.54],[-7.28,43.73],[-8.24,43.73],[-8.39,43.6],[-8.37,43.41],[-8.85,43.41],[-9.3,43.15],[-9.08,42.56],[-8.66,42.37],[-8.96,42.17],[-8.93,41.91],[-8.47,42.11],[-8.22,41.98],[-8.12,41.78],[-6.7,41.98],[-6.52,41.72],[-6.27,41.65],[-6.25,41.46],[-6.93,41],[-6.87,40.36],[-7.01,40.23],[-6.84,40.03],[-6.9,39.77],[-7.44,39.64],[-7.42,39.45],[-7.26,39.38],[-6.99,39],[-7.12,38.74],[-7.27,38.67],[-7.24,38.35],[-7,38.22],[-7.28,37.84],[-7.5,37.71],[-7.39,37.25],[-6.84,37.25],[-6.59,37],[-6.43,37],[-6.06,36.22],[-5.83,36.22],[-5.66,36.03],[-5.29,36.22],[-5.23,36.48],[-4.69,36.55],[-4.47,36.74],[-2.68,36.74],[-2.53,36.87],[-2.06,36.8],[-1.86,37.32],[-1.71,37.45],[-0.7,37.64],[-0.8,38.03],[-0.66,38.29],[0.1,38.74],[-0.31,39.13],[-0.35,39.71],[-0.2,39.97],[0.18,40.16],[0.25,40.42],[0.47,40.61],[0.71,40.68],[0.7,40.94],[1.24,41.2],[1.79,41.26],[1.94,41.59],[2.48,41.78],[2.54,42.24],[2.46,42.43],[1.81,42.56],[1.58,42.43],[1.49,42.63],[1.07,42.82],[0.04,42.69],[-0.21,42.82],[-0.53,42.82],[-1.03,43.08],[-1.43,43.08],[-1.44,43.28],[-1.69,43.34]]],[[[3.83,39.9],[4.3,39.84],[4.22,40.1],[3.74,40.1],[3.83,39.9]]],[[[4.08,45.96],[4.41,46.02],[4.31,46.28],[3.99,46.28],[4.08,45.96]]],[[[5.85,49.32],[5.86,49.25],[6.36,49.25],[6.27,49.45],[6.35,49.58],[6.34,49.78],[6.59,49.98],[6.58,50.11],[6.07,50.25],[5.97,50.78],[5.72,50.71],[5.9,50.38],[5.48,50.45],[4.82,50.05],[4.83,49.85],[5.08,49.78],[5.18,49.58],[5.26,49.58],[5.35,49.32],[5.69,49.32],[5.68,49.38],[5.68,49.58],[5.93,49.58],[6.02,49.38],[5.85,49.32]]],[[[2.24,51.11],[2.36,50.58],[3.21,50.38],[3.4,50.05],[4.49,49.98],[4.65,50.11],[4.65,50.25],[5.06,50.45],[5.05,50.71],[5.22,50.71],[5.37,51.25],[5.02,51.45],[4.34,51.45],[4.01,51.25],[3.5,51.25],[3.41,51.45],[2.74,51.31],[2.58,51.18],[2.24,51.11]]],[[[13.79,41.2],[13.95,41.13],[14.1,40.87],[14.42,40.87],[14.42,40.68],[14.89,40.68],[15.04,40.23],[15.2,40.23],[15.43,40.03],[15.9,39.77],[16.27,38.74],[15.95,38.67],[15.86,38.29],[14.76,38.16],[14.6,38.03],[13.67,37.96],[13.35,38.16],[13.12,38.16],[13.04,38.03],[12.65,38.09],[12.49,37.9],[12.49,37.71],[13.19,37.58],[13.58,37.25],[14.28,37.13],[14.66,36.74],[15.05,36.74],[15.21,37.19],[15.06,37.25],[15.07,37.64],[15.39,38.16],[15.62,38.16],[15.7,37.96],[15.93,37.96],[16.49,38.42],[16.5,38.8],[17.14,39.06],[17.07,39.38],[16.92,39.51],[16.45,39.64],[16.46,39.97],[16.7,40.1],[16.62,40.29],[16.86,40.29],[17.03,40.55],[17.35,40.55],[17.42,40.36],[17.81,40.36],[18.11,39.9],[18.35,39.9],[18.36,40.29],[17.98,40.61],[17.51,40.74],[17.44,40.87],[16.73,41.2],[15.94,41.39],[15.87,41.72],[16.11,41.78],[16.12,41.91],[15.24,41.91],[15.17,42.04],[14.92,41.98],[14.37,42.24],[13.9,42.76],[13.91,42.95],[13.58,42.89],[13.34,42.69],[13.1,42.69],[12.86,42.5],[13.01,42.04],[13.33,41.98],[13.41,41.85],[13.8,41.85],[13.96,41.72],[14.04,41.52],[13.79,41.2]]],[[[9.82,40.36],[9.82,40.74],[9.5,41.2],[9.02,41.26],[8.55,40.87],[8.15,40.94],[8.16,40.55],[8.32,40.48],[8.4,40.29],[8.32,39.97],[8.48,39.9],[8.41,39.51],[8.33,39.51],[8.34,39],[8.73,38.87],[8.97,38.87],[9.12,39.19],[9.59,39.13],[9.67,39.64],[9.75,39.64],[9.67,40.29],[9.82,40.36]]],[[[10.21,42.69],[10.46,42.69],[10.46,42.89],[10.13,42.89],[10.21,42.69]]],[[[10.62,43.08],[10.7,42.95],[10.94,42.89],[10.86,43.08],[10.62,43.08]]],[[[9.4,44.45],[9.32,44.91],[9.32,45.17],[9.97,45.17],[10.13,45.04],[10.45,45.04],[10.45,45.17],[9.88,45.3],[9.72,45.56],[9.47,45.56],[9.31,45.69],[9.31,45.89],[9.47,46.02],[9.39,46.22],[9.22,46.22],[8.9,45.89],[8.49,46.35],[8.32,46.41],[7.92,45.96],[8.01,45.69],[8.33,45.76],[8.58,45.56],[8.58,45.3],[8.34,45.3],[8.34,45.1],[8.5,45.04],[8.59,45.04],[8.75,44.97],[8.83,44.78],[8.83,44.71],[9.4,44.45]]],[[[5.82,47.86],[5.82,47.73],[5.58,47.66],[5.59,47.14],[5.43,47.07],[5.38,46.28],[5.95,46.35],[6.18,46.68],[6.27,46.68],[6.67,47.07],[6.83,47.07],[6.83,47.14],[6.99,47.27],[6.99,47.47],[6.9,47.47],[6.82,47.6],[6.9,47.6],[6.89,47.86],[6.89,47.93],[6.14,47.99],[5.82,47.86]]]]},"properties":{"NAME":"Kingdom of Spain","C":1,"name":"Kingdom of Spain","start_year":1648,"end_year":1652,"capital":"","type":"polity","region":"","event":"","source":"Cliopatria / Seshat Global History Databank (CC BY 4.0)","wikipedia":"Spain","wikidata":"Q29","_a":428,"_c":[4.57,43.74],"_nz":"西班牙王国","_sz":""}},
{"type":"Feature","geometry":{"type":"MultiPolygon","coordinates":[[[[-60.7,11.34],[-60.84,11.09],[-60.62,11.09],[-60.56,11.34],[-60.7,11.34]]],[[[34.16,50.45],[33.41,50.45],[33.09,50.58],[32.81,50.91],[32.25,51.11],[32.39,51.45],[33.09,51.58],[33.13,51.85],[32.88,51.85],[32.73,51.98],[32.96,52.32],[33.59,52.52],[33.57,52.86],[33.69,53.06],[33.19,53.12],[33.42,53.46],[32.97,53.8],[33,54.41],[33.38,54.61],[34.19,54.75],[34.49,54.95],[34.43,55.09],[34.71,55.16],[34.59,55.43],[34.81,56.05],[32.83,55.84],[32.81,56.18],[33.12,56.39],[32.32,56.8],[31.79,56.8],[31.48,56.59],[31.44,56.39],[30.64,56.32],[30.26,56.18],[30,56.18],[29.84,56.32],[29.88,56.52],[29.44,56.52],[29.41,56.39],[29.14,56.32],[29.1,56.59],[28.29,56.52],[28.49,56.66],[28.48,57.14],[28.12,57.14],[28.1,57.01],[27.72,56.87],[27.68,57.14],[27.8,57.35],[27.3,57.56],[26.89,57.21],[26.73,56.73],[26.53,56.59],[26.09,56.59],[25.45,56.39],[25.29,56.52],[24.86,56.59],[24.62,56.8],[23.89,56.66],[23.73,56.8],[23.47,56.8],[23.58,57.01],[23.41,57.08],[22.52,57.83],[21.6,57.63],[21.31,57.35],[21.28,57.08],[21,56.94],[20.84,56.18],[20.99,55.91],[21.25,55.84],[21.24,55.7],[21.64,55.36],[22.41,55.23],[22.81,54.89],[22.7,54.68],[22.66,54.27],[22.48,54.21],[22.55,54],[22.42,53.6],[21.29,53.46],[20.93,53.26],[20.67,53.26],[20.4,53.06],[19.97,53.12],[19.73,53.33],[19.74,53.46],[19.31,53.46],[19.21,53.33],[18.7,53.39],[18.81,53.66],[18.98,53.66],[19.25,53.87],[19.27,54.07],[19.45,54.21],[19.87,54.07],[19.86,53.87],[20.1,53.66],[20.27,53.66],[20.83,54.07],[20.75,54.21],[20.5,54.27],[20.14,54.21],[19.81,54.34],[19.82,54.48],[19.56,54.48],[19.46,54.34],[18.69,54.41],[18.45,54.68],[18.46,54.89],[17.5,54.89],[17.5,54.82],[17.56,54.41],[17.11,54.14],[17.17,53.66],[16.82,53.6],[16.66,53.8],[16.4,53.8],[16.48,53.6],[16.3,53.53],[16.02,53.12],[16.1,52.86],[15.49,52.65],[15.65,52.32],[15.81,52.12],[16.14,51.85],[16.13,51.71],[16.56,51.71],[16.72,51.58],[16.98,51.71],[17.32,51.71],[17.55,51.25],[17.97,51.25],[18.05,51.11],[18.71,50.85],[18.7,50.71],[19.19,50.38],[19.08,49.98],[19.24,49.85],[18.89,49.58],[18.88,49.45],[19.47,49.58],[19.87,49.18],[20.21,49.38],[20.45,49.25],[20.71,49.38],[21.8,49.38],[22.44,49.05],[22.78,49.12],[23.09,48.85],[23.83,48.72],[24.05,48.46],[24.38,48.39],[24.37,48.26],[24.69,48.13],[24.59,47.93],[24.91,47.8],[25.01,48.06],[25.54,48.39],[25.56,48.59],[25.25,48.79],[25.51,48.92],[25.98,48.65],[27.39,48.65],[27.54,48.46],[28.42,48.19],[28.56,47.93],[28.88,47.86],[29.03,47.73],[28.93,47.6],[28.98,47.33],[29.22,47.27],[29.39,47.33],[29.34,47.53],[29.51,47.6],[29.53,47.8],[29.8,47.93],[30.62,47.93],[30.89,48.06],[31.22,48.06],[31.57,48.19],[31.85,48.46],[32.29,48.59],[32.48,48.79],[33.01,48.99],[33.34,48.99],[33.36,49.12],[33.72,49.25],[34.05,49.25],[34.44,50.11],[34.39,50.31],[34.16,50.45]]]]},"properties":{"NAME":"Polish-Lithuanian Commonwealth","C":7,"name":"Polish-Lithuanian Commonwealth","start_year":1648,"end_year":1652,"capital":"","type":"polity","region":"","event":"","source":"Cliopatria / Seshat Global History Databank (CC BY 4.0)","wikipedia":"Polish-Lithuanian Commonwealth","wikidata":"Q172107","_a":4471,"_c":[-13.01,34.46],"_nz":"波兰-立陶宛联邦","_sz":""}},
{"type":"Feature","geometry":{"type":"MultiPolygon","coordinates":[[[[121.09,53.33],[120.67,53.53],[120.73,53.6],[119.59,54.07],[119.65,54.14],[118.88,54.34],[118.94,54.41],[117.36,54.68],[117.48,54.82],[116.85,54.89],[114.47,55.16],[114.53,55.23],[114.04,55.36],[113.02,55.5],[111.04,55.84],[110.72,55.98],[109.99,55.84],[109.68,54.95],[109.74,54.82],[109.51,54.55],[109.64,54.27],[108.83,53.26],[108.43,53.19],[107.9,52.72],[107.33,52.65],[106.82,52.32],[106.4,52.32],[106.01,51.78],[105.74,51.65],[104.83,51.45],[104.07,51.45],[103.57,51.58],[103.71,51.78],[103.16,51.85],[103.09,51.98],[102.26,52.25],[101.79,52.32],[101.63,52.45],[101.48,52.72],[100.6,52.92],[100.23,53.12],[100.16,53.39],[99.63,53.26],[99.01,52.86],[98.76,52.99],[97.81,52.99],[97.86,53.06],[96.81,53.39],[96.6,53.6],[95.91,53.6],[95.66,53.73],[95.67,53.87],[95.37,53.94],[95.34,54.14],[94.66,54.41],[94.57,54.41],[91.52,53.6],[91.43,53.46],[90.7,53.12],[89.97,52.65],[88.36,51.25],[87.96,50.98],[86.61,49.58],[86.75,49.38],[87.19,49.25],[87.33,49.05],[87.78,49.12],[87.73,48.85],[87.9,48.85],[88.06,48.52],[88.62,48.32],[88.64,48.19],[88.94,48.13],[89.03,47.99],[89.61,47.99],[89.71,47.86],[90.17,47.8],[91.03,46.55],[90.93,46.35],[90.99,46.15],[90.69,45.69],[89.93,45.3],[88.27,44.71],[87.55,44.19],[86.75,42.56],[90.22,41.91],[90.26,42.37],[90.19,42.56],[90.28,42.76],[90.18,42.89],[90.71,43.34],[91.49,43.47],[92.94,43.47],[92.91,43.41],[94.54,43.28],[94.63,43.15],[95.92,42.82],[96.15,42.63],[96.52,42.56],[96.52,42.24],[96.59,42.04],[96.95,41.98],[97.18,41.78],[97.95,41.72],[98.2,41.59],[99.26,41.46],[99.22,41.39],[99.75,41.33],[100.82,41.07],[101.12,40.87],[102.73,42.04],[103.75,41.85],[103.72,41.78],[104.47,41.85],[104.53,41.65],[104.97,41.59],[105.73,41.98],[106.86,42.3],[107.81,42.43],[109.33,42.43],[109.89,42.56],[110.4,42.76],[110.82,43.21],[111.89,43.67],[111.96,43.8],[111.76,43.99],[112.07,44.39],[113.44,44.65],[114.13,44.97],[114.74,45.43],[115.19,45.37],[115.88,45.56],[116.13,45.69],[116.47,46.22],[116.72,46.35],[117.13,46.35],[117.42,46.55],[118.62,46.74],[119.11,46.74],[119.27,46.61],[119.8,46.68],[119.94,46.87],[119.74,47.07],[119.75,47.2],[119.47,47.27],[119.32,47.53],[119.03,47.6],[119.04,47.73],[118.64,47.86],[118.48,47.99],[117.74,47.99],[117.31,47.73],[116.99,47.86],[116.16,47.86],[115.87,47.8],[115.58,47.86],[115.42,47.99],[116.68,49.78],[117.83,49.52],[118.54,49.91],[119.28,50.11],[119.15,50.38],[119.73,51.11],[120.19,51.78],[120.67,52.05],[120.67,52.25],[120.5,52.45],[120.53,52.59],[119.9,52.65],[120.42,53.06],[121.09,53.33]]],[[[109.11,53.94],[108.93,53.94],[108.6,53.73],[108.52,53.53],[108.87,53.53],[109.11,53.94]]]]},"properties":{"NAME":"Golden Horde","C":1,"name":"Golden Horde","start_year":1648,"end_year":1652,"capital":"","type":"polity","region":"","event":"","source":"Cliopatria / Seshat Global History Databank (CC BY 4.0)","wikipedia":"Golden Horde","wikidata":"Q79965","_a":523,"_c":[103.84,48.43],"_nz":"金帐汗国","_sz":""}},
{"type":"Feature","geometry":{"type":"MultiPolygon","coordinates":[[[[76.26,9.35],[76.56,9.41],[76.58,9.8],[76.45,9.99],[76.23,9.93],[76.36,9.8],[76.21,9.67],[76.26,9.35]]],[[[75.95,11.21],[75.81,11.41],[75.59,11.34],[75.73,11.21],[75.78,10.96],[75.93,10.96],[75.95,11.21]]],[[[75.41,11.92],[75.43,12.18],[75.29,12.31],[75.07,12.24],[75.21,12.11],[75.27,11.92],[75.41,11.92]]],[[[73.8,15.46],[73.79,15.33],[74.24,14.62],[74.31,14.62],[74.55,14.81],[74.52,15.26],[74.1,15.52],[73.8,15.46]]],[[[72.87,19.31],[72.84,18.99],[72.99,18.99],[73.08,19.12],[73.1,19.38],[72.87,19.31]]],[[[124.38,-9.16],[123.94,-9.23],[123.81,-9.36],[123.97,-9.49],[124.26,-9.49],[124.38,-9.16]]],[[[124.72,-8.91],[124.8,-9.04],[125.02,-9.04],[125.04,-9.23],[124.83,-9.29],[124.92,-9.55],[125,-9.55],[125.26,-9.29],[125.84,-9.16],[126.62,-8.91],[126.68,-8.78],[126.9,-8.78],[127.17,-8.59],[127.23,-8.39],[126.64,-8.33],[126.51,-8.46],[125.2,-8.52],[124.71,-8.84],[124.72,-8.91]]],[[[122.93,-8.46],[122.82,-8.07],[122.61,-8.07],[122.63,-8.33],[122.48,-8.33],[122.28,-8.52],[122.29,-8.65],[122.66,-8.71],[122.71,-8.46],[122.93,-8.46]]],[[[81.91,7.29],[81.92,7.42],[81.77,7.49],[81.79,7.68],[81.64,7.74],[81.65,7.87],[81.43,7.81],[81.42,7.61],[81.69,7.29],[81.91,7.29]]],[[[80.89,6.01],[80.84,6.33],[80.69,6.39],[80.71,6.78],[80.5,6.84],[80.51,6.97],[80.36,7.04],[80.37,7.23],[80.52,7.29],[80.61,7.55],[80.47,7.68],[80.37,8.51],[80.53,8.64],[80.75,8.71],[81.06,8.9],[81.06,8.96],[80.72,9.35],[80.73,9.48],[80.44,9.54],[80.45,9.74],[79.88,9.86],[79.86,9.67],[80.08,9.61],[79.99,9.41],[80.05,9.16],[79.81,8.77],[79.76,8.06],[79.62,8.06],[79.74,7.68],[79.76,6.65],[79.95,6.14],[80.23,5.88],[80.89,5.94],[80.89,6.01]]],[[[81.39,8.39],[81.19,8.64],[81.04,8.58],[81.09,8.32],[81.39,8.39]]],[[[113.42,22.14],[113.64,22.14],[113.69,22.4],[113.45,22.34],[113.42,22.14]]]]},"properties":{"NAME":"Portuguese Colonies","C":3,"name":"Portuguese Colonies","start_year":1648,"end_year":1652,"capital":"","type":"polity","region":"","event":"","source":"Cliopatria / Seshat Global History Databank (CC BY 4.0)","wikipedia":"Portuguese Empire","wikidata":"Q200464","_a":1738,"_c":[100.04,6.42],"_nz":"葡属殖民地","_sz":""}},
{"type":"Feature","geometry":{"type":"MultiPolygon","coordinates":[[[[17.37,43.21],[17.05,43.47],[16.82,43.73],[15.7,44.06],[15.55,44.25],[15.23,44.32],[15.23,44.45],[15.15,44.45],[15.22,44.06],[15.62,43.93],[15.86,43.8],[16.01,43.6],[15.93,43.47],[16.58,43.6],[16.73,43.54],[16.73,43.34],[17.05,43.41],[17.12,43.15],[17.37,43.21]]],[[[14.26,44.58],[14.5,44.52],[14.51,44.91],[14.27,44.97],[14.26,44.58]]],[[[14.03,45.04],[13.79,45.24],[14.12,45.5],[13.71,45.5],[13.54,45.3],[13.71,45.24],[13.78,44.91],[14.03,45.04]]],[[[12.24,44.84],[12.4,45.04],[12.16,45.17],[12.16,45.5],[12.65,45.56],[12.82,45.69],[13.06,45.63],[13.14,45.82],[13.31,45.82],[13.31,46.09],[13.48,46.15],[13.4,46.35],[13.56,46.55],[12.09,46.68],[11.84,46.48],[11.84,46.22],[11.68,46.09],[11.35,46.09],[11.02,45.76],[10.7,45.69],[10.45,45.96],[10.53,46.28],[10.37,46.35],[10.12,46.02],[9.47,46.02],[9.31,45.89],[9.31,45.69],[9.47,45.56],[9.72,45.56],[9.88,45.3],[10.45,45.17],[10.45,45.37],[10.62,45.43],[11.35,44.97],[12.24,44.97],[12.24,44.84]]],[[[24.92,35.39],[25.06,35.13],[25.29,35.13],[25.38,35.32],[25.07,35.32],[24.92,35.39]]],[[[22.87,36.16],[23.11,36.16],[23.12,36.35],[22.89,36.42],[22.87,36.16]]],[[[25.05,37.51],[25.29,37.51],[25.22,37.71],[24.99,37.71],[25.05,37.51]]],[[[20.61,37.71],[20.92,37.64],[20.93,37.9],[20.62,37.9],[20.61,37.71]]],[[[20.32,38.16],[20.79,38.09],[20.8,38.29],[20.57,38.42],[20.33,38.35],[20.32,38.16]]],[[[18.85,42.37],[18.71,42.82],[18.31,42.69],[18.3,42.63],[18.77,42.37],[18.85,42.37]]]]},"properties":{"NAME":"Republic of Venice","C":9,"name":"Republic of Venice","start_year":1648,"end_year":1672,"capital":"","type":"polity","region":"","event":"","source":"Cliopatria / Seshat Global History Databank (CC BY 4.0)","wikipedia":"Republic of Venice","wikidata":"Q4948","_a":186,"_c":[17.35,40.91],"_nz":"威尼斯共和国","_sz":""}},
{"type":"Feature","geometry":{"type":"MultiPolygon","coordinates":[[[[103.76,51.85],[104.01,52.32],[104.39,52.72],[105.22,53.26],[106.27,53.73],[106.45,54.07],[106.54,54.41],[106.42,54.48],[106.6,55.02],[106.51,55.02],[107.64,56.18],[109.26,57.14],[110.76,57.63],[113.43,59.71],[113.84,59.85],[113.96,60.07],[114.56,60.49],[116.62,61.69],[118.07,61.83],[118.47,61.69],[118.51,61.55],[118.99,61.48],[119.26,61.12],[119.21,60.56],[119.72,60.35],[119.65,60.28],[120.96,60.14],[121.54,60],[122.17,60.07],[122.82,60],[123.99,60.07],[127.58,61.48],[131.12,63.12],[133.36,63.41],[139.11,63.84],[142.55,64.35],[144.2,64.79],[144.9,65.08],[146.81,65],[151.63,65.66],[152.85,65.96],[156.43,67.97],[157.71,68.5],[158.28,68.95],[159.01,69.26],[160.72,69.49],[161.09,69.64],[160.76,69.79],[159.78,69.87],[160.17,70.49],[160.15,70.64],[159.39,70.95],[158.1,71.03],[158.24,71.11],[157.25,71.19],[155.5,71.19],[153.21,70.88],[152.49,70.88],[152.01,70.95],[152.22,71.19],[151.67,71.34],[150.57,71.42],[150.74,71.58],[149.92,71.58],[149.82,71.81],[150.13,72.05],[149.9,72.21],[149.14,72.37],[147.41,72.45],[145.88,71.81],[145.6,71.89],[146.01,72.13],[145.87,72.29],[146.5,72.29],[146.82,72.53],[146.06,72.69],[141.8,72.76],[140.92,72.92],[140.69,72.61],[140.24,72.53],[139.64,72.61],[139,72.29],[139.05,72.13],[139.41,71.97],[139.36,71.81],[139.7,71.58],[138.98,71.58],[139.02,71.74],[138.07,71.66],[137.77,71.34],[137.4,71.5],[136.33,71.74],[135.71,71.74],[134.72,71.5],[133.61,71.58],[132.88,71.97],[132.46,71.97],[131.84,71.5],[131.89,71.27],[131.1,70.88],[130.5,70.95],[130.04,71.27],[129.55,71.42],[129.11,71.81],[128.31,71.97],[129.16,72.05],[129.64,72.37],[129.47,72.53],[128.74,72.53],[129.22,72.76],[128.74,72.92],[129.12,73.16],[128.96,73.33],[127.05,73.65],[126.79,73.49],[125.86,73.57],[126.01,73.73],[125.37,73.73],[124.01,73.81],[123.46,73.73],[123.06,73.41],[123.36,73.33],[122.78,73.08],[120.56,73],[120.15,73.08],[120.29,73.25],[118.69,73.16],[118.4,73.33],[118.9,73.73],[117.09,73.73],[114.44,73.73],[113.36,73.57],[113.6,73.81],[112.99,74.05],[112.53,73.73],[111.48,73.89],[111.72,74.14],[111.3,74.14],[110.4,73.65],[108.16,73.41],[107.84,73.25],[106.15,73.25],[105.95,73],[104.91,72.76],[87.65,72.29],[87.57,72.21],[84.97,72.21],[84.89,72.13],[83.33,72.13],[82.52,71.81],[81.45,71.89],[80.76,72.05],[80.81,72.21],[79.67,72.45],[78.31,72.45],[78.32,72.69],[77.48,72.69],[76.85,72.45],[76.71,72.29],[77.37,72.21],[77.23,72.05],[76.68,72.13],[76.09,72.05],[75.97,71.66],[76.15,71.5],[77.19,71.27],[75.4,71.34],[75.49,71.58],[75.27,71.81],[75.77,72.53],[75.66,72.76],[74.86,72.92],[74.79,72.61],[75.01,72.37],[74.87,72.21],[74.43,72.05],[73.64,71.97],[73.45,71.74],[72.89,71.42],[73.67,71.11],[73.65,70.95],[74,70.88],[74.22,70.64],[74.04,70.41],[73.72,70.26],[73.41,69.72],[73.79,69.41],[73.66,69.11],[74.96,69.11],[75.48,69.26],[76.63,69.18],[76.57,69.11],[77.59,68.88],[77.57,68.73],[77.88,68.35],[77.25,68.05],[77.4,68.5],[77.31,68.65],[76.73,68.8],[76.75,68.95],[76.47,69.11],[74.59,68.88],[74.32,68.65],[74.2,68.35],[74.76,67.89],[74.65,67.74],[74,67.52],[73.48,66.92],[72.3,66.62],[72.1,66.33],[70.4,66.4],[71.03,66.62],[71.52,66.62],[71.52,66.92],[71.87,67],[72.02,67.22],[72.42,67.37],[72.73,67.67],[73.03,67.82],[73.24,68.12],[73.1,68.2],[73.63,68.65],[72.5,69.03],[72.61,69.72],[72.78,69.95],[72.5,70.26],[72.84,70.57],[72.69,70.64],[72.89,71.03],[72.56,71.27],[72.15,71.27],[71.81,71.5],[72.25,71.66],[72.66,72.05],[72.98,72.69],[71.78,73],[70.62,73],[70.55,72.92],[69.36,73],[69.02,72.84],[68.33,71.81],[68.11,71.66],[67.01,71.42],[66.53,71.03],[66.57,70.8],[67.19,70.8],[67.02,70.41],[67.17,70.18],[66.81,70.1],[66.6,69.64],[68.01,69.49],[68.05,69.11],[68.35,68.95],[68.95,68.95],[68.49,68.27],[68.09,68.42],[67.99,68.57],[67.25,68.8],[67.3,68.88],[66.2,69.03],[66.25,69.11],[64.89,69.33],[64.79,69.49],[63.88,69.64],[63.93,69.72],[61.95,69.79],[61.19,69.87],[60.12,70.1],[59.33,70.49],[58.62,70.49],[58.34,70.18],[58.45,70.02],[59.11,69.95],[59.48,69.72],[60.09,69.72],[60.05,69.49],[60.41,69.41],[60.48,69.18],[60.83,69.11],[60.7,68.88],[59.96,68.8],[59.74,68.42],[59.24,68.42],[59.13,68.57],[59.4,68.88],[59.09,69.03],[58.39,69.03],[57.84,68.95],[57.18,68.65],[55.62,68.73],[55.04,68.57],[54.73,68.35],[53.87,68.42],[53.79,68.65],[54.04,68.95],[53.28,69.03],[52.47,68.8],[52.25,68.57],[51.89,68.65],[51.52,68.5],[50.82,68.5],[49.29,67.97],[48.7,67.97],[48.7,67.74],[47.78,67.67],[47.82,67.52],[47.37,66.92],[45.81,66.92],[45.56,67.3],[44.93,67.44],[45.35,67.74],[46.66,67.82],[46.69,68.12],[46.45,68.27],[45.92,68.42],[45.61,68.65],[44.19,68.57],[44.22,68.65],[43.45,68.73],[43.46,68.5],[44.17,68.27],[43.94,67.67],[43.6,67.3],[43.74,67.15],[44.37,67],[44.13,66.62],[43.97,66.18],[43.61,66.25],[43.49,66.48],[41.96,66.55],[41.44,66.18],[40.4,65.96],[40.26,65.81],[39.61,65.59],[39.54,65.37],[39.88,65.22],[40.19,64.71],[39.43,64.71],[38.88,64.79],[38.21,64.79],[38.16,64.93],[36.92,65.3],[36.65,65],[36.32,64.86],[36.54,64.64],[37.13,64.35],[37.53,64.42],[37.89,64.35],[37.88,63.99],[37.39,63.91],[36.55,63.99],[36.25,64.28],[35.82,64.42],[34.98,64.49],[34.9,64.93],[34.73,65],[34.79,65.22],[34.44,65.37],[34.67,65.52],[34.87,65.88],[34.38,66.25],[33.63,66.33],[33.68,66.55],[33,66.55],[32.88,66.85],[32.51,66.92],[32.74,67.07],[33.06,66.77],[33.74,66.77],[34.11,66.7],[34.27,66.55],[34.95,66.55],[35.2,66.4],[35.57,66.33],[36.44,66.33],[36.42,66.25],[37.47,66.18],[38.68,66.03],[38.71,66.11],[39.8,66.18],[41.04,66.7],[41.39,67.15],[41.07,67.37],[41,67.74],[40.27,67.89],[39.97,68.2],[38.91,68.27],[38.01,68.57],[37.96,68.73],[36.28,69.11],[36.13,69.26],[34.82,69.26],[34.46,69.41],[33.44,69.33],[33.48,69.49],[32.9,69.56],[33.06,69.79],[32.48,69.87],[32.31,70.02],[31.91,70.02],[31.55,69.79],[30.96,69.87],[30.68,69.56],[30.19,69.64],[29.94,69.41],[29.32,69.33],[29.17,69.11],[28.85,69.03],[28.63,68.95],[28.42,68.42],[28.77,68.2],[29.34,68.12],[29.94,67.67],[29.13,67.15],[29.05,66.77],[29.87,66.03],[30.31,65.81],[30.21,65.37],[29.86,65.08],[29.81,64.86],[30.09,64.79],[29.93,64.49],[30.55,64.28],[30.5,64.06],[30.08,63.84],[30.05,63.7],[31.18,63.26],[31.57,62.9],[31.62,62.69],[32,62.69],[32.1,62.33],[32.06,61.69],[31.64,61.48],[31.61,61.34],[31.86,61.19],[31.89,60.91],[32.17,60.91],[32.09,60.56],[31.86,60.35],[31.82,60.14],[31.1,60.21],[30.75,59.78],[30.66,59.78],[30.61,59.57],[30.86,59.43],[30.3,59.36],[30.08,59.16],[29.54,59.16],[29.29,59.29],[28.75,59.29],[28.73,59.16],[28.17,59.09],[27.94,59.29],[27.73,59.16],[27.8,59.02],[27.72,58.53],[27.54,58.53],[27.48,58.18],[27.66,58.18],[27.94,58.25],[27.98,57.9],[27.72,57.97],[27.7,57.83],[27.3,57.56],[27.8,57.35],[27.68,57.14],[27.72,56.87],[28.1,57.01],[28.12,57.14],[28.48,57.14],[28.49,56.66],[28.29,56.52],[29.1,56.59],[29.14,56.32],[29.41,56.39],[29.44,56.52],[29.88,56.52],[29.84,56.32],[30,56.18],[30.26,56.18],[30.64,56.32],[31.44,56.39],[31.48,56.59],[31.79,56.8],[32.32,56.8],[33.12,56.39],[32.81,56.18],[32.83,55.84],[34.81,56.05],[34.59,55.43],[34.71,55.16],[34.43,55.09],[34.49,54.95],[34.19,54.75],[33.38,54.61],[33,54.41],[32.97,53.8],[33.42,53.46],[33.19,53.12],[33.69,53.06],[33.57,52.86],[33.59,52.52],[32.96,52.32],[32.73,51.98],[32.88,51.85],[33.13,51.85],[33.09,51.58],[32.39,51.45],[32.25,51.11],[32.81,50.91],[33.09,50.58],[33.41,50.45],[34.16,50.45],[34.04,50.71],[34.1,51.05],[34.3,51.25],[34.25,51.45],[34.53,51.58],[34.87,51.58],[35.43,51.38],[36.43,50.45],[37.04,50.51],[38.32,51.05],[38.84,51.11],[39.14,51.31],[39.66,51.38],[40.51,51.38],[40.97,51.18],[41.25,50.91],[41.29,50.71],[41.37,50.71],[42.09,50.91],[42.31,51.11],[42.73,51.11],[43.52,51.58],[44.47,51.65],[45.2,51.51],[45.3,51.25],[45.18,51.11],[45.2,50.85],[45,50.71],[44.76,50.11],[44.45,49.85],[44.37,49.52],[44.05,49.18],[43.77,48.32],[44.41,48.19],[45.06,47.8],[45.33,47.86],[45.37,47.66],[46.3,47.4],[46.69,46.94],[46.85,46.94],[47.25,46.55],[47.41,46.15],[46.9,45.69],[46.83,45.37],[46.64,45.24],[46.19,44.25],[46.72,43.73],[46.99,43.86],[47.32,43.86],[47.34,43.99],[47.01,44.32],[46.63,44.45],[46.69,44.71],[47.04,44.84],[47.33,45.43],[47.48,45.37],[47.57,45.76],[48.06,45.76],[48.35,45.96],[48.59,45.96],[48.64,46.15],[49.06,46.22],[49.3,46.55],[49.99,46.68],[50.3,46.94],[50.84,47.14],[51.58,47.14],[52.11,46.94],[52.18,47.53],[52.1,47.53],[52.26,48.13],[52.23,48.32],[52.05,48.59],[51.96,48.85],[52.02,49.38],[51.91,49.58],[51.92,49.91],[52.14,50.65],[52.05,50.65],[52.13,51.45],[52.58,52.32],[52.88,52.45],[54.24,52.45],[54.56,52.38],[54.84,52.18],[56.32,52.05],[56.58,52.05],[56.78,51.92],[57.44,51.85],[57.56,51.71],[57.96,51.65],[58.92,51.71],[59.93,51.92],[60.44,52.79],[60.94,53.39],[60.88,53.46],[61.19,54],[61.07,54.14],[61.5,55.16],[61.59,55.16],[61.92,55.91],[62.25,56.25],[62.66,56.39],[64.4,56.52],[69.54,56.73],[70.83,56.66],[70.99,56.8],[80.55,56.8],[80.51,56.73],[81.88,56.66],[81.84,56.59],[82.85,56.66],[83.21,56.8],[84.45,56.8],[84.4,56.59],[84.62,56.39],[84.58,56.18],[84.93,56.18],[85.02,55.91],[85.41,55.57],[85.32,55.43],[85.5,55.29],[85.41,55.16],[85.59,55.02],[85.5,54.89],[86.44,53.6],[86.53,53.33],[86.66,53.26],[89.06,53.66],[90.19,54.07],[92.68,54.68],[93.63,54.68],[94.28,54.61],[94.66,54.41],[95.34,54.14],[95.37,53.94],[95.67,53.87],[95.66,53.73],[95.91,53.6],[96.6,53.6],[96.81,53.39],[97.86,53.06],[97.81,52.99],[98.76,52.99],[99.01,52.86],[99.63,53.26],[100.16,53.39],[100.23,53.12],[100.6,52.92],[101.48,52.72],[101.63,52.45],[101.79,52.32],[102.26,52.25],[103.09,51.98],[103.16,51.85],[103.71,51.78],[103.76,51.85]]],[[[36.13,65.22],[35.46,65.22],[35.5,65],[36.09,65.08],[36.13,65.22]]],[[[48.34,68.73],[48.84,68.73],[49.7,68.88],[50.32,69.33],[49.49,69.49],[48.61,69.56],[48.24,69.41],[48.11,68.88],[48.34,68.73]]]]},"properties":{"NAME":"Tsardom of Russia","C":6,"name":"Tsardom of Russia","start_year":1648,"end_year":1652,"capital":"","type":"polity","region":"","event":"","source":"Cliopatria / Seshat Global History Databank (CC BY 4.0)","wikipedia":"Tsardom of Russia","wikidata":"Q186096","_a":4069,"_c":[94.2,58.94],"_nz":"沙皇俄国","_sz":""}},
{"type":"Feature","geometry":{"type":"Polygon","coordinates":[[[10.53,46.55],[10.45,46.55],[10.37,47.01],[10.2,46.87],[9.96,46.87],[9.63,47.14],[9.54,47.14],[9.46,47.27],[9.62,47.47],[9.62,47.53],[9.04,47.73],[8.88,47.73],[8.55,47.73],[8.47,47.6],[8.22,47.66],[8.06,47.33],[7.73,47.33],[7.56,47.53],[7.56,47.6],[7.4,47.47],[6.98,47.53],[6.99,47.47],[6.99,47.27],[6.83,47.14],[7.08,46.94],[6.51,46.87],[6.27,46.68],[6.18,46.68],[5.95,46.35],[6.03,46.22],[6.27,46.41],[6.68,46.41],[6.85,46.28],[6.86,46.02],[7.1,45.89],[7.92,45.96],[8.32,46.41],[8.49,46.35],[8.9,45.89],[9.22,46.22],[9.39,46.22],[9.47,46.02],[10.12,46.02],[10.37,46.35],[10.53,46.28],[10.53,46.48],[10.53,46.55]]]},"properties":{"NAME":"Swiss Confederation","C":2,"name":"Swiss Confederation","start_year":1648,"end_year":1672,"capital":"","type":"polity","region":"","event":"","source":"Cliopatria / Seshat Global History Databank (CC BY 4.0)","wikipedia":"Switzerland","wikidata":"Q39","_a":8,"_c":[8.24,46.81],"_nz":"瑞士邦联","_sz":""}},
{"type":"Feature","geometry":{"type":"MultiPolygon","coordinates":[[[[7.71,48.32],[7.55,47.93],[7.89,47.66],[7.56,47.53],[7.73,47.33],[8.06,47.33],[8.22,47.66],[8.21,48.13],[8.21,48.26],[7.71,48.32]]],[[[9.04,47.73],[9.29,47.8],[9.29,47.99],[8.96,47.99],[8.88,47.73],[9.04,47.73]]],[[[7.79,48.52],[7.95,48.52],[7.87,48.59],[7.79,48.59],[7.79,48.52]]],[[[10.53,48.26],[10.2,48.26],[10.12,48.06],[10.36,47.99],[10.53,48.19],[10.53,48.26]]],[[[9.45,48.46],[9.45,48.19],[9.78,48.32],[9.95,48.46],[9.45,48.46]]],[[[22.44,49.05],[21.8,49.38],[20.71,49.38],[20.45,49.25],[20.21,49.38],[19.87,49.18],[19.47,49.58],[18.88,49.45],[18.89,49.58],[19.24,49.85],[19.08,49.98],[19.19,50.38],[18.7,50.71],[18.71,50.85],[18.05,51.11],[17.97,51.25],[17.55,51.25],[17.32,51.71],[16.98,51.71],[16.72,51.58],[16.56,51.71],[16.13,51.71],[16.14,51.85],[15.81,52.12],[15.65,52.32],[15.47,52.18],[15.13,52.25],[14.95,52.05],[15.03,51.71],[14.85,51.58],[15.27,51.45],[15.17,51.05],[15,50.91],[14.58,50.91],[14.33,51.05],[14.15,50.85],[13.39,50.71],[12.8,50.38],[12.38,50.38],[12.12,50.25],[12.12,50.18],[12.37,49.98],[12.37,49.71],[12.53,49.52],[13.11,49.25],[13.36,48.99],[13.61,48.92],[14.1,48.65],[13.85,48.46],[13.18,48.06],[13.18,47.93],[13.42,47.66],[13.41,47.27],[13.66,47.27],[13.74,47.07],[13.08,47.01],[12.83,47.14],[12.18,47.07],[12.18,47.27],[12.51,47.4],[12.51,47.66],[11.6,47.6],[11.19,47.4],[10.61,47.6],[10.45,47.6],[10.37,47.33],[10.12,47.33],[9.95,47.53],[9.62,47.53],[9.62,47.47],[9.54,47.27],[9.54,47.2],[9.63,47.14],[9.96,46.87],[10.2,46.87],[10.37,47.01],[10.45,46.55],[10.53,46.55],[11.19,46.61],[11.27,46.41],[11.52,46.61],[12.09,46.68],[13.56,46.55],[13.4,46.35],[13.48,46.15],[13.31,46.09],[13.31,45.82],[13.71,45.76],[13.71,45.5],[14.12,45.5],[13.79,45.24],[14.03,45.04],[14.19,45.04],[14.2,45.37],[14.6,45.37],[14.6,45.17],[14.92,44.97],[14.91,44.58],[15.15,44.45],[15.23,44.45],[15.48,44.65],[15.8,44.71],[15.82,45.24],[15.98,45.24],[16.22,45.04],[16.47,45.24],[16.8,45.24],[16.8,45.43],[17.3,45.69],[17.23,45.89],[17.06,45.89],[17.07,46.15],[16.91,46.22],[17.26,46.74],[17.68,46.87],[18.17,46.87],[18.43,47.07],[18.53,47.47],[18.95,47.66],[19.21,47.93],[20.13,47.99],[20.68,47.66],[20.85,47.66],[21.03,47.93],[21.46,48.13],[21.47,48.32],[21.64,48.39],[21.74,48.65],[22.34,48.79],[22.44,49.05]]]]},"properties":{"NAME":"Habsburg Monarchy","C":1,"name":"Habsburg Monarchy","start_year":1648,"end_year":1652,"capital":"","type":"polity","region":"","event":"","source":"Cliopatria / Seshat Global History Databank (CC BY 4.0)","wikipedia":"Habsburg monarchy","wikidata":"Q66504140","_a":117,"_c":[15,48.39],"_nz":"哈布斯堡君主国","_sz":""}},
{"type":"Feature","geometry":{"type":"Polygon","coordinates":[[[77.07,35.52],[76.72,35.64],[76.56,35.9],[76.09,35.9],[75.97,36.03],[75.96,36.55],[75.78,36.74],[75.41,36.8],[75.31,37],[74.55,37.06],[74.11,36.87],[73.8,36.87],[73.69,37.06],[73.78,37.38],[73.66,37.51],[72.99,37.32],[72.68,37.06],[71.89,36.74],[71.58,36.74],[71.42,37],[71.57,37.84],[71.27,37.9],[71.36,38.22],[71.18,38.42],[70.71,38.42],[70.21,38.03],[70.16,37.84],[70.27,37.64],[70.08,37.51],[69.55,37.58],[69.35,37.13],[69.12,37.13],[69.01,37.32],[68.51,37.19],[68.71,37.06],[68.68,36.93],[68.88,36.8],[68.62,36.1],[68.42,36.22],[67.38,36.1],[66.96,36.29],[66.33,36.22],[66.31,35.13],[66.38,35.13],[66.21,34.36],[66.29,34.36],[66.15,33.71],[66.23,33.71],[66.13,33.26],[65.76,32.94],[65.77,32.62],[65.63,32.3],[65.59,31.72],[66.02,30.76],[65.99,30.18],[66.49,29.99],[66.69,29.86],[66.6,28.83],[66.67,28.83],[66.59,28.32],[66.66,28.32],[66.39,26.97],[66.42,26.71],[66.55,26.52],[66.23,25.81],[66.27,25.55],[66.35,25.55],[66.68,25.23],[66.63,24.84],[67.21,24.71],[67.29,24.07],[67.44,24.07],[67.49,23.88],[67.63,23.81],[68.16,23.81],[68.13,23.56],[68.35,23.56],[68.34,23.43],[68.55,23.36],[68.81,22.98],[69.45,22.72],[70.37,22.91],[70.26,22.66],[69.87,22.46],[69.5,22.46],[69.41,22.34],[68.98,22.46],[68.95,22.21],[69.35,21.76],[69.5,21.76],[69.9,21.37],[69.89,21.24],[70.3,20.86],[70.72,20.66],[71.09,20.66],[72.1,21.11],[72.28,21.37],[72.38,22.27],[72.53,22.27],[72.54,21.76],[72.76,21.69],[72.56,21.24],[72.9,20.92],[72.84,20.34],[72.66,20.09],[72.74,19.44],[72.97,19.51],[73.32,20.02],[73.86,20.21],[74.31,20.21],[74.72,19.96],[75.74,19.76],[76.43,19.38],[76.79,19.25],[77.09,19.25],[77.25,19.38],[77.97,19.25],[78.43,19.38],[79.25,19.38],[79.31,19.25],[79.81,19.12],[80,18.86],[80.36,18.8],[80.69,19.7],[80.48,19.76],[80.31,19.64],[79.8,19.64],[79.51,19.76],[79.55,20.02],[78.74,20.09],[78.88,20.66],[78.68,20.86],[78.7,21.05],[78.53,21.44],[79.15,21.69],[80.66,21.89],[80.87,22.34],[81.05,23.75],[81.38,23.94],[81.84,24.01],[84.29,23.94],[85.98,23.75],[86.12,23.69],[86.05,23.24],[85.41,21.82],[85.33,21.18],[84.81,20.02],[84.64,19.89],[84.61,19.64],[84.11,19.19],[83.98,18.8],[84.39,18.48],[84.4,18.54],[84.92,19.19],[85.41,19.57],[85.37,19.83],[85.52,19.83],[85.5,19.64],[86.11,19.76],[86.42,19.89],[86.44,20.02],[86.84,20.28],[86.79,20.47],[87.03,20.6],[86.97,20.73],[86.89,21.24],[87.07,21.44],[87.76,21.63],[88.1,21.95],[88.13,21.63],[88.35,21.56],[88.51,21.69],[88.64,22.08],[88.72,22.08],[88.73,21.63],[89.1,21.63],[89.12,21.76],[89.71,21.76],[89.87,21.82],[89.9,22.01],[90.16,21.76],[90.32,21.82],[90.43,22.08],[90.65,22.08],[90.86,22.01],[90.94,22.53],[90.8,22.59],[90.64,23.04],[90.64,23.49],[91.18,23.62],[91.46,24.01],[91.5,24.2],[91.28,24.26],[91.32,24.52],[91.31,24.84],[91.03,24.97],[91.06,25.16],[90.4,25.23],[90.39,26],[90.02,26],[89.6,26.19],[89.15,26.19],[88.88,26.32],[88.35,26.32],[88.15,26.45],[87.24,26.39],[87.11,26.52],[86.65,26.45],[86.31,26.64],[85.79,26.64],[85.74,26.77],[85.27,26.71],[85,26.84],[84.76,27.16],[84.43,27.42],[83.08,27.42],[82.54,27.74],[81.88,27.87],[81.19,28.19],[80.96,28.51],[80.68,28.64],[80.17,28.7],[80.17,29.09],[80.24,29.09],[80.35,29.6],[80.66,29.99],[81.01,30.18],[80.84,30.44],[80.26,30.56],[79.97,30.95],[79.45,31.01],[79.1,31.46],[78.81,31.53],[78.75,31.91],[78.56,32.04],[78.46,32.3],[78.54,32.62],[78.66,33.39],[78.59,33.39],[78.85,34.1],[78.68,34.04],[78.87,34.49],[78.23,34.68],[78.04,34.81],[77.49,35.07],[77.31,35.26],[77.1,35.32],[77.07,35.52]]]},"properties":{"NAME":"Mughal Empire","C":0,"name":"Mughal Empire","start_year":1648,"end_year":1652,"capital":"","type":"polity","region":"","event":"","source":"Cliopatria / Seshat Global History Databank (CC BY 4.0)","wikipedia":"Mughal Empire","wikidata":"Q33296","_a":517,"_c":[78.53,28.45],"_nz":"莫卧儿帝国","_sz":""}},
{"type":"Feature","geometry":{"type":"MultiPolygon","coordinates":[[[[-77.56,37.51],[-76.81,36.8],[-76.79,36.55],[-76.02,36.55],[-75.81,36.61],[-75.93,36.93],[-76.19,37],[-76.36,37.25],[-76.36,37.45],[-76.65,37.58],[-76.7,37.71],[-77.17,37.9],[-77.4,37.9],[-77.64,37.71],[-77.56,37.51]]],[[[-76.25,38.16],[-76.33,38.35],[-76.73,38.55],[-76.72,38.16],[-76.54,38.09],[-76.25,38.16]]],[[[-75.53,39.06],[-75.42,38.8],[-75.05,38.67],[-75.32,39.13],[-75.53,39.06]]],[[[-73.39,41.07],[-73.45,41.2],[-73.74,41.13],[-73.38,40.68],[-72.41,40.81],[-71.99,40.94],[-71.99,41.13],[-73.21,41],[-73.39,41.07]]],[[[-73.14,41.2],[-72.77,41.26],[-72.82,41.39],[-73.09,41.46],[-73.3,41.39],[-73.14,41.2]]],[[[-72.45,41.26],[-71.52,41.33],[-71.37,41.52],[-71.43,41.65],[-71.11,41.65],[-71.05,42.04],[-70.67,41.91],[-70.42,41.72],[-70.44,41.59],[-70.05,41.59],[-69.86,41.72],[-69.95,41.91],[-70.13,41.78],[-70.37,41.78],[-70.63,42.17],[-70.98,42.43],[-70.64,42.56],[-70.82,42.95],[-70.49,43.28],[-70.77,43.54],[-70.95,43.41],[-71.15,43.15],[-71.08,42.82],[-71.58,42.69],[-71.64,42.3],[-71.45,42.24],[-71.37,42.04],[-72.35,42.11],[-72.44,42.3],[-72.6,42.3],[-72.64,42.04],[-72.45,41.26]]],[[[-70.14,43.73],[-70.44,43.86],[-70.59,43.67],[-70.39,43.41],[-70.14,43.73]]],[[[-69.9,44.25],[-69.95,44.19],[-69.72,43.86],[-69.48,43.86],[-69.33,44.06],[-69.66,44.25],[-69.9,44.25]]],[[[-1.06,5.17],[-0.85,5.17],[-0.92,5.43],[-1.06,5.43],[-1.06,5.17]]],[[[-12.87,7.68],[-12.95,7.49],[-12.51,7.42],[-12.51,7.61],[-12.87,7.68]]],[[[80.31,12.76],[80.32,12.89],[80.33,12.95],[80.35,13.14],[80.2,13.14],[80.1,12.82],[80.31,12.76]]],[[[-59.52,13.34],[-59.67,13.34],[-59.57,13.01],[-59.36,13.08],[-59.52,13.34]]],[[[-61.86,17.13],[-61.76,16.94],[-61.62,16.94],[-61.64,17.19],[-61.86,17.13]]],[[[-64.66,17.77],[-64.74,17.84],[-64.73,17.77],[-64.66,17.77]]],[[[-52.85,46.81],[-52.62,47.47],[-52.76,47.8],[-52.92,47.8],[-53.06,47.53],[-53.22,47.73],[-53,47.99],[-53.5,47.99],[-53.5,47.8],[-53.64,47.73],[-53.31,47.14],[-53.34,46.81],[-53.46,46.68],[-53.02,46.61],[-52.85,46.81]]]]},"properties":{"NAME":"English Colonial Empire","C":11,"name":"English Colonial Empire","start_year":1648,"end_year":1652,"capital":"","type":"polity","region":"","event":"","source":"Cliopatria / Seshat Global History Databank (CC BY 4.0)","wikipedia":"English overseas possessions","wikidata":"Q617219","_a":6776,"_c":[1.35,26.62],"_nz":"英格兰殖民帝国","_sz":""}},
{"type":"Feature","geometry":{"type":"MultiPolygon","coordinates":[[[[12.4,52.18],[12.15,52.12],[12.23,51.92],[12.4,51.85],[12.31,51.58],[11.97,51.58],[12.05,51.38],[11.63,51.25],[10.61,51.38],[10.1,51.25],[10.36,51.11],[10.53,51.25],[11.2,51.25],[11.29,51.05],[11.88,50.98],[11.88,51.18],[12.05,51.31],[12.47,51.18],[12.55,50.91],[12.22,50.98],[12.05,50.85],[12.21,50.65],[11.96,50.58],[11.96,50.31],[12.12,50.25],[12.38,50.38],[12.8,50.38],[13.39,50.71],[14.15,50.85],[14.33,51.05],[14.58,50.91],[15,50.91],[15.17,51.05],[15.27,51.45],[14.85,51.58],[15.03,51.71],[14.95,52.05],[14.69,51.92],[14.62,52.12],[14.36,52.12],[13.94,52.32],[13.43,52.18],[13.42,52.05],[12.4,52.18]]],[[[10.87,51.45],[11.38,51.51],[11.46,51.65],[10.95,51.71],[10.87,51.45]]]]},"properties":{"NAME":"Electorate of Saxony","C":1,"name":"Electorate of Saxony","start_year":1648,"end_year":1682,"capital":"","type":"polity","region":"","event":"","source":"Cliopatria / Seshat Global History Databank (CC BY 4.0)","wikipedia":"Electorate of Saxony","wikidata":"Q156199","_a":11,"_c":[12.68,51.29],"_nz":"萨克森选侯国","_sz":""}},
{"type":"Feature","geometry":{"type":"MultiPolygon","coordinates":[[[[7.23,51.18],[7.48,51.18],[7.64,51.51],[7.56,51.65],[7.05,51.58],[7.06,51.31],[7.23,51.18]]],[[[6.45,51.85],[6.28,51.92],[5.94,51.85],[5.94,51.78],[6.12,51.58],[6.63,51.58],[6.88,51.65],[6.45,51.85]]],[[[8.4,52.05],[8.91,52.12],[8.82,52.45],[8.91,52.52],[8.14,52.59],[8.23,52.18],[7.97,52.12],[7.98,51.98],[8.4,51.92],[8.4,52.05]]],[[[7.29,52.38],[7.54,52.38],[7.55,52.12],[7.8,52.18],[7.71,52.52],[7.28,52.59],[7.29,52.38]]],[[[15.65,52.32],[15.49,52.65],[16.1,52.86],[16.02,53.12],[16.3,53.53],[16.48,53.6],[16.4,53.8],[16.66,53.8],[16.82,53.6],[17.17,53.66],[17.11,54.14],[17.56,54.41],[17.5,54.82],[16.62,54.68],[15.99,54.27],[15.04,54.21],[14.77,54.07],[14.66,53.53],[14.49,53.53],[14.48,53.12],[14.23,53.26],[14.32,53.39],[13.9,53.73],[13.64,53.66],[13.2,53.33],[12.17,53.39],[11.91,53.6],[11.74,53.6],[11.56,53.39],[11.31,53.46],[11.13,53.26],[11.39,53.19],[11.39,53.06],[10.79,52.99],[10.87,52.59],[11.13,52.38],[11.47,52.52],[11.72,52.38],[12.15,52.52],[12.33,52.65],[12.58,52.45],[12.4,52.18],[13.42,52.05],[13.43,52.18],[13.94,52.32],[14.36,52.12],[14.62,52.12],[14.69,51.92],[14.95,52.05],[15.13,52.25],[15.47,52.18],[15.65,52.32]]],[[[19.82,54.48],[19.81,54.34],[20.14,54.21],[20.5,54.27],[20.75,54.21],[20.83,54.07],[20.27,53.66],[20.1,53.66],[19.86,53.87],[19.87,54.07],[19.45,54.21],[19.27,54.07],[19.25,53.87],[18.98,53.66],[18.81,53.66],[18.7,53.39],[19.21,53.33],[19.31,53.46],[19.74,53.46],[19.73,53.33],[19.97,53.12],[20.4,53.06],[20.67,53.26],[20.93,53.26],[21.29,53.46],[22.42,53.6],[22.55,54],[22.48,54.21],[22.66,54.27],[22.7,54.68],[22.81,54.89],[22.41,55.23],[21.64,55.36],[21.24,55.7],[21.25,55.84],[20.99,55.91],[20.97,55.63],[21.2,55.36],[20.99,54.95],[20.73,54.95],[20.65,55.09],[19.95,55.02],[19.82,54.48]]]]},"properties":{"NAME":"Brandenburg-Prussia","C":2,"name":"Brandenburg-Prussia","start_year":1648,"end_year":1658,"capital":"","type":"polity","region":"","event":"","source":"Cliopatria / Seshat Global History Databank (CC BY 4.0)","wikipedia":"Brandenburg-Prussia","wikidata":"Q157367","_a":80,"_c":[14.38,53.55],"_nz":"勃兰登堡-普鲁士","_sz":""}},
{"type":"Feature","geometry":{"type":"MultiPolygon","coordinates":[[[[22.55,44.97],[22.14,44.97],[21.84,45.3],[21.52,45.37],[21.53,45.56],[22.38,46.02],[22.48,46.28],[22.41,46.48],[21.76,46.55],[21.62,46.81],[21.37,46.81],[21.13,46.94],[21.14,47.14],[20.82,47.2],[20.68,47.66],[20.13,47.99],[19.21,47.93],[18.95,47.66],[18.53,47.47],[18.43,47.07],[18.17,46.87],[17.68,46.87],[17.26,46.74],[16.91,46.22],[17.07,46.15],[17.06,45.89],[17.23,45.89],[17.3,45.69],[16.8,45.43],[16.8,45.24],[16.47,45.24],[16.22,45.04],[15.98,45.24],[15.82,45.24],[15.8,44.71],[15.48,44.65],[15.23,44.45],[15.23,44.32],[15.55,44.25],[15.7,44.06],[16.82,43.73],[17.05,43.47],[17.37,43.21],[17.52,43.08],[17.52,43.02],[18.08,43.02],[18.31,42.69],[18.71,42.82],[18.85,42.37],[18.85,42.3],[19.54,41.78],[19.45,41.52],[19.44,41.26],[19.5,40.87],[19.25,40.74],[19.25,40.61],[19.49,40.61],[19.47,40.29],[19.63,40.29],[20.01,39.97],[19.92,39.71],[20.15,39.71],[20.3,39.38],[20.91,39.06],[20.74,38.8],[20.97,38.74],[21.19,38.42],[21.74,38.35],[21.73,38.16],[21.42,38.16],[21.24,37.84],[21.7,37.51],[21.68,37.19],[21.74,36.87],[21.9,36.87],[21.91,37.06],[22.22,37.06],[22.36,36.67],[22.51,36.67],[22.6,36.87],[22.83,36.87],[23.06,36.67],[22.85,37.25],[22.7,37.32],[22.71,37.58],[23.1,37.51],[23.17,37.32],[23.4,37.32],[23.34,37.64],[23.11,37.64],[23.04,37.9],[23.21,38.03],[23.44,38.03],[23.98,37.84],[24,38.22],[24.16,38.22],[24.18,38.55],[24.03,38.67],[23.56,38.74],[23.63,38.48],[23.31,38.48],[23.17,38.67],[22.94,38.74],[23.03,38.93],[23.33,38.8],[23.49,38.87],[22.96,39.13],[22.8,39.06],[22.82,39.38],[23.14,39.45],[22.61,39.9],[22.54,40.1],[22.56,40.36],[22.65,40.61],[23.27,40.29],[23.74,40.23],[23.84,40.55],[23.68,40.61],[23.7,40.81],[24.01,40.74],[24.35,41],[25.38,41],[26.08,40.87],[26.14,40.61],[26.63,40.74],[26.92,40.48],[27.02,40.68],[27.53,41.07],[28.08,41],[28.17,41.13],[28.63,41],[29.12,41.07],[29.1,40.94],[29.25,40.81],[29.48,40.74],[28.91,40.61],[29.05,40.36],[27.94,40.36],[27.7,40.29],[27.47,40.42],[26.67,40.36],[26.6,40.48],[26.27,40.29],[26.13,39.51],[26.85,39.58],[26.74,39.26],[26.89,39.19],[26.96,39],[26.85,38.61],[27.08,38.55],[27.06,38.35],[26.59,38.35],[26.54,38.61],[26.38,38.67],[26.43,38.22],[26.82,38.22],[26.89,38.09],[27.28,38.03],[27.16,37.58],[27.31,37.45],[27.54,37.38],[27.6,37.13],[28.07,37.13],[28.14,37.06],[28.03,36.67],[28.19,36.67],[28.36,36.87],[28.59,36.87],[28.74,36.74],[29.12,36.74],[29.24,36.22],[29.94,36.22],[30.03,36.35],[30.49,36.35],[30.62,36.93],[31.09,36.93],[32.07,36.61],[32.5,36.22],[32.56,36.03],[32.71,36.03],[33.27,36.22],[33.98,36.29],[34.25,36.67],[34.58,36.87],[34.89,36.87],[34.95,36.67],[35.11,36.74],[35.49,36.61],[35.83,36.93],[36.14,36.93],[36.29,36.8],[36.26,36.61],[35.84,36.29],[35.99,36.22],[35.84,35.58],[35.99,35.52],[35.93,34.87],[36.07,34.74],[36.05,34.55],[35.79,34.29],[35.64,34.36],[35.68,33.97],[35.45,33.91],[35.5,33.65],[35.35,33.65],[35.4,33.39],[35.22,33.07],[35.06,33.01],[35.02,32.62],[34.77,32.36],[34.81,31.98],[34.57,31.85],[34.64,31.72],[34.55,31.53],[34.31,31.4],[34.3,31.27],[33.98,31.14],[32.83,31.01],[32.77,31.14],[32.53,31.08],[32,31.08],[31.88,31.46],[31.27,31.46],[30.97,31.53],[30.81,31.46],[30.35,31.46],[30.34,31.27],[29.88,31.27],[29.87,31.08],[29.63,30.95],[29.49,31.01],[29.4,30.82],[28.87,30.82],[28.5,31.01],[27.51,31.14],[27.3,31.34],[26.85,31.46],[25.25,31.46],[25.1,31.59],[25.11,31.79],[24.89,31.98],[24.13,31.98],[23.68,32.17],[23.3,32.17],[23.08,32.36],[23.09,32.62],[21.88,32.94],[21.41,32.75],[21.11,32.81],[20.87,32.62],[20.33,32.49],[20.25,32.24],[20.09,32.11],[20,31.59],[20.21,31.27],[20.13,31.14],[20.2,30.89],[19.97,30.69],[19.96,30.56],[19.66,30.37],[18.97,30.24],[18.9,30.37],[18.59,30.37],[18.22,30.76],[17.85,30.95],[16.86,31.21],[16.18,31.21],[15.65,31.4],[15.58,31.59],[15.42,31.66],[15.28,32.3],[15.06,32.43],[14.75,32.43],[14.67,32.56],[14.44,32.49],[14.07,32.75],[13.76,32.75],[13.76,32.88],[13.45,32.81],[13.3,32.94],[12.84,32.88],[12.84,32.75],[12.53,32.75],[12.23,32.81],[11.46,33.2],[11.16,33.2],[11.08,33.59],[10.7,33.52],[10.54,33.71],[10.24,33.71],[10.01,33.91],[10.08,34.23],[10,34.29],[10.54,34.55],[10.85,34.81],[10.85,34.94],[11.08,35],[11.01,35.39],[10.85,35.77],[10.7,35.71],[10.46,35.9],[10.54,36.35],[10.46,36.42],[11.01,36.8],[11.01,37],[10.85,37],[10.54,36.74],[10.23,36.8],[10.31,37.06],[10.23,37.25],[9.99,37.19],[9.6,37.32],[9.06,37.06],[8.9,37.13],[8.52,36.87],[7.74,36.87],[7.5,37.06],[7.35,37.06],[7.19,36.87],[6.8,36.87],[6.33,37.06],[6.1,36.93],[6.11,36.8],[5.64,36.8],[5.56,36.67],[5.1,36.67],[4.86,36.87],[4.47,36.93],[3.85,36.8],[3.46,36.87],[3.23,36.74],[2.84,36.74],[2.69,36.61],[2.38,36.67],[1.53,36.48],[1.22,36.55],[0.91,36.35],[0.38,36.22],[0.08,35.84],[-0.53,35.77],[-0.53,35.71],[-0.45,35.58],[-0.67,35.45],[-0.91,35.52],[-0.91,35.64],[-1.22,35.64],[-1.14,35.45],[-1.36,35.26],[-2.12,35.07],[-2.11,34.94],[-1.72,34.68],[-1.58,33.46],[-1.5,33.46],[-0.68,34.04],[-0.54,34.16],[-0.47,34.36],[0.3,34.36],[0.45,34.49],[0.68,34.42],[1.29,34.61],[1.53,34.55],[1.75,34.74],[1.91,34.61],[2.45,34.61],[2.92,34.36],[3.46,34.49],[3.84,34.42],[4.45,34.61],[5.15,34.55],[5.38,34.68],[6.15,34.68],[6.46,34.55],[6.92,34.61],[7.15,34.49],[7.61,34.55],[8,34.42],[8.08,34.23],[8.31,34.29],[8.93,34.16],[9.24,33.84],[9.32,33.59],[9.62,33.46],[9.55,33.33],[9.63,33.14],[10.08,33.14],[10.01,33.01],[10.39,33.01],[11.16,32.69],[11.31,32.49],[11.77,32.43],[11.77,32.3],[13.07,32.3],[13.07,32.17],[13.6,32.17],[14.28,31.91],[14.59,31.66],[14.58,31.53],[15.19,31.08],[15.18,30.89],[15.49,30.95],[16.7,30.69],[17.91,30.18],[18.73,29.99],[20.95,30.56],[21.94,30.56],[22.77,30.37],[23.51,29.99],[24.26,29.79],[24.33,29.67],[24.78,29.54],[24.85,29.34],[25,29.41],[25.15,29.28],[25.37,29.28],[25.59,28.96],[27.14,28.25],[28.15,27.35],[28.27,26.58],[28.35,26.58],[28.24,25.94],[28.29,25.16],[28.57,24.65],[28.79,24.52],[28.78,24.39],[29.15,24.07],[29.14,23.94],[29.58,23.62],[29.57,23.49],[30.01,23.11],[30.16,23.11],[30.74,22.66],[31.32,22.4],[31.17,22.27],[31.23,22.01],[31.46,22.08],[31.69,22.34],[32.06,22.21],[33.62,22.27],[35.05,22.59],[35.66,22.98],[35.81,22.91],[35.55,23.69],[35.56,23.94],[35.85,23.88],[35.86,24.01],[35.15,24.65],[34.61,25.81],[34.46,25.87],[34.2,26.52],[34.05,26.58],[34.07,26.97],[33.93,27.03],[33.8,27.42],[33.59,27.61],[33.61,27.99],[33.11,28.38],[32.84,28.89],[32.69,28.96],[32.44,29.79],[32.59,29.73],[32.86,29.22],[33.15,29.02],[33.19,28.51],[33.4,28.32],[33.55,28.32],[33.62,28.12],[34.12,27.74],[34.35,27.74],[34.36,27.93],[34.52,28.06],[34.75,29.28],[34.91,29.41],[34.85,28.57],[34.61,28.25],[34.59,28.06],[35.05,28.12],[35.41,27.87],[35.47,27.61],[35.61,27.54],[35.67,27.29],[36.16,26.77],[36.43,26.19],[36.72,26],[36.77,25.68],[37.27,25.23],[37.33,24.97],[37.17,24.78],[37.39,24.65],[37.44,24.33],[38.03,24.14],[38.6,23.62],[38.87,23.04],[38.86,22.85],[39.14,22.53],[39.03,21.76],[39.17,21.63],[39.15,21.18],[39.35,20.79],[39.84,20.28],[40.14,20.28],[40.56,19.83],[40.85,19.7],[40.84,19.51],[40.99,19.44],[41.04,19.12],[41.25,18.86],[41.24,18.61],[41.45,18.48],[41.78,17.84],[42.28,17.45],[42.34,17.13],[42.48,17.13],[42.82,16.49],[42.81,16.42],[43.04,16.49],[43.28,16.81],[43.24,17.39],[43.46,17.51],[43.55,17.77],[43.51,18.29],[44.36,18.93],[44.45,19.19],[44.38,19.25],[43.98,20.02],[43.83,19.96],[43.69,20.09],[43.69,20.21],[43.27,20.6],[43.14,20.92],[42.78,21.18],[42.45,21.82],[42.17,22.08],[42.17,22.21],[41.41,23.11],[40.87,24.14],[40.52,24.52],[40.39,24.91],[40.25,24.97],[39.92,25.74],[39.78,25.81],[39.58,26.26],[39.44,26.32],[39.04,27.09],[38.91,27.29],[38.76,27.35],[38.7,27.61],[38.42,27.87],[38.36,28.06],[38.22,28.19],[38.23,28.32],[37.95,28.57],[37.97,28.83],[37.68,28.96],[37.22,29.86],[37.16,30.05],[37.31,30.89],[37.83,31.66],[38.07,31.72],[38.01,31.91],[38.27,32.17],[38.29,32.36],[38.64,32.88],[38.89,33.07],[38.91,33.26],[39.42,33.65],[39.81,33.71],[39.9,33.91],[40.93,34.1],[41.58,33.78],[42.06,33.33],[42.58,33.14],[42.71,32.94],[43.15,32.81],[44.46,31.59],[44.44,31.46],[44.66,31.34],[45.14,30.89],[45.12,30.76],[45.68,30.31],[46.58,30.24],[46.57,30.12],[47.25,30.12],[47.16,29.99],[47.75,29.86],[47.96,29.67],[47.87,29.54],[48.4,29.6],[48.37,29.92],[48.6,29.99],[48.39,30.12],[48.41,30.31],[48.28,30.44],[48.05,30.44],[48.1,30.89],[47.74,31.01],[47.8,31.46],[47.98,31.72],[47.58,32.17],[47.6,32.3],[47.32,32.49],[46.95,32.56],[46.68,32.88],[46.23,32.94],[46.14,33.39],[45.59,33.91],[45.44,33.91],[45.65,34.29],[45.5,34.36],[45.54,34.61],[45.69,34.61],[45.81,34.94],[46.15,35.13],[46.06,35.58],[46.25,35.84],[45.79,35.84],[45.35,36.03],[45.38,36.22],[45.1,36.42],[45.06,36.67],[44.85,36.87],[44.77,37.38],[44.63,37.45],[44.59,37.71],[44.31,37.9],[44.45,38.35],[44.31,38.42],[44.31,38.93],[44.17,39],[44.07,39.38],[44.4,39.45],[44.52,39.71],[44.77,39.77],[44.42,40.03],[43.86,40.03],[43.65,40.16],[43.64,40.55],[43.77,40.87],[43.56,41],[43.58,41.13],[43.19,41.2],[42.86,41.59],[42.62,41.59],[42.44,41.46],[41.58,41.52],[41.31,41.33],[41.16,41.39],[41.05,41.2],[40.37,40.94],[39.74,40.94],[39.05,41.13],[38.78,40.94],[38.3,40.87],[38.16,41],[37.83,40.94],[37.77,41.07],[37.21,41.07],[36.77,41.33],[36.21,41.26],[35.95,41.72],[35.31,41.65],[35.09,41.78],[35.12,42.04],[34.88,42.04],[34.78,41.91],[32.63,41.91],[32.69,41.78],[32.03,41.52],[31.53,41.39],[31.18,41.07],[30.62,41.07],[30.48,41.2],[28.96,41.13],[28.98,41.26],[28.35,41.39],[28.22,41.65],[27.98,41.65],[28,41.91],[27.78,42.11],[27.8,42.24],[27.49,42.43],[27.51,42.63],[27.85,42.76],[27.8,43.15],[27.9,43.28],[28.23,43.34],[28.48,43.47],[28.62,43.99],[28.58,44.39],[28.84,44.58],[28.8,44.97],[29.05,44.97],[29.02,44.78],[29.53,44.91],[29.67,45.43],[29.61,45.69],[29.86,45.69],[30.04,45.89],[30.3,45.96],[30.88,46.68],[31.94,46.68],[31.99,47.01],[31.92,47.14],[31.19,47.2],[31.09,47.07],[29.75,46.87],[29.57,46.74],[28.89,46.48],[28.44,46.15],[28.51,46.02],[28.15,45.69],[28.12,45.43],[27.86,45.3],[28,45.04],[27.97,44.78],[27.8,44.71],[27.94,44.52],[27.83,44.19],[27.49,44.06],[26.28,44.06],[25.85,43.73],[25.43,43.6],[24.88,43.73],[24.15,43.67],[23.6,43.86],[22.95,43.8],[22.89,44.12],[22.5,44.32],[22.55,44.97]]],[[[24.92,35.39],[24.3,35.32],[24.16,35.52],[23.62,35.52],[23.61,35.32],[24.76,35.19],[24.82,35],[26.14,35.07],[26.23,35.19],[25.68,35.13],[25.69,35.32],[25.38,35.32],[25.29,35.13],[25.06,35.13],[24.92,35.39]]],[[[26.08,37.71],[25.99,37.51],[26.3,37.58],[26.08,37.71]]],[[[24.69,38.03],[24.68,37.84],[24.83,37.71],[25.07,37.77],[24.77,38.03],[24.69,38.03]]],[[[25.9,38.48],[25.88,38.16],[26.11,38.16],[26.22,38.55],[25.91,38.67],[25.9,38.48]]],[[[24.36,39],[24.36,38.87],[24.66,38.74],[24.67,38.93],[24.36,39]]],[[[26.09,39],[26.25,38.93],[26.64,39],[26.51,39.32],[26.04,39.38],[25.79,39.19],[26.1,39.13],[26.09,39]]],[[[25.07,40.03],[24.97,39.84],[25.45,39.84],[25.46,40.03],[25.07,40.03]]],[[[25.72,40.29],[25.7,40.1],[26.02,40.16],[26.04,40.29],[25.72,40.29]]],[[[24.49,40.81],[24.55,40.55],[24.79,40.61],[24.81,40.81],[24.49,40.81]]],[[[43.71,10.25],[44.87,10.06],[45.1,10.31],[45.11,10.51],[44.88,10.44],[44.37,10.44],[44.08,10.57],[43.73,10.96],[43.67,11.21],[43.32,11.54],[43.17,11.54],[43.08,11.21],[43.23,11.15],[43.5,10.57],[43.71,10.44],[43.71,10.25]]],[[[43.25,13.4],[43.24,13.08],[43.45,12.89],[43.44,12.69],[43.81,12.69],[43.68,13.27],[43.25,13.4]]],[[[39.74,15.26],[39.74,15.33],[39.46,15.71],[39.41,16.04],[39.26,16.04],[39.11,15.91],[39.1,15.78],[39.3,15.39],[39.74,15.26]]],[[[37.34,19.12],[37.1,18.74],[37.24,18.61],[37.54,18.61],[37.62,18.8],[37.34,19.12]]],[[[34.09,35],[33.96,35.26],[34.53,35.58],[34.31,35.71],[33.74,35.39],[32.89,35.39],[32.88,35.26],[32.55,35.13],[32.25,35.13],[32.23,34.94],[32.37,34.74],[33.04,34.55],[33.13,34.68],[33.52,34.74],[33.7,34.94],[34.09,35]]],[[[27.69,36.29],[27.74,35.9],[28.14,36.03],[28.25,36.48],[28.02,36.48],[27.69,36.29]]],[[[41.2,43.02],[41.12,43.02],[41.33,42.89],[41.2,43.02]]],[[[33.56,44.71],[33.52,44.45],[33.93,44.45],[34.38,44.78],[34.95,44.84],[35.39,45.04],[35.4,45.1],[34.57,44.97],[34.39,44.91],[34.03,44.65],[33.56,44.71]]],[[[36.26,45.43],[36.23,45.24],[36.38,45.17],[36.42,45.43],[36.26,45.43]]],[[[39.22,47.01],[39.48,47.07],[39.53,47.33],[39.39,47.47],[39.3,47.47],[39.22,47.01]]]]},"properties":{"NAME":"Ottoman Empire","C":6,"name":"Ottoman Empire","start_year":1648,"end_year":1661,"capital":"","type":"polity","region":"","event":"","source":"Cliopatria / Seshat Global History Databank (CC BY 4.0)","wikipedia":"Ottoman Empire","wikidata":"Q12560","_a":1924,"_c":[23.24,29.03],"_nz":"奥斯曼帝国","_sz":""}},
{"type":"Feature","geometry":{"type":"MultiPolygon","coordinates":[[[[110.18,18.48],[110.51,18.67],[110.68,19.25],[110.85,19.38],[110.88,19.57],[111.03,19.57],[111.09,19.89],[110.91,20.15],[110.61,20.15],[110.59,20.02],[110.16,20.09],[109.25,19.96],[109.2,19.7],[108.7,19.38],[108.64,18.54],[108.76,18.41],[109.12,18.35],[109.25,18.22],[109.84,18.22],[109.86,18.35],[110.18,18.48]]],[[[113.69,22.4],[113.6,22.72],[113.75,22.72],[113.79,22.53],[114,22.46],[114,22.08],[114.37,22.08],[114.53,22.14],[114.64,22.72],[114.75,22.53],[114.9,22.53],[115.17,22.79],[115.37,22.66],[115.67,22.66],[115.7,22.79],[116.54,22.91],[116.59,23.17],[116.81,23.17],[116.78,23.36],[116.89,23.56],[117.18,23.49],[117.47,23.81],[117.69,23.81],[117.72,23.94],[118.08,24.2],[118.15,24.52],[118.76,24.59],[118.82,24.84],[119.07,24.97],[119.03,25.1],[119.34,25.16],[119.47,25.36],[119.87,25.49],[119.9,25.62],[119.53,25.62],[119.78,26],[119.59,26.13],[119.94,26.32],[119.84,26.52],[120.16,26.58],[120.25,26.9],[120.39,27.16],[120.55,27.16],[120.73,27.54],[120.71,27.74],[120.87,27.99],[121.15,28.19],[121.65,28.32],[121.65,28.57],[121.74,29.09],[121.54,29.15],[121.59,29.54],[121.8,29.47],[121.71,29.22],[121.94,29.22],[121.93,29.41],[122.02,29.67],[122.03,29.92],[121.62,30.05],[121.48,30.31],[121.1,30.31],[120.81,30.12],[120.68,30.18],[121.05,30.56],[121.2,30.56],[121.52,30.82],[121.9,30.82],[122,31.08],[121.74,31.4],[121.91,31.46],[121.96,31.59],[121.96,31.98],[121.5,32.17],[121.4,32.3],[121.45,32.43],[120.92,32.62],[120.93,33.2],[120.55,33.59],[120.46,33.91],[119.14,33.33],[117.76,33.33],[117.66,33.46],[117.17,33.39],[117.2,33.26],[116.81,33.07],[116.12,33.07],[115.77,32.94],[115.59,33.07],[115.31,33.14],[114.36,32.88],[114.06,32.88],[114.03,33.01],[112.88,33.01],[112.45,32.88],[110.41,32.94],[109.8,32.75],[109.73,32.56],[109.91,32.43],[110.19,32.36],[110.22,32.24],[110.61,32.04],[110.48,31.66],[109.81,31.27],[109.45,31.34],[108.86,31.14],[108.78,30.69],[108.89,30.56],[108.66,30.31],[109.03,30.05],[109.03,29.79],[109.26,29.79],[109.37,29.67],[109.37,29.41],[109.54,29.22],[109.5,28.83],[109.39,28.7],[109.12,28.57],[108.86,28.96],[108.55,29.22],[108.59,29.34],[108.37,29.6],[107.61,29.6],[107.59,29.28],[107.4,29.15],[107.19,29.22],[106.95,28.89],[106.76,29.28],[106.61,29.28],[106.66,28.96],[106.48,28.83],[106.33,28.83],[106.17,29.09],[106.02,29.09],[105.61,28.7],[105.78,28.51],[106.14,28.44],[106.26,28.32],[106.13,28.12],[105.89,28.06],[105.53,28.12],[105.37,28.38],[104.94,28.19],[104.64,28.19],[104.68,28.89],[104.3,28.89],[104.29,28.57],[103.9,28.51],[103.87,28.12],[103.55,27.74],[103.32,27.74],[103.27,27.22],[103.43,26.97],[103.48,26.52],[103.28,26.32],[102.91,26.32],[102.64,26.13],[101.9,26.19],[101.66,26.45],[101.55,26.64],[101.69,26.9],[101.49,27.03],[101.54,27.22],[101.42,27.35],[101.45,27.48],[101.26,27.61],[101.26,27.93],[101.14,28.06],[100.75,27.99],[100.57,28.19],[100.82,28.57],[100.54,28.96],[100.33,29.02],[100.31,29.22],[99.98,28.83],[99.74,28.77],[99.7,28.32],[99.61,28.25],[99.43,28.44],[99.47,29.47],[99.24,29.15],[99.03,29.22],[98.87,28.32],[98.69,28.19],[98.45,28.44],[98.25,28.25],[98.02,28.25],[97.98,28.38],[97.56,28.51],[97.48,28.51],[97.34,27.93],[97,27.74],[96.94,27.48],[97.18,27.22],[97.16,27.16],[97.48,26.9],[97.47,26.52],[97.55,26.52],[97.32,25.81],[97.05,25.55],[96.97,25.16],[97.11,25.1],[97.21,24.84],[97.25,23.81],[97.55,23.81],[98.04,24.07],[98.49,24.07],[98.34,23.62],[98.54,23.49],[98.5,23.24],[98.34,23.17],[98.22,22.91],[98.42,22.79],[98.35,22.34],[98.5,22.34],[98.49,21.82],[98.62,21.69],[98.45,21.56],[98.42,21.37],[98.66,20.99],[98.47,20.73],[98.51,20.02],[99.18,20.02],[99.41,20.09],[99.67,20.34],[100.13,20.41],[100.24,20.66],[100.64,20.86],[100.69,21.18],[100.95,21.37],[101.25,21.44],[101.36,21.18],[101.81,21.18],[101.88,21.63],[101.64,22.01],[101.72,22.46],[102.15,22.4],[102.58,22.72],[102.87,22.66],[102.92,22.53],[103.22,22.53],[103.32,22.72],[103.77,22.72],[103.96,22.53],[104.15,22.79],[104.52,22.72],[104.84,22.85],[104.96,23.11],[105.21,23.3],[105.44,23.3],[105.49,23.17],[105.75,22.98],[106.2,22.98],[106.33,22.85],[106.71,22.91],[106.66,22.21],[107.1,21.76],[107.46,21.69],[107.59,21.56],[107.97,21.63],[108.1,21.5],[108.56,21.56],[108.65,21.69],[109.09,21.63],[109.12,21.37],[109.81,21.5],[109.87,21.44],[109.7,20.86],[109.79,20.54],[109.93,20.47],[109.88,20.21],[110.03,20.21],[110.57,20.34],[110.62,20.6],[110.36,20.86],[110.48,21.11],[110.72,21.18],[110.74,21.31],[110.98,21.44],[111.66,21.5],[111.86,21.76],[112.44,21.69],[112.77,21.89],[113.07,21.89],[113.11,22.08],[113.42,22.14],[113.45,22.34],[113.69,22.4]]],[[[122.27,30.18],[122.05,30.18],[121.98,29.99],[122.28,29.99],[122.27,30.18]]]]},"properties":{"NAME":"Southern Ming","C":5,"name":"Southern Ming","start_year":1648,"end_year":1652,"capital":"","type":"polity","region":"","event":"","source":"Cliopatria / Seshat Global History Databank (CC BY 4.0)","wikipedia":"Southern Ming","wikidata":"Q1198163","_a":398,"_c":[109.61,26.07],"_nz":"南明","_sz":""}},
{"type":"Feature","geometry":{"type":"Polygon","coordinates":[[[108.7,12.31],[108.64,11.66],[108.81,11.28],[108.89,11.28],[109.21,11.6],[109.32,12.56],[109.25,12.63],[108.96,12.63],[108.7,12.31]]]},"properties":{"NAME":"Chámpa","C":6,"name":"Chámpa","start_year":1648,"end_year":1652,"capital":"","type":"polity","region":"","event":"","source":"Cliopatria / Seshat Global History Databank (CC BY 4.0)","wikipedia":"Champa","wikidata":"Q216786","_a":1,"_c":[108.98,11.96],"_nz":"占婆","_sz":""}},
{"type":"Feature","geometry":{"type":"MultiPolygon","coordinates":[[[[-8.49,51.71],[-8.68,51.85],[-8.71,52.05],[-8.21,52.12],[-8.01,51.92],[-7.68,51.98],[-7.61,52.12],[-7.02,52.18],[-7.3,52.32],[-7.51,52.59],[-7.77,52.65],[-8.2,52.65],[-8.34,52.45],[-8.61,52.52],[-8.75,52.32],[-9.94,52.32],[-10.53,52.25],[-10.45,51.78],[-9.92,51.65],[-9.81,51.45],[-9.64,51.45],[-8.48,51.65],[-8.49,51.71]]],[[[-6.89,53.73],[-6.92,53.94],[-6.42,54.07],[-6.45,54.27],[-6.65,54.48],[-6.69,54.82],[-6.84,55.23],[-7.12,55.36],[-7.82,55.36],[-7.89,55.23],[-8.41,55.23],[-8.56,55.09],[-8.53,54.89],[-8.87,54.82],[-8.84,54.61],[-8.64,54.48],[-8.7,54.27],[-9.5,54.41],[-10.01,54.34],[-10.05,54.07],[-9.83,53.8],[-9.98,53.66],[-10.23,53.6],[-10.21,53.46],[-9.39,53.19],[-8.96,53.19],[-8.85,52.99],[-8.25,52.99],[-8.01,53.12],[-7.81,52.92],[-7.42,53.19],[-7.37,53.46],[-7.06,53.73],[-6.89,53.73]]]]},"properties":{"NAME":"Irish Catholic Confederation","C":1,"name":"Irish Catholic Confederation","start_year":1648,"end_year":1652,"capital":"","type":"polity","region":"","event":"","source":"Cliopatria / Seshat Global History Databank (CC BY 4.0)","wikipedia":"Confederate Ireland","wikidata":"Q1407718","_a":16,"_c":[-8.47,53.41],"_nz":"爱尔兰天主教联盟","_sz":""}},
{"type":"Feature","geometry":{"type":"Polygon","coordinates":[[[108.1,21.5],[107.97,21.63],[107.59,21.56],[107.46,21.69],[107.1,21.76],[106.66,22.21],[106.29,22.21],[105.57,22.34],[105.46,22.59],[105.31,22.59],[105.49,23.17],[105.44,23.3],[105.21,23.3],[104.96,23.11],[104.84,22.85],[104.52,22.72],[104.15,22.79],[103.96,22.53],[104.18,22.08],[104.45,21.89],[104.42,21.69],[104.56,21.69],[104.59,21.37],[104.73,21.37],[104.79,20.79],[104.5,20.41],[104.65,20.41],[104.98,20.15],[104.95,19.96],[104.69,19.7],[104.08,19.64],[103.96,19.31],[104.51,19.06],[104.62,18.86],[105.12,18.74],[105.25,18.61],[105.21,18.35],[105.53,18.03],[105.67,18.03],[106.06,18.16],[106.11,17.96],[106.55,17.96],[106.56,18.03],[105.73,18.86],[105.91,19.51],[105.85,19.57],[106.06,19.96],[106.54,20.15],[106.69,20.6],[106.83,20.6],[106.88,20.86],[107.42,20.99],[107.79,21.44],[108.1,21.5]]]},"properties":{"NAME":"Trịnh lords","C":9,"name":"Trịnh lords","start_year":1648,"end_year":1652,"capital":"","type":"polity","region":"","event":"","source":"Cliopatria / Seshat Global History Databank (CC BY 4.0)","wikipedia":"Trịnh lords","wikidata":"Q2267508","_a":22,"_c":[106.03,20.63],"_nz":"郑主","_sz":""}},
{"type":"Feature","geometry":{"type":"Polygon","coordinates":[[[76.43,19.38],[75.74,19.76],[74.72,19.96],[74.31,20.21],[73.86,20.21],[73.32,20.02],[72.97,19.51],[72.74,19.44],[72.87,19.31],[73.1,19.38],[73.08,19.12],[72.91,18.99],[72.93,18.48],[73.15,18.48],[73.17,18.61],[73.32,18.67],[74.22,18.74],[75.15,18.48],[75.63,18.16],[76.54,18.35],[76.5,18.67],[76.24,18.99],[76.43,19.38]]]},"properties":{"NAME":"Ahmadnagar Sultanate","C":3,"name":"Ahmadnagar Sultanate","start_year":1648,"end_year":1652,"capital":"","type":"polity","region":"","event":"","source":"Cliopatria / Seshat Global History Databank (CC BY 4.0)","wikipedia":"Ahmadnagar Sultanate","wikidata":"Q400998","_a":8,"_c":[74.64,19.19],"_nz":"艾哈迈德纳加尔苏丹国","_sz":""}},
{"type":"Feature","geometry":{"type":"Polygon","coordinates":[[[105.67,18.03],[105.53,18.03],[105.21,18.35],[105.25,18.61],[105.12,18.74],[104.62,18.86],[104.51,19.06],[103.96,19.31],[104.08,19.64],[104.69,19.7],[104.95,19.96],[104.98,20.15],[104.65,20.41],[104.5,20.41],[104.79,20.79],[104.73,21.37],[104.59,21.37],[104.56,21.69],[104.42,21.69],[104.45,21.89],[104.18,22.08],[103.96,22.53],[103.77,22.72],[103.32,22.72],[103.22,22.53],[102.92,22.53],[102.87,22.66],[102.58,22.72],[102.15,22.4],[101.72,22.46],[101.64,22.01],[101.88,21.63],[101.81,21.18],[101.36,21.18],[101.25,21.44],[100.95,21.37],[100.69,21.18],[100.64,20.86],[100.24,20.66],[100.13,20.41],[100.54,20.21],[100.6,20.09],[100.46,19.7],[100.66,19.51],[101.18,19.57],[101.4,19.06],[101.35,18.74],[101.18,18.61],[101.13,18.29],[101.27,18.22],[101.02,17.51],[101.31,17.51],[101.47,17.06],[101.61,17.06],[101.87,16.81],[102.1,16.87],[103.23,16.55],[103.06,16.36],[103.05,15.78],[103.23,15.52],[103.29,14.81],[103.61,14.49],[103.81,14.36],[104.92,14.43],[104.98,14.3],[105.28,14.3],[105.26,14.17],[105.69,14.11],[106.03,13.91],[106.17,14.43],[106.63,14.56],[106.89,14.3],[107.51,14.56],[107.69,15.33],[107.3,15.65],[107.5,16.04],[107.15,16.16],[106.97,16.42],[106.69,16.49],[106.61,16.94],[105.71,17.77],[105.67,18.03]]]},"properties":{"NAME":"Lan Xang","C":5,"name":"Lan Xang","start_year":1648,"end_year":1652,"capital":"","type":"polity","region":"","event":"","source":"Cliopatria / Seshat Global History Databank (CC BY 4.0)","wikipedia":"Lan Xang","wikidata":"Q853477","_a":67,"_c":[103.91,18.31],"_nz":"澜沧王国","_sz":""}},
{"type":"Feature","geometry":{"type":"MultiPolygon","coordinates":[[[[-8.49,51.71],[-8.08,51.78],[-8.02,51.98],[-8.21,52.12],[-8.71,52.05],[-8.68,51.85],[-8.49,51.71]]],[[[-0.2,54.21],[-0.67,54.61],[-1.29,54.68],[-1.49,54.95],[-1.63,55.57],[-2.11,55.91],[-2.27,55.77],[-2.24,55.5],[-2.65,55.23],[-2.5,54.61],[-2.55,54.27],[-2.27,54.14],[-2.26,54],[-2.58,53.8],[-3.1,53.73],[-3.15,53.46],[-3.32,53.39],[-4.16,53.26],[-4.27,53.46],[-4.7,53.46],[-4.67,53.19],[-4.49,53.12],[-4.81,52.92],[-4.79,52.79],[-4.3,52.92],[-4.16,52.45],[-4.39,52.25],[-4.89,52.18],[-5.3,51.98],[-5.26,51.71],[-5.08,51.58],[-4.42,51.71],[-4.31,51.51],[-3.89,51.58],[-3.7,51.38],[-3.28,51.38],[-3.09,51.25],[-4.2,51.31],[-4.43,51.05],[-4.68,51.05],[-4.66,50.85],[-4.82,50.78],[-4.88,50.58],[-5.13,50.58],[-5.28,50.38],[-5.77,50.25],[-5.75,50.05],[-5.15,49.98],[-4.93,50.25],[-4.35,50.38],[-4.09,50.25],[-3.58,50.25],[-3.46,50.65],[-2.79,50.71],[-2.61,50.58],[-1.52,50.71],[-1.51,50.58],[-1.18,50.58],[-1.11,50.78],[-1.37,50.85],[0.49,50.78],[1.31,51.11],[1.38,51.38],[0.86,51.51],[0.84,51.78],[1.18,51.78],[1.17,51.98],[1.43,51.98],[1.74,52.38],[1.72,52.72],[1.53,52.92],[1.09,53.06],[0.49,53.06],[0.34,52.86],[0.08,52.92],[0.32,53.12],[0.3,53.39],[0.02,53.6],[0,53.8],[-0.18,53.94],[-0.2,54.21]]],[[[-6.23,52.65],[-6.15,52.65],[-6.13,53.19],[-6.24,53.39],[-6.08,53.46],[-6.29,53.73],[-6.33,54.07],[-5.9,54.07],[-5.67,54.34],[-5.42,54.41],[-5.55,54.75],[-5.93,54.95],[-6.15,55.29],[-6.84,55.23],[-6.69,54.82],[-6.65,54.48],[-6.45,54.27],[-6.42,54.07],[-6.92,53.94],[-6.89,53.73],[-6.83,53.33],[-6.73,53.19],[-6.38,53.12],[-6.41,52.72],[-6.23,52.65]]],[[[-4.38,54.41],[-4.81,54.34],[-4.86,54.07],[-4.36,54.21],[-4.38,54.41]]]]},"properties":{"NAME":"Commonwealth of England","C":0,"name":"Commonwealth of England","start_year":1648,"end_year":1652,"capital":"","type":"polity","region":"","event":"","source":"Cliopatria / Seshat Global History Databank (CC BY 4.0)","wikipedia":"Commonwealth of England","wikidata":"Q330362","_a":62,"_c":[-3.49,52.94],"_nz":"英格兰联邦","_sz":""}},
{"type":"Feature","geometry":{"type":"Polygon","coordinates":[[[43.77,48.32],[44.05,49.18],[44.37,49.52],[44.45,49.85],[44.76,50.11],[45,50.71],[45.2,50.85],[45.18,51.11],[45.3,51.25],[45.2,51.51],[44.47,51.65],[43.52,51.58],[42.73,51.11],[42.31,51.11],[42.09,50.91],[41.37,50.71],[41.31,50.45],[41.35,50.25],[41.02,49.85],[39.96,49.58],[40.03,49.52],[39.95,49.12],[39.27,49.05],[39.01,48.59],[38.5,48.06],[38.35,47.66],[38.42,47.6],[39.22,47.47],[39.3,47.47],[39.39,47.47],[40.6,47.33],[40.74,47.2],[41.29,47.07],[41.46,47.53],[42.49,48.13],[43.27,48.32],[43.77,48.32]]]},"properties":{"NAME":"Astrakhan Khanate","C":3,"name":"Astrakhan Khanate","start_year":1648,"end_year":1661,"capital":"","type":"polity","region":"","event":"","source":"Cliopatria / Seshat Global History Databank (CC BY 4.0)","wikipedia":"Astrakhan Khanate","wikidata":"Q210163","_a":32,"_c":[41.83,49.36],"_nz":"阿斯特拉罕汗国","_sz":""}},
{"type":"Feature","geometry":{"type":"MultiPolygon","coordinates":[[[[36.26,45.43],[35.75,45.3],[35.02,45.3],[34.99,45.63],[34.74,45.63],[34.54,45.96],[34.15,46.09],[33.74,46.02],[33.71,45.82],[32.61,45.5],[33.22,45.24],[33.47,45.24],[33.61,45.1],[33.56,44.71],[34.03,44.65],[34.39,44.91],[34.57,44.97],[35.4,45.1],[35.41,45.17],[36.2,45.04],[36.38,45.17],[36.23,45.24],[36.26,45.43]]],[[[38.42,47.6],[37.84,47.6],[37.57,47.47],[37.46,47.27],[36.95,47.2],[36.73,47.33],[35.99,47.4],[35.94,47.6],[35.54,47.66],[35.05,47.66],[35.03,47.53],[34.38,47.6],[34.11,47.47],[34.08,47.27],[33.69,46.87],[32.92,46.61],[32.35,46.68],[32.06,46.35],[32.68,46.09],[32.95,46.22],[33.59,46.15],[33.61,46.28],[34.02,46.28],[34.08,46.15],[34.74,46.15],[34.76,46.28],[35.25,46.28],[35.63,46.68],[36.8,46.81],[36.91,46.94],[37.52,47.14],[38.68,47.2],[39.21,47.4],[39.22,47.47],[38.42,47.6]]]]},"properties":{"NAME":"Crimean Khanate","C":11,"name":"Crimean Khanate","start_year":1648,"end_year":1661,"capital":"","type":"polity","region":"","event":"","source":"Cliopatria / Seshat Global History Databank (CC BY 4.0)","wikipedia":"Crimean Khanate","wikidata":"Q160440","_a":22,"_c":[35.52,46.16],"_nz":"克里米亚汗国","_sz":""}},
{"type":"Feature","geometry":{"type":"MultiPolygon","coordinates":[[[[-35.01,-8.2],[-34.93,-8.14],[-34.92,-7.56],[-35.13,-7.49],[-35.36,-7.69],[-35.3,-8.07],[-35.01,-8.2]]],[[[-57.77,5.43],[-57.26,5.43],[-57.12,5.94],[-57.28,6.33],[-57.5,6.33],[-57.8,6.71],[-58.68,6.97],[-58.75,6.78],[-58.89,6.71],[-58.88,6.14],[-58.73,6.07],[-58.73,5.94],[-58.36,5.94],[-57.77,5.43]]],[[[-69.12,12.37],[-69.11,12.18],[-68.95,12.05],[-68.66,11.99],[-68.74,12.18],[-69.12,12.37]]],[[[-68.15,12.05],[-68.16,12.24],[-68.39,12.31],[-68.29,12.05],[-68.15,12.05]]],[[[-73.14,41.2],[-73.3,41.39],[-73.09,41.46],[-72.82,41.39],[-72.77,41.26],[-72.45,41.26],[-72.64,42.04],[-73.55,42.11],[-73.84,42.56],[-74.26,42.76],[-74.34,42.43],[-74.32,42.04],[-74.14,41.13],[-74.47,40.81],[-74.51,40.55],[-74.98,40.36],[-74.82,40.16],[-75.15,40.03],[-75.12,39.77],[-74.52,40.03],[-74.56,40.29],[-74.4,40.48],[-74.17,40.48],[-74.14,40.61],[-73.64,40.55],[-73.38,40.68],[-73.74,41.13],[-73.45,41.2],[-73.39,41.07],[-73.14,41.2]]]]},"properties":{"NAME":"New Netherland","C":3,"name":"New Netherland","start_year":1648,"end_year":1652,"capital":"","type":"polity","region":"","event":"","source":"Cliopatria / Seshat Global History Databank (CC BY 4.0)","wikipedia":"New Netherland","wikidata":"Q382593","_a":2050,"_c":[-55.03,17.28],"_nz":"新尼德兰","_sz":""}},
{"type":"Feature","geometry":{"type":"MultiPolygon","coordinates":[[[[50.67,26.07],[50.69,26.26],[50.46,26.26],[50.43,25.94],[50.65,25.87],[50.67,26.07]]],[[[57.83,41.26],[57.81,41.2],[57.03,40.61],[56.89,40.68],[56.39,39.9],[56.52,39.77],[56.47,39.58],[56.29,39.45],[56.08,38.87],[56.44,38.74],[56.37,38.42],[56.01,38.16],[55.54,38.16],[53.88,37.71],[53.91,37.45],[54.09,37.19],[54.03,36.87],[53.49,36.87],[52.59,36.61],[51.64,36.55],[50.53,36.87],[50.57,37.06],[50.32,37],[49.85,37.45],[49.09,37.51],[48.83,37.84],[48.8,39],[48.92,39.19],[49.15,39.19],[49.27,39.38],[49.4,40.1],[49.69,40.36],[50.26,40.42],[50.05,40.55],[49.51,40.61],[49.24,40.87],[49.27,41],[49.06,41.13],[49.09,41.26],[48.28,41.98],[48.12,41.98],[48.09,41.46],[47.81,41.26],[47.35,41.33],[47.03,41.72],[46.43,41.91],[46.23,42.11],[45.68,42.17],[45.68,42.56],[45.44,42.56],[45.16,42.76],[44.82,42.69],[44.76,42.37],[44.66,42.24],[44.49,41.78],[44.24,41.72],[44.13,41.52],[43.6,41.26],[43.58,41.13],[43.56,41],[43.77,40.87],[43.64,40.55],[43.65,40.16],[43.86,40.03],[44.42,40.03],[44.77,39.77],[44.52,39.71],[44.4,39.45],[44.07,39.38],[44.17,39],[44.31,38.93],[44.31,38.42],[44.45,38.35],[44.31,37.9],[44.59,37.71],[44.63,37.45],[44.77,37.38],[44.85,36.87],[45.06,36.67],[45.1,36.42],[45.38,36.22],[45.35,36.03],[45.79,35.84],[46.25,35.84],[46.06,35.58],[46.15,35.13],[45.81,34.94],[45.69,34.61],[45.54,34.61],[45.5,34.36],[45.65,34.29],[45.44,33.91],[45.59,33.91],[46.14,33.39],[46.23,32.94],[46.68,32.88],[46.95,32.56],[47.32,32.49],[47.6,32.3],[47.58,32.17],[47.98,31.72],[47.8,31.46],[47.74,31.01],[48.1,30.89],[48.05,30.44],[48.28,30.44],[48.41,30.31],[48.39,30.12],[48.6,29.99],[48.99,30.05],[48.94,30.31],[49.59,29.99],[50.06,30.18],[50.24,29.73],[50.65,29.41],[50.62,29.15],[50.92,29.09],[50.81,28.83],[51.03,28.77],[51.07,28.44],[51.33,28.12],[51.32,27.99],[51.6,27.8],[52.05,27.8],[52.48,27.61],[52.74,27.22],[53.46,26.97],[53.66,26.71],[54.26,26.71],[54.46,26.52],[54.83,26.45],[55.24,26.77],[55.29,26.52],[55.44,26.52],[55.6,26.64],[56.06,26.71],[56.31,26.9],[56.32,27.03],[56.19,27.16],[56.71,27.16],[57.05,26.84],[57.18,25.94],[57.38,25.74],[57.68,25.74],[57.74,25.62],[57.96,25.55],[58.78,25.55],[59.06,25.36],[60.63,25.36],[60.62,25.23],[60.92,25.23],[61.13,25.1],[61.66,25.16],[61.72,25.04],[62.02,25.04],[62.18,25.16],[62.47,25.1],[62.56,25.23],[63.54,25.23],[63.63,25.36],[64.23,25.36],[64.28,25.23],[64.8,25.16],[64.82,25.29],[66.02,25.36],[66.27,25.55],[66.23,25.81],[66.55,26.52],[66.42,26.71],[66.39,26.97],[66.66,28.32],[66.59,28.32],[66.67,28.83],[66.6,28.83],[66.69,29.86],[66.49,29.99],[65.99,30.18],[66.02,30.76],[65.59,31.72],[65.63,32.3],[65.77,32.62],[65.76,32.94],[66.13,33.26],[66.23,33.71],[66.15,33.71],[66.29,34.36],[66.21,34.36],[66.38,35.13],[66.31,35.13],[66.33,36.22],[66.36,36.67],[66.22,36.74],[66.17,37.19],[65.91,37.38],[65.94,37.51],[65.63,37.51],[65.24,37.84],[64.66,38.03],[64.37,38.42],[64.01,38.55],[63.84,38.8],[63.42,39],[63.25,39.26],[63.09,39.26],[62.65,39.71],[62.69,39.84],[62.32,40.23],[62.4,40.55],[62.3,40.74],[62.37,41],[62.38,41.33],[60.84,40.94],[60.13,40.94],[60,41.07],[57.83,41.26]]]]},"properties":{"NAME":"Safavid Dynasty","C":8,"name":"Safavid Dynasty","start_year":1648,"end_year":1705,"capital":"","type":"polity","region":"","event":"","source":"Cliopatria / Seshat Global History Databank (CC BY 4.0)","wikipedia":"Safavid dynasty","wikidata":"Q161205","_a":410,"_c":[55.13,33.9],"_nz":"萨法维王朝","_sz":""}},
{"type":"Feature","geometry":{"type":"MultiPolygon","coordinates":[[[[8.38,53.66],[8.46,53.6],[8.38,53.19],[8.73,53.06],[8.82,52.79],[9.33,52.99],[9.5,53.12],[9.33,53.39],[9.5,53.6],[9.24,53.87],[8.89,53.87],[8.81,53.87],[8.72,53.66],[8.38,53.73],[8.38,53.66]]],[[[11.31,54],[11.22,53.8],[11.48,53.8],[11.31,54]]],[[[14.77,54.07],[14.51,54],[14.5,53.73],[14.15,53.73],[14.17,54.07],[13.3,54.21],[13.74,54.27],[13.58,54.68],[13.23,54.75],[13.05,54.48],[12.44,54.48],[12.44,54.41],[13.12,53.66],[13.38,53.8],[13.64,53.66],[13.9,53.73],[14.32,53.39],[14.23,53.26],[14.48,53.12],[14.49,53.53],[14.66,53.53],[14.77,54.07]]],[[[18.6,57.97],[18.23,57.83],[18.03,57.56],[18.08,56.94],[18.34,56.94],[18.45,57.21],[18.91,57.42],[18.84,57.7],[19.05,57.97],[18.6,57.97]]],[[[21.88,58.53],[21.85,58.25],[22.29,58.18],[23.12,58.39],[23.23,58.6],[22.25,58.67],[22.15,58.53],[21.88,58.53]]],[[[22.37,58.88],[22.35,58.74],[22.9,58.81],[22.84,59.09],[22.49,59.16],[22.2,59.02],[22.37,58.88]]],[[[20.17,60.42],[19.72,60.49],[19.68,60.14],[19.95,60.07],[20.15,60.21],[20.17,60.42]]],[[[30.66,59.78],[30.38,59.78],[30.44,60.07],[30.28,60.21],[30.21,60.77],[29.8,61.05],[29.86,61.34],[30.44,61.48],[30.56,61.62],[31.02,61.62],[31.09,61.48],[31.61,61.34],[31.64,61.48],[32.06,61.69],[32.1,62.33],[32,62.69],[31.62,62.69],[31.57,62.9],[31.18,63.26],[30.05,63.7],[30.08,63.84],[30.5,64.06],[30.55,64.28],[29.93,64.49],[30.09,64.79],[29.81,64.86],[29.86,65.08],[30.21,65.37],[30.31,65.81],[29.87,66.03],[29.05,66.77],[29.13,67.15],[29.94,67.67],[29.34,68.12],[28.77,68.2],[28.42,68.42],[28.63,68.95],[28.85,69.03],[28.8,69.26],[29.27,69.56],[29.2,69.72],[28.51,69.79],[28.16,70.02],[26.52,69.95],[25.86,69.64],[25.76,69.11],[24.86,68.57],[24.4,68.8],[22.78,68.65],[22.79,68.73],[22.22,68.88],[21.77,69.26],[21.07,69.26],[20.85,69.11],[20.24,69.03],[20.21,68.8],[19.96,68.42],[18.09,68.57],[18.05,68.12],[17.05,68.05],[16.73,67.74],[16.23,67.59],[16.12,67.44],[16.4,67.3],[16.38,67.07],[15.78,66.77],[15.26,66.25],[14.57,66.11],[14.54,65.44],[14.04,65.08],[14.03,64.93],[13.64,64.71],[14.2,64.35],[14.1,64.13],[12.76,64.06],[12.19,63.77],[12.09,63.55],[12.18,63.19],[12.07,62.62],[12.25,62.4],[12.14,61.76],[12.78,61.41],[12.78,61.19],[12.31,60.98],[12.31,60.77],[12.49,60.7],[12.57,60.35],[12.38,60.07],[11.92,59.92],[12.01,59.43],[12,58.88],[12.09,58.88],[12.16,58.18],[11.89,57.97],[11.71,57.97],[11.79,57.42],[12.06,57.35],[12.14,57.08],[12.75,56.59],[12.75,56.52],[13.19,56.46],[13.46,56.59],[14.34,56.59],[15.93,56.52],[16.1,56.39],[16.27,56.25],[16.63,56.39],[16.74,56.8],[17.12,57.28],[16.95,57.42],[16.76,57.08],[16.48,56.87],[16.5,57.28],[16.69,57.42],[16.63,57.9],[16.81,58.04],[16.85,58.6],[17.13,58.74],[17.49,58.74],[17.5,58.88],[17.95,58.88],[18.14,59.09],[18.41,59.09],[18.35,59.43],[18.63,59.5],[18.83,59.71],[19.01,59.71],[19.03,60],[18.78,60.21],[18.5,60.21],[18.61,60.42],[17.26,60.77],[17.19,60.98],[17.24,61.69],[17.51,61.69],[17.36,62.05],[17.56,62.33],[17.96,62.62],[17.98,62.83],[18.35,62.83],[18.47,63.12],[18.75,63.12],[19.14,63.26],[19.35,63.48],[19.73,63.48],[19.83,63.62],[20.41,63.7],[20.81,63.91],[21.14,64.28],[21.54,64.42],[21.28,64.64],[21.21,64.93],[21.62,65.08],[21.76,65.44],[22.44,65.52],[22.47,65.74],[24.22,65.81],[25.23,65.52],[25.23,64.93],[24.56,64.93],[24.54,64.79],[24.01,64.42],[23.82,64.42],[23.28,63.99],[22.8,63.91],[22.78,63.77],[22.38,63.62],[22.37,63.48],[21.96,63.26],[21.5,63.34],[21.48,63.12],[21.28,63.05],[20.95,62.62],[21.21,62.47],[21.24,61.83],[21.5,61.69],[21.44,61.19],[21.25,61.12],[21.46,60.56],[21.74,60.56],[21.91,60.42],[22.36,60.42],[22.31,60],[23.05,60.07],[23.03,59.85],[23.76,59.92],[24.05,60.07],[24.5,60],[24.61,60.14],[25.82,60.28],[26.4,60.49],[26.75,60.42],[27.13,60.49],[28.24,60.56],[28.99,60.14],[29.66,60.28],[30.16,60.07],[29.94,59.85],[29.15,60],[28.85,59.85],[28.41,59.92],[28.29,59.78],[27.93,59.78],[27.88,59.5],[26.79,59.5],[26.45,59.64],[25.37,59.71],[25.35,59.57],[24.16,59.5],[23.96,59.36],[23.41,59.29],[23.41,58.53],[23.67,58.46],[23.82,58.25],[24.27,58.25],[24.23,57.28],[23.58,57.01],[23.47,56.8],[23.73,56.8],[23.89,56.66],[24.62,56.8],[24.86,56.59],[25.29,56.52],[25.45,56.39],[26.09,56.59],[26.53,56.59],[26.73,56.73],[26.89,57.21],[27.3,57.56],[27.7,57.83],[27.72,57.97],[27.66,58.18],[27.48,58.18],[27.54,58.53],[27.45,58.53],[27.37,59.16],[27.73,59.16],[27.94,59.29],[28.17,59.09],[28.73,59.16],[28.75,59.29],[29.29,59.29],[29.54,59.16],[30.08,59.16],[30.3,59.36],[30.86,59.43],[30.61,59.57],[30.66,59.78]]]]},"properties":{"NAME":"Swedish Empire","C":5,"name":"Swedish Empire","start_year":1648,"end_year":1652,"capital":"","type":"polity","region":"","event":"","source":"Cliopatria / Seshat Global History Databank (CC BY 4.0)","wikipedia":"Swedish Empire","wikidata":"Q215443","_a":410,"_c":[20.29,61.41],"_nz":"瑞典帝国","_sz":""}},
{"type":"Feature","geometry":{"type":"Polygon","coordinates":[[[101.2,33.78],[100.86,33.91],[98.85,34.1],[98.32,34.36],[98.29,34.49],[97.72,34.61],[97.68,34.74],[97.45,34.74],[96.55,35.26],[95.77,35.45],[93.54,36.61],[92.6,36.8],[92.36,37],[91.79,36.93],[91.39,36.67],[91.25,36.48],[90.26,36.55],[89.83,36.42],[89.71,36.55],[88.67,36.67],[87.24,36.35],[86.8,36.42],[86.52,36.29],[86.24,35.9],[85.89,35.77],[85.7,35.9],[85,35.9],[84.63,35.71],[83.88,35.77],[83.28,35.58],[82.81,35.58],[82.74,35.84],[82.35,35.84],[82.02,35.52],[81.67,35.39],[81.48,35.52],[80.22,35.45],[80.17,35],[80.02,34.74],[79.59,34.55],[79.45,34.04],[78.98,34.04],[78.93,33.52],[79.09,33.26],[79.36,33.14],[79.33,33.01],[79.51,32.81],[79.46,32.62],[79.11,32.43],[78.88,32.43],[78.71,32.69],[78.54,32.62],[78.46,32.3],[78.56,32.04],[78.75,31.91],[78.81,31.53],[79.1,31.46],[79.45,31.01],[79.97,30.95],[80.26,30.56],[80.84,30.44],[81.01,30.18],[81.3,30.12],[81.59,30.37],[82.04,30.37],[82.47,29.92],[83.31,29.6],[83.43,29.47],[83.45,29.22],[83.66,29.15],[83.84,29.28],[84.14,29.28],[84.27,29.15],[84.22,28.96],[84.41,28.77],[84.82,28.57],[85.2,28.57],[85.16,28.38],[85.35,28.25],[85.75,28.32],[85.98,27.99],[86.23,28.12],[86.28,27.99],[86.9,28.06],[87.45,27.8],[88.14,27.87],[88.48,28.06],[88.78,28.06],[88.95,27.8],[88.8,27.42],[88.95,27.42],[89.55,28.12],[89.89,28.32],[90.2,28.32],[90.21,28.38],[92.13,28.51],[93.15,28.7],[93.51,28.64],[93.83,28.7],[94.66,29.28],[95.42,29.02],[95.55,29.22],[95.97,29.41],[96.2,29.41],[96.32,29.28],[96.21,29.15],[96.24,28.96],[97.3,28.96],[97.56,28.83],[97.56,28.51],[97.98,28.38],[98.02,28.25],[98.25,28.25],[98.45,28.44],[98.69,28.19],[98.87,28.32],[99.03,29.22],[99.24,29.15],[99.47,29.47],[99.43,28.44],[99.61,28.25],[99.7,28.32],[99.74,28.77],[99.98,28.83],[100.31,29.22],[100.49,29.6],[100.68,29.73],[101.1,31.66],[101.18,31.66],[101.87,33.52],[101.2,33.78]]]},"properties":{"NAME":"Tibet","C":0,"name":"Tibet","start_year":1648,"end_year":1652,"capital":"","type":"polity","region":"","event":"","source":"Cliopatria / Seshat Global History Databank (CC BY 4.0)","wikipedia":"History of Tibet","wikidata":"Q521263","_a":224,"_c":[90.17,32.21],"_nz":"西藏","_sz":""}},
{"type":"Feature","geometry":{"type":"Polygon","coordinates":[[[100.34,38.61],[100.23,38.35],[99.81,38.48],[99.2,39.26],[98.91,39.13],[98.38,39.19],[98.22,39],[97.91,39],[97.21,39.38],[96.19,39.58],[96.22,39.64],[94.72,39.64],[94.51,39.51],[93.88,39.51],[93.51,39.38],[93.22,39.45],[92.59,39.26],[90.95,38.67],[90.88,38.48],[91.04,38.29],[90.94,38.03],[91.28,37.9],[91.45,37.71],[91.53,37.51],[91.46,37.32],[91,37.13],[90.94,36.93],[91.36,36.8],[91.39,36.67],[91.79,36.93],[92.36,37],[92.6,36.8],[93.54,36.61],[95.77,35.45],[96.55,35.26],[97.45,34.74],[97.68,34.74],[97.72,34.61],[98.29,34.49],[98.32,34.36],[98.85,34.1],[100.86,33.91],[101.2,33.78],[101.53,33.84],[101.69,34.1],[101.53,34.29],[101.07,34.29],[100.85,34.55],[100.92,34.74],[101.23,34.74],[101.83,34.49],[102.03,34.61],[102.1,34.81],[101.74,34.87],[101.71,35],[101.97,35.07],[102.14,35.32],[102.11,35.45],[102.42,35.64],[102.52,35.71],[102.92,36.35],[102.79,36.61],[102.84,36.74],[102.61,36.93],[102.69,37.13],[102.53,37.32],[102.25,37.38],[102.09,37.58],[102.1,37.77],[101.7,37.58],[101.55,37.77],[101.26,37.84],[101.24,37.96],[100.87,38.03],[100.75,38.29],[100.59,38.29],[100.34,38.61]]]},"properties":{"NAME":"Tümed","C":4,"name":"Tümed","start_year":1648,"end_year":1652,"capital":"","type":"polity","region":"","event":"","source":"Cliopatria / Seshat Global History Databank (CC BY 4.0)","wikipedia":"Tumed","wikidata":"Q3402317","_a":71,"_c":[96.9,36.71],"_nz":"土默特","_sz":""}},
{"type":"Feature","geometry":{"type":"MultiPolygon","coordinates":[[[[8.35,44.32],[8.35,44.45],[8.59,44.65],[8.59,44.71],[8.35,44.71],[8.11,44.52],[8.03,44.12],[8.03,44.06],[8.35,44.32]]],[[[6.51,46.87],[7.08,46.94],[6.83,47.14],[6.83,47.07],[6.67,47.07],[6.51,46.87]]],[[[6.98,47.6],[6.98,47.66],[6.82,47.53],[6.99,47.47],[6.98,47.6]]],[[[7.55,47.93],[7.56,47.6],[7.56,47.53],[7.89,47.66],[7.55,47.93]]],[[[7.2,48.99],[7.03,48.99],[7.03,48.85],[7.2,48.85],[7.2,48.99]]],[[[8.38,53.73],[8.72,53.66],[8.81,53.87],[8.46,53.94],[8.38,53.73]]],[[[10.21,43.93],[10.45,43.93],[10.62,43.8],[10.78,43.93],[10.86,44.25],[11.02,44.45],[11.1,44.71],[11.35,44.84],[11.35,44.97],[10.62,45.43],[10.45,45.37],[10.45,45.17],[10.45,45.04],[10.13,45.04],[9.97,45.17],[9.32,45.17],[9.32,44.91],[9.4,44.45],[9.89,44.25],[9.97,44.12],[9.97,44.06],[9.97,43.99],[10.21,43.93]]],[[[12.09,46.68],[11.52,46.61],[11.27,46.41],[11.19,46.61],[10.53,46.55],[10.53,46.48],[10.45,45.96],[10.7,45.69],[11.02,45.76],[11.35,46.09],[11.68,46.09],[11.84,46.22],[11.84,46.48],[12.09,46.68]]],[[[9.54,47.27],[9.46,47.27],[9.46,47.14],[9.63,47.14],[9.54,47.2],[9.54,47.27]]],[[[12.51,47.66],[12.51,47.4],[12.18,47.27],[12.18,47.07],[12.83,47.14],[13.08,47.01],[13.74,47.07],[13.66,47.27],[13.41,47.27],[13.42,47.66],[13.18,47.93],[13.18,48.06],[12.93,48.06],[12.92,47.73],[13,47.53],[12.51,47.66]]],[[[13.36,48.99],[13.19,48.85],[13.27,48.59],[13.77,48.59],[13.85,48.46],[14.1,48.65],[13.61,48.92],[13.36,48.99]]],[[[7.71,48.32],[8.21,48.26],[8.21,48.13],[8.22,47.66],[8.47,47.6],[8.55,47.73],[8.88,47.73],[8.96,47.99],[9.29,47.99],[9.29,47.8],[9.04,47.73],[9.62,47.53],[9.95,47.53],[10.12,47.33],[10.37,47.33],[10.45,47.6],[10.61,47.6],[10.69,47.73],[10.45,47.8],[10.53,48.19],[10.36,47.99],[10.12,48.06],[10.2,48.26],[10.53,48.26],[10.44,48.59],[10.28,48.85],[10.03,48.99],[10.03,49.12],[10.36,49.25],[10.61,48.92],[10.94,48.85],[11.03,48.99],[11.28,49.12],[11.03,49.25],[11.03,49.45],[11.28,49.52],[11.2,49.78],[11.7,49.91],[11.87,50.18],[12.12,50.18],[12.12,50.25],[11.96,50.31],[11.96,50.58],[12.21,50.65],[12.05,50.85],[12.22,50.98],[12.55,50.91],[12.47,51.18],[12.05,51.31],[11.88,51.18],[11.88,50.98],[11.29,51.05],[11.2,51.25],[10.53,51.25],[10.36,51.11],[10.1,51.25],[10.61,51.38],[11.63,51.25],[12.05,51.38],[11.97,51.58],[12.31,51.58],[12.4,51.85],[12.23,51.92],[12.15,52.12],[12.4,52.18],[12.58,52.45],[12.33,52.65],[12.15,52.52],[11.72,52.38],[11.47,52.52],[11.13,52.38],[10.87,52.59],[10.79,52.99],[11.39,53.06],[11.39,53.19],[11.13,53.26],[11.31,53.46],[11.56,53.39],[11.74,53.6],[11.91,53.6],[12.17,53.39],[13.2,53.33],[13.64,53.66],[13.38,53.8],[13.12,53.66],[12.44,54.41],[11.4,54.14],[11.48,53.8],[11.22,53.8],[11.31,54],[11.14,54.07],[10.79,54],[10.53,54],[10.36,53.87],[10.36,53.66],[10.01,53.73],[9.93,53.6],[9.5,53.6],[9.33,53.39],[9.5,53.12],[9.33,52.99],[8.82,52.79],[8.73,53.06],[8.38,53.19],[8.46,53.6],[8.38,53.66],[7.94,53.73],[7.08,53.73],[6.91,53.6],[6.92,53.39],[7.18,53.33],[7.18,53.26],[7.02,52.72],[6.68,52.65],[6.68,52.52],[6.94,52.38],[6.95,52.25],[6.7,52.05],[6.7,51.92],[6.53,51.85],[6.45,51.85],[6.88,51.65],[6.63,51.58],[6.12,51.58],[5.94,51.78],[5.77,51.78],[5.78,51.38],[5.37,51.25],[5.22,50.71],[5.05,50.71],[5.06,50.45],[4.65,50.25],[4.65,50.11],[4.82,50.05],[5.48,50.45],[5.9,50.38],[5.72,50.71],[5.71,51.05],[5.97,50.98],[5.97,50.78],[6.07,50.25],[6.58,50.11],[6.59,49.98],[6.34,49.78],[6.35,49.58],[7.01,49.65],[7.1,49.38],[6.85,49.45],[6.69,49.18],[6.86,49.12],[7.53,49.12],[7.36,48.92],[7.79,48.59],[7.87,48.59],[7.95,48.52],[7.71,48.52],[7.71,48.39],[7.71,48.32]],[[10.87,51.45],[10.95,51.71],[11.46,51.65],[11.38,51.51],[10.87,51.45]],[[9.45,48.46],[9.95,48.46],[9.78,48.32],[9.45,48.19],[9.45,48.46]],[[8.4,52.05],[8.4,51.92],[7.98,51.98],[7.97,52.12],[8.23,52.18],[8.14,52.59],[8.91,52.52],[8.82,52.45],[8.91,52.12],[8.4,52.05]],[[7.29,52.38],[7.28,52.59],[7.71,52.52],[7.8,52.18],[7.55,52.12],[7.54,52.38],[7.29,52.38]],[[7.23,51.18],[7.06,51.31],[7.05,51.58],[7.56,51.65],[7.64,51.51],[7.48,51.18],[7.23,51.18]]]]},"properties":{"NAME":"Holy Roman Empire Minor States","C":10,"name":"Holy Roman Empire Minor States","start_year":1648,"end_year":1652,"capital":"","type":"polity","region":"","event":"","source":"Cliopatria / Seshat Global History Databank (CC BY 4.0)","wikipedia":"Holy Roman Empire","wikidata":"Q12548","_a":100,"_c":[9.38,49.11],"_nz":"神圣罗马帝国诸小邦","_sz":""}},
{"type":"Feature","geometry":{"type":"MultiPolygon","coordinates":[[[[-34.92,-7.56],[-34.84,-7.49],[-34.83,-7.17],[-34.91,-7.17],[-34.96,-6.53],[-35.03,-6.34],[-35.18,-6.27],[-35.17,-5.82],[-35.3,-5.44],[-35.59,-5.11],[-36.68,-5.11],[-37.26,-4.86],[-37.33,-4.73],[-37.69,-4.6],[-38.55,-3.7],[-38.91,-3.57],[-39.13,-3.31],[-39.27,-3.31],[-39.42,-3.12],[-39.92,-2.86],[-40.94,-2.8],[-41.6,-2.93],[-41.89,-2.74],[-42.32,-2.8],[-43.19,-2.35],[-43.56,-2.35],[-43.92,-2.54],[-44.07,-2.54],[-44.14,-2.41],[-44.43,-2.41],[-44.43,-2.22],[-44.65,-2.16],[-44.57,-1.84],[-44.86,-1.71],[-44.93,-1.45],[-45.29,-1.45],[-45.44,-1.64],[-45.51,-1.32],[-46.6,-1],[-46.67,-0.81],[-47.25,-0.74],[-47.25,-0.61],[-47.54,-0.55],[-47.55,-0.74],[-48.27,-0.74],[-48.42,-0.87],[-48.42,-1.13],[-48.64,-1.32],[-48.64,-1.51],[-48.93,-1.51],[-48.56,-0.81],[-48.49,-0.23],[-49.51,-0.1],[-49.59,0.09],[-49.81,0.35],[-50.25,0.35],[-50.1,0.48],[-50.1,0.67],[-50.39,0.74],[-50.24,0.99],[-50.02,1.19],[-49.95,1.7],[-50.09,1.83],[-50.53,1.83],[-50.67,1.96],[-51.77,0.93],[-52.42,-0.29],[-53,-0.81],[-53.15,-0.81],[-53.23,-1.45],[-53.09,-1.71],[-52.36,-1.96],[-49.82,-2.29],[-49.82,-2.74],[-49.68,-2.86],[-49.39,-2.86],[-49.31,-2.35],[-48.21,-1.9],[-47.7,-1.84],[-46.47,-2.41],[-46.4,-2.67],[-46.25,-2.61],[-45.68,-3.12],[-45.68,-3.38],[-45.54,-3.57],[-45.04,-3.89],[-42.85,-4.09],[-42.71,-4.21],[-42.42,-4.15],[-41.4,-4.47],[-41.34,-4.66],[-41.12,-4.6],[-40.46,-4.79],[-39.96,-5.18],[-39.82,-5.18],[-39.75,-5.37],[-39.32,-5.76],[-38.49,-7.3],[-38.56,-7.43],[-38.35,-7.49],[-38.35,-7.62],[-37.99,-7.94],[-37.94,-8.59],[-38.09,-8.59],[-37.95,-8.84],[-38.11,-9.1],[-38.21,-9.87],[-38.46,-10.51],[-39.22,-11.16],[-39.53,-11.67],[-39.65,-12.51],[-39.58,-12.51],[-39.53,-13.02],[-39.8,-13.79],[-39.83,-14.24],[-39.9,-14.24],[-39.96,-15.08],[-39.88,-15.08],[-40.02,-15.91],[-40.17,-15.98],[-40.18,-16.17],[-40.5,-16.49],[-40.61,-16.94],[-40.76,-17.01],[-40.75,-17.71],[-41.03,-18.42],[-41.18,-18.42],[-41.15,-18.94],[-41.37,-19],[-41.33,-19.39],[-41.41,-19.39],[-41.44,-19.71],[-42.03,-20.48],[-42.32,-21.25],[-42.73,-21.64],[-42.75,-21.83],[-43.21,-22.02],[-43.38,-22.21],[-44.21,-22.34],[-45.45,-22.73],[-45.61,-22.86],[-46.43,-22.86],[-46.89,-22.99],[-48.14,-22.86],[-48.82,-22.92],[-48.93,-23.24],[-48.81,-23.5],[-48.6,-23.63],[-48.62,-23.76],[-48.42,-23.95],[-48.27,-23.95],[-48.22,-24.14],[-48.08,-24.21],[-47.95,-24.98],[-47.38,-24.59],[-47.23,-24.59],[-46.88,-24.21],[-46.34,-24.08],[-46.09,-23.82],[-45.57,-23.89],[-45.59,-24.02],[-45.37,-24.02],[-45.34,-23.76],[-45.48,-23.69],[-44.92,-23.37],[-44.7,-23.37],[-44.74,-23.05],[-43.83,-22.99],[-43.85,-23.11],[-43.4,-23.11],[-43.24,-22.99],[-42.12,-22.99],[-42.03,-22.79],[-42.08,-22.6],[-41.91,-22.41],[-41.14,-22.15],[-41.04,-21.83],[-41.07,-21.38],[-40.9,-21.19],[-40.88,-20.93],[-40.41,-20.61],[-40.2,-19.9],[-39.8,-19.58],[-39.77,-18.36],[-39.59,-18.04],[-39.28,-17.78],[-39.29,-17.01],[-39.02,-16.43],[-38.95,-15.46],[-39.14,-14.95],[-39.01,-14.11],[-39.03,-13.28],[-38.88,-13.09],[-38.36,-13.02],[-38.13,-12.83],[-37.73,-12.19],[-37.64,-11.8],[-37.48,-11.67],[-37.47,-11.41],[-37.25,-11.29],[-37.24,-11.09],[-36.78,-10.64],[-36.26,-10.39],[-35.71,-9.55],[-35.41,-9.36],[-35.17,-8.71],[-35.02,-8.59],[-35.01,-8.2],[-35.3,-8.07],[-35.36,-7.69],[-35.13,-7.49],[-34.92,-7.56]]],[[[6.3,0.29],[6.38,0.03],[6.66,0.16],[6.67,0.41],[6.3,0.35],[6.3,0.29]]],[[[-16,12.44],[-16.08,12.76],[-16.6,12.82],[-16.59,12.63],[-16.81,12.63],[-16.81,12.37],[-16.58,12.18],[-15.92,12.18],[-16,12.44]]],[[[-24.29,14.75],[-24.23,15.07],[-24.45,15.07],[-24.36,14.75],[-24.29,14.75]]],[[[-23.41,14.88],[-23.42,15.14],[-23.58,15.33],[-23.73,15.33],[-23.78,14.94],[-23.41,14.88]]],[[[-23.13,15.07],[-22.99,15.2],[-23.06,15.33],[-23.28,15.26],[-23.13,15.07]]],[[[-22.88,16.23],[-22.94,15.97],[-22.65,15.97],[-22.58,16.16],[-22.88,16.23]]],[[[-24.37,16.61],[-24.37,16.49],[-24.08,16.55],[-24.08,16.68],[-24.37,16.61]]],[[[-24.97,16.74],[-24.82,16.74],[-24.99,17.26],[-25.29,17.19],[-25.35,17.06],[-25.27,16.87],[-25.05,16.94],[-24.97,16.74]]],[[[-8.45,32.94],[-8.7,33.2],[-9.05,32.88],[-9.05,32.81],[-8.73,32.62],[-8.44,32.88],[-8.45,32.94]]],[[[-6,35.39],[-5.77,35.39],[-5.72,35.77],[-5.95,35.71],[-6,35.39]]],[[[34.93,-23.82],[35.03,-24.21],[35.33,-24.27],[35.47,-24.08],[35.38,-23.82],[34.93,-23.82]]],[[[34.25,-19.84],[34.34,-20.16],[34.57,-20.29],[34.71,-20.16],[34.54,-19.58],[34.25,-19.84]]],[[[37.63,-17.59],[37.7,-17.46],[37.26,-17.39],[37.34,-17.65],[37.63,-17.59]]],[[[40.17,-14.95],[40.55,-15.34],[40.75,-14.69],[40.53,-14.76],[40.31,-14.69],[40.17,-14.95]]],[[[12.82,-13.02],[13.55,-12.83],[13.63,-12.44],[13.48,-12.31],[13.33,-12.44],[12.89,-12.64],[12.82,-13.02]]],[[[13.25,-8.46],[13.25,-8.71],[12.89,-8.91],[12.89,-9.23],[13.11,-9.49],[13.32,-9.29],[13.32,-9.16],[13.54,-9.1],[13.62,-8.71],[13.47,-8.52],[13.25,-8.46]]],[[[39.52,-7.81],[39.53,-8.01],[39.67,-8.01],[39.82,-7.88],[39.81,-7.69],[39.67,-7.69],[39.52,-7.81]]],[[[39.06,-6.21],[39.43,-6.53],[39.49,-6.14],[39.35,-6.14],[39.34,-5.89],[39.27,-5.76],[39.12,-5.76],[39.06,-6.21]]],[[[39.55,-5.44],[39.7,-5.44],[39.77,-4.99],[39.55,-4.92],[39.55,-5.44]]],[[[39.25,-4.21],[39.39,-4.41],[39.54,-4.34],[39.75,-3.7],[39.39,-3.76],[39.24,-3.96],[39.25,-4.21]]],[[[8.46,3.5],[8.31,3.44],[8.31,3.24],[8.68,3.18],[8.9,3.56],[8.83,3.82],[8.54,3.76],[8.46,3.5]]]]},"properties":{"NAME":"Portuguese Empire","C":11,"name":"Portuguese Empire","start_year":1648,"end_year":1658,"capital":"","type":"polity","region":"","event":"","source":"Cliopatria / Seshat Global History Databank (CC BY 4.0)","wikipedia":"Portuguese Empire","wikidata":"Q200464","_a":5709,"_c":[-6.24,5.4],"_nz":"葡萄牙帝国","_sz":""}},
{"type":"Feature","geometry":{"type":"MultiPolygon","coordinates":[[[[5.87,48.85],[5.63,48.59],[5.38,48.52],[5.48,48.06],[5.65,48.06],[5.82,47.86],[6.14,47.99],[6.89,47.93],[7.14,48.06],[7.04,48.52],[6.87,48.65],[6.37,48.72],[6.45,48.85],[6.03,48.92],[6.04,48.79],[5.87,48.85]],[[6.54,48.52],[6.79,48.46],[6.72,48.19],[6.47,48.32],[6.54,48.52]]],[[[7.03,48.92],[6.61,48.99],[6.62,48.85],[6.87,48.79],[7.03,48.85],[7.03,48.92]]],[[[6.86,49.12],[7.03,48.99],[7.2,48.99],[7.2,48.92],[7.36,48.92],[7.53,49.12],[6.86,49.12]]],[[[5.18,49.58],[5.02,49.38],[5.03,49.05],[4.87,48.99],[4.88,48.65],[5.38,48.59],[5.62,48.85],[5.87,48.85],[5.95,48.92],[6.03,48.92],[5.86,48.99],[5.94,49.18],[5.86,49.25],[5.85,49.32],[5.61,49.18],[5.7,48.99],[5.36,48.99],[5.35,49.32],[5.26,49.58],[5.18,49.58]]],[[[6.36,49.25],[6.69,49.18],[6.85,49.45],[7.1,49.38],[7.01,49.65],[6.35,49.58],[6.27,49.45],[6.36,49.25]]],[[[5.85,49.32],[6.02,49.38],[5.93,49.58],[5.68,49.58],[5.68,49.38],[5.85,49.32]]]]},"properties":{"NAME":"Duchy of Lorraine","C":6,"name":"Duchy of Lorraine","start_year":1648,"end_year":1658,"capital":"","type":"polity","region":"","event":"","source":"Cliopatria / Seshat Global History Databank (CC BY 4.0)","wikipedia":"Duchy of Lorraine","wikidata":"Q155019","_a":5,"_c":[6.2,48.76],"_nz":"洛林公国","_sz":""}},
{"type":"Feature","geometry":{"type":"Polygon","coordinates":[[[130.69,42.43],[130.9,42.63],[131.23,42.63],[131.75,43.28],[131.78,43.08],[132.1,43.08],[132.21,42.89],[133,42.76],[133.27,42.69],[134.22,43.02],[135.28,43.6],[135.99,44.45],[136.15,44.45],[136.72,45.1],[137.86,45.96],[138.43,46.68],[138.42,46.87],[138.63,47.14],[138.9,47.27],[139.36,47.93],[140.02,48.32],[140.25,48.59],[140.19,48.72],[140.59,49.65],[140.44,49.85],[140.74,50.18],[140.49,50.18],[140.55,50.51],[140.48,50.71],[140.78,51.11],[140.65,51.25],[140.93,51.45],[140.96,51.65],[141.46,51.98],[141.35,52.05],[141.56,52.25],[141.2,52.32],[141.35,52.72],[141.11,52.99],[141.46,53.33],[140.92,53.46],[140.8,53.6],[139.81,53.06],[138.83,52.25],[138.16,51.92],[135.31,51.78],[132.85,51.78],[132.91,51.85],[131.98,51.85],[132.04,51.92],[127.87,51.92],[127.93,51.98],[127.28,52.12],[127.22,52.52],[127.05,52.52],[127.04,52.79],[126.73,52.92],[126.66,53.12],[126.05,53.39],[125.96,53.66],[122.04,53.53],[121.09,53.33],[120.42,53.06],[119.9,52.65],[120.53,52.59],[120.5,52.45],[120.67,52.25],[120.67,52.05],[120.19,51.78],[119.73,51.11],[119.15,50.38],[119.28,50.11],[118.54,49.91],[117.83,49.52],[116.68,49.78],[115.42,47.99],[115.58,47.86],[115.87,47.8],[116.16,47.86],[116.99,47.86],[117.31,47.73],[117.74,47.99],[118.48,47.99],[118.64,47.86],[119.04,47.73],[119.03,47.6],[119.32,47.53],[119.47,47.27],[119.75,47.2],[119.74,47.07],[119.94,46.87],[119.8,46.68],[119.27,46.61],[119.11,46.74],[118.62,46.74],[117.42,46.55],[117.13,46.35],[116.72,46.35],[116.47,46.22],[116.13,45.69],[115.88,45.56],[115.19,45.37],[114.74,45.43],[114.13,44.97],[113.44,44.65],[112.07,44.39],[111.76,43.99],[111.96,43.8],[111.89,43.67],[110.82,43.21],[110.4,42.76],[109.89,42.56],[109.33,42.43],[107.81,42.43],[106.86,42.3],[105.73,41.98],[104.97,41.59],[104.53,41.65],[104.47,41.85],[103.72,41.78],[103.75,41.85],[102.73,42.04],[101.12,40.87],[100.97,40.23],[100.06,39.26],[99.9,38.87],[100.34,38.61],[100.59,38.29],[100.75,38.29],[100.87,38.03],[101.24,37.96],[101.26,37.84],[101.55,37.77],[101.7,37.58],[102.1,37.77],[102.09,37.58],[102.25,37.38],[102.53,37.32],[102.69,37.13],[102.61,36.93],[102.84,36.74],[102.79,36.61],[102.92,36.35],[102.52,35.71],[102.42,35.64],[102.11,35.45],[102.14,35.32],[101.97,35.07],[101.71,35],[101.74,34.87],[102.1,34.81],[102.03,34.61],[101.83,34.49],[101.23,34.74],[100.92,34.74],[100.85,34.55],[101.07,34.29],[101.53,34.29],[101.69,34.1],[101.53,33.84],[101.2,33.78],[101.87,33.52],[101.18,31.66],[101.1,31.66],[100.68,29.73],[100.49,29.6],[100.31,29.22],[100.33,29.02],[100.54,28.96],[100.82,28.57],[100.57,28.19],[100.75,27.99],[101.14,28.06],[101.26,27.93],[101.26,27.61],[101.45,27.48],[101.42,27.35],[101.54,27.22],[101.49,27.03],[101.69,26.9],[101.55,26.64],[101.66,26.45],[101.9,26.19],[102.64,26.13],[102.91,26.32],[103.28,26.32],[103.48,26.52],[103.43,26.97],[103.27,27.22],[103.32,27.74],[103.55,27.74],[103.87,28.12],[103.9,28.51],[104.29,28.57],[104.3,28.89],[104.68,28.89],[104.64,28.19],[104.94,28.19],[105.37,28.38],[105.53,28.12],[105.89,28.06],[106.13,28.12],[106.26,28.32],[106.14,28.44],[105.78,28.51],[105.61,28.7],[106.02,29.09],[106.17,29.09],[106.33,28.83],[106.48,28.83],[106.66,28.96],[106.61,29.28],[106.76,29.28],[106.95,28.89],[107.19,29.22],[107.4,29.15],[107.59,29.28],[107.61,29.6],[108.37,29.6],[108.59,29.34],[108.55,29.22],[108.86,28.96],[109.12,28.57],[109.39,28.7],[109.5,28.83],[109.54,29.22],[109.37,29.41],[109.37,29.67],[109.26,29.79],[109.03,29.79],[109.03,30.05],[108.66,30.31],[108.89,30.56],[108.78,30.69],[108.86,31.14],[109.45,31.34],[109.81,31.27],[110.48,31.66],[110.61,32.04],[110.22,32.24],[110.19,32.36],[109.91,32.43],[109.73,32.56],[109.8,32.75],[110.41,32.94],[112.45,32.88],[112.88,33.01],[114.03,33.01],[114.06,32.88],[114.36,32.88],[115.31,33.14],[115.59,33.07],[115.77,32.94],[116.12,33.07],[116.81,33.07],[117.2,33.26],[117.17,33.39],[117.66,33.46],[117.76,33.33],[119.14,33.33],[120.46,33.91],[120.49,34.16],[120.34,34.36],[119.73,34.55],[119.71,34.68],[119.23,34.81],[119.37,35.13],[119.62,35.52],[119.99,35.64],[120.32,36.03],[120.66,36.1],[120.73,36.42],[120.96,36.42],[120.98,36.61],[121.21,36.61],[121.91,36.93],[122.15,36.93],[122.16,36.8],[122.5,36.87],[122.44,37.06],[122.71,37.45],[122.12,37.51],[122.15,37.58],[121.5,37.51],[121.48,37.64],[121.17,37.64],[121.11,37.84],[120.75,37.9],[120.19,37.71],[120.2,37.58],[119.83,37.45],[119.7,37.19],[119.16,37.19],[118.98,37.32],[119.24,37.84],[119.46,37.96],[118.77,38.16],[118.58,38.09],[118.07,38.16],[118.05,38.29],[117.77,38.35],[117.6,38.48],[117.58,38.74],[117.78,39.13],[118.05,39.19],[118.06,39.06],[118.45,39.06],[118.99,39.19],[119.22,39.32],[119.38,39.77],[120.5,40.23],[120.65,40.48],[121,40.68],[121.11,40.87],[121.82,40.87],[121.83,40.74],[122.11,40.68],[122.23,40.48],[121.78,39.97],[121.5,39.9],[121.44,39.64],[121.21,39.51],[121.3,39.38],[121.69,39.38],[121.52,39.06],[121.2,39.06],[121.03,38.74],[121.42,38.74],[121.72,39],[121.95,39],[122.17,39.26],[122.94,39.64],[123.6,39.84],[124.23,39.84],[124.27,39.9],[124.57,40.29],[126.11,41],[126.83,41.78],[127.07,41.78],[127.11,41.59],[127.34,41.46],[128.1,41.39],[128.34,41.65],[128.07,41.98],[128.84,42.04],[129.17,42.3],[129.7,42.5],[129.84,42.95],[130.2,42.89],[130.3,42.56],[130.69,42.43]]]},"properties":{"NAME":"Qing Dynasty","C":5,"name":"Qing Dynasty","start_year":1648,"end_year":1652,"capital":"","type":"polity","region":"","event":"","source":"Cliopatria / Seshat Global History Databank (CC BY 4.0)","wikipedia":"Qing dynasty","wikidata":"Q8733","_a":1147,"_c":[120.73,39.89],"_nz":"清","_sz":""}},
{"type":"Feature","geometry":{"type":"MultiPolygon","coordinates":[[[[4.82,50.05],[4.65,50.11],[4.49,49.98],[3.4,50.05],[3.21,50.38],[2.36,50.58],[2.24,51.11],[1.66,51.05],[1.42,50.71],[1.45,50.25],[1.05,49.98],[0.22,49.85],[-0.01,49.65],[0.01,49.38],[-1.25,49.45],[-1.36,49.78],[-2.03,49.78],[-1.91,49.38],[-1.65,49.25],[-1.72,49.05],[-1.6,48.65],[-2.52,48.72],[-2.76,48.59],[-3.12,48.92],[-3.46,48.92],[-3.85,48.72],[-4.6,48.72],[-4.91,48.52],[-4.89,48.32],[-4.64,48.32],[-4.69,47.99],[-4.42,47.8],[-3.93,47.86],[-3.76,47.73],[-3.34,47.73],[-3.16,47.47],[-2.58,47.47],[-2.56,47.27],[-2.23,47.27],[-2.14,47.14],[-2.19,46.81],[-2.01,46.61],[-1.67,46.35],[-1.25,46.28],[-1.21,45.76],[-1.05,45.69],[-1.03,45.5],[-1.19,45.43],[-1.25,45.17],[-1.21,44.52],[-1.35,44.25],[-1.32,43.86],[-1.46,43.54],[-1.69,43.34],[-1.44,43.28],[-1.43,43.08],[-1.03,43.08],[-0.53,42.82],[-0.21,42.82],[0.04,42.69],[1.07,42.82],[1.49,42.63],[1.81,42.56],[2.46,42.43],[2.54,42.24],[2.48,41.78],[1.94,41.59],[1.79,41.26],[2.11,41.33],[2.33,41.59],[2.57,41.59],[3.12,41.91],[3.18,42.37],[3.01,42.56],[2.98,43.15],[3.62,43.41],[3.69,43.54],[4.17,43.6],[4.18,43.47],[5.06,43.47],[5.39,43.41],[5.8,43.15],[6.28,43.15],[6.52,43.21],[6.59,43.41],[6.91,43.54],[6.67,43.67],[6.74,43.93],[6.42,44.06],[6.41,44.19],[6.81,44.32],[6.57,44.58],[6.64,44.84],[6.23,45.1],[5.9,45.17],[5.81,45.43],[5.48,45.56],[5.63,45.89],[6.03,46.22],[5.95,46.35],[5.38,46.28],[5.43,47.07],[5.59,47.14],[5.58,47.66],[5.82,47.73],[5.82,47.86],[5.65,48.06],[5.48,48.06],[5.38,48.52],[5.63,48.59],[5.87,48.85],[5.62,48.85],[5.38,48.59],[4.88,48.65],[4.87,48.99],[5.03,49.05],[5.02,49.38],[5.18,49.58],[5.08,49.78],[4.83,49.85],[4.82,50.05]],[[4.08,45.96],[3.99,46.28],[4.31,46.28],[4.41,46.02],[4.08,45.96]]],[[[6.54,48.52],[6.47,48.32],[6.72,48.19],[6.79,48.46],[6.54,48.52]]],[[[7.71,48.39],[7.71,48.52],[7.79,48.52],[7.79,48.59],[7.36,48.92],[7.2,48.92],[7.2,48.85],[7.03,48.85],[6.87,48.79],[6.62,48.85],[6.61,48.99],[7.03,48.92],[7.03,48.99],[6.86,49.12],[6.69,49.18],[6.36,49.25],[5.94,49.18],[5.86,48.99],[6.03,48.92],[6.45,48.85],[6.37,48.72],[6.87,48.65],[7.04,48.52],[7.14,48.06],[6.89,47.93],[6.89,47.86],[6.98,47.66],[6.98,47.6],[6.98,47.53],[7.4,47.47],[7.56,47.6],[7.55,47.93],[7.71,48.32],[7.71,48.39]]],[[[5.87,48.85],[6.04,48.79],[6.03,48.92],[5.95,48.92],[5.87,48.85]]],[[[5.69,49.32],[5.35,49.32],[5.36,48.99],[5.7,48.99],[5.61,49.18],[5.85,49.32],[5.68,49.38],[5.69,49.32]]]]},"properties":{"NAME":"Kingdom of France","C":7,"name":"Kingdom of France","start_year":1648,"end_year":1652,"capital":"","type":"polity","region":"","event":"","source":"Cliopatria / Seshat Global History Databank (CC BY 4.0)","wikipedia":"Kingdom of France","wikidata":"Q207162","_a":125,"_c":[1.44,46.19],"_nz":"法兰西王国","_sz":""}},
{"type":"Feature","geometry":{"type":"Polygon","coordinates":[[[-7.02,52.18],[-6.43,52.18],[-6.23,52.65],[-6.41,52.72],[-6.38,53.12],[-6.73,53.19],[-6.83,53.33],[-6.89,53.73],[-7.06,53.73],[-7.37,53.46],[-7.42,53.19],[-7.81,52.92],[-8.01,53.12],[-8.25,52.99],[-8.85,52.99],[-8.96,53.19],[-9.39,53.19],[-9.44,52.92],[-9.75,52.72],[-9.73,52.59],[-9.97,52.52],[-9.94,52.32],[-8.75,52.32],[-8.61,52.52],[-8.34,52.45],[-8.2,52.65],[-7.77,52.65],[-7.51,52.59],[-7.3,52.32],[-7.02,52.18]]]},"properties":{"NAME":"Kingdom of England","C":9,"name":"Kingdom of England","start_year":1648,"end_year":1652,"capital":"","type":"polity","region":"","event":"","source":"Cliopatria / Seshat Global History Databank (CC BY 4.0)","wikipedia":"Kingdom of England","wikidata":"Q179876","_a":6,"_c":[-8.1,52.96],"_nz":"英格兰王国","_sz":""}},
{"type":"Feature","geometry":{"type":"Polygon","coordinates":[[[116.88,-1.26],[117.09,-1.13],[117.16,-0.94],[117.52,-0.81],[117.45,-0.68],[117.52,-0.49],[117.37,-0.42],[117.37,-0.29],[116.57,-0.29],[116.57,-0.49],[116.94,-0.68],[116.66,-1.19],[116.88,-1.26]]]},"properties":{"NAME":"Kutai Kingdom","C":1,"name":"Kutai Kingdom","start_year":1648,"end_year":1726,"capital":"","type":"polity","region":"","event":"","source":"Cliopatria / Seshat Global History Databank (CC BY 4.0)","wikipedia":"Kutai","wikidata":"Q1794655","_a":1,"_c":[117.04,-0.77],"_nz":"古泰王国","_sz":""}}
]}