{"type":"FeatureCollection", "features": [
{"type":"Feature","geometry":{"type":"Polygon","coordinates":[[[-2.93,52.12],[-3.69,52.12],[-3.76,51.92],[-3.57,51.78],[-3.49,51.78],[-3.32,51.78],[-2.82,51.92],[-2.93,52.12]]]},"properties":{"NAME":"Kingdom of Brycheiniog","C":1,"name":"Kingdom of Brycheiniog","start_year":540,"end_year":946,"capital":"","type":"polity","region":"","event":"","source":"Cliopatria / Seshat Global History Databank (CC BY 4.0)","wikipedia":"Brycheiniog","wikidata":"Q954585","_a":0,"_c":[-3.3,51.95],"_nz":"布赖切尼奥格王国","_sz":""}},
{"type":"Feature","geometry":{"type":"Polygon","coordinates":[[[-3.89,51.58],[-3.7,51.38],[-3.11,51.45],[-3.13,51.58],[-3.3,51.65],[-3.32,51.78],[-3.49,51.78],[-3.57,51.78],[-3.64,51.65],[-3.89,51.58]]]},"properties":{"NAME":"Kingdom of Morgannwg","C":6,"name":"Kingdom of Morgannwg","start_year":540,"end_year":946,"capital":"","type":"polity","region":"","event":"","source":"Cliopatria / Seshat Global History Databank (CC BY 4.0)","wikipedia":"Kingdom of Morgannwg","wikidata":"Q13131807","_a":0,"_c":[-3.5,51.58],"_nz":"摩根沃格王国","_sz":""}},
{"type":"Feature","geometry":{"type":"Polygon","coordinates":[[[31.1,18.29],[31.09,18.22],[31.21,17.32],[31.48,16.61],[31.39,16.36],[31.54,16.23],[31.53,15.97],[31.8,15.52],[32.53,15.33],[32.53,15.2],[33.86,15.46],[34.1,15.84],[34.68,15.78],[34.56,16.23],[34.71,16.49],[35.67,16.49],[36.05,16.81],[36,17.32],[35.5,17.64],[35.37,17.96],[35.29,17.96],[34.63,17.9],[34.48,18.03],[34.12,18.03],[33.24,18.29],[31.54,18.16],[31.1,18.29]]]},"properties":{"NAME":"Alodia","C":4,"name":"Alodia","start_year":602,"end_year":1501,"capital":"","type":"polity","region":"","event":"","source":"Cliopatria / Seshat Global History Databank (CC BY 4.0)","wikipedia":"Alodia","wikidata":"Q449639","_a":15,"_c":[33.57,16.74],"_nz":"阿洛迪亚","_sz":""}},
{"type":"Feature","geometry":{"type":"Polygon","coordinates":[[[81.26,8.64],[80.99,8.96],[81,9.09],[80.85,9.16],[80.86,9.29],[80.73,9.48],[80.44,9.54],[80.45,9.74],[79.88,9.86],[79.86,9.67],[80.08,9.61],[79.99,9.41],[80.05,9.16],[79.81,8.77],[79.76,8.06],[79.62,8.06],[79.61,7.87],[79.74,7.68],[79.76,6.65],[79.95,6.14],[80.23,5.88],[80.67,5.88],[81.34,6.14],[81.88,6.71],[81.92,7.42],[81.77,7.49],[81.65,7.94],[81.45,8.13],[81.4,8.51],[81.26,8.64]]]},"properties":{"NAME":"Anurādhapura","C":2,"name":"Anurādhapura","start_year":617,"end_year":1014,"capital":"","type":"polity","region":"","event":"","source":"Cliopatria / Seshat Global History Databank (CC BY 4.0)","wikipedia":"Anurādhapura","wikidata":"Q5724","_a":9,"_c":[80.77,7.87],"_nz":"阿努拉德普勒","_sz":""}},
{"type":"Feature","geometry":{"type":"Polygon","coordinates":[[[101.33,17.13],[101.37,17.39],[101.24,17.51],[101.02,17.51],[101.24,18.03],[101.28,18.29],[101.14,18.35],[101.17,18.54],[101.34,18.67],[101.41,19.12],[101.19,19.64],[100.88,19.51],[100.59,19.57],[100.48,19.83],[100.67,20.09],[100.43,20.41],[100.21,20.47],[99.92,20.47],[99.6,20.34],[99.5,20.15],[99.2,20.15],[99.03,20.02],[99,19.83],[98.61,19.7],[98.11,19.83],[97.85,19.57],[97.78,18.61],[97.4,18.54],[97.38,18.41],[97.66,18.29],[97.77,18.03],[97.73,17.77],[98.12,17.39],[98.1,17.26],[98.56,16.87],[98.57,16.42],[98.83,16.16],[99.09,15.91],[99.91,15.97],[100.08,16.16],[100.21,16.04],[100.43,16.04],[100.55,16.36],[100.8,16.55],[100.84,16.81],[101.33,17.13]]]},"properties":{"NAME":"Haripuñjaya","C":11,"name":"Haripuñjaya","start_year":666,"end_year":1065,"capital":"","type":"polity","region":"","event":"","source":"Cliopatria / Seshat Global History Databank (CC BY 4.0)","wikipedia":"Haripuñjaya","wikidata":"Q255931","_a":18,"_c":[99.4,18.19],"_nz":"哈里奔猜","_sz":""}},
{"type":"Feature","geometry":{"type":"Polygon","coordinates":[[[51.38,55.91],[51.4,55.98],[50.57,56.11],[49.99,56.46],[48.8,56.59],[48.33,56.25],[47.82,54.95],[48.32,54.61],[49.69,54.55],[50.06,54.61],[50.39,54.55],[51.21,54.68],[51.35,54.82],[51.9,55.16],[51.91,55.43],[52.03,55.77],[51.97,55.84],[51.38,55.91]]]},"properties":{"NAME":"Volga Bulgaria","C":2,"name":"Volga Bulgaria","start_year":682,"end_year":1071,"capital":"","type":"polity","region":"","event":"","source":"Cliopatria / Seshat Global History Databank (CC BY 4.0)","wikipedia":"Volga Bulgaria","wikidata":"Q185488","_a":9,"_c":[49.93,55.54],"_nz":"伏尔加保加利亚","_sz":""}},
{"type":"Feature","geometry":{"type":"Polygon","coordinates":[[[-95.88,18.61],[-95.79,18.93],[-96.25,19.44],[-96.3,19.7],[-96.71,20.34],[-96.87,20.41],[-97.15,20.34],[-97.13,20.21],[-97.35,20.21],[-97.24,20.02],[-97.26,19.7],[-97.06,19.44],[-97.1,19.25],[-96.82,18.93],[-96.68,18.54],[-95.87,18.54],[-95.88,18.61]]]},"properties":{"NAME":"Classic Veracruz Culture","C":10,"name":"Classic Veracruz Culture","start_year":705,"end_year":1110,"capital":"","type":"polity","region":"","event":"","source":"Cliopatria / Seshat Global History Databank (CC BY 4.0)","wikipedia":"Classic Veracruz culture","wikidata":"Q2379418","_a":3,"_c":[-96.57,19.48],"_nz":"古典韦拉克鲁斯文化","_sz":""}},
{"type":"Feature","geometry":{"type":"Polygon","coordinates":[[[-4.66,50.85],[-4.88,50.58],[-5.13,50.58],[-5.28,50.38],[-5.6,50.25],[-5.75,50.05],[-5.15,49.98],[-4.93,50.25],[-4.27,50.38],[-4.31,50.71],[-4.66,50.85]]]},"properties":{"NAME":"Cornwall","C":10,"name":"Cornwall","start_year":710,"end_year":935,"capital":"","type":"polity","region":"","event":"","source":"Cliopatria / Seshat Global History Databank (CC BY 4.0)","wikipedia":"Cornwall","wikidata":"Q23148","_a":1,"_c":[-5.02,50.42],"_nz":"康沃尔","_sz":""}},
{"type":"Feature","geometry":{"type":"Polygon","coordinates":[[[109.89,-7.94],[109.9,-8.01],[110.65,-8.26],[112.85,-8.46],[113.13,-8.26],[112.95,-7.81],[113.02,-7.69],[112.71,-7.56],[112.61,-7.11],[112.52,-6.85],[112.16,-6.91],[111.94,-6.79],[111.64,-6.79],[111.49,-6.59],[111.05,-6.66],[110.89,-6.4],[110.53,-6.46],[110.34,-6.91],[109.24,-6.85],[109.25,-7.04],[109.4,-7.11],[109.49,-7.36],[110.01,-7.56],[109.89,-7.94]]]},"properties":{"NAME":"Mataram Kingdom","C":4,"name":"Mataram Kingdom","start_year":741,"end_year":1002,"capital":"","type":"polity","region":"","event":"","source":"Cliopatria / Seshat Global History Databank (CC BY 4.0)","wikipedia":"Mataram Kingdom","wikidata":"Q402580","_a":8,"_c":[111.19,-7.43],"_nz":"马打兰王国","_sz":""}},
{"type":"Feature","geometry":{"type":"Polygon","coordinates":[[[-4.86,17.26],[-5.01,17.39],[-5.6,17.45],[-5.6,17.58],[-6.12,17.51],[-6.57,17.64],[-7.89,17.58],[-8.18,17.39],[-8.53,16.61],[-8.58,15.46],[-8.35,14.81],[-8.41,14.49],[-7.89,13.98],[-7.89,13.85],[-6.71,13.34],[-5.31,13.34],[-5.09,13.46],[-4.8,13.46],[-4.36,13.72],[-4.29,13.98],[-4.07,14.04],[-4.15,14.17],[-3.86,14.49],[-3.8,15.78],[-3.88,15.78],[-3.88,16.23],[-4.19,16.74],[-4.79,17.26],[-4.86,17.26]]]},"properties":{"NAME":"Ghana Empire","C":1,"name":"Ghana Empire","start_year":793,"end_year":1084,"capital":"","type":"polity","region":"","event":"","source":"Cliopatria / Seshat Global History Databank (CC BY 4.0)","wikipedia":"Ghana Empire","wikidata":"Q206789","_a":21,"_c":[-6.19,15.49],"_nz":"加纳帝国","_sz":""}},
{"type":"Feature","geometry":{"type":"Polygon","coordinates":[[[-7.8,33.59],[-7.88,33.59],[-8.55,33.33],[-9.2,32.75],[-9.33,32.49],[-9.31,32.17],[-9.8,31.59],[-9.85,31.14],[-8.64,31.34],[-8.12,31.59],[-8.05,31.59],[-7.91,31.85],[-7.62,32.04],[-7.63,32.24],[-7.42,32.49],[-7.37,32.81],[-7.56,33.39],[-7.79,33.46],[-7.8,33.59]]]},"properties":{"NAME":"Barghawata Conference","C":0,"name":"Barghawata Conference","start_year":793,"end_year":1014,"capital":"","type":"polity","region":"","event":"","source":"Cliopatria / Seshat Global History Databank (CC BY 4.0)","wikipedia":"Casablanca","wikidata":"Q7903","_a":6,"_c":[-8.61,32.37],"_nz":"巴尔加瓦塔联盟","_sz":""}},
{"type":"Feature","geometry":{"type":"Polygon","coordinates":[[[98.83,16.16],[98.59,16.04],[98.59,15.46],[98.2,15.26],[98.16,15.01],[98.42,14.69],[98.4,14.56],[99.06,13.91],[99.18,13.66],[99.19,13.14],[99.6,12.82],[99.89,12.82],[100.03,12.69],[100.12,12.89],[100.1,13.4],[100.63,13.53],[100.99,13.46],[100.83,12.63],[101.55,12.56],[101.79,12.69],[101.81,12.95],[101.68,13.08],[101.72,13.46],[101.96,14.24],[101.61,14.36],[101.61,14.94],[101.48,15.07],[101.53,15.46],[101.7,15.59],[102.21,16.61],[102.32,16.87],[102,17.19],[101.61,17.06],[101.33,17.13],[100.84,16.81],[100.8,16.55],[100.55,16.36],[100.43,16.04],[100.21,16.04],[100.08,16.16],[99.91,15.97],[99.09,15.91],[98.83,16.16]]]},"properties":{"NAME":"Lavo Kingdom","C":9,"name":"Lavo Kingdom","start_year":806,"end_year":1002,"capital":"","type":"polity","region":"","event":"","source":"Cliopatria / Seshat Global History Databank (CC BY 4.0)","wikipedia":"Lavo Kingdom","wikidata":"Q1332305","_a":19,"_c":[100.24,14.88],"_nz":"罗涡王国","_sz":""}},
{"type":"Feature","geometry":{"type":"Polygon","coordinates":[[[40.82,14.81],[40.68,15.01],[40.31,14.94],[39.97,15.52],[39.82,15.52],[39.81,15.2],[39.73,15.2],[39.61,15.59],[39.15,15.33],[38.93,15.39],[38.78,15.14],[38.63,15.07],[38.17,14.69],[38,14.17],[38.26,13.4],[38.4,13.08],[38.97,12.82],[41.32,12.82],[41.47,12.95],[41.91,13.01],[41.92,13.14],[42.22,13.27],[42.44,13.27],[42.38,13.59],[41.66,14.04],[41.39,14.56],[40.82,14.81]]]},"properties":{"NAME":"Kingdom of Axum","C":3,"name":"Kingdom of Axum","start_year":806,"end_year":935,"capital":"","type":"polity","region":"","event":"","source":"Cliopatria / Seshat Global History Databank (CC BY 4.0)","wikipedia":"Kingdom of Aksum","wikidata":"Q139377","_a":12,"_c":[40.22,14.21],"_nz":"阿克苏姆王国","_sz":""}},
{"type":"Feature","geometry":{"type":"Polygon","coordinates":[[[141.05,37.32],[141.12,37.58],[140.96,37.71],[141.04,37.84],[140.92,38.03],[141.08,38.29],[141.51,38.35],[141.63,38.93],[140.92,38.67],[140.29,38.67],[140.33,38.74],[139.71,38.87],[139.32,38.09],[138.77,37.84],[138.51,37.38],[138.17,37.19],[137.1,36.8],[137.15,37.19],[137.37,37.58],[136.72,37.38],[136.57,37.13],[136.71,36.8],[136.45,36.48],[136,36.22],[135.91,35.9],[136.08,35.77],[135.71,35.52],[135.28,35.58],[135.38,35.77],[134.49,35.71],[134.27,35.58],[132.69,35.52],[132.56,35.26],[131.48,34.61],[131.41,34.49],[130.92,34.42],[130.8,34.16],[130.86,33.97],[130.42,33.84],[130.33,33.65],[129.92,33.59],[129.83,33.39],[129.6,33.39],[129.56,33.14],[129.68,33.07],[129.68,32.88],[130.11,32.81],[130.37,33.07],[130.57,32.81],[130.52,32.36],[130.21,32.17],[130.1,31.91],[130.27,31.59],[130.14,31.27],[130.47,31.14],[130.72,31.21],[130.79,31.01],[131.41,31.4],[131.6,31.85],[131.58,32.17],[131.78,32.62],[132.08,32.94],[132.09,33.14],[131.64,33.33],[131.82,33.71],[131.1,33.65],[131.09,33.97],[131.94,33.97],[132.19,33.84],[132.32,34.29],[133.25,34.29],[134.47,34.74],[134.7,34.74],[134.91,34.55],[135.44,34.68],[135.34,34.49],[135.02,34.29],[135.15,34.1],[135.03,33.84],[135.35,33.71],[135.41,33.52],[135.81,33.39],[136.45,34.23],[136.91,34.23],[136.97,34.36],[136.79,34.61],[136.6,34.68],[136.73,34.94],[136.94,34.74],[137.24,34.74],[137.07,34.55],[138.26,34.61],[138.42,34.94],[138.8,35.07],[138.68,34.68],[138.95,34.61],[139.23,35],[139.14,35.13],[139.21,35.26],[139.72,35.19],[139.7,35.45],[139.96,35.64],[140.08,35.58],[139.7,34.87],[140.41,35.19],[140.54,35.58],[140.91,35.84],[140.67,35.97],[140.61,36.42],[140.79,36.87],[141.05,37.32]]]},"properties":{"NAME":"Heian Japan","C":7,"name":"Heian Japan","start_year":814,"end_year":1093,"capital":"京都（平安京）","type":"dynasty","region":"japan","event":"","source":"Cliopatria / Seshat Global History Databank (CC BY 4.0)","wikipedia":"Heian period","wikidata":"Q193292","_a":96,"_c":[135.6,34.97],"_nz":"日本","_sz":""}},
{"type":"Feature","geometry":{"type":"Polygon","coordinates":[[[24.53,35.19],[24.76,35.19],[24.82,35],[26.14,35.07],[26.23,35.19],[25.68,35.13],[25.69,35.32],[24.3,35.32],[24.16,35.52],[23.62,35.52],[23.68,35.26],[24.53,35.19]]]},"properties":{"NAME":"Emirate of Crete","C":5,"name":"Emirate of Crete","start_year":830,"end_year":959,"capital":"","type":"polity","region":"","event":"","source":"Cliopatria / Seshat Global History Databank (CC BY 4.0)","wikipedia":"Emirate of Crete","wikidata":"Q603771","_a":1,"_c":[24.93,35.26],"_nz":"克里特埃米尔国","_sz":""}},
{"type":"Feature","geometry":{"type":"Polygon","coordinates":[[[14.5,41],[14.03,41],[14.1,40.87],[14.42,40.87],[14.42,40.68],[14.73,40.68],[14.5,41]]]},"properties":{"NAME":"Duchy of Naples","C":5,"name":"Duchy of Naples","start_year":840,"end_year":959,"capital":"","type":"polity","region":"","event":"","source":"Cliopatria / Seshat Global History Databank (CC BY 4.0)","wikipedia":"Duchy of Naples","wikidata":"Q1051600","_a":0,"_c":[14.39,40.84],"_nz":"那不勒斯公国","_sz":""}},
{"type":"Feature","geometry":{"type":"Polygon","coordinates":[[[35.29,17.96],[35.16,18.22],[34.94,18.29],[34.88,18.61],[34.6,18.93],[34.47,19.38],[34.26,19.64],[33.82,21.63],[33.88,23.17],[33.82,23.49],[33.68,23.69],[33.39,23.81],[32.04,23.69],[31.67,23.75],[30.54,23.36],[30.53,23.3],[30.74,22.85],[30.72,22.27],[30.64,21.95],[30.69,21.31],[30.76,21.31],[30.74,20.79],[30.82,20.79],[30.91,19.31],[30.99,19.31],[31.1,18.29],[31.54,18.16],[33.24,18.29],[34.12,18.03],[34.48,18.03],[34.63,17.9],[35.29,17.96]]]},"properties":{"NAME":"Makuria","C":8,"name":"Makuria","start_year":850,"end_year":1110,"capital":"","type":"polity","region":"","event":"","source":"Cliopatria / Seshat Global History Databank (CC BY 4.0)","wikipedia":"Makuria","wikidata":"Q829356","_a":28,"_c":[32.92,20.85],"_nz":"马库里亚","_sz":""}},
{"type":"Feature","geometry":{"type":"Polygon","coordinates":[[[100.5,56.73],[101.19,57.7],[102.02,58.6],[101.78,58.74],[101.78,58.95],[101.03,58.81],[100.36,58.32],[99.76,58.25],[99.69,58.6],[99.33,58.6],[98.47,58.32],[98.02,58.32],[97.96,58.46],[96.77,58.32],[95.24,58.32],[94.68,57.7],[94.34,57.49],[93.05,55.84],[92.78,55.7],[91.85,55.63],[91.57,55.36],[90.7,55.23],[90.42,54.95],[90.5,54.68],[90.81,54.61],[90.8,54.48],[91.23,54.34],[91.23,54.21],[91.48,53.94],[91.43,53.6],[91.9,53.26],[91.73,52.99],[91.56,52.86],[91.21,52.45],[91.56,52.32],[91.31,51.92],[90.97,51.65],[92.38,51.58],[94.58,52.25],[96.38,52.52],[97.92,52.52],[97.87,52.45],[98.59,52.25],[98.88,52.05],[99.54,52.52],[100.6,52.92],[101.6,52.65],[101.67,52.38],[101.83,52.25],[102.22,52.32],[102.38,52.18],[103.13,51.92],[103.11,51.65],[103.84,51.85],[104.74,51.92],[104.78,52.32],[104.44,52.79],[104.52,53.12],[104.32,53.33],[103.96,53.53],[103.99,53.8],[101.98,54.34],[101.87,54.55],[101.33,54.75],[101.31,54.95],[101.16,55.09],[100.61,55.29],[100.54,55.43],[100.7,55.63],[100.4,55.7],[100.3,55.91],[100.5,56.73]]]},"properties":{"NAME":"Yenisei Kyrgyz","C":8,"name":"Yenisei Kyrgyz","start_year":850,"end_year":1205,"capital":"无固定都城","type":"polity","region":"central_asia","event":"","source":"Cliopatria / Seshat Global History Databank (CC BY 4.0)","wikipedia":"Yenisei Kyrgyz","wikidata":"Q83142","_a":107,"_c":[97.57,55.27],"_nz":"黠戛斯","_sz":""}},
{"type":"Feature","geometry":{"type":"Polygon","coordinates":[[[-108.94,35.11],[-107.64,35.34],[-107.74,35.99],[-108.16,36.71],[-109.11,36.94],[-109.03,35.73],[-109.55,35.12],[-108.94,35.11]]]},"properties":{"NAME":"Puebloans - Chaco Regional System","C":6,"name":"Puebloans - Chaco Regional System","start_year":850,"end_year":1039,"capital":"","type":"polity","region":"","event":"","source":"Cliopatria / Seshat Global History Databank (CC BY 4.0)","wikipedia":"Ancestral Puebloans","wikidata":"Q478805","_a":3,"_c":[-108.59,36.03],"_nz":"普韦布洛人-查科体系","_sz":""}},
{"type":"Feature","geometry":{"type":"Polygon","coordinates":[[[89.35,25.58],[90.47,25.27],[92.36,25.18],[92.72,25.04],[93.78,25.4],[94.22,25.79],[94.71,26.52],[95.17,26.91],[94.45,27.75],[94.13,27.65],[93.56,27.12],[92.88,27.14],[91.7,26.83],[90.8,26.83],[90.12,26.35],[89.35,25.58]]]},"properties":{"NAME":"Kamarupa Kingdom","C":1,"name":"Kamarupa Kingdom","start_year":860,"end_year":959,"capital":"","type":"polity","region":"","event":"","source":"Cliopatria / Seshat Global History Databank (CC BY 4.0)","wikipedia":"Kamarupa","wikidata":"Q1194765","_a":16,"_c":[92.26,26.4],"_nz":"迦摩缕波王国","_sz":""}},
{"type":"Feature","geometry":{"type":"Polygon","coordinates":[[[94.73,20.02],[94.84,19.7],[94.73,19.44],[94.89,19.06],[94.9,18.61],[95.04,18.54],[95.09,18.35],[95.68,18.35],[95.69,18.48],[96.01,18.61],[96.42,19.38],[96.4,19.76],[96.59,20.02],[96.48,20.28],[96.71,20.34],[96.62,20.73],[96.79,20.86],[96.95,21.95],[96.84,22.21],[96.82,23.49],[96.59,23.88],[96.17,24.01],[95.29,23.69],[94.66,22.01],[94.73,22.01],[94.94,21.95],[95.07,21.82],[95.05,21.69],[95.31,21.44],[95.35,21.18],[95.49,21.11],[95.76,20.47],[95.63,20.09],[95.24,19.96],[94.73,20.02]]]},"properties":{"NAME":"Pyu City-States","C":4,"name":"Pyu City-States","start_year":860,"end_year":959,"capital":"","type":"polity","region":"","event":"","source":"Cliopatria / Seshat Global History Databank (CC BY 4.0)","wikipedia":"Pyu city-states","wikidata":"Q1627675","_a":13,"_c":[95.81,21.18],"_nz":"骠国城邦","_sz":""}},
{"type":"Feature","geometry":{"type":"Polygon","coordinates":[[[94.73,22.01],[94.31,21.69],[93.98,20.99],[94.14,21.05],[94.16,20.66],[94.08,20.6],[94.35,20.41],[94.37,20.09],[94.53,20.15],[94.73,20.02],[95.24,19.96],[95.63,20.09],[95.76,20.47],[95.49,21.11],[95.35,21.18],[95.31,21.44],[95.05,21.69],[95.07,21.82],[94.94,21.95],[94.73,22.01]]]},"properties":{"NAME":"Pagan Kingdom","C":10,"name":"Pagan Kingdom","start_year":860,"end_year":959,"capital":"","type":"polity","region":"","event":"","source":"Cliopatria / Seshat Global History Databank (CC BY 4.0)","wikipedia":"Pagan Kingdom","wikidata":"Q888574","_a":4,"_c":[94.87,20.99],"_nz":"蒲甘王国","_sz":""}},
{"type":"Feature","geometry":{"type":"MultiPolygon","coordinates":[[[[108.18,-2.67],[108.03,-2.54],[107.52,-2.54],[107.45,-2.61],[107.47,-3.19],[108.12,-3.19],[108.18,-2.67]]],[[[106.58,-2.86],[106.58,-2.74],[106.72,-2.61],[106.21,-2.41],[105.97,-1.51],[105.6,-1.51],[105.6,-1.64],[105.24,-1.51],[105.24,-1.84],[104.96,-1.96],[105.11,-2.16],[105.62,-2.16],[105.77,-2.41],[105.78,-2.8],[106.45,-3.19],[106.81,-3.06],[106.8,-2.86],[106.58,-2.86]]],[[[101.61,1.76],[101.69,1.76],[101.7,2.09],[101.33,2.09],[101.26,2.02],[100.91,2.34],[100.69,2.34],[100.68,2.15],[100.39,2.21],[100.26,2.6],[99.83,2.73],[99.6,2.34],[99.49,1.44],[99.77,0.99],[99.68,0.54],[99.83,0.61],[99.96,0.29],[100.63,-0.36],[100.93,-1],[101.08,-1.06],[101.38,-1.58],[101.39,-1.84],[101.53,-1.77],[101.77,-2.54],[101.7,-2.67],[101.93,-3.12],[101.87,-3.57],[102.1,-3.7],[102.18,-4.02],[102.63,-4.41],[103.76,-5.18],[103.76,-5.31],[104,-5.56],[104.14,-5.56],[104.3,-5.89],[104.6,-5.95],[104.51,-5.56],[104.81,-5.76],[105.17,-5.76],[105.23,-5.56],[105.39,-5.82],[105.69,-5.89],[105.78,-4.73],[105.85,-4.73],[105.76,-4.15],[105.89,-3.96],[105.73,-3.57],[105.95,-3.38],[106.01,-3.06],[105.64,-2.8],[105.48,-2.35],[104.82,-2.29],[104.81,-2.03],[104.52,-1.96],[104.36,-1.19],[104.21,-1],[103.62,-1],[103.33,-0.74],[103.32,-0.42],[103.61,-0.36],[103.61,-0.23],[103.75,-0.04],[103.74,0.16],[103.32,0.54],[103.1,0.54],[102.95,0.41],[102.96,0.8],[103.11,0.93],[102.83,1.12],[102.39,1.12],[102.41,1.57],[101.68,1.64],[101.61,1.76]]],[[[104.55,0.03],[104.34,0.03],[104.34,-0.29],[104.12,-0.36],[104.13,-0.61],[104.42,-0.68],[104.49,-0.36],[104.92,-0.36],[104.92,-0.23],[104.55,0.03]]],[[[103.18,0.86],[103.18,0.67],[103.39,0.67],[103.4,0.86],[103.18,0.86]]],[[[104.21,1.19],[104.13,0.93],[104.28,0.93],[104.34,0.8],[104.49,0.8],[104.57,1.12],[104.21,1.19]]],[[[103.77,1.12],[103.77,0.93],[104.06,0.99],[104.07,1.19],[103.92,1.25],[103.77,1.12]]],[[[100.47,7.68],[100.34,7.87],[100.3,8.39],[100.09,8.45],[99.96,8.71],[99.93,9.29],[99.64,9.35],[99.34,9.22],[99.18,9.86],[98.73,9.74],[98.56,9.48],[98.34,9.48],[98.13,8.64],[98.11,8.39],[98.24,8.19],[98.21,7.74],[98.43,7.81],[98.38,8.13],[98.47,8.32],[98.62,8.32],[98.67,8.06],[98.95,7.94],[98.94,7.68],[99.22,7.61],[99.28,7.29],[99.49,7.29],[99.48,7.1],[99.63,7.1],[99.61,6.84],[100.03,6.52],[100.02,6.33],[100.28,5.94],[100.24,5.11],[100.51,4.79],[100.48,4.21],[100.81,3.56],[101.23,3.18],[101.22,2.79],[101.43,2.6],[101.72,2.54],[101.71,2.41],[101.99,2.15],[102.35,2.09],[102.63,1.76],[103.06,1.64],[103.28,1.44],[103.27,1.31],[104.14,1.31],[104.23,1.7],[103.95,2.09],[103.96,2.28],[103.83,2.54],[103.4,2.86],[103.37,3.63],[103.48,4.46],[103.17,5.36],[102.4,6.01],[102.34,6.2],[101.84,6.39],[101.51,6.91],[100.85,6.91],[100.65,7.16],[100.51,7.16],[100.53,7.49],[100.47,7.68]]],[[[99.87,6.26],[99.88,6.52],[99.58,6.39],[99.65,6.26],[99.87,6.26]]]]},"properties":{"NAME":"Srivijaya","C":8,"name":"Srivijaya","start_year":860,"end_year":1138,"capital":"","type":"polity","region":"","event":"","source":"Cliopatria / Seshat Global History Databank (CC BY 4.0)","wikipedia":"Srivijaya","wikidata":"Q234197","_a":159,"_c":[103.15,1.95],"_nz":"三佛齐","_sz":""}},
{"type":"Feature","geometry":{"type":"Polygon","coordinates":[[[42.21,17.51],[42.35,17.32],[42.34,17.13],[42.82,16.61],[42.78,15.84],[42.71,15.84],[42.75,15.14],[42.89,15.07],[42.95,14.88],[43.06,13.98],[43.26,13.72],[43.24,13.08],[43.45,12.89],[43.44,12.69],[44.39,12.63],[44.61,12.76],[45.05,12.76],[45.74,13.34],[46.84,13.4],[47.67,13.72],[47.75,13.91],[48.79,14.04],[49.02,14.24],[49.02,14.36],[49.41,14.62],[49.41,14.69],[49.12,14.81],[48.03,14.94],[47.59,15.07],[47.53,15.2],[46.51,15.33],[46.15,15.52],[46.38,15.71],[46.4,15.97],[46.18,15.97],[46.02,15.84],[45.21,15.91],[45.23,16.1],[44.67,16.68],[44.55,17.13],[44.34,17.32],[44.35,17.58],[44.08,17.96],[44.09,18.16],[43.89,18.54],[43.51,18.22],[42.98,18.03],[42.66,17.71],[42.21,17.51]]]},"properties":{"NAME":"Ziyadid dynasty","C":8,"name":"Ziyadid dynasty","start_year":866,"end_year":1039,"capital":"","type":"polity","region":"","event":"","source":"Cliopatria / Seshat Global History Databank (CC BY 4.0)","wikipedia":"Ziyadid dynasty","wikidata":"Q207017","_a":43,"_c":[45.81,15.59],"_nz":"齐亚迪德王朝","_sz":""}},
{"type":"Feature","geometry":{"type":"Polygon","coordinates":[[[9.51,40.23],[9.82,40.36],[9.82,40.74],[9.5,41.2],[9.1,41.26],[8.95,41.13],[9.03,41],[9.34,40.94],[9.19,40.68],[9.43,40.68],[9.27,40.42],[9.43,40.23],[9.51,40.23]]]},"properties":{"NAME":"Giudicato of Gallura","C":8,"name":"Giudicato of Gallura","start_year":866,"end_year":1014,"capital":"","type":"polity","region":"","event":"","source":"Cliopatria / Seshat Global History Databank (CC BY 4.0)","wikipedia":"Judicate of Gallura","wikidata":"Q2723760","_a":1,"_c":[9.39,40.74],"_nz":"加卢拉王国","_sz":""}},
{"type":"Feature","geometry":{"type":"Polygon","coordinates":[[[8.95,41.13],[8.55,40.87],[8.15,40.94],[8.16,40.55],[8.32,40.48],[8.4,40.16],[9.11,40.23],[9.27,40.03],[9.43,40.23],[9.27,40.42],[9.43,40.68],[9.19,40.68],[9.34,40.94],[9.03,41],[8.95,41.13]]]},"properties":{"NAME":"Giudicato of Logudoro","C":7,"name":"Giudicato of Logudoro","start_year":866,"end_year":1014,"capital":"","type":"polity","region":"","event":"","source":"Cliopatria / Seshat Global History Databank (CC BY 4.0)","wikipedia":"Judicate of Logudoro","wikidata":"Q1761381","_a":1,"_c":[8.79,40.58],"_nz":"洛古多罗王国","_sz":""}},
{"type":"Feature","geometry":{"type":"Polygon","coordinates":[[[8.4,40.16],[8.32,40.03],[8.48,39.9],[8.41,39.58],[8.96,39.64],[9.27,40.03],[9.11,40.23],[8.4,40.16]]]},"properties":{"NAME":"Giudicato of Arborea","C":6,"name":"Giudicato of Arborea","start_year":866,"end_year":1014,"capital":"","type":"polity","region":"","event":"","source":"Cliopatria / Seshat Global History Databank (CC BY 4.0)","wikipedia":"Judicate of Arborea","wikidata":"Q1241847","_a":1,"_c":[8.8,39.91],"_nz":"阿尔博雷亚王国","_sz":""}},
{"type":"Feature","geometry":{"type":"Polygon","coordinates":[[[-86.72,20.92],[-86.75,21.5],[-86.92,21.63],[-87.22,21.63],[-87.34,21.5],[-88.48,21.63],[-88.89,21.44],[-90.12,21.24],[-90.37,20.99],[-90.34,20.79],[-90.49,20.41],[-90.43,20.02],[-90.74,19.7],[-90.81,19.25],[-91.35,18.93],[-91.3,18.61],[-91.7,18.35],[-91.86,17.96],[-92.08,17.96],[-92.23,17.51],[-91.9,17.32],[-91.07,17.19],[-90.6,17],[-89.71,17],[-89.3,17.19],[-89.07,17.13],[-89.04,17.45],[-88.53,17.45],[-88.55,17.58],[-88.17,17.51],[-88.08,18.35],[-87.91,18.22],[-87.7,18.29],[-87.73,18.48],[-87.45,19.06],[-87.49,19.31],[-87.37,19.44],[-87.39,19.57],[-87.55,19.64],[-87.29,19.89],[-87.35,20.21],[-86.71,20.86],[-86.72,20.92]]]},"properties":{"NAME":"Later Mayan City-States","C":2,"name":"Later Mayan City-States","start_year":870,"end_year":959,"capital":"","type":"polity","region":"","event":"","source":"Cliopatria / Seshat Global History Databank (CC BY 4.0)","wikipedia":"Maya civilization","wikidata":"Q28567","_a":26,"_c":[-89.47,19.31],"_nz":"后期玛雅城邦","_sz":""}},
{"type":"Feature","geometry":{"type":"Polygon","coordinates":[[[-3.58,54.95],[-3.15,55.02],[-3.06,55.02],[-3.19,55.36],[-3.78,55.98],[-3.96,55.98],[-4.25,56.18],[-4.86,56.18],[-4.85,56.05],[-4.84,55.98],[-5.01,55.91],[-4.98,55.7],[-4.79,55.57],[-4.31,55.23],[-3.58,54.95]]]},"properties":{"NAME":"Strathclyde","C":9,"name":"Strathclyde","start_year":870,"end_year":959,"capital":"","type":"polity","region":"","event":"","source":"Cliopatria / Seshat Global History Databank (CC BY 4.0)","wikipedia":"Strathclyde","wikidata":"Q124661","_a":2,"_c":[-4.03,55.57],"_nz":"斯特拉斯克莱德","_sz":""}},
{"type":"Feature","geometry":{"type":"Polygon","coordinates":[[[101.69,32.75],[101.77,33.01],[101.6,33.39],[101.53,33.65],[101.72,34.16],[101.5,34.42],[101.65,34.61],[101,35.39],[100.22,35.77],[99.42,35.9],[99.31,36.03],[98.84,36.03],[96.4,36.55],[94.51,37.13],[91.74,37.45],[91.56,37.58],[91.14,37.51],[88.25,37.71],[86.83,37.45],[85.11,37.45],[81.03,36.61],[80.95,36.61],[79.15,36.29],[79.07,36.29],[78.42,35.64],[78.18,35.07],[78.05,33.97],[78.12,33.97],[78.16,33.52],[78.37,33.14],[78.32,32.94],[78.53,32.56],[78.46,32.3],[78.8,31.79],[78.75,31.59],[79.1,31.46],[79.45,31.01],[79.97,30.95],[80.26,30.56],[80.84,30.44],[81.07,30.12],[81.38,30.12],[81.76,29.79],[81.99,29.79],[82.46,29.54],[83.26,29.41],[83.58,29.15],[84.24,29.02],[84.41,28.77],[84.7,28.7],[84.74,28.57],[85.2,28.57],[85.09,28.44],[85.14,28.32],[85.75,28.32],[85.97,27.93],[86.23,28.12],[86.34,27.93],[86.82,28.06],[87.37,27.8],[87.75,27.8],[88.21,27.87],[88.56,28.06],[88.84,27.99],[88.87,28.12],[89.62,28.12],[89.97,28.32],[90.33,28.25],[90.36,28.06],[90.82,28.06],[90.94,27.93],[91.19,28.06],[91.63,27.99],[91.61,27.54],[92.02,27.35],[92.27,27.48],[93.2,27.61],[95.8,29.02],[96.3,29.22],[96.53,29.22],[99.48,30.31],[100.9,31.01],[100.98,31.01],[101.69,32.75]]]},"properties":{"NAME":"Tibetans","C":2,"name":"Tibetans","start_year":875,"end_year":959,"capital":"无（分裂时期）","type":"polity","region":"tibet","event":"","source":"Cliopatria / Seshat Global History Databank (CC BY 4.0)","wikipedia":"Tibetan people","wikidata":"Q187985","_a":246,"_c":[89.91,32.53],"_nz":"吐蕃","_sz":""}},
{"type":"Feature","geometry":{"type":"Polygon","coordinates":[[[78.75,31.59],[78.8,31.79],[78.46,32.3],[78.53,32.56],[78.32,32.94],[78.37,33.14],[78.16,33.52],[78.12,33.97],[78.05,33.97],[78.18,35.07],[78.42,35.64],[79.07,36.29],[78.99,36.29],[76.68,35.77],[76.6,35.77],[75.32,35.32],[74.76,35.26],[74.74,35.19],[74.17,35.07],[73.7,34.74],[73.92,34.68],[73.84,34.36],[73.97,34.29],[73.93,34.1],[74.28,33.97],[74.09,33.84],[74.03,33.59],[74.17,33.52],[74.08,33.14],[74.38,32.81],[74.67,32.75],[74.77,32.49],[75.21,32.43],[75.33,32.3],[76.4,32.3],[76.52,32.17],[77.04,32.11],[77.3,31.91],[78.68,31.59],[78.75,31.59]]]},"properties":{"NAME":"Kashmir","C":7,"name":"Kashmir","start_year":875,"end_year":959,"capital":"","type":"polity","region":"","event":"","source":"Cliopatria / Seshat Global History Databank (CC BY 4.0)","wikipedia":"Kashmir","wikidata":"Q43100","_a":25,"_c":[76.38,33.94],"_nz":"克什米尔","_sz":""}},
{"type":"Feature","geometry":{"type":"MultiPolygon","coordinates":[[[[104.12,10.44],[103.91,10.44],[103.81,10.25],[103.94,10.06],[104.09,10.06],[104.12,10.44]]],[[[107.07,10.7],[107.11,11.02],[107.06,11.28],[106.88,11.66],[106.85,12.05],[107.09,12.24],[107.54,12.37],[107.64,12.63],[107.52,12.89],[107.67,13.46],[107.38,14.11],[107.42,14.43],[107.6,14.69],[107.57,15.01],[107.69,15.33],[107.3,15.65],[107.5,16.04],[107.15,16.16],[106.97,16.42],[106.69,16.49],[106.57,16.68],[106.49,16.68],[104.89,16.29],[104.3,16.29],[104.28,16.16],[103.66,15.91],[103.22,15.97],[103.03,16.16],[102.66,16.16],[102.26,16.42],[102.21,16.61],[101.7,15.59],[101.53,15.46],[101.48,15.07],[101.61,14.94],[101.61,14.36],[101.96,14.24],[101.72,13.46],[101.68,13.08],[101.81,12.95],[101.79,12.69],[101.78,12.63],[102.11,12.31],[102.26,12.31],[102.22,11.99],[102.44,11.99],[102.6,12.11],[102.73,11.92],[102.87,11.86],[102.84,11.6],[103.05,11.47],[103.06,10.83],[103.36,10.83],[103.6,11.09],[103.64,10.76],[103.49,10.7],[103.55,10.51],[103.92,10.57],[104.12,10.44],[104.42,10.44],[104.54,10.19],[105.03,9.99],[104.79,9.74],[104.7,8.64],[104.76,8.51],[105.14,8.58],[105.62,9.16],[106.14,9.29],[106.23,9.48],[106.6,9.54],[106.55,9.8],[106.64,9.99],[106.79,10.06],[106.82,10.31],[106.76,10.44],[106.98,10.51],[107.07,10.7]]]]},"properties":{"NAME":"Khmer Empire","C":11,"name":"Khmer Empire","start_year":875,"end_year":1027,"capital":"","type":"polity","region":"","event":"","source":"Cliopatria / Seshat Global History Databank (CC BY 4.0)","wikipedia":"Khmer Empire","wikidata":"Q201705","_a":51,"_c":[104.59,12.6],"_nz":"高棉帝国","_sz":""}},
{"type":"Feature","geometry":{"type":"Polygon","coordinates":[[[107.07,10.7],[107.05,10.44],[107.34,10.38],[108.03,10.7],[108.12,10.89],[108.57,11.02],[109.05,11.41],[109.06,11.54],[109.21,11.6],[109.23,12.37],[109.32,12.56],[109.47,12.56],[109.51,12.95],[109.33,13.27],[109.35,14.04],[109.18,14.36],[109.16,14.75],[108.97,15.01],[109.02,15.33],[108.68,15.52],[108.7,15.65],[108.37,15.91],[108.33,16.16],[108.14,16.36],[107.84,16.36],[107.86,16.49],[107.65,16.55],[107.67,16.68],[107.41,16.87],[107.1,17.26],[106.75,17.39],[106.59,17.77],[106.52,17.77],[106.3,17.77],[106.24,17.9],[105.87,17.9],[105.78,17.77],[105.77,17.71],[106.54,17],[106.57,16.68],[106.69,16.49],[106.97,16.42],[107.15,16.16],[107.5,16.04],[107.3,15.65],[107.69,15.33],[107.57,15.01],[107.6,14.69],[107.42,14.43],[107.38,14.11],[107.67,13.46],[107.52,12.89],[107.64,12.63],[107.54,12.37],[107.09,12.24],[106.85,12.05],[106.88,11.66],[107.06,11.28],[107.11,11.02],[107.07,10.7]]]},"properties":{"NAME":"Chámpa","C":6,"name":"Chámpa","start_year":875,"end_year":1027,"capital":"","type":"polity","region":"","event":"","source":"Cliopatria / Seshat Global History Databank (CC BY 4.0)","wikipedia":"Champa","wikidata":"Q216786","_a":28,"_c":[107.64,14.14],"_nz":"占婆","_sz":""}},
{"type":"Feature","geometry":{"type":"Polygon","coordinates":[[[66.67,24.86],[67.1,24.76],[67.42,23.97],[67.69,23.79],[67.85,23.91],[68.18,23.58],[68.28,23.56],[68.92,23.94],[69.12,24.7],[69.22,24.78],[69.34,25.02],[70.41,25.84],[70.77,26.32],[71.46,27.25],[72.33,28.97],[72.36,29.36],[72.12,29.85],[71.49,29.96],[70.57,29.95],[70.28,29.95],[70,29.81],[69.64,29.36],[68.69,29.19],[68.13,29.39],[67.64,29.28],[67.52,29.12],[67.5,28.37],[67.17,27.45],[67.16,26.1],[67.03,25.55],[66.67,25.03],[66.67,24.86]]]},"properties":{"NAME":"Sind-Habbari Dynasty","C":6,"name":"Sind-Habbari Dynasty","start_year":875,"end_year":935,"capital":"","type":"polity","region":"","event":"","source":"Cliopatria / Seshat Global History Databank (CC BY 4.0)","wikipedia":"Habbari dynasty","wikidata":"Q5636647","_a":36,"_c":[69.51,26.76],"_nz":"信德-哈巴里王朝","_sz":""}},
{"type":"Feature","geometry":{"type":"MultiPolygon","coordinates":[[[[14.64,55.09],[15.07,55.02],[15.08,55.23],[14.64,55.29],[14.64,55.09]]],[[[10.1,54.41],[9.93,54.55],[10.01,55.02],[10.54,55.02],[10.54,54.75],[10.71,54.75],[10.88,54.95],[10.8,55.43],[10.63,55.63],[9.75,55.57],[9.93,55.7],[10.01,55.91],[10.28,55.98],[10.54,56.18],[10.81,56.18],[10.9,56.52],[10.28,56.59],[10.28,57.08],[10.55,57.28],[10.46,57.77],[9.92,57.7],[9.83,57.56],[9.39,57.21],[8.5,57.21],[8.24,57.01],[8.24,56.73],[7.98,56.66],[8,55.63],[8.09,55.5],[8.35,55.5],[8.53,55.36],[8.44,55.23],[8.53,54.82],[8.8,54.61],[8.8,54.48],[8.54,54.41],[8.54,54.27],[8.8,54.21],[9.15,54.21],[10.1,54.34],[10.1,54.41]]],[[[18.6,57.97],[18.23,57.83],[18.03,57.56],[18.08,56.94],[18.34,56.94],[18.45,57.21],[18.91,57.42],[18.84,57.7],[19.05,57.97],[18.6,57.97]]],[[[11.71,57.97],[11.79,57.42],[12.06,57.35],[12.14,57.08],[12.41,56.94],[12.4,56.8],[12.75,56.52],[12.48,56.18],[11.33,56.05],[11.24,55.84],[10.89,55.77],[11.06,55.57],[10.97,55.29],[11.5,55.23],[11.67,55.09],[11.67,54.89],[10.97,55.02],[10.88,54.75],[12.1,54.75],[12.11,55.16],[12.37,55.23],[12.38,55.43],[12.2,55.57],[12.56,55.7],[12.56,55.98],[12.91,55.77],[12.81,55.36],[14.3,55.36],[14.23,55.91],[14.76,55.98],[14.77,56.18],[15.82,56.11],[16.09,56.25],[16.44,56.25],[16.72,56.52],[16.74,56.8],[17.12,57.28],[16.95,57.42],[16.76,57.08],[16.48,56.87],[16.5,57.28],[16.69,57.42],[16.63,57.9],[16.81,58.04],[16.85,58.6],[17.13,58.74],[17.49,58.74],[17.5,58.88],[17.95,58.88],[18.14,59.09],[18.41,59.09],[18.35,59.43],[18.63,59.5],[18.83,59.71],[19.01,59.71],[19.03,60],[18.78,60.21],[18.5,60.21],[18.61,60.42],[18.07,60.49],[17.99,60.63],[17.62,60.63],[17.45,60.77],[16.99,60.77],[16.8,60.63],[16.33,60.56],[15.97,60.63],[15.51,60.56],[14.32,60.63],[13.6,60.91],[12.87,61.34],[12.68,61.12],[12.31,60.98],[12.31,60.77],[12.58,60.49],[12.38,60.07],[11.92,59.92],[12.01,59.43],[12,58.88],[12.09,58.88],[12.16,58.18],[11.89,57.97],[11.71,57.97]]]]},"properties":{"NAME":"Scandinavian minor kingdoms","C":2,"name":"Scandinavian minor kingdoms","start_year":875,"end_year":935,"capital":"","type":"polity","region":"","event":"","source":"Cliopatria / Seshat Global History Databank (CC BY 4.0)","wikipedia":"Viking Age","wikidata":"Q213649","_a":469,"_c":[24.24,61.43],"_nz":"斯堪的纳维亚小王国","_sz":""}},
{"type":"Feature","geometry":{"type":"Polygon","coordinates":[[[58.34,43.47],[58.19,43.8],[57.96,43.86],[58.07,44.25],[57.96,44.45],[58.27,45.24],[58.49,45.43],[58.64,45.96],[59.31,46.02],[59.49,46.35],[59.84,46.41],[60.12,46.81],[60.53,46.81],[60.57,46.94],[61.23,46.94],[61.7,46.87],[61.25,45.96],[61.25,45.69],[61.34,45.43],[61.72,45.37],[61.58,44.91],[61.02,44.65],[60.76,44.06],[61.53,43.93],[61.57,43.8],[62.48,43.86],[63.39,44.19],[64.57,45.1],[64.82,45.63],[64.98,46.35],[64.94,46.74],[64.82,46.87],[64.75,47.14],[64.76,47.4],[64.53,47.47],[64.43,47.66],[64.23,47.8],[63.86,47.93],[61.82,47.99],[56.38,47.8],[54.52,47.33],[54.44,46.74],[54.52,46.74],[54.29,45.56],[54.22,45.3],[54.36,45.24],[54.3,44.97],[53.81,44.97],[53.88,45.24],[52.09,45.24],[51.88,45.37],[51.47,45.37],[51.06,45.04],[51.02,44.84],[51.47,44.71],[51.42,44.52],[50.86,44.52],[50.4,44.65],[50.19,44.45],[50.88,44.25],[51.07,44.06],[51.04,43.93],[51.32,43.73],[51.31,43.34],[51.44,43.21],[51.77,43.28],[51.94,42.95],[52.42,42.95],[52.79,42.82],[52.68,42.37],[52.44,42.04],[52.72,41.52],[52.81,41.91],[53.19,42.17],[53.91,42.17],[54.09,41.59],[54.73,41.26],[54.67,41],[54.39,40.81],[56.83,40.74],[57.46,41.39],[57.56,41.78],[57.96,42.37],[58.05,43.02],[58.34,43.47]]]},"properties":{"NAME":"Oghuz Turks","C":10,"name":"Oghuz Turks","start_year":875,"end_year":969,"capital":"无固定都城","type":"polity","region":"central_asia","event":"","source":"Cliopatria / Seshat Global History Databank (CC BY 4.0)","wikipedia":"Oghuz Khagan","wikidata":"Q2118293","_a":107,"_c":[57.59,44.37],"_nz":"乌古斯","_sz":""}},
{"type":"Feature","geometry":{"type":"MultiPolygon","coordinates":[[[[-4.89,52.18],[-5.3,51.98],[-5.26,51.71],[-5.08,51.58],[-4.42,51.71],[-4.27,51.98],[-4.54,52.05],[-4.55,52.18],[-4.89,52.18]]],[[[-3.15,53.46],[-2.88,53.33],[-2.29,53.39],[-2.29,53.46],[-1.87,53.53],[-1.89,53.8],[-2.55,54.27],[-2.67,54.61],[-2.68,54.68],[-2.79,54.95],[-3.06,55.02],[-3.15,55.02],[-3.57,54.89],[-3.72,54.68],[-3.59,54.27],[-3.32,54.21],[-3.1,53.73],[-3.15,53.46]]],[[[-4.79,55.57],[-4.78,55.5],[-5.33,55.02],[-5.11,54.68],[-4.95,54.82],[-4.42,54.75],[-3.57,54.89],[-3.58,54.95],[-4.31,55.23],[-4.79,55.57]]]]},"properties":{"NAME":"Brythons","C":11,"name":"Brythons","start_year":878,"end_year":935,"capital":"","type":"polity","region":"","event":"","source":"Cliopatria / Seshat Global History Databank (CC BY 4.0)","wikipedia":"Celtic Britons","wikidata":"Q849967","_a":14,"_c":[-3.6,53.61],"_nz":"布立吞人","_sz":""}},
{"type":"Feature","geometry":{"type":"Polygon","coordinates":[[[16.45,39.71],[16.45,39.9],[16.7,40.1],[16.62,40.29],[16.78,40.36],[16.79,40.55],[16.09,40.94],[16.01,41.07],[15.38,41],[14.58,41],[14.5,41],[14.73,40.68],[14.97,40.61],[14.96,40.29],[15.67,39.9],[15.9,39.71],[16.45,39.71]]]},"properties":{"NAME":"Principality of Salerno","C":3,"name":"Principality of Salerno","start_year":880,"end_year":969,"capital":"","type":"polity","region":"","event":"","source":"Cliopatria / Seshat Global History Databank (CC BY 4.0)","wikipedia":"Principality of Salerno","wikidata":"Q1065299","_a":3,"_c":[15.68,40.39],"_nz":"萨莱诺公国","_sz":""}},
{"type":"Feature","geometry":{"type":"Polygon","coordinates":[[[34.31,35.71],[33.74,35.39],[32.89,35.39],[32.88,35.26],[32.55,35.13],[32.25,35.13],[32.23,34.94],[32.37,34.74],[33.04,34.55],[33.13,34.68],[33.52,34.74],[33.7,34.94],[34.09,35],[33.96,35.26],[34.53,35.58],[34.31,35.71]]]},"properties":{"NAME":"Cyprus Condominium","C":6,"name":"Cyprus Condominium","start_year":884,"end_year":946,"capital":"","type":"polity","region":"","event":"","source":"Cliopatria / Seshat Global History Databank (CC BY 4.0)","wikipedia":"Cyprus","wikidata":"Q229","_a":3,"_c":[33.39,35.13],"_nz":"塞浦路斯共治地","_sz":""}},
{"type":"Feature","geometry":{"type":"Polygon","coordinates":[[[46.45,40.36],[46.87,40.48],[46.94,40.42],[46.8,40.1],[47,39.9],[47.31,39.9],[47.41,39.58],[47.9,39.64],[48.09,39.84],[48.72,39.84],[48.78,39.71],[49,39.64],[49.03,39.38],[49.18,39.32],[49.27,39.38],[49.51,40.23],[49.69,40.36],[50.26,40.42],[50.05,40.55],[49.51,40.61],[49.24,40.87],[49.27,41],[49.06,41.13],[49.09,41.26],[48.56,41.78],[48.28,41.59],[48.2,41.59],[48.08,41.39],[47.72,41.2],[47.84,41],[47.72,40.81],[47.24,40.74],[46.8,40.94],[46.32,40.94],[46.06,40.81],[45.82,40.36],[46.45,40.36]]]},"properties":{"NAME":"Shirvan","C":9,"name":"Shirvan","start_year":886,"end_year":946,"capital":"","type":"polity","region":"","event":"","source":"Cliopatria / Seshat Global History Databank (CC BY 4.0)","wikipedia":"Shirvan","wikidata":"Q638064","_a":11,"_c":[48.04,40.55],"_nz":"希尔万","_sz":""}},
{"type":"Feature","geometry":{"type":"Polygon","coordinates":[[[41.75,40.16],[42.17,40.29],[42.62,40.61],[43.1,40.68],[43.15,40.94],[43.4,41],[43.58,41.13],[43.19,41.2],[42.86,41.59],[42.62,41.59],[42.44,41.46],[41.58,41.52],[41.23,41.33],[41.26,41.07],[40.58,40.74],[40.3,40.48],[40.53,40.42],[40.59,40.29],[41.75,40.16]]]},"properties":{"NAME":"Kingdom of the Iberians","C":10,"name":"Kingdom of the Iberians","start_year":886,"end_year":989,"capital":"","type":"polity","region":"","event":"","source":"Cliopatria / Seshat Global History Databank (CC BY 4.0)","wikipedia":"Kingdom of the Iberians","wikidata":"Q154816","_a":5,"_c":[41.94,40.88],"_nz":"伊比利亚人王国","_sz":""}},
{"type":"Feature","geometry":{"type":"Polygon","coordinates":[[[11.73,53.06],[11.9,53.19],[12.42,53.39],[12.34,53.46],[12.34,53.8],[12.17,53.87],[12.09,54],[12.01,54.27],[11.4,54.14],[11.4,54],[10.88,54.07],[11.05,54.21],[11.05,54.41],[10.1,54.41],[10.1,54.34],[10.01,53.94],[10.19,53.87],[10.19,53.66],[10.36,53.46],[11.73,53.06]]]},"properties":{"NAME":"Obotrites","C":3,"name":"Obotrites","start_year":887,"end_year":935,"capital":"","type":"polity","region":"","event":"","source":"Cliopatria / Seshat Global History Databank (CC BY 4.0)","wikipedia":"Obotrites","wikidata":"Q156108","_a":3,"_c":[11.22,53.74],"_nz":"奥博特里特人","_sz":""}},
{"type":"Feature","geometry":{"type":"Polygon","coordinates":[[[0.6,42.69],[0.69,42.56],[0.64,42.04],[0.72,41.91],[1.12,41.91],[1.11,42.17],[1.49,42.63],[1.07,42.82],[0.67,42.82],[0.6,42.69]]]},"properties":{"NAME":"County of Pallars","C":6,"name":"County of Pallars","start_year":888,"end_year":989,"capital":"","type":"polity","region":"","event":"","source":"Cliopatria / Seshat Global History Databank (CC BY 4.0)","wikipedia":"County of Pallars","wikidata":"Q1541787","_a":1,"_c":[1.05,42.36],"_nz":"帕利亚斯伯国","_sz":""}},
{"type":"Feature","geometry":{"type":"Polygon","coordinates":[[[96.93,41.07],[96.78,41.26],[96.84,41.39],[96.64,41.65],[96.48,41.65],[96.09,42.17],[94.49,42.17],[94.52,42.24],[93.91,42.3],[92.43,42.56],[92.33,42.69],[92.32,43.02],[92.41,43.54],[92.21,43.8],[92.05,43.8],[91.55,44.45],[90.79,44.71],[90.74,44.78],[90.02,44.97],[89.87,45.17],[88.74,45.37],[88.77,45.43],[87.7,45.24],[86.93,44.97],[85.94,44.39],[85.6,43.99],[84.27,42.95],[83.65,42.63],[83.23,42.56],[82.56,42.3],[81.98,42.24],[81.18,41.85],[81.13,41.72],[80.61,41.39],[80.17,40.42],[80.24,40.16],[80.23,39.9],[80.32,39.71],[80.51,39.58],[80.46,39.45],[80.86,39],[82.43,38.55],[83.92,38.55],[84.77,38.74],[85.98,39.26],[86.3,39.26],[86.63,38.87],[86.44,38.35],[87.66,38.48],[88.75,38.87],[91.54,39.19],[92.93,39.51],[93.3,39.45],[93.35,39.58],[94.27,39.51],[94.35,39.71],[94.59,39.71],[95.17,39.97],[95.81,40.16],[96.44,40.16],[96.59,40.68],[96.93,41.07]]]},"properties":{"NAME":"Qocho Kingdom","C":3,"name":"Qocho Kingdom","start_year":888,"end_year":1009,"capital":"高昌（吐鲁番）","type":"polity","region":"central_asia","event":"","source":"Cliopatria / Seshat Global History Databank (CC BY 4.0)","wikipedia":"Qocho","wikidata":"Q2662180","_a":119,"_c":[88.56,41.89],"_nz":"高昌回鹘","_sz":""}},
{"type":"Feature","geometry":{"type":"Polygon","coordinates":[[[80.83,46.48],[80.86,46.55],[82.45,46.81],[82.68,46.94],[82.89,46.87],[83.04,47.01],[83.36,47.01],[83.98,47.27],[85.17,47.53],[85.35,47.73],[85.51,47.73],[85.64,48.32],[85.47,48.32],[85.52,48.59],[85.34,48.72],[85.3,48.99],[84.33,49.38],[83.9,49.52],[83.8,49.65],[79.02,49.98],[78.66,50.45],[78.49,50.45],[78.32,50.78],[78.15,50.78],[78.08,50.98],[77.91,50.98],[77.84,51.18],[77.67,51.18],[77.6,51.38],[77.43,51.38],[77.31,51.65],[77.14,51.65],[77.07,51.85],[76.58,52.05],[76.38,52.32],[74.84,52.99],[74.65,53.12],[73.43,53.26],[73.46,53.33],[72.69,53.33],[72.15,53.46],[71.29,53.46],[71.33,53.53],[67.17,53.66],[63.92,53.73],[62.77,53.66],[61.25,53.33],[61.11,53.39],[60.31,53.12],[59.44,52.65],[59.12,52.25],[59.05,52.05],[59.19,51.98],[59.01,51.71],[58.11,51.11],[56.41,51.31],[55.76,51.65],[54.59,51.71],[54.61,51.78],[53.57,51.71],[52.83,51.51],[52.43,51.58],[52.3,51.45],[51.94,51.38],[51.65,50.98],[51.44,49.98],[51.58,49.58],[51.81,49.52],[51.56,48.92],[51.3,48.59],[51.28,48.19],[53.6,48.19],[54,47.86],[54.17,47.86],[54.52,47.33],[56.38,47.8],[61.82,47.99],[63.86,47.93],[64.23,47.8],[64.43,47.66],[64.53,47.47],[64.76,47.4],[64.75,47.14],[64.82,46.87],[64.94,46.74],[64.98,46.35],[64.82,45.63],[64.9,45.63],[66.09,45.3],[66.39,44.97],[67.54,44.52],[67.87,44.06],[68.09,43.99],[68.9,43.99],[69.93,44.19],[70,44.39],[70.08,44.39],[70.96,45.69],[72.03,46.61],[73.18,46.81],[73.91,46.81],[74.36,46.68],[74.6,46.87],[76.32,46.87],[76.35,46.74],[76.73,46.68],[77.91,46.74],[78.1,46.61],[78.7,46.87],[79.33,46.81],[79.31,46.74],[79.61,46.68],[80.07,46.81],[80.32,46.61],[80.83,46.48]]]},"properties":{"NAME":"Kimek-Kipchak confederation","C":2,"name":"Kimek-Kipchak confederation","start_year":896,"end_year":969,"capital":"无固定都城","type":"polity","region":"central_asia","event":"","source":"Cliopatria / Seshat Global History Databank (CC BY 4.0)","wikipedia":"Kimek-Kipchak confederation","wikidata":"Q2477776","_a":339,"_c":[68.46,48.86],"_nz":"基马克-钦察联盟","_sz":""}},
{"type":"Feature","geometry":{"type":"Polygon","coordinates":[[[109.24,-6.85],[109.16,-6.79],[108.87,-6.79],[108.5,-6.72],[108.26,-6.27],[107.53,-6.21],[107.37,-6.01],[106.86,-5.95],[107.01,-6.01],[107.02,-6.21],[107.25,-6.4],[107.27,-6.79],[107.5,-6.98],[107.31,-7.56],[107.39,-7.56],[108.14,-7.88],[108.78,-7.69],[109.82,-7.94],[109.89,-7.94],[110.01,-7.56],[109.49,-7.36],[109.4,-7.11],[109.25,-7.04],[109.24,-6.85]]]},"properties":{"NAME":"Galuh Kingdom","C":4,"name":"Galuh Kingdom","start_year":896,"end_year":1009,"capital":"","type":"polity","region":"","event":"","source":"Cliopatria / Seshat Global History Databank (CC BY 4.0)","wikipedia":"Galuh Kingdom","wikidata":"Q5519387","_a":6,"_c":[108.43,-6.91],"_nz":"加卢王国","_sz":""}},
{"type":"Feature","geometry":{"type":"Polygon","coordinates":[[[79.31,46.74],[79.09,46.61],[78.97,46.35],[78.46,46.28],[77.8,46.28],[77.83,46.35],[77.39,46.48],[75.45,46.55],[75.32,46.41],[74.88,46.35],[74.75,46.02],[74.32,45.96],[74.12,45.43],[74.25,45.37],[74.13,45.04],[73.94,44.97],[73.74,45.3],[73.33,45.5],[73.63,46.28],[73.87,46.28],[73.95,46.48],[74.36,46.68],[73.91,46.81],[73.18,46.81],[72.03,46.61],[70.96,45.69],[70.08,44.39],[71.54,44.39],[72.3,44.25],[72.41,44.12],[72.93,43.99],[72.94,43.8],[73.13,43.67],[73.09,43.54],[73.36,43.41],[73.45,43.21],[73.86,43.02],[74.01,42.76],[74.56,42.5],[74.7,42.24],[75.19,42.04],[75.24,41.72],[74.52,41.26],[74.35,41],[77.43,41.39],[80,42.3],[80.13,42.43],[81.98,42.24],[82.56,42.3],[83.23,42.56],[83.25,42.63],[82.35,43.73],[82.25,44.84],[82.12,45.1],[82.28,45.3],[82.07,45.37],[82.23,45.56],[82.21,45.69],[81.65,46.28],[81.71,46.41],[81.3,46.41],[80.83,46.48],[80.32,46.61],[80.07,46.81],[79.61,46.68],[79.31,46.74]]]},"properties":{"NAME":"Kara-Khanids","C":2,"name":"Kara-Khanids","start_year":896,"end_year":959,"capital":"八剌沙衮","type":"dynasty","region":"central_asia","event":"","source":"Cliopatria / Seshat Global History Databank (CC BY 4.0)","wikipedia":"Kara-Khanid Khanate","wikidata":"Q494354","_a":77,"_c":[76.66,43.91],"_nz":"喀喇汗国","_sz":""}},
{"type":"Feature","geometry":{"type":"Polygon","coordinates":[[[2.3,42.43],[2.86,42.43],[2.86,42.24],[3.11,41.98],[3.18,42.37],[3.01,42.56],[2.99,43.02],[2.59,42.95],[2.52,42.82],[2.04,42.69],[1.97,42.56],[2.05,42.56],[2.3,42.43]]]},"properties":{"NAME":"County of Rosellón","C":5,"name":"County of Rosellón","start_year":896,"end_year":989,"capital":"","type":"polity","region":"","event":"","source":"Cliopatria / Seshat Global History Databank (CC BY 4.0)","wikipedia":"Roussillon","wikidata":"Q13522657","_a":1,"_c":[2.58,42.5],"_nz":"鲁西永伯国","_sz":""}},
{"type":"Feature","geometry":{"type":"Polygon","coordinates":[[[107.31,-7.56],[107.5,-6.98],[107.27,-6.79],[107.25,-6.4],[107.02,-6.21],[107.01,-6.01],[106.86,-5.95],[106.65,-6.08],[106.49,-5.95],[105.91,-5.89],[105.7,-6.08],[105.65,-6.46],[105.43,-6.53],[105.37,-6.85],[105.89,-6.85],[106.33,-7.04],[106.28,-7.43],[106.43,-7.49],[107.31,-7.56]]]},"properties":{"NAME":"Sunda Kingdom","C":0,"name":"Sunda Kingdom","start_year":896,"end_year":1027,"capital":"","type":"polity","region":"","event":"","source":"Cliopatria / Seshat Global History Databank (CC BY 4.0)","wikipedia":"Sunda Kingdom","wikidata":"Q1469742","_a":4,"_c":[106.44,-6.72],"_nz":"巽他王国","_sz":""}},
{"type":"Feature","geometry":{"type":"Polygon","coordinates":[[[1.49,42.63],[1.11,42.17],[1.12,41.91],[1.37,41.85],[1.75,42.17],[1.81,42.5],[1.73,42.63],[1.57,42.63],[1.49,42.63]]]},"properties":{"NAME":"County of Urgell","C":10,"name":"County of Urgell","start_year":898,"end_year":959,"capital":"","type":"polity","region":"","event":"","source":"Cliopatria / Seshat Global History Databank (CC BY 4.0)","wikipedia":"County of Urgell","wikidata":"Q1514510","_a":1,"_c":[1.46,42.24],"_nz":"乌赫尔伯国","_sz":""}},
{"type":"Feature","geometry":{"type":"Polygon","coordinates":[[[3.11,41.98],[2.86,42.24],[2.48,41.91],[1.45,41.72],[1.79,41.26],[2.11,41.33],[2.33,41.59],[2.57,41.59],[3.12,41.91],[3.11,41.98]]]},"properties":{"NAME":"County of Barcelona","C":8,"name":"County of Barcelona","start_year":898,"end_year":959,"capital":"","type":"polity","region":"","event":"","source":"Cliopatria / Seshat Global History Databank (CC BY 4.0)","wikipedia":"Girona","wikidata":"Q7038","_a":2,"_c":[2.29,41.75],"_nz":"巴塞罗那伯国","_sz":""}},
{"type":"Feature","geometry":{"type":"MultiPolygon","coordinates":[[[[-4.11,57.9],[-4.12,57.97],[-3.43,58.18],[-3.02,58.53],[-3.04,58.67],[-5.2,58.67],[-5.17,58.46],[-5.42,58.32],[-5.46,57.97],[-5.26,57.83],[-4.82,57.83],[-4.11,57.9]]],[[[-3.44,59.02],[-3.42,58.81],[-2.79,58.88],[-2.81,59.02],[-3.38,59.22],[-3.44,59.02]]],[[[-0.81,60.63],[-0.83,60.84],[-1.28,60.77],[-1.63,60.63],[-1.67,60.21],[-1.2,60.07],[-1.16,60.56],[-0.81,60.63]]],[[[17.06,68.12],[17.27,68.27],[17.29,68.5],[17.6,68.65],[18,68.65],[18.02,68.88],[18.43,68.95],[18.65,69.18],[19.16,69.26],[19.38,69.41],[18.79,69.56],[18.92,69.79],[18.31,69.79],[18.19,69.56],[17.59,69.64],[17.27,69.49],[16.87,69.49],[17.04,69.11],[17.65,69.18],[17.52,68.88],[16.61,68.73],[16.62,68.88],[15.92,68.88],[15.94,69.11],[16.15,69.33],[15.75,69.33],[14.52,68.88],[14.4,68.5],[14.19,68.2],[14.98,68.27],[15.58,68.27],[15.36,67.97],[15.07,67.97],[14.95,67.67],[14.55,67.52],[14.44,67.3],[14.13,67.07],[13.64,67.07],[13.63,66.77],[13.24,66.77],[12.94,66.62],[13.12,66.25],[12.35,66.25],[12.34,65.88],[12.53,65.74],[12.14,65.59],[12.04,65.44],[12.13,65.15],[11.45,65],[11.35,64.86],[11.44,64.57],[10.87,64.64],[10.3,64.42],[10.3,64.28],[9.92,64.13],[9.92,63.99],[9.54,63.91],[9.54,63.62],[9.26,63.41],[8.98,63.48],[9.07,63.7],[8.5,63.7],[8.22,63.48],[7.84,63.55],[7.75,63.34],[8.22,63.34],[8.23,63.19],[7.95,63.05],[6.92,63.05],[6.92,62.83],[7.39,62.76],[7.4,62.62],[6.64,62.76],[6.56,62.47],[5.91,62.4],[5.44,62.4],[5.45,62.19],[5.08,62.26],[5.19,61.9],[4.91,61.76],[5.03,61.19],[4.95,61.05],[5.16,60.49],[4.89,60.42],[4.9,60.21],[5.26,60.28],[5.45,60.14],[5.18,60],[5.28,59.78],[5.21,59.29],[5.85,59.29],[5.95,59.02],[5.5,59.02],[5.51,58.6],[5.7,58.46],[6.52,58.25],[6.61,58.04],[7.6,57.97],[8.67,58.32],[9.11,58.74],[9.38,58.74],[9.65,59.02],[10.01,58.95],[10.19,59.16],[10.37,59.16],[10.47,59.43],[10.83,59.16],[11.1,59.16],[11.18,58.39],[11.36,58.39],[11.45,58.11],[11.71,57.97],[11.89,57.97],[12.16,58.18],[12.09,58.88],[12,58.88],[12.01,59.43],[11.92,59.92],[12.38,60.07],[12.58,60.49],[12.31,60.77],[12.31,60.98],[12.68,61.12],[12.87,61.34],[12.51,61.62],[12.43,61.9],[12.24,62.05],[12.26,62.69],[12.64,63.12],[12.65,63.26],[12.94,63.48],[13.13,63.48],[13.42,63.77],[13.9,63.91],[14.19,64.2],[14.2,64.42],[14.02,64.57],[13.46,64.79],[13.38,65.22],[13.19,65.3],[13.2,65.66],[13.6,65.96],[13.79,65.96],[14.8,66.77],[15,66.77],[15.72,67.37],[16.32,67.52],[16.43,67.74],[16.43,67.67],[16.43,67.74],[16.64,67.82],[16.74,67.89],[16.74,67.82],[16.84,67.89],[16.94,67.97],[17.05,68.05],[17.06,68.12]],[[16.85,67.97],[16.84,67.89],[16.74,67.89],[16.85,67.97]]],[[[14.09,68.2],[14.1,68.42],[13.7,68.42],[13.39,68.2],[13.59,68.12],[14.09,68.2]]]]},"properties":{"NAME":"Old Kingdom of Norway","C":1,"name":"Old Kingdom of Norway","start_year":899,"end_year":946,"capital":"","type":"polity","region":"","event":"","source":"Cliopatria / Seshat Global History Databank (CC BY 4.0)","wikipedia":"Norway","wikidata":"Q202266","_a":297,"_c":[6.96,63.81],"_nz":"挪威早期王国","_sz":""}},
{"type":"Feature","geometry":{"type":"MultiPolygon","coordinates":[[[[50.65,25.87],[50.69,26.26],[50.46,26.26],[50.43,25.94],[50.65,25.87]]],[[[48.13,28.51],[48.21,28.51],[48.25,28.19],[48.47,28.12],[48.53,27.99],[48.55,27.48],[49.06,27.29],[49.27,27.09],[49.25,26.97],[49.88,26.45],[49.67,25.87],[50.03,25.68],[50.34,24.97],[50.62,24.65],[50.92,24.71],[51.12,25.29],[50.98,25.42],[51.23,25.68],[51.35,25.36],[51.29,24.71],[51.1,24.2],[51.17,24.07],[51.82,23.88],[51.88,23.69],[54.5,23.81],[54.81,23.94],[55.62,24.65],[55.84,24.59],[56.03,24.97],[56.06,25.29],[55.81,25.81],[55.64,25.62],[55.41,25.55],[55.14,25.1],[54.74,24.84],[54.56,24.46],[54.32,24.26],[54.1,24.33],[54.08,24.14],[53.11,24.14],[52.6,24.26],[52.28,24.01],[51.91,24.01],[51.85,24.26],[51.41,24.33],[51.52,24.78],[51.69,24.97],[51.72,25.29],[51.57,25.36],[51.7,25.87],[51.42,26.13],[51.12,26.13],[50.95,25.94],[50.92,25.62],[50.77,25.55],[50.73,25.1],[50.65,25.1],[50.61,25.42],[50.33,25.62],[50.21,26],[50.25,26.45],[50.12,26.58],[50.13,26.77],[49.36,27.29],[49.24,27.61],[48.87,27.67],[48.97,27.93],[48.78,28.19],[48.56,28.32],[48.58,28.51],[48.44,28.57],[48.46,28.77],[48.19,29.09],[48.22,29.28],[47.86,29.47],[47.87,29.54],[47.65,29.6],[47.53,29.28],[48.01,28.83],[48.13,28.51]]]]},"properties":{"NAME":"Qarmatians","C":11,"name":"Qarmatians","start_year":899,"end_year":969,"capital":"","type":"polity","region":"","event":"","source":"Cliopatria / Seshat Global History Databank (CC BY 4.0)","wikipedia":"Qarmatians","wikidata":"Q138803","_a":50,"_c":[51.8,26.65],"_nz":"卡尔马特派","_sz":""}},
{"type":"Feature","geometry":{"type":"Polygon","coordinates":[[[-3.26,56.05],[-3.27,56.11],[-2.67,56.25],[-2.79,56.52],[-2.53,56.59],[-2.21,56.87],[-2.08,57.28],[-1.82,57.42],[-1.85,57.7],[-2.04,57.77],[-2.84,57.77],[-3.99,57.7],[-4.11,57.9],[-4.82,57.83],[-5.26,57.83],[-5.46,57.97],[-5.89,57.83],[-5.92,57.42],[-5.73,57.35],[-5.7,57.14],[-5.95,57.01],[-5.88,56.52],[-5.68,56.39],[-5.74,56.18],[-5.72,55.98],[-5.36,55.91],[-5.3,56.11],[-4.93,56.05],[-4.85,56.05],[-4.86,56.18],[-4.25,56.18],[-3.96,55.98],[-3.78,55.98],[-3.26,56.05]]]},"properties":{"NAME":"Kingdom of Alba","C":2,"name":"Kingdom of Alba","start_year":900,"end_year":959,"capital":"","type":"polity","region":"","event":"","source":"Cliopatria / Seshat Global History Databank (CC BY 4.0)","wikipedia":"Kingdom of Alba","wikidata":"Q1991742","_a":9,"_c":[-3.91,56.91],"_nz":"阿尔巴王国","_sz":""}},
{"type":"Feature","geometry":{"type":"Polygon","coordinates":[[[91.44,22.79],[91.67,22.5],[91.85,22.11],[91.84,21.54],[92.35,20.72],[92.57,20.57],[93.02,19.82],[93.05,20],[93.34,20.02],[93.42,19.73],[93.6,19.64],[93.6,19.42],[93.48,19.33],[94.01,18.73],[94.15,18.79],[94.39,18.36],[94.45,17.94],[94.77,18.02],[94.88,18.1],[94.73,18.52],[94.84,19.13],[94.1,19.95],[93.67,20.27],[93.34,21.24],[93.17,22.31],[92.72,23.54],[92.53,23.84],[92.08,24.1],[91.68,24.11],[91.4,23.9],[91.33,23.59],[91.66,23.4],[91.6,23.18],[91.37,23.08],[91.44,22.79]]]},"properties":{"NAME":"Chandra Dynasty","C":1,"name":"Chandra Dynasty","start_year":900,"end_year":946,"capital":"","type":"polity","region":"","event":"","source":"Cliopatria / Seshat Global History Databank (CC BY 4.0)","wikipedia":"Chandra dynasty","wikidata":"Q5032034","_a":22,"_c":[93.1,21.03],"_nz":"旃陀罗王朝","_sz":""}},
{"type":"Feature","geometry":{"type":"MultiPolygon","coordinates":[[[[91.07,22.4],[91.03,22.14],[91.26,22.21],[91.22,22.4],[91.07,22.4]]],[[[92.08,24.1],[92.15,24.07],[92.34,24.33],[92.47,25.1],[90.47,25.27],[89.66,25.45],[89.35,25.58],[89.9,26.13],[89.34,26],[89.2,26.07],[89.12,26.39],[88.73,26.32],[88.55,26.58],[87.23,26.71],[86.02,27.09],[85.43,27.16],[85.03,27.42],[84.72,27.35],[84.31,26.77],[84.19,26.13],[84.03,26.07],[83.99,25.81],[83.4,25.42],[83.29,25.23],[83.32,24.46],[84.89,23.94],[85.86,23.49],[85.92,23.36],[87.89,22.53],[88,22.27],[88.2,22.14],[88.2,21.56],[88.51,21.69],[88.64,22.08],[88.72,22.08],[88.73,21.63],[89.1,21.63],[89.12,21.76],[89.71,21.76],[89.87,21.82],[89.9,22.01],[90.16,21.76],[90.32,21.82],[90.43,22.08],[90.65,22.08],[90.78,21.95],[90.94,22.53],[91.24,22.59],[91.44,22.79],[91.37,23.08],[91.6,23.18],[91.66,23.4],[91.33,23.59],[91.4,23.9],[91.68,24.11],[92.08,24.1]]]]},"properties":{"NAME":"Pala Empire","C":10,"name":"Pala Empire","start_year":900,"end_year":946,"capital":"","type":"polity","region":"","event":"","source":"Cliopatria / Seshat Global History Databank (CC BY 4.0)","wikipedia":"Pala Empire","wikidata":"Q668412","_a":54,"_c":[87.88,24.49],"_nz":"波罗王朝","_sz":""}},
{"type":"Feature","geometry":{"type":"Polygon","coordinates":[[[14.58,41],[15.38,41],[15.31,41.59],[15.48,41.72],[15.4,41.91],[15.17,42.04],[14.92,41.98],[14.77,42.11],[14.69,42.11],[14.37,41.98],[14.12,41.72],[13.96,41.72],[14.04,41.52],[13.87,41.33],[13.4,41.33],[13.71,41.26],[13.95,41],[14.58,41]]]},"properties":{"NAME":"Duchy of Benevento","C":8,"name":"Duchy of Benevento","start_year":900,"end_year":969,"capital":"","type":"polity","region":"","event":"","source":"Cliopatria / Seshat Global History Databank (CC BY 4.0)","wikipedia":"Duchy of Benevento","wikidata":"Q267816","_a":2,"_c":[14.44,41.56],"_nz":"贝内文托公国","_sz":""}},
{"type":"Feature","geometry":{"type":"Polygon","coordinates":[[[-99.17,20.02],[-98.78,19.51],[-98.41,19.51],[-98.31,19.76],[-98.16,19.76],[-98.21,20.02],[-98.36,20.02],[-98.55,20.28],[-98.85,20.28],[-98.95,20.02],[-99.17,20.02]]]},"properties":{"NAME":"Toltec","C":1,"name":"Toltec","start_year":900,"end_year":1176,"capital":"","type":"polity","region":"","event":"","source":"Cliopatria / Seshat Global History Databank (CC BY 4.0)","wikipedia":"Toltec","wikidata":"Q187897","_a":1,"_c":[-98.67,19.9],"_nz":"托尔特克","_sz":""}},
{"type":"Feature","geometry":{"type":"Polygon","coordinates":[[[86.44,38.35],[86.63,38.87],[86.3,39.26],[85.98,39.26],[84.77,38.74],[83.92,38.55],[82.43,38.55],[80.86,39],[80.46,39.45],[80.51,39.58],[80.32,39.71],[80.23,39.9],[80.24,40.16],[80.17,40.42],[80.61,41.39],[81.13,41.72],[81.18,41.85],[81.98,42.24],[80.13,42.43],[80,42.3],[77.43,41.39],[74.35,41],[73.8,40.29],[73.57,39.58],[73.69,39.45],[73.77,39.45],[75.79,39.13],[77.03,38.8],[77.26,38.55],[77.41,38.55],[77.51,38.35],[77.67,38.35],[77.84,38.16],[77.8,38.03],[78.09,37.71],[78.39,37.64],[78.42,37.51],[79.15,37.32],[79.4,37.13],[80.37,37],[81.05,36.67],[81.03,36.61],[85.11,37.45],[85.13,37.51],[85.81,37.9],[86.08,38.22],[86.44,38.35]]]},"properties":{"NAME":"Kingdom of Khotan","C":11,"name":"Kingdom of Khotan","start_year":900,"end_year":999,"capital":"于阗","type":"polity","region":"central_asia","event":"","source":"Cliopatria / Seshat Global History Databank (CC BY 4.0)","wikipedia":"Kingdom of Khotan","wikidata":"Q914898","_a":77,"_c":[80.02,39.52],"_nz":"于阗","_sz":""}},
{"type":"Feature","geometry":{"type":"Polygon","coordinates":[[[120.68,27.61],[120.17,27.67],[119.75,27.54],[119.53,27.8],[119.38,27.54],[119.13,27.48],[119.04,27.67],[118.85,27.8],[118.89,27.93],[118.72,28.12],[118.89,28.44],[118.78,28.57],[118.31,28.51],[118.12,28.12],[117.74,27.87],[117.39,27.16],[117.07,26.84],[116.66,25.81],[116.49,25.74],[116.43,25.49],[116.25,25.36],[116.04,24.78],[116.26,24.78],[116.38,24.65],[116.35,24.52],[116.73,24.52],[116.85,24.39],[116.83,23.94],[116.97,23.56],[117.18,23.49],[117.47,23.81],[117.69,23.81],[117.72,23.94],[118.08,24.2],[118.15,24.52],[118.76,24.59],[118.82,24.84],[119.07,24.97],[119.03,25.1],[119.34,25.16],[119.47,25.36],[119.87,25.49],[119.9,25.62],[119.53,25.62],[119.78,26],[119.59,26.13],[119.94,26.32],[119.84,26.52],[120.16,26.58],[120.25,26.9],[120.39,27.16],[120.55,27.16],[120.73,27.54],[120.68,27.61]]]},"properties":{"NAME":"Min","C":10,"name":"Min","start_year":911,"end_year":935,"capital":"","type":"polity","region":"","event":"","source":"Cliopatria / Seshat Global History Databank (CC BY 4.0)","wikipedia":"Min","wikidata":"Q224634","_a":24,"_c":[118.39,26.03],"_nz":"闽","_sz":""}},
{"type":"Feature","geometry":{"type":"Polygon","coordinates":[[[46.45,40.36],[45.82,40.36],[45.46,40.55],[45.6,40.87],[45.3,41],[45.11,41.26],[44.24,41.26],[43.98,41.13],[43.58,41.13],[43.4,41],[43.15,40.94],[43.1,40.68],[42.62,40.61],[42.17,40.29],[41.75,40.16],[41.63,39.9],[42.57,39.84],[42.55,39.71],[42.86,39.71],[42.92,39.58],[43.23,39.51],[43.42,39.26],[43.72,39.19],[43.99,39.38],[44.4,39.45],[44.52,39.71],[44.76,39.71],[44.55,39.9],[44.66,40.1],[45.33,39.84],[45.79,39.32],[45.95,39.32],[46.22,39.06],[46.26,38.87],[46.67,38.93],[46.86,39.58],[46.64,39.64],[46.6,39.9],[46.34,40.16],[46.45,40.36]]]},"properties":{"NAME":"Bagratid Armenia","C":5,"name":"Bagratid Armenia","start_year":911,"end_year":935,"capital":"","type":"polity","region":"","event":"","source":"Cliopatria / Seshat Global History Databank (CC BY 4.0)","wikipedia":"Bagratid Armenia","wikidata":"Q2622868","_a":12,"_c":[44.25,40.07],"_nz":"巴格拉提德亚美尼亚","_sz":""}},
{"type":"Feature","geometry":{"type":"MultiPolygon","coordinates":[[[[110.18,18.48],[110.51,18.67],[110.68,19.25],[110.85,19.38],[110.88,19.57],[111.03,19.57],[111.09,19.89],[110.91,20.15],[110.61,20.15],[110.59,20.02],[110.16,20.09],[109.25,19.96],[109.2,19.7],[108.7,19.38],[108.64,18.54],[108.76,18.41],[109.12,18.35],[109.25,18.22],[109.84,18.22],[109.86,18.35],[110.18,18.48]]],[[[106.52,17.77],[106.57,18.09],[106.29,18.22],[106.18,18.41],[105.73,18.86],[105.91,19.51],[105.85,19.57],[106.06,19.96],[106.54,20.15],[106.69,20.6],[106.83,20.6],[106.88,20.86],[107.42,20.99],[107.79,21.44],[108.56,21.56],[108.65,21.69],[109.09,21.63],[109.12,21.37],[109.81,21.5],[109.87,21.44],[109.7,20.86],[109.79,20.54],[109.93,20.47],[109.88,20.21],[110.49,20.28],[110.62,20.6],[110.36,20.86],[110.48,21.11],[110.72,21.18],[110.74,21.31],[110.98,21.44],[111.66,21.5],[111.86,21.76],[112.44,21.69],[112.77,21.89],[113.07,21.89],[113.11,22.08],[113.32,22.01],[113.42,22.14],[113.64,22.14],[113.7,22.46],[113.6,22.72],[113.75,22.72],[113.79,22.53],[114,22.46],[114,22.08],[114.37,22.08],[114.53,22.14],[114.64,22.72],[114.75,22.53],[114.9,22.53],[115.17,22.79],[115.37,22.66],[115.67,22.66],[115.7,22.79],[116.54,22.91],[116.59,23.17],[116.81,23.17],[116.78,23.36],[116.97,23.56],[116.83,23.94],[116.85,24.39],[116.73,24.52],[116.35,24.52],[116.38,24.65],[116.26,24.78],[116.04,24.78],[115.82,24.46],[115.17,24.59],[114.55,24.46],[114.59,24.65],[115.04,24.97],[115.09,25.23],[114.36,25.29],[114.33,25.49],[114.15,25.36],[113.49,25.42],[113.04,25.1],[112.61,25.16],[112.63,24.91],[112.42,24.65],[112.27,24.65],[112.23,24.46],[112.34,24.26],[112.31,24.14],[112.08,24.07],[112.07,23.69],[111.67,23.56],[111.49,23.36],[111.26,23.36],[110.77,23.11],[109.54,22.91],[108.16,23.11],[108.29,22.98],[108.39,22.72],[108.08,22.27],[107.12,21.89],[106.91,21.95],[106.62,21.56],[106.19,21.63],[105.93,21.44],[105.61,21.31],[105.4,21.37],[104.93,21.18],[104.87,20.86],[104.91,20.6],[104.62,20.66],[104.45,20.54],[104.57,20.34],[104.98,20.15],[104.86,19.89],[104.99,19.76],[104.97,19.19],[105.14,18.86],[105.19,18.67],[105.14,18.41],[105.66,17.96],[105.78,17.77],[105.87,17.9],[106.24,17.9],[106.3,17.77],[106.52,17.77]]]]},"properties":{"NAME":"Southern Han","C":1,"name":"Southern Han","start_year":911,"end_year":946,"capital":"兴王府（广州）","type":"dynasty","region":"china","event":"","source":"Cliopatria / Seshat Global History Databank (CC BY 4.0)","wikipedia":"Southern Han","wikidata":"Q1198071","_a":97,"_c":[110.71,21.63],"_nz":"南汉","_sz":""}},
{"type":"Feature","geometry":{"type":"MultiPolygon","coordinates":[[[[45.82,40.36],[46.06,40.81],[46.32,40.94],[46.8,40.94],[47.24,40.74],[47.72,40.81],[47.84,41],[47.72,41.2],[47.27,41.33],[46.74,41.85],[46.35,41.91],[46.3,42.04],[45.75,42.11],[45.62,42.24],[45.67,42.5],[45.23,42.69],[44.82,42.69],[44.74,42.69],[44.36,42.76],[43.85,42.63],[43.66,42.89],[43.42,42.89],[42.99,43.15],[41.71,43.21],[41.12,43.47],[40.4,43.54],[40.26,43.67],[40.03,43.73],[39.35,43.99],[39.34,43.93],[39.98,43.41],[40.22,43.41],[40.42,43.15],[40.82,43.15],[41.12,43.02],[41.61,42.63],[41.48,42.37],[41.7,42.24],[41.82,41.98],[41.58,41.52],[42.44,41.46],[42.62,41.59],[42.86,41.59],[43.19,41.2],[43.58,41.13],[43.98,41.13],[44.24,41.26],[45.11,41.26],[45.3,41],[45.6,40.87],[45.46,40.55],[45.82,40.36]],[[44.89,41.78],[44.79,41.65],[44.73,41.78],[44.89,41.78]]],[[[39.36,44.06],[39.2,44.06],[39.35,43.99],[39.36,44.06]]]]},"properties":{"NAME":"Georgia","C":6,"name":"Georgia","start_year":911,"end_year":946,"capital":"","type":"polity","region":"","event":"","source":"Cliopatria / Seshat Global History Databank (CC BY 4.0)","wikipedia":"Georgia","wikidata":"Q4962","_a":34,"_c":[43.45,42.28],"_nz":"格鲁吉亚","_sz":""}},
{"type":"Feature","geometry":{"type":"MultiPolygon","coordinates":[[[[120.68,27.61],[120.87,27.99],[121.15,28.19],[121.65,28.32],[121.65,28.57],[121.74,29.09],[121.54,29.15],[121.59,29.54],[121.8,29.47],[121.71,29.22],[121.94,29.22],[121.93,29.41],[122.02,29.67],[122.03,29.92],[121.62,30.05],[121.48,30.31],[121.1,30.31],[120.81,30.12],[120.68,30.18],[121.05,30.56],[121.2,30.56],[121.52,30.82],[121.9,30.82],[122,31.08],[121.74,31.4],[121.96,31.59],[121.48,31.53],[121.4,31.72],[121.45,31.85],[121.22,31.85],[121.17,31.72],[120.92,31.85],[120.77,32.04],[120.46,32.04],[119.4,31.46],[118.44,29.6],[118.22,29.41],[118.31,29.22],[118.27,29.09],[118.38,28.96],[118.31,28.51],[118.78,28.57],[118.89,28.44],[118.72,28.12],[118.89,27.93],[118.85,27.8],[119.04,27.67],[119.13,27.48],[119.38,27.54],[119.53,27.8],[119.75,27.54],[120.17,27.67],[120.68,27.61]]],[[[122.27,30.18],[122.05,30.18],[121.98,29.99],[122.28,29.99],[122.27,30.18]]]]},"properties":{"NAME":"Wuyue","C":3,"name":"Wuyue","start_year":911,"end_year":946,"capital":"杭州","type":"dynasty","region":"china","event":"","source":"Cliopatria / Seshat Global History Databank (CC BY 4.0)","wikipedia":"Wuyue","wikidata":"Q1193822","_a":19,"_c":[120.23,29.76],"_nz":"吴越","_sz":""}},
{"type":"Feature","geometry":{"type":"Polygon","coordinates":[[[42.92,39.58],[42.58,39.38],[42.47,39.19],[42.23,39.19],[42.07,38.67],[42.62,38.16],[43.09,38.16],[43.06,37.96],[42.9,37.9],[42.7,37.58],[43.79,37.58],[44.52,37.77],[44.54,37.9],[44.96,38.09],[44.98,38.22],[44.45,38.35],[44.58,38.67],[44.9,38.67],[45.11,39],[45.34,39],[45.37,39.13],[44.87,39.45],[44.76,39.71],[44.52,39.71],[44.4,39.45],[43.99,39.38],[43.72,39.19],[43.42,39.26],[43.23,39.51],[42.92,39.58]]]},"properties":{"NAME":"Kingdom of Vaspurakan","C":4,"name":"Kingdom of Vaspurakan","start_year":911,"end_year":935,"capital":"","type":"polity","region":"","event":"","source":"Cliopatria / Seshat Global History Databank (CC BY 4.0)","wikipedia":"Kingdom of Vaspurakan","wikidata":"Q5228183","_a":7,"_c":[43.72,38.64],"_nz":"瓦斯普拉坎王国","_sz":""}},
{"type":"Feature","geometry":{"type":"Polygon","coordinates":[[[9.51,40.23],[9.43,40.23],[9.27,40.03],[8.96,39.64],[8.41,39.58],[8.33,39.51],[8.42,38.93],[8.97,38.87],[9.12,39.19],[9.59,39.13],[9.67,39.64],[9.75,39.64],[9.74,40.16],[9.51,40.23]]]},"properties":{"NAME":"Giudicato of Cagliari","C":0,"name":"Giudicato of Cagliari","start_year":911,"end_year":1014,"capital":"","type":"polity","region":"","event":"","source":"Cliopatria / Seshat Global History Databank (CC BY 4.0)","wikipedia":"Judicate of Cagliari","wikidata":"Q2297073","_a":2,"_c":[9.04,39.55],"_nz":"卡利亚里王国","_sz":""}},
{"type":"Feature","geometry":{"type":"Polygon","coordinates":[[[-79.3,-7.81],[-79.46,-7.94],[-78.98,-8.46],[-78.81,-8.2],[-79.02,-8.01],[-79.08,-7.75],[-79.3,-7.81]]]},"properties":{"NAME":"Chimor","C":4,"name":"Chimor","start_year":911,"end_year":1176,"capital":"","type":"polity","region":"","event":"","source":"Cliopatria / Seshat Global History Databank (CC BY 4.0)","wikipedia":"Chimor","wikidata":"Q581741","_a":0,"_c":[-79.13,-8.1],"_nz":"奇穆王国","_sz":""}},
{"type":"Feature","geometry":{"type":"MultiPolygon","coordinates":[[[[34.38,44.78],[35.3,44.97],[35.41,45.17],[35.73,45.17],[35.88,45.04],[36.37,45.1],[36.42,45.43],[35.02,45.3],[34.99,45.63],[34.74,45.63],[34.54,45.96],[34.15,46.09],[33.74,46.02],[33.71,45.82],[32.61,45.5],[33.22,45.24],[33.47,45.24],[33.6,45.04],[34.09,45.04],[34.38,44.78]]],[[[48.2,41.98],[48.21,42.04],[47.68,42.56],[47.66,42.82],[47.38,43.02],[47.46,43.41],[47.34,43.6],[47.34,43.99],[47.01,44.32],[46.63,44.45],[46.69,44.71],[47.04,44.84],[47.1,45.1],[47.48,45.37],[47.57,45.76],[48.06,45.76],[48.35,45.96],[48.59,45.96],[48.64,46.15],[49.06,46.22],[49.3,46.55],[49.99,46.68],[50.3,46.94],[50.84,47.14],[51.58,47.14],[51.81,47.07],[51.86,46.94],[53.11,47.01],[53.24,46.87],[53.27,46.35],[53.25,45.96],[53.07,45.89],[53.06,45.56],[53.42,45.37],[53.67,45.37],[53.88,45.56],[54.29,45.56],[54.52,46.74],[54.44,46.74],[54.52,47.33],[54.17,47.86],[54,47.86],[53.6,48.19],[51.28,48.19],[50.12,48.19],[48.78,48.46],[48.65,48.59],[48.1,48.72],[47.51,49.38],[46.81,49.58],[44.54,49.52],[43.57,49.65],[42.4,49.65],[41.74,49.71],[41.45,49.91],[40.93,49.85],[39.3,50.05],[38.95,49.98],[38.1,50.38],[38.02,50.38],[37.39,49.71],[37.26,49.45],[36.37,49.18],[35.35,48.52],[35.2,48.13],[35.03,47.53],[34.78,47.53],[34.63,47.66],[34.12,47.53],[34.08,47.27],[33.69,46.87],[32.92,46.61],[32.17,46.55],[31.84,46.48],[32.06,46.35],[32.68,46.09],[32.95,46.22],[33.59,46.15],[33.61,46.28],[34.02,46.28],[34.08,46.15],[34.74,46.15],[34.76,46.28],[35.25,46.28],[35.63,46.68],[36.8,46.81],[36.91,46.94],[37.52,47.14],[38.68,47.2],[39.2,47.33],[39.27,47.27],[39.13,46.94],[38.89,47.01],[38.62,46.87],[38.49,46.61],[37.84,46.61],[37.9,46.48],[38.37,46.35],[38.33,46.15],[37.89,45.96],[37.86,45.76],[37.68,45.63],[37.7,45.3],[36.97,45.3],[36.78,45.1],[37.26,45.04],[37.53,44.71],[38.01,44.71],[38.22,44.45],[39.36,44.06],[39.35,43.99],[40.03,43.73],[40.26,43.67],[40.4,43.54],[41.12,43.47],[41.71,43.21],[42.99,43.15],[43.42,42.89],[43.66,42.89],[43.85,42.63],[44.36,42.76],[44.74,42.69],[44.82,42.69],[45.23,42.69],[45.67,42.5],[45.62,42.24],[45.75,42.11],[46.3,42.04],[46.35,41.91],[46.74,41.85],[47.27,41.33],[47.72,41.2],[48.08,41.39],[48.2,41.59],[48.2,41.98]]]]},"properties":{"NAME":"Khazaria","C":3,"name":"Khazaria","start_year":911,"end_year":946,"capital":"","type":"polity","region":"","event":"","source":"Cliopatria / Seshat Global History Databank (CC BY 4.0)","wikipedia":"Khazars","wikidata":"Q173282","_a":208,"_c":[43.17,45.79],"_nz":"可萨汗国","_sz":""}},
{"type":"Feature","geometry":{"type":"Polygon","coordinates":[[[121.76,31.66],[121.99,31.85],[121.78,32.11],[121.5,32.17],[121.4,32.49],[120.92,32.62],[120.93,33.2],[120.55,33.59],[120.46,33.91],[120.49,34.16],[120.34,34.36],[119.98,34.42],[119.38,34.81],[119.3,34.81],[118.61,33.91],[118.42,33.46],[118.06,33.14],[117.43,33.07],[116.71,32.81],[115.61,32.75],[114.43,31.21],[114.11,30.5],[114.3,30.37],[114.19,30.05],[114.6,29.92],[114.56,29.79],[114.82,29.67],[114.76,29.47],[114.93,29.28],[114.22,28.7],[113.95,28.06],[114.22,27.93],[113.98,27.35],[114.17,27.22],[113.96,26.71],[114.34,26.45],[114.26,26.13],[114.47,26.07],[114.33,25.81],[114.33,25.49],[114.36,25.29],[115.09,25.23],[115.04,24.97],[114.59,24.65],[114.55,24.46],[115.17,24.59],[115.82,24.46],[116.04,24.78],[116.25,25.36],[116.43,25.49],[116.49,25.74],[116.66,25.81],[117.07,26.84],[117.39,27.16],[117.74,27.87],[118.12,28.12],[118.31,28.51],[118.38,28.96],[118.27,29.09],[118.31,29.22],[118.22,29.41],[118.44,29.6],[119.4,31.46],[120.46,32.04],[120.77,32.04],[120.92,31.85],[121.45,31.85],[121.76,31.66]]]},"properties":{"NAME":"Southern Wu","C":10,"name":"Southern Wu","start_year":911,"end_year":946,"capital":"江宁府（金陵）","type":"dynasty","region":"china","event":"","source":"Cliopatria / Seshat Global History Databank (CC BY 4.0)","wikipedia":"Southern Wu","wikidata":"Q107994370","_a":83,"_c":[117.97,29.64],"_nz":"南唐","_sz":""}},
{"type":"Feature","geometry":{"type":"Polygon","coordinates":[[[56.71,27.16],[56.92,27.03],[57.05,26.84],[57.18,25.94],[57.38,25.74],[57.68,25.74],[57.74,25.62],[57.96,25.55],[58.78,25.55],[59.06,25.36],[60.63,25.36],[60.62,25.23],[60.92,25.23],[61.13,25.1],[61.66,25.16],[61.72,25.04],[62.02,25.04],[62.18,25.16],[62.47,25.1],[62.56,25.23],[63.54,25.23],[63.63,25.36],[64.23,25.36],[64.28,25.23],[64.8,25.16],[64.82,25.29],[66.02,25.36],[66.35,25.55],[66.68,25.23],[66.63,24.84],[66.67,24.86],[66.67,25.03],[67.03,25.55],[67.16,26.1],[67.17,27.45],[67.5,28.37],[67.52,29.12],[67.64,29.28],[68.13,29.39],[68.69,29.19],[69.64,29.36],[70,29.81],[70.28,29.95],[70.57,29.95],[70.85,32.04],[71.17,32.49],[71.23,32.75],[71.59,33.01],[71.48,33.2],[71.53,33.39],[71.96,33.91],[72.46,34.1],[73.02,34.81],[73.04,35.19],[73.39,35.32],[73.44,35.52],[74.61,35.58],[74.76,35.26],[75.32,35.32],[76.6,35.77],[76.58,35.97],[76.17,35.9],[75.99,36.1],[75.98,36.61],[75.72,36.8],[75.49,36.8],[75.39,37],[75.23,37],[75.23,37.25],[74.99,37.51],[75.05,37.71],[74.89,37.96],[74.89,38.48],[74.77,38.61],[74.18,38.74],[74.06,38.61],[73.83,38.61],[73.67,39.38],[73.69,39.45],[73.57,39.58],[73.8,40.29],[74.35,41],[74.52,41.26],[75.24,41.72],[75.19,42.04],[74.7,42.24],[74.56,42.5],[74.01,42.76],[73.86,43.02],[73.45,43.21],[73.36,43.41],[73.09,43.54],[73.13,43.67],[72.94,43.8],[72.93,43.99],[72.41,44.12],[72.3,44.25],[71.54,44.39],[70.08,44.39],[70,44.39],[69.5,43.41],[68.27,42.37],[68.11,42.11],[66.89,41.26],[66.28,40.81],[65.69,40.68],[65.39,40.74],[65.35,40.61],[63.26,40.23],[62.74,40.03],[62.5,40.03],[62.47,40.23],[62.33,40.29],[62.4,40.55],[62.3,40.74],[62.53,41],[62.39,41.07],[62.46,41.33],[62.15,41.65],[62.19,41.78],[61.94,42.04],[61.78,42.04],[61.56,42.37],[61.4,42.37],[61.17,42.69],[61.01,42.69],[60.39,43.34],[60.37,43.54],[59.12,43.41],[58.63,43.67],[58.34,43.47],[58.05,43.02],[57.96,42.37],[57.56,41.78],[57.46,41.39],[56.83,40.74],[54.39,40.81],[54.37,40.74],[53.4,40.68],[53.34,40.74],[52.94,40.74],[52.78,40.36],[52.79,40.03],[53.5,40.03],[53.52,39.38],[53.99,39],[53.83,37.84],[53.91,37.84],[53.91,37.45],[54.09,37.19],[53.96,36.87],[54.08,36.29],[54.22,36.22],[54.01,35.9],[52.81,35.71],[52.53,35.84],[52.34,35.64],[52.03,35.64],[51.83,35.84],[51.09,36.03],[51.03,35.71],[51.49,35.19],[51.41,34.23],[51.71,34.16],[51.69,34.04],[52.02,33.71],[51.74,32.88],[51.46,32.56],[51.42,32.3],[51.59,31.91],[51.72,31.72],[51.93,31.59],[51.98,31.4],[52.13,31.4],[52.39,31.08],[52.54,31.08],[52.87,30.69],[53.02,30.69],[53.42,30.31],[54.08,30.18],[54.89,29.41],[55.33,29.34],[55.47,29.22],[55.43,28.96],[55.57,28.83],[55.6,28.51],[55.75,28.51],[55.88,28.32],[55.76,27.99],[55.99,27.99],[56.19,27.8],[56.34,27.8],[56.47,27.61],[56.62,27.61],[56.81,27.29],[56.71,27.16]]]},"properties":{"NAME":"Samanid Empire","C":5,"name":"Samanid Empire","start_year":922,"end_year":959,"capital":"","type":"polity","region":"","event":"","source":"Cliopatria / Seshat Global History Databank (CC BY 4.0)","wikipedia":"Samanid Empire","wikidata":"Q486181","_a":500,"_c":[63.83,34.62],"_nz":"萨曼帝国","_sz":""}},
{"type":"Feature","geometry":{"type":"Polygon","coordinates":[[[38.02,50.38],[38.03,50.45],[38.59,51.11],[38.86,51.18],[38.97,51.71],[39.05,51.71],[39.24,52.18],[39.34,52.25],[39.47,53.19],[39.55,53.53],[39.36,53.8],[39.18,53.8],[39.16,54.07],[38.95,54.27],[39.12,54.61],[38.99,54.82],[39.07,55.16],[39.68,55.5],[40.65,55.5],[40.68,55.63],[41.14,55.7],[41.35,55.84],[41.59,55.77],[41.67,56.05],[42.04,56.46],[42.14,56.8],[42,56.94],[42.11,57.63],[41.97,57.77],[42.03,57.97],[41.82,58.18],[41.86,58.32],[41.63,58.46],[41.67,58.6],[41.39,58.88],[41.21,58.88],[41.02,59.16],[40.61,59.29],[40.28,59.71],[39.86,59.85],[39.74,60.07],[39.32,60.21],[39.29,60.42],[38.94,60.49],[38.32,60.91],[37.31,61.26],[37.33,61.34],[36.43,61.41],[35.57,60.91],[35.2,60.91],[35.36,61.19],[33.18,60.91],[31.98,60.49],[31.82,60.14],[31.1,60.21],[30.84,59.78],[30.38,59.78],[30.14,59.92],[29.77,59.92],[29.15,60],[28.85,59.85],[28.41,59.92],[28.29,59.78],[27.93,59.78],[27.88,59.5],[28.04,59.36],[27.74,59.22],[27.72,58.53],[27.97,58.39],[27.85,58.25],[28.01,58.11],[27.9,57.42],[27.91,56.94],[27.98,56.8],[28.11,56.52],[27.96,56.11],[28.08,55.77],[28.3,55.5],[28.29,54.82],[27.96,54.34],[27.92,54.07],[27.72,53.87],[27.56,53.39],[27.03,52.65],[26.85,52.52],[26.5,51.78],[26.21,51.51],[26.17,51.18],[25.99,51.11],[26.26,50.51],[26.42,50.45],[26.4,50.25],[26.74,49.52],[29.4,49.38],[29.8,49.25],[31.4,49.38],[35.15,49.32],[35.42,49.45],[36.09,49.45],[37.3,49.71],[37.39,49.71],[38.02,50.38]]]},"properties":{"NAME":"Kievan Rus'","C":7,"name":"Kievan Rus'","start_year":922,"end_year":969,"capital":"","type":"polity","region":"","event":"","source":"Cliopatria / Seshat Global History Databank (CC BY 4.0)","wikipedia":"Kievan Rus'","wikidata":"Q1108445","_a":196,"_c":[34.07,55.33],"_nz":"基辅罗斯","_sz":""}},
{"type":"Feature","geometry":{"type":"Polygon","coordinates":[[[15.35,48.92],[15.87,49.45],[15.97,49.78],[16.14,49.98],[15.98,50.05],[15.89,49.98],[15.4,50.31],[15.23,50.31],[14.66,50.78],[14.5,51.11],[14.25,51.11],[14.24,50.91],[13.48,50.78],[12.97,50.58],[12.88,50.45],[12.46,50.45],[12.12,50.25],[12.2,50.05],[12.37,49.98],[12.37,49.71],[12.53,49.52],[13.11,49.25],[13.28,49.05],[13.44,49.05],[13.61,48.85],[13.94,48.79],[14.02,48.65],[14.6,48.59],[14.85,48.72],[14.94,48.99],[15.27,48.92],[15.35,48.92]]]},"properties":{"NAME":"Duchy of Bohemia","C":3,"name":"Duchy of Bohemia","start_year":922,"end_year":935,"capital":"","type":"polity","region":"","event":"","source":"Cliopatria / Seshat Global History Databank (CC BY 4.0)","wikipedia":"Duchy of Bohemia","wikidata":"Q2162698","_a":10,"_c":[14.13,49.85],"_nz":"波希米亚公国","_sz":""}},
{"type":"Feature","geometry":{"type":"Polygon","coordinates":[[[0.6,42.69],[-0.53,42.82],[-1.69,43.34],[-3.14,43.41],[-3.19,43.08],[-3.03,43.02],[-3,42.63],[-2.12,42.63],[-2.02,42.37],[-1.78,42.3],[-1.78,42.43],[-1.14,42.37],[-1.07,42.5],[-0.75,42.5],[-0.65,42.24],[-0.49,42.24],[0.07,42.11],[0.16,41.98],[0.64,42.04],[0.69,42.56],[0.6,42.69]]]},"properties":{"NAME":"County of Ribagorza","C":4,"name":"County of Ribagorza","start_year":922,"end_year":989,"capital":"","type":"polity","region":"","event":"","source":"Cliopatria / Seshat Global History Databank (CC BY 4.0)","wikipedia":"County of Ribagorza","wikidata":"Q1297894","_a":6,"_c":[-1.25,42.69],"_nz":"里瓦戈萨伯国","_sz":""}},
{"type":"Feature","geometry":{"type":"Polygon","coordinates":[[[-3.69,52.12],[-3.72,52.32],[-3.9,52.45],[-3.57,52.59],[-3.7,52.92],[-3.27,52.99],[-3.49,53.39],[-4.16,53.26],[-4.27,53.46],[-4.7,53.46],[-4.67,53.19],[-4.49,53.12],[-4.81,52.92],[-4.79,52.79],[-4.3,52.92],[-4.16,52.45],[-4.39,52.25],[-4.89,52.18],[-5.3,51.98],[-5.26,51.71],[-5.08,51.58],[-4.42,51.71],[-4.31,51.51],[-3.89,51.58],[-3.64,51.65],[-3.57,51.78],[-3.76,51.92],[-3.69,52.12]]]},"properties":{"NAME":"Kingdom of Seisyllwg","C":1,"name":"Kingdom of Seisyllwg","start_year":922,"end_year":946,"capital":"","type":"polity","region":"","event":"","source":"Cliopatria / Seshat Global History Databank (CC BY 4.0)","wikipedia":"Seisyllwg","wikidata":"Q2456191","_a":4,"_c":[-4.28,52.49],"_nz":"塞西尔温王国","_sz":""}},
{"type":"Feature","geometry":{"type":"MultiPolygon","coordinates":[[[[13.63,45.5],[13.7,45.04],[13.95,45.04],[13.63,45.5]]],[[[12.16,45.37],[12.16,45.43],[12.82,45.69],[13.06,45.69],[12.98,45.82],[12.74,45.82],[12.16,45.69],[12,45.56],[12.16,45.37]]]]},"properties":{"NAME":"Republic of Venice","C":9,"name":"Republic of Venice","start_year":922,"end_year":935,"capital":"","type":"polity","region":"","event":"","source":"Cliopatria / Seshat Global History Databank (CC BY 4.0)","wikipedia":"Republic of Venice","wikidata":"Q4948","_a":2,"_c":[12.98,45.36],"_nz":"威尼斯共和国","_sz":""}},
{"type":"Feature","geometry":{"type":"Polygon","coordinates":[[[115.08,-8.91],[115.34,-8.59],[115.63,-8.52],[115.61,-8.26],[115.3,-8.07],[114.28,-8.07],[114.3,-8.33],[114.83,-8.52],[114.98,-8.65],[114.92,-8.78],[115.08,-8.91]]]},"properties":{"NAME":"Early Balinese Kingdoms","C":2,"name":"Early Balinese Kingdoms","start_year":922,"end_year":1009,"capital":"","type":"polity","region":"","event":"","source":"Cliopatria / Seshat Global History Databank (CC BY 4.0)","wikipedia":"Bali Kingdom","wikidata":"Q12491027","_a":1,"_c":[114.96,-8.49],"_nz":"早期巴厘诸王国","_sz":""}},
{"type":"Feature","geometry":{"type":"Polygon","coordinates":[[[13.96,41.72],[13.8,41.85],[13.41,41.85],[13.33,41.98],[13.01,42.04],[12.62,42.43],[12.38,42.43],[12.3,43.08],[12.14,43.08],[12.22,43.41],[11.82,43.34],[11.98,43.15],[12.06,42.76],[11.74,42.63],[11.57,42.37],[11.73,42.17],[12.13,42.04],[12.13,41.91],[12.6,41.52],[12.92,41.46],[13,41.33],[13.4,41.33],[13.87,41.33],[14.04,41.52],[13.96,41.72]]]},"properties":{"NAME":"Papal States","C":4,"name":"Papal States","start_year":922,"end_year":935,"capital":"","type":"polity","region":"","event":"","source":"Cliopatria / Seshat Global History Databank (CC BY 4.0)","wikipedia":"Papal States","wikidata":"Q170174","_a":5,"_c":[12.77,42.37],"_nz":"教皇国","_sz":""}},
{"type":"Feature","geometry":{"type":"Polygon","coordinates":[[[0.02,53.66],[-0.2,54.21],[-0.67,54.61],[-1.46,54.68],[-1.89,54.61],[-2.5,54.61],[-2.5,54.68],[-2.68,54.68],[-2.65,54.41],[-1.99,53.94],[-1.87,53.53],[-1.59,53.33],[-1.15,53.26],[-0.91,53.39],[-0.93,53.6],[-0.77,53.73],[-0.25,53.73],[0.02,53.66]]]},"properties":{"NAME":"Danelaw","C":2,"name":"Danelaw","start_year":922,"end_year":935,"capital":"","type":"polity","region":"","event":"","source":"Cliopatria / Seshat Global History Databank (CC BY 4.0)","wikipedia":"Danelaw","wikidata":"Q339271","_a":4,"_c":[-1.33,53.97],"_nz":"丹麦法区","_sz":""}},
{"type":"Feature","geometry":{"type":"Polygon","coordinates":[[[78.83,13.46],[78.67,13.27],[78.47,12.63],[77.72,11.47],[77.28,11.41],[77.03,10.96],[76.69,9.22],[77.13,9.16],[77.12,8.96],[77.25,8.84],[77.17,8.64],[77.23,8.45],[77.08,8.32],[77.14,8.13],[77.57,8.06],[77.87,8.19],[78.18,8.45],[78.28,8.96],[78.59,9.16],[78.96,9.22],[78.99,9.67],[79.3,9.93],[79.32,10.25],[79.9,10.25],[79.88,11.99],[79.97,12.18],[80.3,12.63],[80.34,13.08],[80.41,13.08],[80.38,13.46],[80.17,13.59],[78.83,13.46]]]},"properties":{"NAME":"Chola Empire","C":9,"name":"Chola Empire","start_year":922,"end_year":935,"capital":"","type":"polity","region":"","event":"","source":"Cliopatria / Seshat Global History Databank (CC BY 4.0)","wikipedia":"Chola Empire","wikidata":"Q6806806","_a":21,"_c":[78.55,10.83],"_nz":"朱罗帝国","_sz":""}},
{"type":"Feature","geometry":{"type":"Polygon","coordinates":[[[1.45,41.72],[2.48,41.91],[2.86,42.24],[2.86,42.43],[2.3,42.43],[2.05,42.56],[1.81,42.5],[1.75,42.17],[1.37,41.85],[1.45,41.72]]]},"properties":{"NAME":"County of Berga","C":6,"name":"County of Berga","start_year":922,"end_year":935,"capital":"","type":"polity","region":"","event":"","source":"Cliopatria / Seshat Global History Databank (CC BY 4.0)","wikipedia":"Berga","wikidata":"Q15487","_a":1,"_c":[2.12,42.14],"_nz":"贝尔加伯国","_sz":""}},
{"type":"Feature","geometry":{"type":"Polygon","coordinates":[[[129.35,37.32],[129.26,37.58],[129.1,37.58],[128.36,38.8],[127.92,39],[127.8,39.19],[127.48,39.32],[126.06,39.45],[125.35,39.32],[124.96,38.61],[124.76,38.09],[125.08,38.09],[124.9,37.9],[125.21,37.9],[125.3,37.77],[125.83,37.9],[125.84,37.77],[126.35,37.84],[126.29,37.58],[126.6,37.58],[126.54,37.45],[126.7,37.32],[126.65,37.06],[126.3,37],[126.05,36.8],[126.26,36.61],[126.45,36.67],[126.48,36.42],[126.9,36.48],[127.1,36.42],[127.41,36.42],[127.64,36.1],[127.92,36.03],[128.09,36.22],[127.97,36.29],[128.02,36.55],[127.9,36.61],[128.03,36.87],[128.41,37],[128.7,37.25],[129.21,37.19],[129.35,37.32]]]},"properties":{"NAME":"Goryeo","C":5,"name":"Goryeo","start_year":922,"end_year":935,"capital":"开京","type":"dynasty","region":"korea","event":"","source":"Cliopatria / Seshat Global History Databank (CC BY 4.0)","wikipedia":"Goryeo","wikidata":"Q28208","_a":16,"_c":[127.07,37.74],"_nz":"高丽","_sz":""}},
{"type":"Feature","geometry":{"type":"Polygon","coordinates":[[[-3.27,52.99],[-3.7,52.92],[-3.57,52.59],[-3.9,52.45],[-3.72,52.32],[-3.69,52.12],[-2.93,52.12],[-2.87,52.38],[-3.14,52.52],[-3.07,52.72],[-3.27,52.99]]]},"properties":{"NAME":"Kingdom of Powys","C":10,"name":"Kingdom of Powys","start_year":922,"end_year":946,"capital":"","type":"polity","region":"","event":"","source":"Cliopatria / Seshat Global History Databank (CC BY 4.0)","wikipedia":"Kingdom of Powys","wikidata":"Q769782","_a":1,"_c":[-3.43,52.56],"_nz":"波伊斯王国","_sz":""}},
{"type":"Feature","geometry":{"type":"Polygon","coordinates":[[[53.96,36.87],[53.09,36.8],[52.59,36.61],[51.26,36.61],[50.53,36.87],[50.57,37.06],[50.32,37],[50,37.38],[49.46,37.45],[49.16,37.06],[49.19,36.74],[50.36,36.29],[50.41,36.16],[50.81,36.22],[51.09,36.03],[51.83,35.84],[52.03,35.64],[52.34,35.64],[52.53,35.84],[52.81,35.71],[54.01,35.9],[54.22,36.22],[54.08,36.29],[53.96,36.87]]]},"properties":{"NAME":"Zaydi Alid dynasties","C":1,"name":"Zaydi Alid dynasties","start_year":926,"end_year":935,"capital":"","type":"polity","region":"","event":"","source":"Cliopatria / Seshat Global History Databank (CC BY 4.0)","wikipedia":"Alid dynasties of northern Iran","wikidata":"Q1990528","_a":9,"_c":[51.69,36.55],"_nz":"栽德派阿里王朝","_sz":""}},
{"type":"Feature","geometry":{"type":"Polygon","coordinates":[[[23.07,47.6],[22.92,47.8],[23.03,48.06],[22.79,48.26],[22.66,48.72],[22.51,48.92],[22.45,49.18],[22.2,49.18],[21.72,49.45],[20.3,49.45],[19.61,49.12],[19.29,49.32],[18.46,49.38],[18.28,49.18],[18.03,49.25],[17.85,48.99],[17.52,48.85],[17.02,48.85],[16.93,48.72],[16.68,48.85],[16.1,48.79],[15.61,48.99],[15.35,48.92],[15.27,48.92],[15.02,48.72],[14.92,48.39],[14.75,48.26],[14.42,48.26],[14.42,47.99],[14.58,47.93],[14.49,47.73],[13.67,47.8],[13.66,47.53],[13.42,47.47],[13.41,47.27],[13.74,47.2],[13.81,46.48],[14.46,46.35],[14.87,46.35],[15.53,46.41],[15.6,46.22],[16.1,46.35],[16.44,46.61],[17.15,46.02],[17.88,45.76],[18.45,45.76],[18.78,45.89],[18.93,45.56],[19,45.5],[19,45.37],[19.24,45.24],[19.89,45.24],[20.06,45.37],[20.21,45.24],[20.45,45.24],[21.03,45.37],[21.43,45.17],[21.4,44.78],[21.87,44.58],[22.12,44.58],[22.3,44.84],[22.54,44.84],[22.64,45.04],[22.88,45.04],[22.98,45.24],[23.47,45.3],[23.68,45.89],[23.51,45.89],[23.53,46.15],[23.39,46.35],[23.25,46.74],[23.37,47.14],[23.12,47.2],[23.23,47.47],[23.07,47.6]]]},"properties":{"NAME":"Principality of Hungary","C":9,"name":"Principality of Hungary","start_year":926,"end_year":946,"capital":"","type":"polity","region":"","event":"","source":"Cliopatria / Seshat Global History Databank (CC BY 4.0)","wikipedia":"Principality of Hungary","wikidata":"Q2899771","_a":50,"_c":[18.55,47.02],"_nz":"匈牙利公国","_sz":""}},
{"type":"Feature","geometry":{"type":"MultiPolygon","coordinates":[[[[14.35,44.97],[14.26,44.58],[14.5,44.52],[14.51,44.91],[14.35,44.97]]],[[[19,45.5],[18.93,45.56],[18.78,45.89],[18.45,45.76],[17.88,45.76],[17.15,46.02],[16.44,46.61],[16.1,46.35],[15.6,46.22],[15.6,45.96],[15.18,45.76],[15.34,45.63],[15.26,45.5],[14.61,45.69],[14.28,45.56],[14.28,45.37],[14.6,45.37],[14.52,45.1],[14.92,44.97],[14.91,44.58],[15.15,44.45],[15.15,44.39],[15.39,44.32],[15.22,44.12],[15.62,43.93],[15.93,43.67],[16.66,43.67],[16.65,43.54],[16.74,43.73],[16.51,43.93],[16.44,44.39],[16.94,44.84],[17.85,45.1],[18.58,45.1],[18.97,44.84],[19.24,45.24],[19,45.37],[19,45.5]]]]},"properties":{"NAME":"Kingdom of Croatia","C":11,"name":"Kingdom of Croatia","start_year":926,"end_year":935,"capital":"","type":"polity","region":"","event":"","source":"Cliopatria / Seshat Global History Databank (CC BY 4.0)","wikipedia":"Kingdom of Croatia (925–1102)","wikidata":"Q858841","_a":15,"_c":[16.75,45.08],"_nz":"克罗地亚王国","_sz":""}},
{"type":"Feature","geometry":{"type":"Polygon","coordinates":[[[79.67,22.91],[79.93,24.26],[79.86,24.26],[79.95,24.91],[79.88,24.91],[80.03,25.42],[79.92,25.68],[80.04,26.84],[79.96,26.84],[79.91,27.35],[79.76,27.35],[79.64,27.54],[76.7,27.93],[74.73,27.87],[71.71,27.35],[71.46,27.22],[71.43,27.03],[70.88,26.39],[70.77,26.32],[70.41,25.84],[69.34,25.02],[69.22,24.78],[69.16,24.73],[68.92,23.94],[68.35,23.56],[68.34,23.43],[68.55,23.36],[68.81,22.98],[69.45,22.72],[70.37,22.91],[70.26,22.66],[69.87,22.46],[69.5,22.46],[69.41,22.34],[69.2,22.46],[68.98,22.46],[68.95,22.21],[69.35,21.76],[69.5,21.76],[69.9,21.37],[69.89,21.24],[70.3,20.86],[70.72,20.66],[71.09,20.66],[72.1,21.11],[72.28,21.37],[72.38,22.27],[72.53,22.27],[72.49,21.95],[72.54,21.76],[72.76,21.69],[73.52,21.82],[74.53,22.21],[76.49,22.46],[77.24,22.46],[78.01,22.72],[79.67,22.91]]]},"properties":{"NAME":"Gurjara-Pratihara Dynasty","C":1,"name":"Gurjara-Pratihara Dynasty","start_year":926,"end_year":935,"capital":"","type":"polity","region":"","event":"","source":"Cliopatria / Seshat Global History Databank (CC BY 4.0)","wikipedia":"Gurjara-Pratihara dynasty","wikidata":"Q5324","_a":85,"_c":[74.19,24.3],"_nz":"瞿折罗-波罗提诃罗王朝","_sz":""}},
{"type":"Feature","geometry":{"type":"Polygon","coordinates":[[[103.96,40.68],[100.53,40.81],[100.25,40.87],[100.23,41],[99.64,40.94],[96.93,41.07],[96.59,40.68],[96.44,40.16],[96.21,39.26],[96.23,39.13],[96.97,39],[97.72,38.55],[98.4,38.48],[98.58,38.35],[100.67,38.29],[102.95,38.67],[106.17,38.67],[106.5,39.06],[106.71,39],[106.77,39.13],[107.19,39.19],[107.64,39.97],[108.48,40.68],[108.51,40.74],[107.41,40.61],[103.96,40.68]]]},"properties":{"NAME":"Ganzhou Kingdom","C":7,"name":"Ganzhou Kingdom","start_year":926,"end_year":989,"capital":"甘州（张掖）","type":"polity","region":"central_asia","event":"","source":"Cliopatria / Seshat Global History Databank (CC BY 4.0)","wikipedia":"Ganzhou Uyghur Kingdom","wikidata":"Q1000124","_a":34,"_c":[102.36,39.68],"_nz":"甘州回鹘","_sz":""}},
{"type":"Feature","geometry":{"type":"Polygon","coordinates":[[[44.52,37.77],[43.79,37.58],[42.7,37.58],[42.9,37.9],[43.06,37.96],[43.09,38.16],[42.62,38.16],[42.07,38.67],[42.23,39.19],[42.47,39.19],[42.58,39.38],[42.92,39.58],[42.86,39.71],[42.55,39.71],[42.57,39.84],[41.63,39.9],[41.75,40.16],[40.59,40.29],[40.53,40.42],[40.3,40.48],[39.59,39.97],[38.84,39.71],[38.3,39.77],[38.16,39.9],[37.86,39.45],[37.33,39],[37.22,38.74],[36.27,38.03],[36.15,37.64],[35.82,37.51],[35.03,37.45],[34.69,37.13],[34.66,36.87],[34.89,36.87],[35.33,36.61],[35.49,36.61],[35.83,36.93],[36.14,36.93],[36.29,36.8],[36.26,36.61],[35.84,36.29],[35.99,36.22],[35.84,35.58],[35.99,35.52],[35.93,34.87],[36.07,34.74],[36.05,34.55],[35.79,34.29],[35.64,34.36],[35.68,33.97],[35.45,33.91],[35.5,33.65],[35.35,33.65],[35.4,33.39],[35.22,33.07],[35.06,33.01],[35.02,32.62],[34.77,32.36],[34.81,31.98],[34.57,31.85],[34.63,31.66],[34.31,31.4],[34.3,31.27],[33.75,31.08],[32.83,31.01],[32.77,31.14],[32.53,31.08],[32,31.08],[31.88,31.46],[31.27,31.46],[30.97,31.53],[30.81,31.46],[30.35,31.46],[30.34,31.27],[29.88,31.27],[29.87,31.08],[29.63,30.95],[29.49,31.01],[29.4,30.82],[28.87,30.82],[28.5,31.01],[27.51,31.14],[27.3,31.34],[26.85,31.46],[25.25,31.46],[25.1,31.59],[25.11,31.79],[24.89,31.98],[24.13,31.98],[23.68,32.17],[23.3,32.17],[23.08,32.36],[23.09,32.62],[21.88,32.94],[21.41,32.75],[21.11,32.81],[20.87,32.62],[20.33,32.49],[20.25,32.24],[20.09,32.11],[20,31.59],[20.21,31.27],[20.13,31.14],[20.2,30.89],[19.97,30.69],[19.96,30.56],[19.66,30.37],[19.27,30.24],[18.89,30.31],[18.81,29.79],[18.72,29.54],[18.87,29.34],[18.71,29.15],[19.77,29.22],[21.23,29.86],[22.45,30.05],[23.74,29.99],[24.78,29.54],[24.85,29.34],[25,29.41],[25.15,29.28],[25.37,29.28],[25.59,28.96],[27.14,28.25],[28.15,27.35],[28.27,26.58],[28.35,26.58],[28.24,25.94],[28.29,25.16],[28.57,24.65],[29.67,24.2],[30.1,23.75],[30.4,23.56],[30.54,23.36],[31.67,23.75],[32.04,23.69],[33.39,23.81],[33.68,23.69],[33.76,23.69],[35.11,23.88],[35.55,23.81],[35.56,23.94],[35.85,23.88],[35.86,24.01],[35.15,24.65],[34.61,25.81],[34.46,25.87],[34.2,26.52],[34.05,26.58],[34.07,26.97],[33.93,27.03],[33.8,27.42],[33.59,27.61],[33.61,27.99],[33.11,28.38],[32.84,28.89],[32.69,28.96],[32.64,29.34],[32.43,29.6],[32.53,29.92],[32.86,29.22],[33.21,28.89],[33.19,28.51],[33.4,28.32],[33.55,28.32],[33.62,28.12],[34.12,27.74],[34.35,27.74],[34.36,27.93],[34.52,28.06],[34.75,29.28],[34.91,29.41],[34.85,28.57],[34.61,28.25],[34.59,28.06],[35.05,28.12],[35.41,27.87],[35.47,27.61],[35.61,27.54],[35.67,27.29],[36.16,26.77],[36.43,26.19],[36.72,26],[36.77,25.68],[37.27,25.23],[37.33,24.97],[37.17,24.78],[37.39,24.65],[37.44,24.33],[38.03,24.14],[38.6,23.62],[38.87,23.04],[38.86,22.85],[39.14,22.53],[39.03,21.76],[39.17,21.63],[39.15,21.18],[39.35,20.79],[39.84,20.28],[40.14,20.28],[40.56,19.83],[40.85,19.7],[40.84,19.51],[40.99,19.44],[41.04,19.12],[41.25,18.86],[41.24,18.61],[41.45,18.48],[41.58,18.09],[42.14,17.51],[42.21,17.51],[42.66,17.71],[42.98,18.03],[43.51,18.22],[43.89,18.54],[43.9,18.74],[44.28,18.8],[44.23,19.25],[44.46,19.31],[44.47,19.51],[43.97,19.89],[43.98,20.02],[42.93,21.05],[42.87,21.31],[42.58,21.56],[42.39,22.01],[42.24,22.08],[41.91,22.79],[41.76,22.85],[41.49,23.36],[41.51,23.56],[41.16,23.94],[40.62,24.97],[40.48,25.04],[40.34,25.29],[40.43,25.42],[40.13,25.49],[40.1,26.07],[40.03,26.26],[39.88,26.26],[39.91,26.64],[39.76,26.64],[39.7,26.84],[39.87,28.12],[40.22,28.64],[40.57,29.22],[40.73,29.28],[40.91,29.67],[41.07,29.73],[41.17,29.99],[41.9,30.44],[42.84,30.76],[43.06,30.69],[43.23,30.82],[43.84,30.82],[44.28,30.69],[44.52,30.76],[45.09,30.5],[45.86,29.86],[46.01,29.86],[46.21,29.6],[46.36,29.6],[46.71,29.34],[46.76,29.09],[46.98,29.09],[47.25,28.77],[47.4,28.77],[47.68,28.51],[48.13,28.51],[48.01,28.83],[47.53,29.28],[47.65,29.6],[47.87,29.54],[48.4,29.6],[48.37,29.92],[48.9,29.99],[48.99,30.05],[48.94,30.31],[49.59,29.99],[50.06,30.18],[50.24,29.73],[50.65,29.41],[50.62,29.15],[50.92,29.09],[50.81,28.83],[51.03,28.77],[51.07,28.44],[51.33,28.12],[51.32,27.99],[51.6,27.8],[52.05,27.8],[52.48,27.61],[52.74,27.22],[53.46,26.97],[53.66,26.71],[54.26,26.71],[54.46,26.52],[54.83,26.45],[55.24,26.77],[55.29,26.52],[55.44,26.52],[55.6,26.64],[56.06,26.71],[56.31,26.9],[56.32,27.03],[56.19,27.16],[56.71,27.16],[56.81,27.29],[56.62,27.61],[56.47,27.61],[56.34,27.8],[56.19,27.8],[55.99,27.99],[55.76,27.99],[55.88,28.32],[55.75,28.51],[55.6,28.51],[55.57,28.83],[55.43,28.96],[55.47,29.22],[55.33,29.34],[54.89,29.41],[54.08,30.18],[53.42,30.31],[53.02,30.69],[52.87,30.69],[52.54,31.08],[52.39,31.08],[52.13,31.4],[51.98,31.4],[51.93,31.59],[51.72,31.72],[51.59,31.91],[51.42,32.3],[51.46,32.56],[51.74,32.88],[52.02,33.71],[51.69,34.04],[51.71,34.16],[51.41,34.23],[51.49,35.19],[51.03,35.71],[51.09,36.03],[50.81,36.22],[50.41,36.16],[50.36,36.29],[49.19,36.74],[49.16,37.06],[49.46,37.45],[49.09,37.51],[48.88,37.71],[48.84,38.35],[48.76,38.35],[47.82,38.35],[47.25,38.67],[46.12,38.48],[45.85,38.29],[45.63,37.9],[45.22,37.77],[45.17,37.45],[45.29,37.19],[45.25,36.93],[44.8,37.06],[44.77,37.38],[44.63,37.45],[44.52,37.77]]]},"properties":{"NAME":"Abbasid Caliphate","C":1,"name":"Abbasid Caliphate","start_year":926,"end_year":935,"capital":"","type":"polity","region":"","event":"","source":"Cliopatria / Seshat Global History Databank (CC BY 4.0)","wikipedia":"Abbasid Caliphate","wikidata":"Q12536","_a":875,"_c":[37.76,28.99],"_nz":"阿拔斯王朝","_sz":""}},
{"type":"Feature","geometry":{"type":"Polygon","coordinates":[[[-4.45,35.26],[-4.51,34.94],[-3.5,34.81],[-3.12,34.94],[-2.42,34.94],[-2.2,35.07],[-2.82,35.13],[-2.98,35.26],[-3.13,35.19],[-4.45,35.26]]]},"properties":{"NAME":"Emirate of Nekor","C":5,"name":"Emirate of Nekor","start_year":926,"end_year":935,"capital":"","type":"polity","region":"","event":"","source":"Cliopatria / Seshat Global History Databank (CC BY 4.0)","wikipedia":"Emirate of Nekor","wikidata":"Q1709337","_a":1,"_c":[-3.35,35.13],"_nz":"内科尔埃米尔国","_sz":""}},
{"type":"Feature","geometry":{"type":"Polygon","coordinates":[[[126.48,36.42],[126.43,36.16],[126.68,36.03],[126.3,35.26],[126.2,34.87],[126.48,34.81],[126.12,34.36],[126.42,34.36],[126.63,34.29],[127.13,34.55],[127.38,34.42],[127.73,34.68],[127.67,34.87],[127.45,35.07],[127.62,35.58],[127.9,35.84],[127.92,36.03],[127.64,36.1],[127.41,36.42],[127.1,36.42],[126.9,36.48],[126.48,36.42]]]},"properties":{"NAME":"Hubaekje","C":1,"name":"Hubaekje","start_year":926,"end_year":935,"capital":"","type":"polity","region":"","event":"","source":"Cliopatria / Seshat Global History Databank (CC BY 4.0)","wikipedia":"Later Baekje","wikidata":"Q698239","_a":4,"_c":[127.02,35.42],"_nz":"后百济","_sz":""}},
{"type":"Feature","geometry":{"type":"MultiPolygon","coordinates":[[[[1.65,39.13],[1.26,39.13],[1.18,39.06],[1.27,38.8],[1.43,38.8],[1.66,39],[1.65,39.13]]],[[[1.37,41.85],[1.12,41.91],[0.72,41.91],[0.64,42.04],[0.16,41.98],[0.07,42.11],[-0.49,42.24],[-0.65,42.24],[-0.75,42.5],[-1.07,42.5],[-1.14,42.37],[-1.78,42.43],[-1.78,42.3],[-1.82,41.78],[-1.97,41.59],[-4.52,41.65],[-4.75,41.52],[-5.15,41.52],[-5.29,41.39],[-7.03,41.26],[-7.1,41.13],[-7.42,41.2],[-7.57,41.07],[-7.81,41.13],[-8.12,41],[-8.09,40.74],[-8.24,40.61],[-8.14,40.42],[-8.18,40.03],[-8.49,39.9],[-8.97,40.03],[-9.04,39.97],[-9.16,39.51],[-9.39,39.45],[-9.43,39.06],[-9.57,38.93],[-9.55,38.74],[-9.21,38.42],[-8.82,38.48],[-8.82,37.58],[-8.9,37.58],[-9,37],[-8.7,37.13],[-8.31,37.13],[-8.07,37],[-7.68,37],[-7.45,37.13],[-7.47,37.25],[-6.84,37.25],[-6.59,37],[-6.35,36.93],[-6.33,36.67],[-6.06,36.22],[-5.83,36.22],[-5.58,36.03],[-5.52,36.16],[-5.29,36.22],[-5.23,36.48],[-4.69,36.55],[-4.47,36.74],[-2.68,36.74],[-2.53,36.87],[-2.06,36.8],[-1.86,37.32],[-1.71,37.45],[-0.7,37.64],[-0.8,38.03],[-0.66,38.29],[0.1,38.74],[-0.31,39.13],[-0.35,39.71],[-0.2,39.97],[0.18,40.16],[0.25,40.42],[0.47,40.61],[0.71,40.68],[0.7,40.94],[1.24,41.2],[1.79,41.26],[1.45,41.72],[1.37,41.85]]],[[[3.19,39.97],[2.88,39.97],[2.34,39.64],[2.35,39.45],[2.66,39.51],[2.82,39.32],[3.3,39.32],[3.52,39.77],[3.2,39.84],[3.19,39.97]]],[[[4.22,40.1],[3.74,40.1],[3.83,39.9],[4.3,39.84],[4.22,40.1]]]]},"properties":{"NAME":"Emirate of Córdoba","C":6,"name":"Emirate of Córdoba","start_year":926,"end_year":935,"capital":"","type":"polity","region":"","event":"","source":"Cliopatria / Seshat Global History Databank (CC BY 4.0)","wikipedia":"Emirate of Córdoba","wikidata":"Q1337854","_a":90,"_c":[-2.63,39.27],"_nz":"科尔多瓦埃米尔国","_sz":""}},
{"type":"Feature","geometry":{"type":"Polygon","coordinates":[[[-1,48.39],[-0.58,48.32],[-0.34,48.46],[1.06,48.52],[1.47,48.65],[1.61,49.05],[1.77,49.18],[1.84,49.38],[1.82,49.78],[1.45,50.25],[1.05,49.98],[0.22,49.85],[-0.01,49.65],[0.01,49.38],[-1.17,49.45],[-1.25,49.38],[-1.21,48.99],[-1.04,48.92],[-1.08,48.39],[-1,48.39]]]},"properties":{"NAME":"Duchy of Normandy","C":2,"name":"Duchy of Normandy","start_year":926,"end_year":935,"capital":"","type":"polity","region":"","event":"","source":"Cliopatria / Seshat Global History Databank (CC BY 4.0)","wikipedia":"Duchy of Normandy","wikidata":"Q842091","_a":6,"_c":[0.3,49.29],"_nz":"诺曼底公国","_sz":""}},
{"type":"Feature","geometry":{"type":"Polygon","coordinates":[[[80.17,13.59],[80.25,13.66],[80.28,14.04],[80.21,14.04],[80.22,14.88],[80.09,15.07],[80.19,15.39],[79.99,15.52],[79.79,17.06],[79.97,17.32],[80.35,17.45],[80.45,17.64],[80.47,17.84],[80.34,17.96],[80.38,18.35],[80.31,18.35],[80.37,18.86],[80.44,18.86],[80.49,19.25],[80.65,19.31],[80.84,20.28],[81.02,20.6],[80.91,20.92],[81.16,21.11],[81.15,21.63],[81.27,22.01],[80.48,22.21],[80.29,22.46],[79.93,22.59],[79.95,22.72],[79.67,22.91],[78.01,22.72],[77.24,22.46],[76.49,22.46],[74.53,22.21],[73.52,21.82],[72.76,21.69],[72.56,21.24],[72.9,20.92],[72.84,20.34],[72.63,19.83],[72.76,19.64],[72.73,19.38],[72.87,19.31],[72.96,18.03],[73.3,17.06],[73.25,16.61],[73.54,15.78],[73.75,15.65],[73.79,15.33],[73.93,15.26],[73.97,14.94],[74.37,14.49],[74.47,13.91],[74.66,13.59],[74.75,12.82],[75.06,12.18],[75.34,11.92],[75.46,11.54],[75.84,11.79],[76.01,12.05],[76.23,12.11],[76.24,12.24],[76.63,12.5],[76.87,12.82],[77.64,13.21],[78.76,13.46],[78.83,13.46],[80.17,13.59]]]},"properties":{"NAME":"Rashtrakuta Dynasty","C":6,"name":"Rashtrakuta Dynasty","start_year":926,"end_year":935,"capital":"","type":"polity","region":"","event":"","source":"Cliopatria / Seshat Global History Databank (CC BY 4.0)","wikipedia":"Rashtrakuta dynasty","wikidata":"Q856691","_a":99,"_c":[76.91,17.23],"_nz":"罗湿陀罗拘陀王朝","_sz":""}},
{"type":"Feature","geometry":{"type":"Polygon","coordinates":[[[113.69,30.37],[113.5,30.24],[113.12,30.24],[113.08,30.37],[111.91,30.5],[111.8,30.63],[111.16,30.76],[111.04,30.63],[110.81,30.63],[110.86,30.31],[110.52,30.18],[110.48,30.05],[110.04,29.86],[109.8,29.6],[109.39,28.7],[108.3,28.06],[108.27,27.93],[107.8,27.61],[107.34,26.97],[107.32,26.9],[107.91,26.84],[107.97,26.45],[108.31,26.32],[108.18,25.42],[108.25,25.42],[107.86,23.88],[107.93,23.88],[107.85,23.43],[107.95,23.17],[108.16,23.11],[109.54,22.91],[110.77,23.11],[111.26,23.36],[111.49,23.36],[111.67,23.56],[112.07,23.69],[112.08,24.07],[112.31,24.14],[112.34,24.26],[112.23,24.46],[112.27,24.65],[112.42,24.65],[112.63,24.91],[112.61,25.16],[113.04,25.1],[113.49,25.42],[114.15,25.36],[114.33,25.49],[114.33,25.81],[114.47,26.07],[114.26,26.13],[114.34,26.45],[113.96,26.71],[114.17,27.22],[113.98,27.35],[114.22,27.93],[113.95,28.06],[114.22,28.7],[114.93,29.28],[114.76,29.47],[114.82,29.67],[114.56,29.79],[114.6,29.92],[114.19,30.05],[114.3,30.37],[114.11,30.5],[113.87,30.24],[113.69,30.37]]]},"properties":{"NAME":"Southern Chu","C":4,"name":"Southern Chu","start_year":926,"end_year":946,"capital":"潭州（长沙）","type":"dynasty","region":"china","event":"","source":"Cliopatria / Seshat Global History Databank (CC BY 4.0)","wikipedia":"Ma Chu","wikidata":"Q1192347","_a":60,"_c":[111.13,26.84],"_nz":"楚","_sz":""}},
{"type":"Feature","geometry":{"type":"Polygon","coordinates":[[[-2.2,35.07],[-2.42,34.94],[-3.12,34.94],[-3.5,34.81],[-4.51,34.94],[-4.45,35.26],[-4.91,35.26],[-5.24,35.52],[-5.34,35.84],[-5.88,35.77],[-6,35.32],[-6.29,35.07],[-6.33,34.55],[-6.47,34.36],[-6.7,34.29],[-6.61,34.16],[-6.9,33.91],[-7.73,33.59],[-7.8,33.59],[-7.79,33.46],[-7.56,33.39],[-7.37,32.81],[-7.42,32.49],[-7.63,32.24],[-7.62,32.04],[-7.91,31.85],[-8.05,31.59],[-7.73,31.34],[-6.59,31.46],[-5.7,31.79],[-5.39,31.72],[-5.4,31.85],[-4.27,32.17],[-3.97,32.36],[-3.82,32.3],[-3.6,32.49],[-2.54,32.81],[-1.88,33.33],[-1.57,33.33],[-1.58,33.46],[-1.28,33.59],[-0.99,33.91],[-0.83,33.91],[-0.47,34.36],[-0.39,34.36],[-0.17,34.55],[-0.2,35.26],[-0.06,35.52],[-0.07,35.84],[-0.92,35.71],[-1.36,35.26],[-2.2,35.07]]]},"properties":{"NAME":"Idrisids","C":11,"name":"Idrisids","start_year":926,"end_year":935,"capital":"","type":"polity","region":"","event":"","source":"Cliopatria / Seshat Global History Databank (CC BY 4.0)","wikipedia":"Idrisid dynasty","wikidata":"Q431575","_a":36,"_c":[-4.06,33.59],"_nz":"伊德里斯王朝","_sz":""}},
{"type":"Feature","geometry":{"type":"Polygon","coordinates":[[[5.48,48.19],[5.22,48.46],[4.88,48.52],[4.87,48.99],[5.03,49.12],[4.68,49.45],[4.58,49.91],[3.82,50.05],[3.55,50.38],[3.54,50.58],[4.03,50.78],[4.26,51.31],[3.5,51.25],[3.41,51.45],[2.74,51.31],[2.58,51.18],[1.66,51.05],[1.42,50.71],[1.45,50.25],[1.82,49.78],[1.84,49.38],[1.77,49.18],[1.61,49.05],[1.47,48.65],[1.06,48.52],[-0.34,48.46],[-0.58,48.32],[-1,48.39],[-1.04,47.86],[-1.19,47.66],[-1.85,47.6],[-2.16,47.4],[-2.58,47.47],[-2.56,47.27],[-2.23,47.27],[-2.14,47.14],[-2.19,46.81],[-2.01,46.61],[-1.67,46.35],[-1.25,46.28],[-1.21,45.76],[-1.05,45.69],[-1.03,45.5],[-1.19,45.43],[-1.25,45.17],[-1.21,44.52],[-1.35,44.25],[-1.32,43.86],[-1.46,43.54],[-1.69,43.34],[-0.53,42.82],[0.6,42.69],[0.67,42.82],[1.07,42.82],[1.49,42.63],[1.57,42.63],[1.73,42.63],[1.81,42.5],[1.97,42.56],[2.04,42.69],[2.52,42.82],[2.59,42.95],[2.99,43.02],[3.14,43.28],[3.62,43.41],[3.85,43.6],[4.17,43.6],[4.34,43.47],[4.41,43.73],[4.57,43.73],[4.73,43.93],[4.48,44.12],[4.47,44.32],[4.22,44.39],[3.97,44.65],[3.96,44.91],[4.12,44.91],[4.36,45.1],[4.27,45.37],[3.94,45.37],[3.92,45.96],[4.08,46.02],[3.98,46.35],[4.23,46.28],[4.57,46.09],[4.88,46.35],[5.03,46.74],[5.36,46.87],[5.43,47.07],[5.59,47.14],[5.58,47.66],[5.82,47.73],[5.82,47.86],[5.74,47.86],[5.72,48.19],[5.48,48.19]]]},"properties":{"NAME":"West Franks","C":10,"name":"West Franks","start_year":926,"end_year":935,"capital":"","type":"polity","region":"","event":"","source":"Cliopatria / Seshat Global History Databank (CC BY 4.0)","wikipedia":"West Francia","wikidata":"Q46370","_a":696,"_c":[-8.83,54.38],"_nz":"西法兰克人","_sz":""}},
{"type":"Feature","geometry":{"type":"Polygon","coordinates":[[[-4.27,50.38],[-4.09,50.25],[-3.58,50.25],[-3.46,50.65],[-2.79,50.71],[-2.61,50.58],[-1.52,50.71],[-1.51,50.58],[-1.18,50.58],[-1.11,50.78],[-1.37,50.85],[0.49,50.78],[1.31,51.11],[1.38,51.38],[0.86,51.51],[0.84,51.78],[1.18,51.78],[1.17,51.98],[1.43,51.98],[1.74,52.38],[1.62,52.86],[1.01,53.06],[0.49,53.06],[0.34,52.86],[0.07,52.99],[0.32,53.12],[0.3,53.39],[0.12,53.46],[0.02,53.66],[-0.25,53.73],[-0.77,53.73],[-0.93,53.6],[-0.91,53.39],[-1.15,53.26],[-1.59,53.33],[-1.78,53.53],[-2.29,53.46],[-2.29,53.39],[-2.88,53.33],[-3.15,53.46],[-3.49,53.39],[-3.27,52.99],[-3.07,52.72],[-3.14,52.52],[-2.87,52.38],[-2.93,52.12],[-2.82,51.92],[-2.63,51.65],[-2.95,51.51],[-3.09,51.25],[-4.2,51.31],[-4.43,51.05],[-4.68,51.05],[-4.66,50.85],[-4.31,50.71],[-4.27,50.38]]]},"properties":{"NAME":"Kingdom of Wessex","C":1,"name":"Kingdom of Wessex","start_year":926,"end_year":935,"capital":"","type":"polity","region":"","event":"","source":"Cliopatria / Seshat Global History Databank (CC BY 4.0)","wikipedia":"Wessex","wikidata":"Q105313","_a":22,"_c":[-1.47,51.99],"_nz":"韦塞克斯王国","_sz":""}},
{"type":"Feature","geometry":{"type":"MultiPolygon","coordinates":[[[[22.89,36.42],[22.87,36.16],[23.11,36.16],[23.12,36.35],[22.89,36.42]]],[[[20.62,37.9],[20.61,37.71],[20.92,37.64],[20.93,37.9],[20.62,37.9]]],[[[20.33,38.35],[20.32,38.16],[20.79,38.09],[20.8,38.29],[20.57,38.42],[20.33,38.35]]],[[[15.63,38.29],[15.7,37.96],[15.93,37.96],[16.49,38.42],[16.5,38.8],[16.66,38.93],[17.14,39.06],[17.07,39.38],[16.92,39.51],[16.45,39.64],[16.45,39.71],[15.9,39.71],[15.9,39.64],[16.27,38.87],[15.95,38.67],[15.86,38.29],[15.63,38.29]]],[[[15.4,41.91],[15.48,41.72],[15.31,41.59],[15.38,41],[16.01,41.07],[16.09,40.94],[16.79,40.55],[16.78,40.36],[16.86,40.36],[17.03,40.55],[17.35,40.55],[17.42,40.36],[17.81,40.36],[18.11,39.9],[18.35,39.9],[18.36,40.29],[17.98,40.61],[17.51,40.74],[17.44,40.87],[16.73,41.2],[15.94,41.39],[15.87,41.72],[16.11,41.78],[16.12,41.91],[15.4,41.91]]],[[[19.71,41.91],[19.46,41.65],[19.51,41.13],[19.33,40.74],[19.81,40.81],[19.92,41.33],[19.77,41.46],[19.86,41.72],[19.71,41.91]]],[[[16.72,43.21],[16.72,43.08],[17.12,43.08],[17.12,43.21],[16.72,43.21]]],[[[15.93,43.67],[15.93,43.47],[16.17,43.47],[16.25,43.6],[16.65,43.54],[16.66,43.67],[15.93,43.67]]],[[[15.22,44.12],[15.39,44.32],[15.15,44.39],[15.22,44.12]]],[[[15.07,44.45],[15.15,44.39],[15.15,44.45],[15.07,44.45]]],[[[27.69,36.29],[27.74,35.9],[28.14,36.03],[28.25,36.48],[28.02,36.48],[27.69,36.29]]],[[[24.99,37.71],[25.05,37.51],[25.29,37.51],[25.22,37.71],[24.99,37.71]]],[[[26.08,37.71],[25.99,37.51],[26.3,37.58],[26.08,37.71]]],[[[24.69,38.03],[24.68,37.84],[24.83,37.71],[25.07,37.77],[24.77,38.03],[24.69,38.03]]],[[[25.9,38.48],[25.88,38.16],[26.11,38.16],[26.22,38.55],[25.91,38.67],[25.9,38.48]]],[[[24.36,39],[24.36,38.87],[24.66,38.74],[24.67,38.93],[24.36,39]]],[[[41.23,41.33],[41.05,41.2],[40.37,40.94],[39.74,40.94],[39.05,41.13],[38.78,40.94],[38.3,40.87],[38.16,41],[37.83,40.94],[37.77,41.07],[37.21,41.07],[36.77,41.33],[36.21,41.26],[35.95,41.72],[35.31,41.65],[35.09,41.78],[35.12,42.04],[34.88,42.04],[34.78,41.91],[32.63,41.91],[32.69,41.78],[32.03,41.52],[31.53,41.39],[31.35,41.13],[30.62,41.07],[30.48,41.2],[28.96,41.13],[28.98,41.26],[28.35,41.39],[28.22,41.65],[28.05,41.59],[27.93,41.98],[27.45,41.98],[27.38,42.11],[27.06,42.11],[26.57,41.91],[25.93,41.91],[25.71,42.11],[25.22,42.04],[25.21,41.91],[24.81,41.85],[24.78,41.46],[24.52,41.26],[24.21,41.26],[23.47,41],[23,41],[22.51,40.81],[22.17,40.48],[21.13,40.23],[20.56,39.84],[20.4,39.84],[20.15,39.64],[20.45,39.26],[20.91,39.06],[20.74,38.8],[20.97,38.74],[21.19,38.42],[21.74,38.35],[21.73,38.16],[21.42,38.16],[21.24,37.84],[21.7,37.51],[21.68,37.19],[21.74,36.87],[21.9,36.87],[21.91,37.06],[22.22,37.06],[22.36,36.67],[22.51,36.67],[22.6,36.87],[22.83,36.87],[23.06,36.67],[22.85,37.25],[22.7,37.32],[22.71,37.58],[22.95,37.58],[23.4,37.32],[23.34,37.64],[23.11,37.64],[23.04,37.9],[23.21,38.03],[23.44,38.03],[23.98,37.84],[24,38.22],[24.16,38.22],[24.18,38.55],[24.03,38.67],[23.56,38.74],[23.63,38.48],[23.31,38.48],[23.17,38.67],[22.94,38.74],[23.03,38.93],[23.33,38.8],[23.49,38.87],[22.96,39.13],[22.8,39.06],[22.82,39.38],[23.14,39.45],[22.61,39.9],[22.54,40.1],[22.57,40.55],[22.89,40.61],[22.96,40.42],[23.74,40.23],[23.84,40.55],[23.68,40.61],[23.7,40.81],[24.01,40.74],[24.35,41],[25.85,40.94],[26.08,40.87],[26.14,40.61],[26.55,40.74],[27.02,40.68],[27.53,41.07],[29.12,41.07],[29.1,40.94],[29.39,40.68],[28.91,40.61],[29.05,40.36],[27.94,40.36],[27.7,40.29],[27.47,40.42],[26.67,40.36],[26.6,40.48],[26.27,40.29],[26.13,39.51],[26.85,39.58],[26.74,39.26],[26.89,39.19],[26.96,39],[26.85,38.61],[27.08,38.55],[27.06,38.35],[26.59,38.35],[26.54,38.61],[26.38,38.67],[26.43,38.22],[26.82,38.22],[26.89,38.09],[27.28,38.03],[27.16,37.58],[27.31,37.45],[27.54,37.38],[27.6,37.13],[28.07,37.13],[28.14,37.06],[28.03,36.67],[28.19,36.67],[28.36,36.87],[28.59,36.87],[28.74,36.74],[29.12,36.74],[29.24,36.22],[29.94,36.22],[30.03,36.35],[30.49,36.35],[30.62,36.93],[31.09,36.93],[32.07,36.61],[32.5,36.22],[32.56,36.03],[32.71,36.03],[33.27,36.22],[33.98,36.29],[34.25,36.67],[34.66,36.87],[34.69,37.13],[35.03,37.45],[35.82,37.51],[36.15,37.64],[36.27,38.03],[37.22,38.74],[37.33,39],[37.86,39.45],[38.16,39.9],[38.3,39.77],[38.84,39.71],[39.59,39.97],[40.3,40.48],[40.58,40.74],[41.26,41.07],[41.23,41.33]]],[[[26.09,39],[26.25,38.93],[26.64,39],[26.51,39.32],[26.04,39.38],[25.79,39.19],[26.1,39.13],[26.09,39]]],[[[25.07,40.03],[24.97,39.84],[25.45,39.84],[25.46,40.03],[25.07,40.03]]],[[[25.72,40.29],[25.7,40.1],[26.02,40.16],[26.04,40.29],[25.72,40.29]]],[[[24.49,40.81],[24.55,40.55],[24.79,40.61],[24.81,40.81],[24.49,40.81]]],[[[34.09,45.04],[33.6,45.04],[33.52,44.45],[34.1,44.52],[34.38,44.78],[34.09,45.04]]]]},"properties":{"NAME":"Byzantine Empire","C":8,"name":"Byzantine Empire","start_year":926,"end_year":935,"capital":"","type":"polity","region":"","event":"","source":"Cliopatria / Seshat Global History Databank (CC BY 4.0)","wikipedia":"Byzantine Empire","wikidata":"Q112039853","_a":240,"_c":[28.13,40.47],"_nz":"拜占庭帝国","_sz":""}},
{"type":"Feature","geometry":{"type":"MultiPolygon","coordinates":[[[[18.89,30.31],[18.59,30.37],[18.22,30.76],[17.47,31.08],[16.18,31.21],[15.65,31.4],[15.58,31.59],[15.42,31.66],[15.28,32.3],[15.06,32.43],[14.75,32.43],[14.67,32.56],[14.44,32.49],[14.07,32.75],[13.76,32.75],[13.76,32.88],[13.45,32.81],[13.3,32.94],[12.84,32.88],[12.84,32.75],[12.53,32.75],[12.23,32.81],[11.46,33.2],[11.16,33.2],[11.08,33.59],[10.7,33.52],[10.54,33.71],[10.24,33.71],[10.01,33.91],[10.08,34.23],[10,34.29],[10.54,34.55],[10.85,34.81],[10.85,34.94],[11.08,35],[11.01,35.39],[11.08,35.58],[10.46,35.9],[10.54,36.35],[10.46,36.42],[11.01,36.8],[11.01,37],[10.46,36.74],[10.23,36.8],[10.31,37.06],[10.23,37.25],[9.99,37.19],[9.76,37.32],[9.37,37.25],[9.06,37.06],[8.9,37.13],[8.52,36.87],[7.74,36.87],[7.5,37.06],[7.35,37.06],[7.19,36.87],[6.8,36.87],[6.33,37.06],[6.1,36.93],[6.11,36.8],[5.64,36.8],[5.56,36.67],[5.1,36.67],[4.86,36.87],[4.24,36.93],[3.85,36.8],[3.46,36.87],[3.23,36.74],[2.84,36.74],[2.69,36.61],[2.38,36.67],[1.53,36.48],[1.22,36.55],[0.91,36.35],[0.38,36.22],[0.01,35.84],[-0.07,35.84],[-0.06,35.52],[-0.2,35.26],[-0.17,34.55],[-0.39,34.36],[0.3,34.36],[0.45,34.49],[0.68,34.42],[1.29,34.61],[2.45,34.61],[2.92,34.36],[3.46,34.49],[3.84,34.42],[4.45,34.61],[5.15,34.55],[5.38,34.68],[6.15,34.68],[6.46,34.55],[6.92,34.61],[7.15,34.49],[7.61,34.55],[8,34.42],[8.08,34.23],[8.31,34.29],[9.16,34.1],[9.24,33.52],[9.7,33.14],[9.86,32.81],[10.09,32.88],[11.16,32.43],[11.08,32.24],[11.46,32.3],[11.54,32.11],[11.77,32.17],[12.45,31.85],[12.99,31.98],[13.22,31.91],[13.37,32.04],[13.98,31.79],[14.36,31.46],[14.88,30.95],[15.1,30.56],[16.16,30.12],[17.44,29.86],[17.82,29.67],[18.04,29.34],[18.71,29.09],[18.71,29.15],[18.87,29.34],[18.72,29.54],[18.81,29.79],[18.89,30.31]]],[[[14.57,35.97],[14.34,36.03],[14.34,35.84],[14.57,35.77],[14.57,35.97]]],[[[15.63,38.29],[14.06,37.96],[13.67,37.96],[13.35,38.16],[13.12,38.16],[13.04,38.03],[12.65,38.09],[12.49,37.9],[12.49,37.71],[13.19,37.58],[13.58,37.25],[14.28,37.13],[14.66,36.74],[15.05,36.74],[15.21,37],[15.21,37.19],[15.06,37.25],[15.07,37.58],[15.39,38.16],[15.62,38.16],[15.63,38.29]]]]},"properties":{"NAME":"Fatimid Caliphate","C":7,"name":"Fatimid Caliphate","start_year":926,"end_year":935,"capital":"","type":"polity","region":"","event":"","source":"Cliopatria / Seshat Global History Databank (CC BY 4.0)","wikipedia":"Fatimid Caliphate","wikidata":"Q160307","_a":177,"_c":[9.25,33.69],"_nz":"法蒂玛王朝","_sz":""}},
{"type":"Feature","geometry":{"type":"MultiPolygon","coordinates":[[[[126.7,33.26],[126.78,33.26],[127,33.59],[126.36,33.52],[126.14,33.2],[126.7,33.26]]],[[[127.67,34.87],[127.76,34.74],[128.07,34.74],[128.08,34.94],[128.31,34.94],[128.33,34.81],[128.68,34.74],[128.81,35],[128.55,34.94],[128.53,35.07],[129.15,35.07],[129.52,35.52],[129.67,35.97],[129.42,36.1],[129.54,36.93],[129.35,37.32],[129.21,37.19],[128.7,37.25],[128.41,37],[128.03,36.87],[127.9,36.61],[128.02,36.55],[127.97,36.29],[128.09,36.22],[127.92,36.03],[127.9,35.84],[127.62,35.58],[127.45,35.07],[127.67,34.87]]]]},"properties":{"NAME":"Unified Silla","C":5,"name":"Unified Silla","start_year":926,"end_year":935,"capital":"","type":"polity","region":"","event":"","source":"Cliopatria / Seshat Global History Databank (CC BY 4.0)","wikipedia":"Unified Silla","wikidata":"Q715257","_a":15,"_c":[127.91,35.26],"_nz":"统一新罗","_sz":""}},
{"type":"Feature","geometry":{"type":"Polygon","coordinates":[[[-1.46,54.68],[-1.3,54.82],[-1.49,54.95],[-1.73,55.7],[-2.02,55.91],[-2.66,56.11],[-3.26,56.05],[-3.78,55.98],[-3.19,55.36],[-3.06,55.02],[-2.79,54.95],[-2.68,54.68],[-2.5,54.68],[-2.5,54.61],[-1.89,54.61],[-1.46,54.68]]]},"properties":{"NAME":"Kingdom of Northumbria","C":9,"name":"Kingdom of Northumbria","start_year":926,"end_year":935,"capital":"","type":"polity","region":"","event":"","source":"Cliopatria / Seshat Global History Databank (CC BY 4.0)","wikipedia":"Northumbria","wikidata":"Q107299","_a":4,"_c":[-2.53,55.36],"_nz":"诺森布里亚王国","_sz":""}},
{"type":"Feature","geometry":{"type":"Polygon","coordinates":[[[-3.14,43.41],[-4.99,43.41],[-5.65,43.54],[-7.18,43.54],[-7.28,43.73],[-8.24,43.73],[-8.39,43.6],[-8.37,43.41],[-8.85,43.41],[-9.3,43.15],[-9.08,42.56],[-8.65,42.3],[-8.96,42.17],[-8.73,40.74],[-8.87,40.61],[-8.97,40.03],[-8.49,39.9],[-8.18,40.03],[-8.14,40.42],[-8.24,40.61],[-8.09,40.74],[-8.12,41],[-7.81,41.13],[-7.57,41.07],[-7.42,41.2],[-7.1,41.13],[-7.03,41.26],[-5.29,41.39],[-5.15,41.52],[-4.75,41.52],[-4.52,41.65],[-1.97,41.59],[-1.82,41.78],[-1.78,42.3],[-2.02,42.37],[-2.12,42.63],[-3,42.63],[-3.03,43.02],[-3.19,43.08],[-3.14,43.41]]]},"properties":{"NAME":"Kingdom of León","C":8,"name":"Kingdom of León","start_year":926,"end_year":946,"capital":"","type":"polity","region":"","event":"","source":"Cliopatria / Seshat Global History Databank (CC BY 4.0)","wikipedia":"Kingdom of León","wikidata":"Q175276","_a":29,"_c":[-5.54,41.82],"_nz":"莱昂王国","_sz":""}},
{"type":"Feature","geometry":{"type":"Polygon","coordinates":[[[113.69,30.37],[113.69,30.82],[113.39,30.82],[113.22,31.01],[113.31,31.91],[112,32.3],[111.08,32.49],[110.85,32.69],[110.62,32.69],[110.51,32.81],[109.89,33.01],[109.68,32.62],[109.61,32.24],[109.77,32.04],[109.76,31.79],[109.89,31.72],[109.88,31.46],[110.01,31.4],[110,31.14],[110.13,31.08],[110.12,30.82],[110.34,30.56],[110.33,30.31],[110.52,30.18],[110.86,30.31],[110.81,30.63],[111.04,30.63],[111.16,30.76],[111.8,30.63],[111.91,30.5],[113.08,30.37],[113.12,30.24],[113.5,30.24],[113.69,30.37]]]},"properties":{"NAME":"Jingnan","C":3,"name":"Jingnan","start_year":926,"end_year":935,"capital":"江陵","type":"dynasty","region":"china","event":"","source":"Cliopatria / Seshat Global History Databank (CC BY 4.0)","wikipedia":"Jingnan","wikidata":"Q1325075","_a":12,"_c":[111.65,31.6],"_nz":"荆南","_sz":""}},
{"type":"Feature","geometry":{"type":"Polygon","coordinates":[[[121.71,44.65],[120.75,44.91],[120.55,45.1],[120.44,45.43],[120.28,45.43],[120.21,45.82],[120.05,45.96],[120.14,46.09],[119.98,46.22],[120.07,46.35],[119.92,46.48],[119.89,46.68],[119.98,46.94],[119.79,47.14],[119.55,47.27],[119.56,47.4],[119.12,47.6],[119.13,47.73],[118.72,47.86],[118.62,48.19],[118.47,48.32],[118.03,48.52],[118,48.72],[117.38,48.79],[115.9,48.32],[115.52,48.26],[115.44,48.39],[115.5,48.59],[115.2,48.52],[114.81,48.19],[112.41,48.32],[111.5,48.19],[110.29,47.73],[109.42,47.66],[108.35,47.4],[107.36,47.4],[107.28,47.27],[105.1,47.07],[104.57,47.14],[104.49,47.01],[102.52,46.87],[101.47,46.61],[100.95,46.41],[100.12,45.5],[100.21,45.37],[100,44.52],[100.1,44.39],[99.88,44.12],[100.05,43.99],[99.86,43.47],[99.94,43.47],[99.67,42.63],[101.48,42.56],[101.69,42.5],[102,42.17],[102.81,42.04],[102.83,41.91],[103.24,41.78],[103.71,41.13],[103.64,41],[103.83,40.74],[103.96,40.68],[107.41,40.61],[108.51,40.74],[108.59,40.74],[109.79,41.07],[110.87,41],[111.27,40.87],[112.58,40.94],[114,41.07],[114.62,41.33],[115.76,41.52],[117.4,41.46],[117.6,41.39],[117.85,41.13],[117.78,40.87],[117.83,40.68],[118.08,40.42],[118.64,40.29],[118.6,40.23],[119.59,40.29],[119.8,39.97],[119.88,39.97],[120.5,40.23],[120.65,40.48],[121,40.68],[121.11,40.87],[121.82,40.87],[121.83,40.74],[122.11,40.68],[122.23,40.48],[121.78,39.97],[121.5,39.9],[121.44,39.64],[121.21,39.51],[121.3,39.38],[121.69,39.38],[121.52,39.06],[121.2,39.06],[121.03,38.74],[121.42,38.74],[121.72,39],[122.07,39.06],[122.17,39.26],[122.51,39.45],[123.6,39.84],[124.03,39.77],[124.34,39.9],[124.51,39.64],[124.86,39.71],[124.87,39.58],[125.31,39.51],[125.35,39.32],[126.06,39.45],[127.48,39.32],[127.67,39.64],[127.58,39.77],[127.93,39.97],[128.37,40.03],[128.68,40.29],[129.08,40.42],[129.24,40.68],[129.76,40.87],[129.88,41.2],[129.69,41.52],[129.78,41.78],[130.32,42.24],[130.61,42.3],[130.9,42.63],[131.23,42.63],[131.75,43.28],[131.78,43.08],[132.1,43.08],[132.21,42.89],[133.27,42.69],[134.22,43.02],[135.28,43.6],[135.99,44.45],[136.15,44.45],[136.72,45.1],[137.86,45.96],[138.43,46.68],[137.37,46.48],[135.68,46.41],[135.41,46.28],[133.91,46.02],[133.63,46.09],[133.53,45.96],[132.94,46.15],[131.96,45.82],[130.47,45.56],[129.42,45.24],[128.69,44.78],[127.71,44.65],[127.43,44.71],[127.34,44.58],[125.62,44.32],[124.49,44.32],[124.53,44.39],[122.87,44.45],[122.88,44.58],[121.67,44.58],[121.71,44.65]]]},"properties":{"NAME":"Liao Dynasty","C":3,"name":"Liao Dynasty","start_year":926,"end_year":935,"capital":"上京临潢府","type":"dynasty","region":"china","event":"","source":"Cliopatria / Seshat Global History Databank (CC BY 4.0)","wikipedia":"Liao dynasty","wikidata":"Q4958","_a":390,"_c":[119.05,43.77],"_nz":"辽","_sz":""}},
{"type":"Feature","geometry":{"type":"Polygon","coordinates":[[[-3.13,51.58],[-2.95,51.51],[-2.63,51.65],[-2.82,51.92],[-3.32,51.78],[-3.3,51.65],[-3.13,51.58]]]},"properties":{"NAME":"Kingdom of Gwent","C":11,"name":"Kingdom of Gwent","start_year":926,"end_year":946,"capital":"","type":"polity","region":"","event":"","source":"Cliopatria / Seshat Global History Databank (CC BY 4.0)","wikipedia":"Kingdom of Gwent","wikidata":"Q2594661","_a":0,"_c":[-2.97,51.72],"_nz":"格温特王国","_sz":""}},
{"type":"Feature","geometry":{"type":"Polygon","coordinates":[[[119.8,39.97],[119.59,40.29],[118.6,40.23],[118.64,40.29],[118.08,40.42],[117.83,40.68],[117.78,40.87],[117.85,41.13],[117.6,41.39],[117.4,41.46],[115.76,41.52],[114.62,41.33],[114,41.07],[112.58,40.94],[112.48,40.61],[111.57,39.77],[111.38,39.06],[111.05,38.87],[111.02,38.48],[110.67,38.42],[110.4,38.16],[109.76,37.96],[109.56,38.03],[108.79,37.9],[108.7,38.03],[108.05,38.16],[107.93,38.42],[107.59,38.35],[107.52,38.55],[107.32,38.61],[106.52,38.42],[106.41,38.16],[106.09,37.96],[105.88,38.03],[104.57,37.71],[104.74,37.38],[105.08,37.45],[105.8,37.13],[105.7,36.87],[106.06,36.42],[106,36.1],[105.74,35.84],[104.95,35.58],[104.64,35.58],[103.89,35.26],[103.67,35.07],[103.48,34.36],[103.36,34.23],[103.49,33.97],[103.33,33.52],[103.03,33.33],[102.55,33.26],[101.76,32.75],[101.69,32.75],[100.98,31.01],[101.06,31.01],[100.92,30.56],[100.96,30.18],[101.06,29.99],[101.06,29.47],[101.2,29.41],[101.37,28.64],[101.7,27.87],[101.58,26.77],[102.08,26.64],[102.19,26.45],[102.05,26.19],[102.25,26.07],[102.55,26.07],[102.91,26.32],[103.19,26.26],[103.46,26.45],[103.36,27.29],[103.28,27.29],[103.32,27.74],[103.45,27.67],[103.64,27.8],[103.96,28.19],[103.86,28.38],[103.99,28.57],[104.64,28.44],[104.26,27.87],[104.43,27.67],[104.62,27.8],[105.13,27.74],[105.51,28.06],[105.52,28.38],[106.14,28.44],[106.24,28.25],[106.21,28.12],[106.22,27.61],[106.46,27.35],[106.61,27.35],[106.77,27.09],[107.34,26.97],[107.8,27.61],[108.27,27.93],[108.3,28.06],[109.39,28.7],[109.8,29.6],[110.04,29.86],[110.48,30.05],[110.52,30.18],[110.33,30.31],[110.34,30.56],[110.12,30.82],[110.13,31.08],[110,31.14],[110.01,31.4],[109.88,31.46],[109.89,31.72],[109.76,31.79],[109.77,32.04],[109.61,32.24],[109.68,32.62],[109.89,33.01],[110.51,32.81],[110.62,32.69],[110.85,32.69],[111.08,32.49],[112,32.3],[113.31,31.91],[113.22,31.01],[113.39,30.82],[113.69,30.82],[113.69,30.37],[113.87,30.24],[114.11,30.5],[114.43,31.21],[115.61,32.75],[116.71,32.81],[117.43,33.07],[118.06,33.14],[118.42,33.46],[118.61,33.91],[119.3,34.81],[119.23,34.81],[119.62,35.52],[119.99,35.64],[120.32,36.03],[120.66,36.1],[120.73,36.42],[120.96,36.42],[120.98,36.61],[121.21,36.61],[121.91,36.93],[122.39,36.8],[122.57,37],[122.47,37.13],[122.71,37.45],[122.12,37.51],[121.5,37.51],[121.48,37.64],[121.17,37.64],[121.11,37.84],[120.75,37.9],[120.19,37.71],[120.2,37.58],[119.83,37.45],[119.7,37.19],[119.16,37.19],[118.98,37.32],[119.24,37.84],[119.46,37.96],[118.77,38.16],[118.58,38.09],[118.07,38.16],[118.05,38.29],[117.6,38.48],[117.58,38.74],[117.78,39.13],[118.06,39.06],[118.45,39.06],[118.99,39.19],[119.22,39.32],[119.38,39.77],[119.77,39.9],[119.8,39.97]]]},"properties":{"NAME":"Later Tang","C":2,"name":"Later Tang","start_year":926,"end_year":935,"capital":"","type":"polity","region":"","event":"","source":"Cliopatria / Seshat Global History Databank (CC BY 4.0)","wikipedia":"Later Tang","wikidata":"Q1143126","_a":337,"_c":[111.82,33.8],"_nz":"后唐","_sz":""}},
{"type":"Feature","geometry":{"type":"MultiPolygon","coordinates":[[[[48.72,39.84],[48.09,39.84],[47.9,39.64],[47.41,39.58],[47.31,39.9],[47,39.9],[46.8,40.1],[46.94,40.42],[46.87,40.48],[46.45,40.36],[46.34,40.16],[46.6,39.9],[46.64,39.64],[46.86,39.58],[46.67,38.93],[46.26,38.87],[46.22,39.06],[45.95,39.32],[45.79,39.32],[45.33,39.84],[44.66,40.1],[44.55,39.9],[44.76,39.71],[44.87,39.45],[45.37,39.13],[45.34,39],[45.11,39],[44.9,38.67],[44.58,38.67],[44.45,38.35],[44.98,38.22],[44.96,38.09],[44.54,37.9],[44.52,37.77],[44.63,37.45],[44.77,37.38],[44.8,37.06],[45.25,36.93],[45.29,37.19],[45.17,37.45],[45.22,37.77],[45.63,37.9],[45.85,38.29],[46.12,38.48],[47.25,38.67],[47.82,38.35],[48.76,38.35],[48.8,39],[48.92,39.19],[49.18,39.32],[49.03,39.38],[49,39.64],[48.78,39.71],[48.72,39.84]]],[[[44.79,41.65],[44.89,41.78],[44.73,41.78],[44.79,41.65]]],[[[48.28,41.59],[48.48,41.78],[48.2,41.98],[48.2,41.59],[48.28,41.59]]]]},"properties":{"NAME":"Sajid Dynasty","C":7,"name":"Sajid Dynasty","start_year":926,"end_year":935,"capital":"","type":"polity","region":"","event":"","source":"Cliopatria / Seshat Global History Databank (CC BY 4.0)","wikipedia":"Sajid dynasty","wikidata":"Q3432153","_a":24,"_c":[46.82,39.46],"_nz":"萨吉德王朝","_sz":""}},
{"type":"Feature","geometry":{"type":"Polygon","coordinates":[[[5.36,46.87],[5.61,46.55],[5.8,45.96],[6.53,45.96],[7.03,45.56],[7.03,45.5],[7.93,45.56],[8,45.89],[7.92,46.02],[8.4,46.41],[8.31,47.14],[8.55,47.4],[8.55,47.6],[7.48,47.6],[7.4,47.47],[7.15,47.47],[6.98,47.86],[6.81,47.93],[6.14,47.99],[5.82,47.86],[5.82,47.73],[5.58,47.66],[5.59,47.14],[5.43,47.07],[5.36,46.87]]]},"properties":{"NAME":"Upper Burgundy","C":0,"name":"Upper Burgundy","start_year":926,"end_year":935,"capital":"","type":"polity","region":"","event":"","source":"Cliopatria / Seshat Global History Databank (CC BY 4.0)","wikipedia":"Upper Burgundy","wikidata":"Q33235","_a":8,"_c":[6.96,46.75],"_nz":"上勃艮第","_sz":""}},
{"type":"Feature","geometry":{"type":"MultiPolygon","coordinates":[[[[9.49,43.02],[9.25,43.02],[9.17,42.76],[8.77,42.69],[8.53,42.5],[8.54,42.11],[8.78,41.72],[8.78,41.52],[9.1,41.33],[9.26,41.39],[9.58,41.98],[9.57,42.76],[9.49,43.02]]],[[[10.46,42.89],[10.13,42.89],[10.21,42.69],[10.46,42.69],[10.46,42.89]]],[[[8.4,46.41],[7.92,46.02],[8,45.89],[7.93,45.56],[7.03,45.5],[7.03,45.56],[6.53,45.96],[5.8,45.96],[5.61,46.55],[5.36,46.87],[5.03,46.74],[4.88,46.35],[4.57,46.09],[4.23,46.28],[3.98,46.35],[4.08,46.02],[3.92,45.96],[3.94,45.37],[4.27,45.37],[4.36,45.1],[4.12,44.91],[3.96,44.91],[3.97,44.65],[4.22,44.39],[4.47,44.32],[4.48,44.12],[4.73,43.93],[4.57,43.73],[4.41,43.73],[4.34,43.47],[5.06,43.47],[5.39,43.41],[5.8,43.15],[6.28,43.15],[6.52,43.21],[6.67,43.47],[6.99,43.54],[7.15,43.73],[8.03,43.93],[8.43,44.39],[9.16,44.45],[9.73,44.12],[9.89,43.99],[10.21,43.99],[10.54,43.08],[11.02,42.82],[11.26,42.43],[11.49,42.37],[11.57,42.37],[11.74,42.63],[12.06,42.76],[11.98,43.15],[11.82,43.34],[12.22,43.41],[12.14,43.08],[12.3,43.08],[12.38,42.43],[12.62,42.43],[13.01,42.04],[13.33,41.98],[13.41,41.85],[13.8,41.85],[13.96,41.72],[14.12,41.72],[14.37,41.98],[14.69,42.11],[14.61,42.11],[14.06,42.5],[13.9,42.76],[13.99,42.95],[13.75,43.08],[13.67,43.41],[13.36,43.67],[12.87,43.8],[12.31,44.19],[12.15,44.45],[12.16,44.84],[12.4,44.78],[12.4,45.04],[12.16,45.17],[12.16,45.37],[12,45.56],[12.16,45.69],[12.74,45.82],[12.98,45.82],[13.06,45.69],[13.14,45.82],[13.71,45.76],[13.63,45.5],[13.95,45.04],[14.19,45.04],[14.28,45.56],[14.04,45.69],[13.88,46.09],[13.72,46.22],[13.73,46.48],[12.58,46.68],[11.6,46.68],[10.86,46.55],[10.04,46.61],[10.04,46.28],[9.3,46.48],[8.98,45.89],[8.65,46.15],[8.49,46.15],[8.4,46.41]]]]},"properties":{"NAME":"Kingdom of Lower Burgundy","C":1,"name":"Kingdom of Lower Burgundy","start_year":926,"end_year":935,"capital":"","type":"polity","region":"","event":"","source":"Cliopatria / Seshat Global History Databank (CC BY 4.0)","wikipedia":"Lower Burgundy","wikidata":"Q33242","_a":60,"_c":[9.34,44.1],"_nz":"下勃艮第王国","_sz":""}},
{"type":"Feature","geometry":{"type":"Polygon","coordinates":[[[11.73,53.06],[10.36,53.46],[10.19,53.66],[10.19,53.87],[10.01,53.94],[10.1,54.34],[9.15,54.21],[8.8,54.21],[8.89,53.87],[8.46,53.94],[8.38,53.66],[8.21,53.6],[7.94,53.73],[7.08,53.73],[6.92,53.46],[6.23,53.53],[5.54,53.39],[5.21,53.12],[5.39,52.86],[4.88,52.79],[4.7,52.99],[4.45,52.72],[4.46,52.52],[4.22,52.32],[4.22,52.18],[3.81,51.92],[3.74,51.65],[3.4,51.65],[3.41,51.45],[3.5,51.25],[4.26,51.31],[4.03,50.78],[3.54,50.58],[3.55,50.38],[3.82,50.05],[4.58,49.91],[4.68,49.45],[5.03,49.12],[4.87,48.99],[4.88,48.52],[5.22,48.46],[5.48,48.19],[5.72,48.19],[5.74,47.86],[5.82,47.86],[6.14,47.99],[6.81,47.93],[6.98,47.86],[7.15,47.47],[7.4,47.47],[7.48,47.6],[8.55,47.6],[8.55,47.4],[8.31,47.14],[8.4,46.41],[8.49,46.15],[8.65,46.15],[8.98,45.89],[9.3,46.48],[10.04,46.28],[10.04,46.61],[10.86,46.55],[11.6,46.68],[12.58,46.68],[13.73,46.48],[13.81,46.48],[13.74,47.2],[13.41,47.27],[13.42,47.47],[13.66,47.53],[13.67,47.8],[14.49,47.73],[14.58,47.93],[14.42,47.99],[14.42,48.26],[14.75,48.26],[14.92,48.39],[15.02,48.72],[15.27,48.92],[14.94,48.99],[14.85,48.72],[14.6,48.59],[14.02,48.65],[13.94,48.79],[13.61,48.85],[13.44,49.05],[13.28,49.05],[13.11,49.25],[12.53,49.52],[12.37,49.71],[12.37,49.98],[12.2,50.05],[12.12,50.25],[12.04,50.58],[12.3,50.65],[12.13,50.85],[12.13,51.05],[11.29,51.38],[11.38,51.58],[11.55,51.65],[11.55,51.85],[11.8,51.98],[11.55,52.18],[11.73,53.06]]]},"properties":{"NAME":"Kingdom of Germany","C":11,"name":"Kingdom of Germany","start_year":926,"end_year":935,"capital":"","type":"polity","region":"","event":"","source":"Cliopatria / Seshat Global History Databank (CC BY 4.0)","wikipedia":"Kingdom of Germany","wikidata":"Q175211","_a":100,"_c":[9.33,50.12],"_nz":"德意志王国","_sz":""}},
{"type":"Feature","geometry":{"type":"MultiPolygon","coordinates":[[[[-8.12,52.12],[-8.71,52.05],[-8.58,51.71],[-8.08,51.78],[-8.02,51.98],[-8.12,52.12]]],[[[-7.53,52.12],[-7.02,52.12],[-7.4,52.45],[-7.65,52.38],[-7.53,52.12]]],[[[-6.31,52.59],[-6.56,52.59],[-6.79,52.38],[-6.77,52.18],[-6.43,52.18],[-6.28,52.38],[-6.31,52.59]]],[[[-8.57,52.86],[-8.91,52.86],[-8.95,52.52],[-8.68,52.45],[-8.44,52.52],[-8.38,52.72],[-8.57,52.86]]],[[[-6.31,52.59],[-6.15,52.65],[-6.18,52.92],[-6.43,52.86],[-6.31,52.59]]],[[[-6.15,53.33],[-6.09,53.53],[-6.19,53.66],[-6.61,53.6],[-6.84,53.39],[-6.81,53.12],[-6.47,53.19],[-6.09,52.92],[-6.15,53.33]]],[[[-5.81,57.28],[-6.09,57.35],[-6.22,57.7],[-6.47,57.56],[-6.74,57.56],[-6.41,57.14],[-6.06,57.14],[-6.04,57.01],[-5.78,57.08],[-5.81,57.28]]],[[[-7.11,57.63],[-7.56,57.7],[-7.44,57.49],[-7.11,57.63]]],[[[-6.39,58.18],[-6.21,58.18],[-6.26,58.53],[-6.79,58.46],[-6.85,58.32],[-7.28,58.18],[-7.07,57.97],[-7.13,57.77],[-6.52,57.9],[-6.39,58.18]]],[[[-6.77,62.33],[-6.96,62.4],[-7.32,62.33],[-7.28,62.05],[-6.69,61.9],[-6.66,62.26],[-6.77,62.33]]],[[[-20.4,64.57],[-20.76,64.49],[-20.91,64.64],[-21.74,64.86],[-21.91,65.08],[-23.09,65.15],[-23.06,65.08],[-24.16,64.93],[-23.98,64.71],[-22.58,64.79],[-22.5,64.57],[-22.1,64.49],[-22.02,64.28],[-22.33,64.06],[-22.9,64.06],[-22.8,63.77],[-21.15,63.91],[-20.53,63.77],[-20.37,63.55],[-18.73,63.41],[-18.98,63.62],[-19.04,63.84],[-19.39,64.06],[-20.36,64.42],[-20.4,64.57]]],[[[-1.17,49.45],[-1.36,49.78],[-2.03,49.78],[-1.91,49.38],[-1.65,49.25],[-1.72,49.05],[-1.6,48.65],[-2.52,48.72],[-2.76,48.59],[-3.12,48.92],[-3.46,48.92],[-3.85,48.72],[-4.6,48.72],[-4.91,48.52],[-4.89,48.32],[-4.64,48.32],[-4.69,47.99],[-4.42,47.8],[-3.93,47.86],[-3.76,47.73],[-3.34,47.73],[-3.16,47.47],[-2.58,47.47],[-2.16,47.4],[-1.85,47.6],[-1.19,47.66],[-1.04,47.86],[-1,48.39],[-1.08,48.39],[-1.04,48.92],[-1.21,48.99],[-1.25,49.38],[-1.17,49.45]]],[[[14.86,54.14],[14.51,54],[14.41,53.66],[14.75,53.6],[15.02,53.73],[14.86,54.14]]],[[[13.56,54.03],[13.3,54.21],[13.04,54.07],[13.04,53.8],[13.27,53.73],[13.3,54],[13.56,54.03]]],[[[18.69,54.41],[18.67,54.14],[19.09,54],[19.36,54.07],[19.37,54.27],[19.21,54.41],[18.69,54.41]]],[[[12.17,53.94],[12.61,53.94],[12.78,54.14],[12.7,54.41],[12.44,54.48],[12.09,54.34],[12,54.14],[12.17,53.94]]],[[[-4.8,54.27],[-4.86,54.07],[-4.36,54.21],[-4.38,54.41],[-4.8,54.27]]],[[[13.66,54.48],[13.66,54.61],[13.41,54.75],[13.23,54.55],[13.48,54.34],[13.66,54.48]]],[[[-5.57,55.57],[-5.38,55.43],[-5.12,55.43],[-5.16,55.77],[-5.44,55.84],[-5.78,55.77],[-5.92,55.5],[-5.89,55.29],[-5.55,55.36],[-5.57,55.57]]],[[[-5.74,56.18],[-6.07,55.98],[-6.51,55.98],[-6.63,55.63],[-5.87,55.84],[-5.72,55.98],[-5.74,56.18]]],[[[-4.93,56.05],[-5.3,56.11],[-5.36,55.91],[-5,55.84],[-4.93,55.98],[-4.93,56.05]]],[[[-5.88,56.52],[-6.23,56.52],[-6.29,56.32],[-5.68,56.39],[-5.88,56.52]]]]},"properties":{"NAME":"Viking settlements","C":4,"name":"Viking settlements","start_year":926,"end_year":935,"capital":"","type":"polity","region":"","event":"","source":"Cliopatria / Seshat Global History Databank (CC BY 4.0)","wikipedia":"Vikings","wikidata":"Q12567","_a":774,"_c":[-2.35,56.28],"_nz":"维京定居点","_sz":""}},
{"type":"Feature","geometry":{"type":"Polygon","coordinates":[[[34.12,47.53],[33.63,47.6],[30.67,47.66],[29.32,47.4],[29.12,47.14],[28.96,47.14],[28.92,46.81],[28.76,46.81],[28.81,46.55],[28.71,46.35],[28.66,45.89],[28.47,45.63],[27.52,45.17],[26.79,45.17],[26.7,45.04],[26.38,45.1],[26.2,44.97],[25.55,44.97],[25.14,44.84],[24.98,44.91],[24.73,44.78],[24.41,44.91],[23.52,44.91],[23.5,44.65],[22.94,44.78],[22.88,45.04],[22.64,45.04],[22.54,44.84],[22.3,44.84],[22.12,44.58],[21.87,44.58],[21.4,44.78],[21.43,45.17],[21.03,45.37],[20.45,45.24],[20.21,45.24],[20.06,45.37],[19.89,45.24],[19.24,45.24],[18.97,44.84],[18.58,45.1],[17.85,45.1],[16.94,44.84],[16.44,44.39],[16.51,43.93],[16.74,43.73],[16.82,43.73],[17.29,43.34],[17.52,42.95],[18.15,42.82],[18.14,42.63],[18.62,42.43],[18.7,42.56],[19.02,42.5],[19.49,42.24],[19.71,41.91],[19.86,41.72],[19.77,41.46],[19.92,41.33],[19.81,40.81],[19.33,40.74],[19.49,40.61],[19.47,40.29],[19.63,40.29],[20.01,39.97],[19.92,39.77],[19.99,39.64],[20.4,39.84],[20.56,39.84],[21.13,40.23],[22.17,40.48],[22.51,40.81],[23,41],[23.47,41],[24.21,41.26],[24.52,41.26],[24.78,41.46],[24.81,41.85],[25.21,41.91],[25.22,42.04],[25.71,42.11],[25.93,41.91],[26.57,41.91],[27.06,42.11],[27.38,42.11],[27.45,41.98],[27.93,41.98],[27.94,42.04],[27.49,42.43],[27.51,42.63],[27.85,42.76],[27.8,43.15],[27.9,43.28],[28.23,43.34],[28.48,43.47],[28.62,43.99],[28.58,44.39],[28.84,44.58],[28.8,44.97],[29.05,44.97],[29.02,44.78],[29.53,44.91],[29.67,45.43],[29.61,45.69],[29.86,45.69],[30.04,45.89],[30.3,45.96],[30.88,46.68],[31.61,46.61],[31.79,46.74],[32.03,46.74],[32.17,46.55],[32.92,46.61],[33.69,46.87],[34.08,47.27],[34.12,47.53]]]},"properties":{"NAME":"First Bulgarian Empire","C":5,"name":"First Bulgarian Empire","start_year":926,"end_year":935,"capital":"","type":"polity","region":"","event":"","source":"Cliopatria / Seshat Global History Databank (CC BY 4.0)","wikipedia":"First Bulgarian Empire","wikidata":"Q203817","_a":142,"_c":[25.28,43.65],"_nz":"保加利亚第一帝国","_sz":""}}
]}