{"type":"FeatureCollection","features":[{"type":"Feature","properties":{"NAME":"Alodia","C":4,"name":"Alodia","start_year":602,"end_year":1501,"capital":"","type":"polity","region":"","event":"","source":"Cliopatria / Seshat Global History Databank (CC BY 4.0)","wikipedia":"Alodia","wikidata":"Q449639","_a":15,"_c":[33.57,16.74],"_nz":"阿洛迪亚","_sz":""},"geometry":{"type":"Polygon","coordinates":[[[35.37,17.96],[35.5,17.64],[36,17.32],[36.05,16.81],[35.67,16.49],[34.71,16.49],[34.56,16.23],[34.68,15.78],[34.1,15.84],[33.86,15.46],[32.53,15.2],[32.53,15.33],[31.8,15.52],[31.53,15.97],[31.54,16.23],[31.39,16.36],[31.48,16.61],[31.21,17.32],[31.09,18.22],[31.1,18.29],[31.54,18.16],[33.24,18.29],[34.12,18.03],[34.48,18.03],[34.63,17.9],[35.29,17.96],[35.37,17.96]]]}},{"type":"Feature","properties":{"NAME":"Kathmandu","C":5,"name":"Kathmandu","start_year":1202,"end_year":1743,"capital":"","type":"polity","region":"","event":"","source":"Cliopatria / Seshat Global History Databank (CC BY 4.0)","wikipedia":"Kathmandu","wikidata":"Q3037","_a":0,"_c":[85.4,27.77],"_nz":"加德满都","_sz":""},"geometry":{"type":"Polygon","coordinates":[[[85.56,27.8],[85.36,27.93],[85.24,27.67],[85.45,27.61],[85.55,27.74],[85.56,27.8]]]}},{"type":"Feature","properties":{"NAME":"Rasulid Dynasty","C":6,"name":"Rasulid Dynasty","start_year":1236,"end_year":1452,"capital":"","type":"polity","region":"","event":"","source":"Cliopatria / Seshat Global History Databank (CC BY 4.0)","wikipedia":"Rasulid dynasty","wikidata":"Q2132267","_a":67,"_c":[47.3,15.94],"_nz":"拉苏里王朝","_sz":""},"geometry":{"type":"Polygon","coordinates":[[[45.92,17.84],[46.47,17.26],[46.62,17.26],[46.82,16.87],[46.97,16.94],[46.96,16.74],[47.24,16.55],[47.37,16.29],[50.12,16.61],[50.48,16.55],[51.67,16.68],[52.38,16.29],[52.26,15.59],[51.5,15.2],[50.76,15.07],[50.23,14.81],[49.41,14.69],[48.79,14.04],[47.75,13.91],[47.67,13.72],[46.84,13.4],[45.74,13.34],[45.05,12.76],[44.61,12.76],[44.39,12.63],[43.44,12.69],[43.45,12.89],[43.24,13.08],[43.26,13.72],[43.06,13.98],[42.95,14.88],[42.89,15.07],[42.75,15.14],[42.71,15.84],[42.78,15.84],[42.82,16.61],[42.48,17],[42.48,17.13],[42.34,17.13],[42.35,17.32],[42.21,17.45],[42.21,17.51],[42.66,17.71],[43.21,18.16],[43.51,18.22],[44.36,18.93],[44.53,19.25],[44.6,19.25],[45.85,17.84],[45.92,17.84]]]}},{"type":"Feature","properties":{"NAME":"Mali Empire","C":11,"name":"Mali Empire","start_year":1241,"end_year":1414,"capital":"","type":"polity","region":"","event":"","source":"Cliopatria / Seshat Global History Databank (CC BY 4.0)","wikipedia":"Mali Empire","wikidata":"Q184536","_a":164,"_c":[-7.86,13.76],"_nz":"马里帝国","_sz":""},"geometry":{"type":"MultiPolygon","coordinates":[[[[-9.97,10.44],[-10.04,10.44],[-10.04,10.51],[-9.97,10.51],[-9.97,10.44]]],[[[-6.33,12.11],[-6.33,12.18],[-6.25,12.18],[-6.25,12.11],[-6.33,12.11]]],[[[1.57,15.52],[1.72,15.33],[1.65,14.62],[1.21,14.43],[0.26,14.43],[0.18,14.62],[-0.04,14.69],[-0.12,14.94],[-0.41,15.01],[-0.34,15.33],[-0.49,15.33],[-0.71,15.65],[-1.6,16.04],[-2.48,16.04],[-2.99,15.91],[-2.92,15.78],[-3.29,15.71],[-3.28,15.59],[-3.65,15.26],[-3.86,14.81],[-3.86,14.49],[-4.15,14.17],[-4.07,14.04],[-4.29,13.98],[-4.36,13.72],[-4.58,13.66],[-5.38,12.95],[-5.53,12.95],[-5.53,12.82],[-5.67,12.82],[-5.67,12.69],[-6.04,12.44],[-5.96,12.31],[-6.33,12.24],[-6.69,11.92],[-6.97,10.76],[-7.26,10.31],[-7.19,10.19],[-7.33,10.19],[-7.62,9.8],[-8.06,9.67],[-8.06,9.54],[-8.21,9.61],[-8.43,9.48],[-8.72,9.48],[-9.31,9.74],[-9.82,10.19],[-10.2,11.21],[-10.34,11.15],[-10.42,11.47],[-10.64,11.66],[-11.01,11.66],[-11.16,11.99],[-12.33,12.24],[-13,12.5],[-13.07,12.63],[-13.51,12.63],[-13.44,12.76],[-14.99,13.01],[-15.28,12.95],[-15.28,13.14],[-16.82,13.08],[-16.83,13.4],[-16.54,13.46],[-16.54,13.66],[-16.62,13.79],[-16.77,13.79],[-16.77,14.04],[-17.01,14.49],[-17.23,14.69],[-17.45,14.69],[-17.39,14.88],[-17.02,15.01],[-17.03,15.14],[-16.81,15.26],[-16.6,15.65],[-16.49,16.55],[-16.28,16.94],[-15.76,16.87],[-13.78,17],[-13.71,17.13],[-13.34,17.06],[-12.97,17.19],[-11.64,17.19],[-11.35,17.32],[-10.98,17.26],[-10.99,17.39],[-10.47,17.32],[-9.66,17.39],[-9.37,17.51],[-8.92,17.45],[-7.3,17.64],[-4.86,17.45],[-3.32,17.77],[-0.44,18.03],[0.44,17.84],[0.96,17.45],[1.26,16.94],[1.27,16.87],[1.57,15.52]]]]}},{"type":"Feature","properties":{"NAME":"Kingdom of Portugal","C":10,"name":"Kingdom of Portugal","start_year":1250,"end_year":1414,"capital":"","type":"polity","region":"","event":"","source":"Cliopatria / Seshat Global History Databank (CC BY 4.0)","wikipedia":"Kingdom of Portugal","wikidata":"Q45670","_a":17,"_c":[-7.91,39.56],"_nz":"葡萄牙王国","_sz":""},"geometry":{"type":"Polygon","coordinates":[[[-6.35,41.65],[-6.7,41.98],[-8.12,41.78],[-8.22,41.98],[-8.14,41.98],[-8.15,42.11],[-8.47,42.11],[-8.93,41.91],[-8.92,41.85],[-8.73,40.74],[-8.87,40.61],[-8.85,40.36],[-8.93,40.36],[-9.03,39.77],[-9.1,39.77],[-9.16,39.51],[-9.39,39.45],[-9.43,39.06],[-9.57,38.93],[-9.55,38.74],[-9.38,38.61],[-9.23,38.67],[-9.21,38.42],[-8.82,38.48],[-8.82,37.58],[-8.9,37.58],[-9,37],[-8.7,37.13],[-7.68,37],[-7.45,37.13],[-7.47,37.25],[-7.39,37.25],[-7.5,37.71],[-7.28,37.84],[-7.14,38.09],[-6.99,38.09],[-7,38.22],[-7.24,38.35],[-7.27,38.67],[-7.12,38.74],[-6.99,39],[-7.26,39.38],[-7.42,39.45],[-7.44,39.64],[-6.9,39.77],[-6.84,40.03],[-7,40.1],[-7.01,40.23],[-6.87,40.36],[-6.93,41],[-6.25,41.46],[-6.27,41.65],[-6.35,41.65]]]}},{"type":"Feature","properties":{"NAME":"Mahdids","C":4,"name":"Mahdids","start_year":1260,"end_year":1474,"capital":"","type":"polity","region":"","event":"","source":"Cliopatria / Seshat Global History Databank (CC BY 4.0)","wikipedia":"Mahdids","wikidata":"Q1884830","_a":22,"_c":[57.72,23.82],"_nz":"马赫迪王朝","_sz":""},"geometry":{"type":"Polygon","coordinates":[[[56.73,24.46],[57.06,24.07],[57.49,23.88],[58.81,23.62],[59.08,23.3],[59.07,23.17],[59.28,23.04],[59.27,22.91],[59.54,22.66],[59.9,22.53],[59.86,22.08],[59.44,21.44],[59.2,21.31],[59.21,21.44],[58.86,21.69],[58.88,21.82],[58.24,22.27],[57.48,22.08],[57.19,22.14],[56.99,22.34],[56.83,22.27],[56.85,22.46],[56.63,22.53],[56.44,22.91],[56.23,23.04],[56.17,23.3],[55.89,23.43],[55.71,23.94],[55.56,23.94],[55.65,24.14],[55.58,24.14],[55.54,24.52],[55.54,24.59],[56.02,24.84],[56.05,25.23],[55.81,25.74],[55.81,25.81],[55.97,25.87],[56.17,26.32],[56.54,26.32],[56.4,25.68],[56.42,25.16],[56.5,25.16],[56.4,24.97],[56.54,24.91],[56.73,24.52],[56.73,24.46]]]}},{"type":"Feature","properties":{"NAME":"Later Mayan City-States","C":2,"name":"Later Mayan City-States","start_year":1260,"end_year":1428,"capital":"","type":"polity","region":"","event":"","source":"Cliopatria / Seshat Global History Databank (CC BY 4.0)","wikipedia":"Maya civilization","wikidata":"Q28567","_a":18,"_c":[-88.95,19.57],"_nz":"后期玛雅城邦","_sz":""},"geometry":{"type":"Polygon","coordinates":[[[-86.72,20.92],[-86.75,21.5],[-86.92,21.63],[-87.22,21.63],[-87.34,21.5],[-88.48,21.63],[-89.18,21.37],[-89.98,21.31],[-90.17,21.11],[-90.32,21.11],[-90.42,20.41],[-90.49,20.41],[-90.43,20.02],[-90.74,19.7],[-90.81,19.25],[-91.16,19.12],[-91.2,18.93],[-91.07,18.99],[-90.39,18.48],[-90.37,18.35],[-89.71,17.9],[-89.76,17.77],[-89.32,17.77],[-88.61,17.51],[-88.17,17.51],[-88.1,18.03],[-88.03,18.03],[-88.08,18.35],[-88.23,18.35],[-88.25,18.48],[-87.99,18.74],[-87.96,18.54],[-88.04,18.54],[-87.91,18.22],[-87.7,18.29],[-87.73,18.48],[-87.45,19.06],[-87.49,19.31],[-87.37,19.44],[-87.39,19.57],[-87.55,19.64],[-87.29,19.89],[-87.35,20.21],[-86.71,20.86],[-86.72,20.92]]]}},{"type":"Feature","properties":{"NAME":"Bahrani Dynasty","C":3,"name":"Bahrani Dynasty","start_year":1260,"end_year":1439,"capital":"","type":"polity","region":"","event":"","source":"Cliopatria / Seshat Global History Databank (CC BY 4.0)","wikipedia":"Al-Ahsa Oasis","wikidata":"Q311341","_a":54,"_c":[51.75,26.84],"_nz":"巴林王朝","_sz":""},"geometry":{"type":"MultiPolygon","coordinates":[[[[55.46,24.52],[55.46,24.46],[54.81,23.94],[53.97,23.69],[51.88,23.69],[51.82,23.88],[51.17,24.07],[51.18,24.2],[50.48,24.78],[50.03,25.68],[49.67,25.87],[49.88,26.45],[49.25,26.97],[49.27,27.09],[49.06,27.29],[48.55,27.48],[48.53,27.99],[48.47,28.12],[48.25,28.19],[48.21,28.51],[48.06,28.51],[48.14,28.64],[47.87,28.89],[47.9,29.15],[47.89,29.09],[47.82,29.09],[47.82,29.12],[47.74,29.09],[47.45,29.22],[47.46,29.28],[47.57,29.6],[48.07,29.99],[48.06,29.92],[48.37,29.92],[48.4,29.6],[47.87,29.54],[47.85,29.41],[48.08,29.41],[48.22,29.28],[48.19,29.09],[48.46,28.77],[48.45,28.7],[48.44,28.57],[48.58,28.51],[48.56,28.32],[48.97,27.93],[48.87,27.67],[49.24,27.61],[49.36,27.29],[50.13,26.77],[50.12,26.58],[50.25,26.45],[50.22,26.13],[50.07,26.07],[50.21,26],[50.33,25.62],[50.61,25.42],[50.65,25.1],[50.73,25.1],[50.77,25.55],[50.92,25.62],[50.95,25.94],[51.12,26.13],[51.42,26.13],[51.7,25.87],[51.57,25.36],[51.72,25.29],[51.69,24.97],[51.52,24.78],[51.41,24.33],[51.85,24.26],[51.91,24.01],[52.28,24.01],[52.6,24.26],[53.11,24.14],[54.08,24.14],[54.1,24.33],[54.32,24.26],[54.56,24.46],[54.74,24.84],[55.14,25.1],[55.41,25.55],[55.73,25.74],[55.81,25.74],[56.05,25.23],[56.02,24.84],[55.54,24.59],[55.54,24.52],[55.46,24.52]]],[[[50.65,25.87],[50.43,25.94],[50.46,26.26],[50.69,26.26],[50.67,26.13],[50.67,26.07],[50.65,25.87]]]]}},{"type":"Feature","properties":{"NAME":"Duchy of Styria","C":6,"name":"Duchy of Styria","start_year":1272,"end_year":1421,"capital":"","type":"polity","region":"","event":"","source":"Cliopatria / Seshat Global History Databank (CC BY 4.0)","wikipedia":"Duchy of Styria","wikidata":"Q580447","_a":0,"_c":[13.44,46.06],"_nz":"施蒂里亚公国","_sz":""},"geometry":{"type":"Polygon","coordinates":[[[13.56,46.02],[13.48,46.15],[13.31,46.15],[13.31,45.96],[13.47,46.02],[13.56,46.02]]]}},{"type":"Feature","properties":{"NAME":"Principality of Orange","C":7,"name":"Principality of Orange","start_year":1272,"end_year":1458,"capital":"","type":"polity","region":"","event":"","source":"Cliopatria / Seshat Global History Databank (CC BY 4.0)","wikipedia":"Principality of Orange","wikidata":"Q2281221","_a":0,"_c":[4.92,44.19],"_nz":"奥兰治公国","_sz":""},"geometry":{"type":"Polygon","coordinates":[[[4.88,44.25],[4.8,44.12],[5.04,44.19],[4.96,44.25],[4.88,44.25]]]}},{"type":"Feature","properties":{"NAME":"Republic of Florence","C":5,"name":"Republic of Florence","start_year":1279,"end_year":1401,"capital":"","type":"polity","region":"","event":"","source":"Cliopatria / Seshat Global History Databank (CC BY 4.0)","wikipedia":"Republic of Florence","wikidata":"Q148540","_a":2,"_c":[11.43,43.77],"_nz":"佛罗伦萨共和国","_sz":""},"geometry":{"type":"Polygon","coordinates":[[[10.86,43.41],[11.26,43.47],[11.58,43.34],[11.66,43.15],[11.9,43.15],[11.82,43.34],[12.14,43.41],[12.23,43.6],[11.74,43.8],[11.75,44.12],[11.51,44.39],[11.18,44.32],[10.86,44.25],[10.7,43.8],[10.62,43.34],[10.78,43.21],[10.86,43.41]]]}},{"type":"Feature","properties":{"NAME":"Pskov Republic","C":9,"name":"Pskov Republic","start_year":1285,"end_year":1421,"capital":"","type":"polity","region":"","event":"","source":"Cliopatria / Seshat Global History Databank (CC BY 4.0)","wikipedia":"Pskov Republic","wikidata":"Q317078","_a":6,"_c":[28.53,58.08],"_nz":"普斯科夫共和国","_sz":""},"geometry":{"type":"Polygon","coordinates":[[[29.38,57.77],[28.98,58.04],[29.04,58.39],[28.89,58.53],[28.91,58.67],[28.82,58.67],[28.85,58.81],[28.76,58.81],[28.78,58.95],[28.43,59.02],[28.04,59.36],[28.03,59.29],[27.73,59.16],[27.71,59.02],[27.8,59.02],[27.72,58.53],[27.45,58.53],[27.41,58.25],[27.56,58.11],[27.94,58.25],[27.98,57.9],[27.72,57.97],[27.3,57.56],[27.72,57.42],[27.56,56.94],[27.8,56.8],[27.89,56.8],[28.38,57.08],[29.58,56.87],[29.76,57.35],[29.37,57.7],[29.38,57.77]]]}},{"type":"Feature","properties":{"NAME":"Kingdom of Naples","C":9,"name":"Kingdom of Naples","start_year":1285,"end_year":1449,"capital":"","type":"polity","region":"","event":"","source":"Cliopatria / Seshat Global History Databank (CC BY 4.0)","wikipedia":"Kingdom of Naples","wikidata":"Q173065","_a":28,"_c":[15.65,40.46],"_nz":"那不勒斯王国","_sz":""},"geometry":{"type":"Polygon","coordinates":[[[15.72,41.91],[16.12,41.91],[16.11,41.78],[15.87,41.72],[15.94,41.39],[17.2,41],[17.51,40.74],[17.98,40.61],[18.44,40.16],[18.35,39.9],[18.11,39.9],[17.81,40.36],[17.42,40.36],[17.35,40.55],[17.03,40.55],[16.87,40.48],[16.95,40.42],[16.86,40.29],[16.62,40.29],[16.7,40.1],[16.46,39.97],[16.45,39.64],[16.92,39.51],[17.07,39.38],[17.14,39.06],[16.5,38.8],[16.49,38.42],[15.93,37.96],[15.7,37.96],[15.63,38.29],[15.94,38.35],[15.95,38.67],[16.27,38.74],[16.27,38.93],[16.12,39.06],[15.9,39.77],[15.67,39.9],[15.75,40.03],[15.43,40.03],[15.2,40.23],[15.04,40.23],[14.89,40.68],[14.42,40.68],[14.42,40.87],[14.1,40.87],[13.95,41.13],[13.79,41.13],[13.79,41.2],[14.04,41.52],[13.96,41.72],[13.8,41.85],[13.41,41.85],[13.33,41.98],[13.01,42.04],[12.86,42.5],[13.1,42.69],[13.34,42.69],[13.58,42.89],[13.91,42.95],[13.99,42.95],[13.9,42.76],[14.37,42.24],[14.53,42.24],[14.61,42.11],[14.77,42.17],[14.77,42.04],[14.92,41.98],[15.17,42.04],[15.24,41.91],[15.64,41.91],[15.72,41.91]]]}},{"type":"Feature","properties":{"NAME":"Cuzco","C":0,"name":"Cuzco","start_year":1294,"end_year":1401,"capital":"","type":"polity","region":"","event":"","source":"Cliopatria / Seshat Global History Databank (CC BY 4.0)","wikipedia":"Cusco","wikidata":"Q5582862","_a":1,"_c":[-72.5,-13.53],"_nz":"库斯科","_sz":""},"geometry":{"type":"Polygon","coordinates":[[[-72.56,-14.05],[-72.12,-14.05],[-71.96,-13.92],[-71.93,-13.66],[-72.46,-13.09],[-72.97,-13.02],[-73.07,-13.34],[-72.81,-13.6],[-72.89,-13.73],[-72.68,-13.79],[-72.55,-13.99],[-72.56,-14.05]]]}},{"type":"Feature","properties":{"NAME":"Makuria","C":8,"name":"Makuria","start_year":1294,"end_year":1406,"capital":"","type":"polity","region":"","event":"","source":"Cliopatria / Seshat Global History Databank (CC BY 4.0)","wikipedia":"Makuria","wikidata":"Q829356","_a":28,"_c":[32.92,20.85],"_nz":"马库里亚","_sz":""},"geometry":{"type":"Polygon","coordinates":[[[33.84,22.14],[33.88,23.17],[33.81,23.17],[33.82,23.49],[33.68,23.62],[33.68,23.69],[33.39,23.81],[32.04,23.69],[31.67,23.75],[30.54,23.36],[30.53,23.3],[30.74,22.85],[30.72,22.27],[30.56,21.95],[30.64,21.95],[30.69,21.31],[30.76,21.31],[30.74,20.79],[30.82,20.79],[30.91,19.31],[30.99,19.31],[31.1,18.35],[31.1,18.29],[31.54,18.16],[33.24,18.29],[34.12,18.03],[34.48,18.03],[34.63,17.9],[35.29,17.96],[35.3,18.03],[35.16,18.22],[34.94,18.29],[34.88,18.61],[34.6,18.93],[34.47,19.38],[34.26,19.64],[33.82,21.63],[33.75,21.63],[33.84,22.01],[33.76,22.08],[33.84,22.08],[33.84,22.14]]]}},{"type":"Feature","properties":{"NAME":"Sunda Kingdom","C":0,"name":"Sunda Kingdom","start_year":1294,"end_year":1474,"capital":"","type":"polity","region":"","event":"","source":"Cliopatria / Seshat Global History Databank (CC BY 4.0)","wikipedia":"Sunda Kingdom","wikidata":"Q1469742","_a":10,"_c":[107.69,-6.91],"_nz":"巽他王国","_sz":""},"geometry":{"type":"Polygon","coordinates":[[[108.11,-6.27],[108.34,-6.34],[108.58,-6.79],[109.17,-6.85],[109.24,-6.85],[109.25,-7.04],[109.4,-7.11],[109.49,-7.36],[110.01,-7.56],[109.89,-7.94],[109.82,-7.94],[108.78,-7.69],[108.14,-7.88],[107.16,-7.49],[106.43,-7.49],[106.28,-7.43],[106.33,-7.04],[105.89,-6.85],[105.37,-6.85],[105.43,-6.53],[105.65,-6.46],[105.7,-6.08],[105.91,-5.89],[106.49,-5.95],[106.65,-6.08],[107,-5.89],[107.37,-6.01],[107.53,-6.21],[108.04,-6.27],[108.11,-6.27]]]}},{"type":"Feature","properties":{"NAME":"Michoacán","C":1,"name":"Michoacán","start_year":1305,"end_year":1428,"capital":"","type":"polity","region":"","event":"","source":"Cliopatria / Seshat Global History Databank (CC BY 4.0)","wikipedia":"Michoacán","wikidata":"Q79861","_a":1,"_c":[-100.91,18.6],"_nz":"米却肯","_sz":""},"geometry":{"type":"Polygon","coordinates":[[[-101.36,18.67],[-101.4,18.48],[-101.18,18.48],[-100.99,18.22],[-100.42,18.35],[-100.49,18.74],[-100.81,18.86],[-100.83,18.99],[-101.13,18.99],[-101.1,18.86],[-101.37,18.74],[-101.36,18.67]]]}},{"type":"Feature","properties":{"NAME":"Beylik of Menteshe","C":6,"name":"Beylik of Menteshe","start_year":1305,"end_year":1406,"capital":"","type":"polity","region":"","event":"","source":"Cliopatria / Seshat Global History Databank (CC BY 4.0)","wikipedia":"Menteshe","wikidata":"Q1400572","_a":1,"_c":[28.08,37.19],"_nz":"门泰谢贝伊国","_sz":""},"geometry":{"type":"Polygon","coordinates":[[[28.43,36.87],[28.36,36.87],[28.19,36.67],[28.03,36.67],[28.14,37.06],[27.6,37.13],[27.61,37.32],[27.53,37.32],[27.54,37.38],[27.71,37.58],[27.95,37.64],[28.03,37.64],[28.27,37.71],[28.4,37.45],[28.63,37.38],[28.43,36.87]]]}},{"type":"Feature","properties":{"NAME":"County of Brabant","C":3,"name":"County of Brabant","start_year":1305,"end_year":1401,"capital":"","type":"polity","region":"","event":"","source":"Cliopatria / Seshat Global History Databank (CC BY 4.0)","wikipedia":"Landgraviate of Brabant","wikidata":"Q751868","_a":3,"_c":[5.05,51.12],"_nz":"布拉班特伯国","_sz":""},"geometry":{"type":"MultiPolygon","coordinates":[[[[5.98,50.45],[5.9,50.38],[5.73,50.58],[5.71,51.05],[5.97,50.98],[6.07,50.45],[5.98,50.45]]],[[[4.03,50.78],[4.11,51.05],[4.27,51.18],[4.26,51.31],[4.09,51.45],[4.08,51.51],[4.24,51.71],[4.67,51.78],[4.75,51.78],[4.84,51.78],[4.83,51.85],[4.92,51.85],[5,51.85],[5.09,51.85],[5.17,51.85],[5.26,51.71],[5.61,51.65],[5.78,51.51],[5.78,51.38],[5.28,51.18],[5.22,50.71],[5.05,50.71],[4.64,50.45],[4.3,50.51],[4.21,50.71],[4.03,50.78]]]]}},{"type":"Feature","properties":{"NAME":"Chüzan","C":8,"name":"Chüzan","start_year":1314,"end_year":1401,"capital":"","type":"polity","region":"","event":"","source":"Cliopatria / Seshat Global History Databank (CC BY 4.0)","wikipedia":"Chūzan","wikidata":"Q55521","_a":0,"_c":[127.75,26.36],"_nz":"中山","_sz":""},"geometry":{"type":"Polygon","coordinates":[[[127.7,26.19],[127.85,26.19],[127.87,26.52],[127.68,26.39],[127.63,26.19],[127.7,26.19]]]}},{"type":"Feature","properties":{"NAME":"Hokuzan","C":10,"name":"Hokuzan","start_year":1314,"end_year":1414,"capital":"","type":"polity","region":"","event":"","source":"Cliopatria / Seshat Global History Databank (CC BY 4.0)","wikipedia":"Hokuzan","wikidata":"Q55523","_a":0,"_c":[128.14,26.62],"_nz":"北山","_sz":""},"geometry":{"type":"Polygon","coordinates":[[[127.91,26.39],[128.27,26.58],[128.42,26.84],[127.93,26.71],[127.85,26.45],[127.93,26.45],[127.91,26.39]]]}},{"type":"Feature","properties":{"NAME":"Papal States","C":4,"name":"Papal States","start_year":1314,"end_year":1462,"capital":"","type":"polity","region":"","event":"","source":"Cliopatria / Seshat Global History Databank (CC BY 4.0)","wikipedia":"Papal States","wikidata":"Q170174","_a":11,"_c":[12.61,43.06],"_nz":"教皇国","_sz":""},"geometry":{"type":"MultiPolygon","coordinates":[[[[11.57,42.37],[11.57,42.3],[11.49,42.3],[11.49,42.37],[11.57,42.37]]],[[[13.75,43.28],[13.75,43.21],[13.75,43.15],[13.75,43.08],[13.83,43.08],[13.83,43.02],[13.91,43.02],[13.91,42.95],[13.58,42.89],[13.34,42.69],[13.1,42.69],[12.86,42.5],[13.01,42.04],[13.33,41.98],[13.41,41.85],[13.8,41.85],[13.96,41.72],[14.04,41.52],[13.79,41.2],[13.71,41.2],[13.4,41.33],[13,41.33],[12.92,41.46],[12.6,41.52],[12.13,41.91],[12.13,42.04],[11.73,42.17],[11.65,42.37],[11.57,42.37],[11.74,42.63],[12.06,42.76],[11.98,43.15],[11.9,43.15],[11.82,43.34],[12.14,43.41],[12.23,43.6],[11.74,43.8],[11.75,44.12],[11.51,44.39],[11.18,44.32],[11.35,44.91],[11.75,44.84],[11.99,44.65],[12.16,44.71],[12.16,44.65],[12.31,44.19],[12.87,43.8],[13.04,43.86],[13.03,43.73],[13.36,43.67],[13.67,43.41],[13.67,43.28],[13.75,43.28]]]]}},{"type":"Feature","properties":{"NAME":"Kingdom of Scotland","C":4,"name":"Kingdom of Scotland","start_year":1314,"end_year":1474,"capital":"","type":"polity","region":"","event":"","source":"Cliopatria / Seshat Global History Databank (CC BY 4.0)","wikipedia":"Kingdom of Scotland","wikidata":"Q230791","_a":27,"_c":[-4.71,56.41],"_nz":"苏格兰王国","_sz":""},"geometry":{"type":"MultiPolygon","coordinates":[[[[-4.38,54.41],[-4.36,54.21],[-4.86,54.07],[-4.8,54.27],[-4.81,54.34],[-4.38,54.41]]],[[[-1.85,57.7],[-1.82,57.42],[-2.08,57.28],[-2.21,56.87],[-2.53,56.59],[-2.79,56.52],[-2.67,56.25],[-3.27,56.11],[-3,56.05],[-2.66,56.11],[-2.19,55.91],[-2.11,55.91],[-2.27,55.77],[-2.24,55.5],[-2.56,55.23],[-2.73,55.23],[-2.81,55.09],[-3.14,54.95],[-3.4,54.95],[-3.49,54.95],[-3.74,54.82],[-4.42,54.75],[-4.95,54.82],[-4.94,54.68],[-5.11,54.68],[-5.33,55.02],[-5.15,55.02],[-5.17,55.16],[-4.77,55.43],[-4.79,55.63],[-4.98,55.7],[-5,55.84],[-5.44,55.91],[-5.43,55.77],[-5.16,55.77],[-5.12,55.43],[-5.38,55.43],[-5.57,55.57],[-5.63,55.29],[-5.89,55.29],[-5.92,55.5],[-5.69,55.77],[-5.8,55.98],[-5.89,55.98],[-5.95,55.77],[-6.13,55.77],[-6.19,55.57],[-6.36,55.57],[-6.38,55.7],[-6.63,55.63],[-6.51,55.98],[-6.07,55.98],[-5.92,56.18],[-5.66,56.18],[-5.68,56.39],[-6.29,56.32],[-6.23,56.52],[-6.34,56.66],[-5.91,56.73],[-5.95,57.01],[-6.06,57.14],[-6.41,57.14],[-6.62,57.35],[-6.8,57.35],[-6.82,57.49],[-6.47,57.56],[-6.5,57.77],[-6.32,57.77],[-6.12,57.56],[-6.09,57.35],[-5.81,57.28],[-5.7,57.14],[-5.73,57.35],[-5.92,57.42],[-5.89,57.83],[-5.73,57.97],[-5.46,57.97],[-5.42,58.32],[-5.24,58.32],[-5.26,58.46],[-5.17,58.46],[-5.2,58.67],[-4.02,58.6],[-3.68,58.74],[-3.14,58.74],[-3.02,58.53],[-3.43,58.18],[-4.12,57.97],[-3.93,57.9],[-3.99,57.7],[-3.73,57.7],[-3.73,57.77],[-1.85,57.7]]],[[[-7.29,57.08],[-7.47,57.08],[-7.6,57.35],[-7.25,57.42],[-7.23,57.28],[-7.32,57.28],[-7.29,57.08]]],[[[-7.56,57.7],[-7.12,57.7],[-7.11,57.63],[-7.44,57.49],[-7.56,57.7]]],[[[-6.26,58.53],[-6.21,58.18],[-6.39,58.18],[-6.52,57.9],[-7.13,57.77],[-7.07,57.97],[-7.28,58.18],[-6.85,58.32],[-6.76,58.32],[-6.79,58.46],[-6.26,58.53]]]]}},{"type":"Feature","properties":{"NAME":"Texcoco","C":11,"name":"Texcoco","start_year":1326,"end_year":1421,"capital":"","type":"polity","region":"","event":"","source":"Cliopatria / Seshat Global History Databank (CC BY 4.0)","wikipedia":"Texcoco","wikidata":"Q1178043","_a":0,"_c":[-98.96,19.16],"_nz":"特斯科科","_sz":""},"geometry":{"type":"Polygon","coordinates":[[[-98.81,18.86],[-98.95,18.8],[-98.98,18.99],[-99.14,19.06],[-99.19,19.31],[-99,19.51],[-98.93,19.51],[-98.74,18.86],[-98.81,18.86]]]}},{"type":"Feature","properties":{"NAME":"Tenochtitlan","C":9,"name":"Tenochtitlan","start_year":1326,"end_year":1421,"capital":"","type":"polity","region":"","event":"","source":"Cliopatria / Seshat Global History Databank (CC BY 4.0)","wikipedia":"Tenochtitlan","wikidata":"Q13695","_a":0,"_c":[-98.66,19.22],"_nz":"特诺奇蒂特兰","_sz":""},"geometry":{"type":"Polygon","coordinates":[[[-98.52,19.31],[-98.72,19.57],[-98.85,19.51],[-98.93,19.51],[-98.74,18.86],[-98.66,18.86],[-98.4,19.06],[-98.45,19.31],[-98.52,19.31]]]}},{"type":"Feature","properties":{"NAME":"Beylik of Saruhan","C":3,"name":"Beylik of Saruhan","start_year":1326,"end_year":1406,"capital":"","type":"polity","region":"","event":"","source":"Cliopatria / Seshat Global History Databank (CC BY 4.0)","wikipedia":"Sarukhanids","wikidata":"Q1968654","_a":2,"_c":[27.51,38.48],"_nz":"萨鲁汉贝伊国","_sz":""},"geometry":{"type":"Polygon","coordinates":[[[27.67,38.09],[28.38,38.09],[28.64,38.48],[28.5,38.67],[28.52,38.93],[26.95,38.93],[26.95,38.87],[26.87,38.87],[26.94,38.8],[26.85,38.61],[27.08,38.55],[27.06,38.35],[26.59,38.35],[26.54,38.61],[26.38,38.67],[26.43,38.22],[26.82,38.22],[26.89,38.09],[27.12,38.03],[27.59,38.09],[27.67,38.09]]]}},{"type":"Feature","properties":{"NAME":"Beylik of Aydin","C":4,"name":"Beylik of Aydin","start_year":1326,"end_year":1414,"capital":"","type":"polity","region":"","event":"","source":"Cliopatria / Seshat Global History Databank (CC BY 4.0)","wikipedia":"Aydinids","wikidata":"Q717112","_a":1,"_c":[27.94,37.71],"_nz":"艾登贝伊国","_sz":""},"geometry":{"type":"Polygon","coordinates":[[[28.03,37.64],[28.27,37.71],[28.4,37.45],[28.63,37.38],[28.64,37.45],[28.71,37.45],[28.68,37.96],[28.38,38.09],[27.67,38.09],[27.59,38.09],[27.19,37.96],[27.18,37.77],[27.26,37.77],[27.16,37.58],[27.31,37.45],[27.22,37.32],[27.46,37.38],[27.54,37.38],[27.71,37.58],[27.95,37.64],[28.03,37.64]]]}},{"type":"Feature","properties":{"NAME":"Ifat Sultanate","C":11,"name":"Ifat Sultanate","start_year":1333,"end_year":1406,"capital":"","type":"polity","region":"","event":"","source":"Cliopatria / Seshat Global History Databank (CC BY 4.0)","wikipedia":"Sultanate of Ifat","wikidata":"Q157727","_a":18,"_c":[42.82,10.35],"_nz":"伊法特苏丹国","_sz":""},"geometry":{"type":"Polygon","coordinates":[[[43.67,11.15],[44.08,10.57],[44.37,10.44],[45.11,10.51],[45.02,10.19],[44.72,10.06],[44.49,9.8],[43.75,9.48],[43.67,9.29],[43.52,9.29],[43.45,9.16],[42.63,8.84],[42.55,8.71],[42.41,8.71],[42.4,8.58],[42.26,8.64],[42.26,8.58],[42.11,8.58],[41.96,8.39],[41.23,8.51],[41.24,8.64],[40.81,8.96],[40.61,9.54],[40.61,9.61],[40.61,9.67],[40.62,9.74],[40.62,9.8],[40.55,9.8],[40.52,11.02],[40.59,11.02],[40.82,11.28],[41.78,11.6],[41.86,11.79],[42.3,11.79],[42.75,11.99],[42.83,12.18],[43.05,12.11],[43.42,12.31],[43.5,12.31],[43.48,11.99],[42.81,11.73],[42.73,11.6],[43.25,11.6],[43.67,11.21],[43.67,11.15]]]}},{"type":"Feature","properties":{"NAME":"Ethiopian Empire","C":11,"name":"Ethiopian Empire","start_year":1333,"end_year":1414,"capital":"","type":"polity","region":"","event":"","source":"Cliopatria / Seshat Global History Databank (CC BY 4.0)","wikipedia":"Ethiopian Empire","wikidata":"Q207521","_a":67,"_c":[39.39,11.19],"_nz":"埃塞俄比亚帝国","_sz":""},"geometry":{"type":"MultiPolygon","coordinates":[[[[39.87,15.01],[39.86,14.69],[39.78,14.69],[39.85,14.49],[39.69,14.24],[39.67,13.72],[39.81,13.59],[39.73,13.34],[40.52,11.09],[40.52,11.02],[40.55,9.8],[40.54,9.74],[40.54,9.67],[40.54,9.61],[40.54,9.54],[40.61,9.54],[40.81,8.96],[41.24,8.64],[41.23,8.51],[41.96,8.39],[42.11,8.58],[42.26,8.58],[42.26,8.51],[42.1,8.13],[42.08,7.61],[42.29,7.42],[42.29,7.16],[42.14,7.04],[42.05,6.65],[41.76,6.65],[41.68,6.52],[41.75,6.33],[41.6,6.2],[41.25,6.52],[41.18,6.84],[41.03,6.78],[40.95,6.52],[40.81,6.52],[40.8,6.33],[41.16,6.07],[41.16,5.94],[41.3,5.94],[41.22,5.56],[41,5.75],[40.71,5.81],[40.27,5.43],[39.83,5.43],[39.76,5.62],[39.61,5.56],[39.26,5.81],[39.19,6.07],[39.05,6.14],[39.06,6.46],[38.55,6.71],[38.7,6.84],[38.64,7.16],[38.49,7.1],[38.42,7.23],[38.27,7.23],[38.12,7.04],[37.98,7.04],[37.91,7.16],[37.54,7.16],[37.47,7.29],[37.18,7.36],[37.27,7.94],[37.2,8],[37.49,8],[37.5,8.26],[37.28,8.32],[37.36,8.51],[37.15,8.77],[37.09,9.16],[37.47,9.61],[37.48,9.93],[37.28,10.38],[36.77,10.44],[36.48,10.64],[36.48,10.83],[36.71,11.09],[36.65,11.28],[36.8,11.41],[36.75,12.24],[36.91,12.44],[37,12.89],[37.22,13.14],[37.16,13.34],[37.31,13.34],[37.62,13.91],[37.56,14.17],[37.87,14.69],[38.14,15.65],[38.29,15.71],[38.53,16.23],[38.68,16.29],[39.08,16.94],[39.22,16.81],[39.27,16.23],[39.47,15.91],[39.46,15.71],[39.68,15.52],[39.73,15.2],[39.88,15.2],[39.88,15.07],[39.87,15.01]]],[[[36.65,11.41],[36.65,11.47],[36.73,11.47],[36.72,11.41],[36.65,11.41]]],[[[38.14,15.71],[38.14,15.78],[38.22,15.78],[38.21,15.71],[38.14,15.71]]]]}},{"type":"Feature","properties":{"NAME":"County of Foix","C":3,"name":"County of Foix","start_year":1333,"end_year":1406,"capital":"","type":"polity","region":"","event":"","source":"Cliopatria / Seshat Global History Databank (CC BY 4.0)","wikipedia":"County of Foix","wikidata":"Q1481436","_a":3,"_c":[0.42,43.15],"_nz":"富瓦伯国","_sz":""},"geometry":{"type":"MultiPolygon","coordinates":[[[[0.99,42.82],[0.98,43.02],[0.81,43.21],[0.97,43.34],[0.64,43.47],[0.95,43.67],[1.28,43.54],[1.3,43.02],[1.87,42.89],[1.73,42.63],[1.65,42.63],[1.57,42.63],[1.49,42.63],[1.07,42.82],[0.99,42.82]]],[[[-0.29,42.89],[-0.29,42.82],[-0.86,42.95],[-0.87,43.15],[-1.04,43.34],[-0.65,43.54],[-0.33,43.47],[-0.08,43.34],[-0.07,43.21],[-0.06,43.08],[-0.3,42.95],[-0.29,42.89]]]]}},{"type":"Feature","properties":{"NAME":"Ashikaga Shogunate","C":7,"name":"Ashikaga Shogunate","start_year":1344,"end_year":1458,"capital":"","type":"polity","region":"","event":"","source":"Cliopatria / Seshat Global History Databank (CC BY 4.0)","wikipedia":"Ashikaga shogunate","wikidata":"Q1154406","_a":153,"_c":[135.33,35.85],"_nz":"足利幕府","_sz":""},"geometry":{"type":"MultiPolygon","coordinates":[[[[130.36,30.31],[130.44,30.5],[130.72,30.44],[130.69,30.37],[130.62,30.18],[130.36,30.31]]],[[[130.82,30.5],[130.92,30.76],[131.17,30.82],[131.1,30.63],[131.07,30.56],[131.02,30.44],[130.82,30.5]]],[[[129.93,32.24],[129.99,32.56],[130.53,32.56],[130.37,32.36],[130.29,32.36],[130.13,32.17],[129.93,32.24]]],[[[128.88,32.81],[128.93,32.75],[128.77,32.56],[128.69,32.56],[128.57,32.62],[128.65,32.81],[128.88,32.81]]],[[[129.59,33.71],[129.73,33.84],[129.8,33.84],[129.88,33.84],[129.82,33.71],[129.59,33.71]]],[[[129.17,34.29],[129.4,34.29],[129.34,34.16],[129.31,34.1],[129.11,34.16],[129.17,34.29]]],[[[129.29,34.55],[129.44,34.55],[129.46,34.42],[129.43,34.36],[129.23,34.42],[129.29,34.55]]],[[[133.2,36.35],[133.43,36.35],[133.37,36.22],[133.33,36.16],[133.1,36.16],[133.2,36.35]]],[[[142.09,39.64],[141.96,39.45],[142.04,39.45],[141.83,39],[141.55,38.8],[141.63,38.8],[141.51,38.35],[141.08,38.29],[140.92,38.03],[141,38.03],[140.92,37.9],[141.04,37.84],[140.96,37.71],[141.12,37.58],[141.04,37.45],[141.13,37.32],[140.79,36.87],[140.61,36.42],[140.69,36.42],[140.62,36.16],[140.74,36.1],[140.67,35.97],[140.91,35.84],[140.54,35.58],[140.41,35.19],[139.7,34.87],[140.08,35.58],[139.96,35.64],[139.7,35.45],[139.78,35.32],[139.72,35.19],[139.21,35.26],[139.14,35.13],[139.23,35],[138.95,34.61],[138.68,34.68],[138.8,35.07],[138.42,34.94],[138.26,34.61],[137.22,34.55],[137.07,34.55],[137.24,34.74],[136.94,34.74],[136.73,34.94],[136.6,34.68],[136.79,34.61],[136.97,34.36],[136.91,34.23],[136.45,34.23],[135.81,33.39],[135.41,33.52],[135.35,33.71],[135.03,33.84],[135.15,34.1],[135.02,34.29],[135.34,34.49],[135.44,34.68],[135.21,34.68],[134.91,34.23],[134.72,34.16],[134.71,33.97],[134.78,33.97],[134.66,33.71],[134.37,33.59],[134.22,33.26],[133.99,33.26],[133.85,33.46],[133.54,33.46],[133.16,33.14],[133.03,32.69],[132.68,32.75],[132.66,32.88],[132.43,32.88],[132.44,33.07],[132.37,33.07],[132.45,33.26],[132.3,33.26],[132.36,33.39],[132.02,33.33],[132.08,33.46],[132.56,33.65],[132.88,34.16],[133.03,34.16],[133.12,34.04],[133.51,34.04],[133.63,34.29],[134.23,34.42],[134.2,34.36],[134.63,34.29],[134.94,34.61],[134.47,34.74],[133.25,34.29],[132.32,34.29],[132.19,33.84],[131.91,33.91],[131.94,33.97],[131.09,33.97],[131.1,33.65],[131.82,33.71],[131.64,33.33],[132.09,33.14],[132,32.94],[132.08,32.94],[131.78,32.62],[131.58,32.17],[131.52,31.85],[131.6,31.85],[131.41,31.4],[131.18,31.4],[131.2,31.27],[130.79,31.01],[130.64,31.01],[130.72,31.21],[130.47,31.14],[130.14,31.27],[130.27,31.59],[130.1,31.91],[130.21,32.17],[130.52,32.36],[130.57,32.81],[130.44,32.88],[130.33,32.62],[130.1,32.62],[130.15,32.75],[130,32.75],[129.79,32.62],[129.7,32.75],[129.75,32.88],[129.63,32.94],[129.68,33.07],[129.56,33.14],[129.62,33.26],[129.54,33.26],[129.6,33.39],[129.83,33.39],[129.92,33.59],[130.33,33.65],[130.42,33.84],[130.86,33.97],[130.88,34.16],[130.8,34.16],[130.92,34.42],[131.41,34.49],[131.48,34.61],[132.56,35.26],[132.69,35.52],[132.96,35.58],[133.47,35.52],[135.38,35.77],[135.28,35.58],[135.71,35.52],[136.08,35.77],[135.91,35.9],[136,36.22],[136.45,36.48],[136.71,36.8],[136.58,37],[136.65,37.13],[136.57,37.13],[136.72,37.38],[137.37,37.58],[137.15,37.19],[136.96,37.13],[137.12,37],[137.1,36.8],[137.25,36.8],[137.63,37.06],[138.51,37.38],[138.77,37.84],[139.32,38.09],[139.95,39.26],[139.87,39.26],[140.04,39.64],[139.89,39.9],[139.66,39.9],[139.99,40.29],[139.77,40.55],[139.9,40.74],[140.18,40.81],[140.34,41.26],[140.69,41.2],[140.92,41.52],[141.54,41.39],[141.4,41.2],[141.48,41.2],[141.38,40.94],[141.53,40.81],[141.44,40.68],[141.63,40.61],[141.62,40.48],[141.78,40.48],[141.81,40.29],[141.89,40.29],[142.07,39.97],[141.97,39.71],[142.09,39.64]]],[[[138.14,37.96],[138.34,38.29],[138.61,38.35],[138.49,38.16],[138.61,38.09],[138.38,37.84],[138.34,37.77],[138.19,37.77],[138.26,37.9],[138.14,37.96]]]]}},{"type":"Feature","properties":{"NAME":"County of Urgell","C":10,"name":"County of Urgell","start_year":1344,"end_year":1515,"capital":"","type":"polity","region":"","event":"","source":"Cliopatria / Seshat Global History Databank (CC BY 4.0)","wikipedia":"County of Urgell","wikidata":"Q1514510","_a":0,"_c":[1.65,42.53],"_nz":"乌赫尔伯国","_sz":""},"geometry":{"type":"Polygon","coordinates":[[[1.49,42.56],[1.58,42.43],[1.81,42.56],[1.73,42.56],[1.73,42.63],[1.65,42.63],[1.57,42.63],[1.49,42.63],[1.49,42.56]]]}},{"type":"Feature","properties":{"NAME":"Sind-Samma Dynasty","C":6,"name":"Sind-Samma Dynasty","start_year":1352,"end_year":1520,"capital":"","type":"polity","region":"","event":"","source":"Cliopatria / Seshat Global History Databank (CC BY 4.0)","wikipedia":"Samma dynasty","wikidata":"Q27260","_a":18,"_c":[68.32,26.07],"_nz":"信德-萨玛王朝","_sz":""},"geometry":{"type":"Polygon","coordinates":[[[69.83,25.16],[69.75,25.16],[69.83,25.74],[70.28,26.32],[70.02,26.58],[70.05,26.77],[69.87,27.09],[69.94,27.54],[70.23,27.93],[70.01,27.99],[69.91,28.32],[69.76,28.32],[69.74,28.19],[69.51,28.12],[69.24,27.87],[68.53,27.67],[68.35,27.48],[67.4,27.09],[66.98,26.77],[66.4,25.81],[66.36,25.49],[66.51,25.49],[66.7,25.23],[66.65,24.84],[67.24,24.71],[67.27,24.39],[67.35,24.39],[67.31,24.07],[67.46,24.07],[67.51,23.88],[67.66,23.81],[68.33,23.81],[68.41,23.94],[68.72,24.01],[68.74,24.2],[69.49,24.2],[69.7,24.07],[70,24.14],[70.09,24.26],[69.8,24.91],[69.83,25.16]]]}},{"type":"Feature","properties":{"NAME":"Ceylon","C":0,"name":"Ceylon","start_year":1352,"end_year":1501,"capital":"","type":"polity","region":"","event":"","source":"Cliopatria / Seshat Global History Databank (CC BY 4.0)","wikipedia":"Sri Lanka","wikidata":"Q918153","_a":7,"_c":[80.77,7.42],"_nz":"锡兰","_sz":""},"geometry":{"type":"Polygon","coordinates":[[[81.25,8.51],[81.4,8.51],[81.45,8.13],[81.65,7.94],[81.77,7.49],[81.92,7.42],[81.88,6.71],[81.34,6.14],[80.67,5.88],[80.23,5.88],[79.95,6.14],[79.76,6.65],[79.74,7.68],[79.61,7.87],[79.62,8.06],[79.76,8.06],[79.81,8.77],[79.89,8.96],[80.19,8.78],[81.25,8.55],[81.25,8.51]]]}},{"type":"Feature","properties":{"NAME":"Jaffna kingdom","C":5,"name":"Jaffna kingdom","start_year":1352,"end_year":1587,"capital":"","type":"polity","region":"","event":"","source":"Cliopatria / Seshat Global History Databank (CC BY 4.0)","wikipedia":"Jaffna kingdom","wikidata":"Q1311219","_a":2,"_c":[80.48,9.16],"_nz":"贾夫纳王国","_sz":""},"geometry":{"type":"Polygon","coordinates":[[[79.8,9.57],[80.14,9.52],[79.97,9.28],[80.03,9.05],[79.7,9.11],[79.93,8.88],[81.17,8.49],[81.26,8.55],[80.79,9.33],[80.23,9.84],[80.01,9.83],[79.75,9.64],[79.8,9.57]]]}},{"type":"Feature","properties":{"NAME":"Teutonic Order","C":7,"name":"Teutonic Order","start_year":1352,"end_year":1401,"capital":"","type":"polity","region":"","event":"","source":"Cliopatria / Seshat Global History Databank (CC BY 4.0)","wikipedia":"Teutonic Order","wikidata":"Q48189","_a":75,"_c":[22.62,56.32],"_nz":"条顿骑士团国","_sz":""},"geometry":{"type":"MultiPolygon","coordinates":[[[[22.66,54.27],[22.48,54.21],[22.46,54],[22.55,54],[22.42,53.6],[21.29,53.46],[20.93,53.26],[20.67,53.26],[20.4,53.06],[19.72,53.26],[19.36,52.99],[18.93,52.92],[18.69,53.19],[18.52,53.19],[18.45,53.46],[17.51,53.53],[17.33,53.39],[17.08,53.6],[17.18,53.8],[17.09,53.8],[17.11,54.14],[17.38,54.27],[17.39,54.41],[17.56,54.41],[17.5,54.82],[17.5,54.89],[18.46,54.89],[18.45,54.68],[18.69,54.41],[19.46,54.34],[19.56,54.48],[19.82,54.48],[19.83,54.61],[20,54.61],[19.84,54.68],[19.95,55.02],[20.65,55.09],[20.73,54.95],[20.99,54.95],[21.2,55.36],[20.97,55.63],[20.98,55.84],[20.99,55.91],[21.25,55.84],[21.24,55.7],[21.64,55.36],[22.07,55.29],[22.31,55.09],[22.57,55.09],[22.81,54.89],[22.7,54.68],[22.7,54.61],[22.66,54.27]]],[[[25.7,56.94],[25.77,56.8],[25.94,56.8],[26.18,56.59],[26.07,56.46],[26.32,56.32],[26.37,56.05],[26.81,56.05],[27.09,56.18],[26.93,56.25],[26.87,56.46],[26.59,56.39],[26.46,56.66],[26.83,56.8],[27.18,56.8],[27.16,56.66],[27.79,56.73],[27.88,56.73],[28.12,56.59],[28.15,56.18],[27.97,56.18],[27.47,55.77],[26.87,55.84],[26.58,55.7],[25.83,55.98],[25.76,56.11],[25.07,56.18],[24.83,56.39],[24.11,56.25],[22.19,56.46],[22.2,56.52],[21.84,56.52],[21.77,56.66],[21.87,56.73],[21.7,56.8],[21.57,56.46],[21.57,56.39],[20.92,56.05],[20.92,56.11],[20.87,56.46],[20.95,56.46],[20.99,56.8],[21.25,56.73],[21.23,56.59],[21.42,56.66],[21.37,57.08],[21.28,57.08],[21.31,57.35],[21.51,57.56],[21.68,57.49],[21.65,57.21],[22,57.21],[22.2,57.42],[22.37,57.35],[22.75,57.49],[22.67,57.63],[22.85,57.63],[23.41,57.08],[23.67,57.01],[23.47,56.87],[23.74,56.87],[23.81,56.73],[24.44,56.8],[24.53,56.8],[25.5,56.8],[25.7,56.94]]],[[[21.69,56.73],[21.78,56.73],[21.77,56.66],[21.68,56.66],[21.69,56.73]]],[[[22.43,58.67],[22.88,58.67],[22.77,58.46],[22.93,58.32],[22.29,58.18],[22.08,57.9],[21.9,57.9],[22.02,58.18],[21.94,58.25],[22.21,58.32],[22.3,58.32],[22.51,58.53],[22.43,58.67]]],[[[27.4,58.81],[26.87,58.88],[26.93,58.67],[26.75,58.67],[26.83,58.6],[26.72,58.46],[26.74,57.97],[27.11,58.04],[27.27,57.97],[27.25,57.83],[27.43,57.83],[27.4,57.63],[27.2,57.49],[27.26,57.28],[26.89,57.21],[26.64,57.35],[25.94,57.42],[25.96,57.56],[25.43,57.56],[25.32,57.42],[25.49,57.35],[25.47,57.21],[25.26,57.01],[24.82,57.01],[24.45,56.87],[23.94,57.08],[24.14,57.28],[24.4,57.21],[24.61,57.42],[24.79,57.42],[24.72,57.63],[24.99,57.63],[24.92,57.77],[25.01,57.77],[25.03,57.9],[24.6,58.04],[24.23,57.97],[24.27,58.25],[24.36,58.25],[24.38,58.46],[24.57,58.53],[24.59,58.67],[24.41,58.67],[24.52,58.81],[24.36,58.95],[24.09,58.95],[24.11,59.09],[23.92,59.02],[23.84,59.16],[23.49,59.22],[23.6,59.36],[24.72,59.57],[25.35,59.57],[25.37,59.71],[26.45,59.64],[26.79,59.5],[28.06,59.5],[28.03,59.29],[27.73,59.16],[27.64,59.16],[27.37,59.16],[27.4,58.81]]],[[[23.68,58.6],[23.67,58.46],[23.49,58.46],[23.43,58.74],[23.62,58.81],[23.71,58.81],[23.87,58.67],[23.68,58.6]]],[[[22.9,58.81],[22.38,59.02],[22.39,59.09],[22.84,59.09],[22.9,58.81]]]]}},{"type":"Feature","properties":{"NAME":"Zayyanid dynasty","C":3,"name":"Zayyanid dynasty","start_year":1363,"end_year":1506,"capital":"","type":"polity","region":"","event":"","source":"Cliopatria / Seshat Global History Databank (CC BY 4.0)","wikipedia":"Zayyanid dynasty","wikidata":"Q307697","_a":24,"_c":[1.27,35.2],"_nz":"扎亚尼德王朝","_sz":""},"geometry":{"type":"MultiPolygon","coordinates":[[[[2.61,34.42],[2.53,34.42],[2.53,34.49],[2.61,34.49],[2.61,34.42]]],[[[4.67,35.07],[4.6,34.74],[4.45,34.61],[4.46,34.55],[2.92,34.36],[2.45,34.61],[1.29,34.61],[0.68,34.42],[0.45,34.49],[0.3,34.36],[-0.47,34.36],[-0.54,34.16],[-0.69,34.16],[-0.68,34.04],[-1.5,33.46],[-1.58,33.46],[-1.72,34.68],[-2.11,34.94],[-2.12,35.07],[-2.04,35.07],[-1.36,35.26],[-1.14,35.45],[-1.22,35.64],[-1.07,35.58],[-0.92,35.71],[-0.53,35.71],[-0.46,35.84],[0.08,35.84],[0.38,36.22],[0.68,36.29],[0.68,36.42],[0.91,36.35],[1.22,36.55],[1.53,36.48],[2.38,36.67],[2.69,36.61],[2.84,36.74],[3.23,36.74],[3.46,36.87],[3.85,36.8],[4.31,36.93],[4.39,36.93],[4.48,36.67],[4.63,36.61],[4.64,36.42],[4.56,36.42],[4.56,36.35],[4.64,36.29],[4.67,35.13],[4.67,35.07]]]]}},{"type":"Feature","properties":{"NAME":"Hafsid Dynasty","C":9,"name":"Hafsid Dynasty","start_year":1363,"end_year":1452,"capital":"","type":"polity","region":"","event":"","source":"Cliopatria / Seshat Global History Databank (CC BY 4.0)","wikipedia":"Hafsid dynasty","wikidata":"Q752662","_a":106,"_c":[11.65,33.66],"_nz":"哈夫斯王朝","_sz":""},"geometry":{"type":"Polygon","coordinates":[[[10.85,35.64],[11.08,35.58],[11.08,35.39],[11.01,35.39],[11.08,35],[10.85,34.94],[10.85,34.81],[10.54,34.55],[10,34.29],[10.08,34.23],[10.01,33.91],[10.24,33.71],[10.54,33.71],[10.7,33.52],[11.08,33.59],[11.16,33.2],[11.46,33.2],[12.23,32.81],[12.61,32.88],[12.53,32.75],[12.84,32.75],[12.84,32.88],[13.07,32.94],[13.3,32.94],[13.45,32.81],[13.76,32.88],[13.76,32.75],[14.07,32.75],[14.44,32.49],[14.67,32.56],[14.75,32.43],[15.21,32.36],[15.42,31.66],[15.58,31.59],[15.65,31.4],[16.18,31.21],[17.47,31.08],[18,30.89],[18.59,30.37],[18.9,30.37],[18.81,29.99],[18.28,30.05],[16.7,30.69],[15.49,30.95],[15.18,30.89],[15.19,31.08],[14.58,31.53],[14.59,31.66],[13.83,32.11],[13.3,32.24],[13.07,32.17],[13.07,32.3],[12.46,32.36],[11.77,32.3],[11.77,32.43],[11.54,32.43],[11.46,32.56],[11.31,32.49],[11.16,32.69],[10.39,33.01],[10.01,33.01],[10.08,33.14],[9.63,33.14],[9.55,33.33],[9.62,33.46],[9.32,33.59],[9.08,34.04],[8.93,34.04],[8.93,34.16],[8.77,34.23],[8.08,34.23],[8,34.42],[7.85,34.49],[7.15,34.49],[6.92,34.61],[4.53,34.61],[4.45,34.61],[4.6,34.74],[4.67,35.07],[4.67,35.13],[4.64,36.29],[4.56,36.35],[4.64,36.35],[4.64,36.42],[4.63,36.61],[4.48,36.67],[4.39,36.93],[4.47,36.93],[4.86,36.87],[5.1,36.67],[5.56,36.67],[5.64,36.8],[6.11,36.8],[6.1,36.93],[6.33,37.06],[6.8,36.87],[7.19,36.87],[7.35,37.06],[7.66,37],[7.74,36.87],[8.52,36.87],[8.9,37.13],[9.06,37.06],[9.6,37.32],[9.99,37.19],[10.23,37.25],[10.23,37.06],[10.31,37.06],[10.23,36.8],[10.54,36.74],[10.85,37],[11.01,37],[11.01,36.8],[10.46,36.42],[10.54,36.35],[10.46,35.9],[10.85,35.71],[10.85,35.64]]]}},{"type":"Feature","properties":{"NAME":"Sultanate of Brunei","C":5,"name":"Sultanate of Brunei","start_year":1363,"end_year":1491,"capital":"","type":"polity","region":"","event":"","source":"Cliopatria / Seshat Global History Databank (CC BY 4.0)","wikipedia":"Bruneian Sultanate (1368-1888)","wikidata":"Q887803","_a":1,"_c":[114.61,4.69],"_nz":"文莱苏丹国","_sz":""},"geometry":{"type":"Polygon","coordinates":[[[114.06,4.66],[114.05,4.46],[114.18,4.34],[114.63,4.53],[114.77,4.46],[114.86,4.66],[115,4.59],[115.01,4.72],[115.16,4.79],[115.17,4.98],[114.74,5.04],[114.5,4.79],[114.13,4.66],[114.06,4.66]]]}},{"type":"Feature","properties":{"NAME":"Lan Na Kingdom","C":1,"name":"Lan Na Kingdom","start_year":1363,"end_year":1452,"capital":"","type":"polity","region":"","event":"","source":"Cliopatria / Seshat Global History Databank (CC BY 4.0)","wikipedia":"Lan Na","wikidata":"Q1059707","_a":8,"_c":[99.1,19.19],"_nz":"兰纳王国","_sz":""},"geometry":{"type":"Polygon","coordinates":[[[100.58,18.99],[100.75,19.19],[100.63,19.31],[100.66,19.51],[100.46,19.7],[100.6,20.09],[100.54,20.21],[100.13,20.41],[99.83,20.41],[99.41,20.09],[99.19,20.09],[98.92,19.76],[98.1,19.76],[97.94,19.64],[97.87,18.67],[97.77,18.54],[97.47,18.48],[97.45,18.35],[97.6,18.35],[97.77,18.03],[97.76,17.96],[97.84,17.96],[98.29,18.03],[98.64,18.41],[99.58,18.29],[99.61,18.48],[99.76,18.48],[100.19,18.86],[100.57,18.93],[100.58,18.99]]]}},{"type":"Feature","properties":{"NAME":"Marinid Sultanate","C":1,"name":"Marinid Sultanate","start_year":1363,"end_year":1414,"capital":"","type":"polity","region":"","event":"","source":"Cliopatria / Seshat Global History Databank (CC BY 4.0)","wikipedia":"Marinid Sultanate","wikidata":"Q582861","_a":138,"_c":[-3.49,32.17],"_nz":"马林王朝","_sz":""},"geometry":{"type":"MultiPolygon","coordinates":[[[[-3.29,35.19],[-2.98,35.26],[-2.99,35.45],[-2.84,35.45],[-2.82,35.13],[-2.2,35.07],[-2.12,35.07],[-2.11,34.94],[-1.72,34.68],[-1.58,33.46],[-1.58,33.39],[-1.88,33.33],[-2.54,32.75],[-2.84,32.62],[-2.83,32.49],[-3.2,32.24],[-3.19,32.04],[-3.35,32.11],[-3.42,31.91],[-3.64,31.79],[-3.56,31.66],[-3.78,31.59],[-3.77,31.34],[-3.92,31.4],[-4.21,31.14],[-4.21,31.01],[-4.65,30.69],[-4.57,30.56],[-4.87,30.5],[-5.44,29.92],[-5.59,29.92],[-5.88,29.67],[-5.88,29.54],[-6.18,29.54],[-7.2,28.77],[-7.35,28.77],[-7.56,28.51],[-8.01,28.38],[-8.66,27.93],[-10.47,27.93],[-11.62,28.25],[-10.98,28.83],[-10.47,29.09],[-10.33,29.34],[-10.04,29.54],[-10.05,29.67],[-9.83,29.79],[-9.63,30.18],[-9.65,30.5],[-9.88,30.56],[-9.86,31.34],[-9.78,31.34],[-9.73,31.72],[-9.51,31.85],[-9.52,31.98],[-9.31,32.17],[-9.33,32.49],[-9.2,32.75],[-8.55,33.33],[-7.13,33.84],[-7.06,33.97],[-6.9,33.91],[-6.61,34.16],[-6.7,34.29],[-6.47,34.36],[-6.48,34.49],[-6.33,34.55],[-6.28,34.87],[-6.2,34.87],[-6.29,35.07],[-6.13,35],[-6.15,35.19],[-6,35.32],[-5.88,35.77],[-5.34,35.84],[-5.24,35.52],[-4.75,35.19],[-3.36,35.19],[-3.29,35.19]]],[[[4.64,36.35],[4.56,36.35],[4.56,36.42],[4.64,36.42],[4.64,36.35]]]]}},{"type":"Feature","properties":{"NAME":"Samudera Pasai Sultanate","C":3,"name":"Samudera Pasai Sultanate","start_year":1363,"end_year":1458,"capital":"","type":"polity","region":"","event":"","source":"Cliopatria / Seshat Global History Databank (CC BY 4.0)","wikipedia":"Samudera Pasai Sultanate","wikidata":"Q3284315","_a":1,"_c":[96.52,5.14],"_nz":"苏木都剌巴赛苏丹国","_sz":""},"geometry":{"type":"Polygon","coordinates":[[[97.16,4.79],[97.39,5.11],[97.33,5.24],[97.26,5.24],[96.24,5.24],[95.95,5.36],[95.82,5.56],[95.74,5.56],[95.67,5.56],[95.65,5.24],[95.86,5.04],[96.79,4.72],[97.09,4.79],[97.16,4.79]]]}},{"type":"Feature","properties":{"NAME":"House of Ascania","C":5,"name":"House of Ascania","start_year":1363,"end_year":1421,"capital":"","type":"polity","region":"","event":"","source":"Cliopatria / Seshat Global History Databank (CC BY 4.0)","wikipedia":"House of Ascania","wikidata":"Q168352","_a":8,"_c":[12.14,51.02],"_nz":"阿斯坎尼王朝","_sz":""},"geometry":{"type":"Polygon","coordinates":[[[13.99,50.85],[13.22,50.65],[12.8,50.38],[12.38,50.38],[12.29,50.25],[12.12,50.25],[11.96,50.31],[11.96,50.58],[12.21,50.65],[12.21,50.78],[12.05,50.85],[11.96,50.71],[11.71,50.71],[11.54,50.51],[11.28,50.58],[11.2,50.51],[11.28,50.25],[11.11,50.25],[11.11,50.11],[10.69,50.05],[10.36,50.18],[10.36,50.51],[10.86,50.51],[11.03,50.71],[11.29,50.78],[11.2,50.98],[11.03,51.11],[10.7,51.11],[10.87,51.25],[10.36,51.18],[10.78,50.91],[10.53,50.65],[10.36,50.65],[10.36,50.85],[10.02,50.85],[9.94,51.05],[10.27,51.31],[11.12,51.31],[11.21,51.51],[10.87,51.45],[10.95,51.71],[11.38,51.71],[11.55,51.58],[11.37,51.25],[12.05,51.38],[11.97,51.58],[12.31,51.58],[12.56,51.58],[12.48,51.45],[12.64,51.38],[12.73,51.38],[12.9,51.31],[12.9,51.45],[13.07,51.51],[13.16,51.51],[13.58,51.65],[13.67,51.65],[13.67,51.78],[13.5,51.85],[13.59,51.92],[13.59,51.98],[13.76,51.85],[14.1,51.85],[14.26,51.71],[14.26,51.58],[14.09,51.58],[13.91,51.38],[14.08,51.31],[14.08,51.18],[13.99,51.18],[14.16,51.11],[14.33,51.25],[14.33,50.98],[14.07,50.85],[13.99,50.85]],[[11.96,51.05],[12.22,51.05],[12.22,51.25],[12.05,51.31],[11.88,51.18],[11.96,51.11],[11.96,51.05]],[[12.72,50.78],[12.8,50.78],[12.81,50.98],[12.55,50.91],[12.63,50.65],[12.8,50.65],[12.72,50.71],[12.72,50.78]]]}},{"type":"Feature","properties":{"NAME":"Electorate of Trier","C":7,"name":"Electorate of Trier","start_year":1363,"end_year":1421,"capital":"","type":"polity","region":"","event":"","source":"Cliopatria / Seshat Global History Databank (CC BY 4.0)","wikipedia":"Electorate of Trier","wikidata":"Q1794352","_a":8,"_c":[10.02,49.49],"_nz":"特里尔选侯国","_sz":""},"geometry":{"type":"MultiPolygon","coordinates":[[[[7.86,49.12],[7.69,49.38],[7.36,49.25],[7.02,49.58],[7.6,49.58],[7.51,49.91],[7.76,49.91],[7.85,49.71],[8.27,49.71],[8.36,49.45],[8.61,49.45],[8.77,49.32],[8.27,49.25],[8.11,48.99],[7.86,49.05],[7.86,49.12]]],[[[11.69,48.92],[11.53,49.12],[11.28,49.18],[11.03,49.25],[11.03,49.45],[11.28,49.52],[11.2,49.78],[11.7,49.91],[11.87,50.18],[12.12,50.18],[12.37,49.98],[12.37,49.71],[12.53,49.65],[12.53,49.52],[13.03,49.25],[12.86,49.12],[12.61,49.12],[12.52,48.85],[12.36,48.79],[12.27,48.79],[12.28,48.92],[12.03,48.99],[11.94,48.99],[11.69,48.92]]]]}},{"type":"Feature","properties":{"NAME":"Duchy of Brittany","C":11,"name":"Duchy of Brittany","start_year":1363,"end_year":1401,"capital":"","type":"polity","region":"","event":"","source":"Cliopatria / Seshat Global History Databank (CC BY 4.0)","wikipedia":"Duchy of Brittany","wikidata":"Q71747","_a":6,"_c":[-2.55,47.97],"_nz":"布列塔尼公国","_sz":""},"geometry":{"type":"Polygon","coordinates":[[[-1.25,48.46],[-1.5,48.39],[-1.52,48.65],[-1.6,48.65],[-1.69,48.65],[-2.52,48.72],[-2.76,48.59],[-3.12,48.92],[-3.46,48.92],[-3.61,48.79],[-4.02,48.72],[-4.1,48.72],[-3.97,48.26],[-3.28,47.93],[-3.34,47.73],[-3.34,47.66],[-3.16,47.47],[-2.84,47.6],[-2.83,47.47],[-2.58,47.47],[-2.56,47.27],[-2.23,47.27],[-2.13,47.07],[-2.13,47.01],[-1.39,47.01],[-1.32,47.2],[-1.16,47.27],[-1.2,47.8],[-1.04,47.86],[-1,48.39],[-1.08,48.39],[-1.09,48.46],[-1.17,48.46],[-1.25,48.46]]]}},{"type":"Feature","properties":{"NAME":"Kingdom of Cyprus","C":2,"name":"Kingdom of Cyprus","start_year":1363,"end_year":1486,"capital":"","type":"polity","region":"","event":"","source":"Cliopatria / Seshat Global History Databank (CC BY 4.0)","wikipedia":"Kingdom of Cyprus","wikidata":"Q213638","_a":10,"_c":[32.46,35.81],"_nz":"塞浦路斯王国","_sz":""},"geometry":{"type":"MultiPolygon","coordinates":[[[[34.39,35.71],[34.54,35.71],[34.53,35.58],[33.96,35.26],[34.09,35],[33.7,34.94],[33.52,34.74],[33.13,34.68],[33.04,34.55],[32.37,34.74],[32.23,34.94],[32.25,35.13],[32.55,35.13],[32.88,35.26],[32.89,35.39],[33.74,35.39],[34.31,35.71],[34.39,35.71]]],[[[34.1,36.67],[34.34,36.74],[34.33,36.67],[34.25,36.67],[34.24,36.61],[34.24,36.55],[34.16,36.55],[34.15,36.48],[34.08,36.48],[34.1,36.67]]],[[[30.86,37.06],[30.85,36.93],[30.77,36.93],[30.37,36.74],[30.39,37],[30.47,37],[30.86,37.06]]]]}},{"type":"Feature","properties":{"NAME":"Chámpa","C":6,"name":"Chámpa","start_year":1363,"end_year":1428,"capital":"","type":"polity","region":"","event":"","source":"Cliopatria / Seshat Global History Databank (CC BY 4.0)","wikipedia":"Champa","wikidata":"Q216786","_a":15,"_c":[108.18,13.21],"_nz":"占婆","_sz":""},"geometry":{"type":"Polygon","coordinates":[[[109.1,14.88],[108.97,15.01],[109.02,15.33],[108.68,15.52],[108.7,15.65],[108.37,15.91],[108.39,16.04],[108.31,16.04],[107.5,16.04],[107.3,15.65],[107.69,15.33],[107.51,14.56],[107.38,14.11],[107.67,13.46],[107.52,12.89],[107.6,12.89],[107.63,12.5],[106.85,12.05],[106.88,11.66],[107.06,11.28],[107.03,11.02],[107.11,11.02],[107.07,10.7],[107.07,10.64],[107.12,10.38],[107.64,10.51],[107.73,10.64],[108.1,10.76],[108.12,10.89],[108.57,11.02],[108.58,11.15],[108.73,11.15],[109.21,11.6],[109.23,12.37],[109.32,12.56],[109.47,12.56],[109.51,12.95],[109.33,13.27],[109.35,14.04],[109.09,14.81],[109.1,14.88]]]}},{"type":"Feature","properties":{"NAME":"Majapahit","C":7,"name":"Majapahit","start_year":1363,"end_year":1401,"capital":"","type":"polity","region":"","event":"","source":"Cliopatria / Seshat Global History Databank (CC BY 4.0)","wikipedia":"Majapahit","wikidata":"Q49326","_a":645,"_c":[112.93,-1.93],"_nz":"满者伯夷","_sz":""},"geometry":{"type":"MultiPolygon","coordinates":[[[[118.13,-8.78],[118.07,-8.91],[117.57,-8.97],[117.43,-9.1],[116.85,-9.16],[116.62,-9.04],[116.6,-8.78],[116.67,-8.78],[116.65,-8.52],[116.86,-8.39],[117.52,-8.39],[117.76,-8.71],[118.05,-8.65],[117.58,-8.26],[117.37,-8.33],[117.35,-8.14],[118.01,-8.07],[118.17,-8.33],[118.31,-8.2],[118.54,-8.33],[118.9,-8.26],[119.08,-8.78],[118.72,-8.78],[118.72,-8.84],[118.29,-8.91],[118.28,-8.78],[118.13,-8.78]]],[[[116.64,-8.33],[116.65,-8.52],[116.45,-8.71],[116.47,-8.97],[115.73,-8.91],[115.72,-8.71],[115.94,-8.71],[115.93,-8.59],[115.92,-8.52],[115.91,-8.39],[116.12,-8.2],[116.48,-8.2],[116.64,-8.33]]],[[[119.51,-8.59],[119.37,-8.65],[119.29,-8.65],[119.21,-8.52],[119.27,-8.39],[119.42,-8.39],[119.51,-8.59]]],[[[113.78,-7.17],[113.28,-7.3],[112.69,-7.24],[112.71,-7.56],[113.09,-7.75],[114.26,-7.69],[114.41,-7.81],[114.35,-8.01],[114.43,-8.14],[115.3,-8.07],[115.61,-8.26],[115.63,-8.52],[115.34,-8.59],[115.08,-8.91],[114.93,-8.91],[114.98,-8.65],[114.37,-8.33],[114.32,-8.52],[114.47,-8.65],[114.49,-8.84],[114.27,-8.84],[114.18,-8.65],[113.74,-8.65],[113.21,-8.33],[112.99,-8.33],[112.85,-8.46],[112.27,-8.46],[111.89,-8.33],[110.65,-8.26],[109.9,-8.01],[109.89,-7.94],[110.01,-7.56],[109.49,-7.36],[109.4,-7.11],[109.25,-7.04],[109.24,-6.85],[109.31,-6.85],[110.34,-6.91],[110.53,-6.46],[110.89,-6.4],[111.05,-6.66],[111.49,-6.59],[111.64,-6.79],[111.94,-6.79],[112.16,-6.91],[112.52,-6.85],[112.53,-6.98],[112.6,-6.91],[112.67,-6.91],[113.91,-6.85],[113.99,-7.04],[113.85,-7.04],[113.78,-7.17]]],[[[115.23,-7.04],[115.16,-7.04],[115.08,-6.85],[115.29,-6.79],[115.38,-6.98],[115.23,-7.04]]],[[[107.47,-3.19],[107.45,-2.61],[107.52,-2.61],[107.52,-2.54],[108.03,-2.54],[108.18,-2.67],[108.12,-3.19],[107.47,-3.19]]],[[[106.81,-3.06],[106.45,-3.19],[105.78,-2.8],[105.77,-2.41],[105.62,-2.16],[105.11,-2.16],[104.96,-1.96],[105.24,-1.84],[105.24,-1.51],[105.6,-1.64],[105.6,-1.51],[105.97,-1.51],[106.21,-2.41],[106.72,-2.61],[106.72,-2.67],[106.58,-2.74],[106.58,-2.86],[106.8,-2.86],[106.81,-3.06]]],[[[108.88,-1.64],[108.81,-1.64],[108.66,-1.64],[108.66,-1.51],[108.88,-1.51],[108.88,-1.64]]],[[[110.39,-0.81],[110.58,-2.48],[111.09,-2.54],[111.08,-2.41],[111.38,-2.48],[111.66,-2.29],[111.95,-2.29],[112.11,-2.74],[112.48,-2.74],[112.69,-2.48],[113.12,-2.41],[113.79,-2.67],[114.52,-2.67],[114.52,-2.8],[114.74,-2.86],[114.9,-3.19],[115.19,-3.19],[115.68,-2.61],[115.67,-2.35],[115.74,-2.35],[115.66,-1.9],[116,-1.26],[116.15,-1.19],[116.28,-0.81],[116.57,-0.68],[116.78,-0.29],[116.77,0.16],[116.93,0.67],[117.15,0.8],[117.23,0.99],[117.89,1.06],[117.88,0.8],[117.59,0.67],[117.36,0.03],[117.37,-0.42],[117.52,-0.49],[117.45,-0.68],[117.52,-0.81],[117.16,-0.94],[117.02,-1.19],[116.66,-1.26],[116.66,-1.39],[116.45,-1.51],[116.45,-1.71],[116.31,-1.71],[116.39,-2.03],[116.32,-2.16],[116.54,-2.16],[116.54,-2.29],[116.47,-2.29],[116.48,-2.54],[116.26,-2.54],[116.34,-2.8],[116.13,-2.99],[116.24,-3.96],[116.02,-4.09],[115.93,-3.64],[115.79,-3.64],[115.72,-3.76],[115.5,-3.76],[114.65,-4.21],[114.5,-4.21],[114.4,-3.44],[114.18,-3.51],[114.18,-3.38],[113.88,-3.38],[113.82,-3.51],[113.52,-3.51],[113.44,-3.25],[113.08,-3.25],[113,-3.06],[112.65,-3.44],[112.06,-3.38],[111.85,-3.64],[111.71,-3.64],[111.61,-2.93],[111.1,-2.99],[111.03,-3.12],[110.45,-3.06],[110.45,-2.93],[110.09,-3.06],[109.98,-2.03],[109.76,-1.9],[109.75,-1.71],[109.9,-1.64],[109.89,-1.32],[109.67,-1.13],[109.53,-1.32],[109.31,-1.32],[109.37,-0.94],[109.08,-0.87],[109.22,-0.61],[108.93,-0.55],[108.98,0.09],[108.7,0.48],[108.88,1.51],[109.11,1.64],[109.34,2.02],[109.63,2.02],[109.63,1.89],[109.98,1.7],[109.76,1.51],[109.82,1.38],[109.68,1.38],[109.67,1.19],[109.44,0.93],[109.44,0.67],[109.51,0.67],[109.5,0.41],[109.72,0.03],[109.73,-0.49],[110.39,-0.81]]],[[[104.92,-0.23],[104.92,-0.36],[104.41,-0.29],[104.49,-0.36],[104.42,-0.68],[104.13,-0.61],[104.12,-0.36],[104.27,-0.36],[104.27,-0.29],[104.34,-0.29],[104.34,0.03],[104.55,0.03],[104.92,-0.23]]],[[[98.02,4.59],[98.24,4.53],[98.29,4.08],[98.58,4.01],[98.71,3.76],[99.14,3.63],[99.42,3.31],[99.56,3.31],[99.91,2.99],[99.9,2.73],[100.12,2.66],[100.11,2.54],[100.26,2.6],[100.39,2.21],[100.68,2.15],[100.69,2.34],[100.91,2.34],[101.26,2.02],[101.41,2.15],[101.7,2.09],[101.69,1.76],[101.61,1.76],[101.68,1.64],[102.41,1.57],[102.39,1.12],[102.83,1.12],[103.11,0.93],[103.11,0.8],[102.96,0.8],[102.95,0.41],[103.1,0.54],[103.32,0.54],[103.6,0.35],[103.75,-0.04],[103.39,-0.16],[103.61,-0.23],[103.61,-0.36],[103.32,-0.42],[103.33,-0.74],[103.62,-1],[104.21,-1],[104.36,-1.19],[104.52,-1.96],[104.81,-2.03],[104.82,-2.29],[105.48,-2.35],[105.64,-2.8],[106.01,-3.06],[105.95,-3.38],[105.73,-3.57],[105.89,-3.96],[105.76,-4.15],[105.85,-4.73],[105.78,-4.73],[105.69,-5.89],[105.39,-5.82],[105.23,-5.56],[105.17,-5.76],[104.81,-5.76],[104.51,-5.56],[104.6,-5.95],[104.3,-5.89],[104.14,-5.56],[104,-5.56],[103.76,-5.31],[103.76,-5.18],[103.23,-4.79],[103.09,-4.79],[102.18,-4.02],[102.1,-3.7],[101.43,-3.25],[101.27,-2.86],[100.9,-2.61],[100.74,-2.35],[100.73,-1.9],[100.28,-1.32],[100.2,-0.87],[99.68,-0.42],[99.61,-0.1],[99.46,0.03],[99.23,0.09],[99.16,0.22],[98.94,0.22],[98.95,0.61],[98.81,0.74],[98.61,1.31],[98.63,1.7],[97.92,2.21],[97.56,2.28],[97.5,2.79],[97.15,2.99],[96.88,3.56],[96.6,3.76],[96.24,3.82],[96.24,3.95],[95.2,4.91],[95.07,5.17],[95.09,5.56],[95.24,5.69],[95.75,5.62],[95.74,5.56],[95.67,5.56],[95.65,5.24],[95.86,5.04],[96.79,4.72],[97.09,4.79],[97.16,4.79],[97.39,5.11],[97.33,5.24],[97.33,5.3],[97.76,5.11],[98.02,4.59]]],[[[103.4,0.74],[103.39,0.67],[103.18,0.67],[103.18,0.86],[103.4,0.86],[103.4,0.74]]],[[[104.49,0.8],[104.34,0.8],[104.28,0.93],[104.2,0.93],[104.13,0.93],[104.21,1.19],[104.57,1.12],[104.49,0.8]]],[[[104.07,1.19],[104.06,1.06],[104.06,0.99],[103.77,0.93],[103.77,1.12],[103.92,1.25],[104.07,1.19]]],[[[107.98,4.14],[108.34,4.08],[108.32,3.69],[108.25,3.69],[108.25,3.63],[108.1,3.63],[108.04,3.82],[107.9,3.89],[107.98,4.14]]],[[[103.48,4.46],[103.37,3.63],[103.4,2.86],[103.83,2.54],[103.95,2.09],[104.23,1.7],[104.22,1.38],[104,1.38],[103.93,1.38],[103.56,1.38],[103.49,1.38],[103.27,1.31],[103.28,1.44],[103.06,1.64],[102.63,1.76],[102.35,2.09],[101.99,2.15],[101.71,2.41],[101.72,2.54],[101.43,2.6],[101.22,2.79],[101.23,3.18],[100.81,3.56],[100.48,4.21],[100.51,4.79],[100.37,4.91],[100.38,4.98],[100.83,5.36],[100.91,5.36],[101.09,6.07],[100.68,6.39],[100.7,6.84],[100.57,6.97],[100.65,7.1],[100.72,7.1],[100.85,6.91],[101.51,6.91],[101.84,6.39],[102.41,6.14],[102.41,6.07],[103.17,5.36],[103.36,4.98],[103.41,4.46],[103.48,4.46]]],[[[123.29,-10.77],[123,-10.84],[123.01,-10.9],[122.72,-10.96],[122.69,-10.71],[123.26,-10.51],[123.29,-10.77]]],[[[121.88,-10.58],[121.8,-10.58],[121.66,-10.58],[121.71,-10.39],[121.86,-10.39],[121.88,-10.58]]],[[[118.78,-9.49],[118.99,-9.36],[120.01,-9.36],[120.18,-9.61],[120.48,-9.68],[120.72,-9.94],[120.74,-10.19],[120.54,-10.32],[120.46,-10.32],[120.02,-10.26],[119.46,-9.81],[118.95,-9.74],[118.78,-9.49]]],[[[124.59,-9.94],[124.61,-10.06],[124.46,-10.06],[124.4,-10.19],[124.11,-10.19],[123.83,-10.39],[123.17,-10.39],[123.22,-10.13],[123.51,-10.13],[123.42,-9.87],[123.68,-9.55],[123.67,-9.42],[123.94,-9.23],[124.52,-9.1],[124.98,-8.59],[126.51,-8.46],[126.64,-8.33],[127.23,-8.39],[127.17,-8.59],[126.9,-8.78],[126.68,-8.78],[126.62,-8.91],[125.84,-9.16],[125.76,-9.16],[125.06,-9.42],[124.85,-9.61],[124.87,-9.74],[124.59,-9.94]]],[[[122.71,-8.46],[122.66,-8.71],[121.93,-8.78],[121.72,-8.91],[121.28,-8.84],[121.29,-8.97],[120.78,-8.97],[120.62,-8.84],[119.75,-8.91],[119.67,-8.78],[119.45,-8.84],[119.44,-8.71],[119.66,-8.65],[119.71,-8.46],[120,-8.39],[120.06,-8.26],[120.72,-8.26],[121.33,-8.52],[121.98,-8.46],[122.28,-8.59],[122.48,-8.33],[122.63,-8.33],[122.61,-8.07],[122.82,-8.07],[122.91,-8.26],[123.2,-8.26],[123.21,-8.39],[123.28,-8.26],[123.78,-8.2],[123.73,-8.39],[123.51,-8.46],[123.52,-8.59],[123.16,-8.59],[123.15,-8.52],[123,-8.46],[122.94,-8.59],[122.79,-8.59],[122.71,-8.46]]],[[[125.02,-8.2],[124.97,-8.46],[124.25,-8.52],[124.16,-8.33],[124.17,-8.52],[123.96,-8.59],[123.8,-8.46],[123.8,-8.39],[124,-8.2],[124.37,-8.26],[124.36,-8.14],[125.02,-8.2]]],[[[126.54,-7.94],[126.4,-8.01],[125.67,-8.01],[125.71,-7.69],[126.22,-7.62],[126.29,-7.62],[126.51,-7.56],[126.67,-7.81],[126.53,-7.81],[126.54,-7.94]]],[[[121.83,-5.05],[121.9,-5.05],[121.99,-5.37],[121.77,-5.44],[121.68,-5.11],[121.83,-5.05]]],[[[122.68,-4.6],[122.81,-4.41],[123.03,-4.41],[123.12,-4.73],[122.91,-4.92],[123.09,-5.44],[122.8,-5.5],[122.81,-5.69],[122.44,-5.63],[122.43,-5.5],[122.43,-5.44],[122.14,-5.44],[122.18,-4.79],[122.46,-4.6],[122.68,-4.6]]],[[[127.8,-3.57],[127.88,-3.57],[127.95,-3.57],[128.24,-3.51],[128.25,-3.7],[127.81,-3.83],[127.8,-3.57]]],[[[127.06,-3.19],[127.21,-3.44],[127.15,-3.7],[126.65,-3.89],[126.43,-3.83],[126.36,-3.83],[125.91,-3.51],[125.89,-3.12],[126.83,-3.06],[127.06,-3.19]]],[[[129.76,-3.38],[128.96,-3.44],[128.67,-3.31],[128.53,-3.51],[128.38,-3.51],[128.08,-3.31],[128.08,-3.19],[127.93,-3.25],[127.87,-3.44],[127.72,-3.44],[127.71,-3.19],[127.78,-2.99],[128.28,-2.8],[129.66,-2.8],[129.96,-2.99],[130.4,-2.99],[130.55,-3.12],[130.56,-3.31],[130.56,-3.38],[130.79,-3.51],[130.73,-3.89],[129.91,-3.57],[129.76,-3.38]]],[[[126.07,-1.96],[125.92,-1.96],[126.01,-2.48],[125.79,-2.41],[125.7,-1.96],[125.56,-1.96],[125.49,-1.96],[125.27,-1.9],[125.26,-1.77],[126.14,-1.77],[126.07,-1.96]]],[[[124.24,-1.64],[124.46,-1.64],[124.53,-1.64],[125.11,-1.71],[125.19,-1.9],[124.25,-2.03],[124.24,-1.64]]],[[[123.15,-1.64],[123,-1.64],[122.93,-1.51],[122.86,-1.64],[122.71,-1.64],[122.7,-1.26],[122.99,-1.13],[123.06,-1.13],[123.14,-1.26],[123.43,-1.26],[123.43,-1.45],[123.15,-1.64]]]]}},{"type":"Feature","properties":{"NAME":"Germiyanids","C":2,"name":"Germiyanids","start_year":1375,"end_year":1406,"capital":"","type":"polity","region":"","event":"","source":"Cliopatria / Seshat Global History Databank (CC BY 4.0)","wikipedia":"Germiyanids","wikidata":"Q1324889","_a":138,"_c":[38.43,38.56],"_nz":"格尔米扬王朝","_sz":""},"geometry":{"type":"MultiPolygon","coordinates":[[[[41.46,36.55],[41.06,36.42],[40.51,35.13],[40.36,35.13],[40.37,35.26],[39.74,35.77],[38.13,35.97],[38.09,36.29],[38.26,36.35],[38.38,36.74],[37.96,37.13],[38.08,37.51],[38.72,37.64],[39.5,38.22],[39.71,38.03],[39.95,38.03],[40.15,37.84],[40.46,37.77],[41.15,37.13],[41.14,37.06],[41.46,36.55]]],[[[30.27,37.45],[30.05,37.58],[28.71,37.45],[28.68,37.96],[28.38,38.09],[28.64,38.48],[28.5,38.67],[28.52,38.93],[28.62,39.13],[28.78,39.13],[28.9,39.58],[29.3,39.71],[30.95,39.64],[31.18,39.58],[31.15,39.32],[31.08,39.32],[31.04,38.93],[31.03,38.87],[31.02,38.8],[30.95,38.8],[30.94,38.74],[30.93,38.67],[31.56,38.61],[31.85,38.42],[31.84,38.29],[31.52,38.22],[31,37.71],[30.92,37.71],[30.84,37.71],[30.84,37.64],[30.76,37.64],[30.75,37.58],[30.27,37.45]]],[[[32.68,40.29],[32.76,40.29],[32.76,40.36],[33.17,40.42],[33.77,40.16],[33.57,39.77],[32.78,39.77],[32.74,40.16],[32.75,40.23],[32.67,40.23],[32.68,40.29]]],[[[48.2,41.59],[48.12,41.59],[48.17,41.85],[48.09,41.85],[48.2,41.98],[48.28,41.98],[48.27,41.91],[48.34,41.91],[48.48,41.78],[48.28,41.59],[48.2,41.59]]]]}},{"type":"Feature","properties":{"NAME":"Tondo","C":6,"name":"Tondo","start_year":1375,"end_year":1496,"capital":"","type":"polity","region":"","event":"","source":"Cliopatria / Seshat Global History Databank (CC BY 4.0)","wikipedia":"Tondo (historical polity)","wikidata":"Q1642472","_a":1,"_c":[120.78,14.75],"_nz":"汤都","_sz":""},"geometry":{"type":"Polygon","coordinates":[[[120.31,14.62],[120.19,14.81],[120.51,15.01],[120.72,14.94],[120.96,15.07],[121.24,14.94],[121.25,15.01],[121.32,15.01],[121.31,14.94],[121.24,14.94],[121.37,14.88],[121.35,14.75],[121.05,14.69],[121.03,14.56],[120.62,14.75],[120.64,14.43],[120.35,14.43],[120.3,14.56],[120.31,14.62]]]}},{"type":"Feature","properties":{"NAME":"Novgorod Republic","C":2,"name":"Novgorod Republic","start_year":1375,"end_year":1428,"capital":"","type":"polity","region":"","event":"","source":"Cliopatria / Seshat Global History Databank (CC BY 4.0)","wikipedia":"Novgorod Republic","wikidata":"Q151536","_a":576,"_c":[48.09,63.44],"_nz":"诺夫哥罗德共和国","_sz":""},"geometry":{"type":"Polygon","coordinates":[[[61.39,69.87],[60.83,69.95],[60.54,69.79],[60.48,70.02],[60.12,70.1],[60.16,70.18],[59.86,70.18],[59.91,70.26],[59.7,70.26],[59.75,70.33],[59.44,70.33],[59.49,70.41],[58.97,70.57],[58.43,70.33],[58.34,70.18],[58.44,70.18],[58.45,70.02],[58.81,69.95],[58.77,69.87],[59.11,69.95],[59.07,69.87],[59.37,69.87],[59.33,69.79],[59.53,69.79],[59.48,69.72],[60.09,69.72],[60.05,69.49],[60.41,69.41],[60.48,69.18],[60.78,69.18],[60.73,69.11],[60.83,69.11],[60.7,68.88],[59.96,68.8],[59.77,68.65],[59.74,68.42],[59.24,68.42],[59.23,68.57],[59.13,68.57],[59.4,68.88],[59.04,68.95],[59.09,69.03],[58.39,69.03],[58.2,68.88],[57.84,68.95],[57.18,68.65],[55.62,68.73],[55.04,68.57],[54.79,68.27],[54.69,68.27],[54.73,68.35],[53.3,68.27],[53.87,68.42],[53.95,68.57],[53.79,68.65],[54.04,68.95],[53.28,69.03],[52.47,68.8],[52.25,68.57],[51.89,68.65],[51.52,68.5],[50.82,68.5],[49.29,67.97],[48.7,67.97],[48.7,67.74],[47.78,67.67],[47.72,67.52],[47.82,67.52],[47.53,67.07],[47.63,67.07],[47.6,67],[47.37,66.92],[45.81,66.92],[45.56,67.3],[45.17,67.3],[45.2,67.37],[44.93,67.44],[45.09,67.59],[45.29,67.59],[45.35,67.74],[46.66,67.82],[46.69,68.12],[46.49,68.12],[46.45,68.27],[46.09,68.35],[46.12,68.42],[45.92,68.42],[45.88,68.57],[45.58,68.57],[45.61,68.65],[44.19,68.57],[44.22,68.65],[43.45,68.73],[43.46,68.5],[43.76,68.5],[43.73,68.42],[44.17,68.27],[43.94,67.67],[43.84,67.67],[43.6,67.3],[43.7,67.3],[43.74,67.15],[44.13,67.15],[44.1,67.07],[44.37,67],[44.28,66.77],[44.38,66.77],[44.35,66.7],[44.13,66.62],[43.97,66.18],[43.61,66.25],[43.66,66.4],[43.46,66.4],[43.49,66.48],[41.96,66.55],[41.44,66.18],[40.4,65.96],[40.26,65.81],[39.61,65.59],[39.54,65.37],[39.68,65.22],[39.88,65.22],[39.93,65.08],[40.12,65.08],[40.07,64.93],[40.24,64.86],[40.19,64.71],[39.41,64.64],[39.43,64.71],[38.88,64.79],[38.9,64.86],[38.21,64.79],[38.16,64.93],[37.45,65.15],[37.48,65.22],[37.19,65.22],[37.21,65.3],[36.92,65.3],[36.69,65.15],[36.65,65],[36.36,65],[36.32,64.86],[36.54,64.64],[36.73,64.64],[36.79,64.49],[36.98,64.49],[37.13,64.35],[37.53,64.42],[37.89,64.35],[37.88,63.99],[37.39,63.91],[36.55,63.99],[36.25,64.28],[35.97,64.28],[35.82,64.42],[34.98,64.49],[34.94,64.71],[34.85,64.71],[34.9,64.93],[34.73,65],[34.79,65.22],[34.44,65.37],[34.67,65.52],[34.87,65.88],[34.56,66.18],[34.09,66.25],[34.11,66.33],[33.63,66.33],[33.68,66.55],[33,66.55],[32.88,66.85],[32.41,66.92],[32.18,66.77],[32.14,66.62],[31.75,66.62],[31.81,66.48],[30.93,66.03],[30.79,65.81],[30.47,65.66],[30.43,65.52],[30.11,65.37],[29.96,65.08],[29.86,65.08],[29.81,64.86],[29.72,64.86],[29.67,64.64],[29.58,64.64],[29.53,64.42],[29.31,64.28],[29.27,64.06],[28.94,63.84],[29.01,63.7],[28.68,63.48],[28.54,63.19],[28.44,63.19],[28.4,62.98],[28.19,62.83],[28.17,62.76],[28.41,62.55],[28.6,62.55],[29.24,61.97],[29.21,61.83],[29.37,61.69],[29.29,61.26],[29.38,61.26],[29.41,60.91],[29.59,60.91],[29.64,60.7],[30,60.63],[29.93,60.28],[29.83,60.21],[29.81,60.14],[29.99,60.14],[29.97,60],[30.16,60.07],[30.14,59.92],[29.76,59.85],[29.77,59.92],[29.15,60],[29.16,60.07],[28.85,59.85],[28.41,59.92],[28.29,59.78],[27.93,59.78],[27.88,59.5],[28.05,59.43],[28.04,59.36],[28.43,59.02],[28.78,58.95],[28.76,58.81],[28.85,58.81],[28.82,58.67],[28.91,58.67],[28.89,58.53],[29.04,58.39],[28.98,58.04],[29.38,57.77],[29.37,57.7],[29.76,57.35],[29.58,56.87],[29.98,56.59],[29.96,56.46],[30.11,56.32],[30.37,56.32],[30.84,56.46],[31.13,57.08],[31.66,57.08],[32.13,57.21],[32.45,57.49],[32.63,57.49],[32.86,57.77],[33.13,57.77],[33.36,57.56],[33.67,57.77],[34.23,57.9],[35.02,57.83],[35.01,57.77],[35.36,57.77],[35.69,57.63],[35.84,57.49],[35.83,57.08],[35.92,57.08],[36.16,57.35],[36.55,57.49],[36.59,58.04],[36.5,58.04],[36.55,58.25],[36.46,58.25],[36.51,58.46],[36.42,58.46],[36.45,58.95],[35.96,59.16],[35.91,59.71],[35.77,59.85],[35.82,60.07],[35.73,60.07],[35.85,60.56],[36.25,60.7],[36.52,60.7],[36.74,60.84],[38.32,60.91],[38.38,60.77],[39.29,60.42],[39.32,60.21],[39.5,60.21],[39.56,60.07],[39.81,60],[39.79,59.92],[40.04,59.85],[40.09,59.71],[40.28,59.71],[40.61,59.29],[40.79,59.29],[41.6,59.57],[41.64,59.71],[42.2,60.07],[43.01,60.91],[43.29,61.48],[43.54,61.69],[44.28,61.69],[44.49,61.76],[44.54,61.9],[46.09,61.83],[46.07,61.76],[46.25,61.76],[46.39,61.62],[46.24,61.19],[46.33,61.19],[47.32,61.12],[47.61,61.41],[48.16,61.41],[48.26,61.19],[49.12,61.26],[49.09,61.19],[49.65,61.19],[49.62,61.12],[50.73,61.12],[51.7,61.26],[53.11,61.76],[53.17,61.69],[53.05,61.41],[53.15,61.41],[52.97,61.19],[53.15,61.19],[53.1,60.63],[53.19,60.63],[53.01,60.42],[53.19,60.42],[53.14,60.28],[53.23,60.28],[53.08,60.14],[53.26,60.14],[53.18,59.92],[53.27,59.92],[53.09,59.71],[53.27,59.71],[53.4,59.57],[53.41,59.16],[54.01,59.29],[55.25,59.22],[57,59.92],[58.52,60.07],[59.13,60],[59.96,60.21],[61.39,60.35],[62.48,60.7],[63.12,61.05],[63.99,61.83],[64.22,62.26],[64.13,62.26],[64.32,62.62],[64.23,62.62],[64.31,62.76],[64.21,62.76],[64.29,62.9],[64.2,62.9],[64.28,63.05],[64.18,63.05],[64.26,63.19],[64.11,63.26],[64.19,63.41],[64.04,63.48],[64.11,63.77],[64.02,63.77],[64.27,64.57],[64.46,64.57],[64.49,64.79],[64.77,64.93],[64.89,65.15],[65.09,65.15],[65.27,65.3],[65.53,65.74],[66.27,66.33],[66.45,66.62],[67.02,67.07],[68.29,68.42],[67.94,68.5],[67.99,68.57],[67.69,68.57],[67.74,68.65],[67.25,68.8],[67.3,68.88],[67,68.88],[67.05,68.95],[66.2,69.03],[66.25,69.11],[65.34,69.26],[65.39,69.33],[64.89,69.33],[64.94,69.41],[64.74,69.41],[64.79,69.49],[64.38,69.49],[64.43,69.56],[63.88,69.64],[63.93,69.72],[61.5,69.87],[61.39,69.87]]]}},{"type":"Feature","properties":{"NAME":"Ava Kingdom","C":3,"name":"Ava Kingdom","start_year":1375,"end_year":1428,"capital":"","type":"polity","region":"","event":"","source":"Cliopatria / Seshat Global History Databank (CC BY 4.0)","wikipedia":"Kingdom of Ava","wikidata":"Q2500952","_a":22,"_c":[96.01,20.83],"_nz":"阿瓦王国","_sz":""},"geometry":{"type":"Polygon","coordinates":[[[97.15,18.35],[96.89,18.54],[97.23,19.89],[97.4,20.02],[97.46,20.41],[97.53,20.41],[97.75,22.34],[97.68,22.34],[97.76,22.85],[97.5,23.49],[97.3,23.69],[97.16,23.69],[97.04,23.88],[96.69,24.01],[95.62,23.88],[94.9,23.56],[94.3,22.59],[94.29,22.53],[94.36,22.53],[94.26,21.89],[94.34,21.89],[94.33,20.79],[94.84,19.7],[94.73,19.44],[94.89,19.06],[94.9,18.61],[95.09,18.41],[94.97,18.09],[94.99,17.71],[94.98,17.64],[96.2,17.9],[97.16,17.9],[97.15,18.35]]]}},{"type":"Feature","properties":{"NAME":"Kingdom of Sweden","C":0,"name":"Kingdom of Sweden","start_year":1375,"end_year":1401,"capital":"","type":"polity","region":"","event":"","source":"Cliopatria / Seshat Global History Databank (CC BY 4.0)","wikipedia":"Sweden","wikidata":"Q34","_a":255,"_c":[20.31,59.83],"_nz":"瑞典王国","_sz":""},"geometry":{"type":"MultiPolygon","coordinates":[[[[11.4,54],[11.4,54.14],[12.36,54.41],[12.44,54.41],[12.44,54.27],[12.95,53.94],[12.86,53.8],[13.04,53.8],[13.03,53.66],[13.12,53.66],[12.77,53.39],[12.17,53.39],[11.91,53.6],[11.74,53.6],[11.56,53.39],[11.31,53.46],[11.13,53.26],[10.62,53.39],[11.05,53.73],[11.05,53.87],[10.88,54],[10.88,54.07],[11.4,54]]],[[[19.72,60.49],[20.17,60.42],[20.15,60.21],[19.95,60.07],[19.68,60.14],[19.7,60.28],[19.7,60.35],[19.72,60.49]]],[[[26.22,65.66],[26.09,65.44],[26.07,64.79],[25.75,64.57],[25.15,64.42],[25.13,64.28],[26.29,63.84],[26.28,63.77],[26.56,63.77],[26.45,63.62],[26.99,63.48],[27.31,63.19],[27.68,63.12],[28.08,62.76],[28.17,62.76],[28.41,62.55],[28.6,62.55],[29.24,61.97],[29.21,61.83],[29.37,61.69],[29.29,61.26],[29.38,61.26],[29.41,60.91],[29.59,60.91],[29.64,60.7],[30,60.63],[29.93,60.28],[29.83,60.21],[29.73,60.21],[29.38,60.28],[28.99,60.14],[28.49,60.42],[28.54,60.7],[28.45,60.7],[28.24,60.56],[27.13,60.49],[27.05,60.56],[26.75,60.42],[26.4,60.49],[25.82,60.28],[24.61,60.14],[24.5,60],[24.05,60.07],[23.76,59.92],[23.03,59.85],[23.05,60.07],[22.31,60],[22.36,60.42],[21.91,60.42],[21.74,60.56],[21.46,60.56],[21.33,60.98],[21.23,60.98],[21.25,61.12],[21.44,61.19],[21.5,61.69],[21.24,61.83],[21.19,62.26],[21.29,62.33],[21.2,62.33],[21.21,62.47],[20.95,62.62],[21.07,62.83],[21.26,62.9],[21.28,63.05],[21.48,63.12],[21.5,63.34],[21.96,63.26],[22.16,63.34],[22.37,63.48],[22.38,63.62],[22.78,63.77],[22.8,63.91],[23.28,63.99],[23.3,64.13],[23.49,64.13],[23.82,64.42],[24.01,64.42],[24.54,64.79],[24.56,64.93],[25.23,64.93],[25.23,65.52],[24.67,65.59],[24.68,65.66],[24.21,65.74],[24.22,65.81],[22.47,65.74],[22.38,65.81],[22.44,65.52],[21.76,65.44],[21.65,65.37],[21.62,65.08],[21.21,64.93],[21.3,64.86],[21.28,64.64],[21.47,64.64],[21.54,64.42],[21.14,64.28],[20.81,63.91],[20.62,63.91],[20.41,63.7],[19.83,63.62],[19.73,63.48],[19.35,63.48],[19.14,63.26],[18.75,63.12],[18.47,63.12],[18.35,62.83],[17.98,62.83],[17.96,62.62],[17.76,62.47],[17.39,62.47],[17.56,62.33],[17.55,62.19],[17.36,62.05],[17.51,61.69],[17.24,61.69],[17.19,60.98],[17.28,60.98],[17.26,60.77],[18.61,60.42],[18.5,60.21],[18.78,60.21],[19.03,60],[19.01,59.71],[18.83,59.71],[18.63,59.5],[18.35,59.43],[18.41,59.09],[18.14,59.09],[17.95,58.88],[17.5,58.88],[17.49,58.74],[17.13,58.74],[17.03,58.6],[16.85,58.6],[16.84,58.46],[16.66,58.46],[16.83,58.32],[16.81,58.04],[16.63,57.9],[16.71,57.83],[16.7,57.7],[16.61,57.7],[16.69,57.42],[16.5,57.28],[16.48,56.87],[16.76,57.08],[16.95,57.42],[17.13,57.42],[17.12,57.28],[16.74,56.8],[16.63,56.39],[16.27,56.25],[16.28,56.52],[16.19,56.52],[16.19,56.39],[16.1,56.39],[15.93,56.52],[13.46,56.59],[13.29,56.94],[13.12,57.01],[13.12,57.14],[12.95,57.28],[13.58,57.63],[13.67,57.83],[13.59,57.83],[13.59,58.04],[14.04,58.04],[14.6,58.53],[14.6,58.67],[14.25,58.81],[14.25,58.95],[14.16,58.95],[14.27,59.43],[14.36,59.43],[14.28,59.5],[14.38,59.85],[14.29,59.85],[14.31,60.42],[14.4,60.42],[14.42,60.7],[14.51,60.7],[14.35,61.26],[14.74,61.69],[14.75,61.97],[15.21,61.97],[15.23,62.19],[14.68,62.4],[14.69,62.62],[16.1,62.76],[16.59,63.12],[16.51,63.26],[15.77,63.48],[15.49,63.7],[15.5,63.84],[16.26,63.91],[16.46,64.06],[16.58,64.35],[16.67,64.35],[16.76,64.2],[17.5,63.91],[18.46,64.06],[18.54,63.99],[18.43,63.77],[18.9,63.7],[19.5,64.06],[20.28,64.28],[20.52,64.71],[20.34,64.86],[20.38,65.15],[20.87,65.3],[20.79,65.44],[21.08,65.44],[21.32,65.81],[21.52,65.88],[21.54,66.03],[21.85,66.18],[22.14,66.18],[22.66,66.4],[23.62,66.33],[23.73,66.4],[23.8,66.25],[25.34,66.18],[25.33,66.11],[25.79,65.96],[25.89,65.96],[26.22,65.66]]]]}},{"type":"Feature","properties":{"NAME":"Principality of Smolensk","C":1,"name":"Principality of Smolensk","start_year":1375,"end_year":1401,"capital":"","type":"polity","region":"","event":"","source":"Cliopatria / Seshat Global History Databank (CC BY 4.0)","wikipedia":"Principality of Smolensk","wikidata":"Q1483495","_a":24,"_c":[33.67,54.52],"_nz":"斯摩棱斯克公国","_sz":""},"geometry":{"type":"Polygon","coordinates":[[[35.92,54.68],[35.95,54.82],[36.5,54.95],[36.54,55.16],[35.79,55.29],[35.69,55.63],[35.53,55.7],[35.5,56.39],[34.93,56.59],[33.97,56.25],[33.94,56.11],[33.68,56.11],[33.01,55.84],[32.66,55.84],[32.36,55.63],[31.86,55.77],[30.88,55.7],[30.88,55.23],[30.97,55.23],[30.8,54.75],[30.89,54.75],[30.94,54.55],[31.65,54.61],[31.79,54.48],[31.75,52.72],[31.99,52.65],[32.05,52.45],[32.22,52.45],[32.47,52.92],[32.87,53.26],[33.3,53.26],[33.68,53.46],[33.85,53.87],[34.04,54],[34.01,54.27],[34.43,54.61],[35.73,54.61],[35.92,54.68]]]}},{"type":"Feature","properties":{"NAME":"Emirate of Granada","C":0,"name":"Emirate of Granada","start_year":1375,"end_year":1401,"capital":"","type":"polity","region":"","event":"","source":"Cliopatria / Seshat Global History Databank (CC BY 4.0)","wikipedia":"Emirate of Granada","wikidata":"Q238445","_a":7,"_c":[-3.77,37.03],"_nz":"格拉纳达埃米尔国","_sz":""},"geometry":{"type":"MultiPolygon","coordinates":[[[[-2.45,36.87],[-2.68,36.74],[-4.47,36.74],[-4.69,36.55],[-5.23,36.48],[-5.29,36.22],[-5.44,36.16],[-5.52,36.16],[-5.61,36.35],[-5.85,36.48],[-5.73,36.93],[-4.95,37],[-4.66,37.25],[-3.65,37.32],[-3.52,37.64],[-3.2,37.64],[-3.19,37.51],[-2.96,37.51],[-2.83,37.9],[-2.12,37.84],[-1.94,37.38],[-1.78,37.32],[-1.86,37.32],[-2.06,36.8],[-2.38,36.87],[-2.45,36.87]]],[[[-1.78,37.25],[-1.78,37.32],[-1.7,37.32],[-1.7,37.25],[-1.78,37.25]]]]}},{"type":"Feature","properties":{"NAME":"Northern Yuan","C":5,"name":"Northern Yuan","start_year":1375,"end_year":1401,"capital":"","type":"polity","region":"","event":"","source":"Cliopatria / Seshat Global History Databank (CC BY 4.0)","wikipedia":"Northern Yuan","wikidata":"Q8959","_a":628,"_c":[105.36,48.43],"_nz":"北元","_sz":""},"geometry":{"type":"Polygon","coordinates":[[[112.18,55.63],[114.04,55.36],[113.98,55.29],[114.53,55.23],[114.47,55.16],[116.47,54.95],[116.41,54.89],[117.14,54.82],[117.08,54.75],[117.48,54.82],[117.36,54.68],[118.94,54.41],[118.88,54.34],[119.14,54.34],[119.08,54.27],[119.26,54.27],[119.19,54.21],[119.97,54],[119.9,53.94],[120.41,53.73],[120.35,53.66],[120.92,53.53],[120.86,53.46],[121.15,53.39],[121.09,53.33],[121.58,53.39],[121.46,53.26],[121.63,53.26],[121.6,53.12],[122.14,53.06],[122.08,52.99],[122.53,52.92],[122.47,52.86],[122.82,52.86],[122.76,52.79],[123.02,52.79],[122.96,52.72],[123.13,52.72],[123.07,52.65],[123.52,52.59],[123.46,52.52],[123.63,52.52],[123.57,52.45],[124.42,52.25],[124.36,52.18],[124.87,52.18],[124.82,52.12],[125.07,52.12],[125.01,52.05],[125.27,52.05],[125.21,51.98],[125.6,51.85],[125.57,51.71],[125.74,51.71],[125.82,51.31],[125.9,51.31],[125.9,51.11],[126.07,50.91],[125.96,50.78],[126.1,50.65],[125.99,50.51],[126.13,50.38],[126.02,50.25],[126.13,50.18],[126,49.91],[126.11,49.85],[125.96,49.45],[126.05,49.45],[125.9,49.05],[125.99,49.05],[125.71,48.59],[125.8,48.59],[125.47,47.93],[125.55,47.93],[125.4,47.73],[125.49,47.73],[125.1,47.2],[125.18,47.2],[124.81,46.68],[124.24,46.22],[124.19,46.15],[123.62,46.15],[121.92,45.69],[118.73,45.43],[116.44,44.52],[115.31,44.39],[114.3,43.93],[112.53,43.54],[111.47,42.95],[110.51,42.82],[107.59,42.76],[103.77,42.5],[101.53,42.5],[101.56,42.56],[100.76,42.56],[100.79,42.63],[98.92,42.56],[98.95,42.63],[98.15,42.63],[98.18,42.69],[97.7,42.69],[97.73,42.76],[96.58,42.69],[96.48,42.82],[96.24,42.82],[94.5,42.37],[92.33,42.69],[91.92,42.5],[91.48,42.04],[90.65,40.87],[90.49,41.07],[90.5,41.46],[90.42,41.46],[90.46,41.91],[90.33,41.98],[90.74,43.41],[90.66,43.41],[90.84,43.8],[90.71,43.86],[90.75,44.12],[90.41,44.25],[90.39,44.39],[89.96,44.52],[89.94,44.65],[89.39,44.84],[89.37,44.97],[88.94,45.1],[88.92,45.24],[88.5,45.37],[88.48,45.5],[86.72,46.28],[86.6,46.55],[86.43,46.55],[86.36,46.74],[86.2,46.74],[86.13,46.94],[85.96,46.94],[85.89,47.14],[85.73,47.14],[85.74,47.33],[85.55,47.47],[85.62,47.6],[85.51,47.73],[85.56,47.99],[85.48,47.99],[85.67,48.39],[85.57,48.52],[85.63,48.65],[85.55,48.65],[85.62,48.79],[85.48,48.85],[85.55,48.99],[85.25,49.38],[85.3,49.65],[85.14,49.65],[85.02,49.91],[84.59,50.05],[84.62,50.11],[84.61,50.25],[86.16,51.38],[86.35,51.58],[86.31,51.65],[87.22,52.05],[87.21,52.18],[87.34,52.25],[88.86,52.79],[88.94,52.92],[89.07,52.86],[91.39,53.53],[91.48,53.66],[91.69,53.6],[94.93,54.55],[96.46,54.75],[96.56,54.89],[98.54,55.09],[105.88,55.43],[106.92,55.63],[108.7,55.77],[109.23,55.98],[110.72,55.98],[110.66,55.91],[112.15,55.7],[112.09,55.63],[112.18,55.63]]]}},{"type":"Feature","properties":{"NAME":"Kingdom of Navarre","C":11,"name":"Kingdom of Navarre","start_year":1375,"end_year":1421,"capital":"","type":"polity","region":"","event":"","source":"Cliopatria / Seshat Global History Databank (CC BY 4.0)","wikipedia":"Kingdom of Navarre","wikidata":"Q200262","_a":2,"_c":[-1.53,42.63],"_nz":"纳瓦拉王国","_sz":""},"geometry":{"type":"Polygon","coordinates":[[[-1.44,42.11],[-1.39,42.5],[-0.86,42.95],[-0.87,43.15],[-1.04,43.34],[-1.69,43.34],[-1.77,43.34],[-1.85,43.34],[-1.84,43.21],[-2.2,42.69],[-2.02,42.37],[-1.78,42.3],[-1.83,41.91],[-1.43,41.91],[-1.44,42.04],[-1.44,42.11]]]}},{"type":"Feature","properties":{"NAME":"Chimu Empire","C":0,"name":"Chimu Empire","start_year":1375,"end_year":1474,"capital":"","type":"polity","region":"","event":"","source":"Cliopatria / Seshat Global History Databank (CC BY 4.0)","wikipedia":"Chimor","wikidata":"Q581741","_a":41,"_c":[-79.17,-7.55],"_nz":"奇穆帝国","_sz":""},"geometry":{"type":"MultiPolygon","coordinates":[[[[-79.89,-4.79],[-79.77,-5.63],[-79.56,-5.82],[-79.64,-5.89],[-79.58,-6.14],[-79.44,-6.21],[-79.52,-6.4],[-79.24,-6.72],[-79.4,-6.98],[-79.06,-7.49],[-78.91,-7.43],[-78.86,-7.69],[-78.71,-7.75],[-78.39,-8.39],[-78.24,-8.33],[-78.32,-8.52],[-78.18,-8.59],[-77.86,-9.23],[-77.63,-10.06],[-77.42,-10.26],[-77.5,-10.39],[-77.36,-10.45],[-77.31,-10.71],[-77.17,-10.77],[-76.92,-11.29],[-76.87,-11.54],[-77.1,-11.74],[-77.05,-11.99],[-77.27,-11.99],[-77.32,-11.67],[-77.8,-11.35],[-77.77,-11.03],[-78.36,-10.06],[-78.34,-9.87],[-78.86,-8.97],[-78.98,-8.46],[-79.59,-7.75],[-79.71,-7.3],[-79.85,-7.24],[-79.98,-6.91],[-80.33,-6.59],[-80.48,-6.59],[-80.25,-6.4],[-80.24,-6.21],[-80.37,-5.95],[-80.52,-5.95],[-80.44,-5.82],[-80.8,-5.76],[-80.95,-5.95],[-81.17,-5.89],[-81.02,-5.82],[-81.01,-5.63],[-81.29,-5.31],[-81.28,-4.92],[-81.42,-4.86],[-81.47,-4.41],[-81.17,-3.96],[-80.95,-3.83],[-80.94,-3.7],[-80.65,-3.57],[-80.42,-3.31],[-80.13,-3.25],[-80.12,-3.12],[-79.77,-3.38],[-79.62,-3.31],[-79.7,-3.7],[-79.63,-3.83],[-79.87,-4.41],[-79.8,-4.54],[-79.88,-4.73],[-79.89,-4.79]]],[[[-79.69,-3.31],[-79.76,-3.31],[-79.76,-3.25],[-79.69,-3.25],[-79.69,-3.31]]]]}},{"type":"Feature","properties":{"NAME":"Giudicato of Arborea","C":6,"name":"Giudicato of Arborea","start_year":1375,"end_year":1414,"capital":"","type":"polity","region":"","event":"","source":"Cliopatria / Seshat Global History Databank (CC BY 4.0)","wikipedia":"Judicate of Arborea","wikidata":"Q1241847","_a":4,"_c":[8.99,40.07],"_nz":"阿尔博雷亚王国","_sz":""},"geometry":{"type":"Polygon","coordinates":[[[9.1,41.26],[9.5,41.2],[9.82,40.74],[9.82,40.36],[9.67,40.29],[9.74,40.16],[9.67,39.19],[9.28,39.13],[9.36,39.38],[9.12,39.38],[9.04,39.32],[9.12,39.13],[8.97,38.87],[8.34,39],[8.41,39.26],[8.33,39.26],[8.33,39.51],[8.48,39.77],[8.48,39.9],[8.32,39.97],[8.4,40.23],[8.4,40.29],[8.56,40.36],[8.56,40.55],[8.32,40.61],[8.24,40.61],[8.16,40.55],[8.15,40.94],[8.55,40.87],[9.02,41.26],[9.1,41.26]]]}},{"type":"Feature","properties":{"NAME":"Sukhothai Kingdom","C":11,"name":"Sukhothai Kingdom","start_year":1375,"end_year":1421,"capital":"","type":"polity","region":"","event":"","source":"Cliopatria / Seshat Global History Databank (CC BY 4.0)","wikipedia":"Sukhothai Kingdom","wikidata":"Q863279","_a":13,"_c":[99.6,17.81],"_nz":"素可泰王国","_sz":""},"geometry":{"type":"Polygon","coordinates":[[[101.06,17.77],[101.25,18.09],[101.27,18.22],[101.13,18.29],[101.18,18.61],[101.35,18.74],[101.4,19.06],[101.28,19.25],[101.31,19.44],[101.18,19.57],[100.66,19.51],[100.63,19.31],[100.75,19.19],[100.58,18.99],[100.57,18.93],[100.19,18.86],[99.76,18.48],[99.61,18.48],[99.58,18.29],[98.64,18.41],[98.29,18.03],[97.84,17.96],[97.8,17.71],[98.19,17.32],[98.17,17.19],[98.63,16.81],[98.64,16.36],[98.93,16.36],[98.91,16.16],[98.96,16.04],[99.19,16.1],[99.26,16.61],[99.47,17],[99.69,17],[100.01,16.68],[100.06,17],[100.21,17.06],[100.42,17.45],[100.96,17.64],[100.97,17.71],[101.05,17.71],[101.06,17.77]]]}},{"type":"Feature","properties":{"NAME":"Namayan","C":3,"name":"Namayan","start_year":1375,"end_year":1496,"capital":"","type":"polity","region":"","event":"","source":"Cliopatria / Seshat Global History Databank (CC BY 4.0)","wikipedia":"Namayan","wikidata":"Q4401026","_a":0,"_c":[121.07,14.53],"_nz":"纳马扬","_sz":""},"geometry":{"type":"Polygon","coordinates":[[[120.86,14.43],[120.99,14.3],[121.21,14.3],[121.28,14.75],[121.12,14.69],[121.09,14.49],[120.87,14.49],[120.86,14.43]]]}},{"type":"Feature","properties":{"NAME":"Blue Horde","C":2,"name":"Blue Horde","start_year":1375,"end_year":1401,"capital":"","type":"polity","region":"","event":"","source":"Cliopatria / Seshat Global History Databank (CC BY 4.0)","wikipedia":"Blue Horde","wikidata":"Q644979","_a":442,"_c":[46.2,48.9],"_nz":"蓝帐汗国","_sz":""},"geometry":{"type":"MultiPolygon","coordinates":[[[[34.82,45.63],[34.99,45.63],[35.02,45.3],[35.75,45.3],[36.26,45.43],[36.23,45.24],[36.38,45.17],[36.2,45.04],[35.88,45.04],[35.73,45.17],[35.41,45.17],[35.4,45.1],[34.57,44.97],[34.12,44.71],[34.04,44.71],[34.03,44.65],[33.56,44.71],[33.57,44.78],[33.61,45.1],[33.47,45.24],[33.22,45.24],[32.61,45.5],[33.71,45.82],[33.74,46.02],[34.15,46.09],[34.54,45.96],[34.74,45.63],[34.82,45.63]]],[[[51.82,55.91],[51.79,55.84],[52.27,55.7],[52.31,55.57],[52.7,55.43],[52.65,55.29],[52.96,54.95],[53.14,54.95],[53.33,54.75],[54,54.68],[53.97,54.61],[55.91,54.68],[57.03,54.89],[57.26,55.02],[57.49,54.95],[57.81,55.09],[58.04,55.02],[58.48,55.23],[58.91,55.23],[59.4,55.36],[59.67,55.57],[60.57,55.63],[60.54,55.57],[60.51,55.5],[59.3,52.72],[59.03,52.45],[59.04,52.25],[58.95,52.25],[58.75,51.71],[58.67,51.71],[58.43,51.05],[58.14,50.71],[57.7,49.65],[57.49,49.52],[57.28,49.12],[56.62,48.59],[56.45,48.59],[55.82,48.13],[55.26,47.93],[54.84,47.6],[54.31,47.47],[53.18,46.94],[53.1,46.94],[51.86,46.94],[51.81,47.07],[51.58,47.14],[50.84,47.14],[50.3,46.94],[49.99,46.68],[49.3,46.55],[49.06,46.22],[48.64,46.15],[48.59,45.96],[47.47,45.69],[47.48,45.37],[47.33,45.43],[47.04,44.84],[46.69,44.71],[46.63,44.45],[47.01,44.32],[47.34,43.99],[47.34,43.6],[47.46,43.41],[47.38,43.02],[47.66,42.82],[47.68,42.56],[48.21,42.04],[48.2,41.98],[48.09,41.85],[48.17,41.85],[48.12,41.59],[48.2,41.59],[48.08,41.39],[47.72,41.2],[47.14,41.46],[46.74,41.85],[46.35,41.91],[46.3,42.04],[45.75,42.11],[45.67,42.5],[45.23,42.69],[44.82,42.69],[44.84,42.76],[44.76,42.76],[44.74,42.69],[44.36,42.76],[43.85,42.63],[43.66,42.89],[43.42,42.89],[42.99,43.15],[41.71,43.21],[41.12,43.47],[40.4,43.54],[40.26,43.67],[40.29,43.8],[40.03,43.73],[39.35,43.99],[39.36,44.06],[38.22,44.45],[38.01,44.71],[37.53,44.71],[37.17,45.04],[37.22,45.3],[37.7,45.3],[37.75,45.56],[37.59,45.63],[37.76,45.63],[37.89,45.96],[38.33,46.15],[38.37,46.35],[37.9,46.48],[37.84,46.61],[38.49,46.61],[38.62,46.87],[39.14,47.01],[39.22,47.01],[39.48,47.07],[39.53,47.33],[39.22,47.47],[39.11,47.33],[39.03,47.33],[38.68,47.2],[37.52,47.14],[37.17,47.01],[37.23,46.87],[36.91,46.94],[36.8,46.81],[35.63,46.68],[35.25,46.28],[34.76,46.28],[34.74,46.15],[34.08,46.15],[34.02,46.28],[33.61,46.28],[33.59,46.15],[32.95,46.22],[32.85,46.09],[32.68,46.09],[32.06,46.35],[31.82,46.35],[31.84,46.48],[32.16,46.48],[32.17,46.55],[32.92,46.61],[33.69,46.87],[34.08,47.27],[34.11,47.47],[34.38,47.6],[35.03,47.53],[35.5,48.92],[35.78,49.12],[35.95,49.12],[36.01,48.99],[36,48.92],[35.81,48.79],[36.07,48.85],[36.08,48.92],[36.33,48.92],[36.31,48.79],[36.63,48.72],[36.69,48.59],[36.94,48.59],[37.84,48.99],[37.86,49.12],[37.71,49.18],[37.67,49.45],[37.59,49.45],[37.63,49.65],[37.54,49.65],[37.75,50.31],[37.84,50.31],[37.9,51.05],[38.09,51.18],[38.15,51.45],[37.94,51.65],[37.96,51.78],[37.48,51.92],[37.43,52.05],[37.01,52.12],[36.74,52.45],[36.43,52.59],[36.32,52.92],[35.77,53.12],[36.1,53.94],[36.02,53.94],[36.06,54.14],[35.89,54.14],[35.93,54.34],[35.73,54.61],[35.92,54.68],[35.95,54.82],[36.5,54.95],[36.54,55.16],[37.18,54.89],[37.8,54.95],[38.45,54.75],[38.87,55.02],[39.12,55.7],[39.3,55.7],[39.33,55.84],[39.94,55.84],[40.15,55.98],[40.33,56.32],[41.98,56.52],[41.96,56.46],[42.04,56.46],[42.06,56.18],[42.21,56.11],[42.19,56.05],[42.23,55.84],[42.31,55.84],[45.29,56.11],[45.75,56.18],[45.88,56.32],[46.85,56.32],[47.54,56.52],[47.96,56.46],[48.27,56.59],[49.24,56.59],[49.22,56.52],[49.99,56.46],[49.96,56.39],[50.29,56.32],[50.57,56.11],[51.08,56.05],[51.05,55.98],[51.82,55.91]]],[[[51.08,56.05],[51.1,56.11],[51.19,56.11],[51.16,56.05],[51.08,56.05]]]]}},{"type":"Feature","properties":{"NAME":"Vijayanagara Empire","C":6,"name":"Vijayanagara Empire","start_year":1375,"end_year":1449,"capital":"","type":"polity","region":"","event":"","source":"Cliopatria / Seshat Global History Databank (CC BY 4.0)","wikipedia":"Vijayanagara Empire","wikidata":"Q167639","_a":67,"_c":[76.76,12.76],"_nz":"毗奢耶那伽罗帝国","_sz":""},"geometry":{"type":"Polygon","coordinates":[[[77.53,16.61],[77.68,16.61],[77.94,16.29],[77.9,15.97],[78.03,15.84],[78.06,15.39],[78.14,15.39],[78.11,14.36],[78.23,14.11],[79.37,13.66],[79.7,13.34],[79.69,13.14],[80.33,12.95],[80.3,12.63],[79.88,11.99],[79.9,10.25],[79.32,10.25],[79.3,9.93],[78.99,9.67],[78.96,9.22],[78.59,9.16],[78.28,8.96],[78.18,8.45],[77.87,8.19],[77.28,8.06],[76.72,8.51],[76.73,8.64],[76.59,8.71],[76.53,8.96],[76.32,9.16],[76.34,9.35],[76.2,9.48],[76.21,9.67],[76.36,9.67],[76.36,9.8],[76.22,9.86],[76.23,10.06],[75.9,10.57],[75.73,11.21],[75.58,11.28],[75.34,11.92],[75.06,12.18],[74.75,12.82],[74.66,13.59],[74.47,13.91],[74.37,14.49],[73.97,14.94],[73.75,15.65],[73.54,15.78],[73.42,16.04],[73.19,17.39],[73.19,17.45],[73.41,17.45],[73.55,17.32],[73.9,16.42],[74.38,16.1],[74.9,16.1],[75.36,16.29],[75.76,16.61],[76.45,16.87],[77.25,16.81],[77.53,16.68],[77.53,16.61]]]}},{"type":"Feature","properties":{"NAME":"Beylik of Teke","C":0,"name":"Beylik of Teke","start_year":1375,"end_year":1421,"capital":"","type":"polity","region":"","event":"","source":"Cliopatria / Seshat Global History Databank (CC BY 4.0)","wikipedia":"Beylik of Teke","wikidata":"Q373988","_a":5,"_c":[30.2,36.97],"_nz":"泰凯贝伊国","_sz":""},"geometry":{"type":"Polygon","coordinates":[[[31.16,36.87],[30.62,36.93],[30.49,36.35],[30.03,36.35],[29.94,36.22],[29.24,36.22],[29.12,36.74],[28.74,36.74],[28.51,36.87],[28.43,36.87],[28.63,37.38],[28.64,37.45],[28.71,37.45],[30.05,37.58],[30.27,37.45],[30.75,37.58],[30.76,37.64],[30.84,37.64],[30.84,37.71],[30.92,37.71],[31,37.71],[31.68,37.51],[31.8,37.13],[31.96,37.13],[31.77,36.74],[31.69,36.74],[31.24,36.87],[31.16,36.87]]]}},{"type":"Feature","properties":{"NAME":"Hanthawaddy Kingdom","C":2,"name":"Hanthawaddy Kingdom","start_year":1375,"end_year":1428,"capital":"","type":"polity","region":"","event":"","source":"Cliopatria / Seshat Global History Databank (CC BY 4.0)","wikipedia":"Hanthawaddy Kingdom","wikidata":"Q1572529","_a":12,"_c":[96.59,16.75],"_nz":"汉达瓦底王国","_sz":""},"geometry":{"type":"Polygon","coordinates":[[[98.93,16.36],[98.64,16.36],[98.63,16.81],[98.17,17.19],[98.19,17.32],[97.8,17.71],[97.84,17.96],[97.76,17.96],[97.77,18.03],[97.16,17.9],[96.2,17.9],[94.98,17.64],[94.91,17.64],[94.8,17.39],[94.85,17.19],[94.57,16.81],[94.35,16.81],[94.24,15.97],[94.81,15.84],[94.87,15.71],[95.34,15.91],[95.31,15.71],[95.61,15.71],[95.81,16.16],[96.03,16.16],[96.35,16.36],[96.37,16.49],[96.67,16.49],[96.83,16.61],[96.92,16.74],[96.93,17.32],[97,17.32],[97.05,17.13],[97.2,17.13],[97.16,16.87],[97.27,16.61],[97.4,16.49],[97.62,16.49],[97.55,15.97],[97.69,15.91],[97.72,15.52],[97.79,15.52],[97.78,15.46],[98.08,15.52],[98.19,15.78],[98.49,15.84],[98.91,16.16],[98.93,16.36]]]}},{"type":"Feature","properties":{"NAME":"Duchy of Aquitaine","C":7,"name":"Duchy of Aquitaine","start_year":1375,"end_year":1401,"capital":"","type":"polity","region":"","event":"","source":"Cliopatria / Seshat Global History Databank (CC BY 4.0)","wikipedia":"Duchy of Aquitaine","wikidata":"Q7703611","_a":2,"_c":[1.54,45.3],"_nz":"阿基坦公国","_sz":""},"geometry":{"type":"Polygon","coordinates":[[[1.2,44.97],[1.1,45.24],[0.68,45.43],[0.91,45.69],[0.9,45.82],[2.3,45.56],[2.4,45.24],[2.17,45.04],[2.1,44.78],[1.45,44.84],[1.2,44.97]]]}},{"type":"Feature","properties":{"NAME":"Kashmiri Sultanate","C":9,"name":"Kashmiri Sultanate","start_year":1375,"end_year":1401,"capital":"","type":"polity","region":"","event":"","source":"Cliopatria / Seshat Global History Databank (CC BY 4.0)","wikipedia":"Kashmir Sultanate","wikidata":"Q123027565","_a":24,"_c":[76.45,33.52],"_nz":"克什米尔苏丹国","_sz":""},"geometry":{"type":"Polygon","coordinates":[[[78.94,34.16],[79.02,34.16],[79.01,34.42],[78.17,34.74],[78.24,35],[78.17,35],[78.06,35.45],[77.56,35.32],[76.88,34.81],[76.74,34.87],[75.73,34.55],[75.36,34.61],[75.29,34.94],[74.81,34.87],[74.52,34.94],[74.49,35.13],[74.19,35.13],[74.17,35.07],[73.97,34.87],[73.64,34.81],[73.33,34.49],[73.34,33.91],[73.42,33.91],[73.49,33.26],[73.57,33.26],[73.51,33.01],[73.63,32.88],[74.21,32.75],[74.4,32.56],[75.21,32.43],[75.33,32.3],[76.4,32.3],[76.52,32.17],[77.04,32.11],[77.3,31.91],[78.04,31.79],[78.45,31.59],[78.52,31.59],[78.6,31.59],[78.68,31.59],[78.75,31.59],[78.75,31.91],[78.56,32.04],[78.54,32.3],[78.46,32.3],[78.53,32.56],[78.7,32.62],[78.8,32.43],[79.02,32.36],[79.35,32.49],[79.57,32.75],[79.39,32.94],[79.42,33.07],[79.18,33.33],[79.03,33.33],[78.93,33.52],[78.85,33.52],[78.87,33.91],[78.8,33.91],[78.93,34.1],[78.94,34.16]]]}},{"type":"Feature","properties":{"NAME":"Khmer Empire","C":11,"name":"Khmer Empire","start_year":1375,"end_year":1474,"capital":"","type":"polity","region":"","event":"","source":"Cliopatria / Seshat Global History Databank (CC BY 4.0)","wikipedia":"Khmer Empire","wikidata":"Q201705","_a":32,"_c":[105.03,11.54],"_nz":"高棉帝国","_sz":""},"geometry":{"type":"MultiPolygon","coordinates":[[[[103.98,10.44],[104.12,10.44],[104.09,10.06],[103.94,10.06],[103.81,10.25],[103.91,10.44],[103.98,10.44]]],[[[107,10.7],[106.98,10.51],[106.76,10.44],[106.82,10.31],[106.67,10.25],[106.81,10.19],[106.79,10.06],[106.64,9.99],[106.7,9.8],[106.55,9.8],[106.6,9.54],[106.23,9.48],[106.14,9.29],[105.62,9.16],[105.14,8.58],[104.76,8.51],[104.7,8.64],[104.86,8.77],[104.71,8.77],[104.79,9.74],[105.03,9.99],[104.54,10.19],[104.42,10.44],[104.12,10.44],[103.92,10.57],[103.55,10.51],[103.49,10.7],[103.64,10.76],[103.6,11.09],[103.36,10.83],[103.06,10.83],[103.05,11.47],[102.84,11.6],[102.87,11.86],[102.74,11.99],[102.74,12.05],[102.84,12.31],[102.41,13.01],[102.39,13.53],[102.71,13.72],[102.9,14.11],[103.23,14.36],[103.45,14.36],[103.61,14.49],[103.81,14.36],[104.92,14.43],[104.98,14.3],[105.28,14.3],[105.26,14.17],[105.69,14.11],[106.03,13.91],[106.17,14.43],[106.63,14.56],[106.89,14.3],[107.51,14.56],[107.38,14.11],[107.67,13.46],[107.52,12.89],[107.6,12.89],[107.63,12.5],[106.85,12.05],[106.88,11.66],[107.06,11.28],[107.03,11.02],[107.11,11.02],[107.07,10.7],[107,10.7]]]]}},{"type":"Feature","properties":{"NAME":"House of Tocco","C":7,"name":"House of Tocco","start_year":1375,"end_year":1406,"capital":"","type":"polity","region":"","event":"","source":"Cliopatria / Seshat Global History Databank (CC BY 4.0)","wikipedia":"County Palatine of Cephalonia and Zakynthos","wikidata":"Q149846","_a":1,"_c":[20.63,38.25],"_nz":"托科家族","_sz":""},"geometry":{"type":"MultiPolygon","coordinates":[[[[20.7,37.9],[20.93,37.9],[20.92,37.64],[20.61,37.71],[20.62,37.9],[20.7,37.9]]],[[[20.8,38.29],[20.79,38.09],[20.32,38.16],[20.33,38.35],[20.49,38.42],[20.57,38.42],[20.8,38.29]]],[[[20.73,38.61],[20.5,38.61],[20.59,38.87],[20.67,38.87],[20.73,38.61]]]]}},{"type":"Feature","properties":{"NAME":"Sultanate of Kedah","C":9,"name":"Sultanate of Kedah","start_year":1375,"end_year":1458,"capital":"","type":"polity","region":"","event":"","source":"Cliopatria / Seshat Global History Databank (CC BY 4.0)","wikipedia":"Kedah Sultanate","wikidata":"Q1317579","_a":3,"_c":[100.34,6.07],"_nz":"吉打苏丹国","_sz":""},"geometry":{"type":"MultiPolygon","coordinates":[[[[100.83,5.36],[100.38,4.98],[100.3,4.98],[100.28,5.94],[100.02,6.33],[100.03,6.52],[99.61,6.84],[99.62,6.97],[99.62,7.04],[100.13,6.97],[100.51,7.16],[100.58,7.16],[100.65,7.16],[100.65,7.1],[100.57,6.97],[100.7,6.84],[100.68,6.39],[101.09,6.07],[100.91,5.36],[100.83,5.36]]],[[[99.65,6.33],[99.58,6.39],[99.88,6.52],[99.87,6.26],[99.65,6.26],[99.65,6.33]]]]}},{"type":"Feature","properties":{"NAME":"Principality of Theodoro","C":3,"name":"Principality of Theodoro","start_year":1375,"end_year":1467,"capital":"","type":"polity","region":"","event":"","source":"Cliopatria / Seshat Global History Databank (CC BY 4.0)","wikipedia":"Principality of Theodoro","wikidata":"Q874954","_a":0,"_c":[33.79,44.62],"_nz":"狄奥多罗公国","_sz":""},"geometry":{"type":"MultiPolygon","coordinates":[[[[33.55,44.65],[33.56,44.71],[34.03,44.65],[33.85,44.52],[33.53,44.52],[33.54,44.58],[33.46,44.58],[33.47,44.65],[33.55,44.65]]],[[[34.11,44.65],[34.03,44.65],[34.04,44.71],[34.12,44.71],[34.11,44.65]]]]}},{"type":"Feature","properties":{"NAME":"Bahmani Sultanate","C":3,"name":"Bahmani Sultanate","start_year":1375,"end_year":1449,"capital":"","type":"polity","region":"","event":"","source":"Cliopatria / Seshat Global History Databank (CC BY 4.0)","wikipedia":"Bahmani Sultanate","wikidata":"Q374521","_a":52,"_c":[77.16,18.96],"_nz":"巴赫曼尼苏丹国","_sz":""},"geometry":{"type":"Polygon","coordinates":[[[80.91,20.28],[80.88,20.66],[80.98,20.86],[80.91,20.86],[80.9,21.44],[80.83,21.44],[80.85,21.63],[80.58,21.82],[79.15,21.69],[78.67,21.44],[78.23,21.44],[77.91,21.24],[77.4,21.31],[76.49,21.18],[74.04,20.54],[72.84,20.41],[72.63,19.83],[72.76,19.64],[72.73,19.38],[72.87,19.31],[72.96,18.03],[73.2,17.51],[73.19,17.45],[73.41,17.45],[73.55,17.32],[73.9,16.42],[74.38,16.1],[74.9,16.1],[75.36,16.29],[75.76,16.61],[76.45,16.87],[77.25,16.81],[77.53,16.68],[77.61,16.68],[78.71,16.61],[79.86,16.36],[80.15,16.36],[80.77,16.61],[80.87,16.87],[81.03,16.94],[81.55,17.64],[81.7,18.29],[81.53,18.67],[81.39,18.74],[81.4,18.86],[81.26,18.93],[81.28,19.06],[81.14,19.12],[81.1,19.38],[80.96,19.44],[80.92,19.76],[80.78,19.83],[80.84,20.28],[80.91,20.28]]]}},{"type":"Feature","properties":{"NAME":"County of Auvergne","C":6,"name":"County of Auvergne","start_year":1385,"end_year":1401,"capital":"","type":"polity","region":"","event":"","source":"Cliopatria / Seshat Global History Databank (CC BY 4.0)","wikipedia":"Auvergne","wikidata":"Q1152","_a":19,"_c":[2.9,47.72],"_nz":"奥弗涅伯国","_sz":""},"geometry":{"type":"MultiPolygon","coordinates":[[[[4.35,45.3],[4.35,45.24],[4.36,45.17],[4.12,44.91],[3.96,44.91],[3.97,44.78],[3.56,44.78],[3.47,44.91],[3.23,44.91],[3.08,44.65],[2.92,44.65],[2.75,44.84],[2.58,44.84],[2.59,44.71],[2.36,44.52],[2.19,44.58],[2.19,44.65],[2.19,44.71],[2.1,44.71],[2.1,44.78],[2.17,45.04],[2.4,45.24],[2.3,45.56],[2.54,45.82],[2.6,46.15],[2.77,46.02],[3.01,46.09],[3.27,45.89],[3.35,45.89],[3.34,46.02],[3.67,46.02],[3.68,45.89],[3.92,45.82],[3.93,45.63],[4.01,45.63],[3.94,45.37],[4.27,45.3],[4.35,45.3]]],[[[1.66,50.91],[1.85,50.71],[1.69,50.58],[1.43,50.58],[1.5,50.91],[1.58,50.91],[1.66,50.91]]]]}},{"type":"Feature","properties":{"NAME":"Beylik of Dulkadir","C":9,"name":"Beylik of Dulkadir","start_year":1385,"end_year":1401,"capital":"","type":"polity","region":"","event":"","source":"Cliopatria / Seshat Global History Databank (CC BY 4.0)","wikipedia":"Beylik of Dulkadir","wikidata":"Q1264808","_a":5,"_c":[37.57,38.13],"_nz":"杜勒卡迪尔贝伊国","_sz":""},"geometry":{"type":"Polygon","coordinates":[[[39.36,38.35],[39.31,38.55],[38.85,38.61],[36.83,38.74],[36.48,38.48],[36.16,38.42],[36.05,38.16],[35.72,38.03],[35.62,37.84],[36.01,37.84],[36.15,37.64],[37.01,37.71],[37.65,37.77],[38.02,37.64],[38.08,37.51],[38.72,37.64],[39.5,38.22],[39.51,38.29],[39.43,38.29],[39.44,38.35],[39.36,38.35]]]}},{"type":"Feature","properties":{"NAME":"County of Béarn","C":7,"name":"County of Béarn","start_year":1385,"end_year":1406,"capital":"","type":"polity","region":"","event":"","source":"Cliopatria / Seshat Global History Databank (CC BY 4.0)","wikipedia":"Béarn","wikidata":"Q213763","_a":1,"_c":[0.6,43.08],"_nz":"贝阿恩伯国","_sz":""},"geometry":{"type":"Polygon","coordinates":[[[0.98,43.02],[0.81,43.21],[0.97,43.34],[0.64,43.47],[0.48,43.47],[0.25,43.28],[0.35,42.89],[0.2,42.76],[0.52,42.69],[0.67,42.82],[0.99,42.82],[0.98,43.02]]]}},{"type":"Feature","properties":{"NAME":"Lan Xang","C":5,"name":"Lan Xang","start_year":1385,"end_year":1406,"capital":"","type":"polity","region":"","event":"","source":"Cliopatria / Seshat Global History Databank (CC BY 4.0)","wikipedia":"Lan Xang","wikidata":"Q853477","_a":67,"_c":[103.91,18.31],"_nz":"澜沧王国","_sz":""},"geometry":{"type":"Polygon","coordinates":[[[104.26,22.08],[103.96,22.53],[103.77,22.72],[103.32,22.72],[103.22,22.53],[102.92,22.53],[102.87,22.66],[102.58,22.72],[102.15,22.4],[101.72,22.46],[101.64,22.01],[101.88,21.63],[101.81,21.18],[101.36,21.18],[101.32,21.37],[101.18,21.44],[100.69,21.18],[100.64,20.86],[100.24,20.66],[100.13,20.41],[100.54,20.21],[100.6,20.09],[100.46,19.7],[100.66,19.51],[101.18,19.57],[101.31,19.44],[101.28,19.25],[101.4,19.06],[101.35,18.74],[101.18,18.61],[101.13,18.29],[101.27,18.22],[101.25,18.09],[101.06,17.77],[101.05,17.71],[100.97,17.71],[100.96,17.64],[101.08,17.45],[101.31,17.51],[101.47,17.06],[101.61,17.06],[101.73,16.87],[102.1,16.87],[103.23,16.55],[103.06,16.36],[103.05,15.78],[103.23,15.52],[103.29,14.81],[103.61,14.49],[103.81,14.36],[104.92,14.43],[104.98,14.3],[105.28,14.3],[105.26,14.17],[105.69,14.11],[106.03,13.91],[106.17,14.43],[106.63,14.56],[106.89,14.3],[107.51,14.56],[107.69,15.33],[107.3,15.65],[107.5,16.04],[107.15,16.16],[106.97,16.42],[106.69,16.49],[106.61,16.94],[105.21,18.35],[105.25,18.61],[105.12,18.74],[104.62,18.86],[104.51,19.06],[103.96,19.31],[104.08,19.64],[104.69,19.7],[104.95,19.96],[104.98,20.15],[104.65,20.41],[104.5,20.41],[104.82,20.99],[104.69,21.11],[104.73,21.37],[104.59,21.37],[104.62,21.56],[104.56,21.69],[104.42,21.69],[104.45,21.89],[104.32,22.01],[104.25,22.01],[104.26,22.08]]]}},{"type":"Feature","properties":{"NAME":"Shan States","C":4,"name":"Shan States","start_year":1385,"end_year":1428,"capital":"","type":"polity","region":"","event":"","source":"Cliopatria / Seshat Global History Databank (CC BY 4.0)","wikipedia":"Shan States","wikidata":"Q4765854","_a":83,"_c":[97.29,23.21],"_nz":"掸邦","_sz":""},"geometry":{"type":"Polygon","coordinates":[[[101.16,21.76],[100.74,21.5],[100.22,21.5],[100.03,21.69],[100.07,21.95],[99.94,22.08],[99.29,22.14],[99.57,22.98],[98.94,23.24],[98.87,23.69],[98.73,23.75],[98.88,24.14],[97.65,23.94],[97.79,24.33],[97.59,24.46],[97.65,24.78],[97.82,24.91],[97.87,25.16],[98.13,25.36],[98.17,25.55],[98.67,25.81],[98.84,26.58],[98.76,26.58],[98.74,27.48],[98.56,27.67],[98.26,27.67],[98.16,28.19],[97.98,28.38],[97.56,28.51],[97.48,28.51],[97.34,27.93],[97,27.74],[96.94,27.48],[97.13,27.35],[97.16,27.16],[96.94,27.16],[96.89,27.29],[96.21,27.29],[95.58,26.77],[95.16,26.58],[95.08,26.19],[95.19,26],[94.88,25.55],[94.71,25.49],[94.74,24.84],[94.37,24.39],[94.21,23.94],[93.98,23.88],[93.85,24.01],[93.4,24.01],[93.42,23.17],[94.13,22.98],[94.26,22.85],[94.22,22.59],[94.3,22.59],[94.9,23.56],[95.62,23.88],[96.69,24.01],[97.04,23.88],[97.16,23.69],[97.3,23.69],[97.5,23.49],[97.76,22.85],[97.68,22.34],[97.75,22.34],[97.53,20.41],[97.46,20.41],[97.4,20.02],[97.23,19.89],[96.89,18.54],[97.15,18.35],[97.16,17.9],[97.77,18.03],[97.6,18.35],[97.45,18.35],[97.47,18.48],[97.77,18.54],[97.87,18.67],[97.94,19.64],[98.1,19.76],[98.92,19.76],[99.19,20.09],[99.41,20.09],[99.83,20.41],[100.13,20.41],[100.24,20.66],[100.64,20.86],[100.69,21.18],[101.18,21.44],[101.16,21.76]]]}},{"type":"Feature","properties":{"NAME":"House of Bourbon","C":2,"name":"House of Bourbon","start_year":1385,"end_year":1401,"capital":"","type":"polity","region":"","event":"","source":"Cliopatria / Seshat Global History Databank (CC BY 4.0)","wikipedia":"House of Bourbon","wikidata":"Q58389","_a":5,"_c":[3.71,45.93],"_nz":"波旁王朝","_sz":""},"geometry":{"type":"Polygon","coordinates":[[[4.98,45.96],[4.98,45.89],[5.06,45.89],[5.07,45.82],[5.07,45.76],[5.07,45.69],[4.58,45.69],[4.59,45.37],[4.84,45.3],[4.85,45.1],[4.52,45.04],[4.36,45.17],[4.35,45.24],[4.35,45.3],[4.27,45.3],[3.94,45.37],[4.01,45.63],[3.93,45.63],[3.92,45.82],[3.68,45.89],[3.67,46.02],[3.34,46.02],[3.35,45.89],[3.27,45.89],[3.01,46.09],[2.77,46.02],[2.6,46.15],[2.6,46.22],[2.52,46.22],[2.51,46.28],[2.43,46.28],[2.43,46.35],[2.35,46.35],[2.4,46.81],[2.9,46.81],[3.07,46.61],[3.73,46.55],[4.07,46.15],[4.08,45.96],[4.33,45.96],[4.4,46.09],[4.9,45.96],[4.98,45.96]]]}},{"type":"Feature","properties":{"NAME":"Ming Dynasty","C":5,"name":"Ming Dynasty","start_year":1385,"end_year":1401,"capital":"","type":"polity","region":"","event":"","source":"Cliopatria / Seshat Global History Databank (CC BY 4.0)","wikipedia":"Ming dynasty","wikidata":"Q9903","_a":1044,"_c":[109.21,32.28],"_nz":"明","_sz":""},"geometry":{"type":"MultiPolygon","coordinates":[[[[109.86,18.35],[109.84,18.22],[109.25,18.22],[109.12,18.35],[108.76,18.41],[108.64,18.54],[108.7,19.38],[109.2,19.7],[109.25,19.96],[110.16,20.09],[110.59,20.02],[110.61,20.15],[110.91,20.15],[111.09,19.89],[111.03,19.57],[110.88,19.57],[110.85,19.38],[110.68,19.25],[110.51,18.67],[110.19,18.54],[110.18,18.48],[109.86,18.35]]],[[[122.27,30.18],[122.28,29.99],[121.98,29.99],[122.02,30.12],[122.05,30.18],[122.27,30.18]]],[[[127.52,44.84],[127.6,44.84],[127.51,44.71],[127.59,44.71],[127.45,44.52],[127.53,44.52],[127.44,44.39],[127.56,44.32],[127.34,44.12],[127.43,44.12],[127.29,43.93],[127.37,43.93],[127.24,43.73],[127.32,43.73],[127.19,43.54],[127.27,43.54],[127.14,43.34],[127.22,43.34],[127.08,43.15],[127.17,43.15],[127.04,42.95],[127.12,42.95],[126.71,41.59],[126.87,41.59],[126.63,41.33],[126.71,41.33],[126.58,41],[126.54,40.94],[124.92,40.48],[124.57,40.29],[124.27,39.9],[124.23,39.84],[123.6,39.84],[122.94,39.64],[122.17,39.26],[121.95,39],[121.72,39],[121.42,38.74],[121.03,38.74],[121.2,39.06],[121.52,39.06],[121.69,39.38],[121.3,39.38],[121.21,39.51],[121.28,39.64],[121.44,39.64],[121.5,39.9],[121.78,39.97],[122.23,40.48],[122.11,40.68],[121.83,40.74],[121.82,40.87],[121.11,40.87],[121,40.68],[120.65,40.48],[120.5,40.23],[119.38,39.77],[119.22,39.32],[118.45,39.06],[118.06,39.06],[118.05,39.19],[117.89,39.19],[117.58,38.74],[117.65,38.74],[117.6,38.48],[118.05,38.29],[118.07,38.16],[118.58,38.09],[118.65,38.22],[118.8,38.22],[118.77,38.16],[119.46,37.96],[119.39,37.84],[119.24,37.84],[118.98,37.32],[119.14,37.32],[119.16,37.19],[119.7,37.19],[119.83,37.45],[120.2,37.58],[120.19,37.71],[120.75,37.9],[121.11,37.84],[121.17,37.64],[121.48,37.64],[121.5,37.51],[122.15,37.58],[122.12,37.51],[122.71,37.45],[122.47,37.13],[122.57,37],[122.39,36.8],[121.91,36.93],[121.21,36.61],[120.98,36.61],[120.96,36.42],[120.73,36.42],[120.66,36.1],[120.32,36.03],[119.99,35.64],[119.62,35.52],[119.23,34.81],[119.46,34.81],[119.43,34.74],[119.71,34.68],[119.73,34.55],[120.34,34.36],[120.49,34.16],[120.55,33.59],[120.93,33.2],[120.92,32.62],[121.4,32.49],[121.5,32.17],[121.78,32.11],[121.99,31.85],[121.84,31.66],[121.96,31.59],[121.91,31.46],[121.58,31.4],[121.74,31.4],[122,31.08],[121.9,30.82],[121.52,30.82],[121.2,30.56],[121.05,30.56],[120.68,30.18],[120.81,30.12],[121.1,30.31],[121.48,30.31],[121.62,30.05],[122.03,29.92],[121.86,29.67],[122.02,29.67],[121.94,29.22],[121.71,29.22],[121.74,29.54],[121.57,29.47],[121.65,29.47],[121.54,29.15],[121.74,29.09],[121.71,28.77],[121.52,28.64],[121.65,28.57],[121.65,28.32],[121.15,28.19],[121.19,28.32],[121.12,28.32],[121.04,28.06],[120.87,27.99],[120.71,27.74],[120.66,27.54],[120.73,27.54],[120.55,27.16],[120.39,27.16],[120.25,26.9],[120.1,26.9],[120.06,26.77],[120.21,26.77],[120.16,26.58],[119.84,26.52],[119.94,26.32],[119.59,26.13],[119.78,26],[119.53,25.62],[119.9,25.62],[119.87,25.49],[119.47,25.36],[119.42,25.49],[119.27,25.49],[119.39,25.36],[119.34,25.16],[119.03,25.1],[119.07,24.97],[118.82,24.84],[118.76,24.59],[118.15,24.52],[118.08,24.2],[117.72,23.94],[117.69,23.81],[117.47,23.81],[117.18,23.49],[116.89,23.56],[116.78,23.36],[116.81,23.17],[116.59,23.17],[116.54,22.91],[115.7,22.79],[115.67,22.66],[115.37,22.66],[115.17,22.79],[114.9,22.53],[114.75,22.53],[114.64,22.72],[114.53,22.14],[114.37,22.08],[114,22.08],[114,22.46],[113.79,22.53],[113.75,22.72],[113.6,22.72],[113.7,22.46],[113.64,22.14],[113.42,22.14],[113.32,22.01],[113.11,22.08],[113.07,21.89],[112.77,21.89],[112.44,21.69],[111.86,21.76],[111.66,21.5],[110.98,21.44],[110.74,21.31],[110.72,21.18],[110.42,21.18],[110.48,21.11],[110.36,20.86],[110.62,20.6],[110.49,20.28],[109.88,20.21],[109.93,20.47],[109.79,20.54],[109.77,20.86],[109.7,20.86],[109.87,21.44],[109.81,21.5],[109.12,21.37],[109.09,21.63],[108.65,21.69],[108.56,21.56],[108.17,21.5],[108.1,21.5],[107.97,21.63],[107.59,21.56],[107.46,21.69],[107.24,21.69],[106.71,22.08],[106.61,22.34],[106.77,22.85],[106.71,22.91],[106.33,22.85],[106.2,22.98],[105.75,22.98],[105.44,23.3],[105.21,23.3],[104.96,23.11],[104.84,22.85],[104.52,22.72],[104.15,22.79],[103.96,22.53],[103.77,22.72],[103.32,22.72],[103.22,22.53],[102.92,22.53],[102.87,22.66],[102.58,22.72],[102.15,22.4],[101.72,22.46],[101.64,22.01],[101.88,21.63],[101.81,21.18],[101.36,21.18],[101.32,21.37],[101.18,21.44],[101.16,21.76],[100.74,21.5],[100.22,21.5],[100.03,21.69],[100.07,21.95],[99.94,22.08],[99.29,22.14],[99.57,22.98],[98.94,23.24],[98.87,23.69],[98.73,23.75],[98.88,24.14],[97.65,23.94],[97.79,24.33],[97.59,24.46],[97.65,24.78],[97.82,24.91],[97.87,25.16],[98.13,25.36],[98.17,25.55],[98.67,25.81],[98.84,26.58],[98.76,26.58],[98.74,27.48],[98.56,27.67],[98.26,27.67],[98.16,28.19],[98.37,28.44],[98.57,28.32],[98.54,28.19],[98.87,28.32],[99.03,29.22],[99.24,29.15],[99.4,29.47],[99.53,29.41],[99.41,28.96],[99.49,28.96],[99.43,28.44],[99.53,28.25],[99.7,28.32],[99.74,28.77],[99.98,28.83],[100.68,29.73],[100.88,30.44],[100.81,30.44],[100.98,31.01],[100.9,31.01],[101.51,32.69],[101.59,32.69],[102.55,33.26],[103.03,33.33],[103.33,33.52],[103.49,33.97],[103.36,34.23],[103.48,34.36],[103.67,35.07],[103.89,35.26],[104.64,35.58],[105.2,35.64],[105.85,35.9],[106.08,36.29],[105.82,36.61],[105.88,36.74],[105.7,36.87],[105.86,37.06],[105.8,37.13],[105.08,37.45],[104.74,37.38],[104.72,37.51],[104.83,37.58],[103.97,37.77],[104,37.84],[101.48,38.16],[100.74,38.09],[100.8,38.22],[100.41,38.22],[100.15,38.35],[98.58,38.35],[98.4,38.48],[97.72,38.55],[96.97,39],[96.62,38.93],[96.68,39.06],[96.42,39],[96.28,38.87],[96.31,38.74],[96.07,38.74],[95.68,38.93],[95.6,39.13],[95.45,39.13],[95.27,39.45],[94.85,39.38],[94.98,39.51],[93.25,39.51],[92.75,39.64],[92.67,39.64],[92.64,39.77],[92.48,39.77],[92.46,39.9],[92.3,39.9],[92.28,40.03],[92.12,40.03],[92.09,40.16],[91.8,40.23],[91.83,40.29],[90.75,40.55],[90.65,40.87],[91.48,42.04],[91.92,42.5],[92.33,42.69],[94.5,42.37],[96.24,42.82],[96.48,42.82],[96.58,42.69],[97.73,42.76],[97.7,42.69],[98.18,42.69],[98.15,42.63],[98.95,42.63],[98.92,42.56],[100.79,42.63],[100.76,42.56],[101.56,42.56],[101.53,42.5],[103.77,42.5],[107.59,42.76],[110.51,42.82],[111.47,42.95],[112.53,43.54],[114.3,43.93],[115.31,44.39],[116.44,44.52],[118.73,45.43],[121.92,45.69],[123.62,46.15],[124.19,46.15],[124.27,46.15],[124.96,46.09],[126.3,46.35],[126.87,46.35],[126.82,46.28],[127.07,46.28],[127.02,46.22],[127.53,46.02],[127.49,45.96],[127.64,45.82],[127.55,45.69],[127.77,45.43],[127.68,45.3],[127.63,45.24],[127.71,45.24],[127.52,44.84]]],[[[101.99,37.71],[101.83,37.51],[101.76,37.51],[101.73,37.64],[101.99,37.71]]]]}},{"type":"Feature","properties":{"NAME":"Kingdom of Bohemia","C":3,"name":"Kingdom of Bohemia","start_year":1385,"end_year":1414,"capital":"","type":"polity","region":"","event":"","source":"Cliopatria / Seshat Global History Databank (CC BY 4.0)","wikipedia":"Kingdom of Bohemia","wikidata":"Q42585","_a":27,"_c":[15.68,50.46],"_nz":"波希米亚王国","_sz":""},"geometry":{"type":"MultiPolygon","coordinates":[[[[19.09,50.11],[19.08,50.05],[19.17,50.05],[19.24,49.85],[18.88,49.52],[18.29,49.38],[18.23,49.85],[17.97,49.65],[17.72,49.65],[16.91,50.31],[16.82,50.05],[16.39,49.91],[16.21,49.65],[15.8,49.78],[15.71,49.52],[15.2,49.18],[15.19,48.99],[14.94,48.99],[14.85,48.72],[14.6,48.59],[14.1,48.65],[13.61,48.92],[13.52,48.92],[13.53,48.99],[13.44,48.99],[13.36,48.99],[13.03,49.25],[12.53,49.52],[12.53,49.65],[12.37,49.71],[12.37,49.98],[12.12,50.18],[12.12,50.25],[12.29,50.25],[12.38,50.38],[12.8,50.38],[13.22,50.65],[13.99,50.85],[14.07,50.85],[14.33,50.98],[14.33,51.25],[14.34,51.31],[14.25,51.31],[14.25,51.38],[14.26,51.45],[14.26,51.51],[14.26,51.58],[14.26,51.71],[14.1,51.85],[13.76,51.85],[13.59,51.98],[13.51,51.98],[13.51,52.05],[13.42,52.05],[13.43,52.18],[13.94,52.32],[14.36,52.12],[14.62,52.12],[14.78,51.92],[15.13,52.25],[15.47,52.18],[15.65,52.32],[15.81,52.25],[15.81,52.12],[16.14,51.85],[16.13,51.71],[16.56,51.71],[16.72,51.58],[16.98,51.71],[17.32,51.71],[17.55,51.25],[17.97,51.25],[18.05,51.11],[18.71,50.85],[18.7,50.71],[19.03,50.58],[19.02,50.45],[19.19,50.38],[19.17,50.18],[19.09,50.18],[19.09,50.11]]],[[[13.59,51.78],[13.67,51.78],[13.67,51.71],[13.67,51.65],[13.58,51.65],[13.24,51.71],[13.25,51.85],[13.5,51.85],[13.59,51.85],[13.59,51.78]]]]}},{"type":"Feature","properties":{"NAME":"County of Armagnac","C":1,"name":"County of Armagnac","start_year":1385,"end_year":1406,"capital":"","type":"polity","region":"","event":"","source":"Cliopatria / Seshat Global History Databank (CC BY 4.0)","wikipedia":"County of Armagnac","wikidata":"Q676745","_a":8,"_c":[1.55,43.7],"_nz":"阿马尼亚克伯国","_sz":""},"geometry":{"type":"MultiPolygon","coordinates":[[[[-0.2,42.76],[-0.21,42.82],[-0.29,42.82],[-0.3,42.95],[-0.06,43.08],[-0.08,43.34],[-0.33,43.47],[-0.28,43.99],[-0.2,43.99],[-0.12,43.99],[-0.04,43.99],[0.04,43.99],[0.04,44.06],[0.28,43.99],[0.92,44.12],[0.95,43.67],[0.64,43.47],[0.48,43.47],[0.25,43.28],[0.35,42.89],[0.2,42.76],[0.12,42.76],[0.12,42.69],[0.04,42.69],[0.04,42.76],[-0.04,42.76],[-0.12,42.76],[-0.2,42.76]]],[[[3.26,44.12],[3.43,44.06],[3.28,43.8],[2.88,43.73],[2.79,43.93],[2.46,43.99],[2.46,44.12],[2.05,44.19],[1.95,44.52],[2.19,44.58],[2.36,44.52],[2.59,44.71],[3.17,44.45],[3.26,44.12]]]]}},{"type":"Feature","properties":{"NAME":"Margraviate of Moravia","C":5,"name":"Margraviate of Moravia","start_year":1385,"end_year":1406,"capital":"","type":"polity","region":"","event":"","source":"Cliopatria / Seshat Global History Databank (CC BY 4.0)","wikipedia":"Margraviate of Moravia","wikidata":"Q2670751","_a":5,"_c":[16.74,49.52],"_nz":"摩拉维亚边疆侯国","_sz":""},"geometry":{"type":"Polygon","coordinates":[[[18.12,49.25],[18.2,49.25],[18.2,49.32],[18.29,49.32],[18.29,49.38],[18.23,49.85],[17.97,49.65],[17.72,49.65],[16.91,50.31],[16.82,50.05],[16.39,49.91],[16.21,49.65],[15.8,49.78],[15.71,49.52],[15.2,49.18],[15.19,48.99],[16.18,48.72],[16.93,48.72],[17.94,48.99],[18.11,49.18],[18.12,49.25]]]}},{"type":"Feature","properties":{"NAME":"Patriarchate of Aquileia","C":4,"name":"Patriarchate of Aquileia","start_year":1385,"end_year":1406,"capital":"","type":"polity","region":"","event":"","source":"Cliopatria / Seshat Global History Databank (CC BY 4.0)","wikipedia":"Patriarchate of Aquileia","wikidata":"Q836894","_a":1,"_c":[13.15,46.15],"_nz":"阿奎莱亚宗主教区","_sz":""},"geometry":{"type":"Polygon","coordinates":[[[13.14,45.76],[13.55,45.76],[13.63,45.76],[13.56,46.02],[13.89,46.15],[13.89,46.28],[13.73,46.35],[13.65,46.55],[12.58,46.61],[12.58,46.48],[12.42,46.41],[12.41,45.89],[12.49,45.82],[12.98,45.82],[13.06,45.69],[13.14,45.69],[13.14,45.76]],[[13.56,46.02],[13.48,46.15],[13.31,46.15],[13.31,45.96],[13.47,46.02],[13.56,46.02]]]}},{"type":"Feature","properties":{"NAME":"Tibet","C":0,"name":"Tibet","start_year":1385,"end_year":1401,"capital":"","type":"polity","region":"","event":"","source":"Cliopatria / Seshat Global History Databank (CC BY 4.0)","wikipedia":"History of Tibet","wikidata":"Q521263","_a":215,"_c":[90.17,32.4],"_nz":"西藏","_sz":""},"geometry":{"type":"MultiPolygon","coordinates":[[[[94.18,36.22],[95.77,35.45],[96.55,35.26],[97.45,34.74],[97.89,34.68],[97.93,34.55],[98.1,34.61],[98.06,34.49],[98.29,34.49],[98.32,34.36],[98.72,34.16],[98.97,34.23],[98.92,34.1],[99.21,34.04],[101.29,33.84],[101.17,33.71],[101.87,33.52],[101.53,32.75],[101.51,32.69],[100.9,31.01],[100.98,31.01],[100.81,30.44],[100.88,30.44],[100.68,29.73],[99.98,28.83],[99.74,28.77],[99.7,28.32],[99.53,28.25],[99.43,28.44],[99.49,28.96],[99.41,28.96],[99.53,29.41],[99.4,29.47],[99.24,29.15],[99.03,29.22],[98.87,28.32],[98.54,28.19],[98.57,28.32],[98.37,28.44],[98.16,28.19],[97.98,28.38],[97.56,28.51],[97.57,28.57],[97.56,28.83],[97.3,28.96],[96.24,28.96],[96.21,29.15],[96.32,29.28],[96.2,29.41],[95.97,29.41],[95.55,29.22],[95.42,29.02],[94.66,29.28],[93.83,28.7],[93.51,28.64],[93.15,28.7],[92.13,28.51],[90.6,28.44],[89.97,28.32],[89.62,28.12],[89.19,28.19],[88.87,28.12],[88.84,27.99],[88.56,28.06],[88.21,27.87],[87.75,27.8],[87.37,27.8],[86.82,28.06],[86.34,27.93],[86.23,28.12],[85.97,27.93],[85.75,28.32],[85.28,28.25],[85.08,28.38],[85.2,28.57],[84.74,28.57],[84.7,28.7],[84.41,28.77],[84.22,28.96],[84.27,29.15],[84.14,29.28],[83.84,29.28],[83.66,29.15],[83.45,29.22],[83.43,29.47],[83.31,29.6],[82.47,29.92],[82.04,30.37],[81.59,30.37],[81.3,30.12],[81.07,30.12],[80.84,30.44],[80.26,30.56],[79.97,30.95],[79.45,31.01],[79.1,31.46],[78.83,31.59],[78.75,31.59],[78.75,31.91],[78.56,32.04],[78.54,32.3],[78.46,32.3],[78.53,32.56],[78.7,32.62],[78.8,32.43],[79.02,32.36],[79.35,32.49],[79.57,32.75],[79.39,32.94],[79.42,33.07],[79.18,33.33],[79.03,33.33],[78.93,33.52],[78.94,33.59],[78.98,34.04],[79.45,34.04],[79.59,34.55],[80.02,34.74],[80.17,35],[80.21,35.39],[80.22,35.45],[81.48,35.52],[81.67,35.39],[82.02,35.52],[82.35,35.84],[82.74,35.84],[82.81,35.58],[83.28,35.58],[83.88,35.77],[84.63,35.71],[85,35.9],[85.7,35.9],[85.89,35.77],[86.24,35.9],[86.52,36.29],[86.8,36.42],[87.24,36.35],[88.67,36.67],[89.71,36.55],[89.83,36.42],[90.26,36.55],[91.25,36.48],[91.41,36.74],[91.49,36.74],[91.79,36.93],[92.36,37],[92.6,36.8],[93.54,36.61],[94.21,36.29],[94.18,36.22]]],[[[97.95,34.61],[97.97,34.68],[98.05,34.68],[98.02,34.61],[97.95,34.61]]]]}},{"type":"Feature","properties":{"NAME":"Comtat Venaissin","C":2,"name":"Comtat Venaissin","start_year":1385,"end_year":1481,"capital":"","type":"polity","region":"","event":"","source":"Cliopatria / Seshat Global History Databank (CC BY 4.0)","wikipedia":"Comtat Venaissin","wikidata":"Q1122980","_a":1,"_c":[4.96,44.13],"_nz":"沃奈桑伯爵领地","_sz":""},"geometry":{"type":"Polygon","coordinates":[[[5.2,44.25],[5.29,43.99],[5.05,43.93],[4.97,43.73],[4.73,43.8],[4.73,43.86],[4.8,44.12],[5.04,44.19],[4.8,44.25],[4.8,44.19],[4.63,44.39],[4.95,44.39],[5.03,44.52],[5.19,44.45],[5.28,44.25],[5.2,44.25]]]}},{"type":"Feature","properties":{"NAME":"County of Périgord","C":5,"name":"County of Périgord","start_year":1385,"end_year":1401,"capital":"","type":"polity","region":"","event":"","source":"Cliopatria / Seshat Global History Databank (CC BY 4.0)","wikipedia":"County of Périgord","wikidata":"Q1947408","_a":2,"_c":[0.64,44.94],"_nz":"佩里戈尔伯国","_sz":""},"geometry":{"type":"Polygon","coordinates":[[[0.22,44.97],[0.68,45.43],[1.1,45.24],[1.2,44.97],[1.45,44.84],[1.38,44.65],[1.07,44.45],[-0.07,44.52],[-0.18,44.91],[0.22,44.97]]]}},{"type":"Feature","properties":{"NAME":"Beylik of Isfendiyar","C":5,"name":"Beylik of Isfendiyar","start_year":1385,"end_year":1401,"capital":"","type":"polity","region":"","event":"","source":"Cliopatria / Seshat Global History Databank (CC BY 4.0)","wikipedia":"Candar dynasty","wikidata":"Q2096678","_a":10,"_c":[34.31,41.1],"_nz":"伊斯芬迪亚尔贝伊国","_sz":""},"geometry":{"type":"Polygon","coordinates":[[[36.24,40.94],[36.41,41],[36.47,40.87],[36.63,40.87],[36.76,41.2],[36.92,41.2],[36.92,41.26],[36.21,41.26],[35.95,41.72],[35.16,41.72],[35.12,42.04],[34.88,42.04],[34.78,41.91],[32.63,41.91],[32.69,41.78],[32.19,41.59],[32.04,41.65],[32.03,41.52],[31.7,41.46],[31.69,41.39],[31.98,41.13],[32.31,41.2],[32.37,41.07],[32.6,41],[32.56,40.61],[32.64,40.61],[32.61,40.42],[32.76,40.36],[33.17,40.42],[33.77,40.16],[33.94,40.29],[34.59,40.42],[34.88,40.81],[36.08,40.87],[36.09,40.94],[36.16,40.94],[36.16,40.87],[36.24,40.87],[36.24,40.94]]]}},{"type":"Feature","properties":{"NAME":"County of Touraine","C":6,"name":"County of Touraine","start_year":1385,"end_year":1421,"capital":"","type":"polity","region":"","event":"","source":"Cliopatria / Seshat Global History Databank (CC BY 4.0)","wikipedia":"Touraine","wikidata":"Q605051","_a":2,"_c":[1.75,46.06],"_nz":"图赖讷伯国","_sz":""},"geometry":{"type":"Polygon","coordinates":[[[2.54,45.82],[2.6,46.15],[2.6,46.22],[2.52,46.22],[2.51,46.28],[2.43,46.28],[2.43,46.35],[2.35,46.35],[1.52,46.55],[0.94,46.55],[0.95,46.35],[1.21,46.22],[1.21,46.09],[0.97,46.02],[0.9,45.82],[2.3,45.56],[2.54,45.82]]]}},{"type":"Feature","properties":{"NAME":"Bornu Empire","C":0,"name":"Bornu Empire","start_year":1385,"end_year":1481,"capital":"","type":"polity","region":"","event":"","source":"Cliopatria / Seshat Global History Databank (CC BY 4.0)","wikipedia":"Kanem-Bornu Empire","wikidata":"Q1139762","_a":2,"_c":[12.63,13.31],"_nz":"博尔努帝国","_sz":""},"geometry":{"type":"Polygon","coordinates":[[[12.36,12.82],[12.58,12.76],[12.65,12.89],[13.39,13.14],[13.47,13.46],[13.03,13.85],[12.07,13.53],[11.78,13.27],[11.78,13.08],[12.29,12.82],[12.36,12.82]]]}},{"type":"Feature","properties":{"NAME":"Mamluk Sultanate","C":4,"name":"Mamluk Sultanate","start_year":1385,"end_year":1401,"capital":"","type":"polity","region":"","event":"","source":"Cliopatria / Seshat Global History Databank (CC BY 4.0)","wikipedia":"Mamluk Sultanate","wikidata":"Q282428","_a":521,"_c":[31.67,27.64],"_nz":"马穆鲁克苏丹国","_sz":""},"geometry":{"type":"Polygon","coordinates":[[[40.96,34.42],[40.77,34.74],[40.55,34.81],[40.51,35.13],[40.36,35.13],[40.37,35.26],[39.74,35.77],[38.13,35.97],[38.09,36.29],[38.26,36.35],[38.38,36.74],[37.96,37.13],[38.08,37.51],[38.02,37.64],[37.65,37.77],[37.01,37.71],[37.06,37.45],[36.58,37.32],[36.57,37.25],[36.4,37.13],[36.38,36.93],[36.22,36.87],[36.21,36.8],[36.29,36.8],[36.26,36.61],[35.84,36.29],[35.99,36.22],[35.84,35.58],[35.99,35.52],[35.88,35.19],[35.96,35.19],[35.93,34.87],[36.07,34.74],[36.05,34.55],[35.79,34.29],[35.64,34.36],[35.68,33.97],[35.45,33.91],[35.5,33.65],[35.35,33.65],[35.4,33.39],[35.22,33.07],[35.06,33.01],[35.02,32.62],[34.77,32.36],[34.81,31.98],[34.57,31.85],[34.63,31.66],[34.31,31.4],[34.3,31.27],[33.98,31.14],[32.83,31.01],[32.77,31.14],[32.53,31.08],[32.24,31.21],[32.3,31.08],[32,31.08],[31.94,31.27],[31.78,31.21],[31.88,31.46],[31.27,31.46],[31.12,31.53],[31.2,31.66],[30.97,31.66],[30.97,31.53],[30.81,31.46],[30.35,31.46],[30.27,31.4],[30.34,31.27],[29.88,31.27],[29.8,31.21],[29.87,31.08],[29.63,30.95],[29.49,31.01],[29.4,30.82],[28.87,30.82],[28.5,31.01],[27.51,31.14],[27.3,31.34],[26.85,31.46],[25.25,31.46],[25.1,31.59],[25.11,31.79],[24.89,31.98],[24.13,31.98],[23.68,32.17],[23.3,32.17],[23.08,32.36],[23.09,32.62],[21.88,32.94],[21.41,32.75],[21.11,32.81],[20.87,32.62],[20.64,32.69],[20.72,32.56],[20.56,32.56],[20.48,32.43],[20.33,32.49],[20.25,32.24],[20.02,32.24],[20.09,32.11],[20,31.59],[20.21,31.27],[20.13,31.14],[20.2,30.89],[19.97,30.69],[19.96,30.56],[19.66,30.37],[18.82,30.24],[18.81,30.05],[19.19,30.05],[20.95,30.56],[21.94,30.56],[22.54,30.44],[22.77,30.37],[22.76,30.24],[22.92,30.31],[23.51,29.99],[24.26,29.79],[24.33,29.67],[24.78,29.54],[24.85,29.34],[25,29.41],[25.15,29.28],[25.37,29.28],[25.59,28.96],[27.14,28.25],[27.29,28.12],[27.28,27.93],[27.43,27.99],[27.79,27.67],[27.71,27.54],[27.94,27.54],[28.15,27.35],[28.27,26.58],[28.35,26.58],[28.24,25.94],[28.29,25.16],[28.57,24.65],[29.67,24.2],[29.96,23.88],[30.11,23.88],[30.1,23.75],[30.4,23.56],[30.46,23.36],[30.54,23.36],[31.67,23.75],[32.04,23.69],[33.39,23.81],[33.68,23.69],[33.76,23.69],[35.11,23.88],[35.55,23.81],[35.56,23.94],[35.85,23.88],[35.86,24.01],[35.15,24.65],[34.61,25.81],[34.46,25.87],[34.2,26.52],[34.05,26.58],[34.07,26.97],[33.93,27.03],[33.8,27.42],[33.59,27.61],[33.61,27.99],[33.11,28.38],[32.84,28.89],[32.69,28.96],[32.64,29.34],[32.43,29.6],[32.53,29.92],[32.86,29.22],[33.21,28.89],[33.19,28.51],[33.4,28.32],[33.55,28.32],[33.62,28.12],[34.12,27.74],[34.35,27.74],[34.36,27.93],[34.52,28.06],[34.75,29.28],[34.91,29.41],[34.85,28.57],[34.61,28.25],[34.59,28.06],[35.05,28.12],[35.41,27.87],[35.47,27.61],[35.61,27.54],[35.67,27.29],[36.16,26.77],[36.43,26.19],[36.72,26],[36.77,25.68],[37.27,25.23],[37.33,24.97],[37.18,24.91],[37.17,24.78],[37.39,24.65],[37.44,24.33],[38.03,24.14],[38.6,23.62],[38.87,23.04],[38.86,22.85],[39.14,22.53],[39.03,21.76],[39.17,21.63],[39.15,21.18],[39.35,20.79],[39.84,20.28],[40.14,20.28],[40.56,19.83],[40.85,19.7],[40.84,19.51],[40.99,19.44],[41.04,19.12],[41.25,18.86],[41.24,18.61],[41.45,18.48],[41.58,18.09],[42.14,17.51],[42.21,17.51],[42.66,17.71],[43.21,18.16],[43.51,18.22],[44.36,18.93],[44.53,19.25],[44.53,19.31],[44.46,19.31],[44.47,19.51],[43.97,19.89],[43.98,20.02],[42.78,21.18],[42.45,21.82],[41.89,22.46],[41.9,22.59],[41.75,22.66],[41.55,23.11],[41.41,23.17],[41.35,23.36],[41.42,23.43],[41.2,23.49],[41.01,23.94],[40.72,24.2],[40.19,25.23],[40.28,25.42],[40.13,25.49],[40.1,26.07],[39.94,26],[40.03,26.26],[39.88,26.26],[39.9,26.45],[39.82,26.45],[39.91,26.64],[39.76,26.64],[39.6,27.54],[39.53,27.54],[39.62,27.8],[39.47,27.8],[39.34,27.99],[39.36,28.25],[39.28,28.25],[39.37,28.44],[39.23,28.57],[39.15,29.41],[39.02,29.67],[39.04,29.92],[38.97,29.92],[39,30.24],[38.87,30.5],[38.89,30.76],[38.82,30.76],[38.92,31.01],[38.77,31.08],[38.79,31.34],[38.72,31.34],[38.86,31.98],[38.7,31.98],[38.74,32.3],[38.66,32.3],[38.73,32.94],[39.5,33.71],[40.96,34.36],[40.96,34.42]]]}},{"type":"Feature","properties":{"NAME":"Republic of Ragusa","C":0,"name":"Republic of Ragusa","start_year":1385,"end_year":1401,"capital":"","type":"polity","region":"","event":"","source":"Cliopatria / Seshat Global History Databank (CC BY 4.0)","wikipedia":"Republic of Ragusa","wikidata":"Q208169","_a":0,"_c":[18.03,42.92],"_nz":"拉古萨共和国","_sz":""},"geometry":{"type":"Polygon","coordinates":[[[18.15,42.82],[18.23,42.89],[18.08,43.02],[17.84,43.02],[17.83,42.89],[17.91,42.89],[17.91,42.82],[17.99,42.82],[18.07,42.82],[18.15,42.82]]]}},{"type":"Feature","properties":{"NAME":"Beylik of Karaman","C":0,"name":"Beylik of Karaman","start_year":1385,"end_year":1401,"capital":"","type":"polity","region":"","event":"","source":"Cliopatria / Seshat Global History Databank (CC BY 4.0)","wikipedia":"Karamanids","wikidata":"Q1469100","_a":17,"_c":[33.16,37.97],"_nz":"卡拉曼贝伊国","_sz":""},"geometry":{"type":"Polygon","coordinates":[[[33.58,36.22],[32.56,36.03],[32.5,36.22],[32.07,36.61],[31.76,36.67],[31.77,36.74],[31.96,37.13],[31.8,37.13],[31.68,37.51],[31,37.71],[31.52,38.22],[31.84,38.29],[31.85,38.42],[31.56,38.61],[30.93,38.67],[30.94,38.74],[30.95,38.8],[31.02,38.8],[31.03,38.87],[31.04,38.93],[31.08,39.32],[31.15,39.32],[31.61,39.19],[32.49,39.26],[32.5,39.38],[32.66,39.38],[32.78,39.77],[33.57,39.77],[34.37,39.9],[34.43,39.77],[35.06,39.71],[34.68,38.48],[34.89,38.29],[35.2,38.29],[35.35,38.16],[35.39,37.9],[35.06,37.71],[34.88,37.45],[34.56,37.45],[34.3,37.19],[33.75,37.13],[33.78,36.61],[33.61,36.48],[33.66,36.22],[33.58,36.22]]]}},{"type":"Feature","properties":{"NAME":"Principality of Moldavia","C":8,"name":"Principality of Moldavia","start_year":1385,"end_year":1401,"capital":"","type":"polity","region":"","event":"","source":"Cliopatria / Seshat Global History Databank (CC BY 4.0)","wikipedia":"Moldavia","wikidata":"Q10957559","_a":20,"_c":[27.64,47.08],"_nz":"摩尔达维亚公国","_sz":""},"geometry":{"type":"MultiPolygon","coordinates":[[[[29.58,45.37],[29.58,45.43],[29.67,45.43],[29.66,45.37],[29.58,45.37]]],[[[29.86,45.69],[29.61,45.69],[29.59,45.5],[29.58,45.43],[29.1,45.43],[28.67,45.24],[28.35,45.3],[28.28,45.43],[28.04,45.43],[27.86,45.3],[27.63,45.43],[26.66,45.5],[26.42,45.5],[26.24,45.37],[26.1,45.63],[26.44,45.76],[26.48,46.15],[25.94,46.55],[25.97,46.81],[25.73,46.87],[25.67,47.14],[25.02,47.2],[25.03,47.4],[24.88,47.53],[24.91,47.8],[24.99,47.8],[25.01,48.06],[25.54,48.39],[25.56,48.59],[25.25,48.85],[25.51,48.92],[25.98,48.65],[26.47,48.59],[27.39,48.65],[27.54,48.46],[28.01,48.26],[28.98,48.06],[29.21,47.86],[29.16,47.47],[29.55,47.27],[29.53,47.07],[29.9,46.74],[29.94,46.41],[30.26,46.35],[30.4,46.15],[30.4,46.09],[29.86,45.69]]]]}},{"type":"Feature","properties":{"NAME":"Ramadanid Emirate","C":10,"name":"Ramadanid Emirate","start_year":1385,"end_year":1401,"capital":"","type":"polity","region":"","event":"","source":"Cliopatria / Seshat Global History Databank (CC BY 4.0)","wikipedia":"Ramadanid Emirate","wikidata":"Q2261321","_a":6,"_c":[35.34,37.06],"_nz":"拉马丹埃米尔国","_sz":""},"geometry":{"type":"Polygon","coordinates":[[[36.57,37.25],[36.4,37.13],[36.38,36.93],[36.22,36.87],[36.14,36.87],[35.83,36.93],[35.49,36.61],[35.11,36.74],[34.95,36.67],[34.89,36.87],[34.58,36.87],[34.41,36.74],[34.34,36.74],[34.1,36.67],[34.08,36.48],[34.07,36.42],[33.74,36.22],[33.66,36.22],[33.61,36.48],[33.78,36.61],[33.75,37.13],[34.3,37.19],[34.56,37.45],[34.88,37.45],[35.06,37.71],[35.39,37.9],[35.47,37.9],[35.47,37.84],[35.54,37.84],[35.62,37.84],[36.01,37.84],[36.15,37.64],[37.01,37.71],[37.06,37.45],[36.58,37.32],[36.57,37.25]]]}},{"type":"Feature","properties":{"NAME":"Ngô Dynasty","C":3,"name":"Ngô Dynasty","start_year":1385,"end_year":1401,"capital":"","type":"polity","region":"","event":"","source":"Cliopatria / Seshat Global History Databank (CC BY 4.0)","wikipedia":"Ngô dynasty","wikidata":"Q703919","_a":32,"_c":[106.14,19.67],"_nz":"吴朝","_sz":""},"geometry":{"type":"Polygon","coordinates":[[[108.09,21.44],[107.79,21.44],[107.42,20.99],[106.88,20.86],[106.83,20.6],[106.69,20.6],[106.54,20.15],[105.97,19.83],[105.73,18.86],[106.05,18.54],[106.03,18.41],[106.18,18.41],[106.29,18.22],[106.57,18.09],[106.52,17.77],[106.77,17.51],[106.75,17.39],[107.1,17.26],[107.33,16.87],[107.48,16.87],[107.67,16.68],[107.65,16.55],[107.86,16.49],[107.84,16.36],[108.14,16.36],[108.32,16.1],[108.31,16.04],[107.5,16.04],[107.15,16.16],[106.97,16.42],[106.69,16.49],[106.61,16.94],[105.21,18.35],[105.25,18.61],[105.12,18.74],[104.62,18.86],[104.51,19.06],[103.96,19.31],[104.08,19.64],[104.69,19.7],[104.95,19.96],[104.98,20.15],[104.65,20.41],[104.5,20.41],[104.82,20.99],[104.69,21.11],[104.73,21.37],[104.59,21.37],[104.62,21.56],[104.56,21.69],[104.42,21.69],[104.45,21.89],[104.32,22.01],[104.33,22.08],[104.26,22.08],[103.96,22.53],[104.15,22.79],[104.52,22.72],[104.84,22.85],[104.96,23.11],[105.21,23.3],[105.44,23.3],[105.75,22.98],[106.2,22.98],[106.33,22.85],[106.71,22.91],[106.77,22.85],[106.61,22.34],[106.71,22.08],[107.24,21.69],[107.46,21.69],[107.59,21.56],[107.97,21.63],[108.1,21.5],[108.09,21.44]]]}},{"type":"Feature","properties":{"NAME":"Electorate of Saxony","C":1,"name":"Electorate of Saxony","start_year":1385,"end_year":1428,"capital":"","type":"polity","region":"","event":"","source":"Cliopatria / Seshat Global History Databank (CC BY 4.0)","wikipedia":"Electorate of Saxony","wikidata":"Q156199","_a":1,"_c":[12.87,51.78],"_nz":"萨克森选侯国","_sz":""},"geometry":{"type":"Polygon","coordinates":[[[13.16,51.51],[13.58,51.65],[13.24,51.71],[13.25,51.85],[13.5,51.85],[13.5,51.92],[13.59,51.92],[13.59,51.98],[13.51,51.98],[13.51,52.05],[13.42,52.05],[12.4,52.18],[12.15,52.12],[12.23,51.92],[12.4,51.85],[12.31,51.58],[12.56,51.58],[12.48,51.45],[12.64,51.38],[12.65,51.45],[12.73,51.45],[12.81,51.45],[12.9,51.45],[12.98,51.45],[13.07,51.45],[13.07,51.51],[13.16,51.51]]]}},{"type":"Feature","properties":{"NAME":"Tver","C":3,"name":"Tver","start_year":1395,"end_year":1462,"capital":"","type":"polity","region":"","event":"","source":"Cliopatria / Seshat Global History Databank (CC BY 4.0)","wikipedia":"Tver","wikidata":"Q2288","_a":2,"_c":[36.86,57.28],"_nz":"特维尔","_sz":""},"geometry":{"type":"Polygon","coordinates":[[[35.92,57.08],[36.16,57.35],[36.55,57.49],[37.21,57.63],[37.26,57.83],[37.77,57.77],[37.76,57.7],[37.85,57.7],[37.8,57.14],[37.28,57.21],[37.07,57.08],[36.81,57.08],[36.67,56.87],[36.31,56.87],[36.11,56.73],[35.86,56.8],[35.92,57.08]]]}},{"type":"Feature","properties":{"NAME":"Kingdom of Denmark","C":6,"name":"Kingdom of Denmark","start_year":1395,"end_year":1401,"capital":"","type":"polity","region":"","event":"","source":"Cliopatria / Seshat Global History Databank (CC BY 4.0)","wikipedia":"Danish Realm","wikidata":"Q756617","_a":1098,"_c":[-15.26,60.65],"_nz":"丹麦王国","_sz":""},"geometry":{"type":"MultiPolygon","coordinates":[[[[-8.46,52.72],[-8.38,52.72],[-8.37,52.65],[-8.46,52.65],[-8.46,52.72]]],[[[-6.33,52.72],[-6.32,52.65],[-6.4,52.65],[-6.41,52.72],[-6.33,52.72]]],[[[-6.2,53.06],[-6.19,52.99],[-6.28,52.99],[-6.28,53.06],[-6.2,53.06]]],[[[-6.38,53.12],[-6.29,53.12],[-6.28,53.06],[-6.37,53.06],[-6.38,53.12]]],[[[10.63,55.98],[10.63,55.77],[10.54,55.77],[10.36,55.77],[10.45,55.98],[10.63,55.98]]],[[[10.28,55.98],[10.01,55.91],[9.93,55.7],[9.75,55.7],[9.75,55.57],[10.63,55.63],[10.63,55.5],[10.8,55.43],[10.88,54.95],[10.71,54.75],[10.54,54.75],[10.54,55.02],[9.93,55.09],[10.01,55.02],[9.93,54.55],[10.19,54.55],[10.19,54.48],[9.93,54.27],[9.15,54.21],[8.89,54.34],[8.8,54.21],[8.72,54.21],[8.54,54.27],[8.54,54.41],[8.8,54.48],[8.8,54.61],[8.53,54.82],[8.44,55.23],[8.53,55.23],[8.53,55.36],[8.35,55.5],[8.09,55.5],[8.09,55.63],[8,55.63],[8.08,56.11],[7.99,56.11],[7.98,56.66],[8.24,56.73],[8.15,56.87],[8.24,56.87],[8.24,57.01],[8.5,57.21],[9.39,57.21],[9.66,57.42],[9.66,57.56],[9.83,57.56],[9.92,57.7],[10.46,57.77],[10.55,57.28],[10.28,57.08],[10.28,56.59],[10.9,56.52],[10.81,56.18],[10.54,56.18],[10.54,56.11],[10.36,56.11],[10.37,56.25],[10.28,56.25],[10.28,55.98]]],[[[-48.04,60.84],[-48.11,61.12],[-48.61,61.19],[-48.68,61.48],[-49.23,61.48],[-49.36,61.69],[-49.17,61.69],[-49.21,61.76],[-49.44,61.83],[-49.57,62.05],[-49.14,62.12],[-49.27,62.33],[-48.67,62.26],[-47.45,61.26],[-47.41,61.19],[-47.74,61.12],[-47.53,60.91],[-47.68,60.84],[-47.77,60.84],[-47.73,60.77],[-48.04,60.84]]],[[[14.64,55.29],[14.99,55.23],[15.08,55.23],[15.07,55.02],[14.64,55.09],[14.64,55.29]]],[[[14.32,55.98],[14.23,55.91],[14.3,55.36],[12.81,55.36],[12.73,55.5],[12.9,55.57],[12.91,55.77],[12.56,55.98],[12.56,55.7],[12.2,55.57],[12.38,55.43],[12.37,55.23],[12.11,55.16],[12.1,54.75],[10.88,54.75],[10.97,55.02],[11.67,54.89],[11.67,55.09],[11.5,55.23],[10.97,55.29],[11.06,55.57],[10.89,55.63],[10.89,55.77],[11.24,55.84],[11.33,56.05],[11.6,56.05],[11.77,55.84],[11.86,56.11],[12.48,56.18],[12.48,56.32],[12.66,56.32],[12.57,56.52],[12.75,56.52],[12.75,56.66],[12.4,56.8],[12.41,56.94],[12.14,57.08],[12.06,57.35],[11.79,57.42],[11.79,57.56],[11.8,57.63],[11.98,57.77],[12.33,57.77],[12.95,57.28],[13.12,57.14],[13.12,57.01],[13.29,56.94],[13.46,56.59],[15.93,56.52],[16.1,56.39],[16.09,56.32],[15.82,56.11],[14.77,56.18],[14.76,55.98],[14.32,55.98]]],[[[19.05,57.97],[19.03,57.83],[18.84,57.7],[18.91,57.42],[18.45,57.21],[18.34,56.94],[18.08,56.94],[18.03,57.49],[18.03,57.56],[18.23,57.83],[18.6,57.97],[19.05,57.97]]],[[[17.88,68.42],[17.78,68.42],[17.68,68.42],[17.68,68.5],[17.78,68.5],[17.88,68.5],[17.88,68.42]]],[[[18.08,68.5],[18.08,68.42],[17.89,68.57],[18.2,68.65],[18.08,68.5]]],[[[17.7,68.65],[17.69,68.57],[17.59,68.57],[17.6,68.65],[17.7,68.65]]]]}},{"type":"Feature","properties":{"NAME":"Kingdom of Singapura","C":6,"name":"Kingdom of Singapura","start_year":1395,"end_year":1401,"capital":"","type":"polity","region":"","event":"","source":"Cliopatria / Seshat Global History Databank (CC BY 4.0)","wikipedia":"Kingdom of Singapura","wikidata":"Q27842","_a":0,"_c":[103.75,1.32],"_nz":"新加坡王国","_sz":""},"geometry":{"type":"Polygon","coordinates":[[[103.71,1.25],[103.63,1.25],[103.63,1.31],[103.56,1.31],[103.56,1.38],[103.93,1.38],[103.93,1.31],[103.85,1.31],[103.85,1.25],[103.78,1.25],[103.71,1.25]]]}},{"type":"Feature","properties":{"NAME":"Earldom of Desmond","C":1,"name":"Earldom of Desmond","start_year":1395,"end_year":1421,"capital":"","type":"polity","region":"","event":"","source":"Cliopatria / Seshat Global History Databank (CC BY 4.0)","wikipedia":"Earl of Desmond","wikidata":"Q2991012","_a":7,"_c":[-8.62,52.66],"_nz":"德斯蒙德伯爵领地","_sz":""},"geometry":{"type":"Polygon","coordinates":[[[-7.53,52.12],[-8.01,51.92],[-8.08,51.78],[-8.58,51.71],[-8.86,51.92],[-8.92,52.32],[-9.26,52.32],[-9.32,52.18],[-9.57,52.12],[-10.51,52.12],[-10.53,52.25],[-9.94,52.32],[-9.97,52.52],[-9.15,52.72],[-8.37,52.65],[-8.18,53.12],[-8.01,53.12],[-7.9,52.99],[-7.65,52.99],[-7.59,53.19],[-7.15,53.12],[-7.07,53.19],[-7.12,53.53],[-6.96,53.6],[-6.87,53.6],[-6.72,53.12],[-6.71,53.06],[-7.12,52.92],[-6.85,52.18],[-7.44,52.12],[-7.53,52.12]]]}},{"type":"Feature","properties":{"NAME":"Sultanate of Bengal","C":7,"name":"Sultanate of Bengal","start_year":1395,"end_year":1481,"capital":"","type":"polity","region":"","event":"","source":"Cliopatria / Seshat Global History Databank (CC BY 4.0)","wikipedia":"Bengal Sultanate","wikidata":"Q4083686","_a":41,"_c":[87.43,23.92],"_nz":"孟加拉苏丹国","_sz":""},"geometry":{"type":"Polygon","coordinates":[[[84.97,26.71],[85,26.84],[85.15,26.84],[85.27,26.71],[85.74,26.77],[85.79,26.64],[86.31,26.64],[86.65,26.45],[88.23,26.45],[88.35,26.32],[88.88,26.32],[89.15,26.19],[89.6,26.19],[90.02,26],[90.39,26],[90.36,25.42],[90.52,25.04],[90.47,24.78],[90.55,24.78],[90.61,23.81],[90.69,23.81],[90.64,23.04],[90.54,22.85],[90.69,22.85],[90.8,22.59],[90.94,22.53],[90.86,22.01],[90.63,21.95],[90.65,22.08],[90.43,22.08],[90.23,21.76],[89.9,22.01],[89.87,21.82],[89.71,21.76],[89.12,21.76],[89.1,21.63],[88.73,21.63],[88.72,22.08],[88.64,22.08],[88.51,21.69],[88.37,21.69],[88.35,21.56],[88.13,21.63],[88.18,21.95],[88.1,21.95],[87.76,21.63],[87.07,21.44],[86.97,21.24],[86.75,21.31],[86.27,21.05],[85.52,20.99],[85.33,21.24],[85.33,21.76],[84.99,22.01],[85.01,22.14],[84.86,22.14],[84.26,22.66],[84.28,22.85],[84,22.98],[84.03,23.17],[83.96,23.17],[83.91,23.88],[84.2,24.33],[84.36,24.39],[84.78,25.19],[85.05,25.1],[86.03,24.74],[86.33,25.26],[86.52,26.41],[84.99,26.69],[84.97,26.7],[84.97,26.71]]]}},{"type":"Feature","properties":{"NAME":"Golden Horde","C":1,"name":"Golden Horde","start_year":1395,"end_year":1401,"capital":"","type":"polity","region":"","event":"","source":"Cliopatria / Seshat Global History Databank (CC BY 4.0)","wikipedia":"Golden Horde","wikidata":"Q79965","_a":961,"_c":[58.75,47.67],"_nz":"金帐汗国","_sz":""},"geometry":{"type":"MultiPolygon","coordinates":[[[[53.17,45.96],[53.08,45.96],[53.1,46.02],[53.18,46.02],[53.17,45.96]]],[[[47.5,47.27],[47.19,47.33],[46.99,47.53],[47.02,47.66],[46.53,48.06],[46.56,48.19],[46.09,48.65],[45.63,48.85],[45.24,49.32],[44.96,49.18],[44.83,48.99],[45.04,48.79],[45.01,48.65],[46.31,47.47],[46.3,47.4],[46.38,47.4],[46.36,47.33],[46.45,47.33],[46.42,47.2],[47.19,46.61],[46.93,46.22],[46.7,45.5],[46.26,44.97],[46.16,44.52],[46.31,44.45],[46.28,44.32],[46.55,44.06],[46.93,43.93],[46.94,43.6],[47.02,43.6],[46.95,43.28],[45.97,42.82],[45.89,42.82],[45.88,42.76],[45.52,42.56],[45.23,42.69],[44.82,42.69],[44.84,42.76],[44.76,42.76],[43.85,42.63],[43.66,42.89],[43.42,42.89],[42.99,43.15],[41.71,43.21],[41.12,43.47],[40.4,43.54],[40.26,43.67],[40.29,43.8],[40.03,43.73],[39.35,43.99],[39.36,44.06],[38.22,44.45],[38.01,44.71],[37.53,44.71],[37.17,45.04],[37.22,45.3],[37.7,45.3],[37.75,45.56],[37.59,45.63],[37.76,45.63],[37.89,45.96],[38.33,46.15],[38.37,46.35],[37.9,46.48],[37.84,46.61],[38.49,46.61],[38.62,46.87],[39.14,47.01],[39.22,47.01],[39.48,47.07],[39.53,47.33],[39.22,47.47],[39.11,47.33],[39.03,47.33],[38.68,47.2],[37.52,47.14],[37.17,47.01],[37.23,46.87],[36.91,46.94],[36.8,46.81],[35.63,46.68],[35.25,46.28],[34.76,46.28],[34.74,46.15],[34.08,46.15],[34.02,46.28],[33.61,46.28],[33.59,46.15],[32.95,46.22],[32.85,46.09],[32.68,46.09],[32.06,46.35],[31.82,46.35],[31.84,46.48],[32.16,46.48],[32.17,46.55],[32.92,46.61],[33.69,46.87],[34.08,47.27],[34.11,47.47],[34.38,47.6],[35.03,47.53],[35.5,48.92],[35.78,49.12],[35.95,49.12],[36.01,48.99],[36,48.92],[35.81,48.79],[36.07,48.85],[36.08,48.92],[36.33,48.92],[36.31,48.79],[36.63,48.72],[36.69,48.59],[36.94,48.59],[37.84,48.99],[37.86,49.12],[37.71,49.18],[37.67,49.45],[37.59,49.45],[37.63,49.65],[37.54,49.65],[37.75,50.31],[37.84,50.31],[37.9,51.05],[38.09,51.18],[38.15,51.45],[37.94,51.65],[37.96,51.78],[37.48,51.92],[37.43,52.05],[37.01,52.12],[36.74,52.45],[36.43,52.59],[36.32,52.92],[35.77,53.12],[35.83,53.46],[36.05,53.66],[35.79,53.66],[35.9,53.8],[35.83,53.87],[35.93,54.34],[35.73,54.61],[35.92,54.68],[35.95,54.82],[36.5,54.95],[36.54,55.16],[37.18,54.89],[37.8,54.95],[38.45,54.75],[38.87,55.02],[39.12,55.7],[39.3,55.7],[39.33,55.84],[39.94,55.84],[40.15,55.98],[40.33,56.32],[41.23,56.39],[41.21,56.32],[41.64,56.25],[41.84,56.05],[42.21,56.11],[42.19,56.05],[42.23,55.84],[42.31,55.84],[45.29,56.11],[45.75,56.18],[45.88,56.32],[46.85,56.32],[47.54,56.52],[47.96,56.46],[48.27,56.59],[49.24,56.59],[49.22,56.52],[49.99,56.46],[49.96,56.39],[50.29,56.32],[50.57,56.11],[51.08,56.05],[51.05,55.98],[51.82,55.91],[51.79,55.84],[52.27,55.7],[52.31,55.57],[52.48,55.57],[52.52,55.43],[52.7,55.43],[52.65,55.29],[52.96,54.95],[53.14,54.95],[53.18,54.82],[54,54.68],[53.97,54.61],[55.36,54.61],[57.03,54.89],[57.26,55.02],[58.04,55.02],[58.19,55.16],[59.4,55.36],[59.67,55.57],[60.57,55.63],[60.51,55.5],[60.6,55.5],[61.18,55.63],[61.97,55.63],[62.68,55.84],[62.95,56.05],[63.18,55.98],[64.01,56.25],[65.57,56.39],[65.99,56.52],[66.84,56.46],[66.86,56.32],[67.16,56.39],[67.13,56.32],[67.8,56.25],[67.76,56.18],[68.78,56.11],[68.75,56.05],[70.12,55.98],[70.09,55.91],[70.56,55.98],[70.49,55.84],[76.78,55.63],[76.74,55.57],[77.18,55.57],[77.14,55.5],[79.56,55.29],[79.52,55.23],[79.87,55.23],[79.83,55.16],[80.75,54.95],[80.71,54.89],[81.29,54.68],[81.3,54.55],[81.6,54.48],[81.56,54.41],[81.78,54.34],[81.79,54.21],[82.1,54.14],[82.1,54],[82.41,53.94],[82.33,53.8],[82.42,53.8],[82.43,53.66],[82.6,53.66],[82.65,53.46],[82.82,53.46],[82.79,53.39],[82.97,53.26],[82.89,53.12],[83.07,52.99],[83.05,52.65],[83.24,52.38],[83.16,52.25],[83.26,52.12],[83.14,51.92],[83.23,51.92],[83.12,51.71],[83.2,51.71],[83.09,51.51],[83.19,51.38],[83.08,51.18],[83.17,51.18],[83.1,51.05],[83.27,51.05],[83.11,50.91],[83.29,50.78],[83.22,50.65],[83.42,50.38],[83.59,50.38],[83.69,50.25],[84.54,50.11],[84.51,50.05],[84.59,50.05],[85.02,49.91],[85.14,49.65],[85.3,49.65],[85.25,49.38],[85.55,48.99],[85.48,48.85],[85.62,48.79],[85.55,48.65],[85.63,48.65],[85.57,48.52],[85.67,48.39],[85.48,47.99],[85.56,47.99],[85.51,47.73],[85.35,47.73],[85.17,47.53],[83.98,47.27],[83.36,47.01],[80.89,46.61],[80.75,46.48],[80.04,46.74],[80.07,46.81],[79.61,46.68],[79.31,46.74],[79.33,46.81],[78.7,46.87],[78.1,46.61],[77.91,46.74],[76.73,46.68],[76.76,46.74],[76.35,46.74],[76.32,46.87],[74.6,46.87],[74.44,46.68],[73.95,46.48],[73.87,46.28],[73.63,46.28],[73.58,46.15],[73.55,46.09],[71.35,44.32],[70.43,44.45],[70.14,44.32],[69.39,44.25],[67.43,44.19],[61.96,43.73],[61.76,43.6],[61.52,43.08],[61.21,42.82],[61.13,42.56],[60.45,41.85],[59.87,41.46],[59.71,41.46],[58.83,40.81],[56.35,40.42],[56.14,39.84],[55.95,39.71],[55.89,39.45],[55.45,38.87],[54.95,38.74],[53.95,38.8],[53.96,38.87],[53.99,39],[53.73,39.26],[53.14,39.45],[53.54,39.51],[53.5,40.03],[52.79,40.03],[52.71,40.42],[52.79,40.42],[52.89,40.87],[52.97,40.87],[52.94,40.74],[53.34,40.74],[53.45,40.87],[53.4,40.68],[54.37,40.74],[54.4,40.87],[54.67,41],[54.73,41.26],[54.09,41.59],[53.91,42.17],[53.19,42.17],[52.81,41.91],[52.8,41.52],[52.72,41.52],[52.49,41.91],[52.52,42.04],[52.44,42.04],[52.68,42.37],[52.79,42.82],[52.42,42.95],[51.94,42.95],[51.77,43.28],[51.44,43.21],[51.31,43.34],[51.32,43.73],[51.04,43.93],[51.07,44.06],[50.88,44.25],[50.19,44.45],[50.22,44.58],[50.4,44.65],[50.86,44.52],[51.42,44.52],[51.47,44.71],[51.02,44.84],[51.06,45.04],[51.47,45.37],[51.88,45.37],[52.09,45.24],[53.88,45.24],[53.81,44.97],[54.3,44.97],[54.36,45.24],[54.22,45.3],[54.29,45.56],[53.88,45.56],[53.67,45.37],[53.42,45.37],[53.06,45.56],[53.07,45.89],[53.25,45.96],[53.35,46.35],[53.27,46.35],[53.27,46.68],[53.19,46.68],[53.24,46.87],[53.11,47.01],[51.86,46.94],[51.81,47.07],[51.58,47.14],[50.84,47.14],[50.3,46.94],[49.99,46.68],[49.3,46.55],[49.06,46.22],[48.64,46.15],[48.59,45.96],[48.43,45.96],[48.35,45.96],[48.3,46.48],[47.96,46.74],[47.97,46.81],[47.5,47.27]]],[[[51.08,56.05],[51.1,56.11],[51.19,56.11],[51.16,56.05],[51.08,56.05]]]]}},{"type":"Feature","properties":{"NAME":"Crown of Aragon","C":2,"name":"Crown of Aragon","start_year":1395,"end_year":1401,"capital":"","type":"polity","region":"","event":"","source":"Cliopatria / Seshat Global History Databank (CC BY 4.0)","wikipedia":"Crown of Aragon","wikidata":"Q204920","_a":129,"_c":[6.76,39.4],"_nz":"阿拉贡王国","_sz":""},"geometry":{"type":"MultiPolygon","coordinates":[[[[14.57,35.77],[14.34,35.84],[14.34,36.03],[14.42,36.03],[14.57,35.97],[14.57,35.77]]],[[[15.21,37.19],[15.21,37],[15.05,36.74],[14.66,36.74],[14.28,37.13],[13.58,37.25],[13.19,37.58],[12.49,37.71],[12.49,37.9],[12.65,38.09],[13.04,38.03],[13.12,38.16],[13.35,38.16],[13.67,37.96],[14.06,37.96],[15.63,38.29],[15.62,38.16],[15.39,38.16],[15.07,37.58],[15.06,37.51],[15.06,37.25],[15.21,37.19]]],[[[1.66,39],[1.43,38.8],[1.27,38.8],[1.18,39.06],[1.26,39.13],[1.34,39.13],[1.65,39.13],[1.66,39]]],[[[9.36,39.19],[9.04,39.19],[9.12,39.38],[9.2,39.38],[9.36,39.38],[9.36,39.19]]],[[[3.2,39.84],[3.52,39.77],[3.3,39.32],[2.82,39.32],[2.66,39.51],[2.35,39.45],[2.34,39.64],[2.88,39.97],[2.96,39.97],[3.19,39.97],[3.2,39.84]]],[[[4.3,39.84],[3.83,39.9],[3.74,40.1],[3.82,40.1],[4.22,40.1],[4.3,39.84]]],[[[8.56,40.36],[8.4,40.29],[8.32,40.29],[8.32,40.36],[8.32,40.42],[8.32,40.48],[8.24,40.48],[8.24,40.55],[8.24,40.61],[8.32,40.61],[8.56,40.55],[8.56,40.36]]],[[[-1.35,39.45],[-1.37,39.71],[-1.15,39.9],[-1.16,40.1],[-1.73,40.36],[-1.51,40.74],[-2.1,41.2],[-2.12,41.46],[-1.88,41.52],[-1.98,41.78],[-1.82,41.78],[-1.83,41.91],[-1.43,41.91],[-1.44,42.04],[-1.44,42.11],[-1.39,42.5],[-0.86,42.95],[-0.29,42.82],[-0.21,42.82],[0.04,42.69],[0.12,42.76],[0.2,42.76],[0.52,42.69],[0.67,42.82],[0.99,42.82],[1.07,42.82],[1.49,42.63],[1.49,42.56],[1.58,42.43],[1.81,42.56],[2.52,42.82],[2.75,43.02],[2.99,43.02],[2.99,42.95],[3.01,42.56],[3.18,42.37],[3.12,41.91],[2.57,41.59],[2.33,41.59],[2.11,41.33],[1.24,41.2],[0.7,40.94],[0.71,40.68],[0.47,40.61],[0.25,40.42],[0.18,40.16],[-0.2,39.97],[-0.35,39.71],[-0.31,39.13],[0.1,38.74],[-0.36,38.48],[-0.44,38.48],[-1.1,39.06],[-1.1,39.13],[-1.11,39.38],[-1.35,39.45]]]]}},{"type":"Feature","properties":{"NAME":"House of Luxembourg","C":3,"name":"House of Luxembourg","start_year":1395,"end_year":1406,"capital":"","type":"polity","region":"","event":"","source":"Cliopatria / Seshat Global History Databank (CC BY 4.0)","wikipedia":"House of Luxembourg","wikidata":"Q122293","_a":2,"_c":[5.84,49.85],"_nz":"卢森堡王朝","_sz":""},"geometry":{"type":"Polygon","coordinates":[[[6.11,49.18],[6.36,49.25],[6.26,49.52],[6.35,49.52],[6.34,49.78],[6.59,49.98],[6.5,50.18],[6.07,50.25],[6.4,50.51],[6.15,50.51],[5.99,50.38],[5.48,50.45],[5.15,50.31],[5.08,49.85],[5.25,49.71],[5.35,49.32],[5.69,49.32],[5.6,49.52],[5.93,49.58],[6.02,49.38],[5.85,49.32],[5.86,49.18],[6.02,49.18],[6.11,49.18]]]}},{"type":"Feature","properties":{"NAME":"Chagatai Khanate","C":10,"name":"Chagatai Khanate","start_year":1395,"end_year":1401,"capital":"","type":"polity","region":"","event":"","source":"Cliopatria / Seshat Global History Databank (CC BY 4.0)","wikipedia":"Chagatai Khanate","wikidata":"Q487829","_a":279,"_c":[81.4,41.56],"_nz":"察合台汗国","_sz":""},"geometry":{"type":"Polygon","coordinates":[[[92.67,39.64],[92.64,39.77],[92.48,39.77],[92.46,39.9],[92.3,39.9],[92.28,40.03],[92.12,40.03],[92.09,40.16],[91.8,40.23],[91.83,40.29],[90.75,40.55],[90.65,40.87],[90.49,41.07],[90.5,41.46],[90.42,41.46],[90.46,41.91],[90.33,41.98],[90.74,43.41],[90.66,43.41],[90.84,43.8],[90.71,43.86],[90.75,44.12],[90.41,44.25],[90.39,44.39],[89.96,44.52],[89.94,44.65],[89.39,44.84],[89.37,44.97],[88.94,45.1],[88.92,45.24],[88.5,45.37],[88.48,45.5],[86.72,46.28],[86.6,46.55],[86.43,46.55],[86.36,46.74],[86.2,46.74],[86.13,46.94],[85.96,46.94],[85.89,47.14],[85.73,47.14],[85.74,47.33],[85.55,47.47],[85.62,47.6],[85.51,47.73],[85.35,47.73],[85.17,47.53],[83.98,47.27],[83.36,47.01],[80.89,46.61],[80.75,46.48],[80.04,46.74],[80.07,46.81],[79.61,46.68],[79.31,46.74],[79.28,46.68],[79.09,46.61],[78.97,46.35],[78.46,46.28],[77.8,46.28],[77.83,46.35],[77.36,46.41],[77.39,46.48],[75.45,46.55],[75.32,46.41],[74.88,46.35],[74.75,46.02],[74.32,45.96],[74.12,45.43],[74.25,45.37],[74.13,45.04],[73.94,44.97],[73.74,45.3],[73.33,45.5],[73.5,45.96],[73.64,45.89],[73.72,46.09],[73.53,46.02],[73.55,46.09],[71.35,44.32],[70.3,43.15],[70.21,42.89],[70.32,42.76],[70.11,42.37],[70.19,42.37],[70.19,42.11],[70.5,41.85],[71.04,41.78],[71.05,41.59],[72.1,41.39],[72.92,41],[72.94,40.81],[73.18,40.81],[73.21,40.68],[73.37,40.68],[73.47,40.48],[73.63,40.48],[73.86,40.23],[73.82,40.1],[73.95,40.03],[73.85,39.71],[73.93,39.71],[73.71,39.51],[73.61,39.19],[73.69,39.19],[73.65,39.06],[73.79,39],[73.73,38.8],[73.81,38.8],[73.67,38.61],[73.75,38.61],[73.62,37.9],[73.7,37.9],[73.62,37.64],[73.7,37.64],[73.65,37.45],[73.78,37.38],[73.69,37.06],[73.8,36.87],[73.87,36.87],[74.45,37],[75.23,37],[75.47,36.74],[75.9,36.61],[75.91,36.1],[76.15,35.84],[76.56,35.9],[76.52,35.77],[76.92,35.52],[77.98,35.45],[78.09,35.58],[78.33,35.58],[78.48,35.84],[78.65,35.9],[79.44,35.97],[79.74,35.64],[80.15,35.45],[80.22,35.45],[81.48,35.52],[81.67,35.39],[82.02,35.52],[82.35,35.84],[82.74,35.84],[82.81,35.58],[83.28,35.58],[83.88,35.77],[84.63,35.71],[85,35.9],[85.7,35.9],[85.89,35.77],[86.24,35.9],[86.52,36.29],[86.8,36.42],[87.24,36.35],[88.67,36.67],[89.71,36.55],[89.83,36.42],[90.26,36.55],[91.25,36.48],[91.41,36.74],[91.34,36.74],[91.38,36.87],[90.96,37],[91,37.13],[91.44,37.25],[91.59,37.45],[91.36,37.9],[90.97,38.09],[91.12,38.29],[90.9,38.55],[90.95,38.67],[92.56,39.19],[92.69,39.32],[92.62,39.32],[92.64,39.58],[92.67,39.64]]]}},{"type":"Feature","properties":{"NAME":"Kingdom of Bosnia","C":8,"name":"Kingdom of Bosnia","start_year":1395,"end_year":1401,"capital":"","type":"polity","region":"","event":"","source":"Cliopatria / Seshat Global History Databank (CC BY 4.0)","wikipedia":"Kingdom of Bosnia","wikidata":"Q2980623","_a":9,"_c":[17.99,43.83],"_nz":"波斯尼亚王国","_sz":""},"geometry":{"type":"MultiPolygon","coordinates":[[[[17.75,42.76],[17.75,42.69],[17.67,42.69],[17.67,42.76],[17.75,42.76]]],[[[17.91,42.89],[17.91,42.82],[17.83,42.82],[17.83,42.89],[17.91,42.89]]],[[[19.21,43.08],[19.05,43.08],[18.96,42.89],[18.88,42.89],[18.87,42.82],[18.87,42.76],[18.79,42.76],[18.79,42.69],[18.71,42.69],[18.39,42.76],[18.38,42.56],[18.3,42.56],[17.99,42.76],[18.07,42.82],[18.15,42.82],[18.23,42.89],[18.08,43.02],[17.84,43.02],[17.83,42.89],[17.75,42.89],[17.51,42.82],[17.52,42.95],[17.36,42.95],[17.37,43.21],[17.12,43.15],[17.13,43.34],[16.81,43.41],[16.81,43.54],[16.73,43.54],[16.74,43.8],[16.43,44.06],[16.27,44.06],[16.27,44.25],[16.52,44.32],[16.52,44.45],[16.29,44.58],[16.29,44.84],[16.54,45.04],[18.58,45.1],[18.89,44.84],[19.14,44.97],[19.3,44.84],[19.11,44.32],[19.5,44.06],[19.4,43.67],[19.71,43.47],[19.21,43.08]]]]}},{"type":"Feature","properties":{"NAME":"Margraviate of Brandenburg","C":4,"name":"Margraviate of Brandenburg","start_year":1395,"end_year":1401,"capital":"","type":"polity","region":"","event":"","source":"Cliopatria / Seshat Global History Databank (CC BY 4.0)","wikipedia":"Margraviate of Brandenburg","wikidata":"Q148499","_a":12,"_c":[13.76,53],"_nz":"勃兰登堡边疆侯国","_sz":""},"geometry":{"type":"Polygon","coordinates":[[[15.65,52.32],[15.47,52.18],[15.13,52.25],[14.78,51.92],[14.62,52.12],[14.36,52.12],[13.94,52.32],[13.43,52.18],[13.42,52.05],[12.4,52.18],[12.41,52.32],[12.58,52.45],[12.33,52.65],[12.33,52.79],[11.9,52.59],[11.13,52.52],[11.04,52.86],[11.22,53.06],[11.39,53.06],[11.39,53.19],[11.22,53.19],[11.13,53.33],[11.31,53.46],[11.56,53.39],[11.74,53.6],[11.91,53.6],[12.17,53.39],[13.2,53.33],[13.55,53.66],[13.9,53.73],[14.32,53.39],[14.23,53.26],[14.48,53.06],[14.65,53.06],[14.82,53.19],[15.26,53.26],[15.44,53.53],[15.78,53.46],[15.7,53.66],[16.05,53.73],[16.06,53.8],[15.97,53.8],[15.98,54.07],[16.41,54],[16.31,53.8],[16.4,53.8],[16.48,53.6],[16.3,53.53],[16.29,53.39],[16.12,53.33],[16.11,53.12],[16.02,53.12],[16.1,52.86],[15.49,52.65],[15.65,52.32]]]}},{"type":"Feature","properties":{"NAME":"Ottoman Empire","C":6,"name":"Ottoman Empire","start_year":1395,"end_year":1401,"capital":"","type":"polity","region":"","event":"","source":"Cliopatria / Seshat Global History Databank (CC BY 4.0)","wikipedia":"Ottoman Empire","wikidata":"Q12560","_a":156,"_c":[30.77,41.64],"_nz":"奥斯曼帝国","_sz":""},"geometry":{"type":"MultiPolygon","coordinates":[[[[39.74,39.9],[40.04,39.84],[41.06,39.77],[41.03,39.58],[40.76,39.38],[40.75,39.26],[38.87,38.8],[38.85,38.61],[36.83,38.74],[36.48,38.48],[36.16,38.42],[36.05,38.16],[35.72,38.03],[35.62,37.84],[35.54,37.84],[35.47,37.84],[35.47,37.9],[35.39,37.9],[35.35,38.16],[35.2,38.29],[34.89,38.29],[34.68,38.48],[35.06,39.71],[34.43,39.77],[34.37,39.9],[33.57,39.77],[33.77,40.16],[33.94,40.29],[34.59,40.42],[34.88,40.81],[36.08,40.87],[36.16,40.87],[36.24,40.87],[36.24,40.94],[36.41,41],[36.47,40.87],[36.63,40.87],[36.88,40.94],[37.17,40.74],[37.87,40.68],[38.21,40.29],[38.85,40.29],[38.99,40.16],[39.68,40.03],[39.74,39.9]]],[[[29.05,40.36],[28.9,40.48],[28.91,40.61],[29.48,40.74],[29.49,40.87],[29.25,40.81],[29.1,40.94],[29.04,41.13],[29.21,41.2],[30.48,41.2],[30.62,41.07],[31.18,41.07],[31.61,41.39],[31.69,41.39],[31.98,41.13],[32.31,41.2],[32.37,41.07],[32.6,41],[32.56,40.61],[32.64,40.61],[32.61,40.42],[32.76,40.36],[32.76,40.29],[32.68,40.29],[32.67,40.23],[32.75,40.23],[32.74,40.16],[32.78,39.77],[32.66,39.38],[32.5,39.38],[32.49,39.26],[31.61,39.19],[31.15,39.32],[31.18,39.58],[30.95,39.64],[29.3,39.71],[28.9,39.58],[28.78,39.13],[28.62,39.13],[28.52,38.93],[26.95,38.93],[26.96,39],[26.88,39],[26.89,39.19],[26.74,39.26],[26.85,39.58],[26.13,39.51],[26.27,40.29],[26.6,40.48],[26.68,40.48],[26.67,40.36],[27.47,40.42],[27.54,40.29],[27.7,40.29],[27.79,40.48],[27.94,40.42],[27.94,40.36],[29.05,40.36]]],[[[26.15,40.68],[26.22,40.68],[26.22,40.61],[26.14,40.61],[26.15,40.68]]],[[[29.05,44.97],[28.8,44.97],[28.84,44.58],[28.58,44.39],[28.54,43.99],[28.62,43.99],[28.48,43.47],[28.16,43.47],[28.23,43.34],[27.9,43.28],[27.8,43.15],[27.85,42.76],[27.51,42.63],[27.49,42.43],[27.8,42.24],[27.78,42.11],[28,41.91],[27.98,41.65],[28.22,41.65],[28.28,41.46],[28.43,41.39],[28.08,41],[27.53,41.07],[27.02,40.68],[26.92,40.48],[26.63,40.74],[26.22,40.68],[26.16,40.87],[25.85,40.94],[24.35,41],[24.01,40.74],[23.7,40.81],[23.68,40.61],[23.84,40.55],[23.74,40.23],[23.11,40.36],[23.21,40.61],[23.13,40.61],[23.13,40.68],[23.14,40.81],[22.67,40.81],[22.42,40.68],[22.41,40.55],[22.57,40.48],[22.56,40.42],[22.54,40.1],[22.7,40.1],[22.61,39.9],[23.14,39.45],[22.82,39.38],[22.8,39.06],[22.96,39.13],[23.02,38.87],[22.94,38.87],[22.39,38.87],[22.53,38.42],[22.45,38.42],[22.37,38.42],[22.29,38.42],[22.29,38.35],[22.21,38.35],[22.21,38.42],[22.13,38.42],[22.06,38.42],[21.99,38.67],[22.07,38.67],[22.17,39.06],[21.72,39.51],[21.21,40.36],[21,40.74],[20.6,40.68],[20.61,40.87],[20.53,40.87],[20.47,41.2],[20.55,41.2],[20.56,41.39],[20.48,41.46],[20.58,41.78],[20.84,42.11],[21.24,42.11],[21.32,42.24],[22.37,42.37],[22.54,42.5],[22.48,42.82],[22.56,42.82],[22.58,43.08],[22.91,43.21],[23.31,43.15],[23.45,42.95],[24.26,43.02],[24.8,43.67],[25.43,43.6],[25.85,43.73],[26.28,44.06],[27.49,44.06],[27.83,44.19],[27.94,44.52],[27.79,44.58],[27.8,44.71],[27.97,44.78],[28,45.04],[27.85,45.17],[27.86,45.3],[28.04,45.43],[28.28,45.43],[28.35,45.3],[28.67,45.24],[29.1,45.43],[29.58,45.43],[29.58,45.37],[29.66,45.37],[29.53,44.91],[29.11,44.84],[29.11,44.78],[29.02,44.78],[29.05,44.97]]]]}},{"type":"Feature","properties":{"NAME":"County of Savoy","C":7,"name":"County of Savoy","start_year":1395,"end_year":1401,"capital":"","type":"polity","region":"","event":"","source":"Cliopatria / Seshat Global History Databank (CC BY 4.0)","wikipedia":"County of Savoy","wikidata":"Q1232887","_a":8,"_c":[7.15,44.97],"_nz":"萨伏依伯国","_sz":""},"geometry":{"type":"Polygon","coordinates":[[[7.7,44.78],[7.7,44.71],[7.7,44.65],[7.7,44.58],[7.7,44.52],[7.63,44.12],[7.63,43.99],[7.39,43.93],[7.31,43.8],[7.23,43.8],[6.99,43.54],[6.91,43.54],[6.83,43.67],[6.67,43.67],[6.66,43.99],[6.9,44.19],[6.9,44.32],[7.22,44.19],[7.46,44.39],[7.46,44.52],[7.46,44.58],[7.37,44.71],[6.97,44.78],[6.64,44.97],[6.63,45.1],[6.31,45.1],[6.22,45.5],[5.89,45.56],[5.72,45.69],[5.71,45.96],[5.87,46.09],[6.04,46.09],[6.04,45.89],[6.29,45.89],[6.29,45.76],[6.45,45.76],[6.78,45.96],[6.53,46.09],[6.36,46.41],[6.93,46.41],[7.35,45.96],[7.92,45.96],[8.09,45.63],[8.58,45.56],[8.58,45.3],[7.61,45.3],[7.53,45.04],[7.7,44.84],[7.7,44.78]]]}},{"type":"Feature","properties":{"NAME":"Joseon","C":10,"name":"Joseon","start_year":1395,"end_year":1414,"capital":"","type":"polity","region":"","event":"","source":"Cliopatria / Seshat Global History Databank (CC BY 4.0)","wikipedia":"Joseon","wikidata":"Q28405","_a":47,"_c":[127.07,37.4],"_nz":"朝鲜王朝","_sz":""},"geometry":{"type":"MultiPolygon","coordinates":[[[[126.7,33.26],[126.14,33.2],[126.36,33.52],[127,33.59],[126.78,33.26],[126.7,33.26]]],[[[127.93,39.97],[127.58,39.77],[127.67,39.64],[127.44,39.26],[127.8,39.19],[127.92,39],[128.36,38.8],[129.1,37.58],[129.26,37.58],[129.47,37.25],[129.41,37.13],[129.54,36.93],[129.4,36.35],[129.47,36.35],[129.42,36.1],[129.58,36.1],[129.67,35.97],[129.54,35.71],[129.62,35.71],[129.15,35.07],[128.53,35.07],[128.55,34.94],[128.81,35],[128.68,34.74],[128.33,34.81],[128.31,34.94],[128.08,34.94],[128.07,34.74],[127.76,34.74],[127.38,34.42],[127.22,34.42],[127.13,34.55],[127.3,34.74],[127.22,34.74],[127.02,34.49],[126.63,34.29],[126.42,34.36],[126.48,34.49],[126.35,34.36],[126.12,34.36],[126.48,34.81],[126.2,34.87],[126.38,35.26],[126.3,35.26],[126.52,35.71],[126.77,35.9],[126.61,35.9],[126.68,36.03],[126.52,36.03],[126.43,36.16],[126.45,36.67],[126.26,36.61],[126.05,36.8],[126.3,37],[126.65,37.06],[126.7,37.32],[126.54,37.45],[126.6,37.58],[126.29,37.58],[126.35,37.84],[125.84,37.77],[125.83,37.9],[125.68,37.9],[125.39,37.64],[125.23,37.64],[125.3,37.77],[125.21,37.9],[124.9,37.9],[125.08,38.09],[124.76,38.09],[124.87,38.29],[124.79,38.29],[124.96,38.61],[125.15,38.67],[125.19,38.74],[125.03,38.74],[125.39,39.38],[125.31,39.51],[124.87,39.58],[124.86,39.71],[124.51,39.64],[124.34,39.9],[124.27,39.9],[124.57,40.29],[124.92,40.48],[126.54,40.94],[126.62,40.94],[127.98,41.33],[129.74,41.59],[129.81,41.46],[129.73,41.33],[129.88,41.2],[129.76,40.87],[129.24,40.68],[129.08,40.42],[128.41,40.1],[128.37,40.03],[127.93,39.97]]]]}},{"type":"Feature","properties":{"NAME":"Principality of Wallachia","C":11,"name":"Principality of Wallachia","start_year":1395,"end_year":1401,"capital":"","type":"polity","region":"","event":"","source":"Cliopatria / Seshat Global History Databank (CC BY 4.0)","wikipedia":"Wallachia","wikidata":"Q171393","_a":11,"_c":[25.25,44.62],"_nz":"瓦拉几亚公国","_sz":""},"geometry":{"type":"Polygon","coordinates":[[[27.63,45.43],[26.66,45.5],[26.42,45.5],[26.24,45.37],[26.1,45.63],[25.94,45.63],[25.85,45.5],[25.44,45.5],[25.35,45.37],[25.04,45.63],[23.48,45.5],[23.47,45.37],[23.14,45.24],[22.65,45.24],[22.53,44.71],[22.69,44.65],[22.52,44.52],[22.5,44.32],[22.89,44.12],[22.95,43.8],[23.6,43.86],[24.15,43.67],[24.8,43.67],[25.43,43.6],[25.85,43.73],[26.28,44.06],[27.49,44.06],[27.83,44.19],[27.94,44.52],[27.79,44.58],[27.8,44.71],[27.97,44.78],[28,45.04],[27.85,45.17],[27.86,45.3],[27.63,45.43]]]}},{"type":"Feature","properties":{"NAME":"House of Valois-Anjou","C":11,"name":"House of Valois-Anjou","start_year":1395,"end_year":1401,"capital":"","type":"polity","region":"","event":"","source":"Cliopatria / Seshat Global History Databank (CC BY 4.0)","wikipedia":"House of Valois-Anjou","wikidata":"Q1716871","_a":44,"_c":[2.79,45.81],"_nz":"瓦卢瓦-安茹家族","_sz":""},"geometry":{"type":"MultiPolygon","coordinates":[[[[6.75,43.47],[6.59,43.41],[6.52,43.21],[5.8,43.15],[5.63,43.28],[5.39,43.28],[5.39,43.41],[4.58,43.54],[4.42,43.47],[4.34,43.47],[4.41,43.73],[4.73,43.8],[4.97,43.73],[5.05,43.93],[5.29,43.99],[5.2,44.25],[5.28,44.25],[5.69,44.19],[5.6,44.52],[6.32,44.84],[6.31,45.1],[6.63,45.1],[6.64,44.97],[6.97,44.78],[6.9,44.32],[6.9,44.19],[6.66,43.99],[6.67,43.67],[6.83,43.67],[6.91,43.54],[6.83,43.54],[6.83,43.47],[6.75,43.47]]],[[[0.72,47.47],[0.49,47.2],[0.58,47.01],[0.34,46.94],[-1.05,46.87],[-1.39,47.01],[-1.32,47.2],[-1.16,47.27],[-1.2,47.8],[-1.04,47.86],[-1,48.39],[-0.58,48.32],[-0.09,48.46],[0,48.32],[0.34,48.26],[0.44,47.99],[0.92,48.13],[1.19,47.93],[1.19,47.86],[1.19,47.8],[1.28,47.8],[1.2,47.73],[1.3,47.47],[1.21,47.47],[1.13,47.47],[0.72,47.47]]]]}},{"type":"Feature","properties":{"NAME":"Republic of Genoa","C":9,"name":"Republic of Genoa","start_year":1395,"end_year":1401,"capital":"","type":"polity","region":"","event":"","source":"Cliopatria / Seshat Global History Databank (CC BY 4.0)","wikipedia":"Republic of Genoa","wikidata":"Q174306","_a":318,"_c":[23.38,42.56],"_nz":"热那亚共和国","_sz":""},"geometry":{"type":"MultiPolygon","coordinates":[[[[26.11,38.16],[25.88,38.16],[25.9,38.48],[25.82,38.48],[25.91,38.67],[25.99,38.67],[26.22,38.55],[26.11,38.16]]],[[[26.25,38.93],[26.09,39],[26.1,39.13],[25.79,39.19],[26.04,39.38],[26.12,39.38],[26.51,39.32],[26.64,39],[26.25,38.93]]],[[[26.23,40.74],[26.22,40.68],[26.07,40.68],[26.08,40.87],[26.23,40.74]]],[[[9.49,42.76],[9.57,42.76],[9.58,41.98],[9.5,41.98],[9.5,41.78],[9.26,41.39],[9.1,41.33],[8.78,41.52],[8.78,41.72],[8.62,41.72],[8.7,41.91],[8.54,42.11],[8.53,42.5],[8.77,42.69],[9.17,42.76],[9.25,43.02],[9.33,43.02],[9.49,43.02],[9.49,42.76]]],[[[7.31,43.8],[7.31,43.73],[7.23,43.73],[7.23,43.8],[7.31,43.8]]],[[[9.89,44.06],[9.97,44.06],[9.97,43.99],[9.89,43.99],[9.89,44.06]]],[[[9.16,44.45],[8.59,44.45],[8.19,44.19],[8.03,43.93],[7.39,43.8],[7.31,43.8],[7.39,43.93],[7.63,43.99],[7.63,44.12],[8.11,44.19],[8.19,44.58],[8.91,44.58],[8.99,44.71],[9.48,44.65],[9.64,44.52],[9.65,44.32],[9.97,44.12],[9.89,44.12],[9.57,44.19],[9.16,44.45]]],[[[26.62,37.64],[26.56,37.84],[26.64,37.84],[27.03,37.84],[27.01,37.64],[26.62,37.64]]],[[[33.54,44.58],[33.53,44.52],[33.45,44.52],[33.46,44.58],[33.54,44.58]]],[[[33.93,44.45],[33.52,44.45],[33.53,44.52],[33.85,44.52],[34.03,44.65],[34.11,44.65],[34.12,44.71],[34.57,44.97],[35.4,45.1],[35.39,45.04],[34.95,44.84],[34.38,44.78],[33.93,44.45]]],[[[37.22,45.3],[37.17,45.04],[36.94,45.1],[36.86,45.1],[36.78,45.1],[36.75,45.43],[37.22,45.3]]],[[[36.23,45.24],[36.25,45.37],[36.26,45.43],[36.42,45.43],[36.38,45.17],[36.23,45.24]]],[[[39.22,47.47],[39.53,47.33],[39.48,47.07],[39.22,47.01],[39.23,47.07],[39.24,47.14],[39.26,47.2],[39.27,47.27],[39.19,47.27],[39.2,47.33],[39.11,47.33],[39.22,47.47]]]]}},{"type":"Feature","properties":{"NAME":"Jaunpur Sultanate","C":8,"name":"Jaunpur Sultanate","start_year":1395,"end_year":1474,"capital":"","type":"polity","region":"","event":"","source":"Cliopatria / Seshat Global History Databank (CC BY 4.0)","wikipedia":"Jaunpur Sultanate","wikidata":"Q167134","_a":30,"_c":[82.89,26.84],"_nz":"江普尔苏丹国","_sz":""},"geometry":{"type":"Polygon","coordinates":[[[80.37,28.7],[80.05,28.93],[79.26,28.03],[79.36,27.31],[79.86,26.48],[80.24,26.11],[80.86,25.86],[82.65,25.44],[83.34,25.11],[83.9,25.21],[84.76,25.19],[85.05,25.1],[86.03,24.74],[86.33,25.26],[86.52,26.41],[84.99,26.69],[84.09,27.06],[83.84,27.11],[83.33,27.16],[81.6,28.1],[81.53,28.18],[81.23,28.45],[80.75,28.7],[80.37,28.7]]]}},{"type":"Feature","properties":{"NAME":"Duchy of Burgundy","C":2,"name":"Duchy of Burgundy","start_year":1395,"end_year":1401,"capital":"","type":"polity","region":"","event":"","source":"Cliopatria / Seshat Global History Databank (CC BY 4.0)","wikipedia":"Duchy of Burgundy","wikidata":"Q4712","_a":30,"_c":[4.3,48.71],"_nz":"勃艮第公国","_sz":""},"geometry":{"type":"MultiPolygon","coordinates":[[[[5.08,47.73],[5.25,47.6],[5.5,47.6],[5.82,47.73],[5.82,47.86],[6.14,47.99],[6.89,47.93],[6.98,47.53],[6.99,47.47],[6.99,47.4],[6.99,47.33],[6.99,47.27],[6.91,47.27],[6.91,47.2],[6.83,47.2],[6.83,47.14],[6.1,46.61],[6.11,46.48],[5.95,46.35],[5.87,46.35],[5.87,46.28],[5.3,46.28],[4.97,46.28],[4.9,45.96],[4.4,46.09],[4.33,45.96],[4.08,45.96],[4.07,46.15],[3.73,46.55],[3.07,46.61],[2.9,46.81],[2.7,47.33],[2.37,47.47],[2.43,47.86],[2.76,47.8],[3.25,47.99],[3.75,47.8],[3.91,47.93],[4.17,47.66],[4.34,47.66],[4.58,47.86],[4.57,47.99],[4.82,47.99],[5.08,47.8],[5.08,47.73]]],[[[4.33,49.85],[4.49,49.91],[4.58,49.91],[4.67,49.58],[4.18,49.52],[4.17,49.65],[4.25,49.65],[4.33,49.85]]],[[[3.73,50.18],[3.73,50.11],[2.55,50.11],[1.78,50.38],[1.6,50.58],[1.69,50.58],[1.68,50.65],[1.77,50.65],[1.76,50.71],[1.85,50.71],[1.84,50.78],[2.09,50.85],[2.07,51.11],[2.16,51.11],[2.99,51.31],[3.16,51.45],[4,51.45],[4.09,51.45],[4.26,51.31],[4.27,51.18],[4.11,51.05],[4.03,50.78],[3.54,50.58],[3.54,50.51],[3.54,50.45],[3.55,50.38],[3.63,50.38],[3.64,50.31],[3.64,50.25],[3.64,50.18],[3.73,50.18]]]]}},{"type":"Feature","properties":{"NAME":"County of Blôis","C":1,"name":"County of Blôis","start_year":1395,"end_year":1401,"capital":"","type":"polity","region":"","event":"","source":"Cliopatria / Seshat Global History Databank (CC BY 4.0)","wikipedia":"County of Blois","wikidata":"Q19336869","_a":1,"_c":[1.54,47.53],"_nz":"布卢瓦伯国","_sz":""},"geometry":{"type":"Polygon","coordinates":[[[1.19,47.8],[1.28,47.8],[1.2,47.73],[1.3,47.47],[1.4,47.07],[1.89,47.14],[1.68,47.99],[1.19,47.93],[1.19,47.86],[1.19,47.8]]]}},{"type":"Feature","properties":{"NAME":"Nanzan","C":8,"name":"Nanzan","start_year":1395,"end_year":1401,"capital":"","type":"polity","region":"","event":"","source":"Cliopatria / Seshat Global History Databank (CC BY 4.0)","wikipedia":"Nanzan","wikidata":"Q55522","_a":0,"_c":[127.72,26.13],"_nz":"南山","_sz":""},"geometry":{"type":"Polygon","coordinates":[[[127.82,26.07],[127.85,26.19],[127.63,26.19],[127.59,26.07],[127.74,26.07],[127.82,26.07]]]}},{"type":"Feature","properties":{"NAME":"Kingdom of Poland","C":10,"name":"Kingdom of Poland","start_year":1395,"end_year":1401,"capital":"","type":"polity","region":"","event":"","source":"Cliopatria / Seshat Global History Databank (CC BY 4.0)","wikipedia":"Kingdom of Poland","wikidata":"Q577867","_a":64,"_c":[20.86,50.8],"_nz":"波兰王国","_sz":""},"geometry":{"type":"Polygon","coordinates":[[[19.09,50.18],[19.17,50.18],[19.19,50.38],[19.02,50.45],[19.03,50.58],[18.7,50.71],[18.71,50.85],[18.05,51.11],[17.97,51.25],[17.55,51.25],[17.32,51.71],[16.98,51.71],[16.72,51.58],[16.56,51.71],[16.13,51.71],[16.14,51.85],[15.81,52.12],[15.81,52.25],[15.65,52.32],[15.49,52.65],[16.1,52.86],[16.02,53.12],[16.11,53.12],[16.12,53.33],[16.29,53.39],[16.3,53.53],[16.48,53.6],[16.4,53.8],[16.66,53.8],[16.82,53.6],[17.08,53.6],[17.33,53.39],[17.51,53.53],[18.45,53.46],[18.52,53.19],[18.69,53.19],[18.93,52.92],[19.36,52.99],[19.72,53.26],[20.4,53.06],[20.67,53.26],[20.93,53.26],[21.29,53.46],[22.42,53.6],[22.74,53.33],[22.7,52.92],[22.34,52.79],[22.41,52.59],[22.66,52.52],[22.84,52.65],[23.19,52.65],[23.34,52.52],[23.14,52.18],[22.61,52.05],[22.75,51.65],[23.59,51.58],[23.94,51.65],[24.04,51.85],[24.64,51.92],[24.84,52.18],[25.26,52.12],[25.22,51.78],[24.96,51.71],[24.73,51.18],[24.2,50.91],[24.37,50.91],[24.33,50.58],[24.59,50.58],[24.77,50.71],[24.84,50.58],[25.74,50.31],[25.8,50.11],[25.97,50.11],[26.03,49.91],[26.19,49.85],[26.22,49.38],[25.78,49.12],[25.36,49.05],[25.25,48.85],[25.56,48.59],[25.54,48.39],[25.01,48.06],[24.99,47.8],[24.91,47.8],[24.59,47.93],[24.69,48.13],[24.37,48.26],[24.38,48.39],[24.05,48.46],[23.67,48.79],[22.93,48.92],[22.78,49.12],[22.52,49.05],[21.8,49.38],[20.21,49.38],[19.87,49.18],[19.47,49.58],[19.13,49.45],[18.88,49.52],[19.24,49.85],[19.17,50.05],[19.08,50.05],[19.09,50.11],[19.09,50.18]]]}},{"type":"Feature","properties":{"NAME":"Swiss Confederation","C":2,"name":"Swiss Confederation","start_year":1395,"end_year":1401,"capital":"","type":"polity","region":"","event":"","source":"Cliopatria / Seshat Global History Databank (CC BY 4.0)","wikipedia":"Switzerland","wikidata":"Q39","_a":3,"_c":[7.98,47.01],"_nz":"瑞士邦联","_sz":""},"geometry":{"type":"Polygon","coordinates":[[[6.83,47.2],[6.91,47.2],[6.91,47.27],[6.99,47.27],[7.32,47.33],[7.32,47.14],[7.57,47.14],[7.73,47.33],[7.81,47.33],[7.89,47.33],[7.98,47.33],[8.06,47.33],[8.14,47.27],[8.47,47.66],[8.71,47.66],[8.88,47.53],[8.88,47.2],[9.13,47.01],[8.72,46.94],[8.56,46.61],[8.32,46.68],[8.15,46.55],[7.75,46.55],[7.26,46.35],[7.17,46.55],[7.33,46.68],[7.33,46.87],[7.24,47.01],[6.83,47.14],[6.83,47.2]]]}},{"type":"Feature","properties":{"NAME":"Tughlaq Dynasty","C":10,"name":"Tughlaq Dynasty","start_year":1395,"end_year":1401,"capital":"","type":"polity","region":"","event":"","source":"Cliopatria / Seshat Global History Databank (CC BY 4.0)","wikipedia":"Tughlaq dynasty","wikidata":"Q1124402","_a":73,"_c":[74.96,30.47],"_nz":"图格鲁克王朝","_sz":""},"geometry":{"type":"Polygon","coordinates":[[[79.37,27.29],[79.17,27.03],[78.54,26.84],[78.44,26.71],[78.3,26.77],[78.04,26.58],[77.52,26.58],[77.12,26.45],[75.77,26.45],[75.37,26.77],[75.22,26.77],[75.17,26.9],[75.02,26.9],[74.9,27.09],[74.75,27.09],[74.63,27.29],[74.48,27.29],[74.36,27.48],[74.21,27.48],[74.09,27.67],[73.94,27.67],[73.83,27.87],[73.67,27.87],[73.56,28.06],[73.06,28.25],[73.01,28.38],[72.29,28.57],[72.16,28.7],[70.49,29.09],[70.42,29.09],[70.85,32.04],[71.17,32.49],[71.23,32.75],[71.59,33.01],[71.48,33.2],[71.53,33.39],[72.14,34.04],[72.54,34.1],[72.66,34.29],[73.02,34.49],[73.33,34.49],[73.34,33.91],[73.42,33.91],[73.49,33.26],[73.57,33.26],[73.51,33.01],[73.63,32.88],[74.21,32.75],[74.4,32.56],[75.21,32.43],[75.33,32.3],[76.4,32.3],[76.52,32.17],[77.04,32.11],[77.3,31.91],[78.04,31.79],[78.45,31.59],[78.43,31.53],[78.22,31.27],[77.9,31.21],[77.62,30.95],[77.23,29.86],[77.36,29.79],[77.34,29.67],[77.46,29.54],[77.61,29.54],[78.12,29.02],[79.49,28.38],[79.26,28.03],[79.26,27.52],[79.37,27.29]]]}},{"type":"Feature","properties":{"NAME":"Republic of Venice","C":9,"name":"Republic of Venice","start_year":1395,"end_year":1401,"capital":"","type":"polity","region":"","event":"","source":"Cliopatria / Seshat Global History Databank (CC BY 4.0)","wikipedia":"Republic of Venice","wikidata":"Q4948","_a":154,"_c":[19.12,40.41],"_nz":"威尼斯共和国","_sz":""},"geometry":{"type":"MultiPolygon","coordinates":[[[[22.87,36.16],[22.89,36.42],[22.96,36.42],[23.12,36.35],[23.11,36.16],[22.87,36.16]]],[[[21.91,37],[21.9,36.93],[21.74,36.87],[21.75,37],[21.91,37]]],[[[22.64,37.71],[22.88,37.71],[22.87,37.64],[22.95,37.58],[22.64,37.58],[22.64,37.71]]],[[[19.76,39.77],[19.92,39.77],[19.92,39.71],[19.91,39.58],[19.76,39.64],[19.76,39.77]]],[[[19.62,41.72],[19.54,41.72],[19.54,41.78],[19.46,41.78],[19.47,41.85],[19.39,41.85],[19.39,41.91],[19.31,41.91],[19.31,41.98],[19.23,41.98],[19.24,42.04],[19.64,42.04],[19.62,41.72]]],[[[18.7,42.43],[18.62,42.43],[18.78,42.5],[18.85,42.37],[18.7,42.43]]],[[[18.7,42.63],[18.62,42.63],[18.62,42.56],[18.62,42.5],[18.54,42.5],[18.46,42.5],[18.46,42.56],[18.38,42.56],[18.39,42.76],[18.71,42.69],[18.7,42.63]]],[[[13.95,45.04],[13.94,44.91],[13.78,44.91],[13.71,45.24],[13.54,45.3],[13.55,45.5],[13.63,45.5],[13.71,45.5],[14.12,45.5],[13.79,45.24],[14.03,45.04],[13.95,45.04]]],[[[12,45.56],[12.17,45.82],[12.49,45.82],[12.98,45.82],[13.06,45.69],[13.06,45.63],[12.82,45.69],[12.16,45.43],[12.16,45.37],[12,45.37],[12,45.56]]],[[[24.16,35.52],[24.15,35.39],[24.3,35.32],[25.69,35.32],[25.68,35.13],[26.23,35.19],[26.14,35.07],[24.82,35],[24.76,35.19],[24.53,35.19],[24.45,35.19],[23.68,35.26],[23.62,35.52],[24.16,35.52]]],[[[25.33,37],[25.34,37.13],[25.42,37.13],[25.57,37.13],[25.56,37],[25.33,37]]],[[[24.2,37.64],[24.28,37.71],[24.36,37.71],[24.43,37.58],[24.27,37.51],[24.2,37.64]]],[[[25.05,37.51],[24.99,37.71],[25.06,37.71],[25.22,37.71],[25.29,37.51],[25.05,37.51]]],[[[24.68,37.84],[24.69,38.03],[24.77,38.03],[25.07,37.77],[24.83,37.71],[24.68,37.84]]],[[[22.6,38.42],[22.53,38.42],[22.39,38.87],[22.94,38.87],[22.94,38.8],[23.31,38.48],[23.63,38.48],[23.56,38.74],[24.03,38.67],[24.18,38.55],[24.16,38.22],[24,38.22],[23.98,37.84],[23.44,38.03],[23.36,38.03],[23.04,37.9],[22.99,38.29],[22.6,38.42]]],[[[23.49,38.8],[23.57,38.8],[23.56,38.74],[23.48,38.74],[23.49,38.8]]],[[[24.36,39],[24.44,39],[24.67,38.93],[24.66,38.74],[24.36,38.87],[24.36,39]]],[[[23.34,39],[23.41,38.87],[23.49,38.87],[23.33,38.8],[23.03,38.93],[23.03,39.06],[23.34,39]]]]}},{"type":"Feature","properties":{"NAME":"Isle of Man","C":2,"name":"Isle of Man","start_year":1395,"end_year":1401,"capital":"","type":"polity","region":"","event":"","source":"Cliopatria / Seshat Global History Databank (CC BY 4.0)","wikipedia":"Isle of Man","wikidata":"Q9676","_a":0,"_c":[-4.61,54.24],"_nz":"马恩岛","_sz":""},"geometry":{"type":"Polygon","coordinates":[[[-4.8,54.27],[-4.86,54.07],[-4.36,54.21],[-4.38,54.41],[-4.81,54.34],[-4.8,54.27]]]}},{"type":"Feature","properties":{"NAME":"Albanian Principalities","C":4,"name":"Albanian Principalities","start_year":1395,"end_year":1401,"capital":"","type":"polity","region":"","event":"","source":"Cliopatria / Seshat Global History Databank (CC BY 4.0)","wikipedia":"Albanian principalities","wikidata":"Q2658979","_a":2,"_c":[19.92,41.14],"_nz":"阿尔巴尼亚诸公国","_sz":""},"geometry":{"type":"Polygon","coordinates":[[[19.48,40.48],[19.41,40.68],[19.25,40.61],[19.25,40.74],[19.5,40.87],[19.43,41.07],[19.53,41.52],[19.45,41.52],[19.45,41.59],[19.77,41.59],[19.79,41.91],[19.87,41.91],[19.87,41.98],[20.11,42.04],[20.27,41.91],[20.26,41.85],[20.34,41.85],[20.42,41.85],[20.42,41.78],[20.5,41.78],[20.58,41.78],[20.48,41.46],[20.56,41.39],[20.55,41.2],[20.47,41.2],[20.53,40.87],[20.45,40.87],[20.44,40.74],[20.12,40.68],[20.03,40.36],[19.71,40.23],[19.63,40.23],[19.63,40.29],[19.55,40.29],[19.47,40.29],[19.47,40.36],[19.48,40.42],[19.48,40.48]]]}},{"type":"Feature","properties":{"NAME":"House of Habsburg","C":11,"name":"House of Habsburg","start_year":1395,"end_year":1401,"capital":"","type":"polity","region":"","event":"","source":"Cliopatria / Seshat Global History Databank (CC BY 4.0)","wikipedia":"House of Habsburg","wikidata":"Q65968","_a":40,"_c":[11.94,47.02],"_nz":"哈布斯堡王朝","_sz":""},"geometry":{"type":"MultiPolygon","coordinates":[[[[7.55,47.93],[7.56,47.6],[7.4,47.47],[6.98,47.53],[6.89,47.93],[7.14,47.93],[7.22,48.06],[7.47,48.06],[7.55,47.93]]],[[[7.56,47.53],[7.73,47.53],[7.89,47.73],[7.64,47.8],[7.63,48.26],[7.71,48.32],[7.79,48.32],[7.8,48.13],[7.96,48.26],[8.21,48.26],[8.21,48.13],[8.13,48.13],[8.22,47.66],[8.05,47.6],[8.14,47.53],[8.06,47.33],[7.98,47.33],[7.89,47.33],[7.81,47.33],[7.73,47.33],[7.56,47.53]]],[[[8.46,47.99],[8.38,47.99],[8.3,47.99],[8.21,47.99],[8.21,48.06],[8.21,48.13],[8.29,48.13],[8.38,48.13],[8.38,48.06],[8.46,48.06],[8.46,47.99]]],[[[8.54,48.26],[8.54,48.32],[8.79,48.32],[8.71,48.19],[8.54,48.26]]],[[[8.29,48.26],[8.21,48.39],[8.45,48.39],[8.29,48.32],[8.29,48.26]]],[[[8.45,48.52],[8.37,48.46],[8.29,48.59],[8.45,48.59],[8.45,48.52]]],[[[8.62,48.52],[8.54,48.52],[8.7,48.65],[8.7,48.52],[8.62,48.52]]],[[[16.14,47.53],[16.03,46.81],[15.86,46.68],[16.02,46.35],[15.6,46.22],[15.68,45.96],[15.26,45.76],[15.34,45.5],[14.52,45.5],[14.44,45.37],[14.36,45.37],[14.2,45.37],[14.19,45.04],[14.11,45.04],[14.03,45.04],[13.79,45.24],[14.12,45.5],[13.71,45.5],[13.71,45.56],[13.71,45.63],[13.71,45.69],[13.71,45.76],[13.63,45.76],[13.56,46.02],[13.89,46.15],[13.89,46.28],[13.73,46.35],[13.65,46.55],[12.58,46.61],[11.84,46.68],[11.52,46.61],[11.27,46.41],[11.11,46.41],[11.19,46.61],[10.45,46.55],[10.45,46.94],[10.12,46.94],[10.12,47.2],[10.2,47.33],[10.37,47.33],[10.45,47.6],[10.61,47.6],[10.69,47.6],[10.69,47.53],[10.78,47.53],[10.86,47.53],[10.94,47.53],[11.02,47.4],[11.27,47.47],[11.44,47.47],[11.44,47.33],[11.6,47.27],[11.85,47.27],[12.01,47.53],[12.26,47.53],[12.34,47.33],[12.18,47.27],[12.18,47.07],[13,47.07],[13.08,47.07],[13.74,47.07],[13.66,47.27],[13.41,47.27],[13.42,47.66],[13.18,47.93],[13.18,48.06],[13.85,48.46],[13.93,48.46],[13.93,48.52],[14.01,48.52],[14.02,48.59],[14.1,48.59],[14.1,48.65],[14.6,48.59],[14.85,48.72],[14.94,48.99],[15.19,48.99],[16.18,48.72],[16.93,48.72],[16.83,48.32],[16.99,48.19],[16.99,48.13],[16.32,47.86],[16.3,47.53],[16.14,47.53]]],[[[9.71,47.33],[9.79,47.33],[9.71,47.2],[9.54,47.27],[9.62,47.4],[9.71,47.33]]],[[[10.53,48.26],[10.53,48.19],[10.36,47.99],[10.12,48.06],[10.2,48.26],[10.53,48.26]]],[[[9.37,48.32],[9.2,48.26],[9.2,48.39],[9.37,48.39],[9.37,48.32]]],[[[9.45,48.46],[9.95,48.39],[10.03,48.39],[10.03,48.26],[9.78,48.32],[9.45,48.19],[9.45,48.46]]],[[[10.2,48.46],[10.28,48.32],[10.11,48.32],[10.11,48.46],[10.2,48.46]]]]}},{"type":"Feature","properties":{"NAME":"Empire of Trebizond","C":8,"name":"Empire of Trebizond","start_year":1395,"end_year":1401,"capital":"","type":"polity","region":"","event":"","source":"Cliopatria / Seshat Global History Databank (CC BY 4.0)","wikipedia":"Empire of Trebizond","wikidata":"Q178913","_a":6,"_c":[38.97,40.71],"_nz":"特拉比松帝国","_sz":""},"geometry":{"type":"Polygon","coordinates":[[[40.11,40.29],[40.73,40.23],[41.15,40.36],[40.93,40.48],[40.95,40.61],[41.29,41.2],[41.3,41.26],[41.16,41.39],[41.05,41.2],[40.54,41],[40.39,41.07],[40.37,40.94],[39.74,40.94],[39.05,41.13],[38.95,41],[38.54,40.87],[38.3,40.87],[38.16,41],[37.83,40.94],[37.77,41.07],[37.44,41],[37.21,41.07],[37.23,41.2],[36.99,41.2],[36.92,41.2],[36.76,41.2],[36.63,40.87],[36.88,40.94],[37.17,40.74],[37.87,40.68],[38.21,40.29],[38.85,40.29],[38.99,40.16],[39.68,40.03],[40.03,40.29],[40.11,40.29]]]}},{"type":"Feature","properties":{"NAME":"Kingdom of Georgia","C":2,"name":"Kingdom of Georgia","start_year":1395,"end_year":1401,"capital":"","type":"polity","region":"","event":"","source":"Cliopatria / Seshat Global History Databank (CC BY 4.0)","wikipedia":"Kingdom of Georgia","wikidata":"Q154667","_a":19,"_c":[42.29,42.7],"_nz":"格鲁吉亚王国","_sz":""},"geometry":{"type":"MultiPolygon","coordinates":[[[[44.82,42.69],[45.23,42.69],[45.52,42.56],[45.22,42.24],[44.59,42.3],[44.13,41.98],[43.49,41.98],[43.14,41.78],[41.92,41.65],[41.75,41.59],[41.72,41.39],[41.29,41.2],[41.3,41.26],[41.23,41.33],[41.57,41.46],[41.6,41.65],[41.78,41.78],[41.76,42.11],[41.6,42.11],[41.7,42.24],[41.48,42.37],[41.61,42.63],[41.12,43.02],[40.82,43.15],[40.42,43.15],[40.22,43.41],[39.98,43.41],[39.34,43.93],[39.35,43.99],[40.03,43.73],[40.29,43.8],[40.26,43.67],[40.4,43.54],[41.12,43.47],[41.71,43.21],[42.99,43.15],[43.42,42.89],[43.66,42.89],[43.85,42.63],[44.76,42.76],[44.74,42.69],[44.82,42.69]]],[[[39.28,44.06],[39.36,44.06],[39.35,43.99],[39.27,43.99],[39.19,43.99],[39.2,44.06],[39.28,44.06]]],[[[39.12,44.06],[39.13,44.12],[39.21,44.12],[39.2,44.06],[39.12,44.06]]],[[[39.05,44.12],[39.06,44.19],[39.14,44.19],[39.13,44.12],[39.05,44.12]]]]}},{"type":"Feature","properties":{"NAME":"Ayutthaya Kingdom","C":9,"name":"Ayutthaya Kingdom","start_year":1395,"end_year":1449,"capital":"","type":"polity","region":"","event":"","source":"Cliopatria / Seshat Global History Databank (CC BY 4.0)","wikipedia":"Ayutthaya Kingdom","wikidata":"Q841364","_a":62,"_c":[100.69,12.31],"_nz":"阿瑜陀耶王国","_sz":""},"geometry":{"type":"Polygon","coordinates":[[[102.74,12.05],[102.84,12.31],[102.41,13.01],[102.39,13.53],[102.71,13.72],[102.9,14.11],[103.23,14.36],[103.45,14.36],[103.61,14.49],[103.29,14.81],[103.23,15.52],[103.05,15.78],[103.06,16.36],[103.23,16.55],[102.1,16.87],[101.73,16.87],[101.61,17.06],[101.47,17.06],[101.31,17.51],[101.08,17.45],[100.96,17.64],[100.42,17.45],[100.21,17.06],[100.06,17],[100.01,16.68],[99.69,17],[99.47,17],[99.26,16.61],[99.19,16.1],[98.96,16.04],[98.91,16.16],[98.49,15.84],[98.19,15.78],[98.08,15.52],[97.78,15.46],[97.77,15.39],[97.77,14.81],[97.99,14.75],[97.88,14.49],[98.07,14.24],[98.04,13.98],[98.25,13.85],[98.28,13.53],[98.42,13.46],[98.65,12.82],[98.61,11.73],[98.76,11.73],[98.65,11.41],[98.7,11.09],[98.6,10.83],[98.45,10.76],[98.51,9.8],[98.13,8.71],[98.21,7.74],[98.43,7.81],[98.38,8.13],[98.47,8.32],[98.62,8.32],[98.67,8.06],[98.95,7.94],[98.94,7.68],[99.16,7.68],[99.28,7.29],[99.49,7.29],[99.48,7.1],[99.63,7.1],[99.62,7.04],[100.13,6.97],[100.51,7.16],[100.51,7.23],[100.53,7.49],[100.38,7.49],[100.47,7.68],[100.34,7.87],[100.3,8.39],[100.09,8.45],[99.96,8.71],[99.93,9.29],[99.64,9.35],[99.34,9.22],[99.29,9.54],[99.16,9.67],[99.31,10.64],[99.48,10.83],[99.6,11.41],[99.85,11.73],[99.88,11.99],[100.03,12.05],[100.1,13.4],[100.56,13.53],[100.99,13.46],[100.83,12.63],[101.55,12.56],[101.79,12.69],[102.11,12.31],[102.26,12.31],[102.22,11.99],[102.44,11.99],[102.6,12.11],[102.67,12.05],[102.74,12.05]]]}},{"type":"Feature","properties":{"NAME":"Principality of Vladimir-Suzdal","C":9,"name":"Principality of Vladimir-Suzdal","start_year":1395,"end_year":1414,"capital":"","type":"polity","region":"","event":"","source":"Cliopatria / Seshat Global History Databank (CC BY 4.0)","wikipedia":"Vladimir-Suzdal","wikidata":"Q83546","_a":48,"_c":[41.41,59.49],"_nz":"弗拉基米尔-苏兹达尔公国","_sz":""},"geometry":{"type":"MultiPolygon","coordinates":[[[[40.84,58.53],[40.91,58.46],[40.75,58.18],[40.7,57.7],[41.19,57.83],[41.24,58.04],[41.6,58.04],[41.58,57.97],[42.01,57.9],[41.99,57.83],[41.79,57.77],[41.52,57.42],[40.27,57.08],[39.66,57.14],[39.68,57.21],[39.13,57.14],[39.15,57.21],[38.79,57.21],[38.81,57.28],[38.46,57.28],[38.05,57.08],[37.8,57.14],[37.85,57.7],[38.49,57.77],[38.52,57.9],[38.43,57.9],[38.4,58.46],[38.25,58.6],[38.07,58.6],[38.02,58.74],[37.64,58.67],[37.77,57.77],[37.26,57.83],[37.21,57.63],[36.55,57.49],[36.59,58.04],[36.5,58.04],[36.55,58.25],[36.46,58.25],[36.51,58.46],[36.42,58.46],[36.45,58.95],[36.72,58.95],[36.78,58.81],[37.68,58.81],[37.89,58.95],[38.36,59.02],[38.44,59.29],[38.8,59.29],[38.94,59.16],[39.56,59.09],[40.09,58.74],[40.83,58.81],[40.77,58.6],[40.86,58.6],[40.84,58.53]]],[[[45.97,60.42],[45.94,60.35],[45.92,60.28],[45.89,60.21],[45.87,60.14],[45.85,60.07],[45.68,59.85],[45.02,59.5],[43.96,59.57],[43.98,59.64],[42.6,59.57],[42.62,59.64],[42.07,59.64],[41.54,59.36],[41.26,59.36],[41.02,59.16],[40.79,59.29],[41.6,59.57],[41.64,59.71],[42.2,60.07],[43.01,60.91],[43.29,61.48],[43.54,61.69],[44.28,61.69],[44.49,61.76],[44.54,61.9],[46.09,61.83],[46.07,61.76],[46.25,61.76],[46.39,61.62],[46.24,61.19],[46.21,61.12],[45.99,60.49],[45.97,60.42]]]]}},{"type":"Feature","properties":{"NAME":"Despotate of Arta","C":2,"name":"Despotate of Arta","start_year":1395,"end_year":1401,"capital":"","type":"polity","region":"","event":"","source":"Cliopatria / Seshat Global History Databank (CC BY 4.0)","wikipedia":"Despotate of Arta","wikidata":"Q2331954","_a":2,"_c":[21.39,38.93],"_nz":"阿尔塔专制国","_sz":""},"geometry":{"type":"Polygon","coordinates":[[[21.12,38.48],[20.97,38.74],[20.74,38.8],[20.91,39.06],[20.6,39.19],[20.68,39.26],[20.69,39.32],[21.4,39.32],[21.72,39.51],[22.17,39.06],[22.07,38.67],[21.99,38.67],[22.06,38.42],[21.98,38.42],[21.58,38.35],[21.2,38.48],[21.12,38.48]]]}},{"type":"Feature","properties":{"NAME":"Old Kingdom of Norway","C":1,"name":"Old Kingdom of Norway","start_year":1395,"end_year":1401,"capital":"","type":"polity","region":"","event":"","source":"Cliopatria / Seshat Global History Databank (CC BY 4.0)","wikipedia":"Norway","wikidata":"Q202266","_a":777,"_c":[3.35,64.28],"_nz":"挪威早期王国","_sz":""},"geometry":{"type":"MultiPolygon","coordinates":[[[[-3.44,59.02],[-3.38,59.22],[-3.2,59.22],[-3.09,59.09],[-2.81,59.02],[-2.79,58.88],[-2.97,58.88],[-3.06,58.88],[-3.42,58.81],[-3.53,59.02],[-3.44,59.02]]],[[[-2.58,59.36],[-2.56,59.22],[-2.65,59.22],[-2.64,59.16],[-2.83,59.16],[-2.84,59.29],[-2.58,59.36]]],[[[-0.81,60.63],[-1.16,60.56],[-1.05,60.35],[-1.14,60.35],[-1.2,60.07],[-1.67,60.21],[-1.63,60.63],[-1.36,60.7],[-1.35,60.56],[-1.26,60.56],[-1.28,60.77],[-0.83,60.84],[-0.81,60.63]]],[[[-6.74,61.62],[-6.72,61.48],[-6.71,61.41],[-6.99,61.48],[-7.02,61.62],[-6.74,61.62]]],[[[-6.96,62.4],[-6.77,62.33],[-6.66,62.26],[-6.69,61.9],[-6.79,61.9],[-7.28,62.05],[-7.32,62.33],[-6.96,62.4]]],[[[23.11,70.1],[23.1,70.02],[22.49,70.02],[22.46,69.87],[21.97,69.95],[22.05,69.79],[21.66,69.87],[21.33,69.72],[20.93,69.72],[20.71,69.56],[20.5,69.56],[20.53,69.79],[20.43,69.79],[20.29,69.49],[20,69.56],[19.78,69.41],[19.38,69.41],[18.54,69.11],[18.43,68.95],[17.91,68.8],[18,68.65],[17.6,68.65],[17.59,68.5],[17.29,68.5],[17.27,68.27],[17.06,68.12],[17.16,68.12],[17.15,68.05],[17.05,68.05],[17.04,67.97],[16.94,67.97],[16.94,67.89],[16.84,67.89],[16.83,67.82],[16.74,67.82],[16.74,67.89],[16.64,67.82],[16.43,67.74],[16.53,67.74],[16.53,67.67],[16.43,67.67],[16.43,67.74],[16.23,67.67],[16.32,67.52],[15.72,67.37],[15,66.77],[14.8,66.77],[13.79,65.96],[13.6,65.96],[13.2,65.66],[13.19,65.3],[13.28,65.22],[14.34,65.3],[14.52,65.15],[14.91,65.15],[15.18,64.93],[15.38,64.93],[15.56,64.79],[15.55,64.64],[15.85,64.86],[15.93,64.64],[16.4,64.49],[16.48,64.35],[16.58,64.35],[16.46,64.06],[16.26,63.91],[15.5,63.84],[15.49,63.7],[15.77,63.48],[16.51,63.26],[16.59,63.12],[16.1,62.76],[14.69,62.62],[14.68,62.4],[15.23,62.19],[15.21,61.97],[14.75,61.97],[14.74,61.69],[14.35,61.26],[14.51,60.7],[14.42,60.7],[14.4,60.42],[14.31,60.42],[14.29,59.85],[14.38,59.85],[14.28,59.5],[14.36,59.43],[14.27,59.43],[14.16,58.95],[14.25,58.95],[14.25,58.81],[14.6,58.67],[14.6,58.53],[14.04,58.04],[13.59,58.04],[13.59,57.83],[13.67,57.83],[13.58,57.63],[12.95,57.28],[12.33,57.77],[11.98,57.77],[11.8,57.63],[11.8,57.7],[11.71,57.7],[11.71,58.11],[11.45,58.11],[11.45,58.32],[11.18,58.39],[11.1,59.16],[10.83,59.16],[10.56,59.36],[10.56,59.64],[10.37,59.5],[10.47,59.43],[10.37,59.16],[10.19,59.16],[10.01,58.95],[9.65,59.02],[9.56,58.88],[9.38,58.88],[9.38,58.74],[9.11,58.74],[9.11,58.6],[8.93,58.6],[8.67,58.32],[7.6,57.97],[6.61,58.04],[6.52,58.25],[5.7,58.46],[5.51,58.6],[5.5,59.02],[5.95,59.02],[6.03,59.36],[5.84,59.43],[5.85,59.29],[5.21,59.29],[5.28,59.78],[5.19,59.78],[5.18,60],[5.45,60.14],[5.26,60.28],[4.9,60.21],[4.89,60.42],[5.16,60.49],[4.95,61.05],[5.13,61.19],[5.03,61.19],[4.93,61.48],[5.2,61.62],[4.92,61.62],[4.91,61.76],[5.19,61.9],[5.08,62.26],[5.45,62.19],[5.44,62.4],[5.72,62.4],[5.73,62.19],[5.92,62.19],[5.91,62.4],[6.56,62.47],[6.64,62.76],[7.4,62.62],[7.39,62.76],[6.92,62.83],[6.92,63.05],[7.95,63.05],[7.94,63.19],[8.23,63.19],[8.22,63.34],[7.75,63.34],[7.84,63.55],[8.22,63.48],[8.5,63.7],[9.07,63.7],[8.98,63.48],[9.26,63.41],[9.35,63.62],[9.54,63.62],[9.54,63.91],[9.92,63.99],[9.92,64.13],[10.3,64.28],[10.3,64.42],[10.87,64.64],[11.16,64.64],[11.35,64.49],[11.44,64.57],[11.35,64.86],[11.45,64.86],[11.45,65],[11.74,65.08],[11.84,65.22],[12.13,65.15],[12.04,65.44],[12.13,65.44],[12.14,65.59],[12.53,65.74],[12.53,65.88],[12.34,65.88],[12.44,66.11],[12.34,66.11],[12.35,66.25],[12.64,66.25],[12.63,66.11],[12.82,66.03],[12.93,66.25],[13.12,66.25],[12.94,66.62],[13.23,66.62],[13.24,66.77],[13.63,66.77],[13.54,67],[13.64,67.07],[14.13,67.07],[14.44,67.3],[14.55,67.52],[14.95,67.67],[15.07,67.97],[15.36,67.97],[15.58,68.27],[15.88,68.27],[15.88,68.35],[15.09,68.42],[14.98,68.27],[14.19,68.2],[14.19,68.35],[14.4,68.5],[14.9,68.57],[14.91,68.73],[14.41,68.65],[14.42,68.8],[14.93,68.95],[15.03,69.11],[15.33,69.03],[15.32,68.8],[15.52,68.8],[15.44,69.18],[15.75,69.33],[16.15,69.33],[16.14,69.18],[15.94,69.11],[15.92,68.88],[16.62,68.88],[16.61,68.73],[17.21,68.8],[17.23,69.03],[17.33,69.03],[17.32,68.88],[17.52,68.88],[17.65,69.18],[17.04,69.11],[16.96,69.33],[16.86,69.33],[16.87,69.49],[17.89,69.64],[17.98,69.49],[18.58,69.49],[18.59,69.56],[18.19,69.56],[18.2,69.72],[18.82,69.79],[18.72,69.87],[18.75,70.1],[18.86,70.18],[19.66,70.1],[19.59,70.33],[19.79,70.33],[19.88,70.26],[19.84,69.87],[20.04,69.87],[20.16,70.02],[20.36,70.02],[20.29,70.26],[20.81,70.33],[20.77,70.02],[21.77,69.95],[21.79,70.1],[21.38,70.1],[21.43,70.41],[22.03,70.33],[22.02,70.26],[22.33,70.33],[22.47,70.57],[22.37,70.57],[22.41,70.8],[23.44,70.88],[23.3,70.64],[23.5,70.64],[23.63,70.8],[24.33,70.72],[24.27,70.95],[25.21,71.03],[25.3,70.95],[25.34,71.19],[25.56,71.27],[26.06,71.19],[25.88,70.8],[25.34,70.64],[25.22,70.57],[25.3,70.41],[24.95,70.18],[24.15,70.26],[23.93,70.18],[23.83,70.18],[23.53,70.18],[23.5,70.02],[23.11,70.1]],[[17.06,68.12],[16.95,68.05],[17.05,68.05],[17.06,68.12]],[[16.95,68.04],[16.85,67.97],[16.94,67.97],[16.95,68.04]],[[16.85,67.97],[16.74,67.89],[16.84,67.89],[16.85,67.97]]],[[[-20.05,66.18],[-20.01,66.03],[-19.55,65.81],[-19.57,66.18],[-19.18,66.18],[-19.2,66.25],[-18.72,66.25],[-18.36,66.03],[-18.43,66.25],[-18.04,66.25],[-17.59,66.03],[-17.46,66.25],[-16.66,66.18],[-16.67,66.55],[-15.79,66.55],[-15.61,66.25],[-15.34,66.33],[-15.36,66.4],[-15.07,66.4],[-14.99,66.11],[-14.7,66.11],[-14.64,65.88],[-14.72,65.81],[-14.33,65.81],[-14.29,65.66],[-13.7,65.59],[-13.64,65.37],[-13.72,65.3],[-13.51,65.22],[-13.47,65.08],[-13.93,65],[-13.88,64.79],[-14.07,64.79],[-14.05,64.71],[-14.43,64.71],[-14.47,64.49],[-14.74,64.42],[-14.8,64.28],[-15.27,64.28],[-15.5,64.42],[-15.46,64.28],[-16.09,64.13],[-16.07,64.06],[-16.6,63.91],[-16.58,63.84],[-17.7,63.77],[-18.16,63.41],[-19.39,63.41],[-19.81,63.55],[-20.37,63.55],[-20.53,63.77],[-21.15,63.91],[-22.8,63.77],[-22.9,64.06],[-22.83,64.13],[-22.33,64.06],[-22.36,64.13],[-22.17,64.13],[-22.02,64.28],[-22.1,64.49],[-22.5,64.57],[-22.58,64.79],[-23.98,64.71],[-24.16,64.93],[-22.61,65.15],[-22.59,65.37],[-22.03,65.44],[-22.06,65.52],[-23.31,65.52],[-23.28,65.44],[-24.03,65.37],[-24.37,65.52],[-24.42,65.66],[-24.13,65.66],[-24.21,65.88],[-23.8,65.81],[-23.91,66.11],[-23.62,66.11],[-23.67,66.25],[-23.28,66.25],[-22.94,66.11],[-23.17,66.48],[-22.97,66.48],[-23,66.55],[-22.61,66.55],[-21.48,66.11],[-21.38,65.52],[-21.26,65.44],[-20.97,65.74],[-20.78,65.74],[-20.76,65.66],[-20.54,65.59],[-20.4,65.74],[-20.54,66.18],[-20.05,66.18]]],[[[12.79,68.05],[12.89,68.05],[12.89,68.12],[13.19,68.12],[13.19,67.97],[12.79,67.89],[12.79,68.05]]],[[[14.09,68.2],[13.59,68.12],[13.58,68.05],[13.39,68.05],[13.39,68.12],[13.39,68.2],[13.7,68.42],[14.1,68.42],[14.09,68.2]]],[[[16.43,67.67],[16.42,67.59],[16.32,67.59],[16.33,67.67],[16.43,67.67]]],[[[16.73,67.74],[16.63,67.74],[16.64,67.82],[16.74,67.82],[16.73,67.74]]],[[[28.68,70.95],[29.29,70.95],[29.36,70.8],[30.07,70.8],[30.24,70.64],[30.65,70.64],[30.63,70.57],[31.12,70.49],[30.96,70.26],[30.43,70.18],[30.33,70.18],[30.47,70.33],[28.37,70.49],[28.44,70.8],[28.68,70.95]]],[[[26.75,71.03],[26.68,70.72],[26.56,70.64],[26.96,70.57],[27.09,70.72],[27.01,70.8],[27.23,70.88],[27.38,71.11],[28.22,71.19],[28.2,71.11],[28.49,71.03],[28.46,70.88],[28.25,70.88],[28.3,70.64],[28.06,70.49],[26.21,70.41],[26.11,70.41],[25.37,70.26],[25.41,70.49],[26.44,71.03],[26.75,71.03]]]]}},{"type":"Feature","properties":{"NAME":"Kingdom of Hungary","C":10,"name":"Kingdom of Hungary","start_year":1395,"end_year":1401,"capital":"","type":"polity","region":"","event":"","source":"Cliopatria / Seshat Global History Databank (CC BY 4.0)","wikipedia":"Kingdom of Hungary","wikidata":"Q171150","_a":83,"_c":[20.37,46.17],"_nz":"匈牙利王国","_sz":""},"geometry":{"type":"MultiPolygon","coordinates":[[[[17.51,42.82],[17.59,42.82],[17.59,42.76],[17.51,42.76],[17.51,42.82]]],[[[16.79,42.89],[16.8,43.02],[17.12,43.08],[17.2,43.08],[17.19,42.89],[16.79,42.89]]],[[[17.12,43.08],[16.72,43.08],[16.72,43.21],[16.8,43.21],[17.12,43.21],[17.12,43.08]]],[[[16.73,43.54],[16.81,43.47],[16.81,43.41],[16.73,43.34],[16.73,43.54]]],[[[14.83,44.52],[14.83,44.58],[14.91,44.58],[14.92,44.97],[14.52,45.1],[14.6,45.37],[14.52,45.37],[14.44,45.37],[14.52,45.5],[15.34,45.5],[15.26,45.76],[15.68,45.96],[15.6,46.22],[16.02,46.35],[15.86,46.68],[16.03,46.81],[16.14,47.53],[16.3,47.53],[16.32,47.86],[16.99,48.13],[16.99,48.19],[16.83,48.32],[16.93,48.72],[17.94,48.99],[18.11,49.18],[18.12,49.25],[18.2,49.25],[18.2,49.32],[18.29,49.32],[18.29,49.38],[18.88,49.52],[19.13,49.45],[19.47,49.58],[19.87,49.18],[20.21,49.38],[21.8,49.38],[22.52,49.05],[22.78,49.12],[22.93,48.92],[23.67,48.79],[24.05,48.46],[24.38,48.39],[24.37,48.26],[24.69,48.13],[24.59,47.93],[24.91,47.8],[24.88,47.53],[25.03,47.4],[25.02,47.2],[25.67,47.14],[25.73,46.87],[25.97,46.81],[25.94,46.55],[26.48,46.15],[26.44,45.76],[26.1,45.63],[25.94,45.63],[25.85,45.5],[25.44,45.5],[25.35,45.37],[25.04,45.63],[23.48,45.5],[23.47,45.37],[23.14,45.24],[22.65,45.24],[22.53,44.71],[22.53,44.65],[22.45,44.65],[22.37,44.65],[22.36,44.58],[21.95,44.52],[21.8,44.65],[21.72,44.65],[21.41,44.84],[21.08,44.84],[20.83,44.71],[20.35,44.84],[19.86,44.71],[19.62,44.91],[19.3,44.84],[19.14,44.97],[18.89,44.84],[18.58,45.1],[16.54,45.04],[16.29,44.84],[16.29,44.58],[16.52,44.45],[16.52,44.32],[16.27,44.25],[16.27,44.06],[16.43,44.06],[16.74,43.8],[16.73,43.54],[16.65,43.54],[16.25,43.6],[16.17,43.47],[15.93,43.47],[16.01,43.6],[15.86,43.8],[15.7,43.8],[15.62,43.93],[15.37,43.86],[15.46,43.99],[15.22,44.06],[15.15,44.39],[14.99,44.52],[14.91,44.52],[14.83,44.52]]],[[[14.5,44.52],[14.26,44.58],[14.27,44.97],[14.35,44.97],[14.51,44.91],[14.5,44.52]]]]}},{"type":"Feature","properties":{"NAME":"Jalayirid Sultanate","C":0,"name":"Jalayirid Sultanate","start_year":1395,"end_year":1401,"capital":"","type":"polity","region":"","event":"","source":"Cliopatria / Seshat Global History Databank (CC BY 4.0)","wikipedia":"Jalayirid Sultanate","wikidata":"Q866716","_a":59,"_c":[44.56,32.92],"_nz":"札剌亦儿苏丹国","_sz":""},"geometry":{"type":"Polygon","coordinates":[[[44.94,35.9],[43.92,35.77],[43.72,35.45],[43.5,35.52],[43.51,35.64],[42.65,35.58],[42.43,35.64],[42.37,35.77],[42.13,35.71],[41.99,35.84],[42.01,35.97],[41.79,36.1],[41.81,36.22],[41.59,36.35],[41.61,36.48],[41.46,36.55],[41.06,36.42],[40.51,35.13],[40.55,34.81],[40.77,34.74],[40.96,34.42],[41.04,34.42],[41.43,33.78],[41.86,33.59],[42.06,33.33],[42.58,33.14],[42.71,32.94],[43.15,32.81],[44.46,31.59],[44.44,31.46],[44.66,31.34],[44.64,31.14],[44.79,31.21],[45.4,30.5],[45.55,30.5],[46.1,29.99],[46.53,29.79],[46.59,29.6],[46.75,29.67],[46.87,29.41],[47.1,29.47],[47.38,29.28],[47.46,29.28],[47.57,29.6],[48.07,29.99],[48.15,29.99],[48.59,29.92],[48.6,29.99],[48.39,30.12],[48.41,30.31],[48.28,30.44],[48.05,30.44],[48.1,30.89],[47.74,31.01],[47.8,31.46],[47.98,31.72],[47.58,32.17],[47.6,32.3],[47.32,32.49],[46.95,32.56],[46.68,32.88],[46.23,32.94],[46.14,33.39],[45.59,33.91],[45.44,33.91],[45.65,34.29],[45.5,34.36],[45.54,34.61],[45.69,34.61],[45.72,34.81],[45.34,34.87],[45.2,35],[45.18,35.39],[45.04,35.52],[45.07,35.71],[44.94,35.9]]]}},{"type":"Feature","properties":{"NAME":"Crown of Castile","C":7,"name":"Crown of Castile","start_year":1395,"end_year":1401,"capital":"","type":"polity","region":"","event":"","source":"Cliopatria / Seshat Global History Databank (CC BY 4.0)","wikipedia":"Crown of Castile","wikidata":"Q217196","_a":68,"_c":[-4.86,39.88],"_nz":"卡斯蒂利亚王国","_sz":""},"geometry":{"type":"Polygon","coordinates":[[[-5.65,43.54],[-4.99,43.41],[-3.47,43.47],[-3.3,43.34],[-1.85,43.41],[-1.85,43.34],[-1.84,43.21],[-2.2,42.69],[-2.02,42.37],[-1.78,42.3],[-1.83,41.91],[-1.82,41.78],[-1.98,41.78],[-1.88,41.52],[-2.12,41.46],[-2.1,41.2],[-1.51,40.74],[-1.73,40.36],[-1.16,40.1],[-1.15,39.9],[-1.37,39.71],[-1.35,39.45],[-1.11,39.38],[-1.1,39.13],[-1.1,39.06],[-0.44,38.48],[-0.43,38.42],[-0.66,38.29],[-0.8,38.03],[-0.7,37.64],[-1.4,37.58],[-1.71,37.45],[-1.62,37.32],[-1.7,37.32],[-1.78,37.32],[-1.94,37.38],[-2.12,37.84],[-2.83,37.9],[-2.96,37.51],[-3.19,37.51],[-3.2,37.64],[-3.52,37.64],[-3.65,37.32],[-4.66,37.25],[-4.95,37],[-5.73,36.93],[-5.85,36.48],[-5.61,36.35],[-5.52,36.16],[-5.51,36.1],[-5.66,36.03],[-5.83,36.22],[-6.06,36.22],[-6.43,37],[-6.59,37],[-6.84,37.25],[-7.31,37.25],[-7.39,37.25],[-7.5,37.71],[-7.28,37.84],[-7.14,38.09],[-6.99,38.09],[-7,38.22],[-7.24,38.35],[-7.27,38.67],[-7.12,38.74],[-6.99,39],[-7.26,39.38],[-7.42,39.45],[-7.44,39.64],[-6.9,39.77],[-6.84,40.03],[-7,40.1],[-7.01,40.23],[-6.87,40.36],[-6.93,41],[-6.25,41.46],[-6.27,41.65],[-6.35,41.65],[-6.7,41.98],[-8.12,41.78],[-8.22,41.98],[-8.14,41.98],[-8.15,42.11],[-8.47,42.11],[-8.93,41.91],[-8.94,41.98],[-8.96,42.17],[-8.66,42.37],[-9.08,42.56],[-9.3,43.15],[-8.85,43.41],[-8.37,43.41],[-8.39,43.6],[-8.24,43.73],[-7.28,43.73],[-7.34,43.6],[-7.18,43.54],[-5.73,43.54],[-5.65,43.54]]]}},{"type":"Feature","properties":{"NAME":"Grand Principality of Moscow","C":7,"name":"Grand Principality of Moscow","start_year":1395,"end_year":1401,"capital":"","type":"polity","region":"","event":"","source":"Cliopatria / Seshat Global History Databank (CC BY 4.0)","wikipedia":"Principality of Moscow","wikidata":"Q170770","_a":89,"_c":[40.59,57.83],"_nz":"莫斯科大公国","_sz":""},"geometry":{"type":"MultiPolygon","coordinates":[[[[46.41,57.42],[46.43,57.49],[46.52,57.49],[46.5,57.42],[46.41,57.42]]],[[[46.54,57.56],[46.63,57.56],[46.61,57.49],[46.52,57.49],[46.54,57.56]]],[[[47.26,57.83],[47.35,57.83],[47.33,57.77],[47.24,57.77],[47.26,57.83]]],[[[40.04,59.85],[40.09,59.71],[40.28,59.71],[40.61,59.29],[40.79,59.29],[41.02,59.16],[41.26,59.36],[41.54,59.36],[42.07,59.64],[42.62,59.64],[42.6,59.57],[43.98,59.64],[43.96,59.57],[45.02,59.5],[45.68,59.85],[45.85,60.07],[45.94,60.07],[47.24,60.14],[47.1,60],[47.44,59.92],[47.55,60],[47.5,59.85],[47.75,59.78],[47.51,59.36],[47.76,59.29],[47.48,59.02],[47.57,59.02],[47.57,58.74],[47.75,58.74],[47.61,58.6],[47.74,58.46],[47.65,58.18],[47.71,58.11],[47.33,58.04],[47.26,57.83],[46.77,57.7],[46.81,57.56],[46.57,57.63],[46.43,57.49],[46.25,57.49],[46.3,57.35],[45.77,57.35],[45.15,57.08],[43.49,56.87],[43.16,56.66],[42.87,56.25],[42.3,56.11],[42.21,56.11],[41.84,56.05],[41.64,56.25],[41.21,56.32],[41.23,56.39],[40.33,56.32],[40.15,55.98],[39.94,55.84],[39.33,55.84],[39.3,55.7],[39.12,55.7],[38.87,55.02],[38.45,54.75],[37.8,54.95],[37.18,54.89],[36.54,55.16],[35.79,55.29],[35.69,55.63],[35.53,55.7],[35.5,56.39],[34.93,56.59],[34.96,56.73],[34.79,56.8],[33.7,57.08],[33.36,57.56],[33.67,57.77],[34.23,57.9],[35.02,57.83],[35.01,57.77],[35.36,57.77],[35.69,57.63],[35.84,57.49],[35.83,57.08],[35.92,57.08],[35.86,56.8],[36.11,56.73],[36.31,56.87],[36.67,56.87],[36.81,57.08],[37.07,57.08],[37.28,57.21],[37.8,57.14],[38.05,57.08],[38.46,57.28],[38.81,57.28],[38.79,57.21],[39.15,57.21],[39.13,57.14],[39.68,57.21],[39.66,57.14],[40.27,57.08],[41.52,57.42],[41.79,57.77],[41.99,57.83],[42.01,57.9],[41.58,57.97],[41.6,58.04],[41.24,58.04],[41.19,57.83],[40.7,57.7],[40.75,58.18],[40.91,58.46],[40.84,58.53],[40.86,58.6],[40.77,58.6],[40.83,58.81],[40.09,58.74],[39.56,59.09],[38.94,59.16],[38.8,59.29],[38.44,59.29],[38.36,59.02],[37.89,58.95],[37.68,58.81],[36.78,58.81],[36.72,58.95],[36.45,58.95],[35.96,59.16],[35.91,59.71],[35.77,59.85],[35.82,60.07],[35.73,60.07],[35.85,60.56],[36.25,60.7],[36.52,60.7],[36.74,60.84],[38.32,60.91],[38.38,60.77],[39.29,60.42],[39.32,60.21],[39.5,60.21],[39.56,60.07],[39.81,60],[39.79,59.92],[40.04,59.85]]],[[[38.02,58.74],[38.07,58.6],[38.25,58.6],[38.4,58.46],[38.43,57.9],[38.52,57.9],[38.49,57.77],[37.85,57.7],[37.76,57.7],[37.77,57.77],[37.64,58.67],[38.02,58.74]]],[[[47.72,58.67],[47.81,58.67],[47.79,58.6],[47.7,58.6],[47.72,58.67]]]]}},{"type":"Feature","properties":{"NAME":"Qara Qoyunlu","C":4,"name":"Qara Qoyunlu","start_year":1395,"end_year":1401,"capital":"","type":"polity","region":"","event":"","source":"Cliopatria / Seshat Global History Databank (CC BY 4.0)","wikipedia":"Qara Qoyunlu","wikidata":"Q324470","_a":30,"_c":[41.9,37.91],"_nz":"黑羊王朝","_sz":""},"geometry":{"type":"Polygon","coordinates":[[[43.11,39.77],[42.82,39.9],[42.49,39.84],[42.27,39.97],[41.87,39.9],[41.43,40.1],[41.39,40.36],[41.15,40.36],[40.73,40.23],[40.11,40.29],[40.03,40.29],[39.68,40.03],[39.74,39.9],[40.04,39.84],[41.06,39.77],[41.03,39.58],[40.76,39.38],[40.75,39.26],[38.87,38.8],[38.85,38.61],[39.31,38.55],[39.36,38.35],[39.44,38.35],[39.43,38.29],[39.51,38.29],[39.5,38.22],[39.71,38.03],[39.95,38.03],[40.15,37.84],[40.46,37.77],[41.15,37.13],[41.14,37.06],[41.46,36.55],[41.61,36.48],[41.59,36.35],[41.81,36.22],[41.79,36.1],[42.01,35.97],[41.99,35.84],[42.13,35.71],[42.37,35.77],[42.43,35.64],[42.65,35.58],[43.51,35.64],[43.5,35.52],[43.72,35.45],[43.92,35.77],[44.94,35.9],[44.59,36.16],[44.61,36.29],[44.34,36.55],[44.38,36.8],[44.87,37],[44.74,37.19],[44.77,37.38],[44.63,37.45],[44.59,37.71],[44.31,37.9],[44.35,38.16],[44.13,38.29],[44.15,38.42],[43.73,38.74],[43.57,38.74],[43.49,39.19],[43.69,39.45],[43.06,39.45],[43.17,39.64],[43.1,39.71],[43.11,39.77]]]}},{"type":"Feature","properties":{"NAME":"Principality of Achaea","C":8,"name":"Principality of Achaea","start_year":1395,"end_year":1430,"capital":"","type":"polity","region":"","event":"","source":"Cliopatria / Seshat Global History Databank (CC BY 4.0)","wikipedia":"Principality of Achaea","wikidata":"Q332005","_a":3,"_c":[22.32,37.71],"_nz":"亚该亚公国","_sz":""},"geometry":{"type":"Polygon","coordinates":[[[22.87,37.64],[22.88,37.71],[22.8,37.71],[22.72,37.71],[22.64,37.71],[22.64,37.64],[22.32,37.58],[22.15,37.32],[22.14,37.06],[22.06,37.06],[21.67,37],[21.61,37.38],[21.7,37.51],[21.24,37.84],[21.42,38.16],[21.73,38.16],[21.74,38.42],[22.13,38.42],[22.29,38.35],[22.28,38.22],[22.44,38.29],[22.43,38.16],[22.59,38.16],[22.66,37.96],[23.05,38.03],[23.04,37.77],[23.11,37.64],[23.34,37.64],[23.4,37.32],[23.17,37.32],[23.18,37.45],[22.95,37.51],[22.95,37.64],[22.87,37.64]]]}},{"type":"Feature","properties":{"NAME":"Serbian Despots","C":4,"name":"Serbian Despots","start_year":1395,"end_year":1401,"capital":"","type":"polity","region":"","event":"","source":"Cliopatria / Seshat Global History Databank (CC BY 4.0)","wikipedia":"Serbian Despotate","wikidata":"Q878319","_a":5,"_c":[20.02,42.53],"_nz":"塞尔维亚专制国","_sz":""},"geometry":{"type":"Polygon","coordinates":[[[19.87,41.91],[19.79,41.91],[19.77,41.59],[19.45,41.59],[19.46,41.65],[19.54,41.65],[19.54,41.72],[19.62,41.72],[19.64,42.04],[19.24,42.04],[19.16,42.04],[18.85,42.3],[18.86,42.43],[18.62,42.5],[18.88,42.89],[18.96,42.89],[19.05,43.08],[19.21,43.08],[19.71,43.47],[19.87,43.47],[20.1,43.28],[20.82,43.21],[20.98,43.15],[20.97,43.02],[21.36,42.89],[21.43,42.69],[21.02,42.5],[21.32,42.24],[21.24,42.11],[20.84,42.11],[20.58,41.78],[20.5,41.78],[20.42,41.78],[20.42,41.85],[20.34,41.85],[20.26,41.85],[20.27,41.91],[20.11,42.04],[19.87,41.98],[19.87,41.91]]]}},{"type":"Feature","properties":{"NAME":"Timurid Empire","C":0,"name":"Timurid Empire","start_year":1395,"end_year":1401,"capital":"","type":"polity","region":"","event":"","source":"Cliopatria / Seshat Global History Databank (CC BY 4.0)","wikipedia":"Timurid Empire","wikidata":"Q484195","_a":807,"_c":[57.55,37.18],"_nz":"帖木儿帝国","_sz":""},"geometry":{"type":"Polygon","coordinates":[[[48.3,46.48],[48.35,45.96],[48.33,45.89],[47.47,45.69],[47.48,45.37],[47.33,45.43],[47.04,44.84],[46.69,44.71],[46.63,44.45],[47.01,44.32],[47.34,43.99],[47.34,43.6],[47.46,43.41],[47.38,43.02],[47.66,42.82],[47.68,42.56],[47.96,42.37],[47.93,42.24],[49.09,41.26],[49.06,41.13],[49.27,41],[49.24,40.87],[49.51,40.61],[50.05,40.55],[50.26,40.42],[49.69,40.36],[49.51,40.23],[49.27,39.38],[49.15,39.19],[48.92,39.19],[48.8,39],[48.76,38.35],[48.84,38.35],[48.88,37.71],[49.09,37.51],[50,37.38],[50.32,37],[50.57,37.06],[50.63,37],[50.53,36.87],[50.82,36.74],[51.64,36.55],[52.59,36.61],[53.49,36.87],[54.03,36.87],[54.09,37.19],[53.91,37.45],[53.91,37.84],[53.83,37.84],[53.93,38.74],[53.95,38.8],[54.95,38.74],[55.45,38.87],[55.89,39.45],[55.95,39.71],[56.14,39.84],[56.35,40.42],[58.83,40.81],[59.71,41.46],[59.87,41.46],[60.45,41.85],[61.13,42.56],[61.21,42.82],[61.52,43.08],[61.76,43.6],[61.96,43.73],[67.43,44.19],[69.39,44.25],[70.14,44.32],[70.43,44.45],[71.35,44.32],[70.3,43.15],[70.21,42.89],[70.32,42.76],[70.11,42.37],[70.19,42.37],[70.19,42.11],[70.5,41.85],[71.04,41.78],[71.05,41.59],[72.1,41.39],[72.92,41],[72.94,40.81],[73.18,40.81],[73.21,40.68],[73.37,40.68],[73.47,40.48],[73.63,40.48],[73.86,40.23],[73.82,40.1],[73.95,40.03],[73.85,39.71],[73.93,39.71],[73.71,39.51],[73.61,39.19],[73.69,39.19],[73.65,39.06],[73.79,39],[73.73,38.8],[73.81,38.8],[73.67,38.61],[73.75,38.61],[73.62,37.9],[73.7,37.9],[73.62,37.64],[73.7,37.64],[73.65,37.45],[73.78,37.38],[73.69,37.06],[73.8,36.87],[73.78,36.8],[73.93,36.8],[73.98,36.67],[73.18,36.61],[73.22,36.48],[72.66,36.1],[72.61,35.9],[73.23,35.9],[73.25,35.71],[73.84,35.58],[73.94,35.39],[73.69,35.32],[73.66,35.19],[74.09,35.07],[74.17,35.07],[73.97,34.87],[73.64,34.81],[73.33,34.49],[73.02,34.49],[72.66,34.29],[72.54,34.1],[72.14,34.04],[71.53,33.39],[71.48,33.2],[71.59,33.01],[71.23,32.75],[71.17,32.49],[70.85,32.04],[70.42,29.09],[70.41,29.02],[70.17,28.51],[69.76,28.32],[69.65,28.12],[69.5,28.12],[69.07,27.8],[68.52,27.67],[68.34,27.48],[67.71,27.29],[66.96,26.77],[66.49,26.07],[66.35,25.55],[66.18,25.42],[64.82,25.29],[64.8,25.16],[64.28,25.23],[64.23,25.36],[63.63,25.36],[63.54,25.23],[62.56,25.23],[62.47,25.1],[62.18,25.16],[62.02,25.04],[61.72,25.04],[61.66,25.16],[61.13,25.1],[60.92,25.23],[60.62,25.23],[60.63,25.36],[59.06,25.36],[58.78,25.55],[57.96,25.55],[57.74,25.62],[57.68,25.74],[57.38,25.74],[57.11,26.07],[57.05,26.84],[56.71,27.16],[56.19,27.16],[56.1,27.03],[56.32,27.03],[56.31,26.9],[56.06,26.71],[55.6,26.64],[55.44,26.52],[55.29,26.52],[55.31,26.71],[55.54,26.77],[55.24,26.77],[54.83,26.45],[54.46,26.52],[54.26,26.71],[53.66,26.71],[53.46,26.97],[52.74,27.22],[52.48,27.61],[52.05,27.8],[51.6,27.8],[51.32,27.99],[51.33,28.12],[51.07,28.44],[51.03,28.77],[50.81,28.83],[50.92,29.09],[50.62,29.15],[50.65,29.41],[50.24,29.73],[50.06,30.18],[49.59,29.99],[48.94,30.31],[48.99,30.05],[48.68,29.99],[48.6,29.99],[48.39,30.12],[48.41,30.31],[48.28,30.44],[48.05,30.44],[48.1,30.89],[47.74,31.01],[47.8,31.46],[47.98,31.72],[47.58,32.17],[47.6,32.3],[47.32,32.49],[46.95,32.56],[46.68,32.88],[46.23,32.94],[46.14,33.39],[45.59,33.91],[45.44,33.91],[45.65,34.29],[45.5,34.36],[45.54,34.61],[45.69,34.61],[45.72,34.81],[45.34,34.87],[45.2,35],[45.18,35.39],[45.04,35.52],[45.07,35.71],[44.94,35.9],[44.59,36.16],[44.61,36.29],[44.34,36.55],[44.38,36.8],[44.87,37],[44.74,37.19],[44.77,37.38],[44.63,37.45],[44.59,37.71],[44.31,37.9],[44.35,38.16],[44.13,38.29],[44.15,38.42],[43.73,38.74],[43.57,38.74],[43.49,39.19],[43.69,39.45],[43.06,39.45],[43.17,39.64],[43.1,39.71],[43.11,39.77],[42.82,39.9],[42.49,39.84],[42.27,39.97],[41.87,39.9],[41.43,40.1],[41.39,40.36],[41.15,40.36],[40.93,40.48],[40.95,40.61],[41.29,41.2],[41.72,41.39],[41.75,41.59],[41.92,41.65],[43.14,41.78],[43.49,41.98],[44.13,41.98],[44.59,42.3],[45.22,42.24],[45.52,42.56],[45.88,42.76],[45.89,42.82],[45.97,42.82],[46.95,43.28],[47.02,43.6],[46.94,43.6],[46.93,43.93],[46.55,44.06],[46.28,44.32],[46.31,44.45],[46.16,44.52],[46.26,44.97],[46.7,45.5],[46.93,46.22],[47.19,46.61],[46.42,47.2],[46.45,47.33],[46.46,47.4],[46.3,47.4],[46.33,47.53],[46.31,47.47],[45.01,48.65],[45.04,48.79],[44.83,48.99],[44.96,49.18],[45.24,49.32],[45.63,48.85],[46.09,48.65],[46.56,48.19],[46.53,48.06],[47.02,47.66],[46.99,47.53],[47.19,47.33],[47.5,47.27],[47.97,46.81],[47.96,46.74],[48.3,46.48]]]}},{"type":"Feature","properties":{"NAME":"Despotate of Vidin","C":10,"name":"Despotate of Vidin","start_year":1395,"end_year":1401,"capital":"","type":"polity","region":"","event":"","source":"Cliopatria / Seshat Global History Databank (CC BY 4.0)","wikipedia":"Tsardom of Vidin","wikidata":"Q927154","_a":5,"_c":[23.47,43.83],"_nz":"维丁专制国","_sz":""},"geometry":{"type":"Polygon","coordinates":[[[24.26,43.02],[23.45,42.95],[23.31,43.15],[22.91,43.21],[22.61,43.47],[22.13,43.54],[22.36,44.58],[22.44,44.58],[22.45,44.65],[22.53,44.65],[22.53,44.71],[22.69,44.65],[22.52,44.52],[22.5,44.32],[22.89,44.12],[22.95,43.8],[23.6,43.86],[24.15,43.67],[24.8,43.67],[24.26,43.02]]]}},{"type":"Feature","properties":{"NAME":"Kingdom of France","C":7,"name":"Kingdom of France","start_year":1395,"end_year":1401,"capital":"","type":"polity","region":"","event":"","source":"Cliopatria / Seshat Global History Databank (CC BY 4.0)","wikipedia":"Kingdom of France","wikidata":"Q207162","_a":81,"_c":[2.87,46.57],"_nz":"法兰西王国","_sz":""},"geometry":{"type":"MultiPolygon","coordinates":[[[[5.19,44.45],[5.03,44.52],[4.95,44.39],[4.63,44.39],[4.8,44.19],[4.8,44.12],[4.8,44.06],[4.8,43.99],[4.72,43.99],[4.73,43.93],[4.73,43.86],[4.73,43.8],[4.41,43.73],[4.34,43.47],[4.26,43.47],[4.17,43.6],[3.85,43.6],[3.62,43.41],[3.14,43.28],[2.99,43.08],[2.99,43.02],[2.75,43.02],[2.52,42.82],[1.81,42.56],[1.73,42.56],[1.73,42.63],[1.87,42.89],[1.3,43.02],[1.28,43.54],[0.95,43.67],[0.92,44.12],[0.28,43.99],[0.04,44.06],[-0.07,44.52],[1.07,44.45],[1.38,44.65],[1.45,44.84],[2.1,44.78],[2.1,44.71],[2.19,44.71],[2.19,44.65],[2.19,44.58],[1.95,44.52],[2.05,44.19],[2.46,44.12],[2.46,43.99],[2.79,43.93],[2.88,43.73],[3.28,43.8],[3.43,44.06],[3.26,44.12],[3.17,44.45],[2.59,44.71],[2.58,44.84],[2.75,44.84],[2.92,44.65],[3.08,44.65],[3.23,44.91],[3.47,44.91],[3.56,44.78],[3.97,44.78],[3.96,44.91],[4.12,44.91],[4.36,45.17],[4.52,45.04],[4.85,45.1],[4.84,45.3],[4.59,45.37],[4.58,45.69],[5.07,45.69],[5.48,45.69],[5.65,45.43],[5.81,45.43],[5.89,45.56],[6.22,45.5],[6.31,45.1],[6.32,44.84],[5.6,44.52],[5.69,44.19],[5.28,44.25],[5.19,44.45]]],[[[7.7,44.71],[7.7,44.78],[7.7,44.84],[7.94,44.78],[7.86,44.45],[7.7,44.52],[7.7,44.58],[7.7,44.65],[7.7,44.71]]],[[[5.3,46.28],[5.15,45.82],[5.07,45.82],[5.06,45.89],[4.98,45.89],[4.98,45.96],[4.9,45.96],[4.97,46.28],[5.3,46.28]]],[[[5.87,46.35],[5.95,46.35],[5.95,46.28],[5.87,46.28],[5.87,46.35]]],[[[4.49,49.91],[4.33,49.85],[4.25,49.65],[4.17,49.65],[4.18,49.52],[4.67,49.58],[4.86,49.18],[5.03,49.12],[4.87,48.99],[4.88,48.52],[5.22,48.46],[5.47,48.26],[5.48,48.06],[5.65,48.06],[5.82,47.86],[5.82,47.73],[5.5,47.6],[5.25,47.6],[5.08,47.73],[5.08,47.8],[4.82,47.99],[4.57,47.99],[4.58,47.86],[4.34,47.66],[4.17,47.66],[3.91,47.93],[3.75,47.8],[3.25,47.99],[2.76,47.8],[2.43,47.86],[2.37,47.47],[2.7,47.33],[2.9,46.81],[2.4,46.81],[2.35,46.35],[1.52,46.55],[0.94,46.55],[0.95,46.35],[1.21,46.22],[1.21,46.09],[0.97,46.02],[0.9,45.82],[0.91,45.69],[0.68,45.43],[0.22,44.97],[-0.18,44.91],[-0.19,45.1],[-0.28,45.24],[-0.44,45.24],[-0.45,45.37],[-1.04,45.56],[-1.04,45.63],[-1.21,45.76],[-1.14,45.89],[-1.22,45.89],[-1.25,46.28],[-1.67,46.35],[-2.19,46.81],[-2.21,47.01],[-2.13,47.01],[-1.39,47.01],[-1.05,46.87],[0.34,46.94],[0.58,47.01],[0.49,47.2],[0.72,47.47],[1.13,47.47],[1.21,47.47],[1.3,47.47],[1.4,47.07],[1.89,47.14],[1.68,47.99],[1.19,47.93],[0.92,48.13],[0.44,47.99],[0.34,48.26],[0,48.32],[-0.09,48.46],[-0.58,48.32],[-1,48.39],[-1.08,48.39],[-1.09,48.46],[-1.17,48.46],[-1.25,48.46],[-1.5,48.39],[-1.52,48.65],[-1.6,48.65],[-1.61,48.72],[-1.72,49.05],[-1.64,49.05],[-1.65,49.25],[-1.91,49.38],[-2.03,49.78],[-1.36,49.78],[-1.25,49.45],[0.01,49.38],[-0.01,49.65],[0.22,49.85],[1.22,50.05],[1.45,50.25],[1.43,50.58],[1.52,50.58],[1.6,50.58],[1.78,50.38],[2.55,50.11],[3.73,50.11],[3.81,50.11],[3.82,50.05],[3.9,50.05],[3.98,50.05],[3.99,49.98],[4.07,49.98],[4.49,49.98],[4.49,49.91]]]]}},{"type":"Feature","properties":{"NAME":"Kingdom of England","C":9,"name":"Kingdom of England","start_year":1395,"end_year":1401,"capital":"","type":"polity","region":"","event":"","source":"Cliopatria / Seshat Global History Databank (CC BY 4.0)","wikipedia":"Kingdom of England","wikidata":"Q179876","_a":113,"_c":[-2.41,49.63],"_nz":"英格兰王国","_sz":""},"geometry":{"type":"MultiPolygon","coordinates":[[[[-1.85,43.34],[-1.85,43.41],[-1.77,43.41],[-1.77,43.34],[-1.85,43.34]]],[[[-0.65,43.54],[-1.04,43.34],[-1.69,43.34],[-1.69,43.41],[-1.46,43.54],[-1.4,43.86],[-1.32,43.86],[-1.35,44.25],[-1.27,44.25],[-1.29,44.52],[-1.21,44.52],[-1.25,45.17],[-1.17,45.17],[-1.19,45.43],[-1.03,45.5],[-1.04,45.56],[-0.45,45.37],[-0.44,45.24],[-0.28,45.24],[-0.19,45.1],[-0.18,44.91],[-0.07,44.52],[0.04,44.06],[0.04,43.99],[-0.04,43.99],[-0.12,43.99],[-0.2,43.99],[-0.28,43.99],[-0.33,43.47],[-0.65,43.54]]],[[[-4.69,47.99],[-4.71,48.13],[-4.55,48.19],[-4.64,48.32],[-4.89,48.32],[-4.91,48.52],[-4.6,48.72],[-4.18,48.72],[-4.1,48.72],[-3.97,48.26],[-3.28,47.93],[-3.34,47.73],[-3.43,47.73],[-3.76,47.73],[-4.02,47.86],[-4.1,47.86],[-4.42,47.8],[-4.69,47.99]]],[[[1.91,51.11],[1.99,51.11],[2.07,51.11],[2.09,50.85],[1.84,50.78],[1.76,50.78],[1.58,50.98],[1.74,51.05],[1.83,51.05],[1.91,51.05],[1.91,51.11]]],[[[0.02,53.6],[0.3,53.39],[0.32,53.12],[0.08,52.92],[0.34,52.86],[0.49,53.06],[1.09,53.06],[1.53,52.92],[1.72,52.72],[1.74,52.38],[1.65,52.38],[1.59,52.12],[1.43,51.98],[1.17,51.98],[1.18,51.78],[0.84,51.78],[0.86,51.51],[0.52,51.51],[1.38,51.38],[1.31,51.11],[0.49,50.78],[-1.37,50.85],[-1.11,50.78],[-1.18,50.58],[-1.51,50.58],[-1.52,50.71],[-2.03,50.71],[-2.1,50.58],[-3.13,50.71],[-3.46,50.65],[-3.58,50.25],[-4.09,50.25],[-4.19,50.38],[-4.35,50.38],[-4.93,50.25],[-5.15,49.98],[-5.75,50.05],[-5.77,50.25],[-5.28,50.38],[-5.13,50.58],[-4.88,50.58],[-4.82,50.78],[-4.66,50.85],[-4.68,51.05],[-4.43,51.05],[-4.2,51.31],[-3.09,51.25],[-3.11,51.38],[-2.95,51.45],[-3.12,51.51],[-3.28,51.38],[-3.7,51.38],[-3.89,51.58],[-4.31,51.51],[-4.42,51.71],[-4.91,51.58],[-5.26,51.71],[-5.22,52.05],[-4.55,52.18],[-4.16,52.45],[-4.3,52.92],[-4.79,52.79],[-4.81,52.92],[-4.49,53.12],[-4.67,53.19],[-4.7,53.46],[-4.27,53.46],[-4.16,53.26],[-3.15,53.46],[-3.1,53.73],[-3.2,53.87],[-2.97,54.14],[-3.3,54.07],[-3.32,54.21],[-3.59,54.27],[-3.62,54.55],[-3.7,54.55],[-3.65,54.82],[-3.39,54.89],[-3.4,54.95],[-3.14,54.95],[-2.81,55.09],[-2.73,55.23],[-2.56,55.23],[-2.24,55.5],[-2.27,55.77],[-2.11,55.91],[-2.02,55.91],[-1.63,55.57],[-1.49,54.95],[-1.4,54.95],[-1.29,54.68],[-0.67,54.61],[-0.39,54.41],[-0.38,54.27],[-0.29,54.27],[-0.18,53.94],[0,53.8],[0.02,53.6]]],[[[-6.29,53.73],[-6.09,53.53],[-6.24,53.39],[-6.14,53.26],[-6.64,53.12],[-6.72,53.12],[-6.87,53.6],[-6.88,53.66],[-6.89,53.73],[-6.9,53.8],[-6.91,53.87],[-6.92,53.94],[-6.33,54.07],[-6.29,53.73]]]]}},{"type":"Feature","properties":{"NAME":"Principality of Valona and Kanina","C":11,"name":"Principality of Valona and Kanina","start_year":1395,"end_year":1414,"capital":"","type":"polity","region":"","event":"","source":"Cliopatria / Seshat Global History Databank (CC BY 4.0)","wikipedia":"Principality of Valona","wikidata":"Q7245121","_a":1,"_c":[20.45,40.42],"_nz":"发罗拉-卡尼纳公国","_sz":""},"geometry":{"type":"Polygon","coordinates":[[[20.01,39.97],[20.33,40.16],[21.21,40.36],[21,40.74],[20.6,40.68],[20.61,40.87],[20.53,40.87],[20.45,40.87],[20.44,40.74],[20.12,40.68],[20.03,40.36],[19.71,40.23],[19.7,40.16],[19.78,40.16],[19.78,40.1],[19.86,40.1],[19.85,40.03],[19.93,40.03],[19.93,39.97],[20.01,39.97]]]}},{"type":"Feature","properties":{"NAME":"Grand Duchy of Lithuania","C":1,"name":"Grand Duchy of Lithuania","start_year":1395,"end_year":1401,"capital":"","type":"polity","region":"","event":"","source":"Cliopatria / Seshat Global History Databank (CC BY 4.0)","wikipedia":"Grand Duchy of Lithuania","wikidata":"Q49683","_a":200,"_c":[29.53,51.96],"_nz":"立陶宛大公国","_sz":""},"geometry":{"type":"Polygon","coordinates":[[[35.93,54.34],[35.83,53.87],[35.9,53.8],[35.79,53.66],[36.05,53.66],[35.83,53.46],[35.77,53.12],[36.32,52.92],[36.43,52.59],[36.74,52.45],[37.01,52.12],[37.43,52.05],[37.48,51.92],[37.96,51.78],[37.94,51.65],[38.15,51.45],[38.09,51.18],[37.9,51.05],[37.84,50.31],[37.75,50.31],[37.54,49.65],[37.63,49.65],[37.59,49.45],[37.67,49.45],[37.71,49.18],[37.86,49.12],[37.84,48.99],[36.94,48.59],[36.69,48.59],[36.63,48.72],[36.31,48.79],[36.33,48.92],[36.08,48.92],[36.09,48.99],[36.01,48.99],[35.95,49.12],[35.78,49.12],[35.5,48.92],[35.03,47.53],[34.38,47.6],[34.11,47.47],[34.08,47.27],[33.69,46.87],[32.92,46.61],[32.17,46.55],[32.18,46.61],[32.03,46.74],[31.79,46.74],[31.61,46.61],[30.88,46.68],[30.48,46.15],[30.4,46.15],[30.26,46.35],[29.94,46.41],[29.9,46.74],[29.53,47.07],[29.55,47.27],[29.16,47.47],[29.21,47.86],[28.98,48.06],[28.01,48.26],[27.54,48.46],[27.39,48.65],[26.47,48.59],[25.98,48.65],[25.51,48.92],[25.25,48.85],[25.36,49.05],[25.78,49.12],[26.22,49.38],[26.19,49.85],[26.03,49.91],[25.97,50.11],[25.8,50.11],[25.74,50.31],[24.84,50.58],[24.77,50.71],[24.59,50.58],[24.33,50.58],[24.37,50.91],[24.2,50.91],[24.73,51.18],[24.96,51.71],[25.22,51.78],[25.26,52.12],[24.84,52.18],[24.64,51.92],[24.04,51.85],[23.94,51.65],[23.59,51.58],[22.75,51.65],[22.61,52.05],[23.14,52.18],[23.34,52.52],[23.19,52.65],[22.84,52.65],[22.66,52.52],[22.41,52.59],[22.34,52.79],[22.7,52.92],[22.74,53.33],[22.42,53.6],[22.55,54],[22.46,54],[22.48,54.21],[22.66,54.27],[22.7,54.61],[22.7,54.68],[22.81,54.89],[22.57,55.09],[22.31,55.09],[22.07,55.29],[21.64,55.36],[21.24,55.7],[21.25,55.84],[20.99,55.91],[21,55.98],[20.91,55.98],[20.92,56.05],[21.57,56.39],[21.65,56.39],[21.74,56.39],[21.83,56.39],[21.84,56.46],[21.93,56.46],[22.01,56.46],[22.1,56.46],[22.19,56.46],[24.11,56.25],[24.83,56.39],[25.07,56.18],[25.76,56.11],[25.83,55.98],[26.58,55.7],[26.87,55.84],[27.47,55.77],[27.97,56.18],[28.15,56.18],[28.12,56.59],[27.88,56.73],[27.89,56.8],[28.38,57.08],[29.58,56.87],[29.98,56.59],[29.96,56.46],[30.11,56.32],[30.37,56.32],[30.84,56.46],[31.13,57.08],[31.66,57.08],[32.13,57.21],[32.45,57.49],[32.63,57.49],[32.86,57.77],[33.13,57.77],[33.36,57.56],[33.7,57.08],[34.79,56.8],[34.96,56.73],[34.93,56.59],[33.97,56.25],[33.94,56.11],[33.68,56.11],[33.01,55.84],[32.66,55.84],[32.36,55.63],[31.86,55.77],[30.88,55.7],[30.88,55.23],[30.97,55.23],[30.8,54.75],[30.89,54.75],[30.94,54.55],[31.65,54.61],[31.79,54.48],[31.75,52.72],[31.99,52.65],[32.05,52.45],[32.22,52.45],[32.47,52.92],[32.87,53.26],[33.3,53.26],[33.68,53.46],[33.85,53.87],[34.04,54],[34.01,54.27],[34.43,54.61],[35.73,54.61],[35.93,54.34]]]}},{"type":"Feature","properties":{"NAME":"Byzantine Empire","C":8,"name":"Byzantine Empire","start_year":1395,"end_year":1401,"capital":"","type":"polity","region":"","event":"","source":"Cliopatria / Seshat Global History Databank (CC BY 4.0)","wikipedia":"Byzantine Empire","wikidata":"Q112039853","_a":33,"_c":[25.59,39.03],"_nz":"拜占庭帝国","_sz":""},"geometry":{"type":"MultiPolygon","coordinates":[[[[22.7,37.32],[23,37],[23.06,36.67],[22.83,36.87],[22.6,36.87],[22.51,36.67],[22.36,36.67],[22.22,37.06],[22.14,37.06],[22.15,37.32],[22.32,37.58],[22.64,37.64],[22.64,37.58],[22.71,37.58],[22.71,37.51],[22.71,37.45],[22.7,37.32]]],[[[25.45,39.84],[24.97,39.84],[25.07,40.03],[25.15,40.03],[25.46,40.03],[25.45,39.84]]],[[[26.02,40.16],[25.7,40.1],[25.72,40.29],[25.8,40.29],[26.04,40.29],[26.02,40.16]]],[[[24.44,40.1],[23.9,40.29],[23.99,40.48],[24.07,40.48],[24.45,40.23],[24.44,40.1]]],[[[23.2,40.42],[22.96,40.42],[22.89,40.61],[22.57,40.55],[22.57,40.48],[22.41,40.55],[22.42,40.68],[22.67,40.81],[23.14,40.81],[23.13,40.68],[23.13,40.61],[23.21,40.61],[23.2,40.42]]],[[[24.79,40.61],[24.55,40.55],[24.49,40.81],[24.57,40.81],[24.81,40.81],[24.79,40.61]]],[[[28.87,41],[28.25,41.13],[28.43,41.39],[28.9,41.26],[28.98,41.26],[29.04,41.07],[28.87,41]]]]}},{"type":"Feature","properties":{"NAME":"Republic of Pisa","C":4,"name":"Republic of Pisa","start_year":1395,"end_year":1401,"capital":"","type":"polity","region":"","event":"","source":"Cliopatria / Seshat Global History Databank (CC BY 4.0)","wikipedia":"Republic of Pisa","wikidata":"Q1365493","_a":1,"_c":[10.46,43.31],"_nz":"比萨共和国","_sz":""},"geometry":{"type":"MultiPolygon","coordinates":[[[[10.21,42.89],[10.46,42.89],[10.46,42.69],[10.21,42.69],[10.13,42.89],[10.21,42.89]]],[[[10.29,43.8],[10.29,43.86],[10.21,43.86],[10.21,43.93],[10.7,43.8],[10.62,43.34],[10.78,43.21],[10.78,43.15],[10.78,42.95],[10.54,43.08],[10.45,43.47],[10.29,43.67],[10.29,43.73],[10.29,43.8]]]]}},{"type":"Feature","properties":{"NAME":"Duchy of Bavaria","C":4,"name":"Duchy of Bavaria","start_year":1395,"end_year":1421,"capital":"","type":"polity","region":"","event":"","source":"Cliopatria / Seshat Global History Databank (CC BY 4.0)","wikipedia":"Duchy of Bavaria","wikidata":"Q47261","_a":62,"_c":[8.63,50.23],"_nz":"巴伐利亚公国","_sz":""},"geometry":{"type":"MultiPolygon","coordinates":[[[[12.03,48.99],[12.28,48.92],[12.27,48.79],[12.36,48.79],[12.52,48.85],[12.61,49.12],[12.86,49.12],[13.03,49.25],[13.36,48.99],[13.36,48.85],[13.19,48.85],[13.27,48.59],[13.77,48.59],[13.85,48.46],[13.18,48.06],[12.93,48.06],[12.77,48.19],[12.76,47.99],[12.93,47.93],[12.92,47.73],[13.09,47.6],[12.84,47.53],[12.76,47.66],[12.51,47.66],[12.51,47.4],[12.34,47.33],[12.26,47.53],[12.01,47.53],[11.85,47.27],[11.6,47.27],[11.44,47.33],[11.44,47.47],[11.27,47.47],[11.27,47.6],[10.94,47.53],[10.86,47.53],[10.78,47.53],[10.69,47.53],[10.69,47.6],[10.61,47.6],[10.69,47.73],[10.45,47.8],[10.53,48.19],[10.53,48.26],[10.44,48.59],[10.28,48.72],[10.28,48.85],[10.03,48.99],[10.03,49.12],[10.36,49.25],[10.61,48.92],[10.94,48.85],[11.03,48.99],[10.86,49.05],[11.28,49.18],[11.53,49.12],[11.69,48.92],[11.94,48.99],[12.03,48.99]]],[[[4.03,50.78],[4.21,50.71],[4.3,50.51],[4.64,50.45],[4.39,50.25],[4.41,49.98],[4.32,49.98],[4.24,49.98],[4.15,49.98],[4.15,50.05],[4.14,50.25],[3.97,50.38],[3.63,50.38],[3.55,50.38],[3.54,50.45],[3.54,50.51],[3.54,50.58],[4.03,50.78]]],[[[4.24,51.71],[4.08,51.51],[4,51.51],[3.41,51.51],[3.4,51.65],[3.74,51.65],[3.65,51.78],[3.82,51.78],[3.81,51.92],[3.98,51.92],[3.97,52.05],[4.22,52.18],[4.22,52.32],[4.46,52.52],[4.53,52.86],[4.7,52.92],[4.61,53.12],[4.69,53.19],[4.86,53.19],[4.79,52.99],[4.87,52.99],[4.97,52.65],[5.06,52.65],[5.06,52.52],[4.89,52.52],[4.9,52.38],[5.07,52.32],[5,52.05],[5.25,52.05],[5.26,51.85],[5.17,51.85],[5.09,51.85],[5,51.85],[4.92,51.85],[4.83,51.85],[4.84,51.78],[4.75,51.78],[4.67,51.78],[4.24,51.71]]]]}},{"type":"Feature","properties":{"NAME":"Despotate of Epirus","C":6,"name":"Despotate of Epirus","start_year":1395,"end_year":1414,"capital":"","type":"polity","region":"","event":"","source":"Cliopatria / Seshat Global History Databank (CC BY 4.0)","wikipedia":"Despotate of Epirus","wikidata":"Q187684","_a":2,"_c":[20.82,39.81],"_nz":"伊庇鲁斯专制国","_sz":""},"geometry":{"type":"MultiPolygon","coordinates":[[[[20.15,39.64],[20.15,39.58],[20.07,39.58],[20.07,39.64],[20.15,39.64]]],[[[20.68,39.26],[20.45,39.26],[20.3,39.38],[20.15,39.71],[19.92,39.71],[20.01,39.9],[20.01,39.97],[20.33,40.16],[21.21,40.36],[21.72,39.51],[21.4,39.32],[20.69,39.32],[20.68,39.26]]]]}},{"type":"Feature","properties":{"NAME":"Holy Roman Empire Minor States","C":10,"name":"Holy Roman Empire Minor States","start_year":1395,"end_year":1401,"capital":"","type":"polity","region":"","event":"","source":"Cliopatria / Seshat Global History Databank (CC BY 4.0)","wikipedia":"Holy Roman Empire","wikidata":"Q12548","_a":173,"_c":[10.6,48.6],"_nz":"神圣罗马帝国诸小邦","_sz":""},"geometry":{"type":"MultiPolygon","coordinates":[[[[7.22,44.19],[6.9,44.32],[6.97,44.78],[7.37,44.71],[7.46,44.58],[7.46,44.52],[7.46,44.39],[7.22,44.19]]],[[[11.02,47.4],[10.94,47.53],[11.27,47.6],[11.27,47.47],[11.02,47.4]]],[[[7.79,48.32],[7.71,48.32],[7.63,48.26],[7.64,47.8],[7.89,47.73],[7.73,47.53],[7.56,47.53],[7.73,47.33],[7.57,47.14],[7.32,47.14],[7.32,47.33],[6.99,47.27],[6.99,47.33],[6.99,47.4],[6.99,47.47],[6.98,47.53],[7.4,47.47],[7.56,47.6],[7.55,47.93],[7.47,48.06],[7.22,48.06],[7.14,47.93],[6.89,47.93],[6.14,47.99],[5.82,47.86],[5.65,48.06],[5.48,48.06],[5.47,48.26],[5.22,48.46],[4.88,48.52],[4.87,48.99],[5.03,49.12],[4.86,49.18],[4.67,49.58],[4.58,49.91],[4.49,49.91],[4.49,49.98],[4.41,49.98],[4.39,50.25],[4.64,50.45],[5.05,50.71],[5.22,50.71],[5.28,51.18],[5.78,51.38],[5.78,51.51],[5.61,51.65],[5.26,51.71],[5.17,51.85],[5.26,51.85],[5.25,52.05],[5,52.05],[5.07,52.32],[4.9,52.38],[4.89,52.52],[5.06,52.52],[5.06,52.65],[5.05,52.72],[5.39,52.86],[5.39,52.99],[5.21,53.12],[5.54,53.39],[6.23,53.53],[6.92,53.46],[6.91,53.6],[7.08,53.73],[7.94,53.73],[8.03,53.66],[7.95,53.53],[8.12,53.53],[8.2,53.66],[8.38,53.66],[8.46,53.94],[8.89,53.87],[8.8,54.14],[8.8,54.21],[8.89,54.34],[9.15,54.21],[9.93,54.27],[10.19,54.48],[10.27,54.48],[11.05,54.41],[11.05,54.21],[10.88,54.07],[11.4,54],[11.4,54.14],[12.09,54.27],[12.44,54.48],[13.05,54.48],[13.14,54.68],[13.41,54.75],[13.66,54.61],[13.74,54.27],[13.3,54.21],[14.17,54.07],[14.16,53.87],[13.98,53.8],[14.5,53.73],[14.51,54],[15.04,54.21],[15.99,54.27],[16.62,54.68],[17.41,54.82],[17.5,54.82],[17.56,54.41],[17.39,54.41],[17.38,54.27],[17.11,54.14],[17.09,53.8],[17.18,53.8],[17.08,53.6],[16.82,53.6],[16.66,53.8],[16.4,53.8],[16.31,53.8],[16.41,54],[15.98,54.07],[15.97,53.8],[16.06,53.8],[16.05,53.73],[15.7,53.66],[15.78,53.46],[15.44,53.53],[15.26,53.26],[14.82,53.19],[14.65,53.06],[14.48,53.06],[14.23,53.26],[14.32,53.39],[13.9,53.73],[13.55,53.66],[13.2,53.33],[12.17,53.39],[11.91,53.6],[11.74,53.6],[11.56,53.39],[11.31,53.46],[11.13,53.33],[11.22,53.19],[11.39,53.19],[11.39,53.06],[11.22,53.06],[11.04,52.86],[11.13,52.52],[11.9,52.59],[12.33,52.79],[12.33,52.65],[12.58,52.45],[12.41,52.32],[12.4,52.18],[12.15,52.12],[12.23,51.92],[12.4,51.85],[12.31,51.58],[11.97,51.58],[12.05,51.38],[11.37,51.25],[11.55,51.58],[11.38,51.71],[10.95,51.71],[10.87,51.45],[11.21,51.51],[11.12,51.31],[10.27,51.31],[9.94,51.05],[10.02,50.85],[10.36,50.85],[10.36,50.65],[10.53,50.65],[10.78,50.91],[10.36,51.18],[10.87,51.25],[10.7,51.11],[11.03,51.11],[11.2,50.98],[11.29,50.78],[11.03,50.71],[10.86,50.51],[10.36,50.51],[10.36,50.18],[10.69,50.05],[11.11,50.11],[11.11,50.25],[11.28,50.25],[11.2,50.51],[11.28,50.58],[11.54,50.51],[11.71,50.71],[11.96,50.71],[12.05,50.85],[12.21,50.78],[12.21,50.65],[11.96,50.58],[11.96,50.31],[12.12,50.25],[12.12,50.18],[11.87,50.18],[11.7,49.91],[11.2,49.78],[11.28,49.52],[11.03,49.45],[11.03,49.25],[11.28,49.18],[10.86,49.05],[11.03,48.99],[10.94,48.85],[10.61,48.92],[10.36,49.25],[10.03,49.12],[10.03,48.99],[10.28,48.85],[10.28,48.72],[10.44,48.59],[10.53,48.26],[10.2,48.26],[10.12,48.06],[10.36,47.99],[10.53,48.19],[10.45,47.8],[10.69,47.73],[10.61,47.6],[10.45,47.6],[10.37,47.33],[10.2,47.33],[10.12,47.2],[10.12,46.94],[10.45,46.94],[10.45,46.55],[11.19,46.61],[11.11,46.41],[11.27,46.41],[11.52,46.61],[11.84,46.68],[12.58,46.61],[12.58,46.48],[12.42,46.41],[12.41,45.89],[12.49,45.82],[12.17,45.82],[12,45.56],[12,45.37],[12.16,45.37],[12.16,45.3],[12.16,45.17],[12.4,45.04],[12.4,44.78],[12.16,44.78],[12.16,44.71],[11.99,44.65],[11.75,44.84],[11.35,44.91],[11.18,44.32],[10.86,44.25],[10.7,43.8],[10.21,43.93],[10.21,43.99],[10.13,43.99],[10.13,44.06],[10.05,44.06],[10.05,43.99],[9.97,43.99],[9.97,44.06],[9.97,44.12],[9.65,44.32],[9.64,44.52],[9.48,44.65],[8.99,44.71],[8.91,44.58],[8.19,44.58],[8.11,44.19],[7.63,44.12],[7.7,44.52],[7.86,44.45],[7.94,44.78],[7.7,44.84],[7.53,45.04],[7.61,45.3],[8.58,45.3],[8.58,45.56],[8.09,45.63],[7.92,45.96],[7.35,45.96],[6.93,46.41],[6.36,46.41],[6.53,46.09],[6.78,45.96],[6.45,45.76],[6.29,45.76],[6.29,45.89],[6.04,45.89],[6.04,46.09],[5.87,46.09],[5.71,45.96],[5.72,45.69],[5.89,45.56],[5.81,45.43],[5.65,45.43],[5.48,45.69],[5.07,45.69],[5.07,45.76],[5.07,45.82],[5.15,45.82],[5.3,46.28],[5.87,46.28],[5.95,46.28],[5.95,46.35],[6.11,46.48],[6.1,46.61],[6.83,47.14],[7.24,47.01],[7.33,46.87],[7.33,46.68],[7.17,46.55],[7.26,46.35],[7.75,46.55],[8.15,46.55],[8.32,46.68],[8.56,46.61],[8.72,46.94],[9.13,47.01],[8.88,47.2],[8.88,47.53],[8.71,47.66],[8.47,47.66],[8.14,47.27],[8.06,47.33],[8.14,47.53],[8.05,47.6],[8.22,47.66],[8.13,48.13],[8.21,48.13],[8.21,48.26],[7.96,48.26],[7.8,48.13],[7.79,48.32]],[[8.21,48.06],[8.21,47.99],[8.3,47.99],[8.38,47.99],[8.46,47.99],[8.46,48.06],[8.38,48.06],[8.38,48.13],[8.29,48.13],[8.21,48.13],[8.21,48.06]],[[10.2,48.46],[10.11,48.46],[10.11,48.32],[10.28,48.32],[10.2,48.46]],[[9.78,48.32],[10.03,48.26],[10.03,48.39],[9.95,48.39],[9.45,48.46],[9.45,48.19],[9.78,48.32]],[[9.71,47.2],[9.79,47.33],[9.71,47.33],[9.62,47.4],[9.54,47.27],[9.71,47.2]],[[9.37,48.32],[9.37,48.39],[9.2,48.39],[9.2,48.26],[9.37,48.32]],[[8.54,48.32],[8.54,48.26],[8.71,48.19],[8.79,48.32],[8.54,48.32]],[[8.54,48.52],[8.62,48.52],[8.7,48.52],[8.7,48.65],[8.54,48.52]],[[8.29,48.26],[8.29,48.32],[8.45,48.39],[8.21,48.39],[8.29,48.26]],[[8.45,48.52],[8.45,48.59],[8.29,48.59],[8.37,48.46],[8.45,48.52]]],[[[3.64,50.25],[3.64,50.31],[3.63,50.38],[3.97,50.38],[4.14,50.25],[4.15,50.05],[4.07,50.05],[4.07,49.98],[3.99,49.98],[3.98,50.05],[3.9,50.05],[3.82,50.05],[3.81,50.11],[3.73,50.11],[3.73,50.18],[3.64,50.18],[3.64,50.25]]],[[[11.02,42.63],[11.02,42.82],[10.78,42.95],[10.78,43.15],[10.78,43.21],[10.86,43.41],[11.26,43.47],[11.58,43.34],[11.66,43.15],[11.9,43.15],[11.98,43.15],[12.06,42.76],[11.74,42.63],[11.57,42.37],[11.49,42.37],[11.41,42.37],[11.42,42.43],[11.34,42.43],[11.26,42.43],[11.26,42.5],[11.18,42.63],[11.02,42.63]]],[[[12.51,47.4],[12.51,47.66],[12.76,47.66],[12.84,47.53],[13.09,47.6],[12.92,47.73],[12.93,47.93],[12.76,47.99],[12.77,48.19],[12.93,48.06],[13.18,48.06],[13.18,47.93],[13.42,47.66],[13.41,47.27],[13.66,47.27],[13.74,47.07],[13.08,47.07],[13,47.07],[12.18,47.07],[12.18,47.27],[12.34,47.33],[12.51,47.4]]],[[[14.01,48.52],[13.93,48.52],[13.93,48.46],[13.85,48.46],[13.77,48.59],[13.27,48.59],[13.19,48.85],[13.36,48.85],[13.36,48.99],[13.44,48.99],[13.53,48.99],[13.52,48.92],[13.61,48.92],[14.1,48.65],[14.1,48.59],[14.02,48.59],[14.01,48.52]]],[[[12.55,50.91],[12.81,50.98],[12.8,50.78],[12.72,50.78],[12.72,50.71],[12.8,50.65],[12.63,50.65],[12.55,50.91]]],[[[12.22,51.25],[12.22,51.05],[11.96,51.05],[11.96,51.11],[11.88,51.18],[12.05,51.31],[12.22,51.25]]],[[[14.09,51.58],[14.26,51.58],[14.26,51.51],[14.26,51.45],[14.25,51.38],[14.25,51.31],[14.34,51.31],[14.33,51.25],[14.16,51.11],[13.99,51.18],[14.08,51.18],[14.08,51.31],[13.91,51.38],[14.09,51.58]]],[[[12.64,51.38],[12.73,51.45],[12.81,51.45],[12.9,51.45],[12.9,51.31],[12.64,51.38]]]]}},{"type":"Feature","properties":{"NAME":"Serbian Empire","C":4,"name":"Serbian Empire","start_year":1395,"end_year":1401,"capital":"","type":"polity","region":"","event":"","source":"Cliopatria / Seshat Global History Databank (CC BY 4.0)","wikipedia":"Serbian Empire","wikidata":"Q1406298","_a":10,"_c":[21.01,43.58],"_nz":"塞尔维亚帝国","_sz":""},"geometry":{"type":"MultiPolygon","coordinates":[[[[21.8,44.65],[21.95,44.52],[22.36,44.58],[22.13,43.54],[22.61,43.47],[22.91,43.21],[22.58,43.08],[22.56,42.82],[22.48,42.82],[22.54,42.5],[22.37,42.37],[21.32,42.24],[21.02,42.5],[21.43,42.69],[21.36,42.89],[20.97,43.02],[20.98,43.15],[20.82,43.21],[20.1,43.28],[19.87,43.47],[19.71,43.47],[19.4,43.67],[19.5,44.06],[19.11,44.32],[19.3,44.84],[19.62,44.91],[19.86,44.71],[20.35,44.84],[20.83,44.71],[21.08,44.84],[21.41,44.84],[21.72,44.65],[21.8,44.65]]],[[[22.44,44.58],[22.36,44.58],[22.37,44.65],[22.45,44.65],[22.44,44.58]]]]}}]}