{"type":"FeatureCollection","features":[{"type":"Feature","properties":{"NAME":"Kathmandu","C":5,"name":"Kathmandu","start_year":1202,"end_year":1743,"capital":"","type":"polity","region":"","event":"","source":"Cliopatria / Seshat Global History Databank (CC BY 4.0)","wikipedia":"Kathmandu","wikidata":"Q3037","_a":0,"_c":[85.4,27.77],"_nz":"加德满都","_sz":""},"geometry":{"type":"Polygon","coordinates":[[[85.56,27.8],[85.36,27.93],[85.24,27.67],[85.45,27.61],[85.55,27.74],[85.56,27.8]]]}},{"type":"Feature","properties":{"NAME":"Republic of Ragusa","C":0,"name":"Republic of Ragusa","start_year":1429,"end_year":1771,"capital":"","type":"polity","region":"","event":"","source":"Cliopatria / Seshat Global History Databank (CC BY 4.0)","wikipedia":"Republic of Ragusa","wikidata":"Q208169","_a":0,"_c":[17.95,42.79],"_nz":"拉古萨共和国","_sz":""},"geometry":{"type":"MultiPolygon","coordinates":[[[[18.3,42.56],[18.3,42.63],[18.38,42.63],[18.38,42.56],[18.3,42.56]]],[[[17.75,42.69],[17.67,42.69],[17.67,42.76],[17.75,42.76],[17.75,42.69]]],[[[17.83,42.89],[17.51,42.82],[17.52,42.95],[17.52,43.02],[18.08,43.02],[18.31,42.69],[18.3,42.63],[18.14,42.63],[17.83,42.89]]]]}},{"type":"Feature","properties":{"NAME":"Sultanate of Banjar","C":0,"name":"Sultanate of Banjar","start_year":1526,"end_year":1858,"capital":"","type":"polity","region":"","event":"","source":"Cliopatria / Seshat Global History Databank (CC BY 4.0)","wikipedia":"Sultanate of Banjar","wikidata":"Q1660566","_a":7,"_c":[113.7,-3.41],"_nz":"班贾尔苏丹国","_sz":""},"geometry":{"type":"Polygon","coordinates":[[[114.89,-2.93],[114.59,-2.86],[114.52,-2.74],[114.08,-2.8],[113.57,-2.61],[112.4,-2.61],[111.61,-2.8],[111.71,-3.64],[111.85,-3.64],[112.06,-3.38],[112.65,-3.44],[113,-3.06],[113.08,-3.25],[113.44,-3.25],[113.52,-3.51],[113.82,-3.51],[113.88,-3.38],[114.18,-3.38],[114.18,-3.51],[114.4,-3.44],[114.5,-4.21],[114.86,-4.15],[114.93,-4.02],[115.79,-3.7],[115.63,-3.44],[114.96,-2.93],[114.89,-2.93]]]}},{"type":"Feature","properties":{"NAME":"Gorkha Kingdom","C":5,"name":"Gorkha Kingdom","start_year":1588,"end_year":1717,"capital":"","type":"polity","region":"","event":"","source":"Cliopatria / Seshat Global History Databank (CC BY 4.0)","wikipedia":"Gorkha Kingdom","wikidata":"Q3332217","_a":32,"_c":[84.19,28.38],"_nz":"廓尔喀王国","_sz":""},"geometry":{"type":"Polygon","coordinates":[[[88.12,27.8],[88.2,27.8],[88.04,27.03],[88.21,26.77],[88.16,26.52],[88.15,26.45],[87.24,26.39],[87.11,26.52],[86.65,26.45],[86.31,26.64],[85.79,26.64],[85.74,26.77],[85.27,26.71],[85,26.84],[84.88,27.03],[84.73,27.03],[84.76,27.16],[84.43,27.42],[83.08,27.42],[82.54,27.74],[81.88,27.87],[81.19,28.19],[80.96,28.51],[80.68,28.64],[80.17,28.7],[80.17,29.09],[80.24,29.09],[80.35,29.6],[80.66,29.99],[81.01,30.18],[81.3,30.12],[81.59,30.37],[82.04,30.37],[82.47,29.92],[83.31,29.6],[83.43,29.47],[83.45,29.22],[83.66,29.15],[83.84,29.28],[84.14,29.28],[84.27,29.15],[84.22,28.96],[84.41,28.77],[84.82,28.57],[85.2,28.57],[85.16,28.38],[85.35,28.25],[85.75,28.32],[85.98,27.99],[86.23,28.12],[86.28,27.99],[86.9,28.06],[87.45,27.8],[88.14,27.87],[88.12,27.8]],[[85.56,27.8],[85.36,27.93],[85.24,27.67],[85.45,27.61],[85.55,27.74],[85.56,27.8]]]}},{"type":"Feature","properties":{"NAME":"Khanate of Khiva","C":10,"name":"Khanate of Khiva","start_year":1588,"end_year":1717,"capital":"","type":"polity","region":"","event":"","source":"Cliopatria / Seshat Global History Databank (CC BY 4.0)","wikipedia":"Khanate of Khiva","wikidata":"Q491106","_a":23,"_c":[60.46,42.7],"_nz":"希瓦汗国","_sz":""},"geometry":{"type":"Polygon","coordinates":[[[62.39,43.02],[62.34,43.15],[62.18,43.15],[62.22,43.28],[62,43.34],[62.04,43.47],[61.96,43.47],[61.98,43.54],[61.76,43.6],[61.1,44.39],[60.88,44.45],[60.86,44.39],[60.78,44.12],[60.6,44.06],[60.5,43.73],[60.29,43.54],[59.12,43.41],[58.63,43.67],[58.42,43.47],[58.34,43.47],[57.33,43.02],[57.31,42.95],[57.19,42.5],[57.27,42.5],[57.23,42.04],[57.31,42.04],[57.42,41.52],[57.85,41.33],[57.83,41.26],[60,41.07],[60.13,40.94],[60.84,40.94],[62.38,41.33],[63.22,41.78],[63.73,42.43],[62.39,43.02]]]}},{"type":"Feature","properties":{"NAME":"Tokugawa Shogunate","C":9,"name":"Tokugawa Shogunate","start_year":1609,"end_year":1798,"capital":"","type":"polity","region":"","event":"","source":"Cliopatria / Seshat Global History Databank (CC BY 4.0)","wikipedia":"Tokugawa shogunate","wikidata":"Q205662","_a":331,"_c":[132.89,33.25],"_nz":"德川幕府","_sz":""},"geometry":{"type":"MultiPolygon","coordinates":[[[[123.72,24.39],[123.96,24.46],[123.91,24.26],[123.84,24.26],[123.69,24.26],[123.72,24.39]]],[[[125.41,24.91],[125.46,24.78],[125.44,24.71],[125.22,24.71],[125.26,24.91],[125.41,24.91]]],[[[127.91,26.39],[127.82,26.07],[127.65,26],[127.68,26.39],[127.87,26.52],[127.93,26.71],[128.17,26.77],[128.19,26.84],[128.42,26.84],[128.38,26.71],[127.91,26.39]]],[[[129.8,28.57],[129.74,28.38],[129.35,28.12],[129.27,28.12],[129.15,28.19],[129.19,28.32],[129.8,28.57]]],[[[128.88,32.81],[128.93,32.75],[128.77,32.56],[128.69,32.56],[128.57,32.62],[128.65,32.81],[128.88,32.81]]],[[[129.59,33.71],[129.73,33.84],[129.8,33.84],[129.88,33.84],[129.82,33.71],[129.59,33.71]]],[[[129.4,34.29],[129.34,34.16],[129.31,34.1],[129.11,34.16],[129.17,34.29],[129.4,34.29]]],[[[129.44,34.55],[129.46,34.42],[129.43,34.36],[129.23,34.42],[129.29,34.55],[129.44,34.55]]],[[[130.44,30.5],[130.72,30.44],[130.69,30.37],[130.62,30.18],[130.36,30.31],[130.44,30.5]]],[[[130.92,30.76],[131.17,30.82],[131.1,30.63],[131.07,30.56],[131.02,30.44],[130.82,30.5],[130.92,30.76]]],[[[129.99,32.56],[130.53,32.56],[130.37,32.36],[130.29,32.36],[130.13,32.17],[129.93,32.24],[129.99,32.56]]],[[[133.43,36.35],[133.37,36.22],[133.33,36.16],[133.1,36.16],[133.2,36.35],[133.43,36.35]]],[[[142.09,39.64],[141.96,39.45],[142.04,39.45],[141.83,39],[141.55,38.8],[141.63,38.8],[141.51,38.35],[141.08,38.29],[140.92,38.03],[141,38.03],[140.92,37.9],[141.04,37.84],[140.96,37.71],[141.12,37.58],[141.04,37.45],[141.13,37.32],[140.79,36.87],[140.61,36.42],[140.69,36.42],[140.62,36.16],[140.74,36.1],[140.67,35.97],[140.91,35.84],[140.54,35.58],[140.41,35.19],[139.7,34.87],[140.08,35.58],[139.96,35.64],[139.7,35.45],[139.78,35.32],[139.72,35.19],[139.21,35.26],[139.14,35.13],[139.23,35],[138.95,34.61],[138.68,34.68],[138.8,35.07],[138.42,34.94],[138.26,34.61],[137.22,34.55],[137.07,34.55],[137.24,34.74],[136.94,34.74],[136.73,34.94],[136.6,34.68],[136.79,34.61],[136.97,34.36],[136.91,34.23],[136.45,34.23],[135.81,33.39],[135.41,33.52],[135.35,33.71],[135.03,33.84],[135.15,34.1],[135.02,34.29],[135.34,34.49],[135.44,34.68],[135.21,34.68],[134.91,34.23],[134.72,34.16],[134.71,33.97],[134.78,33.97],[134.66,33.71],[134.37,33.59],[134.22,33.26],[133.99,33.26],[133.85,33.46],[133.54,33.46],[133.16,33.14],[133.03,32.69],[132.68,32.75],[132.66,32.88],[132.43,32.88],[132.44,33.07],[132.37,33.07],[132.45,33.26],[132.3,33.26],[132.36,33.39],[132.02,33.33],[132.08,33.46],[132.56,33.65],[132.88,34.16],[133.03,34.16],[133.12,34.04],[133.51,34.04],[133.63,34.29],[134.23,34.42],[134.2,34.36],[134.63,34.29],[134.94,34.61],[134.47,34.74],[133.25,34.29],[132.32,34.29],[132.19,33.84],[131.91,33.91],[131.94,33.97],[131.09,33.97],[131.1,33.65],[131.82,33.71],[131.64,33.33],[132.09,33.14],[132,32.94],[132.08,32.94],[131.78,32.62],[131.58,32.17],[131.52,31.85],[131.6,31.85],[131.41,31.4],[131.18,31.4],[131.2,31.27],[130.79,31.01],[130.64,31.01],[130.72,31.21],[130.47,31.14],[130.14,31.27],[130.27,31.59],[130.1,31.91],[130.21,32.17],[130.52,32.36],[130.57,32.81],[130.44,32.88],[130.33,32.62],[130.1,32.62],[130.15,32.75],[130,32.75],[129.79,32.62],[129.7,32.75],[129.75,32.88],[129.63,32.94],[129.68,33.07],[129.56,33.14],[129.62,33.26],[129.54,33.26],[129.6,33.39],[129.83,33.39],[129.92,33.59],[130.33,33.65],[130.42,33.84],[130.86,33.97],[130.88,34.16],[130.8,34.16],[130.92,34.42],[131.41,34.49],[131.48,34.61],[132.56,35.26],[132.69,35.52],[132.96,35.58],[133.47,35.52],[135.38,35.77],[135.28,35.58],[135.71,35.52],[136.08,35.77],[135.91,35.9],[136,36.22],[136.45,36.48],[136.71,36.8],[136.58,37],[136.65,37.13],[136.57,37.13],[136.72,37.38],[137.37,37.58],[137.15,37.19],[136.96,37.13],[137.12,37],[137.1,36.8],[137.25,36.8],[137.63,37.06],[138.51,37.38],[138.77,37.84],[139.32,38.09],[139.95,39.26],[139.87,39.26],[140.04,39.64],[139.89,39.9],[139.66,39.9],[139.99,40.29],[139.77,40.55],[139.9,40.74],[140.18,40.81],[140.34,41.26],[140.69,41.2],[140.92,41.52],[141.54,41.39],[141.4,41.2],[141.48,41.2],[141.38,40.94],[141.53,40.81],[141.44,40.68],[141.63,40.61],[141.62,40.48],[141.78,40.48],[141.81,40.29],[141.89,40.29],[142.07,39.97],[141.97,39.71],[142.09,39.64]]],[[[138.14,37.96],[138.34,38.29],[138.61,38.35],[138.49,38.16],[138.61,38.09],[138.38,37.84],[138.34,37.77],[138.19,37.77],[138.26,37.9],[138.14,37.96]]],[[[140.06,42.11],[139.9,42.11],[140.07,42.24],[140.23,42.24],[140.22,42.11],[140.6,41.98],[140.56,41.91],[140.88,41.91],[140.83,41.85],[140.94,41.78],[140.58,41.72],[140.44,41.52],[140.11,41.39],[139.95,41.39],[139.96,41.52],[139.88,41.52],[139.93,41.59],[140.12,41.98],[140.01,42.04],[140.06,42.11]]]]}},{"type":"Feature","properties":{"NAME":"Sultanate of Perak","C":7,"name":"Sultanate of Perak","start_year":1609,"end_year":1821,"capital":"","type":"polity","region":"","event":"","source":"Cliopatria / Seshat Global History Databank (CC BY 4.0)","wikipedia":"Sultan of Perak","wikidata":"Q2649311","_a":3,"_c":[101.08,4.79],"_nz":"霹雳苏丹国","_sz":""},"geometry":{"type":"Polygon","coordinates":[[[101.63,3.95],[101.63,3.89],[101.7,3.89],[101.7,3.82],[101.7,3.76],[101.4,3.69],[101.26,3.82],[101.11,3.69],[100.98,3.89],[100.75,3.82],[100.68,3.82],[100.48,4.21],[100.51,4.79],[100.37,4.85],[100.38,5.04],[100.6,5.17],[100.68,5.17],[100.91,5.36],[101,5.69],[101.14,5.62],[101.45,5.88],[101.73,5.75],[101.78,5.3],[101.55,5.11],[101.53,4.85],[101.43,4.27],[101.57,4.21],[101.64,4.01],[101.63,3.95]]]}},{"type":"Feature","properties":{"NAME":"Principality of Guria","C":3,"name":"Principality of Guria","start_year":1612,"end_year":1726,"capital":"","type":"polity","region":"","event":"","source":"Cliopatria / Seshat Global History Databank (CC BY 4.0)","wikipedia":"Principality of Guria","wikidata":"Q2195101","_a":1,"_c":[42.12,41.79],"_nz":"古里亚公国","_sz":""},"geometry":{"type":"Polygon","coordinates":[[[41.7,41.78],[41.82,41.98],[41.75,42.04],[41.76,42.11],[42.39,42.04],[42.66,41.78],[42.62,41.59],[42.44,41.46],[41.58,41.52],[41.59,41.59],[41.6,41.65],[41.68,41.65],[41.69,41.72],[41.7,41.78]]]}},{"type":"Feature","properties":{"NAME":"Sultanate of Maguindanao","C":0,"name":"Sultanate of Maguindanao","start_year":1612,"end_year":1848,"capital":"","type":"polity","region":"","event":"","source":"Cliopatria / Seshat Global History Databank (CC BY 4.0)","wikipedia":"Sultanate of Maguindanao","wikidata":"Q248572","_a":0,"_c":[125.7,7.01],"_nz":"马京达瑙苏丹国","_sz":""},"geometry":{"type":"Polygon","coordinates":[[[125.81,6.97],[125.75,7.1],[125.6,7.1],[125.59,6.97],[125.8,6.91],[125.81,6.97]]]}},{"type":"Feature","properties":{"NAME":"Sultanate of Sukadana","C":0,"name":"Sultanate of Sukadana","start_year":1619,"end_year":1829,"capital":"","type":"polity","region":"","event":"","source":"Cliopatria / Seshat Global History Databank (CC BY 4.0)","wikipedia":"Tanjungpura Kingdom","wikidata":"Q3446232","_a":2,"_c":[110.1,-2],"_nz":"苏卡达纳苏丹国","_sz":""},"geometry":{"type":"Polygon","coordinates":[[[110.37,-2.93],[110.52,-2.93],[110.33,-1.39],[110.26,-1.39],[110.25,-1.06],[109.88,-0.94],[109.81,-1.06],[109.67,-1.06],[109.89,-1.32],[109.9,-1.64],[109.75,-1.71],[109.76,-1.9],[109.98,-2.03],[110.09,-3.06],[110.38,-2.99],[110.37,-2.93]]]}},{"type":"Feature","properties":{"NAME":"Sultanate of Sambas","C":9,"name":"Sultanate of Sambas","start_year":1619,"end_year":1819,"capital":"","type":"polity","region":"","event":"","source":"Cliopatria / Seshat Global History Databank (CC BY 4.0)","wikipedia":"Sultanate of Sambas","wikidata":"Q3109927","_a":1,"_c":[109.24,1.48],"_nz":"三发苏丹国","_sz":""},"geometry":{"type":"MultiPolygon","coordinates":[[[[109.11,1.64],[109.19,1.89],[109.34,2.02],[109.41,1.96],[109.48,1.96],[109.61,1.57],[109.54,1.57],[109.46,1.25],[109.31,1.12],[108.79,0.93],[108.88,1.44],[108.88,1.51],[109.11,1.64]]],[[[109.68,1.51],[109.61,1.51],[109.61,1.57],[109.69,1.57],[109.68,1.51]]]]}},{"type":"Feature","properties":{"NAME":"Sultanate of Mempawah","C":4,"name":"Sultanate of Mempawah","start_year":1619,"end_year":1824,"capital":"","type":"polity","region":"","event":"","source":"Cliopatria / Seshat Global History Databank (CC BY 4.0)","wikipedia":"Mempawah Kingdom","wikidata":"Q19746028","_a":0,"_c":[109.04,0.45],"_nz":"孟巴瓦苏丹国","_sz":""},"geometry":{"type":"Polygon","coordinates":[[[109.22,0.74],[109,0.74],[108.85,0.61],[108.71,0.67],[108.77,0.29],[108.91,0.16],[109.36,0.48],[109.36,0.61],[109.22,0.67],[109.22,0.74]]]}},{"type":"Feature","properties":{"NAME":"Blambangan Kingdom","C":6,"name":"Blambangan Kingdom","start_year":1622,"end_year":1740,"capital":"","type":"polity","region":"","event":"","source":"Cliopatria / Seshat Global History Databank (CC BY 4.0)","wikipedia":"Blambangan Kingdom","wikidata":"Q287996","_a":4,"_c":[113.37,-7.84],"_nz":"巴兰班甘王国","_sz":""},"geometry":{"type":"MultiPolygon","coordinates":[[[[113.44,-8.52],[113.21,-8.33],[112.92,-8.39],[112.85,-8.39],[112.68,-8.14],[112.74,-7.94],[113.62,-7.94],[113.76,-7.88],[113.74,-7.69],[113.82,-7.69],[114.26,-7.69],[114.41,-7.81],[114.3,-8.33],[114.49,-8.84],[114.27,-8.84],[114.18,-8.65],[113.96,-8.65],[113.89,-8.65],[113.44,-8.52]]],[[[112.71,-7.49],[112.41,-7.43],[112.41,-7.36],[112.24,-6.91],[112.31,-6.91],[112.52,-6.85],[112.54,-7.17],[112.62,-7.17],[112.62,-7.24],[112.71,-7.49]]]]}},{"type":"Feature","properties":{"NAME":"Sultanate of Bima","C":11,"name":"Sultanate of Bima","start_year":1626,"end_year":1865,"capital":"","type":"polity","region":"","event":"","source":"Cliopatria / Seshat Global History Databank (CC BY 4.0)","wikipedia":"Bima Sultanate","wikidata":"Q2817348","_a":2,"_c":[119.71,-8.59],"_nz":"比马苏丹国","_sz":""},"geometry":{"type":"MultiPolygon","coordinates":[[[[119.6,-8.84],[119.45,-8.84],[119.44,-8.71],[119.66,-8.65],[119.71,-8.46],[120,-8.39],[120.06,-8.26],[120.87,-8.33],[120.62,-8.84],[119.75,-8.91],[119.59,-8.78],[119.6,-8.84]]],[[[119.21,-8.52],[119.27,-8.39],[119.42,-8.39],[119.51,-8.59],[119.37,-8.65],[119.29,-8.65],[119.21,-8.52]]],[[[118.65,-8.78],[118.54,-8.33],[118.9,-8.26],[119.07,-8.65],[119.08,-8.71],[118.65,-8.78]]]]}},{"type":"Feature","properties":{"NAME":"Kalmyk Khanate","C":1,"name":"Kalmyk Khanate","start_year":1636,"end_year":1737,"capital":"","type":"polity","region":"","event":"","source":"Cliopatria / Seshat Global History Databank (CC BY 4.0)","wikipedia":"Kalmyk Khanate","wikidata":"Q4210248","_a":30,"_c":[44.35,45.83],"_nz":"卡尔梅克汗国","_sz":""},"geometry":{"type":"Polygon","coordinates":[[[46.64,43.73],[46.37,43.6],[46.35,43.47],[46.2,43.54],[46.08,43.34],[45.04,43.8],[44.72,43.8],[44.7,43.67],[43.74,43.73],[43.55,43.6],[43.42,43.73],[43.44,43.86],[43.28,43.86],[43.4,44.06],[43.32,44.06],[43.11,44.65],[42.8,44.71],[42.74,44.84],[42.29,45.04],[41.9,45.1],[41.91,45.17],[42.22,45.5],[42.42,46.15],[42.34,46.15],[42.38,46.35],[42.23,46.41],[42.25,46.55],[41.89,46.81],[41.81,46.81],[41.29,47.07],[41.46,47.53],[42.49,48.13],[43.27,48.32],[43.77,48.32],[44.41,48.19],[45.06,47.8],[45.33,47.86],[45.37,47.66],[46.3,47.4],[46.69,46.94],[46.85,46.94],[47.25,46.55],[47.22,46.41],[47.37,46.35],[47.41,46.15],[46.9,45.69],[46.83,45.37],[46.64,45.24],[46.19,44.25],[46.72,43.73],[46.64,43.73]]]}},{"type":"Feature","properties":{"NAME":"Wadai Empire","C":10,"name":"Wadai Empire","start_year":1636,"end_year":1889,"capital":"","type":"polity","region":"","event":"","source":"Cliopatria / Seshat Global History Databank (CC BY 4.0)","wikipedia":"Wadai Empire","wikidata":"Q1132786","_a":38,"_c":[18.95,13.11],"_nz":"瓦达伊帝国","_sz":""},"geometry":{"type":"Polygon","coordinates":[[[22.88,10.89],[22.96,11.28],[22.6,11.54],[22.68,11.99],[22.54,12.05],[22.47,12.24],[22.47,12.63],[22.19,12.89],[22.28,13.91],[22.21,13.91],[22.21,14.24],[22.29,14.24],[22.46,15.39],[22.39,15.39],[20.92,15.46],[20.32,15.26],[20.1,15.33],[20.03,15.14],[19.29,14.81],[19.21,14.69],[18.03,14.36],[15.02,14.36],[14.95,14.36],[15.89,13.59],[15.89,13.46],[16.54,12.89],[16.61,12.37],[17.04,12.05],[17.04,11.92],[17.4,11.6],[17.55,11.6],[17.83,11.02],[17.83,10.76],[17.9,10.76],[19.15,11.02],[19.59,10.89],[19.73,10.89],[19.81,11.02],[22.8,10.89],[22.88,10.89]]]}},{"type":"Feature","properties":{"NAME":"Funj Sultanate","C":6,"name":"Funj Sultanate","start_year":1636,"end_year":1768,"capital":"","type":"polity","region":"","event":"","source":"Cliopatria / Seshat Global History Databank (CC BY 4.0)","wikipedia":"Funj Sultanate","wikidata":"Q1475713","_a":71,"_c":[32.26,14.46],"_nz":"丰吉苏丹国","_sz":""},"geometry":{"type":"MultiPolygon","coordinates":[[[[27.5,11.28],[27.42,11.28],[27.43,11.34],[27.5,11.34],[27.5,11.28]]],[[[37.02,17.06],[37.24,17],[37.01,16.74],[37.06,16.23],[36.91,16.1],[36.65,15.26],[36.49,15.07],[36.61,14.36],[36.61,14.3],[36.52,13.79],[36.28,13.4],[36.26,12.89],[36.18,12.76],[35.82,12.69],[35.59,12.5],[35.35,12.05],[35.21,11.99],[35.03,11.15],[35.03,11.09],[32.54,10.89],[32.25,11.02],[31.88,11.02],[31.45,11.28],[29.18,11.09],[27.57,11.34],[27.5,11.34],[27.44,11.92],[27.37,11.92],[27.39,13.01],[27.77,13.53],[27.79,13.98],[27.65,14.36],[27.37,14.69],[27.28,16.55],[27.35,16.55],[31.47,16.42],[31.64,17.06],[31.5,17.32],[33.43,17.45],[35.22,18.03],[35.37,17.96],[35.5,17.64],[35.78,17.39],[35.93,17.39],[36.21,17.06],[36.95,17.06],[37.02,17.06]]]]}},{"type":"Feature","properties":{"NAME":"Bornu Empire","C":0,"name":"Bornu Empire","start_year":1636,"end_year":1804,"capital":"","type":"polity","region":"","event":"","source":"Cliopatria / Seshat Global History Databank (CC BY 4.0)","wikipedia":"Kanem-Bornu Empire","wikidata":"Q1139762","_a":46,"_c":[14.26,12.41],"_nz":"博尔努帝国","_sz":""},"geometry":{"type":"Polygon","coordinates":[[[14.22,14.94],[14.87,14.36],[14.95,14.36],[15.89,13.59],[15.89,13.46],[16.54,12.89],[16.61,12.37],[17.04,12.05],[17.04,11.92],[17.4,11.6],[17.55,11.6],[17.83,11.02],[17.83,10.76],[17.75,10.76],[17.75,10.64],[17.61,10.57],[17.68,10.44],[17.38,10.44],[17.16,9.99],[16.49,9.41],[16.2,9.29],[15.76,9.35],[15.69,9.22],[15.54,9.35],[14.22,9.29],[13.5,9.41],[13.28,9.99],[13.36,10.25],[13.29,10.44],[13.07,10.44],[12.93,10.7],[12.27,11.02],[12.05,10.96],[12.05,11.15],[11.91,11.21],[11.62,11.86],[11.26,12.18],[10.97,12.69],[10.9,13.08],[10.68,13.34],[10.98,14.69],[11.35,15.26],[12.02,15.59],[13.27,15.46],[13.85,15.14],[14,15.2],[14.14,14.94],[14.22,14.94]]]}},{"type":"Feature","properties":{"NAME":"Sultanate of Darfur","C":10,"name":"Sultanate of Darfur","start_year":1636,"end_year":1821,"capital":"","type":"polity","region":"","event":"","source":"Cliopatria / Seshat Global History Databank (CC BY 4.0)","wikipedia":"Sultanate of Darfur","wikidata":"Q1474791","_a":32,"_c":[24.99,13.69],"_nz":"达尔富尔苏丹国","_sz":""},"geometry":{"type":"Polygon","coordinates":[[[27.5,11.34],[27.44,11.92],[27.37,11.92],[27.39,13.01],[27.77,13.53],[27.79,13.98],[27.65,14.36],[27.37,14.69],[27.28,16.55],[27.2,16.55],[25.57,16.29],[24.23,15.71],[22.91,15.71],[22.61,15.59],[22.53,15.39],[22.46,15.39],[22.29,14.24],[22.21,14.24],[22.21,13.91],[22.28,13.91],[22.19,12.89],[22.47,12.63],[22.47,12.24],[22.54,12.05],[22.68,11.99],[22.6,11.54],[22.96,11.28],[22.88,10.89],[22.88,10.83],[23.61,10.83],[24.71,11.21],[26.99,11.41],[27.43,11.34],[27.5,11.34]]]}},{"type":"Feature","properties":{"NAME":"Ethiopian Empire","C":11,"name":"Ethiopian Empire","start_year":1636,"end_year":1768,"capital":"","type":"polity","region":"","event":"","source":"Cliopatria / Seshat Global History Databank (CC BY 4.0)","wikipedia":"Ethiopian Empire","wikidata":"Q207521","_a":90,"_c":[38.95,11.19],"_nz":"埃塞俄比亚帝国","_sz":""},"geometry":{"type":"MultiPolygon","coordinates":[[[[39.73,15.2],[39.81,15.2],[39.82,15.52],[39.97,15.52],[40.31,14.94],[40.68,15.01],[40.82,14.75],[41.32,14.62],[41.53,14.24],[41.67,14.17],[41.66,14.04],[41.88,13.98],[42.16,13.66],[42.31,13.66],[42.44,13.27],[42.58,13.27],[42.86,12.95],[42.27,12.69],[42.41,12.56],[42.4,12.37],[41.86,11.66],[41.9,10.89],[41.76,10.89],[41.73,10.12],[41.86,9.74],[41.71,9.54],[41.99,9.29],[42.19,8.71],[42.34,8.71],[42.09,8],[42.08,7.61],[42.29,7.42],[42.29,7.16],[42.14,7.04],[42.05,6.65],[41.76,6.65],[41.68,6.52],[41.75,6.33],[41.6,6.2],[41.25,6.52],[41.18,6.84],[41.03,6.78],[40.95,6.52],[40.81,6.52],[40.8,6.33],[41.16,6.07],[41.16,5.94],[41.3,5.94],[41.29,5.62],[41.14,5.56],[41,5.75],[40.71,5.81],[40.27,5.43],[39.83,5.43],[39.76,5.62],[39.61,5.56],[39.26,5.81],[39.19,6.07],[39.05,6.14],[39.06,6.46],[38.55,6.71],[38.7,6.84],[38.64,7.16],[38.49,7.1],[38.42,7.23],[38.27,7.23],[38.12,7.04],[37.98,7.04],[37.91,7.16],[37.54,7.16],[37.47,7.29],[37.18,7.36],[37.27,7.94],[37.2,8],[37.49,8],[37.5,8.26],[37.28,8.32],[37.36,8.51],[37.08,8.96],[37.17,9.29],[37.47,9.61],[37.42,10.19],[37.27,10.25],[37.28,10.38],[37.12,10.25],[36.69,10.25],[36.62,10.38],[36.47,10.31],[36.4,10.57],[36.11,10.64],[35.45,10.51],[35.24,10.64],[35.25,11.02],[35.1,11.15],[35.03,11.15],[35.21,11.99],[35.35,12.05],[35.59,12.5],[35.82,12.69],[36.18,12.76],[36.26,12.89],[36.28,13.4],[36.52,13.79],[36.61,14.3],[36.68,14.3],[36.61,14.43],[36.84,14.62],[37.96,14.94],[38.14,15.65],[38.29,15.71],[38.53,16.23],[38.68,16.29],[39.08,16.94],[39.28,16.55],[39.33,16.04],[39.26,16.04],[39.26,15.97],[39.11,15.91],[39.1,15.78],[39.3,15.39],[39.74,15.26],[39.73,15.2]]],[[[38.21,15.71],[38.14,15.71],[38.14,15.78],[38.22,15.78],[38.21,15.71]]]]}},{"type":"Feature","properties":{"NAME":"Sultanate of Aceh","C":9,"name":"Sultanate of Aceh","start_year":1640,"end_year":1861,"capital":"","type":"polity","region":"","event":"","source":"Cliopatria / Seshat Global History Databank (CC BY 4.0)","wikipedia":"Aceh Sultanate","wikidata":"Q1061057","_a":6,"_c":[96.66,4.69],"_nz":"亚齐苏丹国","_sz":""},"geometry":{"type":"Polygon","coordinates":[[[97.48,5.3],[96.24,5.24],[95.6,5.69],[95.24,5.69],[95.09,5.56],[95.07,5.17],[95.34,4.85],[95.33,4.72],[96.1,4.01],[97.13,4.14],[97.48,3.95],[97.69,3.69],[97.77,3.82],[97.84,3.82],[98,4.21],[98.23,4.27],[98.23,4.34],[98.24,4.53],[98.02,4.59],[97.83,5.04],[97.47,5.24],[97.48,5.3]]]}},{"type":"Feature","properties":{"NAME":"Joseon","C":10,"name":"Joseon","start_year":1640,"end_year":1859,"capital":"","type":"polity","region":"","event":"","source":"Cliopatria / Seshat Global History Databank (CC BY 4.0)","wikipedia":"Joseon","wikidata":"Q28405","_a":63,"_c":[127.48,38.08],"_nz":"朝鲜王朝","_sz":""},"geometry":{"type":"MultiPolygon","coordinates":[[[[126.7,33.26],[126.14,33.2],[126.36,33.52],[127,33.59],[126.78,33.26],[126.7,33.26]]],[[[129.73,41.33],[129.88,41.2],[129.76,40.87],[129.24,40.68],[129.08,40.42],[128.68,40.29],[128.37,40.03],[127.93,39.97],[127.58,39.77],[127.67,39.64],[127.44,39.26],[127.8,39.19],[127.92,39],[128.36,38.8],[128.84,37.96],[129.1,37.58],[129.26,37.58],[129.47,37.25],[129.41,37.13],[129.53,37.06],[129.4,36.35],[129.47,36.35],[129.42,36.1],[129.58,36.1],[129.67,35.97],[129.54,35.71],[129.62,35.71],[129.15,35.07],[128.53,35.07],[128.55,34.94],[128.81,35],[128.68,34.74],[128.33,34.81],[128.31,34.94],[128.08,34.94],[128.07,34.74],[127.76,34.74],[127.38,34.42],[127.22,34.42],[127.13,34.55],[127.3,34.74],[127.22,34.74],[127.02,34.49],[126.63,34.29],[126.42,34.36],[126.48,34.49],[126.35,34.36],[126.12,34.36],[126.48,34.81],[126.2,34.87],[126.38,35.26],[126.3,35.26],[126.52,35.71],[126.77,35.9],[126.61,35.9],[126.68,36.03],[126.52,36.03],[126.43,36.16],[126.45,36.67],[126.26,36.61],[126.05,36.8],[126.3,37],[126.65,37.06],[126.7,37.32],[126.54,37.45],[126.6,37.58],[126.25,37.64],[126.35,37.84],[125.84,37.77],[125.83,37.9],[125.68,37.9],[125.39,37.64],[125.23,37.64],[125.3,37.77],[125.21,37.9],[124.9,37.9],[125.08,38.09],[124.76,38.09],[124.87,38.29],[124.79,38.29],[124.96,38.61],[125.15,38.67],[125.19,38.74],[125.03,38.74],[125.39,39.38],[125.31,39.51],[124.87,39.58],[124.86,39.71],[124.51,39.64],[124.34,39.9],[124.27,39.9],[124.57,40.29],[126.11,41],[126.83,41.78],[127.07,41.78],[127.11,41.59],[127.38,41.52],[127.34,41.46],[128.1,41.39],[128.34,41.65],[128.27,41.78],[128.11,41.78],[128.15,41.85],[127.99,41.85],[128.07,41.98],[128.84,42.04],[129.17,42.3],[129.7,42.5],[129.84,42.95],[130.2,42.89],[130.3,42.56],[130.54,42.56],[130.5,42.5],[130.69,42.43],[130.65,42.37],[130.32,42.24],[129.7,41.65],[129.78,41.65],[129.73,41.33]]]]}},{"type":"Feature","properties":{"NAME":"Jesuit Reducciones","C":2,"name":"Jesuit Reducciones","start_year":1640,"end_year":1737,"capital":"","type":"polity","region":"","event":"","source":"Cliopatria / Seshat Global History Databank (CC BY 4.0)","wikipedia":"Jesuit missions among the Guaraní","wikidata":"Q465960","_a":42,"_c":[-55.37,-25.62],"_nz":"耶稣会归化村","_sz":""},"geometry":{"type":"Polygon","coordinates":[[[-53.95,-25.62],[-53.83,-26.27],[-53.84,-26.33],[-53.76,-26.33],[-53.9,-27.17],[-54.87,-27.55],[-55.32,-27.94],[-55.47,-27.94],[-55.82,-28.19],[-55.95,-28.52],[-56.29,-28.71],[-56.59,-29.09],[-56.87,-28.97],[-56.83,-28.77],[-56.09,-28.07],[-56.03,-27.74],[-56.23,-27.55],[-56.2,-27.42],[-56.45,-27.55],[-56.98,-27.55],[-58.29,-27.29],[-58.36,-27.29],[-58.31,-27.04],[-58.43,-26.84],[-58.25,-26.27],[-58.09,-26.2],[-57.87,-25.75],[-57.34,-25.24],[-57,-24.47],[-57.13,-24.34],[-57.5,-24.34],[-57.76,-24.59],[-57.84,-24.59],[-57.77,-24.14],[-57.9,-24.02],[-57.96,-23.31],[-57.46,-22.92],[-56.85,-22.86],[-56.75,-22.66],[-56.54,-22.73],[-55.7,-22.6],[-55.27,-22.73],[-55.21,-22.86],[-54.4,-22.92],[-53.74,-22.34],[-53.27,-22.15],[-52.67,-22.15],[-52.34,-22.47],[-52.31,-22.86],[-52.66,-23.31],[-52.9,-23.44],[-52.91,-23.5],[-54.06,-24.85],[-54.14,-25.37],[-54.02,-25.56],[-54.03,-25.62],[-53.95,-25.62]]]}},{"type":"Feature","properties":{"NAME":"Principality of Monaco","C":2,"name":"Principality of Monaco","start_year":1645,"end_year":1793,"capital":"","type":"polity","region":"","event":"","source":"Cliopatria / Seshat Global History Databank (CC BY 4.0)","wikipedia":"Monaco","wikidata":"Q235","_a":0,"_c":[7.39,43.83],"_nz":"摩纳哥公国","_sz":""},"geometry":{"type":"MultiPolygon","coordinates":[[[[7.31,43.73],[7.23,43.73],[7.23,43.8],[7.31,43.8],[7.31,43.73]]],[[[7.47,43.86],[7.55,43.8],[7.31,43.8],[7.47,43.93],[7.47,43.86]]]]}},{"type":"Feature","properties":{"NAME":"Kutai Kingdom","C":1,"name":"Kutai Kingdom","start_year":1648,"end_year":1726,"capital":"","type":"polity","region":"","event":"","source":"Cliopatria / Seshat Global History Databank (CC BY 4.0)","wikipedia":"Kutai","wikidata":"Q1794655","_a":1,"_c":[117.04,-0.77],"_nz":"古泰王国","_sz":""},"geometry":{"type":"Polygon","coordinates":[[[116.88,-1.26],[117.09,-1.13],[117.16,-0.94],[117.52,-0.81],[117.45,-0.68],[117.52,-0.49],[117.37,-0.42],[117.37,-0.29],[116.57,-0.29],[116.57,-0.49],[116.94,-0.68],[116.66,-1.19],[116.8,-1.26],[116.88,-1.26]]]}},{"type":"Feature","properties":{"NAME":"Danish India","C":4,"name":"Danish India","start_year":1659,"end_year":1733,"capital":"","type":"polity","region":"","event":"","source":"Cliopatria / Seshat Global History Databank (CC BY 4.0)","wikipedia":"Danish India","wikidata":"Q912382","_a":1,"_c":[-0.59,5.46],"_nz":"丹属印度","_sz":""},"geometry":{"type":"MultiPolygon","coordinates":[[[[-1.06,5.11],[-1.21,5.11],[-1.21,5.36],[-1.06,5.36],[-1.06,5.17],[-1.06,5.11]]],[[[-0.18,5.81],[-0.04,5.81],[0.03,5.62],[-0.19,5.56],[-0.18,5.75],[-0.18,5.81]]]]}},{"type":"Feature","properties":{"NAME":"Sloboda Ukraine","C":7,"name":"Sloboda Ukraine","start_year":1670,"end_year":1751,"capital":"","type":"polity","region":"","event":"","source":"Cliopatria / Seshat Global History Databank (CC BY 4.0)","wikipedia":"Sloboda Ukraine","wikidata":"Q598570","_a":19,"_c":[37.7,50.29],"_nz":"斯洛博达乌克兰","_sz":""},"geometry":{"type":"Polygon","coordinates":[[[40.97,51.18],[40.51,51.38],[39.66,51.38],[38.69,51.18],[37.04,50.51],[36.43,50.45],[35.43,51.38],[34.87,51.58],[34.53,51.58],[34.25,51.45],[34.03,50.65],[34.3,50.25],[34.85,50.05],[34.98,49.85],[35.19,49.58],[35.81,49.32],[36.06,49.32],[36.21,49.18],[36.54,49.18],[36.6,49.05],[37.04,49.18],[37.35,49.05],[39.25,48.99],[39.85,49.05],[40.04,49.18],[40.12,49.58],[41,49.78],[41.34,50.18],[41.37,50.71],[40.97,51.18]]]}},{"type":"Feature","properties":{"NAME":"Kingdom of Mrauk U","C":3,"name":"Kingdom of Mrauk U","start_year":1670,"end_year":1740,"capital":"","type":"polity","region":"","event":"","source":"Cliopatria / Seshat Global History Databank (CC BY 4.0)","wikipedia":"Kingdom of Mrauk U","wikidata":"Q10791211","_a":15,"_c":[93.71,19.45],"_nz":"妙乌王国","_sz":""},"geometry":{"type":"Polygon","coordinates":[[[94.1,20.79],[94.14,21.05],[93.78,21.11],[93.52,21.37],[93.09,21.5],[93.02,22.01],[92.95,22.01],[92.73,22.08],[92.69,21.31],[92.33,21.37],[92.35,20.99],[92.25,20.79],[92.63,20.34],[92.85,20.34],[92.83,20.15],[93.06,20.21],[93.02,19.96],[93.4,20.02],[93.38,19.89],[93.6,19.89],[93.58,19.7],[93.8,19.7],[93.68,19.38],[93.53,19.38],[93.51,19.25],[93.76,18.93],[93.54,18.93],[93.51,18.74],[93.8,18.67],[93.83,18.86],[94.12,18.86],[94.23,18.54],[94.36,18.48],[94.52,18.03],[94.53,17.58],[94.61,17.58],[94.44,16.87],[94.43,16.81],[94.57,16.81],[94.85,17.19],[95.07,17.71],[95.04,18.03],[95.16,18.35],[94.96,18.54],[94.73,20.02],[94.6,20.09],[94.45,20.6],[94.23,20.66],[94.18,20.79],[94.1,20.79]]]}},{"type":"Feature","properties":{"NAME":"Sultanate of Palembang","C":7,"name":"Sultanate of Palembang","start_year":1670,"end_year":1808,"capital":"","type":"polity","region":"","event":"","source":"Cliopatria / Seshat Global History Databank (CC BY 4.0)","wikipedia":"Palembang Sultanate","wikidata":"Q3503555","_a":13,"_c":[105.67,-2.83],"_nz":"巨港苏丹国","_sz":""},"geometry":{"type":"MultiPolygon","coordinates":[[[[105.86,-2.93],[106.01,-3.06],[106.01,-3.25],[105.73,-3.57],[105.74,-3.7],[105.89,-3.76],[105.83,-4.15],[105.76,-4.15],[105.23,-3.7],[104.94,-3.89],[104.95,-4.02],[104.37,-4.15],[104.37,-4.09],[103.55,-3.51],[103.31,-2.86],[103.16,-2.74],[103.15,-2.48],[103.15,-2.41],[103.29,-2.41],[103.43,-2.09],[103.86,-1.84],[103.86,-1.77],[104.44,-1.64],[104.44,-1.71],[104.52,-1.96],[104.81,-2.03],[104.82,-2.29],[105.55,-2.41],[105.64,-2.8],[105.79,-2.93],[105.86,-2.93]]],[[[108.03,-2.54],[108.18,-2.67],[108.12,-3.19],[107.47,-3.19],[107.45,-2.61],[107.52,-2.61],[107.52,-2.54],[108.03,-2.54]]],[[[106.58,-2.74],[106.58,-2.86],[106.8,-2.86],[106.81,-3.06],[106.45,-3.19],[105.78,-2.8],[105.77,-2.41],[105.62,-2.16],[105.11,-2.16],[104.96,-1.96],[105.24,-1.84],[105.24,-1.51],[105.6,-1.64],[105.6,-1.51],[105.97,-1.51],[106.21,-2.41],[106.72,-2.61],[106.72,-2.67],[106.58,-2.74]]]]}},{"type":"Feature","properties":{"NAME":"Astrakhan Khanate","C":3,"name":"Astrakhan Khanate","start_year":1670,"end_year":1762,"capital":"","type":"polity","region":"","event":"","source":"Cliopatria / Seshat Global History Databank (CC BY 4.0)","wikipedia":"Astrakhan Khanate","wikidata":"Q210163","_a":32,"_c":[41.83,49.36],"_nz":"阿斯特拉罕汗国","_sz":""},"geometry":{"type":"Polygon","coordinates":[[[44.05,49.18],[44.37,49.52],[44.45,49.85],[44.76,50.11],[45,50.71],[45.2,50.85],[45.18,51.11],[45.3,51.25],[45.17,51.38],[45.2,51.51],[44.47,51.65],[43.52,51.58],[42.73,51.11],[42.31,51.11],[42.12,51.05],[42.09,50.91],[41.37,50.71],[41.34,50.18],[41,49.78],[40.12,49.58],[40.04,49.18],[39.85,49.05],[39.25,48.99],[38.5,48.06],[38.45,47.8],[38.37,47.8],[38.42,47.6],[39.22,47.47],[39.3,47.47],[39.39,47.47],[40.6,47.33],[40.74,47.2],[41.29,47.07],[41.46,47.53],[42.49,48.13],[43.27,48.32],[43.77,48.32],[44.05,49.18]]]}},{"type":"Feature","properties":{"NAME":"Sultanate of Bone","C":4,"name":"Sultanate of Bone","start_year":1670,"end_year":1856,"capital":"","type":"polity","region":"","event":"","source":"Cliopatria / Seshat Global History Databank (CC BY 4.0)","wikipedia":"Sultan","wikidata":"Q43292","_a":0,"_c":[120.1,-4.95],"_nz":"波尼苏丹国","_sz":""},"geometry":{"type":"Polygon","coordinates":[[[120.16,-5.24],[120.23,-5.24],[120.28,-4.66],[119.92,-4.79],[119.94,-5.18],[120.09,-5.24],[120.16,-5.24]]]}},{"type":"Feature","properties":{"NAME":"Sultanate of Jambi","C":9,"name":"Sultanate of Jambi","start_year":1670,"end_year":1821,"capital":"","type":"polity","region":"","event":"","source":"Cliopatria / Seshat Global History Databank (CC BY 4.0)","wikipedia":"Jambi Sultanate","wikidata":"Q1679856","_a":5,"_c":[103.09,-1.58],"_nz":"占碑苏丹国","_sz":""},"geometry":{"type":"Polygon","coordinates":[[[103.86,-1.77],[104.44,-1.64],[104.44,-1.58],[104.21,-1],[103.62,-1],[103.4,-0.74],[103.33,-0.74],[102.82,-0.81],[102.68,-1.06],[102.46,-1.06],[102.31,-0.87],[101.73,-1],[101.73,-1.06],[101.74,-1.19],[102.1,-1.32],[102.7,-1.9],[102.99,-1.96],[103.15,-2.35],[103.15,-2.41],[103.29,-2.41],[103.43,-2.09],[103.86,-1.84],[103.86,-1.77]]]}},{"type":"Feature","properties":{"NAME":"Saadi Sultanate","C":3,"name":"Saadi Sultanate","start_year":1670,"end_year":1737,"capital":"","type":"polity","region":"","event":"","source":"Cliopatria / Seshat Global History Databank (CC BY 4.0)","wikipedia":"Saadi Sultanate","wikidata":"Q1136188","_a":0,"_c":[-5.81,29.76],"_nz":"萨阿德苏丹国","_sz":""},"geometry":{"type":"Polygon","coordinates":[[[-5.89,29.86],[-6.04,29.79],[-5.96,29.6],[-5.88,29.6],[-5.59,29.92],[-5.82,29.86],[-5.89,29.86]]]}},{"type":"Feature","properties":{"NAME":"Sultanate of Sulu","C":11,"name":"Sultanate of Sulu","start_year":1673,"end_year":1747,"capital":"","type":"polity","region":"","event":"","source":"Cliopatria / Seshat Global History Databank (CC BY 4.0)","wikipedia":"Sultanate of Sulu","wikidata":"Q422065","_a":19,"_c":[119.29,5.82],"_nz":"苏禄苏丹国","_sz":""},"geometry":{"type":"MultiPolygon","coordinates":[[[[120.15,5.36],[120.14,5.17],[119.69,5.04],[119.7,5.17],[119.92,5.24],[119.93,5.3],[120.15,5.36]]],[[[118.06,5.81],[118.36,5.88],[118.56,5.62],[119.14,5.49],[119.27,5.36],[119.26,5.17],[119.03,4.98],[118.16,4.98],[118.14,4.79],[118.43,4.72],[118.57,4.53],[118.48,4.27],[117.68,4.27],[117.54,4.4],[116.96,5.69],[116.82,5.75],[116.77,6.01],[116.55,6.07],[116.48,6.07],[116.49,6.26],[116.28,6.33],[116.28,6.39],[116.69,7.04],[116.84,7.04],[116.82,6.78],[117.06,7.04],[117.2,7.04],[117.26,6.78],[117.75,6.46],[117.64,5.94],[117.71,5.94],[118.01,6.07],[118.06,5.81]]],[[[120.85,6.07],[121.36,6.01],[121.35,5.81],[120.84,5.88],[120.84,5.94],[120.85,6.07]]],[[[121.85,6.78],[122.29,6.71],[122.19,6.46],[122.04,6.39],[121.97,6.39],[121.76,6.46],[121.85,6.78]]],[[[117.21,7.16],[116.99,7.1],[117.01,7.29],[117.01,7.36],[117.23,7.36],[117.21,7.16]]]]}},{"type":"Feature","properties":{"NAME":"Sultanate of Brunei","C":5,"name":"Sultanate of Brunei","start_year":1673,"end_year":1841,"capital":"","type":"polity","region":"","event":"","source":"Cliopatria / Seshat Global History Databank (CC BY 4.0)","wikipedia":"Bruneian Sultanate (1368-1888)","wikidata":"Q887803","_a":84,"_c":[114.17,5.62],"_nz":"文莱苏丹国","_sz":""},"geometry":{"type":"MultiPolygon","coordinates":[[[[114.73,3.63],[112.65,2.73],[111.62,2.54],[111.6,2.09],[111.38,1.96],[111.49,1.12],[110.91,1.12],[110.77,1.25],[110.04,1.38],[109.69,1.57],[109.61,1.57],[109.48,1.96],[109.49,2.02],[109.63,2.02],[109.63,1.89],[109.98,1.7],[110.28,1.83],[110.49,1.57],[110.92,1.51],[111.01,2.02],[111.16,2.15],[111.1,2.41],[111.25,2.41],[111.26,2.73],[111.71,2.92],[112.81,3.11],[113.11,3.37],[113.2,3.69],[113.66,4.01],[113.91,4.59],[114.28,4.66],[114.74,5.04],[115.31,4.98],[115.47,5.11],[115.27,5.36],[115.5,5.62],[115.79,5.62],[115.97,6.07],[116.2,6.33],[116.28,6.33],[116.49,6.26],[116.48,6.07],[116.41,6.07],[115.52,4.72],[115.51,4.66],[114.73,3.63]]],[[[115.43,4.46],[115.43,4.53],[115.51,4.53],[115.5,4.46],[115.43,4.46]]],[[[115.51,4.59],[115.51,4.66],[115.59,4.66],[115.58,4.59],[115.51,4.59]]],[[[117.09,8.32],[117.28,8.84],[118.22,9.48],[118.72,10.12],[118.85,9.99],[118.73,9.48],[118.02,8.96],[117.85,8.71],[117.63,8.64],[117.62,8.58],[117.09,8.32]]]]}},{"type":"Feature","properties":{"NAME":"French India","C":1,"name":"French India","start_year":1677,"end_year":1720,"capital":"","type":"polity","region":"","event":"","source":"Cliopatria / Seshat Global History Databank (CC BY 4.0)","wikipedia":"French India","wikidata":"Q646374","_a":2011,"_c":[65.79,0.67],"_nz":"法属印度","_sz":""},"geometry":{"type":"MultiPolygon","coordinates":[[[[55.63,-21.44],[55.41,-21.44],[55.1,-21.25],[55.08,-20.99],[55.22,-20.86],[55.59,-20.86],[55.59,-20.93],[55.77,-21.31],[55.63,-21.44]]],[[[49.9,-16.75],[49.92,-16.94],[49.78,-17.07],[49.7,-17.07],[49.76,-16.75],[49.9,-16.75]]],[[[49.41,-17.07],[49.35,-17.39],[49.43,-17.39],[49.46,-17.84],[49.38,-17.84],[49.4,-18.1],[49.25,-18.16],[49.09,-17.91],[49.22,-17.65],[49.12,-17.14],[49.19,-17.14],[49.18,-16.94],[49.53,-16.69],[49.32,-15.59],[49.52,-15.27],[49.82,-15.27],[50.15,-15.98],[49.85,-15.91],[49.84,-15.66],[49.68,-15.46],[49.54,-15.66],[49.56,-15.85],[49.63,-15.85],[49.76,-16.75],[49.41,-17.07]]],[[[49.89,-15.21],[49.89,-15.27],[49.82,-15.27],[49.81,-15.21],[49.89,-15.21]]],[[[45.15,-12.76],[45.09,-13.02],[45.01,-13.02],[44.94,-13.02],[44.93,-12.7],[45.15,-12.76]]],[[[43.52,-12.25],[43.74,-12.25],[43.74,-12.38],[43.74,-12.44],[43.52,-12.38],[43.52,-12.25]]],[[[44.47,-12.19],[44.48,-12.44],[44.4,-12.44],[44.33,-12.44],[44.18,-12.19],[44.47,-12.19]]],[[[43.13,-11.61],[43.12,-11.35],[43.34,-11.35],[43.36,-11.93],[43.21,-11.86],[43.14,-11.86],[43.06,-11.61],[43.13,-11.61]]],[[[79.81,11.92],[79.88,11.92],[79.87,11.79],[79.72,11.79],[79.81,11.92]]],[[[88.44,22.79],[88.52,22.79],[88.49,22.59],[88.34,22.59],[88.44,22.79]]]]}},{"type":"Feature","properties":{"NAME":"Sultanate of Banten","C":10,"name":"Sultanate of Banten","start_year":1677,"end_year":1806,"capital":"","type":"polity","region":"","event":"","source":"Cliopatria / Seshat Global History Databank (CC BY 4.0)","wikipedia":"Banten Sultanate","wikidata":"Q734867","_a":16,"_c":[104.31,-5.34],"_nz":"万丹苏丹国","_sz":""},"geometry":{"type":"MultiPolygon","coordinates":[[[[105.37,-6.85],[105.36,-6.66],[105.5,-6.46],[105.65,-6.46],[105.7,-6.08],[105.91,-5.89],[106.27,-5.95],[106.35,-5.95],[106.3,-6.4],[106.52,-6.4],[106.6,-6.53],[106.46,-6.72],[106.48,-6.98],[106.33,-7.04],[106.26,-7.04],[105.89,-6.91],[105.89,-6.85],[105.37,-6.85]]],[[[104.16,-4.28],[104.23,-4.28],[104.23,-4.21],[104.3,-4.21],[104.3,-4.15],[104.37,-4.15],[104.95,-4.02],[104.94,-3.89],[105.23,-3.7],[105.76,-4.15],[105.76,-4.21],[105.85,-4.73],[105.78,-4.73],[105.8,-5.24],[105.73,-5.24],[105.76,-5.82],[105.39,-5.82],[105.23,-5.56],[105.17,-5.76],[104.81,-5.76],[104.51,-5.56],[104.6,-5.95],[104.45,-5.95],[104.15,-5.69],[104.14,-5.56],[103.92,-5.5],[103.76,-5.18],[103.23,-4.79],[103.09,-4.79],[102.18,-4.02],[102.02,-3.64],[102.68,-3.7],[102.99,-4.09],[103.58,-4.41],[104.09,-4.34],[104.09,-4.28],[104.16,-4.28]]]]}},{"type":"Feature","properties":{"NAME":"Qasimids","C":9,"name":"Qasimids","start_year":1683,"end_year":1733,"capital":"","type":"polity","region":"","event":"","source":"Cliopatria / Seshat Global History Databank (CC BY 4.0)","wikipedia":"Rassid dynasty","wikidata":"Q5261548","_a":20,"_c":[44.27,15.91],"_nz":"卡西姆王朝","_sz":""},"geometry":{"type":"Polygon","coordinates":[[[45.61,17.58],[45.67,17.32],[45.81,17.32],[45.71,16.74],[45.78,16.74],[45.75,16.23],[45.82,16.23],[45.72,15.71],[45.76,15.2],[45.61,15.07],[45.66,14.69],[45.42,14.24],[45.48,13.98],[45.25,13.79],[45.08,13.34],[45.07,13.21],[45.37,13.21],[45.29,13.14],[45.36,13.01],[45.05,12.76],[43.8,12.63],[43.81,12.69],[43.68,13.27],[43.47,13.34],[43.47,13.4],[43.25,13.4],[43.26,13.72],[43,14.24],[42.95,14.88],[42.89,15.07],[42.75,15.14],[42.71,15.78],[42.81,16.36],[42.81,16.42],[43.04,16.49],[43.28,16.81],[43.24,17.39],[43.46,17.51],[43.55,17.77],[43.51,18.29],[44.36,18.93],[44.45,19.19],[44.52,19.19],[44.58,18.93],[45.35,18.16],[45.61,17.64],[45.61,17.58]]]}},{"type":"Feature","properties":{"NAME":"Oyo Empire","C":7,"name":"Oyo Empire","start_year":1683,"end_year":1733,"capital":"","type":"polity","region":"","event":"","source":"Cliopatria / Seshat Global History Databank (CC BY 4.0)","wikipedia":"Oyo Empire","wikidata":"Q849623","_a":6,"_c":[3.95,7.55],"_nz":"奥约帝国","_sz":""},"geometry":{"type":"MultiPolygon","coordinates":[[[[4.86,8],[4.94,7.94],[4.72,7.87],[4.57,7.49],[3.98,7.36],[3.98,7.16],[3.84,7.04],[3.83,6.78],[3.91,6.78],[3.83,6.59],[3.54,6.52],[3.54,6.39],[3.39,6.33],[2.66,6.33],[2.74,6.84],[2.89,6.84],[2.89,7.16],[3.04,7.42],[2.96,7.49],[3.04,8.58],[3.7,8.77],[4.87,8.77],[5.01,8.51],[5.23,8.58],[5.16,8.26],[4.86,8.06],[4.86,8]]],[[[4.79,7.68],[4.72,7.68],[4.72,7.74],[4.79,7.74],[4.79,7.68]]]]}},{"type":"Feature","properties":{"NAME":"Kingdom of Bhutan","C":2,"name":"Kingdom of Bhutan","start_year":1683,"end_year":1787,"capital":"","type":"polity","region":"","event":"","source":"Cliopatria / Seshat Global History Databank (CC BY 4.0)","wikipedia":"Bhutan","wikidata":"Q917","_a":5,"_c":[90.45,27.52],"_nz":"不丹王国","_sz":""},"geometry":{"type":"Polygon","coordinates":[[[92.08,27.29],[92.07,26.9],[91.82,26.77],[90.69,26.77],[90.57,26.9],[90.34,26.9],[90,26.71],[89.7,26.71],[89.5,26.84],[88.99,26.9],[88.8,27.09],[88.93,27.35],[88.95,27.42],[89.73,28.25],[90.27,28.32],[90.44,28.06],[91.57,28.06],[91.75,27.87],[91.67,27.48],[92.09,27.35],[92.08,27.29]]]}},{"type":"Feature","properties":{"NAME":"Zaporozhian Cossacks","C":5,"name":"Zaporozhian Cossacks","start_year":1683,"end_year":1751,"capital":"","type":"polity","region":"","event":"","source":"Cliopatria / Seshat Global History Databank (CC BY 4.0)","wikipedia":"Zaporozhian Cossacks","wikidata":"Q1076173","_a":24,"_c":[34.89,48.46],"_nz":"扎波罗热哥萨克","_sz":""},"geometry":{"type":"Polygon","coordinates":[[[37.35,49.05],[37.04,49.18],[36.6,49.05],[36.54,49.18],[36.21,49.18],[36.06,49.32],[35.81,49.32],[35.19,49.58],[34.98,49.85],[34.45,49.65],[33.17,49.52],[32.82,49.38],[32.71,49.18],[31.69,49.05],[31.58,48.85],[31.4,48.79],[30.73,48.72],[30.57,48.19],[30.54,47.93],[30.62,47.93],[30.6,47.73],[30.75,47.6],[31.8,47.47],[31.88,47.47],[33.01,47.27],[33.18,47.33],[33.72,47.07],[33.8,47.07],[34.08,47.27],[34.11,47.47],[34.38,47.6],[35.03,47.53],[35.05,47.66],[35.54,47.66],[35.94,47.6],[35.99,47.4],[36.73,47.33],[36.95,47.2],[37.46,47.27],[37.57,47.47],[37.84,47.6],[38.42,47.6],[38.37,47.8],[38.45,47.8],[38.5,48.06],[39.25,48.99],[37.35,49.05]]]}},{"type":"Feature","properties":{"NAME":"Đại Việt","C":8,"name":"Đại Việt","start_year":1683,"end_year":1793,"capital":"","type":"polity","region":"","event":"","source":"Cliopatria / Seshat Global History Databank (CC BY 4.0)","wikipedia":"Đại Việt","wikidata":"Q1317991","_a":1,"_c":[108.93,11.73],"_nz":"大越","_sz":""},"geometry":{"type":"Polygon","coordinates":[[[108.67,11.99],[108.62,11.54],[108.76,11.47],[108.81,11.28],[108.89,11.28],[109.23,11.73],[109.23,11.79],[109.09,11.79],[108.76,12.18],[108.69,12.18],[108.68,12.11],[108.68,12.05],[108.67,11.99]]]}},{"type":"Feature","properties":{"NAME":"First Toungoo Empire","C":1,"name":"First Toungoo Empire","start_year":1683,"end_year":1733,"capital":"","type":"polity","region":"","event":"","source":"Cliopatria / Seshat Global History Databank (CC BY 4.0)","wikipedia":"First Toungoo Empire","wikidata":"Q23039102","_a":119,"_c":[97.1,21.21],"_nz":"东吁第一帝国","_sz":""},"geometry":{"type":"Polygon","coordinates":[[[100.46,19.7],[100.6,20.09],[100.54,20.21],[100.42,20.34],[100.19,20.34],[100.15,20.54],[100.41,20.79],[100.64,20.86],[100.69,21.18],[101.18,21.44],[101.16,21.76],[100.74,21.5],[100.22,21.5],[100.03,21.69],[100.07,21.95],[99.94,22.08],[99.29,22.14],[99.57,22.98],[98.94,23.24],[98.87,23.69],[98.73,23.75],[98.88,24.14],[97.65,23.94],[97.79,24.33],[97.59,24.46],[97.65,24.78],[97.82,24.91],[97.87,25.16],[98.13,25.36],[98.17,25.55],[98.67,25.81],[98.84,26.58],[98.76,26.58],[98.74,27.48],[98.56,27.67],[98.26,27.67],[98.16,28.19],[97.71,28.51],[97.56,28.51],[97.42,28.25],[97.4,28.19],[97.34,27.93],[97,27.74],[96.94,27.48],[97.13,27.35],[97.16,27.16],[96.94,27.16],[96.89,27.29],[96.21,27.29],[95.58,26.77],[95.16,26.58],[95.08,26.19],[95.19,26],[94.88,25.55],[94.71,25.49],[94.74,24.84],[94.37,24.39],[94.21,23.94],[93.98,23.88],[93.85,24.01],[93.4,24.01],[93.42,23.17],[93.17,23.04],[93.19,22.14],[93.03,22.08],[93.02,22.01],[93.09,21.5],[93.52,21.37],[93.78,21.11],[94.14,21.05],[94.1,20.79],[94.18,20.79],[94.23,20.66],[94.45,20.6],[94.6,20.09],[94.73,20.02],[94.96,18.54],[95.16,18.35],[95.04,18.03],[95.07,17.71],[94.85,17.19],[94.57,16.81],[94.43,16.81],[94.35,16.81],[94.24,15.97],[94.81,15.84],[94.87,15.71],[95.34,15.91],[95.31,15.71],[95.61,15.71],[95.81,16.16],[96.03,16.16],[96.35,16.36],[96.37,16.49],[96.67,16.49],[96.83,16.61],[96.92,16.74],[96.93,17.32],[97,17.32],[97.05,17.13],[97.2,17.13],[97.16,16.87],[97.27,16.61],[97.4,16.49],[97.62,16.49],[97.55,15.97],[97.75,15.78],[97.77,14.81],[97.99,14.75],[97.88,14.49],[98.07,14.24],[98.11,13.91],[98.18,13.91],[98.54,14.49],[98.23,14.94],[98.26,15.2],[98.67,15.52],[98.67,16.04],[98.91,16.16],[98.93,16.36],[98.64,16.36],[98.63,16.81],[97.92,17.51],[97.94,17.64],[97.8,17.71],[97.84,17.96],[98.29,18.03],[98.64,18.41],[99.58,18.29],[99.61,18.48],[99.76,18.48],[100.19,18.86],[100.57,18.93],[100.59,19.06],[100.75,19.12],[100.63,19.31],[100.66,19.51],[100.46,19.7]]]}},{"type":"Feature","properties":{"NAME":"Dutch Ceylon","C":0,"name":"Dutch Ceylon","start_year":1687,"end_year":1768,"capital":"","type":"polity","region":"","event":"","source":"Cliopatria / Seshat Global History Databank (CC BY 4.0)","wikipedia":"Dutch Ceylon","wikidata":"Q1841483","_a":6,"_c":[80.82,7.46],"_nz":"荷属锡兰","_sz":""},"geometry":{"type":"Polygon","coordinates":[[[81.91,7.23],[81.88,6.71],[81.72,6.46],[81.34,6.14],[80.97,6.01],[80.89,6.01],[80.84,6.33],[80.69,6.39],[80.71,6.65],[80.42,6.65],[80.28,6.84],[80.38,7.36],[79.72,7.36],[79.73,7.42],[79.73,7.49],[79.73,7.55],[79.74,7.61],[79.88,7.61],[79.92,8.19],[79.77,8.19],[79.78,8.26],[79.78,8.32],[79.78,8.39],[79.79,8.45],[79.79,8.51],[80.01,8.51],[80.09,8.64],[80.75,8.64],[80.75,8.71],[81.06,8.9],[81.13,8.9],[81.19,8.64],[81.04,8.64],[81.04,8.58],[81.09,8.32],[81.39,8.39],[81.39,8.32],[81.51,8],[81.65,7.94],[81.65,7.87],[81.43,7.81],[81.42,7.61],[81.69,7.29],[81.91,7.29],[81.91,7.23]]]}},{"type":"Feature","properties":{"NAME":"Morocco","C":4,"name":"Morocco","start_year":1687,"end_year":1740,"capital":"","type":"polity","region":"","event":"","source":"Cliopatria / Seshat Global History Databank (CC BY 4.0)","wikipedia":"Morocco","wikidata":"Q1028","_a":79,"_c":[-6.6,31.85],"_nz":"摩洛哥","_sz":""},"geometry":{"type":"MultiPolygon","coordinates":[[[[-5.88,29.54],[-5.95,29.54],[-5.96,29.6],[-5.88,29.6],[-5.88,29.54]]],[[[-2.83,35.26],[-2.82,35.13],[-2.66,35.07],[-2.2,35.07],[-2.12,35.07],[-2.11,34.94],[-1.72,34.68],[-1.58,33.46],[-1.58,33.39],[-1.88,33.33],[-2.54,32.75],[-2.84,32.62],[-2.83,32.49],[-3.2,32.24],[-3.19,32.04],[-3.35,32.11],[-3.42,31.91],[-3.64,31.79],[-3.56,31.66],[-3.78,31.59],[-3.77,31.34],[-3.92,31.4],[-4.21,31.14],[-4.21,31.01],[-4.65,30.69],[-4.57,30.56],[-4.87,30.5],[-5.44,29.92],[-5.82,29.86],[-5.89,29.86],[-6.04,29.79],[-5.96,29.6],[-6.03,29.6],[-6.61,29.15],[-6.76,29.15],[-6.91,28.96],[-7.06,28.96],[-7.2,28.77],[-7.35,28.77],[-7.56,28.51],[-8.01,28.38],[-8.66,27.93],[-10.47,27.93],[-11.62,28.25],[-10.98,28.83],[-10.47,29.09],[-10.33,29.34],[-10.04,29.54],[-10.05,29.67],[-9.83,29.79],[-9.63,30.18],[-9.65,30.5],[-9.88,30.56],[-9.8,31.59],[-9.38,32.04],[-9.33,32.49],[-9.13,32.81],[-9.05,32.81],[-8.73,32.62],[-8.44,32.88],[-8.45,32.94],[-8.61,33.14],[-8.55,33.33],[-7.13,33.84],[-7.06,33.97],[-6.9,33.91],[-6.61,34.16],[-6.7,34.29],[-6.47,34.36],[-6.48,34.49],[-6.33,34.55],[-6.28,34.87],[-6.2,34.87],[-6.29,35.07],[-6.13,35],[-6.15,35.19],[-6,35.32],[-5.88,35.77],[-5.33,35.71],[-5.24,35.52],[-4.75,35.19],[-3.44,35.19],[-3.36,35.19],[-2.83,35.26]]]]}},{"type":"Feature","properties":{"NAME":"Crimean Khanate","C":11,"name":"Crimean Khanate","start_year":1687,"end_year":1737,"capital":"","type":"polity","region":"","event":"","source":"Cliopatria / Seshat Global History Databank (CC BY 4.0)","wikipedia":"Crimean Khanate","wikidata":"Q160440","_a":22,"_c":[35.52,46.16],"_nz":"克里米亚汗国","_sz":""},"geometry":{"type":"MultiPolygon","coordinates":[[[[34.99,45.63],[35.02,45.3],[35.75,45.3],[36.26,45.43],[36.23,45.24],[36.38,45.17],[36.2,45.04],[35.41,45.17],[35.4,45.1],[34.57,44.97],[34.56,44.91],[34.39,44.91],[34.03,44.65],[33.56,44.71],[33.57,44.78],[33.61,45.1],[33.47,45.24],[33.22,45.24],[32.61,45.5],[33.71,45.82],[33.74,46.02],[34.15,46.09],[34.54,45.96],[34.74,45.63],[34.82,45.63],[34.99,45.63]]],[[[37.59,45.63],[37.68,45.63],[37.67,45.56],[37.58,45.56],[37.59,45.63]]],[[[37.52,47.14],[37.17,47.01],[37.23,46.87],[36.91,46.94],[36.8,46.81],[35.63,46.68],[35.25,46.28],[34.76,46.28],[34.74,46.15],[34.08,46.15],[34.02,46.28],[33.61,46.28],[33.59,46.15],[32.95,46.22],[32.85,46.09],[32.68,46.09],[32.06,46.35],[31.82,46.35],[31.84,46.48],[32.16,46.48],[32.35,46.68],[32.92,46.61],[33.69,46.87],[33.79,47.01],[33.8,47.07],[34.08,47.27],[34.11,47.47],[34.38,47.6],[35.03,47.53],[35.05,47.66],[35.54,47.66],[35.94,47.6],[35.99,47.4],[36.73,47.33],[36.95,47.2],[37.46,47.27],[37.57,47.47],[37.84,47.6],[38.42,47.6],[39.22,47.47],[39.21,47.4],[38.68,47.2],[37.52,47.14]]]]}},{"type":"Feature","properties":{"NAME":"Bali","C":4,"name":"Bali","start_year":1687,"end_year":1848,"capital":"","type":"polity","region":"","event":"","source":"Cliopatria / Seshat Global History Databank (CC BY 4.0)","wikipedia":"Bali","wikidata":"Q3125978","_a":1,"_c":[114.97,-8.49],"_nz":"巴厘","_sz":""},"geometry":{"type":"Polygon","coordinates":[[[115,-8.91],[115.34,-8.59],[115.63,-8.52],[115.61,-8.26],[115.3,-8.07],[114.36,-8.07],[114.3,-8.33],[114.98,-8.65],[114.93,-8.91],[115,-8.91]]]}},{"type":"Feature","properties":{"NAME":"Kazakh Khanate","C":6,"name":"Kazakh Khanate","start_year":1687,"end_year":1717,"capital":"","type":"polity","region":"","event":"","source":"Cliopatria / Seshat Global History Databank (CC BY 4.0)","wikipedia":"Kazakh Khanate","wikidata":"Q1433867","_a":493,"_c":[67.53,47.49],"_nz":"哈萨克汗国","_sz":""},"geometry":{"type":"MultiPolygon","coordinates":[[[[53.08,45.96],[53.1,46.02],[53.18,46.02],[53.17,45.96],[53.08,45.96]]],[[[61.16,53.53],[61.11,53.6],[61.82,53.87],[61.79,54],[62.48,54],[62.63,54.14],[63.18,54.21],[63.2,54.07],[63.87,54],[63.84,53.94],[64.01,53.94],[63.98,53.87],[64.15,53.87],[64.12,53.8],[64.3,53.8],[64.41,53.66],[64.67,53.66],[64.64,53.6],[65.87,53.46],[65.84,53.39],[66.39,53.46],[66.33,53.33],[66.5,53.33],[66.47,53.26],[67.44,53.12],[67.41,53.06],[68.58,52.99],[68.55,52.92],[70.38,52.99],[73.34,53.26],[73.41,53.39],[73.63,53.33],[74.2,53.6],[74.34,53.53],[74.77,53.87],[75.15,53.94],[75.56,54.21],[76.78,54.55],[77.51,54.61],[77.48,54.55],[77.65,54.55],[77.66,54.41],[76.94,53.73],[76.57,53.19],[76.91,52.86],[76.84,52.72],[77.14,52.32],[77.31,52.32],[77.38,52.12],[77.55,52.12],[77.8,51.78],[78.16,51.65],[78.23,51.45],[78.4,51.45],[78.41,51.31],[78.62,51.38],[78.58,51.31],[78.75,51.31],[78.85,51.18],[79.33,51.11],[79.43,50.98],[80.41,51.25],[81.09,51.25],[81.05,51.18],[81.39,51.18],[81.36,51.11],[82.39,50.98],[82.48,50.85],[82.77,50.91],[82.74,50.85],[83.88,50.78],[83.92,50.85],[84,50.85],[83.97,50.78],[83.94,50.73],[84.14,50.78],[84.06,50.65],[84.31,50.31],[84.83,50.18],[84.49,49.85],[83.92,49.71],[83.77,49.58],[84.42,49.38],[84.5,49.38],[84.19,48.92],[83.84,48.72],[82.39,48.65],[81.94,48.39],[80.55,48.26],[80.1,47.99],[79.92,47.6],[79.39,47.14],[79.28,46.87],[79.2,46.87],[78.43,46.81],[78.27,46.61],[78.1,46.61],[77.91,46.74],[76.73,46.68],[76.76,46.74],[76.35,46.74],[76.32,46.87],[74.6,46.87],[74.44,46.68],[73.95,46.48],[73.87,46.28],[73.63,46.28],[73.53,46.02],[73.72,46.09],[73.64,45.89],[73.5,45.96],[73.33,45.5],[73.74,45.3],[73.91,45.1],[73.86,44.97],[73.97,45.04],[74.05,45.04],[74.01,44.71],[74.09,44.71],[74.1,44.32],[74.18,44.32],[74.17,44.06],[74.25,44.06],[74.2,43.93],[74.28,43.93],[74.23,43.8],[74.34,43.67],[74.25,43.41],[74.33,43.41],[74.03,42.82],[73.38,42.11],[72.74,42.11],[72.31,42.24],[70.81,41.59],[70.75,41.39],[70.55,41.26],[69.37,41.07],[68.72,40.48],[68.28,40.36],[63.73,42.43],[62.39,43.02],[62.34,43.15],[62.18,43.15],[62.22,43.28],[62,43.34],[62.04,43.47],[62.06,43.54],[61.98,43.54],[61.76,43.6],[61.1,44.39],[60.88,44.45],[60.9,44.52],[61.38,44.78],[61.42,44.91],[61.58,44.91],[61.72,45.37],[61.34,45.43],[61.33,45.69],[61.25,45.69],[61.33,45.96],[61.25,45.96],[61.58,46.48],[61.64,46.94],[61.23,46.94],[61.09,46.74],[60.94,46.81],[60.98,46.94],[60.12,46.81],[59.84,46.41],[59.49,46.35],[59.31,46.02],[58.64,45.96],[58.49,45.43],[58.27,45.24],[57.96,44.45],[58.04,44.45],[57.99,44.25],[58.07,44.25],[57.96,43.86],[58.19,43.8],[58.36,43.54],[58.34,43.47],[57.33,43.02],[57.25,43.02],[56.35,42.95],[55.99,42.82],[55.53,42.89],[52.74,42.63],[52.79,42.82],[52.42,42.95],[51.94,42.95],[51.77,43.28],[51.44,43.21],[51.31,43.34],[51.32,43.73],[51.04,43.93],[51.07,44.06],[50.73,44.32],[50.26,44.39],[50.22,44.58],[50.65,44.65],[50.86,44.52],[51.42,44.52],[51.47,44.71],[51.02,44.84],[51.06,45.04],[51.47,45.37],[51.88,45.37],[52.09,45.24],[53.88,45.24],[53.81,44.97],[54.3,44.97],[54.36,45.24],[54.22,45.3],[54.29,45.56],[53.88,45.56],[53.67,45.37],[53.42,45.37],[53.06,45.56],[53.07,45.89],[53.25,45.96],[53.35,46.35],[53.27,46.35],[53.27,46.68],[53.19,46.68],[53.24,46.87],[53.11,47.01],[52.19,46.94],[52.11,46.94],[52.18,47.53],[52.1,47.53],[52.26,48.13],[52.17,48.13],[52.23,48.32],[52.05,48.59],[52.09,48.72],[52,48.72],[52.04,48.85],[51.96,48.85],[52.02,49.38],[51.94,49.38],[52,49.58],[51.91,49.58],[52.01,49.91],[51.92,49.91],[52.14,50.65],[52.05,50.65],[52.18,51.05],[52.09,51.05],[52.22,51.45],[52.13,51.45],[52.58,52.32],[52.88,52.45],[54.24,52.45],[54.22,52.38],[54.56,52.38],[54.84,52.18],[56.32,52.05],[56.3,51.98],[56.58,52.05],[56.78,51.92],[57.44,51.85],[57.56,51.71],[57.99,51.71],[57.96,51.65],[58.92,51.71],[59.93,51.92],[60.44,52.79],[60.94,53.39],[61.02,53.39],[61.16,53.53]]]]}},{"type":"Feature","properties":{"NAME":"Sultanate of Malacca","C":8,"name":"Sultanate of Malacca","start_year":1691,"end_year":1743,"capital":"","type":"polity","region":"","event":"","source":"Cliopatria / Seshat Global History Databank (CC BY 4.0)","wikipedia":"Malacca Sultanate","wikidata":"Q46652","_a":173,"_c":[103.93,-0.84],"_nz":"马六甲苏丹国","_sz":""},"geometry":{"type":"MultiPolygon","coordinates":[[[[108.56,-7.69],[108.28,-7.88],[108.06,-7.81],[107.99,-7.81],[108.24,-7.11],[109.4,-7.11],[109.65,-7.49],[110.01,-7.56],[109.89,-7.94],[109.82,-7.94],[109.75,-7.94],[109.68,-7.94],[109.67,-7.88],[109.6,-7.88],[109.52,-7.88],[109.45,-7.88],[109.45,-7.81],[108.56,-7.69]]],[[[99.91,2.99],[99.9,2.73],[100.26,2.54],[100.26,2.47],[100.18,2.47],[100.17,2.21],[100.25,2.21],[100.16,1.83],[100.3,1.76],[100.37,1.57],[100.07,1.38],[100.07,1.44],[100.01,1.64],[99.79,1.76],[99.8,1.89],[99.65,1.96],[99.66,2.09],[99.52,2.15],[99.52,2.28],[99.31,2.41],[99.31,2.54],[98.61,3.05],[98.55,3.31],[97.91,3.82],[97.84,3.82],[98,4.21],[98.23,4.27],[98.22,4.21],[98.29,4.08],[98.72,3.89],[98.71,3.76],[99.14,3.63],[99.7,3.11],[99.77,3.11],[99.91,2.99]]],[[[101.22,2.79],[101.23,3.18],[100.81,3.56],[100.75,3.76],[100.75,3.82],[100.98,3.89],[101.11,3.69],[101.26,3.82],[101.4,3.69],[101.7,3.76],[101.84,3.63],[101.89,3.18],[102.1,3.05],[102.02,2.79],[101.72,2.54],[101.64,2.54],[101.22,2.79]]],[[[101.76,4.98],[101.69,4.98],[101.68,4.91],[101.61,4.91],[101.61,4.85],[101.53,4.85],[101.55,5.11],[101.78,5.3],[101.73,5.75],[101.88,5.75],[102.05,6.26],[102.13,6.26],[102.41,6.07],[102.4,6.01],[102.25,5.88],[102.22,5.43],[102.36,5.36],[102.35,5.17],[102.49,5.04],[102.19,4.91],[101.91,4.98],[101.83,4.98],[101.76,4.98]]]]}},{"type":"Feature","properties":{"NAME":"Small Horde","C":7,"name":"Small Horde","start_year":1691,"end_year":1733,"capital":"","type":"polity","region":"","event":"","source":"Cliopatria / Seshat Global History Databank (CC BY 4.0)","wikipedia":"Nogai Horde","wikidata":"Q631210","_a":16,"_c":[39.59,46.06],"_nz":"小帐汗国","_sz":""},"geometry":{"type":"Polygon","coordinates":[[[41.89,46.81],[42.25,46.55],[42.23,46.41],[42.38,46.35],[42.34,46.15],[42.42,46.15],[42.22,45.5],[41.91,45.17],[41.83,45.17],[41.07,45.04],[40.97,44.91],[39.95,44.65],[38.99,44.71],[38.53,44.91],[37.8,44.91],[36.78,45.1],[36.75,45.43],[36.91,45.43],[36.97,45.3],[37.7,45.3],[37.75,45.56],[37.59,45.63],[37.76,45.63],[37.89,45.96],[38.33,46.15],[38.37,46.35],[37.9,46.48],[37.84,46.61],[38.49,46.61],[38.62,46.87],[39.14,47.01],[39.22,47.01],[39.48,47.07],[39.53,47.33],[39.39,47.47],[40.6,47.33],[40.74,47.2],[41.29,47.07],[41.81,46.81],[41.89,46.81]]]}},{"type":"Feature","properties":{"NAME":"Sultanate of Johor","C":10,"name":"Sultanate of Johor","start_year":1691,"end_year":1726,"capital":"","type":"polity","region":"","event":"","source":"Cliopatria / Seshat Global History Databank (CC BY 4.0)","wikipedia":"Johor Sultanate","wikidata":"Q1150344","_a":60,"_c":[104.1,2.47],"_nz":"柔佛苏丹国","_sz":""},"geometry":{"type":"MultiPolygon","coordinates":[[[[104.34,0.03],[104.55,0.03],[104.92,-0.23],[104.92,-0.36],[104.41,-0.29],[104.49,-0.36],[104.42,-0.68],[104.13,-0.61],[104.12,-0.36],[104.27,-0.36],[104.27,-0.29],[104.34,-0.29],[104.34,0.03]]],[[[101.82,1.57],[102.41,1.57],[102.39,1.12],[102.83,1.12],[103.11,0.93],[103.11,0.8],[102.96,0.8],[102.95,0.41],[103.1,0.54],[103.32,0.54],[103.74,0.16],[103.75,-0.04],[103.39,-0.16],[103.61,-0.23],[103.61,-0.36],[103.32,-0.42],[103.33,-0.68],[103.33,-0.74],[102.82,-0.81],[102.68,-1.06],[102.46,-1.06],[102.31,-0.87],[101.73,-1],[101.66,-1],[100.78,-0.42],[100.63,-0.16],[100.7,0.03],[100.61,0.22],[100.26,0.41],[100.04,0.35],[99.89,0.48],[99.99,1.19],[99.85,1.31],[100,1.38],[100.07,1.38],[100.37,1.57],[100.3,1.76],[100.16,1.83],[100.25,2.21],[100.17,2.21],[100.18,2.47],[100.26,2.47],[100.33,2.47],[100.39,2.21],[100.54,2.15],[100.68,2.15],[100.69,2.34],[100.91,2.34],[101.26,2.02],[101.41,2.15],[101.7,2.09],[101.69,1.83],[101.69,1.76],[101.61,1.7],[101.82,1.57]]],[[[103.18,0.86],[103.4,0.86],[103.4,0.74],[103.39,0.67],[103.18,0.67],[103.18,0.86]]],[[[104.21,1.19],[104.57,1.12],[104.49,0.8],[104.34,0.8],[104.28,0.93],[104.2,0.93],[104.13,0.93],[104.21,1.19]]],[[[103.77,1.12],[103.92,1.25],[104.07,1.19],[104.06,1.06],[104.06,0.99],[103.77,0.93],[103.77,1.12]]],[[[104.06,2.92],[104.21,2.86],[104.2,2.73],[104.13,2.73],[103.98,2.73],[104.06,2.92]]],[[[103.83,2.54],[103.95,2.09],[104.23,1.7],[104.22,1.38],[103.93,1.38],[103.85,1.25],[103.63,1.25],[103.56,1.38],[103.27,1.31],[103.28,1.44],[103.06,1.64],[102.63,1.76],[102.42,1.96],[102.42,2.02],[102.5,2.21],[102.43,2.28],[102.58,2.41],[102.67,2.73],[102.39,2.99],[102.1,3.05],[101.89,3.18],[101.84,3.63],[101.7,3.76],[101.7,3.82],[101.7,3.89],[101.63,3.89],[101.63,3.95],[101.64,4.01],[101.57,4.21],[101.43,4.27],[101.53,4.85],[101.61,4.85],[101.61,4.91],[101.68,4.91],[101.69,4.98],[101.76,4.98],[101.83,4.98],[101.91,4.98],[102.19,4.91],[102.49,5.04],[102.35,5.17],[102.36,5.36],[102.22,5.43],[102.25,5.88],[102.4,6.01],[102.48,6.01],[103.17,5.36],[103.48,4.4],[103.47,4.34],[103.37,3.63],[103.4,2.86],[103.83,2.54]]],[[[108.04,3.82],[107.9,3.89],[107.98,4.14],[108.34,4.08],[108.32,3.69],[108.25,3.69],[108.25,3.63],[108.1,3.63],[108.04,3.82]]]]}},{"type":"Feature","properties":{"NAME":"Sultanate of Kedah","C":9,"name":"Sultanate of Kedah","start_year":1691,"end_year":1799,"capital":"","type":"polity","region":"","event":"","source":"Cliopatria / Seshat Global History Databank (CC BY 4.0)","wikipedia":"Kedah Sultanate","wikidata":"Q1317579","_a":3,"_c":[100.34,5.82],"_nz":"吉打苏丹国","_sz":""},"geometry":{"type":"MultiPolygon","coordinates":[[[[100.6,5.17],[100.38,4.98],[100.24,5.11],[100.28,5.94],[100.02,6.46],[100.03,6.52],[100.33,6.65],[100.39,6.52],[100.68,6.46],[101.09,6.07],[101,5.69],[100.91,5.36],[100.68,5.17],[100.6,5.17]]],[[[99.65,6.33],[99.58,6.39],[99.88,6.52],[99.87,6.26],[99.65,6.26],[99.65,6.33]]]]}},{"type":"Feature","properties":{"NAME":"Swiss Confederation","C":2,"name":"Swiss Confederation","start_year":1696,"end_year":1733,"capital":"","type":"polity","region":"","event":"","source":"Cliopatria / Seshat Global History Databank (CC BY 4.0)","wikipedia":"Switzerland","wikidata":"Q39","_a":8,"_c":[8.28,46.81],"_nz":"瑞士邦联","_sz":""},"geometry":{"type":"Polygon","coordinates":[[[10.45,46.94],[10.28,47.01],[10.2,46.87],[9.96,46.87],[9.63,47.14],[9.54,47.14],[9.46,47.27],[9.62,47.47],[9.62,47.53],[9.04,47.73],[8.96,47.73],[8.88,47.73],[8.55,47.73],[8.47,47.6],[8.22,47.66],[8.05,47.6],[8.14,47.53],[8.06,47.33],[7.73,47.33],[7.56,47.53],[7.56,47.6],[7.4,47.47],[6.98,47.53],[6.99,47.47],[6.99,47.27],[6.83,47.14],[7.08,46.94],[6.51,46.87],[6.1,46.61],[6.03,46.22],[6.27,46.41],[6.68,46.41],[6.85,46.28],[6.86,46.02],[7.1,45.89],[7.92,45.96],[8.32,46.41],[8.49,46.35],[8.49,46.15],[8.65,46.15],[8.9,45.89],[9.22,46.22],[9.39,46.22],[9.47,46.02],[10.12,46.02],[10.37,46.35],[10.53,46.28],[10.45,46.94]]]}},{"type":"Feature","properties":{"NAME":"Principality of Wallachia","C":11,"name":"Principality of Wallachia","start_year":1696,"end_year":1717,"capital":"","type":"polity","region":"","event":"","source":"Cliopatria / Seshat Global History Databank (CC BY 4.0)","wikipedia":"Wallachia","wikidata":"Q171393","_a":11,"_c":[25.25,44.62],"_nz":"瓦拉几亚公国","_sz":""},"geometry":{"type":"Polygon","coordinates":[[[23.14,45.24],[23.47,45.37],[23.48,45.5],[24.14,45.5],[24.63,45.63],[25.04,45.63],[25.35,45.37],[25.44,45.5],[25.85,45.5],[25.94,45.63],[26.1,45.63],[26.24,45.37],[26.42,45.5],[26.66,45.5],[27.63,45.43],[27.86,45.3],[27.85,45.17],[28,45.04],[27.97,44.78],[27.8,44.71],[27.79,44.58],[27.94,44.52],[27.83,44.19],[27.49,44.06],[26.28,44.06],[25.85,43.73],[25.43,43.6],[24.88,43.73],[24.15,43.67],[23.6,43.86],[22.95,43.8],[22.89,44.12],[22.5,44.32],[22.52,44.52],[22.68,44.58],[22.53,44.71],[22.55,44.97],[22.63,44.97],[22.74,45.3],[23.14,45.24]]]}},{"type":"Feature","properties":{"NAME":"Cambodia","C":8,"name":"Cambodia","start_year":1700,"end_year":1756,"capital":"","type":"polity","region":"","event":"","source":"Cliopatria / Seshat Global History Databank (CC BY 4.0)","wikipedia":"Cambodia Middle Period","wikidata":"Q424","_a":18,"_c":[106.61,10.57],"_nz":"柬埔寨","_sz":""},"geometry":{"type":"Polygon","coordinates":[[[108.81,11.21],[107.34,10.38],[107.12,10.38],[107.21,10.64],[107.22,10.7],[107.23,10.83],[107.01,10.83],[107,10.7],[107,10.64],[106.9,10.44],[106.76,10.44],[106.82,10.31],[106.67,10.25],[106.81,10.19],[106.79,10.06],[106.64,9.99],[106.7,9.8],[106.55,9.8],[106.6,9.54],[106.23,9.48],[106.14,9.29],[105.62,9.16],[105.14,8.58],[104.76,8.51],[104.7,8.64],[104.86,8.77],[104.71,8.77],[104.79,9.74],[104.96,9.93],[105.1,9.86],[105.17,9.86],[105.24,9.86],[105.19,10.12],[104.97,10.06],[104.89,10.06],[104.54,10.19],[104.41,10.38],[104.42,10.44],[104.94,10.57],[105.12,10.89],[105.78,10.96],[105.92,10.83],[106.14,10.83],[106.22,10.96],[105.89,11.28],[105.85,11.6],[106.01,11.73],[106.37,11.73],[106.55,11.99],[106.77,11.99],[107.09,12.24],[107.54,12.37],[107.64,12.63],[107.79,12.63],[108.12,12.31],[108.1,12.18],[108.32,12.18],[108.49,12.31],[108.7,12.31],[108.76,12.18],[108.69,12.18],[108.68,12.11],[108.68,12.05],[108.67,11.99],[108.62,11.54],[108.76,11.47],[108.81,11.28],[108.81,11.21]],[[106.71,10.7],[106.85,10.7],[106.88,10.96],[106.46,11.15],[106.43,10.89],[106.64,10.7],[106.71,10.7]],[[106.29,10.19],[106.38,10.31],[105.94,10.31],[105.93,10.19],[106.22,10.19],[106.29,10.19]],[[106.2,9.99],[105.92,10.06],[105.83,9.93],[106.04,9.8],[106.2,9.93],[106.2,9.99]]]}},{"type":"Feature","properties":{"NAME":"Yarubid dynasty","C":10,"name":"Yarubid dynasty","start_year":1700,"end_year":1717,"capital":"","type":"polity","region":"","event":"","source":"Cliopatria / Seshat Global History Databank (CC BY 4.0)","wikipedia":"Ya'rubids","wikidata":"Q1752110","_a":752,"_c":[49.08,9.03],"_nz":"亚里巴王朝","_sz":""},"geometry":{"type":"MultiPolygon","coordinates":[[[[39.67,-8.01],[39.53,-8.01],[39.52,-7.81],[39.67,-7.69],[39.81,-7.69],[39.82,-7.88],[39.74,-7.88],[39.67,-8.01]]],[[[39.35,-6.14],[39.49,-6.14],[39.43,-6.53],[39.06,-6.21],[39.12,-5.76],[39.27,-5.76],[39.34,-5.89],[39.34,-5.95],[39.35,-6.14]]],[[[38.76,-5.76],[38.77,-6.34],[39.21,-6.66],[39.21,-6.79],[39.43,-6.85],[39.44,-7.17],[39.23,-7.49],[39.23,-7.75],[39.38,-7.81],[39.38,-8.14],[39.24,-8.33],[39.17,-8.2],[39.02,-8.2],[39.09,-8.07],[38.87,-7.94],[38.93,-7.36],[39.07,-7.11],[38.41,-6.53],[38.25,-5.76],[38.39,-5.76],[38.81,-4.54],[39.24,-4.15],[39.31,-3.83],[39.75,-3.7],[39.75,-3.89],[39.54,-4.15],[39.4,-4.6],[39.11,-4.73],[39.04,-5.31],[38.9,-5.5],[38.9,-5.56],[38.76,-5.76]]],[[[39.77,-4.99],[39.7,-5.44],[39.55,-5.44],[39.55,-5.11],[39.55,-5.05],[39.55,-4.92],[39.77,-4.99]]],[[[57.49,23.88],[58.81,23.62],[59.08,23.3],[59.07,23.17],[59.28,23.04],[59.27,22.91],[59.54,22.66],[59.9,22.53],[59.86,22.08],[59.44,21.44],[59.2,21.31],[59.21,21.44],[58.86,21.69],[58.88,21.82],[58.24,22.27],[58.02,22.27],[58.01,22.14],[57.79,22.21],[57.34,22.08],[56.99,22.34],[56.83,22.27],[56.85,22.46],[56.63,22.53],[56.44,22.91],[56.23,23.04],[56.17,23.3],[55.89,23.43],[55.71,23.94],[55.56,23.94],[55.65,24.14],[55.4,24.65],[55.42,24.84],[55.12,24.91],[55.07,25.1],[55.31,25.29],[55.41,25.55],[55.97,25.87],[56.08,26.19],[56.33,26.39],[56.54,26.32],[56.4,25.68],[56.42,25.16],[56.5,25.16],[56.4,24.97],[56.54,24.91],[56.73,24.52],[56.73,24.46],[57.06,24.07],[57.49,23.88]]]]}},{"type":"Feature","properties":{"NAME":"Principality of Mingrelia","C":7,"name":"Principality of Mingrelia","start_year":1700,"end_year":1720,"capital":"","type":"polity","region":"","event":"","source":"Cliopatria / Seshat Global History Databank (CC BY 4.0)","wikipedia":"Principality of Mingrelia","wikidata":"Q2907860","_a":2,"_c":[42.5,42.63],"_nz":"明格列尔公国","_sz":""},"geometry":{"type":"Polygon","coordinates":[[[42.53,42.43],[42.71,42.5],[42.73,42.63],[42.58,42.69],[42.62,42.89],[43.25,42.82],[43.43,42.95],[43.44,43.02],[43.2,43.02],[42.92,43.21],[42.34,43.15],[42.33,43.08],[42.07,42.95],[42.09,42.63],[41.56,42.37],[41.55,42.3],[41.7,42.24],[41.6,42.11],[41.68,42.11],[41.76,42.11],[42.39,42.04],[42.4,42.11],[42.41,42.17],[42.42,42.24],[42.5,42.24],[42.51,42.3],[42.52,42.37],[42.53,42.43]]]}},{"type":"Feature","properties":{"NAME":"Kingdom of Imereti","C":9,"name":"Kingdom of Imereti","start_year":1700,"end_year":1720,"capital":"","type":"polity","region":"","event":"","source":"Cliopatria / Seshat Global History Databank (CC BY 4.0)","wikipedia":"Kingdom of Imereti","wikidata":"Q1069959","_a":2,"_c":[43.1,42.27],"_nz":"伊梅列季王国","_sz":""},"geometry":{"type":"Polygon","coordinates":[[[42.62,41.59],[42.66,41.78],[42.39,42.04],[42.4,42.11],[42.41,42.17],[42.42,42.24],[42.5,42.24],[42.51,42.3],[42.52,42.37],[42.53,42.43],[42.71,42.5],[42.73,42.63],[42.58,42.69],[42.62,42.89],[43.25,42.82],[43.43,42.95],[43.51,42.95],[43.74,42.89],[43.8,42.76],[43.78,42.69],[43.68,42.56],[43.7,42.24],[43.48,41.91],[43.23,41.85],[43.2,41.72],[42.89,41.72],[42.86,41.59],[42.78,41.59],[42.7,41.59],[42.62,41.59]]]}},{"type":"Feature","properties":{"NAME":"Principality of Abkhazia","C":4,"name":"Principality of Abkhazia","start_year":1700,"end_year":1726,"capital":"","type":"polity","region":"","event":"","source":"Cliopatria / Seshat Global History Databank (CC BY 4.0)","wikipedia":"Principality of Abkhazia","wikidata":"Q1760473","_a":3,"_c":[41.26,42.99],"_nz":"阿布哈兹公国","_sz":""},"geometry":{"type":"Polygon","coordinates":[[[42.34,43.15],[42.53,43.28],[41.95,43.21],[40.74,43.6],[40.17,43.6],[39.99,43.47],[40.22,43.41],[40.42,43.15],[41.28,43.02],[41.32,42.82],[41.61,42.63],[41.48,42.37],[41.56,42.37],[42.09,42.63],[42.07,42.95],[42.33,43.08],[42.34,43.15]]]}},{"type":"Feature","properties":{"NAME":"Brandenburg-Prussia","C":2,"name":"Brandenburg-Prussia","start_year":1700,"end_year":1717,"capital":"","type":"polity","region":"","event":"","source":"Cliopatria / Seshat Global History Databank (CC BY 4.0)","wikipedia":"Brandenburg-Prussia","wikidata":"Q157367","_a":1286,"_c":[10.25,30.32],"_nz":"勃兰登堡-普鲁士","_sz":""},"geometry":{"type":"MultiPolygon","coordinates":[[[[-2.3,5.11],[-1.94,5.04],[-1.87,4.72],[-2.23,4.72],[-2.23,4.79],[-2.31,4.79],[-2.3,5.11]]],[[[7.06,51.31],[7.05,51.58],[7.56,51.65],[7.64,51.51],[7.39,51.51],[7.56,51.38],[7.56,51.31],[7.48,51.18],[7.23,51.18],[7.06,51.31]]],[[[10.44,51.45],[10.44,51.58],[10.44,51.65],[10.7,51.65],[10.78,51.45],[10.44,51.45]]],[[[6.45,51.85],[6.88,51.65],[6.88,51.45],[6.63,51.38],[6.63,51.58],[6.12,51.58],[5.94,51.78],[5.94,51.85],[6.02,51.85],[6.02,51.92],[6.11,51.92],[6.19,51.92],[6.28,51.92],[6.28,51.85],[6.36,51.85],[6.45,51.85]]],[[[13.93,52.05],[13.93,52.12],[14.19,52.12],[14.27,51.92],[13.93,52.05]]],[[[8.4,52.05],[8.4,51.92],[7.98,51.98],[7.97,52.12],[8.23,52.18],[8.14,52.59],[8.91,52.52],[8.91,52.45],[8.82,52.45],[8.91,52.12],[8.4,52.05]]],[[[7.29,52.38],[7.28,52.59],[7.71,52.52],[7.8,52.25],[7.8,52.18],[7.55,52.12],[7.54,52.38],[7.29,52.38]]],[[[16.4,53.8],[16.48,53.6],[16.3,53.53],[16.29,53.39],[16.12,53.33],[16.11,53.12],[16.02,53.12],[16.1,52.86],[15.49,52.65],[15.65,52.32],[15.47,52.18],[15.13,52.25],[14.95,52.05],[14.78,51.92],[14.44,51.92],[14.36,52.18],[13.94,52.25],[13.76,52.12],[13.42,52.12],[12.91,51.92],[12.57,51.98],[12.66,52.12],[12.23,52.12],[12.23,51.92],[12.14,51.92],[12.14,51.85],[11.89,51.65],[11.46,51.65],[11.46,51.51],[11.71,51.31],[11.54,51.18],[11.29,51.31],[11.29,51.45],[11.38,51.78],[10.87,51.65],[10.78,51.85],[10.87,51.92],[10.53,52.12],[10.53,52.25],[10.87,52.32],[10.87,52.45],[10.96,52.45],[10.79,52.99],[11.39,53.06],[11.39,53.19],[11.13,53.26],[11.31,53.46],[11.39,53.46],[11.56,53.39],[11.74,53.6],[11.91,53.6],[12.17,53.39],[13.2,53.33],[13.64,53.66],[13.9,53.73],[14.23,53.46],[14.33,53.73],[14.41,53.73],[14.5,53.73],[14.51,54],[15.04,54.21],[15.99,54.27],[16.62,54.68],[17.94,54.89],[18.02,54.89],[17.91,54.48],[17.64,54.34],[17.62,54],[17.28,54.07],[17.1,53.94],[17.17,53.66],[16.91,53.6],[16.82,53.6],[16.66,53.8],[16.4,53.8]]],[[[21.81,53.46],[21.29,53.46],[20.93,53.26],[20.67,53.26],[20.4,53.06],[19.97,53.12],[19.73,53.33],[19.74,53.46],[19.31,53.46],[19.21,53.33],[18.7,53.39],[18.81,53.66],[18.98,53.66],[19.25,53.87],[19.27,54.07],[19.45,54.21],[19.87,54.07],[19.86,53.87],[20.1,53.66],[20.27,53.66],[20.83,54.07],[20.75,54.21],[20.5,54.27],[20.14,54.21],[19.81,54.34],[19.82,54.48],[19.83,54.55],[20,54.61],[19.84,54.68],[19.95,55.02],[20.65,55.09],[20.73,54.95],[20.99,54.95],[21.2,55.36],[20.97,55.63],[20.98,55.84],[20.99,55.91],[21.25,55.84],[21.24,55.7],[21.64,55.36],[22.41,55.23],[22.4,55.09],[22.57,55.09],[22.81,54.89],[22.7,54.68],[22.7,54.61],[22.66,54.27],[22.48,54.21],[22.46,54],[22.55,54],[22.43,53.66],[22.42,53.6],[22.34,53.6],[22.25,53.6],[21.81,53.46]]]]}},{"type":"Feature","properties":{"NAME":"Dutch Cape Coast","C":5,"name":"Dutch Cape Coast","start_year":1700,"end_year":1720,"capital":"","type":"polity","region":"","event":"","source":"Cliopatria / Seshat Global History Databank (CC BY 4.0)","wikipedia":"Cape Coast","wikidata":"Q221283","_a":935,"_c":[8.99,-14.5],"_nz":"荷属开普海岸","_sz":""},"geometry":{"type":"MultiPolygon","coordinates":[[[[20.24,-34.11],[20.49,-34.49],[19.96,-34.82],[19.42,-34.82],[19.34,-34.69],[19.19,-34.69],[19.18,-34.49],[18.64,-34.43],[18.55,-34.11],[18.4,-34.17],[18.4,-34.36],[18.17,-34.36],[18.22,-33.59],[17.91,-33.34],[17.9,-33.14],[19.05,-33.21],[19.36,-33.34],[19.37,-33.46],[19.68,-33.53],[20.08,-33.98],[20.08,-34.04],[20.24,-34.11]]],[[[-2.3,5.17],[-2.31,4.85],[-2.45,4.85],[-2.45,4.91],[-2.52,5.11],[-2.3,5.17]]],[[[-1.79,5.11],[-1.57,5.3],[-1.43,5.24],[-1.21,5.36],[-1.21,5.11],[-1.43,5.04],[-1.5,5.04],[-1.79,4.91],[-1.79,5.11]]],[[[-1.06,5.17],[-1.06,5.43],[-0.92,5.43],[-0.92,5.24],[-0.92,5.17],[-1.06,5.17]]],[[[-0.77,5.49],[-0.62,5.49],[-0.63,5.3],[-0.63,5.24],[-0.77,5.24],[-0.77,5.49]]],[[[-0.48,5.43],[-0.48,5.69],[-0.33,5.81],[-0.26,5.81],[-0.19,5.49],[-0.48,5.43]]]]}},{"type":"Feature","properties":{"NAME":"Haudenosaunee","C":5,"name":"Haudenosaunee","start_year":1702,"end_year":1717,"capital":"","type":"polity","region":"","event":"","source":"Cliopatria / Seshat Global History Databank (CC BY 4.0)","wikipedia":"Iroquois","wikidata":"Q68518","_a":18,"_c":[-76,43.61],"_nz":"易洛魁联盟","_sz":""},"geometry":{"type":"Polygon","coordinates":[[[-73.61,44.06],[-73.53,43.73],[-73.72,43.8],[-73.67,43.54],[-73.97,43.15],[-74.05,43.15],[-74.29,43.15],[-74.4,42.89],[-74.48,42.89],[-74.82,42.76],[-74.84,42.63],[-75,42.63],[-75.06,42.43],[-75.22,42.43],[-75.31,42.11],[-76.52,42.3],[-76.39,42.04],[-76.17,41.91],[-76.97,41.91],[-76.95,42.04],[-77.58,42.17],[-78.61,42.17],[-78.68,42.3],[-78.58,42.43],[-78.3,42.5],[-78.15,42.69],[-78.22,42.82],[-78.09,42.89],[-78.08,43.34],[-76.76,43.28],[-76.67,43.41],[-76.51,43.41],[-76.54,43.47],[-76.17,43.54],[-76.19,43.73],[-76.01,43.86],[-76.11,44.06],[-76.14,44.12],[-75.77,44.19],[-75.52,44.65],[-75.36,44.65],[-75.42,44.78],[-75.33,44.91],[-74.96,44.97],[-74.77,45.24],[-73.74,45.3],[-73.51,45.17],[-73.48,45.1],[-73.33,44.97],[-73.63,44.91],[-73.57,44.65],[-73.72,44.45],[-73.56,44.12],[-73.64,44.12],[-73.61,44.06]]]}},{"type":"Feature","properties":{"NAME":"Khmer Empire","C":11,"name":"Khmer Empire","start_year":1702,"end_year":1756,"capital":"","type":"polity","region":"","event":"","source":"Cliopatria / Seshat Global History Databank (CC BY 4.0)","wikipedia":"Khmer Empire","wikidata":"Q201705","_a":24,"_c":[105.03,12.31],"_nz":"高棉帝国","_sz":""},"geometry":{"type":"MultiPolygon","coordinates":[[[[103.98,10.44],[104.12,10.44],[104.09,10.06],[103.94,10.06],[103.81,10.25],[103.91,10.44],[103.98,10.44]]],[[[107.67,13.46],[107.52,12.89],[107.64,12.63],[107.54,12.37],[107.09,12.24],[106.77,11.99],[106.55,11.99],[106.37,11.73],[106.01,11.73],[105.85,11.6],[105.89,11.28],[106.22,10.96],[106.14,10.83],[105.92,10.83],[105.78,10.96],[105.12,10.89],[104.94,10.57],[104.42,10.44],[104.34,10.44],[103.92,10.57],[103.55,10.51],[103.49,10.7],[103.64,10.76],[103.6,11.09],[103.36,10.83],[103.06,10.83],[103.05,11.47],[102.84,11.6],[102.87,11.86],[102.74,11.99],[102.74,12.05],[102.84,12.31],[102.41,13.01],[102.39,13.53],[102.71,13.72],[102.9,14.11],[103.23,14.36],[103.45,14.36],[103.61,14.49],[103.81,14.36],[104.92,14.43],[104.98,14.3],[105.28,14.3],[105.26,14.17],[105.69,14.11],[106.03,13.91],[106.17,14.43],[106.63,14.56],[106.89,14.3],[107.51,14.56],[107.38,14.11],[107.61,13.59],[107.6,13.53],[107.67,13.46]]]]}},{"type":"Feature","properties":{"NAME":"New Netherland","C":3,"name":"New Netherland","start_year":1702,"end_year":1717,"capital":"","type":"polity","region":"","event":"","source":"Cliopatria / Seshat Global History Databank (CC BY 4.0)","wikipedia":"New Netherland","wikidata":"Q382593","_a":210,"_c":[-62.03,11.73],"_nz":"新尼德兰","_sz":""},"geometry":{"type":"MultiPolygon","coordinates":[[[[-55.89,6.01],[-55.16,5.94],[-55.09,6.07],[-54.94,6.07],[-54.21,5.94],[-54.06,5.81],[-54.06,5.75],[-54.05,5.49],[-54.27,5.24],[-54.34,5.24],[-54.42,5.36],[-54.63,5.36],[-54.92,5.24],[-55.87,5.17],[-55.95,5.3],[-56.09,5.3],[-56.09,5.49],[-56.31,5.56],[-57.77,5.43],[-58.07,5.75],[-58.51,5.94],[-58.59,6.2],[-58.73,6.14],[-58.61,6.84],[-58.24,6.91],[-57.8,6.71],[-57.5,6.33],[-57.28,6.33],[-57.12,5.94],[-56.62,6.01],[-56.54,6.01],[-55.96,5.81],[-55.89,6.01]]],[[[-69.11,12.18],[-69.12,12.37],[-68.74,12.18],[-68.66,11.99],[-68.95,12.05],[-68.96,12.11],[-69.11,12.18]]],[[[-68.16,12.24],[-68.15,12.05],[-68.29,12.05],[-68.38,12.24],[-68.39,12.31],[-68.16,12.24]]],[[[-70.02,12.56],[-69.87,12.56],[-69.79,12.44],[-69.78,12.37],[-69.93,12.37],[-70.02,12.56]]],[[[-62.92,18.03],[-63.14,18.03],[-63.16,18.22],[-63.09,18.22],[-63.1,18.29],[-62.95,18.29],[-62.92,18.03]]]]}},{"type":"Feature","properties":{"NAME":"Tibet","C":0,"name":"Tibet","start_year":1702,"end_year":1717,"capital":"","type":"polity","region":"","event":"","source":"Cliopatria / Seshat Global History Databank (CC BY 4.0)","wikipedia":"History of Tibet","wikidata":"Q521263","_a":214,"_c":[89.53,32.17],"_nz":"西藏","_sz":""},"geometry":{"type":"Polygon","coordinates":[[[98.37,28.44],[98.57,28.32],[98.54,28.19],[98.87,28.32],[99.03,29.22],[99.24,29.15],[99.4,29.47],[100.07,29.73],[100.39,30.05],[100.6,32.24],[100.52,32.24],[100.55,32.56],[100.42,32.62],[100.43,32.88],[100.35,32.88],[100.43,33.33],[100.14,33.39],[99.94,33.26],[100.01,33.46],[99.9,33.59],[99.47,33.46],[99.14,33.84],[98.93,33.91],[98.98,34.04],[98.87,34.16],[98.32,34.36],[98.29,34.49],[97.72,34.61],[97.68,34.74],[97.45,34.74],[96.55,35.26],[95.77,35.45],[93.54,36.61],[92.6,36.8],[92.36,37],[91.79,36.93],[91.39,36.67],[91.25,36.48],[90.26,36.55],[89.83,36.42],[89.71,36.55],[88.67,36.67],[87.24,36.35],[86.8,36.42],[86.52,36.29],[86.24,35.9],[85.89,35.77],[85.7,35.9],[85,35.9],[84.63,35.71],[83.88,35.77],[83.28,35.58],[82.81,35.58],[82.74,35.84],[82.35,35.84],[82.02,35.52],[81.67,35.39],[81.48,35.52],[80.22,35.45],[80.21,35.39],[80.17,35],[80.02,34.74],[79.59,34.55],[79.45,34.04],[78.98,34.04],[78.93,33.52],[78.83,33.46],[78.99,33.46],[79.09,33.26],[79.36,33.14],[79.33,33.01],[79.51,32.81],[79.46,32.62],[79.11,32.43],[78.88,32.43],[78.71,32.69],[78.62,32.62],[78.54,32.62],[78.46,32.3],[78.54,32.3],[78.56,32.04],[78.75,31.91],[78.81,31.53],[79.1,31.46],[79.45,31.01],[79.97,30.95],[80.26,30.56],[80.84,30.44],[81.01,30.18],[81.3,30.12],[81.59,30.37],[82.04,30.37],[82.47,29.92],[83.31,29.6],[83.43,29.47],[83.45,29.22],[83.66,29.15],[83.84,29.28],[84.14,29.28],[84.27,29.15],[84.22,28.96],[84.41,28.77],[84.82,28.57],[85.2,28.57],[85.16,28.38],[85.35,28.25],[85.75,28.32],[85.98,27.99],[86.23,28.12],[86.28,27.99],[86.9,28.06],[87.45,27.8],[88.14,27.87],[88.21,27.87],[88.48,28.06],[88.78,28.06],[88.95,27.8],[88.8,27.42],[88.87,27.42],[88.95,27.42],[89.73,28.25],[90.27,28.32],[90.44,28.06],[91.57,28.06],[91.75,27.87],[91.67,27.48],[92.09,27.35],[92.11,27.42],[93.04,27.54],[94.39,28.19],[94.77,28.51],[95.58,28.77],[96.19,28.77],[96.38,28.64],[96.4,28.38],[96.86,28.44],[97.34,28.25],[97.42,28.25],[97.56,28.51],[97.71,28.51],[98.16,28.19],[98.37,28.44]]]}},{"type":"Feature","properties":{"NAME":"Ashanti Empire","C":0,"name":"Ashanti Empire","start_year":1702,"end_year":1726,"capital":"","type":"polity","region":"","event":"","source":"Cliopatria / Seshat Global History Databank (CC BY 4.0)","wikipedia":"Ashanti Empire","wikidata":"Q722071","_a":5,"_c":[-1.38,6.84],"_nz":"阿散蒂帝国","_sz":""},"geometry":{"type":"Polygon","coordinates":[[[-0.61,7.1],[-0.25,7.16],[-0.18,7.29],[-0.32,7.49],[-0.61,7.55],[-0.68,7.74],[-1.05,7.74],[-1.12,7.61],[-1.27,7.61],[-1.27,7.81],[-1.41,7.87],[-1.71,7.42],[-1.85,7.49],[-1.85,7.61],[-2.14,7.61],[-2.22,7.42],[-1.93,7.29],[-2.15,7.1],[-2.15,6.97],[-2.37,7.04],[-2.51,6.91],[-2.59,6.65],[-2.44,6.59],[-2.59,6.26],[-2.37,6.2],[-2.22,6.33],[-1.93,5.94],[-1.71,5.94],[-1.64,5.81],[-1.2,5.88],[-0.98,6.46],[-0.84,6.52],[-0.91,6.78],[-0.69,6.84],[-0.61,7.04],[-0.61,7.1]]]}},{"type":"Feature","properties":{"NAME":"Qing Dynasty","C":5,"name":"Qing Dynasty","start_year":1706,"end_year":1717,"capital":"","type":"polity","region":"","event":"","source":"Cliopatria / Seshat Global History Databank (CC BY 4.0)","wikipedia":"Qing dynasty","wikidata":"Q8733","_a":2043,"_c":[114.65,37.2],"_nz":"清","_sz":""},"geometry":{"type":"MultiPolygon","coordinates":[[[[109.86,18.35],[109.84,18.22],[109.25,18.22],[109.12,18.35],[108.76,18.41],[108.64,18.54],[108.7,19.38],[109.2,19.7],[109.25,19.96],[110.16,20.09],[110.59,20.02],[110.61,20.15],[110.91,20.15],[111.09,19.89],[111.03,19.57],[110.88,19.57],[110.85,19.38],[110.68,19.25],[110.51,18.67],[110.19,18.54],[110.18,18.48],[109.86,18.35]]],[[[121.38,22.91],[121,22.53],[120.89,21.95],[120.67,21.95],[120.59,22.34],[120.44,22.34],[120.2,22.59],[120.14,23.04],[120.01,23.11],[120.12,23.3],[120.17,23.88],[120.35,24.01],[120.52,24.46],[120.91,24.84],[120.96,25.04],[121.47,25.29],[121.77,25.29],[122.01,25.04],[121.55,23.36],[121.54,23.3],[121.38,22.91]]],[[[122.27,30.18],[122.28,29.99],[121.98,29.99],[122.02,30.12],[122.05,30.18],[122.27,30.18]]],[[[138.1,53.73],[138.38,54],[138.62,54.07],[138.52,54.14],[138.73,54.34],[140.03,54.34],[139.96,54.27],[140.13,54.27],[140.08,54.14],[140.25,54.14],[140.21,53.94],[140.58,53.8],[140.51,53.73],[140.77,53.73],[140.7,53.66],[140.87,53.66],[140.8,53.6],[140.99,53.53],[140.92,53.46],[141.46,53.33],[141.11,52.99],[141.3,52.92],[141.23,52.86],[141.35,52.72],[141.15,52.52],[141.23,52.52],[141.2,52.32],[141.56,52.25],[141.35,52.05],[141.46,51.98],[140.96,51.65],[140.83,51.51],[140.93,51.45],[140.65,51.25],[140.78,51.11],[140.48,50.71],[140.56,50.71],[140.44,50.58],[140.55,50.51],[140.42,50.38],[140.51,50.38],[140.49,50.18],[140.74,50.18],[140.44,49.85],[140.59,49.65],[140.38,49.32],[140.46,49.32],[140.28,48.92],[140.37,48.92],[140.19,48.72],[140.28,48.72],[140.16,48.59],[140.25,48.59],[140.02,48.32],[139.36,47.93],[138.9,47.27],[138.63,47.14],[138.42,46.87],[138.5,46.87],[138.34,46.68],[138.43,46.68],[137.86,45.96],[136.72,45.1],[136.15,44.45],[135.99,44.45],[135.11,43.47],[134.22,43.02],[133.27,42.69],[132.95,42.69],[133,42.76],[132.56,42.82],[132.61,42.89],[132.21,42.89],[132.27,43.21],[132.1,43.08],[131.78,43.08],[131.91,43.28],[131.75,43.28],[131.23,42.63],[130.9,42.63],[130.77,42.43],[130.69,42.43],[130.5,42.5],[130.54,42.56],[130.3,42.56],[130.2,42.89],[129.84,42.95],[129.7,42.5],[129.17,42.3],[128.84,42.04],[128.07,41.98],[127.99,41.85],[128.15,41.85],[128.11,41.78],[128.27,41.78],[128.34,41.65],[128.1,41.39],[127.34,41.46],[127.38,41.52],[127.11,41.59],[127.07,41.78],[126.83,41.78],[126.11,41],[124.57,40.29],[124.27,39.9],[124.23,39.84],[123.6,39.84],[122.94,39.64],[122.17,39.26],[121.95,39],[121.72,39],[121.42,38.74],[121.03,38.74],[121.2,39.06],[121.52,39.06],[121.69,39.38],[121.3,39.38],[121.21,39.51],[121.28,39.64],[121.44,39.64],[121.5,39.9],[121.78,39.97],[122.23,40.48],[122.11,40.68],[121.83,40.74],[121.82,40.87],[121.11,40.87],[121,40.68],[120.65,40.48],[120.5,40.23],[119.38,39.77],[119.22,39.32],[118.99,39.19],[118.45,39.06],[118.06,39.06],[118.05,39.19],[117.78,39.13],[117.58,38.74],[117.65,38.74],[117.6,38.48],[117.76,38.48],[117.77,38.35],[118.05,38.29],[118.07,38.16],[118.58,38.09],[118.65,38.22],[118.8,38.22],[118.77,38.16],[119.46,37.96],[119.39,37.84],[119.24,37.84],[118.98,37.32],[119.14,37.32],[119.16,37.19],[119.7,37.19],[119.83,37.45],[120.2,37.58],[120.19,37.71],[120.75,37.9],[121.11,37.84],[121.17,37.64],[121.48,37.64],[121.5,37.51],[122.15,37.58],[122.12,37.51],[122.71,37.45],[122.47,37.13],[122.57,37],[122.39,36.8],[121.91,36.93],[121.21,36.61],[120.98,36.61],[120.96,36.42],[120.73,36.42],[120.66,36.1],[120.32,36.03],[119.99,35.64],[119.62,35.52],[119.23,34.81],[119.46,34.81],[119.43,34.74],[119.71,34.68],[119.73,34.55],[120.34,34.36],[120.49,34.16],[120.55,33.59],[120.93,33.2],[120.92,32.62],[121.4,32.49],[121.5,32.17],[121.96,31.98],[121.94,31.72],[121.84,31.66],[121.96,31.59],[121.91,31.46],[121.58,31.4],[121.74,31.4],[122,31.08],[121.9,30.82],[121.52,30.82],[121.2,30.56],[121.05,30.56],[120.68,30.18],[120.81,30.12],[121.1,30.31],[121.48,30.31],[121.62,30.05],[122.03,29.92],[121.86,29.67],[122.02,29.67],[121.93,29.41],[122,29.41],[121.94,29.22],[121.71,29.22],[121.8,29.47],[121.59,29.54],[121.54,29.15],[121.74,29.09],[121.71,28.77],[121.52,28.64],[121.65,28.57],[121.65,28.32],[121.15,28.19],[121.19,28.32],[121.12,28.32],[121.04,28.06],[120.87,27.99],[120.71,27.74],[120.66,27.54],[120.73,27.54],[120.55,27.16],[120.39,27.16],[120.25,26.9],[120.1,26.9],[120.06,26.77],[120.21,26.77],[120.16,26.58],[119.84,26.52],[119.94,26.32],[119.59,26.13],[119.78,26],[119.53,25.62],[119.9,25.62],[119.87,25.49],[119.47,25.36],[119.42,25.49],[119.27,25.49],[119.39,25.36],[119.34,25.16],[119.03,25.1],[119.07,24.97],[118.82,24.84],[118.76,24.59],[118.15,24.52],[118.08,24.2],[117.72,23.94],[117.69,23.81],[117.47,23.81],[117.18,23.49],[116.89,23.56],[116.78,23.36],[116.81,23.17],[116.59,23.17],[116.54,22.91],[115.7,22.79],[115.67,22.66],[115.37,22.66],[115.17,22.79],[114.9,22.53],[114.75,22.53],[114.64,22.72],[114.53,22.14],[114.37,22.08],[114,22.08],[114,22.46],[113.79,22.53],[113.75,22.72],[113.6,22.72],[113.7,22.46],[113.69,22.4],[113.45,22.34],[113.42,22.14],[113.4,22.08],[113.11,22.08],[113.07,21.89],[112.77,21.89],[112.44,21.69],[111.86,21.76],[111.66,21.5],[110.98,21.44],[110.74,21.31],[110.72,21.18],[110.42,21.18],[110.48,21.11],[110.36,20.86],[110.62,20.6],[110.57,20.34],[110.03,20.21],[109.88,20.21],[109.93,20.47],[109.79,20.54],[109.77,20.86],[109.7,20.86],[109.87,21.44],[109.81,21.5],[109.12,21.37],[109.09,21.63],[108.65,21.69],[108.56,21.56],[108.17,21.5],[108.1,21.5],[107.97,21.63],[107.59,21.56],[107.46,21.69],[107.24,21.69],[106.71,22.08],[106.61,22.34],[106.77,22.85],[106.71,22.91],[106.33,22.85],[106.2,22.98],[105.75,22.98],[105.44,23.3],[105.21,23.3],[104.96,23.11],[104.84,22.85],[104.52,22.72],[104.15,22.79],[103.96,22.53],[103.77,22.72],[103.32,22.72],[103.22,22.53],[102.92,22.53],[102.87,22.66],[102.58,22.72],[102.15,22.4],[101.72,22.46],[101.64,22.01],[101.88,21.63],[101.81,21.18],[101.36,21.18],[101.32,21.37],[101.18,21.44],[101.16,21.76],[100.74,21.5],[100.22,21.5],[100.03,21.69],[100.07,21.95],[99.94,22.08],[99.29,22.14],[99.57,22.98],[98.94,23.24],[98.87,23.69],[98.73,23.75],[98.88,24.14],[97.65,23.94],[97.79,24.33],[97.59,24.46],[97.65,24.78],[97.82,24.91],[97.87,25.16],[98.13,25.36],[98.17,25.55],[98.67,25.81],[98.84,26.58],[98.76,26.58],[98.74,27.48],[98.56,27.67],[98.26,27.67],[98.16,28.19],[98.37,28.44],[98.57,28.32],[98.54,28.19],[98.87,28.32],[99.03,29.22],[99.24,29.15],[99.4,29.47],[100.07,29.73],[100.39,30.05],[100.6,32.24],[100.52,32.24],[100.55,32.56],[100.42,32.62],[100.43,32.88],[100.35,32.88],[100.43,33.33],[100.14,33.39],[99.94,33.26],[100.01,33.46],[99.9,33.59],[99.47,33.46],[99.14,33.84],[98.93,33.91],[98.98,34.04],[98.87,34.16],[98.32,34.36],[98.29,34.49],[97.72,34.61],[97.68,34.74],[97.45,34.74],[96.55,35.26],[95.77,35.45],[93.54,36.61],[92.6,36.8],[92.36,37],[91.79,36.93],[91.39,36.67],[91.31,36.67],[91.36,36.8],[90.94,36.93],[91,37.13],[91.46,37.32],[91.53,37.51],[91.4,37.58],[91.45,37.71],[91.28,37.9],[90.94,38.03],[91.04,38.29],[90.88,38.48],[90.95,38.67],[92.59,39.26],[92.75,39.64],[93.2,39.97],[93.92,40.74],[94.29,41.39],[94.48,41.46],[94.88,41.98],[95.73,42.76],[95.9,43.28],[95.77,43.34],[95.77,43.67],[95.53,43.99],[95.32,44.06],[95.34,44.25],[94.81,44.32],[94.71,44.45],[94.55,44.45],[94.58,44.52],[94.42,44.52],[94.45,44.58],[93.95,44.71],[93.8,44.91],[92.86,44.97],[92.89,45.04],[91.75,45.04],[91.79,45.1],[91.01,45.17],[90.91,45.3],[90.74,45.3],[90.59,45.5],[90.99,46.15],[90.91,46.15],[91.01,46.68],[90.17,47.8],[89.71,47.86],[89.61,47.99],[89.03,47.99],[88.94,48.13],[88.77,48.13],[88.8,48.19],[88.64,48.19],[88.62,48.32],[88.32,48.39],[88.31,48.52],[88.06,48.52],[87.9,48.85],[87.73,48.85],[87.82,49.18],[87.85,49.25],[88.45,49.58],[88.75,49.52],[89.61,49.71],[89.51,49.85],[89.59,49.98],[89.41,50.11],[89.48,50.25],[90.01,50.45],[90.09,50.58],[89.09,51.18],[89.13,51.25],[89.29,51.38],[90.09,51.58],[90.29,51.78],[90.63,51.78],[90.59,51.71],[90.76,51.71],[90.72,51.65],[91.14,51.65],[91.1,51.58],[92.71,51.71],[93.14,51.85],[93.86,52.32],[94.52,53.06],[96.11,53.26],[96.43,53.6],[96.6,53.6],[96.56,53.53],[96.85,53.46],[96.81,53.39],[97.06,53.39],[97.02,53.33],[97.44,53.19],[97.39,53.12],[97.86,53.06],[97.81,52.99],[98.76,52.99],[98.71,52.92],[98.84,52.86],[98.7,52.65],[98.78,52.65],[98.68,52.38],[98.77,52.38],[98.8,52.18],[99.31,52.05],[99.26,51.98],[99.43,51.98],[99.39,51.92],[99.73,51.92],[99.68,51.85],[100.14,51.78],[100.1,51.71],[100.78,51.71],[100.73,51.65],[100.99,51.65],[100.94,51.58],[101.32,51.51],[101.28,51.45],[101.91,51.51],[101.87,51.45],[102.04,51.45],[101.99,51.38],[102.16,51.25],[102.06,51.11],[102.31,50.85],[102.22,50.71],[102.3,50.71],[102.3,50.58],[102.8,50.45],[102.76,50.38],[102.92,50.38],[102.88,50.31],[103.22,50.31],[103.17,50.25],[103.34,50.25],[103.3,50.18],[104.05,50.18],[104.9,50.45],[106.46,50.38],[106.41,50.31],[106.83,50.31],[106.78,50.25],[107.32,50.05],[107.28,49.98],[107.78,49.98],[107.73,49.91],[107.9,49.91],[107.97,49.65],[108.26,49.58],[108.22,49.52],[108.42,49.45],[108.38,49.38],[109.42,49.32],[109.38,49.25],[109.79,49.25],[109.75,49.18],[110.75,49.18],[111.22,49.38],[112.73,49.52],[113.26,49.91],[114.01,50.25],[114.85,50.25],[114.8,50.18],[115.05,50.18],[115,50.11],[115.41,49.98],[115.36,49.91],[116.5,49.98],[116.45,49.91],[116.73,49.85],[116.68,49.78],[117.83,49.52],[118.54,49.91],[119.01,49.98],[119.33,50.18],[119.15,50.38],[119.73,51.11],[119.65,51.11],[120.19,51.78],[120.67,52.05],[120.56,52.12],[120.67,52.25],[120.5,52.45],[120.53,52.59],[119.9,52.65],[120.42,53.06],[121.09,53.33],[121.43,53.33],[121.7,53.53],[121.5,53.6],[121.54,53.73],[121.36,53.73],[121.42,53.8],[121.25,53.8],[121.31,53.87],[121.14,53.87],[121.18,54],[121.09,54],[121.21,54.14],[121.12,54.14],[121.31,54.34],[121.64,54.14],[122.39,54.48],[122.8,54.55],[123.23,54.82],[123.59,55.29],[123.5,55.29],[123.9,55.98],[123.81,55.98],[124.02,56.18],[124.46,56.18],[124.39,56.11],[124.67,56.05],[124.6,55.98],[124.69,55.98],[124.65,55.84],[124.82,55.84],[124.75,55.77],[125.52,55.84],[125.46,55.77],[125.72,55.77],[125.65,55.7],[125.85,55.63],[125.78,55.57],[126.27,55.7],[128.34,55.5],[128.27,55.43],[128.93,55.57],[128.86,55.5],[129.39,55.5],[129.32,55.43],[129.58,55.43],[129.51,55.36],[129.71,55.29],[130.84,55.63],[130.72,55.43],[130.83,55.36],[130.62,55.16],[130.74,55.02],[130.6,54.89],[130.69,54.89],[130.68,54.61],[130.85,54.61],[130.83,54.41],[131,54.41],[130.93,54.34],[131.06,54.21],[130.94,54],[131.76,53.87],[131.71,53.73],[131.89,53.73],[131.82,53.66],[131.95,53.53],[131.81,53.39],[133.02,53.39],[133.48,53.6],[134.1,53.53],[134.03,53.46],[134.42,53.6],[134.7,53.53],[134.63,53.46],[135.11,53.6],[137.27,53.6],[137.35,53.6],[138.1,53.73]]]]}},{"type":"Feature","properties":{"NAME":"Duchy of Bavaria","C":4,"name":"Duchy of Bavaria","start_year":1706,"end_year":1740,"capital":"","type":"polity","region":"","event":"","source":"Cliopatria / Seshat Global History Databank (CC BY 4.0)","wikipedia":"Duchy of Bavaria","wikidata":"Q47261","_a":11,"_c":[11.94,48.79],"_nz":"巴伐利亚公国","_sz":""},"geometry":{"type":"Polygon","coordinates":[[[13.18,48.06],[12.93,48.06],[12.92,47.73],[13.09,47.66],[13,47.53],[12.51,47.66],[11.6,47.6],[11.19,47.4],[10.61,47.6],[10.69,47.73],[10.45,47.8],[10.53,48.19],[10.53,48.26],[10.44,48.59],[10.28,48.72],[10.28,48.85],[10.03,48.99],[10.03,49.12],[10.36,49.25],[10.61,48.92],[10.94,48.85],[11.03,48.99],[10.86,49.05],[11.28,49.12],[11.28,49.25],[11.03,49.25],[11.03,49.45],[11.28,49.52],[11.2,49.78],[11.7,49.91],[11.87,50.18],[12.12,50.18],[12.37,49.98],[12.37,49.71],[12.53,49.65],[12.53,49.52],[13.11,49.25],[13.36,48.99],[13.36,48.85],[13.19,48.85],[13.27,48.59],[13.77,48.59],[13.85,48.46],[13.18,48.06]]]}},{"type":"Feature","properties":{"NAME":"Comtat Venaissin","C":2,"name":"Comtat Venaissin","start_year":1706,"end_year":1787,"capital":"","type":"polity","region":"","event":"","source":"Cliopatria / Seshat Global History Databank (CC BY 4.0)","wikipedia":"Comtat Venaissin","wikidata":"Q1122980","_a":1,"_c":[4.96,44.13],"_nz":"沃奈桑伯爵领地","_sz":""},"geometry":{"type":"Polygon","coordinates":[[[4.63,44.32],[4.71,44.45],[4.95,44.39],[5.11,44.52],[5.29,43.99],[5.05,43.93],[4.97,43.73],[4.73,43.8],[4.8,44.12],[4.96,44.12],[5.04,44.25],[4.71,44.32],[4.63,44.32]]]}},{"type":"Feature","properties":{"NAME":"Kingdom of Georgia","C":2,"name":"Kingdom of Georgia","start_year":1706,"end_year":1726,"capital":"","type":"polity","region":"","event":"","source":"Cliopatria / Seshat Global History Databank (CC BY 4.0)","wikipedia":"Kingdom of Georgia","wikidata":"Q154667","_a":7,"_c":[44.43,41.65],"_nz":"格鲁吉亚王国","_sz":""},"geometry":{"type":"Polygon","coordinates":[[[45.77,40.94],[45.58,41.2],[45.42,41.2],[44.89,41.78],[44.5,41.85],[44.66,42.24],[44.59,42.3],[44.76,42.37],[44.82,42.69],[44.74,42.69],[44.69,42.82],[43.86,42.69],[43.78,42.69],[43.68,42.56],[43.7,42.24],[43.48,41.91],[43.23,41.85],[43.2,41.72],[42.89,41.72],[42.86,41.59],[43.19,41.2],[43.58,41.13],[43.56,41],[43.71,41],[43.87,41],[44,40.81],[44.24,40.81],[44.29,40.68],[44.62,40.74],[44.76,40.61],[45.15,40.61],[45.29,40.48],[45.6,40.48],[45.99,40.87],[45.77,40.94]]]}},{"type":"Feature","properties":{"NAME":"Mataram Sultanate","C":8,"name":"Mataram Sultanate","start_year":1706,"end_year":1740,"capital":"","type":"polity","region":"","event":"","source":"Cliopatria / Seshat Global History Databank (CC BY 4.0)","wikipedia":"Mataram Sultanate","wikidata":"Q402145","_a":9,"_c":[111.7,-7.52],"_nz":"马打兰苏丹国","_sz":""},"geometry":{"type":"Polygon","coordinates":[[[113.62,-6.85],[112.74,-6.85],[112.53,-6.98],[112.52,-6.85],[112.16,-6.91],[111.94,-6.79],[111.64,-6.79],[111.49,-6.59],[111.34,-6.66],[111.27,-6.66],[111.44,-7.04],[111.38,-7.24],[109.4,-7.11],[109.65,-7.49],[110.01,-7.56],[109.89,-7.94],[109.9,-8.01],[110.65,-8.26],[112.85,-8.46],[112.85,-8.39],[112.68,-8.14],[112.74,-7.94],[113.62,-7.94],[113.76,-7.88],[113.74,-7.69],[113.67,-7.69],[113.09,-7.75],[112.79,-7.62],[112.69,-7.24],[113.28,-7.3],[113.99,-7.04],[113.91,-6.85],[113.69,-6.85],[113.62,-6.85]]]}},{"type":"Feature","properties":{"NAME":"Kingdom of Kakheti","C":7,"name":"Kingdom of Kakheti","start_year":1706,"end_year":1737,"capital":"","type":"polity","region":"","event":"","source":"Cliopatria / Seshat Global History Databank (CC BY 4.0)","wikipedia":"Kingdom of Kakheti","wikidata":"Q1209822","_a":5,"_c":[45.86,41.82],"_nz":"卡赫季王国","_sz":""},"geometry":{"type":"Polygon","coordinates":[[[46.8,41.78],[46.67,41.91],[46.43,41.91],[46.23,42.11],[45.68,42.17],[45.68,42.56],[45.44,42.56],[45.16,42.76],[44.9,42.69],[44.82,42.69],[44.76,42.37],[44.59,42.3],[44.66,42.24],[44.5,41.85],[44.89,41.78],[45.42,41.2],[45.58,41.2],[45.77,40.94],[45.99,40.87],[46.48,40.94],[46.78,41.26],[47.11,41.33],[47.22,41.46],[47.23,41.52],[46.88,41.78],[46.8,41.78]]]}},{"type":"Feature","properties":{"NAME":"Portuguese Colonies","C":3,"name":"Portuguese Colonies","start_year":1706,"end_year":1717,"capital":"","type":"polity","region":"","event":"","source":"Cliopatria / Seshat Global History Databank (CC BY 4.0)","wikipedia":"Portuguese Empire","wikidata":"Q200464","_a":1737,"_c":[100.05,6.42],"_nz":"葡属殖民地","_sz":""},"geometry":{"type":"MultiPolygon","coordinates":[[[[124.38,-9.16],[124.26,-9.49],[123.97,-9.49],[123.81,-9.36],[123.88,-9.36],[123.94,-9.23],[124.3,-9.16],[124.38,-9.16]]],[[[124.92,-9.55],[124.83,-9.29],[125.04,-9.23],[125.02,-9.04],[124.8,-9.04],[124.72,-8.91],[124.71,-8.84],[125.2,-8.52],[126.51,-8.46],[126.64,-8.33],[127.23,-8.39],[127.17,-8.59],[126.9,-8.78],[126.68,-8.78],[126.62,-8.91],[125.84,-9.16],[125.76,-9.16],[125.26,-9.29],[125,-9.55],[124.92,-9.55]]],[[[122.71,-8.46],[122.66,-8.71],[122.29,-8.65],[122.28,-8.52],[122.48,-8.33],[122.63,-8.33],[122.61,-8.07],[122.82,-8.07],[122.83,-8.14],[122.93,-8.46],[122.71,-8.46]]],[[[79.85,10.82],[79.85,10.83],[79.87,10.83],[79.87,10.76],[79.86,10.73],[79.85,10.82]]],[[[74.39,14.69],[74.24,14.62],[74.1,14.75],[73.92,15.14],[73.93,15.2],[73.93,15.26],[73.86,15.26],[73.86,15.33],[73.79,15.33],[73.8,15.39],[73.8,15.46],[74.1,15.52],[74.52,15.26],[74.55,14.81],[74.47,14.69],[75.1,14.43],[75.5,14.75],[75.51,14.88],[76.95,15.33],[77.17,15.33],[77.5,14.94],[77.49,14.81],[78.16,14.94],[78.21,14.69],[77.9,14.49],[77.88,14.3],[78.29,13.91],[78.41,13.66],[78.44,13.14],[78.58,13.01],[78.48,12.69],[78.52,12.31],[78.28,12.11],[78.21,12.11],[77.7,12.18],[77.57,12.31],[77.55,12.31],[77.7,12.58],[78.32,13.09],[78.17,13.92],[77.6,14.6],[77.16,14.67],[75.76,13.64],[75.22,13.5],[74.69,13.66],[74.71,13.34],[74.64,13.34],[74.66,13.59],[74.3,14.49],[74.39,14.69]]],[[[72.87,19.25],[73.03,19.38],[73.1,19.38],[73.09,19.25],[72.87,19.25]]],[[[73.12,20.21],[73.19,20.21],[73.18,20.09],[72.89,20.15],[73.12,20.21]]],[[[113.56,22.14],[113.49,22.14],[113.42,22.14],[113.45,22.34],[113.69,22.4],[113.67,22.34],[113.66,22.27],[113.65,22.21],[113.64,22.14],[113.56,22.14]]]]}},{"type":"Feature","properties":{"NAME":"Kingdom of Great Britain","C":4,"name":"Kingdom of Great Britain","start_year":1709,"end_year":1756,"capital":"","type":"polity","region":"","event":"","source":"Cliopatria / Seshat Global History Databank (CC BY 4.0)","wikipedia":"Great Britain","wikidata":"Q23666","_a":133,"_c":[-4.39,55.41],"_nz":"大不列颠王国","_sz":""},"geometry":{"type":"MultiPolygon","coordinates":[[[[-6.33,54.07],[-6.29,53.73],[-6.09,53.53],[-6.24,53.39],[-6.15,53.33],[-6.09,52.86],[-6.17,52.86],[-6.15,52.65],[-6.23,52.65],[-6.43,52.18],[-7.61,52.12],[-8.08,51.78],[-8.42,51.78],[-8.48,51.65],[-9.64,51.45],[-9.81,51.45],[-9.92,51.65],[-10.17,51.58],[-10.19,51.71],[-10.45,51.78],[-10.49,51.98],[-10.25,52.12],[-10.51,52.12],[-10.53,52.25],[-9.94,52.32],[-9.97,52.52],[-9.73,52.59],[-9.75,52.72],[-9.44,52.92],[-9.47,53.12],[-9.38,53.12],[-10.21,53.46],[-10.23,53.6],[-9.98,53.66],[-10.01,53.8],[-9.83,53.8],[-10.08,54.27],[-9.5,54.41],[-8.7,54.27],[-8.64,54.48],[-8.32,54.61],[-8.84,54.61],[-8.87,54.82],[-8.53,54.89],[-8.56,55.09],[-8.41,55.23],[-7.89,55.23],[-7.82,55.36],[-7.12,55.36],[-7.01,55.23],[-6.15,55.29],[-5.73,54.75],[-5.55,54.75],[-5.53,54.55],[-5.44,54.55],[-5.5,54.34],[-5.59,54.34],[-5.9,54.07],[-6.33,54.07]]],[[[-7.6,57.35],[-7.25,57.42],[-7.23,57.28],[-7.32,57.28],[-7.29,57.08],[-7.47,57.08],[-7.6,57.35]]],[[[-7.12,57.7],[-7.11,57.63],[-7.44,57.49],[-7.56,57.7],[-7.12,57.7]]],[[[-6.26,58.53],[-6.21,58.18],[-6.39,58.18],[-6.52,57.9],[-7.13,57.77],[-7.07,57.97],[-7.28,58.18],[-6.85,58.32],[-6.76,58.32],[-6.79,58.46],[-6.26,58.53]]],[[[-4.86,54.07],[-4.8,54.27],[-4.81,54.34],[-4.38,54.41],[-4.36,54.21],[-4.86,54.07]]],[[[-2.08,57.28],[-2.21,56.87],[-2.53,56.59],[-2.79,56.52],[-2.67,56.25],[-3.1,56.18],[-3.26,56.05],[-2.66,56.11],[-2.02,55.91],[-1.73,55.7],[-1.61,55.29],[-1.52,55.29],[-1.49,54.95],[-1.4,54.95],[-1.29,54.68],[-0.67,54.61],[-0.2,54.21],[-0.18,53.94],[0,53.8],[0.02,53.6],[0.3,53.39],[0.32,53.12],[0.07,52.99],[0.17,52.86],[0.34,52.86],[0.49,53.06],[1.09,53.06],[1.62,52.86],[1.74,52.38],[1.65,52.38],[1.59,52.12],[1.43,51.98],[1.17,51.98],[1.18,51.78],[0.84,51.78],[0.86,51.51],[0.52,51.51],[1.38,51.38],[1.31,51.11],[0.49,50.78],[-1.37,50.85],[-1.11,50.78],[-1.18,50.58],[-1.51,50.58],[-1.52,50.71],[-2.61,50.58],[-2.79,50.71],[-3.13,50.71],[-3.46,50.65],[-3.58,50.25],[-4.09,50.25],[-4.19,50.38],[-4.35,50.38],[-4.93,50.25],[-5.15,49.98],[-5.75,50.05],[-5.77,50.25],[-5.28,50.38],[-5.13,50.58],[-4.88,50.58],[-4.82,50.78],[-4.66,50.85],[-4.68,51.05],[-4.43,51.05],[-4.2,51.31],[-3.09,51.25],[-3.11,51.38],[-2.95,51.45],[-3.12,51.51],[-3.28,51.38],[-3.7,51.38],[-3.89,51.58],[-4.31,51.51],[-4.42,51.71],[-5.08,51.58],[-5.26,51.71],[-5.3,51.98],[-4.89,52.18],[-4.39,52.25],[-4.16,52.45],[-4.3,52.92],[-4.79,52.79],[-4.81,52.92],[-4.49,53.12],[-4.67,53.19],[-4.7,53.46],[-4.27,53.46],[-4.16,53.26],[-3.32,53.39],[-3.15,53.46],[-3.1,53.73],[-3.2,53.87],[-2.97,54.14],[-3.3,54.07],[-3.32,54.21],[-3.59,54.27],[-3.72,54.68],[-3.57,54.89],[-4.42,54.75],[-4.95,54.82],[-4.94,54.68],[-5.21,54.75],[-5.33,55.02],[-5.15,55.02],[-5.17,55.16],[-4.77,55.43],[-4.79,55.63],[-4.98,55.7],[-5,55.84],[-5.44,55.91],[-5.43,55.77],[-5.16,55.77],[-5.12,55.43],[-5.38,55.43],[-5.57,55.57],[-5.63,55.29],[-5.89,55.29],[-5.92,55.5],[-5.69,55.77],[-5.8,55.98],[-5.89,55.98],[-5.95,55.77],[-6.13,55.77],[-6.19,55.57],[-6.36,55.57],[-6.38,55.7],[-6.63,55.63],[-6.51,55.98],[-6.07,55.98],[-5.92,56.18],[-5.66,56.18],[-5.68,56.39],[-6.29,56.32],[-6.23,56.52],[-6.34,56.66],[-5.91,56.73],[-5.95,57.01],[-6.06,57.14],[-6.41,57.14],[-6.62,57.35],[-6.8,57.35],[-6.82,57.49],[-6.47,57.56],[-6.5,57.77],[-6.32,57.77],[-6.12,57.56],[-6.09,57.35],[-5.81,57.28],[-5.7,57.14],[-5.73,57.35],[-5.92,57.42],[-5.89,57.83],[-5.73,57.97],[-5.46,57.97],[-5.42,58.32],[-5.24,58.32],[-5.26,58.46],[-5.17,58.46],[-5.2,58.67],[-4.02,58.6],[-3.68,58.74],[-3.14,58.74],[-3.02,58.53],[-3.43,58.18],[-4.12,57.97],[-3.93,57.9],[-3.99,57.7],[-3.73,57.7],[-3.73,57.77],[-1.85,57.7],[-1.82,57.42],[-2.08,57.28]]],[[[-3.44,59.02],[-3.38,59.22],[-3.2,59.22],[-3.09,59.09],[-2.81,59.02],[-2.79,58.88],[-2.97,58.88],[-3.06,58.88],[-3.42,58.81],[-3.53,59.02],[-3.44,59.02]]],[[[-2.58,59.36],[-2.56,59.22],[-2.65,59.22],[-2.64,59.16],[-2.83,59.16],[-2.84,59.29],[-2.58,59.36]]],[[[-0.81,60.63],[-1.16,60.56],[-1.05,60.35],[-1.14,60.35],[-1.2,60.07],[-1.67,60.21],[-1.63,60.63],[-1.36,60.7],[-1.35,60.56],[-1.26,60.56],[-1.28,60.77],[-0.83,60.84],[-0.81,60.63]]]]}},{"type":"Feature","properties":{"NAME":"Republic of Genoa","C":9,"name":"Republic of Genoa","start_year":1709,"end_year":1733,"capital":"","type":"polity","region":"","event":"","source":"Cliopatria / Seshat Global History Databank (CC BY 4.0)","wikipedia":"Republic of Genoa","wikidata":"Q174306","_a":8,"_c":[8.76,43.02],"_nz":"热那亚共和国","_sz":""},"geometry":{"type":"MultiPolygon","coordinates":[[[[9.49,43.02],[9.49,42.76],[9.57,42.76],[9.58,41.98],[9.5,41.98],[9.5,41.78],[9.26,41.39],[9.1,41.33],[8.78,41.52],[8.78,41.72],[8.62,41.72],[8.7,41.91],[8.54,42.11],[8.53,42.5],[8.77,42.69],[9.17,42.76],[9.25,43.02],[9.33,43.02],[9.49,43.02]]],[[[7.71,44.12],[8.03,44.12],[8.03,43.99],[8.03,43.93],[7.55,43.8],[7.55,43.86],[7.71,44.12]]],[[[9.97,44.06],[9.97,43.99],[9.89,43.99],[9.89,44.06],[9.97,44.06]]],[[[9.97,44.12],[9.89,44.12],[9.57,44.19],[9.16,44.45],[8.59,44.45],[8.43,44.32],[8.35,44.32],[8.51,44.58],[8.83,44.71],[9.4,44.45],[9.89,44.25],[9.97,44.12]]]]}},{"type":"Feature","properties":{"NAME":"Regency of Algiers","C":5,"name":"Regency of Algiers","start_year":1709,"end_year":1791,"capital":"","type":"polity","region":"","event":"","source":"Cliopatria / Seshat Global History Databank (CC BY 4.0)","wikipedia":"Regency of Algiers","wikidata":"Q3045696","_a":39,"_c":[3.24,35.26],"_nz":"阿尔及尔摄政国","_sz":""},"geometry":{"type":"MultiPolygon","coordinates":[[[[2.53,34.42],[2.53,34.49],[2.61,34.49],[2.61,34.42],[2.53,34.42]]],[[[8.21,36.55],[8.37,36.35],[8.3,35.71],[8.37,35.71],[8.46,35.19],[8.15,34.55],[8,34.55],[7.92,34.42],[7.85,34.42],[7.61,34.55],[7.15,34.49],[6.92,34.61],[6.46,34.55],[6.15,34.68],[5.38,34.68],[5.15,34.55],[4.45,34.61],[3.84,34.42],[3.46,34.49],[2.92,34.36],[2.45,34.61],[1.29,34.61],[0.68,34.42],[0.45,34.49],[0.3,34.36],[-0.47,34.36],[-0.54,34.16],[-0.69,34.16],[-0.68,34.04],[-1.5,33.46],[-1.58,33.46],[-1.72,34.68],[-2.11,34.94],[-2.12,35.07],[-2.04,35.07],[-1.36,35.26],[-1.14,35.45],[-1.22,35.64],[-0.99,35.64],[-0.91,35.64],[-0.91,35.52],[-0.67,35.45],[-0.45,35.58],[-0.53,35.71],[-0.53,35.77],[0.08,35.84],[0.38,36.22],[0.68,36.29],[0.68,36.42],[0.91,36.35],[1.22,36.55],[1.53,36.48],[2.38,36.67],[2.69,36.61],[2.84,36.74],[3.23,36.74],[3.46,36.87],[3.85,36.8],[4.47,36.93],[4.86,36.87],[5.1,36.67],[5.56,36.67],[5.64,36.8],[6.11,36.8],[6.1,36.93],[6.33,37.06],[6.8,36.87],[7.19,36.87],[7.35,37.06],[7.66,37],[7.74,36.87],[8.52,36.93],[8.59,36.93],[8.59,36.8],[8.36,36.61],[8.29,36.61],[8.21,36.55]]]]}},{"type":"Feature","properties":{"NAME":"Nguyễn lords","C":8,"name":"Nguyễn lords","start_year":1709,"end_year":1756,"capital":"","type":"polity","region":"","event":"","source":"Cliopatria / Seshat Global History Databank (CC BY 4.0)","wikipedia":"Nguyễn lords","wikidata":"Q2301908","_a":38,"_c":[107.24,13.98],"_nz":"阮主","_sz":""},"geometry":{"type":"MultiPolygon","coordinates":[[[[106.04,9.8],[105.83,9.93],[105.92,10.06],[106.2,9.99],[106.2,9.93],[106.04,9.8]]],[[[105.03,9.93],[105.03,9.99],[104.96,9.99],[104.97,10.06],[105.19,10.12],[105.24,9.86],[105.17,9.86],[105.1,9.86],[105.1,9.93],[105.03,9.93]]],[[[105.94,10.31],[106.38,10.31],[106.29,10.19],[106.22,10.19],[105.93,10.19],[105.94,10.31]]],[[[107.2,10.51],[107.05,10.44],[107.07,10.7],[107,10.7],[107.01,10.83],[107.23,10.83],[107.22,10.7],[107.21,10.64],[107.2,10.51]]],[[[106.46,11.15],[106.88,10.96],[106.85,10.7],[106.71,10.7],[106.64,10.7],[106.43,10.89],[106.46,11.15]]],[[[107.72,16.49],[107.86,16.49],[107.84,16.36],[108.14,16.36],[108.33,16.16],[108.37,15.91],[108.7,15.65],[108.68,15.52],[109.02,15.33],[108.97,15.01],[109.16,14.75],[109.18,14.36],[109.35,14.04],[109.33,13.27],[109.51,12.95],[109.47,12.56],[109.32,12.56],[109.23,12.37],[109.24,11.86],[109.23,11.79],[109.09,11.79],[108.76,12.18],[108.7,12.31],[108.49,12.31],[108.32,12.18],[108.1,12.18],[108.12,12.31],[107.79,12.63],[107.64,12.63],[107.52,12.89],[107.67,13.46],[107.6,13.53],[107.61,13.59],[107.38,14.11],[107.51,14.56],[107.62,14.81],[107.56,14.88],[107.57,14.94],[107.69,15.33],[107.3,15.65],[107.5,16.04],[107.02,16.29],[106.97,16.42],[106.69,16.49],[106.61,16.94],[105.71,17.77],[105.67,18.03],[106.06,18.16],[106.11,17.96],[106.55,17.96],[106.54,17.9],[106.75,17.39],[107.1,17.26],[107.29,17.06],[107.27,16.94],[107.34,16.94],[107.67,16.68],[107.72,16.49]]]]}},{"type":"Feature","properties":{"NAME":"Republic of Venice","C":9,"name":"Republic of Venice","start_year":1709,"end_year":1717,"capital":"","type":"polity","region":"","event":"","source":"Cliopatria / Seshat Global History Databank (CC BY 4.0)","wikipedia":"Republic of Venice","wikidata":"Q4948","_a":168,"_c":[17.3,41.42],"_nz":"威尼斯共和国","_sz":""},"geometry":{"type":"MultiPolygon","coordinates":[[[[17.36,43.02],[17.36,43.08],[17.52,43.08],[17.52,42.95],[17.36,43.02]]],[[[17.37,43.21],[17.29,43.21],[17.12,43.15],[17.05,43.41],[16.73,43.34],[16.73,43.54],[16.58,43.6],[15.93,43.47],[16.01,43.6],[15.94,43.73],[15.7,43.8],[15.62,43.93],[15.37,43.86],[15.46,43.99],[15.22,44.06],[15.14,44.32],[15.15,44.39],[15.86,44.06],[16.27,44.12],[16.98,43.54],[17.06,43.54],[17.05,43.47],[17.37,43.21]]],[[[15.15,44.39],[15.07,44.39],[15.07,44.45],[15.15,44.45],[15.15,44.39]]],[[[15.07,44.45],[14.99,44.45],[14.99,44.52],[15.07,44.52],[15.07,44.45]]],[[[14.26,44.58],[14.27,44.97],[14.35,44.97],[14.51,44.91],[14.5,44.52],[14.26,44.58]]],[[[14.52,45.1],[14.52,45.17],[14.68,45.17],[14.76,45.04],[14.52,45.1]]],[[[13.95,45.04],[13.94,44.91],[13.78,44.91],[13.71,45.24],[13.54,45.3],[13.55,45.5],[13.63,45.5],[13.71,45.5],[14.12,45.5],[13.79,45.24],[14.03,45.04],[13.95,45.04]]],[[[12.16,45.17],[12.4,45.04],[12.4,44.78],[12.24,44.78],[12.24,44.84],[12.24,44.97],[11.35,44.97],[11.27,44.97],[11.27,45.04],[11.18,45.04],[10.62,45.43],[10.45,45.37],[10.45,45.17],[10.29,45.17],[9.88,45.3],[9.72,45.56],[9.56,45.56],[9.47,45.56],[9.31,45.69],[9.31,45.89],[9.47,46.02],[10.12,46.02],[10.37,46.35],[10.53,46.28],[10.45,45.82],[10.78,45.69],[11.02,45.76],[11.35,46.09],[11.68,46.09],[11.84,46.22],[11.84,46.48],[12.09,46.68],[13.56,46.55],[13.56,46.41],[13.4,46.35],[13.48,46.15],[13.31,46.09],[13.31,45.82],[13.23,45.82],[13.14,45.82],[13.14,45.76],[13.14,45.69],[13.06,45.69],[13.06,45.63],[12.82,45.69],[12.65,45.56],[12.16,45.5],[12.16,45.17]]],[[[22.87,36.16],[22.89,36.42],[22.96,36.42],[23.12,36.35],[23.11,36.16],[22.87,36.16]]],[[[22.85,37.25],[23.06,36.67],[22.83,36.87],[22.6,36.87],[22.51,36.67],[22.36,36.67],[22.22,37.06],[21.91,37.06],[21.9,36.87],[21.74,36.87],[21.68,37.19],[21.6,37.19],[21.7,37.51],[21.24,37.84],[21.25,37.96],[21.42,38.16],[21.73,38.16],[21.74,38.42],[22.13,38.42],[22.29,38.35],[22.28,38.22],[22.44,38.29],[22.43,38.16],[22.59,38.16],[22.66,37.96],[23.05,38.03],[23.04,37.77],[23.11,37.64],[23.34,37.64],[23.4,37.32],[23.17,37.32],[23.1,37.51],[22.87,37.58],[22.79,37.58],[22.71,37.58],[22.7,37.32],[22.85,37.25]]],[[[25.05,37.51],[24.99,37.71],[25.06,37.71],[25.22,37.71],[25.29,37.51],[25.05,37.51]]],[[[20.61,37.71],[20.62,37.9],[20.7,37.9],[20.93,37.9],[20.92,37.64],[20.61,37.71]]],[[[20.32,38.16],[20.33,38.35],[20.49,38.42],[20.57,38.42],[20.8,38.29],[20.79,38.09],[20.32,38.16]]],[[[20.59,38.87],[20.67,38.87],[20.73,38.61],[20.5,38.61],[20.59,38.87]]],[[[19.76,39.77],[19.92,39.77],[19.92,39.71],[19.91,39.58],[19.76,39.64],[19.76,39.77]]],[[[18.77,42.37],[18.3,42.63],[18.31,42.69],[18.71,42.82],[18.85,42.37],[18.77,42.37]]],[[[17.51,42.76],[17.51,42.82],[17.59,42.82],[17.59,42.76],[17.51,42.76]]]]}},{"type":"Feature","properties":{"NAME":"Vientiane","C":7,"name":"Vientiane","start_year":1709,"end_year":1774,"capital":"","type":"polity","region":"","event":"","source":"Cliopatria / Seshat Global History Databank (CC BY 4.0)","wikipedia":"Vientiane","wikidata":"Q9326","_a":28,"_c":[104.17,16.75],"_nz":"万象","_sz":""},"geometry":{"type":"Polygon","coordinates":[[[105.53,18.03],[105.21,18.35],[105.25,18.61],[105.12,18.74],[104.9,18.74],[104.56,18.93],[104.45,18.67],[103.76,18.54],[103.12,19.19],[102.68,19.19],[102.71,18.93],[102.55,18.86],[102.33,18.35],[101.31,17.51],[101.47,17.06],[101.61,17.06],[101.73,16.87],[102.1,16.87],[103.23,16.55],[103.06,16.36],[103.05,15.78],[103.23,15.52],[103.29,14.81],[103.61,14.49],[103.81,14.36],[104.92,14.43],[104.98,14.3],[105.28,14.3],[105.61,14.62],[105.65,14.94],[105.52,15.01],[105.68,15.65],[105.4,15.78],[105.43,15.97],[106.01,15.91],[106.19,16.1],[106.47,16.04],[106.73,16.29],[107.02,16.29],[106.97,16.42],[106.69,16.49],[106.61,16.94],[105.71,17.77],[105.67,18.03],[105.53,18.03]]]}},{"type":"Feature","properties":{"NAME":"Kingdom of Portugal","C":10,"name":"Kingdom of Portugal","start_year":1709,"end_year":1808,"capital":"","type":"polity","region":"","event":"","source":"Cliopatria / Seshat Global History Databank (CC BY 4.0)","wikipedia":"Kingdom of Portugal","wikidata":"Q45670","_a":214,"_c":[-17.55,37.36],"_nz":"葡萄牙王国","_sz":""},"geometry":{"type":"MultiPolygon","coordinates":[[[[-16.79,32.88],[-16.69,32.69],[-17.07,32.62],[-17.17,32.88],[-17.09,32.88],[-17.02,32.88],[-16.79,32.88]]],[[[-25.87,37.77],[-25.9,37.96],[-25.11,37.9],[-25.09,37.77],[-25.16,37.77],[-25.7,37.71],[-25.87,37.77]]],[[[-28.39,38.35],[-28.81,38.48],[-28.85,38.67],[-28.27,38.55],[-28.19,38.55],[-28.08,38.35],[-28.39,38.35]]],[[[-28.04,38.55],[-28.15,38.74],[-27.89,38.61],[-27.88,38.55],[-28.04,38.55]]],[[[-27.39,38.87],[-27.08,38.87],[-27.03,38.61],[-27.11,38.61],[-27.19,38.61],[-27.36,38.67],[-27.39,38.87]]],[[[-8.07,37],[-8.31,37.13],[-8.7,37.13],[-9,37],[-8.9,37.58],[-8.82,37.58],[-8.82,38.48],[-9.21,38.42],[-9.23,38.67],[-9.38,38.61],[-9.55,38.74],[-9.57,38.93],[-9.43,39.06],[-9.39,39.45],[-9.16,39.51],[-9.1,39.77],[-9.03,39.77],[-8.93,40.36],[-8.85,40.36],[-8.87,40.61],[-8.73,40.74],[-8.92,41.85],[-8.93,41.91],[-8.47,42.11],[-8.15,42.11],[-8.14,41.98],[-8.22,41.98],[-8.12,41.78],[-6.7,41.98],[-6.52,41.72],[-6.27,41.65],[-6.25,41.46],[-6.93,41],[-6.87,40.36],[-7.01,40.23],[-7,40.1],[-6.84,40.03],[-6.9,39.77],[-7.44,39.64],[-7.42,39.45],[-7.26,39.38],[-6.99,39],[-7.12,38.74],[-7.27,38.67],[-7.24,38.35],[-7,38.22],[-6.99,38.09],[-7.14,38.09],[-7.28,37.84],[-7.5,37.71],[-7.39,37.25],[-7.47,37.25],[-7.45,37.13],[-7.68,37],[-8.07,37]]]]}},{"type":"Feature","properties":{"NAME":"Republic of Florence","C":5,"name":"Republic of Florence","start_year":1709,"end_year":1733,"capital":"","type":"polity","region":"","event":"","source":"Cliopatria / Seshat Global History Databank (CC BY 4.0)","wikipedia":"Republic of Florence","wikidata":"Q148540","_a":4,"_c":[11.22,43.38],"_nz":"佛罗伦萨共和国","_sz":""},"geometry":{"type":"Polygon","coordinates":[[[11.98,42.95],[11.98,43.15],[11.82,43.21],[11.82,43.34],[12.14,43.41],[12.23,43.6],[11.74,43.8],[11.67,44.25],[11.51,44.39],[10.86,44.25],[10.7,43.8],[10.21,43.93],[10.21,43.86],[10.37,43.67],[10.54,43.08],[10.62,43.08],[10.86,43.08],[10.94,42.89],[10.94,42.82],[11.02,42.82],[11.02,42.63],[11.34,42.63],[11.34,42.43],[11.49,42.37],[11.57,42.37],[11.74,42.63],[12.06,42.76],[12.06,42.95],[11.98,42.95]]]}},{"type":"Feature","properties":{"NAME":"Khanate of Bukhara","C":7,"name":"Khanate of Bukhara","start_year":1709,"end_year":1720,"capital":"","type":"polity","region":"","event":"","source":"Cliopatria / Seshat Global History Databank (CC BY 4.0)","wikipedia":"Khanate of Bukhara","wikidata":"Q577668","_a":73,"_c":[68.05,39.27],"_nz":"布哈拉汗国","_sz":""},"geometry":{"type":"Polygon","coordinates":[[[72.19,39.71],[71.58,39.77],[71.27,39.51],[70.84,39.38],[70.58,39.58],[69.32,39.58],[69.35,39.97],[69.11,40.23],[68.88,40.23],[68.72,40.48],[68.28,40.36],[63.73,42.43],[63.22,41.78],[62.38,41.33],[62.37,41],[62.45,41],[62.3,40.74],[62.4,40.55],[62.32,40.23],[62.69,39.84],[62.65,39.71],[63.09,39.26],[63.25,39.26],[63.42,39],[63.84,38.8],[64.01,38.55],[64.37,38.42],[64.66,38.03],[65.24,37.84],[65.63,37.51],[65.94,37.51],[65.91,37.38],[66.17,37.19],[66.22,36.74],[66.36,36.67],[66.33,36.22],[66.96,36.29],[67.38,36.1],[68.42,36.22],[68.62,36.1],[68.88,36.8],[68.68,36.93],[68.71,37.06],[68.48,37.06],[68.51,37.19],[69.01,37.32],[69.12,37.13],[69.35,37.13],[69.55,37.58],[70.08,37.51],[70.27,37.64],[70.16,37.84],[70.21,38.03],[70.71,38.42],[71.18,38.42],[71.36,38.22],[71.27,37.9],[71.57,37.84],[71.42,37],[71.58,36.74],[71.89,36.74],[72.68,37.06],[72.99,37.32],[73.66,37.51],[73.7,37.9],[73.62,37.9],[73.71,38.22],[73.63,38.22],[73.79,39],[73.61,39.19],[73.69,39.45],[73.4,39.51],[73.68,40.16],[72.19,39.71]]]}},{"type":"Feature","properties":{"NAME":"Dzungar Khanate","C":5,"name":"Dzungar Khanate","start_year":1709,"end_year":1717,"capital":"","type":"polity","region":"","event":"","source":"Cliopatria / Seshat Global History Databank (CC BY 4.0)","wikipedia":"Dzungar Khanate","wikidata":"Q1923401","_a":321,"_c":[84.64,42.52],"_nz":"准噶尔汗国","_sz":""},"geometry":{"type":"Polygon","coordinates":[[[87.53,49.12],[87.28,49.12],[87.22,49.32],[86.84,49.38],[86.78,49.58],[86.24,49.52],[86.27,49.58],[85.94,49.58],[85.97,49.65],[85.22,49.65],[84.58,49.38],[84.5,49.38],[84.19,48.92],[83.84,48.72],[82.39,48.65],[81.94,48.39],[80.55,48.26],[80.1,47.99],[79.92,47.6],[79.39,47.14],[79.28,46.87],[79.25,46.81],[79.33,46.81],[79.25,46.61],[79.09,46.61],[78.97,46.35],[78.46,46.28],[77.8,46.28],[77.83,46.35],[77.36,46.41],[77.39,46.48],[75.45,46.55],[75.32,46.41],[75.07,46.41],[74.88,46.35],[74.75,46.02],[74.32,45.96],[74.12,45.43],[74.25,45.37],[74.13,45.04],[74.05,45.04],[74.01,44.71],[74.09,44.71],[74.1,44.32],[74.18,44.32],[74.17,44.06],[74.25,44.06],[74.2,43.93],[74.28,43.93],[74.23,43.8],[74.34,43.67],[74.25,43.41],[74.33,43.41],[74.03,42.82],[73.38,42.11],[73.61,41.85],[73.6,41.59],[73.68,41.59],[73.63,41.46],[73.78,41.2],[73.76,41.13],[73.73,40.81],[73.85,40.68],[73.68,40.16],[73.4,39.51],[73.69,39.45],[73.61,39.19],[73.79,39],[73.63,38.22],[73.71,38.22],[73.62,37.9],[73.7,37.9],[73.66,37.51],[73.78,37.38],[73.69,37.06],[73.8,36.87],[74.11,36.87],[74.55,37.06],[75.31,37],[75.41,36.8],[75.78,36.74],[75.96,36.55],[75.97,36.03],[76.09,35.9],[76.56,35.9],[76.72,35.64],[77.07,35.52],[77.15,35.52],[77.98,35.45],[78.09,35.58],[78.33,35.58],[78.48,35.84],[78.65,35.9],[79.44,35.97],[79.74,35.64],[80.15,35.45],[80.22,35.45],[81.48,35.52],[81.67,35.39],[82.02,35.52],[82.35,35.84],[82.74,35.84],[82.81,35.58],[83.28,35.58],[83.88,35.77],[84.63,35.71],[85,35.9],[85.7,35.9],[85.89,35.77],[86.24,35.9],[86.52,36.29],[86.8,36.42],[87.24,36.35],[88.67,36.67],[89.71,36.55],[89.83,36.42],[90.26,36.55],[91.25,36.48],[91.39,36.67],[91.31,36.67],[91.36,36.8],[90.94,36.93],[91,37.13],[91.46,37.32],[91.53,37.51],[91.4,37.58],[91.45,37.71],[91.28,37.9],[90.94,38.03],[91.04,38.29],[90.88,38.48],[90.95,38.67],[92.59,39.26],[92.75,39.64],[93.2,39.97],[93.92,40.74],[94.29,41.39],[94.48,41.46],[94.88,41.98],[95.73,42.76],[95.9,43.28],[95.77,43.34],[95.77,43.67],[95.53,43.99],[95.32,44.06],[95.34,44.25],[94.81,44.32],[94.71,44.45],[94.55,44.45],[94.58,44.52],[94.42,44.52],[94.45,44.58],[93.95,44.71],[93.8,44.91],[92.86,44.97],[92.89,45.04],[91.75,45.04],[91.79,45.1],[91.01,45.17],[90.91,45.3],[90.74,45.3],[90.59,45.5],[90.99,46.15],[90.91,46.15],[91.01,46.68],[90.17,47.8],[89.71,47.86],[89.61,47.99],[89.03,47.99],[88.94,48.13],[88.77,48.13],[88.8,48.19],[88.64,48.19],[88.62,48.32],[88.32,48.39],[88.31,48.52],[88.06,48.52],[87.9,48.85],[87.73,48.85],[87.82,49.18],[87.74,49.18],[87.65,49.18],[87.57,49.18],[87.53,49.12]]]}},{"type":"Feature","properties":{"NAME":"Kingdom of Champasak","C":3,"name":"Kingdom of Champasak","start_year":1709,"end_year":1774,"capital":"","type":"polity","region":"","event":"","source":"Cliopatria / Seshat Global History Databank (CC BY 4.0)","wikipedia":"Champasak","wikidata":"Q403369","_a":6,"_c":[106.48,15.1],"_nz":"占巴塞王国","_sz":""},"geometry":{"type":"Polygon","coordinates":[[[107.57,14.94],[107.69,15.33],[107.3,15.65],[107.5,16.04],[107.02,16.29],[106.73,16.29],[106.47,16.04],[106.19,16.1],[106.01,15.91],[105.43,15.97],[105.4,15.78],[105.68,15.65],[105.52,15.01],[105.65,14.94],[105.61,14.62],[105.28,14.3],[105.26,14.17],[105.69,14.11],[106.03,13.91],[106.17,14.43],[106.63,14.56],[106.89,14.3],[107.51,14.56],[107.62,14.81],[107.56,14.88],[107.57,14.94]]]}},{"type":"Feature","properties":{"NAME":"Kingdom of Luang Phrabang","C":6,"name":"Kingdom of Luang Phrabang","start_year":1709,"end_year":1733,"capital":"","type":"polity","region":"","event":"","source":"Cliopatria / Seshat Global History Databank (CC BY 4.0)","wikipedia":"Luang Prabang","wikidata":"Q190165","_a":25,"_c":[102.57,20.12],"_nz":"琅勃拉邦王国","_sz":""},"geometry":{"type":"Polygon","coordinates":[[[104.51,19.06],[104.02,19.25],[103.97,19.38],[104.08,19.64],[104.53,19.64],[104.85,19.83],[104.98,20.15],[104.65,20.41],[104.5,20.41],[104.79,20.79],[104.73,21.37],[104.59,21.37],[104.56,21.69],[104.42,21.69],[104.45,21.89],[104.18,22.08],[104.2,22.21],[104.07,22.27],[103.96,22.53],[103.77,22.72],[103.32,22.72],[103.22,22.53],[102.92,22.53],[102.87,22.66],[102.58,22.72],[102.15,22.4],[101.72,22.46],[101.64,22.01],[101.88,21.63],[101.81,21.18],[101.36,21.18],[101.32,21.37],[101.18,21.44],[100.69,21.18],[100.64,20.86],[100.41,20.79],[100.15,20.54],[100.19,20.34],[100.42,20.34],[100.54,20.21],[100.6,20.09],[100.46,19.7],[100.66,19.51],[101.18,19.57],[101.31,19.44],[101.28,19.25],[101.4,19.06],[101.35,18.74],[101.18,18.61],[101.13,18.29],[101.27,18.22],[101.02,17.51],[101.31,17.51],[102.33,18.35],[102.55,18.86],[102.71,18.93],[102.68,19.19],[103.12,19.19],[103.76,18.54],[104.45,18.67],[104.56,18.93],[104.51,19.06]]]}},{"type":"Feature","properties":{"NAME":"Beylik of Tunis","C":10,"name":"Beylik of Tunis","start_year":1709,"end_year":1756,"capital":"","type":"polity","region":"","event":"","source":"Cliopatria / Seshat Global History Databank (CC BY 4.0)","wikipedia":"Beylik of Tunis","wikidata":"Q4899891","_a":13,"_c":[9.5,35.23],"_nz":"突尼斯贝伊国","_sz":""},"geometry":{"type":"MultiPolygon","coordinates":[[[[10.77,33.91],[11.08,33.91],[11,33.65],[10.7,33.71],[10.7,33.91],[10.77,33.91]]],[[[11.08,35.58],[11.08,35.39],[11.01,35.39],[11.08,35],[10.85,34.94],[10.85,34.81],[10.54,34.55],[10,34.29],[10.08,34.23],[10.01,33.91],[10.39,33.71],[10.47,33.71],[10.31,33.33],[10.08,33.14],[10.01,33.14],[9.55,33.2],[9.62,33.46],[9.32,33.59],[9.24,33.84],[9.08,33.91],[9.08,34.04],[8.93,34.04],[8.93,34.16],[8.31,34.29],[8.08,34.23],[8,34.42],[7.92,34.42],[8,34.55],[8.15,34.55],[8.46,35.19],[8.37,35.71],[8.3,35.71],[8.37,36.35],[8.21,36.55],[8.29,36.61],[8.36,36.61],[8.59,36.8],[8.59,36.93],[8.67,36.93],[8.9,37.13],[9.06,37.06],[9.6,37.32],[9.99,37.19],[10.23,37.25],[10.23,37.06],[10.31,37.06],[10.23,36.8],[10.46,36.74],[11.01,37],[11.01,36.8],[10.46,36.42],[10.54,36.35],[10.46,35.9],[10.85,35.71],[10.85,35.64],[11.08,35.58]]]]}},{"type":"Feature","properties":{"NAME":"Papal States","C":4,"name":"Papal States","start_year":1709,"end_year":1733,"capital":"","type":"polity","region":"","event":"","source":"Cliopatria / Seshat Global History Databank (CC BY 4.0)","wikipedia":"Papal States","wikidata":"Q170174","_a":12,"_c":[12.45,43.09],"_nz":"教皇国","_sz":""},"geometry":{"type":"MultiPolygon","coordinates":[[[[11.57,42.37],[11.57,42.3],[11.49,42.3],[11.49,42.37],[11.57,42.37]]],[[[13.75,43.08],[13.83,43.08],[13.83,43.02],[13.91,43.02],[13.91,42.95],[13.58,42.89],[13.34,42.69],[13.1,42.69],[12.86,42.5],[13.01,42.04],[13.33,41.98],[13.41,41.85],[13.8,41.85],[13.96,41.72],[14.04,41.52],[13.79,41.2],[13.71,41.2],[13.4,41.33],[13,41.33],[12.92,41.46],[12.6,41.52],[12.13,41.91],[12.13,42.04],[11.73,42.17],[11.65,42.37],[11.57,42.37],[11.74,42.63],[12.06,42.76],[12.06,42.95],[11.98,42.95],[11.98,43.15],[11.82,43.21],[11.82,43.34],[12.14,43.41],[12.23,43.6],[11.74,43.8],[11.67,44.25],[11.51,44.39],[10.86,44.25],[10.86,44.32],[10.86,44.39],[10.94,44.39],[10.94,44.45],[11.02,44.45],[11.02,44.52],[11.1,44.71],[11.35,44.84],[11.35,44.97],[12.24,44.97],[12.24,44.84],[12.16,44.84],[12.15,44.45],[12.31,44.19],[12.87,43.8],[13.04,43.86],[13.03,43.73],[13.36,43.67],[13.75,43.28],[13.75,43.21],[13.75,43.15],[13.75,43.08]]]]}},{"type":"Feature","properties":{"NAME":"Kingdom of Mysore","C":7,"name":"Kingdom of Mysore","start_year":1709,"end_year":1798,"capital":"","type":"polity","region":"","event":"","source":"Cliopatria / Seshat Global History Databank (CC BY 4.0)","wikipedia":"Kingdom of Mysore","wikidata":"Q266923","_a":15,"_c":[76.51,12.55],"_nz":"迈索尔王国","_sz":""},"geometry":{"type":"Polygon","coordinates":[[[74.69,13.66],[75.01,12.51],[76.02,12.65],[76.1,12.2],[76.31,11.94],[76.27,11.71],[76.92,10.43],[77.32,10.47],[77.87,11.56],[77.54,12.36],[78.32,13.09],[78.17,13.92],[77.6,14.6],[77.16,14.67],[75.76,13.64],[75.22,13.5],[74.69,13.66]]]}},{"type":"Feature","properties":{"NAME":"Khanate of Kokand","C":9,"name":"Khanate of Kokand","start_year":1709,"end_year":1787,"capital":"","type":"polity","region":"","event":"","source":"Cliopatria / Seshat Global History Databank (CC BY 4.0)","wikipedia":"Khanate of Kokand","wikidata":"Q696241","_a":15,"_c":[71.29,40.81],"_nz":"浩罕汗国","_sz":""},"geometry":{"type":"Polygon","coordinates":[[[73.78,41.2],[73.63,41.46],[73.68,41.59],[73.6,41.59],[73.61,41.85],[73.38,42.11],[72.74,42.11],[72.31,42.24],[70.81,41.59],[70.75,41.39],[70.55,41.26],[69.37,41.07],[68.72,40.48],[68.88,40.23],[69.11,40.23],[69.35,39.97],[69.32,39.58],[70.58,39.58],[70.84,39.38],[71.27,39.51],[71.58,39.77],[72.19,39.71],[73.68,40.16],[73.85,40.68],[73.73,40.81],[73.76,41.13],[73.78,41.2]]]}},{"type":"Feature","properties":{"NAME":"Ayutthaya Kingdom","C":9,"name":"Ayutthaya Kingdom","start_year":1709,"end_year":1733,"capital":"","type":"polity","region":"","event":"","source":"Cliopatria / Seshat Global History Databank (CC BY 4.0)","wikipedia":"Ayutthaya Kingdom","wikidata":"Q841364","_a":81,"_c":[100.71,12.6],"_nz":"阿瑜陀耶王国","_sz":""},"geometry":{"type":"Polygon","coordinates":[[[102.74,12.05],[102.84,12.31],[102.41,13.01],[102.39,13.53],[102.71,13.72],[102.9,14.11],[103.23,14.36],[103.45,14.36],[103.61,14.49],[103.29,14.81],[103.23,15.52],[103.05,15.78],[103.06,16.36],[103.23,16.55],[102.1,16.87],[101.73,16.87],[101.61,17.06],[101.47,17.06],[101.31,17.51],[101.02,17.51],[101.27,18.22],[101.13,18.29],[101.18,18.61],[101.35,18.74],[101.4,19.06],[101.28,19.25],[101.31,19.44],[101.18,19.57],[100.66,19.51],[100.63,19.31],[100.75,19.12],[100.59,19.06],[100.57,18.93],[100.19,18.86],[99.76,18.48],[99.61,18.48],[99.58,18.29],[98.64,18.41],[98.29,18.03],[97.84,17.96],[97.8,17.71],[97.94,17.64],[97.92,17.51],[98.63,16.81],[98.64,16.36],[98.93,16.36],[98.91,16.16],[98.67,16.04],[98.67,15.52],[98.26,15.2],[98.23,14.94],[98.54,14.49],[98.18,13.91],[98.17,13.85],[98.54,13.21],[98.52,13.01],[98.65,12.82],[98.61,11.73],[98.76,11.73],[98.65,11.41],[98.7,11.09],[98.6,10.83],[98.45,10.76],[98.51,9.8],[98.13,8.71],[98.21,7.74],[98.43,7.81],[98.38,8.13],[98.47,8.32],[98.62,8.32],[98.67,8.06],[98.95,7.94],[98.94,7.68],[99.22,7.61],[99.28,7.29],[99.49,7.29],[99.48,7.1],[99.63,7.1],[99.61,6.84],[99.95,6.52],[100.03,6.52],[100.33,6.65],[100.39,6.52],[100.68,6.46],[101.09,6.07],[101,5.69],[101.14,5.62],[101.45,5.88],[101.73,5.75],[101.88,5.75],[102.05,6.26],[102.06,6.33],[101.77,6.46],[101.72,6.71],[101.51,6.91],[100.85,6.91],[100.65,7.16],[100.51,7.16],[100.53,7.49],[100.38,7.49],[100.47,7.68],[100.34,7.87],[100.3,8.39],[100.09,8.45],[99.96,8.71],[99.93,9.29],[99.27,9.29],[99.29,9.54],[99.16,9.67],[99.28,10.19],[99.21,10.31],[99.57,11.09],[99.6,11.41],[99.85,11.73],[99.88,11.99],[100.03,12.05],[100.1,13.4],[100.56,13.53],[100.99,13.46],[100.83,12.63],[101.55,12.56],[101.79,12.69],[102.11,12.31],[102.26,12.31],[102.22,11.99],[102.44,11.99],[102.6,12.11],[102.67,12.05],[102.74,12.05]]]}},{"type":"Feature","properties":{"NAME":"Kingdom of Lunda","C":6,"name":"Kingdom of Lunda","start_year":1709,"end_year":1855,"capital":"","type":"polity","region":"","event":"","source":"Cliopatria / Seshat Global History Databank (CC BY 4.0)","wikipedia":"Kingdom of Lunda","wikidata":"Q1796223","_a":15,"_c":[14.19,-6.46],"_nz":"隆达王国","_sz":""},"geometry":{"type":"Polygon","coordinates":[[[16.01,-6.14],[15.94,-6.14],[15.94,-5.89],[16.01,-5.89],[15.94,-5.69],[16.16,-5.11],[15.79,-5.05],[15.79,-4.79],[15.35,-4.6],[15.35,-4.73],[14.7,-4.73],[14.55,-4.86],[14.62,-4.99],[13.82,-5.18],[13.61,-5.56],[13.17,-5.69],[13.1,-5.82],[12.88,-5.82],[12.66,-6.01],[12.22,-6.01],[12.22,-6.46],[12.74,-7.04],[12.74,-7.36],[13.18,-8.14],[13.18,-8.33],[13.91,-8.33],[14.13,-8.2],[14.27,-7.94],[14.42,-7.94],[14.27,-7.62],[14.41,-7.36],[14.71,-7.43],[15.07,-7.75],[15.36,-7.69],[15.29,-7.56],[15.36,-7.36],[15.95,-7.49],[16.16,-6.98],[16.01,-6.21],[16.01,-6.14]]]}},{"type":"Feature","properties":{"NAME":"Spanish Empire","C":0,"name":"Spanish Empire","start_year":1713,"end_year":1717,"capital":"","type":"polity","region":"","event":"","source":"Cliopatria / Seshat Global History Databank (CC BY 4.0)","wikipedia":"Spanish Empire","wikidata":"Q80702","_a":20425,"_c":[16.2,-3.18],"_nz":"西班牙帝国","_sz":""},"geometry":{"type":"MultiPolygon","coordinates":[[[[-74.03,-42.44],[-73.46,-42.24],[-73.69,-42.57],[-73.72,-42.63],[-73.64,-42.63],[-73.65,-42.83],[-74.1,-42.76],[-74.03,-42.44]]],[[[-73.21,-40.04],[-73.9,-40.17],[-73.82,-39.97],[-73.53,-39.84],[-73.58,-39.78],[-73.39,-39.52],[-73.37,-39.46],[-73.13,-39.46],[-73.18,-39.59],[-73,-39.72],[-73.05,-39.84],[-73.21,-40.04]]],[[[-75.34,-10.84],[-75.34,-10.77],[-75.27,-10.77],[-75.27,-10.84],[-75.34,-10.84]]],[[[-106.64,35],[-106.73,34.87],[-106.97,34.87],[-106.97,34.55],[-107.09,34.49],[-106.83,33.59],[-106.99,33.59],[-106.99,33.26],[-107.07,33.26],[-106.69,32.56],[-106.06,31.98],[-106.23,31.85],[-106.18,31.53],[-104.94,30.69],[-104.5,29.73],[-103.62,29.15],[-103.04,29.02],[-103.03,29.22],[-102.85,29.34],[-102.81,29.67],[-102.3,29.92],[-102.07,29.92],[-101.42,29.79],[-100.57,29.09],[-100.17,28.32],[-99.86,28.06],[-99.69,27.74],[-99.52,27.67],[-99.48,27.54],[-99.65,27.61],[-99.74,27.42],[-99.89,27.42],[-99.85,27.29],[-99.97,27.16],[-99.84,26.71],[-99.02,26.19],[-98.86,25.87],[-98.71,25.87],[-98.66,25.68],[-98.76,25.49],[-98.61,25.49],[-98.58,25.36],[-98.79,25.29],[-98.9,25.16],[-98.87,25.04],[-99.01,24.97],[-99.02,24.71],[-99.2,24.52],[-99.15,24.01],[-99.23,24.01],[-99.17,23.75],[-98.29,22.79],[-98.08,22.85],[-98.1,23.3],[-97.98,23.43],[-98.1,23.94],[-97.97,24.07],[-98.12,24.71],[-97.93,24.84],[-98.07,25.42],[-97.82,25.62],[-97.6,25.62],[-97.62,26],[-97.09,26],[-97.05,25.81],[-97.12,25.81],[-97.17,25.42],[-97.68,25.36],[-97.56,24.84],[-97.63,24.84],[-97.63,24.52],[-97.78,24.52],[-97.62,24.14],[-97.69,24.14],[-97.62,23.81],[-97.69,23.81],[-97.58,23.3],[-97.66,23.3],[-97.6,23.04],[-97.75,22.66],[-97.54,21.63],[-97.37,21.5],[-97.19,20.92],[-96.51,20.09],[-96.25,19.44],[-95.77,18.8],[-94.77,18.61],[-94.48,18.22],[-94.04,18.22],[-93.49,18.48],[-92.62,18.54],[-92.5,18.74],[-91.84,18.74],[-91.79,18.48],[-91.5,18.48],[-91.45,18.61],[-91.3,18.61],[-91.35,18.93],[-90.81,19.25],[-90.74,19.7],[-90.48,19.89],[-90.49,20.41],[-90.42,20.41],[-90.32,21.11],[-90.17,21.11],[-89.98,21.31],[-89.18,21.37],[-88.48,21.63],[-87.34,21.5],[-87.22,21.63],[-86.92,21.63],[-86.75,21.5],[-86.66,20.99],[-86.85,20.79],[-86.83,20.66],[-87.04,20.6],[-87.35,20.21],[-87.29,19.89],[-87.55,19.64],[-87.39,19.57],[-87.37,19.44],[-87.49,19.31],[-87.45,19.06],[-87.73,18.48],[-87.7,18.29],[-87.91,18.22],[-88.04,18.54],[-87.96,18.54],[-87.99,18.74],[-88.13,18.67],[-88.17,18.48],[-88.25,18.48],[-88.39,18.48],[-88.76,17.96],[-89.05,17.96],[-89.18,17.84],[-89.03,17.39],[-89.11,17.39],[-89.11,15.91],[-88.82,15.91],[-88.74,15.91],[-88.3,15.91],[-88.21,15.78],[-87.99,15.78],[-87.93,15.91],[-87.49,15.91],[-87.25,15.78],[-86.44,15.78],[-86.02,15.91],[-85.96,16.04],[-85.67,16.04],[-85.36,15.91],[-84.63,15.97],[-84.54,15.84],[-84.1,15.84],[-83.93,15.71],[-83.83,15.46],[-84.34,15.46],[-84.23,15.14],[-83.82,14.81],[-83.61,14.3],[-83.91,13.66],[-83.78,13.14],[-83.92,13.08],[-83.9,12.89],[-83.98,12.89],[-84.11,11.09],[-84.03,11.09],[-84.04,11.15],[-83.97,11.15],[-83.96,11.09],[-83.74,11.09],[-83.58,10.96],[-83.56,10.7],[-83.23,10.19],[-82.85,9.93],[-82.84,9.8],[-82.61,9.61],[-82.31,9.48],[-82.21,9.03],[-82.06,8.96],[-81.84,8.96],[-81.92,9.16],[-81.78,9.16],[-81.47,8.84],[-81.03,8.84],[-80.53,9.16],[-79.96,9.29],[-79.69,9.61],[-78.96,9.61],[-78.95,9.48],[-78.51,9.48],[-77.99,9.29],[-77.74,8.9],[-77.51,8.71],[-77.3,8.71],[-77.13,8.39],[-76.83,8.19],[-76.93,8.64],[-76.29,9.03],[-76.09,9.41],[-75.66,9.48],[-75.64,10.31],[-75.5,10.38],[-75.58,10.51],[-75.44,10.7],[-75.23,10.76],[-75.24,10.89],[-74.96,11.15],[-74.52,11.09],[-74.36,10.89],[-74.17,11.34],[-73.15,11.41],[-72.81,11.73],[-72.24,11.92],[-72.19,12.24],[-71.9,12.31],[-71.84,12.44],[-71.33,12.44],[-71.1,12.31],[-71.07,11.99],[-71.28,11.79],[-71.92,11.6],[-71.82,11.21],[-71.59,11.09],[-71.65,10.83],[-71.5,10.83],[-71.02,11.21],[-70.15,11.41],[-70.09,11.54],[-69.79,11.47],[-69.8,11.6],[-69.66,11.66],[-69.57,11.47],[-68.99,11.54],[-68.46,11.34],[-68.31,11.21],[-68.19,10.51],[-67.46,10.51],[-67.17,10.64],[-66.37,10.7],[-66.15,10.64],[-65.84,10.31],[-65.25,10.19],[-65.09,10.06],[-64.8,10.12],[-64.6,10.31],[-64.38,10.31],[-64.38,10.44],[-64.09,10.51],[-64.03,10.7],[-61.91,10.76],[-61.98,10.57],[-62.85,10.51],[-62.84,10.38],[-62.62,10.38],[-62.62,10.25],[-62.47,10.25],[-62.3,9.8],[-62.23,9.93],[-61.95,9.99],[-61.79,9.8],[-61.43,9.86],[-61.34,9.67],[-60.83,9.54],[-60.74,9.29],[-61.03,9.09],[-61.01,8.77],[-61.15,8.71],[-61.15,8.58],[-61.51,8.58],[-61.58,8.45],[-62.09,8.39],[-62.23,8.32],[-62.16,8.19],[-62.67,8.26],[-62.81,8.13],[-63.76,8.13],[-64.19,7.94],[-64.71,8.06],[-64.99,7.87],[-64.91,7.61],[-65.12,7.55],[-65.27,7.55],[-65.43,7.81],[-65.87,7.87],[-65.93,7.74],[-66.44,7.61],[-66.79,7.23],[-67.01,7.16],[-67.06,6.65],[-67.28,6.71],[-67.42,6.59],[-68.37,6.52],[-68.66,6.39],[-69.46,6.33],[-69.53,6.2],[-69.96,6.2],[-69.96,6.07],[-70.98,5.88],[-71.98,5.43],[-72.12,5.24],[-72.27,5.3],[-72.41,5.11],[-72.56,5.17],[-73.64,4.59],[-73.78,4.46],[-73.78,4.27],[-73.93,4.34],[-73.99,4.08],[-74.5,3.82],[-74.78,3.24],[-75,3.11],[-75,2.92],[-75.14,2.99],[-75.21,2.79],[-75.43,2.66],[-75.43,2.54],[-75.79,2.21],[-75.86,1.96],[-76.23,1.57],[-76.15,1.38],[-76.37,1.31],[-76.3,1.19],[-76.44,1.06],[-76.44,0.86],[-76.59,0.8],[-76.81,0.41],[-76.74,0.22],[-76.88,0.22],[-76.96,0.09],[-76.87,-0.1],[-77.02,-0.1],[-77.16,-0.49],[-77.09,-0.74],[-77.31,-0.87],[-77.24,-1.06],[-77.39,-1.06],[-77.54,-1.45],[-77.62,-2.09],[-77.55,-2.16],[-77.63,-2.16],[-77.64,-2.74],[-77.71,-2.74],[-77.64,-2.93],[-77.79,-2.93],[-77.8,-3.25],[-77.87,-3.25],[-77.85,-4.92],[-77.72,-5.24],[-77.81,-5.69],[-77.61,-6.08],[-77.69,-6.27],[-77.49,-6.59],[-77.5,-6.85],[-76.84,-8.07],[-76.62,-8.2],[-76.56,-8.39],[-76.34,-8.39],[-76.24,-9.1],[-76.05,-9.49],[-75.91,-9.55],[-75.92,-9.74],[-75.53,-10.39],[-75.48,-10.71],[-75.33,-10.71],[-75.42,-10.84],[-75.17,-11.35],[-74.66,-11.48],[-73.87,-12.44],[-73.24,-12.76],[-72.3,-12.89],[-72.16,-13.02],[-71.94,-13.02],[-71.88,-13.15],[-71.66,-13.09],[-71.64,-12.96],[-71.5,-13.02],[-71.49,-12.89],[-71.26,-12.76],[-70.67,-12.76],[-70.39,-12.89],[-69.38,-13.02],[-69.24,-13.15],[-69.02,-13.09],[-69.03,-13.21],[-68.74,-13.28],[-68.37,-13.28],[-68.09,-13.41],[-67.96,-13.6],[-67.82,-13.6],[-67.69,-13.79],[-66.76,-14.11],[-66.43,-14.44],[-66,-14.56],[-65.67,-14.89],[-64.87,-15.01],[-64.32,-15.34],[-63.8,-15.34],[-63.75,-15.53],[-63.12,-15.85],[-62.59,-16.36],[-62.56,-16.75],[-62.48,-16.75],[-62.58,-17.59],[-62.98,-18.49],[-63,-19.26],[-62.93,-19.26],[-63.13,-20.22],[-63.2,-20.22],[-63.18,-20.61],[-63.32,-20.61],[-63.47,-21.12],[-63.4,-21.19],[-63.55,-21.19],[-63.66,-21.44],[-63.81,-22.02],[-63.74,-22.09],[-64.04,-22.6],[-64.15,-23.37],[-64.08,-23.37],[-64.19,-23.63],[-64.07,-23.82],[-64.07,-24.79],[-63.81,-25.43],[-63.66,-25.43],[-63.75,-25.56],[-63.65,-25.82],[-63.27,-26.2],[-62.72,-26.46],[-62.14,-26.59],[-61.83,-26.52],[-61.85,-26.65],[-61.4,-26.65],[-61.05,-26.78],[-59.61,-26.72],[-58.85,-26.27],[-58.29,-25.56],[-58.16,-25.24],[-58,-25.17],[-58.06,-25.04],[-57.77,-24.66],[-57.76,-24.59],[-57.5,-24.34],[-57.13,-24.34],[-57,-24.47],[-57.34,-25.24],[-57.87,-25.75],[-58.09,-26.2],[-58.25,-26.27],[-58.43,-26.84],[-58.31,-27.04],[-58.36,-27.29],[-58.37,-27.36],[-58.75,-29.99],[-58.64,-30.19],[-58.75,-30.32],[-58.53,-30.38],[-58.58,-30.57],[-58.27,-30.89],[-58.56,-32.76],[-58.49,-32.76],[-58.51,-33.14],[-58.25,-33.34],[-58.36,-33.46],[-58.28,-33.46],[-58.35,-33.72],[-58.27,-33.72],[-58.37,-33.79],[-58.39,-34.17],[-58.58,-34.3],[-58.55,-34.49],[-59.08,-34.43],[-60.29,-33.79],[-61.01,-33.91],[-61.37,-34.11],[-61.61,-34.11],[-61.72,-34.24],[-61.93,-34.17],[-62.1,-34.24],[-62.06,-34.36],[-62.37,-34.36],[-63.06,-34.62],[-63.6,-34.62],[-63.56,-34.49],[-64.35,-34.3],[-67.86,-34.43],[-68.76,-34.62],[-68.98,-34.82],[-69.77,-34.88],[-70.36,-35.27],[-70.76,-36.23],[-70.7,-36.3],[-71.2,-36.62],[-71.29,-36.88],[-71.22,-36.88],[-71.28,-37.07],[-71.21,-37.07],[-71.28,-37.26],[-71.2,-37.26],[-71.28,-37.71],[-71.2,-37.71],[-71.35,-37.91],[-71.59,-37.91],[-71.54,-37.78],[-71.7,-37.78],[-71.78,-37.58],[-72.83,-37.46],[-73.01,-37.33],[-72.97,-37.2],[-73.12,-37.2],[-73.08,-36.88],[-73.34,-36.94],[-72.98,-36.36],[-72.76,-35.52],[-72.42,-35.2],[-72.1,-33.98],[-71.91,-33.85],[-71.81,-33.53],[-71.92,-33.4],[-71.63,-32.69],[-71.71,-32.69],[-71.61,-32.37],[-71.76,-32.11],[-71.71,-31.66],[-71.83,-31.54],[-71.77,-31.34],[-71.85,-31.34],[-71.86,-30.83],[-71.94,-30.83],[-71.8,-30.32],[-71.63,-30.25],[-71.42,-29.74],[-71.5,-29.74],[-71.49,-29.42],[-71.73,-29.16],[-71.65,-28.84],[-71.32,-28.39],[-71.26,-27.81],[-71.18,-27.81],[-70.78,-26.27],[-70.89,-26.07],[-70.88,-25.62],[-70.62,-25.43],[-70.57,-25.17],[-70.74,-24.85],[-70.62,-23.76],[-70.53,-23.63],[-70.81,-23.5],[-70.75,-23.18],[-70.51,-23.05],[-70.4,-22.79],[-70.27,-21.96],[-70.18,-21.38],[-70.26,-21.38],[-70.22,-21.12],[-70.3,-21.12],[-70.3,-20.61],[-70.37,-20.61],[-70.26,-19.84],[-70.34,-19.84],[-70.3,-19.58],[-70.38,-19.58],[-70.43,-18.94],[-70.51,-18.94],[-70.44,-18.42],[-70.59,-18.42],[-70.98,-18.04],[-71.33,-17.91],[-71.5,-17.52],[-71.64,-17.46],[-71.62,-17.33],[-72.05,-17.2],[-72.44,-16.81],[-73.01,-16.69],[-73.21,-16.49],[-73.99,-16.24],[-74.31,-15.91],[-74.74,-15.79],[-74.8,-15.66],[-75.22,-15.53],[-75.47,-15.14],[-76.08,-14.69],[-76.19,-14.37],[-76.46,-14.18],[-76.42,-13.79],[-76.35,-13.79],[-76.38,-13.41],[-76.64,-13.09],[-76.75,-12.7],[-76.89,-12.64],[-76.94,-12.38],[-77.28,-12.12],[-77.32,-11.67],[-77.8,-11.35],[-77.77,-11.03],[-78.36,-10.06],[-78.34,-9.87],[-78.86,-8.97],[-78.98,-8.46],[-79.59,-7.75],[-79.71,-7.3],[-79.85,-7.24],[-79.98,-6.91],[-80.75,-6.34],[-81.33,-6.14],[-81.32,-5.89],[-81.02,-5.82],[-81.01,-5.63],[-81.29,-5.31],[-81.28,-4.92],[-81.42,-4.86],[-81.47,-4.41],[-81.17,-3.96],[-80.95,-3.83],[-80.94,-3.7],[-80.05,-3.12],[-80.04,-2.86],[-80.19,-2.86],[-80.19,-3.06],[-80.41,-3.06],[-80.33,-2.67],[-80.55,-2.67],[-81.12,-2.29],[-81.12,-2.16],[-80.9,-2.09],[-80.96,-1.39],[-80.89,-1.32],[-81.03,-1.19],[-81.03,-0.94],[-80.66,-0.81],[-80.58,-0.23],[-80.29,-0.04],[-80.3,0.09],[-80.16,0.22],[-80.23,0.86],[-79.06,1.25],[-78.99,1.51],[-79.14,1.57],[-79.14,1.76],[-78.7,1.83],[-78.78,2.34],[-78.49,2.54],[-77.91,2.6],[-77.77,3.11],[-77.26,3.63],[-77.27,3.82],[-77.41,3.82],[-77.56,4.08],[-77.57,4.27],[-77.42,4.27],[-77.53,5.69],[-77.32,5.81],[-77.54,6.07],[-77.41,6.52],[-77.73,7.04],[-78.33,7.55],[-78.5,7.94],[-78.51,8.13],[-78.29,8.13],[-78.23,8.45],[-78.52,8.45],[-78.53,8.58],[-79.06,8.96],[-79.64,8.9],[-79.77,8.51],[-79.98,8.32],[-80.41,8.26],[-80.32,7.94],[-80.02,7.74],[-80,7.42],[-80.37,7.36],[-80.58,7.16],[-80.94,7.16],[-81.05,7.87],[-81.18,7.61],[-81.47,7.61],[-81.94,8.19],[-82.23,8.19],[-82.46,8.32],[-82.96,8.19],[-83.19,8.39],[-83.2,8.58],[-83.28,8.58],[-83.26,8.32],[-83.71,8.45],[-83.73,8.77],[-83.59,8.9],[-83.67,9.09],[-84.12,9.29],[-84.28,9.48],[-84.57,9.48],[-84.83,9.99],[-84.9,9.99],[-84.88,9.67],[-85.24,9.61],[-85.48,9.86],[-85.78,9.99],[-85.89,10.44],[-85.68,10.64],[-85.84,10.76],[-85.85,10.96],[-85.72,11.09],[-86.58,11.79],[-86.92,12.31],[-87.55,12.69],[-87.66,13.08],[-87.44,13.08],[-87.28,12.95],[-87.47,13.34],[-87.76,13.34],[-87.74,13.14],[-88.85,13.21],[-89.24,13.46],[-89.91,13.53],[-90.47,13.91],[-91.35,13.91],[-92.47,14.69],[-92.75,15.14],[-93.83,15.97],[-93.98,15.97],[-94.15,16.16],[-94.67,16.16],[-94.77,16.36],[-94.95,16.1],[-96.21,15.65],[-96.73,15.65],[-97.05,15.84],[-97.72,15.91],[-98.06,16.16],[-98.43,16.23],[-98.85,16.55],[-99.69,16.68],[-100.02,16.94],[-101.11,17.26],[-101.9,17.96],[-102.26,17.9],[-103.19,18.16],[-103.52,18.35],[-103.83,18.8],[-105.05,19.38],[-105.54,20.02],[-105.63,20.47],[-105.22,20.66],[-105.46,20.73],[-105.49,20.86],[-105.29,20.99],[-105.32,21.11],[-105.13,21.31],[-105.53,21.82],[-105.7,22.59],[-106.44,23.24],[-106.98,23.94],[-107.59,24.33],[-107.72,24.52],[-107.87,24.52],[-108.11,25.16],[-108.5,25.23],[-108.79,25.49],[-109.02,25.49],[-109.05,25.62],[-109.39,25.74],[-109.43,26.13],[-109.18,26.32],[-109.26,26.58],[-109.85,26.77],[-109.95,27.09],[-110.42,27.16],[-110.62,27.99],[-111.4,29.15],[-111.52,29.86],[-112.08,30.5],[-112.57,31.34],[-111.32,31.98],[-111.13,32.24],[-111.12,32.56],[-110.81,32.56],[-110.55,32.3],[-110.4,32.3],[-110.42,32.36],[-110.12,32.36],[-109.97,32.56],[-109.11,32.69],[-109.14,32.75],[-108.53,32.75],[-108.36,32.88],[-107.74,32.88],[-107.38,32.75],[-107.32,32.62],[-107.1,32.62],[-107.56,33.33],[-107.44,33.39],[-107.49,33.52],[-107.26,33.84],[-107.51,34.55],[-107.37,34.74],[-107.41,35],[-106.89,35.52],[-107.02,35.77],[-106.93,35.9],[-106.99,36.03],[-106.85,36.22],[-106.7,36.22],[-106.76,36.35],[-106.61,36.35],[-106.67,36.48],[-106.36,36.48],[-105.92,36.22],[-105.73,35.84],[-105.3,35.58],[-105.19,35.19],[-105.47,35.13],[-105.48,35],[-105.56,35],[-105.62,34.81],[-106.09,34.81],[-106.35,34.87],[-106.41,35],[-106.64,35]]],[[[-76.3,1.25],[-76.3,1.31],[-76.22,1.31],[-76.22,1.25],[-76.3,1.25]]],[[[-75.14,2.86],[-75.14,2.92],[-75.07,2.92],[-75.07,2.86],[-75.14,2.86]]],[[[-81.69,7.49],[-81.61,7.49],[-81.61,7.36],[-81.9,7.36],[-81.91,7.61],[-81.7,7.68],[-81.69,7.49]]],[[[-78.8,8.26],[-78.88,8.26],[-79.03,8.32],[-78.96,8.45],[-78.81,8.45],[-78.8,8.26]]],[[[-69.85,12.24],[-69.76,12.11],[-69.76,12.05],[-69.73,11.66],[-70.24,11.6],[-70.28,12.11],[-70.14,12.24],[-69.85,12.24]]],[[[-65.52,18.16],[-65.72,17.96],[-66.15,17.9],[-66.23,17.9],[-67.12,17.96],[-67.26,18.48],[-66.16,18.54],[-65.55,18.41],[-65.52,18.16]]],[[[-68.24,18.67],[-68.29,18.41],[-68.43,18.41],[-68.56,18.22],[-69.1,18.41],[-69.84,18.41],[-69.96,18.22],[-70.55,18.22],[-70.57,18.35],[-70.72,18.35],[-70.99,18.22],[-71.28,17.58],[-71.59,17.71],[-71.7,17.96],[-71.71,18.03],[-71.67,18.29],[-71.93,18.61],[-71.72,18.67],[-71.67,18.86],[-71.74,18.86],[-71.76,18.99],[-71.57,19.19],[-71.72,19.76],[-71.73,19.83],[-71.67,19.96],[-70.78,19.96],[-70.23,19.7],[-69.86,19.7],[-69.74,19.38],[-69.44,19.31],[-69.45,19.38],[-69.08,19.38],[-69.06,19.25],[-69.49,19.12],[-68.58,18.99],[-68.56,18.86],[-68.24,18.67]]],[[[-86.67,20.6],[-86.7,20.34],[-86.99,20.28],[-87.02,20.47],[-86.74,20.6],[-86.67,20.6]]],[[[-77.52,21.89],[-77.66,21.82],[-77.06,21.76],[-77.03,21.56],[-76.79,21.5],[-76.77,21.37],[-76.24,21.31],[-75.99,21.11],[-75.63,21.18],[-75.5,20.79],[-74.75,20.73],[-74.32,20.34],[-74.1,20.34],[-74.07,20.15],[-75.21,19.83],[-75.75,19.96],[-76.49,19.96],[-76.91,19.83],[-77.65,19.83],[-77.68,20.02],[-77.55,20.15],[-77.14,20.34],[-77.19,20.66],[-77.93,20.66],[-78.24,20.79],[-78.66,21.56],[-79.25,21.5],[-79.65,21.69],[-79.95,21.69],[-80.37,22.01],[-80.89,22.01],[-82.05,22.27],[-82.08,22.46],[-81.64,22.46],[-81.74,22.66],[-82.64,22.66],[-82.91,22.53],[-83.03,22.34],[-83.18,22.34],[-83.23,22.21],[-83.81,22.14],[-83.92,21.89],[-84.08,21.95],[-84.27,21.76],[-84.41,21.76],[-84.44,21.89],[-84.8,21.82],[-84.76,22.01],[-84.32,22.08],[-84.38,22.4],[-84,22.79],[-83.23,23.04],[-82.78,23.04],[-82.29,23.24],[-81.1,23.24],[-81.08,23.11],[-80.57,23.17],[-80.47,23.04],[-79.85,22.91],[-79.78,22.91],[-79.25,22.46],[-78.57,22.4],[-78,22.08],[-77.64,22.14],[-77.52,21.89]]],[[[-83.04,21.95],[-82.66,21.95],[-82.49,21.82],[-82.48,21.76],[-82.5,21.44],[-82.95,21.44],[-83.09,21.82],[-83.04,21.95]]],[[[-78.42,22.4],[-78.6,22.53],[-78.23,22.59],[-78.2,22.4],[-78.35,22.4],[-78.42,22.4]]],[[[-111.73,26.07],[-111.77,26.19],[-111.7,26.19],[-112.02,26.52],[-112.18,27.03],[-112.09,27.22],[-111.85,27.16],[-111.84,26.9],[-111.61,26.9],[-111.5,26.77],[-111.08,25.62],[-110.91,25.55],[-110.93,25.36],[-110.91,25.29],[-111.64,25.74],[-112.05,25.62],[-112.16,26],[-111.99,25.94],[-111.73,26.07]]],[[[-80.06,27.22],[-79.94,26.71],[-80.01,26.71],[-79.99,25.94],[-80.11,25.81],[-80.15,25.29],[-80.3,25.29],[-80.32,25.04],[-80.47,25.04],[-80.5,25.16],[-81.01,25.1],[-81.19,25.23],[-81.08,25.42],[-81.25,25.55],[-81.3,25.74],[-81.82,26.07],[-81.81,26.39],[-81.98,26.45],[-82.07,26.84],[-82.3,26.84],[-82.5,27.35],[-82.68,27.48],[-82.38,27.8],[-82.42,27.93],[-82.57,27.93],[-82.52,27.74],[-82.74,27.74],[-82.85,28.12],[-82.61,28.64],[-82.71,29.02],[-83.26,29.34],[-83.75,29.99],[-84.22,30.05],[-84.66,29.73],[-85.32,29.67],[-85.4,29.92],[-85.61,30.12],[-86.18,30.24],[-86.34,30.5],[-86.6,30.37],[-87.07,30.44],[-87.26,30.31],[-87.34,30.31],[-87.49,31.01],[-87.42,31.01],[-84.98,31.01],[-85.02,31.14],[-84.95,31.14],[-84.53,31.01],[-84.35,30.69],[-83.59,30.69],[-83.57,30.89],[-81.86,31.01],[-81.87,31.27],[-81.65,31.53],[-81.21,31.59],[-81.15,31.4],[-81.28,31.34],[-81.24,31.21],[-81.43,31.08],[-81.37,30.89],[-81.44,30.89],[-81.19,29.79],[-81.17,29.73],[-80.82,29.02],[-80.62,28.83],[-80.55,28.57],[-80.7,28.57],[-80.63,28.32],[-80.06,27.22]]],[[[-98.43,29.47],[-98.27,29.22],[-98.55,29.15],[-98.71,29.41],[-98.51,29.47],[-98.43,29.47]]],[[[-60.94,10.31],[-61,10.06],[-61.73,10.06],[-61.67,10.25],[-61.45,10.31],[-61.46,10.44],[-61.46,10.51],[-61.61,10.64],[-61.55,10.83],[-60.89,10.83],[-61.03,10.57],[-60.94,10.31]]],[[[119.34,11.15],[119.57,11.21],[119.58,10.7],[119.72,10.57],[120.02,10.64],[120,10.51],[119.32,10.25],[119.14,9.99],[119.07,9.99],[118.85,9.93],[118.73,10.19],[118.97,10.44],[119.19,10.44],[119.34,11.15]]],[[[-63.84,11.21],[-63.76,10.96],[-63.97,10.83],[-64.04,10.83],[-64.26,10.89],[-64.35,11.09],[-64.05,11.02],[-63.84,11.21]]],[[[120.07,11.73],[119.85,11.79],[119.87,11.92],[120.09,11.92],[120.07,11.79],[120.07,11.73]]],[[[119.95,11.99],[119.96,12.05],[119.82,12.11],[119.84,12.31],[120.34,12.18],[120.32,11.99],[119.95,11.99]]],[[[120.34,13.34],[120.37,13.53],[120.74,13.59],[121.31,13.46],[121.44,13.34],[121.42,13.21],[121.56,13.14],[121.55,12.5],[121.29,12.18],[121.22,12.18],[120.95,12.37],[120.84,12.69],[120.7,12.76],[120.67,13.08],[120.34,13.34]]],[[[120.31,13.66],[120.1,13.72],[120.12,13.85],[120.27,13.85],[120.32,13.72],[120.31,13.66]]],[[[121.81,14.88],[121.82,14.94],[121.84,15.07],[122.13,15.01],[122.07,14.62],[121.86,14.69],[121.81,14.88]]],[[[122.26,16.23],[121.87,16.1],[121.6,15.84],[121.49,15.14],[121.59,14.88],[121.79,14.75],[121.67,14.43],[121.84,14.11],[122.08,14.24],[122.19,13.98],[122.4,14.36],[122.76,14.36],[123.04,14.24],[123.12,13.79],[123.27,13.79],[123.24,14.11],[123.52,14.04],[123.58,13.91],[123.87,13.91],[123.92,13.72],[123.61,13.59],[123.81,13.46],[123.84,13.21],[124.14,13.21],[124.12,12.5],[123.9,12.5],[123.79,12.82],[123.65,12.82],[123.45,13.01],[123.23,13.01],[123.34,12.76],[123.06,12.82],[122.93,12.95],[122.96,13.14],[123.24,13.08],[123.27,13.27],[122.8,13.59],[122.69,13.85],[122.54,13.85],[122.52,13.72],[122.74,13.21],[122.52,13.21],[122.48,13.4],[122.16,13.72],[122.01,13.72],[121.82,13.91],[121.5,13.79],[121.4,13.59],[121.04,13.59],[120.85,13.85],[120.62,13.79],[120.62,14.3],[120.95,14.49],[120.97,14.62],[120.62,14.75],[120.64,14.43],[120.35,14.43],[120.31,14.69],[120.04,14.81],[120.03,15.2],[119.86,15.52],[119.91,15.84],[119.77,15.91],[119.81,16.1],[119.73,16.1],[119.78,16.36],[120.01,16.42],[120.11,16.16],[120.4,16.1],[120.39,16.49],[120.31,16.49],[120.46,17.32],[120.35,17.51],[120.61,18.54],[121.44,18.61],[121.68,18.35],[122.05,18.35],[122.16,18.54],[122.39,18.54],[122.43,18.41],[122.29,18.03],[122.28,17.96],[122.22,17.64],[122.54,17.39],[122.5,17.19],[122.64,17.13],[122.26,16.23]]],[[[-17.99,27.8],[-18,27.87],[-17.85,27.87],[-17.9,27.61],[-18.06,27.67],[-17.99,27.8]]],[[[-15.36,27.8],[-15.43,27.8],[-15.73,27.74],[-15.83,28.06],[-15.76,28.19],[-15.3,28.12],[-15.36,27.8]]],[[[-17.25,27.99],[-17.35,28.19],[-17.12,28.25],[-17.03,28.06],[-17.18,27.99],[-17.25,27.99]]],[[[-16.65,27.93],[-16.91,28.38],[-16.39,28.51],[-16.4,28.57],[-16.09,28.57],[-16.08,28.44],[-16.37,28.19],[-16.36,28.06],[-16.65,27.93]]],[[[-14.07,28.7],[-13.77,28.77],[-13.76,28.7],[-13.81,28.25],[-14.32,28.06],[-14.26,28.32],[-14.12,28.38],[-14.07,28.7]]],[[[-18,28.83],[-17.86,28.89],[-17.78,28.89],[-17.71,28.89],[-17.67,28.51],[-17.9,28.51],[-17.99,28.64],[-18,28.83]]],[[[-13.86,28.96],[-13.86,29.02],[-13.65,29.22],[-13.42,29.22],[-13.47,28.89],[-13.85,28.83],[-13.86,28.96]]],[[[-2.83,35.32],[-2.83,35.26],[-2.98,35.26],[-2.99,35.45],[-2.84,35.45],[-2.83,35.32]]],[[[-0.91,35.64],[-0.92,35.71],[-0.84,35.71],[-0.76,35.71],[-0.68,35.71],[-0.61,35.71],[-0.53,35.71],[-0.45,35.58],[-0.67,35.45],[-0.91,35.52],[-0.91,35.64]]],[[[-5.49,35.71],[-5.57,35.84],[-5.34,35.84],[-5.33,35.77],[-5.49,35.71]]],[[[126.59,7.61],[126.55,7.1],[126.24,6.84],[126.2,6.39],[125.99,6.46],[126.02,6.84],[125.83,7.23],[125.68,7.23],[125.67,7.1],[125.52,7.04],[125.41,6.59],[125.68,6.33],[125.65,5.88],[125.33,5.49],[125.12,5.62],[125.15,6.01],[124.99,5.81],[124.7,5.81],[124,6.26],[123.9,6.84],[124.09,7.42],[123.68,7.74],[123.46,7.74],[123.38,7.61],[123.43,7.36],[122.93,7.49],[122.92,7.29],[122.76,7.23],[122.73,7.68],[122.59,7.74],[122.49,7.49],[122.34,7.42],[122.23,6.97],[121.8,6.97],[121.82,7.23],[122.06,7.55],[122.1,8],[122.77,8.13],[122.92,8.26],[122.95,8.51],[123.25,8.58],[123.34,8.77],[123.76,8.64],[123.87,8.19],[124.09,8.19],[124.27,8.64],[124.71,8.58],[124.82,9.03],[125.48,9.03],[125.31,9.54],[125.42,9.86],[125.96,9.48],[126.02,9.29],[126.24,9.29],[126.21,9.03],[126.35,8.96],[126.33,8.77],[126.18,8.71],[126.17,8.58],[126.37,8.45],[126.37,8.39],[126.5,8.19],[126.39,7.87],[126.53,7.81],[126.52,7.61],[126.59,7.61]]],[[[124.68,9.09],[124.55,9.22],[124.77,9.29],[124.82,9.03],[124.68,9.03],[124.68,9.09]]],[[[123.75,9.22],[123.74,9.16],[123.58,9.03],[123.44,9.09],[123.54,9.35],[123.68,9.35],[123.75,9.22]]],[[[125.97,9.54],[125.83,9.61],[125.92,9.74],[125.91,9.67],[125.97,9.54]]],[[[126.1,10.06],[126.15,9.86],[126.14,9.8],[126.06,9.67],[125.92,9.74],[125.94,9.99],[126.1,10.06]]],[[[123.74,9.86],[123.98,10.12],[124.06,10.12],[124.5,10.19],[124.62,9.93],[124.59,9.67],[123.78,9.54],[123.74,9.86]]],[[[122.33,9.67],[122.36,9.99],[122.81,10.12],[122.79,10.57],[122.9,10.89],[123.06,11.02],[123.56,10.96],[123.51,10.51],[123.35,10.38],[123.15,9.8],[123.31,9.29],[123.31,9.22],[123.22,9.03],[122.85,9.03],[122.87,9.22],[122.59,9.35],[122.33,9.67]]],[[[125.5,9.93],[125.47,10.38],[125.7,10.44],[125.71,9.86],[125.57,9.93],[125.5,9.93]]],[[[124,10.25],[123.85,10.25],[123.6,9.99],[123.48,9.48],[123.26,9.48],[123.27,9.61],[123.28,9.67],[123.41,10.25],[123.66,10.51],[123.89,11.21],[124.11,11.28],[124,10.25]]],[[[121.9,10.44],[121.87,10.89],[121.95,10.89],[122.03,11.66],[121.82,11.73],[121.93,11.99],[122.42,11.79],[122.54,11.6],[123.12,11.54],[123.14,11.09],[122.84,11.02],[122.74,10.83],[122.74,10.76],[122.79,10.57],[122.62,10.38],[122.47,10.38],[122.5,10.64],[121.9,10.44]]],[[[125.03,10.96],[125.27,10.51],[125.24,10.25],[125.02,10.25],[125.07,9.99],[124.92,9.99],[124.72,10.19],[124.76,10.57],[124.65,10.89],[124.43,10.83],[124.25,11.21],[124.37,11.6],[124.31,11.73],[124.61,11.73],[124.57,11.47],[124.42,11.41],[124.71,11.34],[124.97,11.73],[124.82,11.73],[124.64,11.99],[124.36,12.11],[124.27,12.56],[125.36,12.5],[125.34,12.31],[125.55,12.24],[125.48,11.66],[125.65,11.28],[125.64,11.21],[125.78,11.15],[125.77,11.02],[125.19,11.09],[125.06,11.21],[125.03,10.96]]],[[[123.62,12.63],[123.77,12.63],[123.83,12.56],[123.73,12.31],[124.07,12.11],[124.09,11.73],[123.81,11.79],[123.55,12.11],[123.4,12.05],[123.33,12.05],[123.17,11.99],[123.24,12.5],[123.6,12.5],[123.62,12.63]]],[[[121.94,12.11],[121.95,12.18],[121.88,12.18],[121.9,12.37],[122.13,12.44],[122.09,12.11],[121.94,12.11]]],[[[122.72,12.44],[122.71,12.37],[122.69,12.24],[122.54,12.24],[122.41,12.37],[122.51,12.56],[122.72,12.44]]],[[[122.15,12.56],[121.99,12.5],[122.02,12.69],[122.24,12.69],[122.22,12.56],[122.15,12.56]]],[[[121.75,13.46],[122.2,13.53],[122.16,13.21],[121.86,13.21],[121.74,13.4],[121.75,13.46]]],[[[144.97,13.66],[144.84,13.34],[144.61,13.27],[144.65,13.53],[144.89,13.66],[144.97,13.66]]],[[[124.43,13.72],[124.42,13.66],[124.25,13.46],[124.11,13.53],[124.12,14.11],[124.47,13.98],[124.43,13.72]]]]}},{"type":"Feature","properties":{"NAME":"British Colonial Empire","C":2,"name":"British Colonial Empire","start_year":1713,"end_year":1717,"capital":"","type":"polity","region":"","event":"","source":"Cliopatria / Seshat Global History Databank (CC BY 4.0)","wikipedia":"British Empire","wikidata":"Q8680","_a":9514,"_c":[-2.28,31],"_nz":"大英殖民帝国","_sz":""},"geometry":{"type":"MultiPolygon","coordinates":[[[[-89.11,17.39],[-89.03,17.39],[-89.18,17.84],[-89.05,17.96],[-88.76,17.96],[-88.39,18.48],[-88.25,18.48],[-88.24,18.41],[-88.08,18.35],[-88.03,18.03],[-88.19,17.64],[-88.14,16.81],[-88.21,16.81],[-88.24,16.49],[-88.31,16.49],[-88.82,15.97],[-88.82,15.91],[-89.11,15.91],[-89.11,17.39]]],[[[-77.27,17.71],[-77.37,17.84],[-77.74,17.84],[-78.08,18.16],[-78.3,18.16],[-78.39,18.29],[-78.06,18.54],[-77.01,18.48],[-76.23,18.16],[-76.12,17.9],[-76.48,17.84],[-76.55,17.84],[-76.86,17.9],[-77.07,17.84],[-77.05,17.71],[-77.27,17.71]]],[[[-73.94,22.72],[-73.7,22.66],[-73.67,22.46],[-73.8,22.34],[-73.88,22.34],[-74.15,22.21],[-74.05,22.46],[-73.9,22.46],[-73.94,22.72]]],[[[-74.74,23.11],[-74.71,22.91],[-74.86,22.91],[-74.87,22.98],[-75.12,23.11],[-75.17,23.43],[-75.02,23.43],[-74.98,23.17],[-74.74,23.11]]],[[[-77.4,23.81],[-77.48,23.81],[-77.76,23.75],[-77.92,24.2],[-77.86,24.26],[-77.48,24.26],[-77.4,23.81]]],[[[-74.3,24.01],[-74.38,24.01],[-74.51,23.94],[-74.55,24.14],[-74.32,24.14],[-74.3,24.01]]],[[[-75.28,24.07],[-75.43,24.07],[-75.49,24.39],[-75.56,24.39],[-75.59,24.52],[-75.35,24.46],[-75.24,24.26],[-75.28,24.07]]],[[[-77.79,24.33],[-78.09,24.33],[-78.12,24.46],[-78.35,24.52],[-78.39,24.71],[-78.24,24.71],[-78.19,24.84],[-78.2,24.91],[-78.19,25.23],[-77.88,25.16],[-77.62,24.59],[-77.79,24.33]]],[[[-76.09,24.78],[-76.23,24.78],[-76.26,24.91],[-76.05,24.97],[-76.1,24.84],[-76.09,24.78]]],[[[-76.48,25.29],[-76.6,25.49],[-76.35,25.36],[-76.33,25.29],[-76.48,25.29]]],[[[-76.97,26.52],[-76.94,26.39],[-77.11,26.13],[-77.07,25.94],[-77.29,25.94],[-77.33,26.13],[-77.18,26.45],[-77.19,26.52],[-77.64,26.84],[-77.67,26.97],[-77.35,26.9],[-76.97,26.52]]],[[[-78.65,26.64],[-78.6,26.77],[-77.98,26.71],[-77.97,26.64],[-78.17,26.52],[-78.68,26.45],[-78.8,26.64],[-78.65,26.64]]],[[[-80.84,32.56],[-80.71,32.62],[-80.63,32.62],[-80.46,32.56],[-80.37,32.3],[-80.77,32.36],[-80.84,32.56]]],[[[-79.79,33.07],[-79.67,32.94],[-79.59,32.94],[-79.68,32.75],[-80.15,32.56],[-80.24,32.81],[-80.09,33.07],[-79.79,33.07]]],[[[-77.65,34.23],[-77.76,34.1],[-77.84,34.1],[-77.92,33.91],[-78.15,33.91],[-78.21,34.29],[-77.77,34.36],[-77.65,34.23]]],[[[-77.2,35.13],[-77.22,35.19],[-76.94,35.26],[-76.69,35],[-77.05,34.94],[-77.2,35.13]]],[[[-69.95,41.91],[-69.86,41.72],[-70.05,41.59],[-70.58,41.52],[-70.49,41.33],[-70.73,41.33],[-70.71,41.65],[-70.89,41.52],[-71.21,41.52],[-71.27,41.65],[-71.43,41.65],[-71.37,41.52],[-71.52,41.33],[-72.85,41.26],[-72.82,41.2],[-73.47,41.07],[-73.18,40.94],[-73.21,41],[-71.99,41.13],[-71.94,41],[-72.25,40.81],[-73.46,40.68],[-73.64,40.55],[-74.14,40.61],[-74.09,40.48],[-73.93,40.48],[-73.87,40.16],[-74.17,39.77],[-74.12,39.64],[-74.53,39.32],[-74.48,39.19],[-74.64,39],[-74.92,38.93],[-75.03,39.19],[-75.4,39.32],[-74.95,38.42],[-75.39,37.96],[-75.34,37.84],[-75.79,37.38],[-75.74,37.25],[-75.85,37.13],[-76,37.13],[-76.08,37.32],[-76,37.32],[-76.07,37.51],[-75.89,37.64],[-75.94,37.77],[-75.81,37.84],[-75.91,38.09],[-75.84,38.09],[-76.25,38.35],[-76.33,38.55],[-76.23,38.67],[-76.39,38.87],[-76.23,38.87],[-76.31,39.06],[-76.23,39.06],[-76.42,39.32],[-76.36,39],[-76.52,39],[-76.44,38.8],[-76.52,38.8],[-76.25,38.16],[-76.38,38.09],[-76.18,37.77],[-76.36,37.64],[-76.18,37.38],[-76.34,37.38],[-76.29,37.25],[-76.36,37.25],[-76.19,37],[-75.93,36.93],[-75.81,36.61],[-75.94,36.55],[-75.82,36.22],[-75.97,36.22],[-76,36.1],[-76.73,35.97],[-77.14,36.22],[-76.92,36.48],[-76.77,36.48],[-76.89,36.61],[-76.74,36.61],[-76.81,36.8],[-77.56,37.51],[-77.66,37.77],[-77.58,37.77],[-77.66,37.96],[-77.58,37.96],[-77.69,38.61],[-77.59,38.74],[-77.67,38.93],[-77.57,39.06],[-77.65,39.26],[-77.4,39.58],[-76.46,39.58],[-76.35,39.71],[-76.2,39.71],[-76.33,39.84],[-75.86,39.84],[-75.92,39.97],[-75.81,40.1],[-75.66,40.1],[-75.2,40.68],[-75.24,40.94],[-74.84,41.46],[-74.68,41.46],[-74.59,41.59],[-74.65,41.72],[-74.47,41.85],[-74.53,41.98],[-74.28,42.3],[-74.45,42.82],[-74.37,42.82],[-74.4,42.89],[-74.29,43.15],[-74.05,43.15],[-74.01,43.08],[-73.78,42.76],[-73.86,42.76],[-73.76,42.56],[-73.84,42.56],[-73.69,42.24],[-73.59,42.37],[-73,42.3],[-72.93,42.5],[-71.89,42.5],[-71.87,42.63],[-71.98,42.69],[-71.34,42.69],[-71.32,42.82],[-71.08,42.82],[-71.15,43.15],[-70.95,43.41],[-71.02,43.54],[-70.77,43.54],[-70.49,43.28],[-70.82,42.95],[-70.64,42.56],[-70.98,42.43],[-70.71,42.17],[-70.63,42.17],[-70.37,41.78],[-70.13,41.78],[-70.11,41.91],[-69.95,41.91]]],[[[-79.51,51.65],[-79.55,51.71],[-78.95,51.45],[-79.04,51.71],[-78.96,51.71],[-78.57,51.51],[-78.44,51.31],[-78.52,51.31],[-78.72,50.85],[-79.02,50.78],[-79.06,50.58],[-79.65,50.58],[-79.9,50.71],[-80.54,50.78],[-81.35,51.11],[-82.32,52.38],[-82.2,52.45],[-82.24,52.52],[-81.9,52.52],[-81.64,52.38],[-81.63,52.25],[-80.62,51.78],[-80.43,51.38],[-80.18,51.38],[-79.87,51.18],[-79.79,51.18],[-79.84,51.38],[-79.63,51.58],[-79.68,51.65],[-79.51,51.65]]],[[[-92.25,56.94],[-92.31,57.01],[-92.22,57.01],[-92.16,56.94],[-92.25,56.94]]],[[[-92.5,57.21],[-92.46,57.08],[-92.55,57.08],[-92.19,56.87],[-92.48,56.8],[-92.87,56.94],[-93.03,57.21],[-92.5,57.21]]],[[[-1.87,4.79],[-1.94,4.79],[-1.94,5.04],[-1.79,5.11],[-1.72,4.85],[-1.87,4.79]]],[[[-2.52,4.91],[-2.96,4.98],[-2.96,5.04],[-2.96,5.17],[-2.81,5.17],[-2.74,5.3],[-2.52,4.91]]],[[[-1.06,5.17],[-1.06,5.11],[-1.21,5.11],[-1.21,5.36],[-1.06,5.36],[-1.06,5.17]]],[[[-0.77,5.17],[-0.92,5.17],[-0.92,5.43],[-0.77,5.43],[-0.77,5.24],[-0.77,5.17]]],[[[-0.48,5.49],[-0.48,5.43],[-0.41,5.36],[-0.63,5.3],[-0.7,5.62],[-0.48,5.62],[-0.48,5.49]]],[[[-59.52,13.34],[-59.44,13.21],[-59.36,13.21],[-59.36,13.08],[-59.57,13.01],[-59.67,13.34],[-59.52,13.34]]],[[[-61.86,17.13],[-61.87,17.19],[-61.64,17.19],[-61.62,16.94],[-61.76,16.94],[-61.86,17.13]]],[[[-64.88,17.77],[-64.89,17.84],[-64.67,17.84],[-64.58,17.71],[-64.87,17.64],[-64.88,17.77]]],[[[-72.94,21.05],[-73.01,21.05],[-73,20.99],[-73.66,20.92],[-73.69,21.11],[-73.49,21.24],[-72.97,21.24],[-72.94,21.05]]],[[[-72.15,21.76],[-72.22,21.69],[-72.32,21.89],[-72.1,21.89],[-72.08,21.76],[-72.15,21.76]]],[[[88.4,22.46],[88.47,22.46],[88.35,22.14],[88.2,22.08],[88.15,22.27],[88.4,22.46]]],[[[-72.68,22.27],[-72.82,22.27],[-72.93,22.46],[-72.69,22.34],[-72.68,22.27]]],[[[-64.67,32.17],[-64.86,32.3],[-64.65,32.36],[-64.69,32.24],[-64.67,32.17]]],[[[-5.36,36.16],[-5.52,36.16],[-5.3,36.35],[-5.29,36.29],[-5.36,36.16]]],[[[3.82,40.1],[4.22,40.1],[4.3,39.84],[3.83,39.9],[3.74,40.1],[3.82,40.1]]],[[[-70.14,43.73],[-70.39,43.41],[-70.42,43.47],[-70.59,43.67],[-70.44,43.86],[-70.28,43.86],[-70.14,43.73]]],[[[-69.66,44.25],[-69.33,44.06],[-69.48,43.86],[-69.56,43.86],[-69.72,43.86],[-69.95,44.19],[-69.9,44.25],[-69.66,44.25]]],[[[-61.62,45.1],[-62.08,45.04],[-62.45,44.78],[-63.5,44.58],[-63.52,44.45],[-64.07,44.58],[-64.09,44.45],[-64.44,44.32],[-64.43,44.12],[-64.78,43.99],[-64.95,43.67],[-65.36,43.67],[-65.43,43.47],[-66.19,43.73],[-66.32,44.19],[-66.18,44.25],[-66.24,44.39],[-65.99,44.71],[-65.74,44.71],[-65.49,45.04],[-64.6,45.24],[-64.88,45.3],[-64.97,45.5],[-64.75,45.56],[-64.73,45.69],[-64.57,45.69],[-64.6,45.76],[-64.51,45.76],[-63.9,46.02],[-63.87,45.96],[-62.75,45.82],[-62.69,45.69],[-61.96,45.89],[-61.9,45.76],[-61.52,45.63],[-61.44,45.63],[-61.08,45.37],[-61.08,45.17],[-61.65,45.17],[-61.62,45.1]]],[[[-56.22,50.18],[-56.16,50.05],[-55.57,50.05],[-55.51,49.91],[-55.89,49.65],[-55.74,49.52],[-55.41,49.52],[-55.23,49.32],[-54.98,49.32],[-54.96,49.45],[-54.71,49.45],[-54.77,49.58],[-54.52,49.58],[-54.46,49.45],[-53.9,49.52],[-53.48,49.32],[-53.42,49.18],[-53.59,49.18],[-53.67,48.99],[-53.84,48.99],[-54,48.79],[-53.8,48.52],[-53.56,48.52],[-53.53,48.65],[-53.25,48.59],[-53.22,48.72],[-53.06,48.72],[-52.95,48.46],[-53.11,48.46],[-53.08,48.39],[-53.25,48.39],[-53.5,48.19],[-53.83,48.19],[-53.64,47.93],[-53.83,47.8],[-53.58,47.6],[-53.64,47.73],[-53.5,47.8],[-53.5,47.99],[-53.33,47.99],[-53.17,48.19],[-52.92,48.19],[-52.86,48.06],[-53.22,47.73],[-53.23,47.53],[-53.06,47.53],[-52.92,47.8],[-52.76,47.8],[-52.62,47.47],[-52.7,47.47],[-52.68,47.2],[-52.82,47.14],[-52.77,47.01],[-52.9,46.94],[-52.85,46.81],[-53.02,46.61],[-53.68,46.61],[-53.75,46.81],[-53.62,46.87],[-53.67,47.01],[-53.92,46.81],[-54.25,46.81],[-54.27,47.07],[-53.91,47.4],[-54.11,47.86],[-54.49,47.4],[-55.01,47.27],[-55.01,47.07],[-55.37,46.94],[-55.34,46.87],[-56,46.87],[-56.08,47.07],[-55.42,47.27],[-55.29,47.53],[-55.04,47.53],[-55.1,47.66],[-55.43,47.66],[-55.37,47.53],[-55.48,47.4],[-55.84,47.47],[-55.87,47.73],[-56.2,47.73],[-56.22,47.6],[-56.64,47.6],[-56.61,47.53],[-57.99,47.66],[-59.36,47.6],[-59.45,47.8],[-59.37,47.8],[-59.51,47.93],[-59.35,48.13],[-58.59,48.46],[-59.2,48.52],[-59.26,48.65],[-58.91,48.79],[-58.76,48.65],[-58.77,48.85],[-58.56,49.12],[-58.15,49.12],[-58.35,49.38],[-58.27,49.38],[-58.33,49.52],[-57.95,49.58],[-58.07,49.85],[-57.68,50.25],[-57.74,50.38],[-57.54,50.65],[-57.37,50.65],[-57.43,50.78],[-57.13,50.85],[-56.89,51.38],[-56.58,51.45],[-56.61,51.51],[-56.28,51.51],[-56.17,51.65],[-55.46,51.58],[-55.53,51.38],[-55.95,51.38],[-55.97,51.25],[-55.8,51.25],[-55.71,51.05],[-55.92,50.78],[-56.17,50.78],[-56.14,50.71],[-56.22,50.71],[-56.16,50.58],[-56.61,50.11],[-56.41,50.05],[-56.39,50.18],[-56.22,50.18]]],[[[-54.33,49.71],[-54.36,49.78],[-54.11,49.78],[-54.05,49.65],[-54.35,49.58],[-54.41,49.71],[-54.33,49.71]]]]}},{"type":"Feature","properties":{"NAME":"County of Urgell","C":10,"name":"County of Urgell","start_year":1713,"end_year":1733,"capital":"","type":"polity","region":"","event":"","source":"Cliopatria / Seshat Global History Databank (CC BY 4.0)","wikipedia":"County of Urgell","wikidata":"Q1514510","_a":0,"_c":[1.65,42.53],"_nz":"乌赫尔伯国","_sz":""},"geometry":{"type":"Polygon","coordinates":[[[1.49,42.56],[1.58,42.43],[1.81,42.56],[1.73,42.56],[1.73,42.63],[1.65,42.63],[1.57,42.63],[1.49,42.63],[1.49,42.56]]]}},{"type":"Feature","properties":{"NAME":"Karamanli Dynasty","C":6,"name":"Karamanli Dynasty","start_year":1713,"end_year":1756,"capital":"","type":"polity","region":"","event":"","source":"Cliopatria / Seshat Global History Databank (CC BY 4.0)","wikipedia":"Karamanli dynasty","wikidata":"Q1929987","_a":53,"_c":[17.11,31.85],"_nz":"卡拉曼利王朝","_sz":""},"geometry":{"type":"Polygon","coordinates":[[[13.3,32.94],[13.45,32.81],[13.76,32.88],[13.76,32.75],[14.07,32.75],[14.44,32.49],[14.67,32.56],[14.75,32.43],[15.21,32.36],[15.42,31.66],[15.58,31.59],[15.65,31.4],[16.18,31.21],[16.86,31.21],[17.85,30.95],[18.22,30.76],[18.59,30.37],[18.9,30.37],[18.97,30.24],[19.66,30.37],[20.12,30.76],[20.21,31.27],[20,31.59],[20.09,32.11],[20.02,32.24],[20.25,32.24],[20.33,32.49],[20.48,32.43],[20.56,32.56],[20.72,32.56],[20.64,32.69],[20.87,32.62],[21.11,32.81],[21.41,32.75],[21.57,32.88],[22.11,32.94],[23.09,32.62],[23.15,32.24],[24.13,32.04],[24.2,31.91],[23.96,31.72],[23.74,31.72],[23.59,31.85],[22.91,31.98],[22.84,32.17],[22.24,32.43],[21.78,32.36],[21.78,32.49],[21.55,32.49],[21.24,32.3],[21.01,32.36],[20.39,31.91],[20.38,31.72],[20.31,31.72],[20.29,31.4],[20.51,30.95],[20.19,30.44],[19.5,30.12],[18.73,29.99],[17.91,30.18],[16.7,30.69],[15.49,30.95],[15.18,30.89],[15.19,31.08],[14.58,31.53],[14.59,31.66],[13.83,32.11],[13.3,32.24],[13.07,32.17],[13.07,32.3],[12.46,32.36],[11.77,32.3],[11.77,32.43],[11.54,32.43],[11.46,32.56],[11.31,32.49],[11.16,32.69],[10.39,33.01],[10.01,33.01],[10.09,33.07],[10.08,33.14],[10.31,33.33],[10.47,33.71],[10.54,33.71],[10.7,33.52],[11.08,33.59],[11.16,33.2],[11.46,33.2],[12.23,32.81],[12.61,32.88],[12.53,32.75],[12.84,32.75],[12.84,32.88],[13.23,32.94],[13.3,32.94]]]}},{"type":"Feature","properties":{"NAME":"Trịnh lords","C":9,"name":"Trịnh lords","start_year":1713,"end_year":1756,"capital":"","type":"polity","region":"","event":"","source":"Cliopatria / Seshat Global History Databank (CC BY 4.0)","wikipedia":"Trịnh lords","wikidata":"Q2267508","_a":22,"_c":[106.03,20.63],"_nz":"郑主","_sz":""},"geometry":{"type":"Polygon","coordinates":[[[108.1,21.5],[107.97,21.63],[107.59,21.56],[107.46,21.69],[107.24,21.69],[106.71,22.08],[106.61,22.34],[106.77,22.85],[106.71,22.91],[106.33,22.85],[106.2,22.98],[105.75,22.98],[105.44,23.3],[105.21,23.3],[104.96,23.11],[104.84,22.85],[104.52,22.72],[104.15,22.79],[103.96,22.53],[104.07,22.27],[104.2,22.21],[104.18,22.08],[104.45,21.89],[104.42,21.69],[104.56,21.69],[104.59,21.37],[104.73,21.37],[104.79,20.79],[104.5,20.41],[104.65,20.41],[104.98,20.15],[104.95,19.96],[104.69,19.7],[104.08,19.64],[104.04,19.38],[104.03,19.31],[104.36,19.06],[104.51,19.06],[104.56,18.93],[104.9,18.74],[105.12,18.74],[105.25,18.61],[105.21,18.35],[105.53,18.03],[105.67,18.03],[106.06,18.16],[106.11,17.96],[106.55,17.96],[106.56,18.03],[106.18,18.41],[106.03,18.41],[106.05,18.54],[105.73,18.86],[105.91,19.51],[105.85,19.57],[106.06,19.96],[106.54,20.15],[106.69,20.6],[106.83,20.6],[106.88,20.86],[107.42,20.99],[107.79,21.44],[108.09,21.44],[108.1,21.5]]]}},{"type":"Feature","properties":{"NAME":"Thanjavur Maratha Kingdom","C":0,"name":"Thanjavur Maratha Kingdom","start_year":1713,"end_year":1737,"capital":"","type":"polity","region":"","event":"","source":"Cliopatria / Seshat Global History Databank (CC BY 4.0)","wikipedia":"Thanjavur Maratha Kingdom","wikidata":"Q3530610","_a":2,"_c":[79.2,10.64],"_nz":"坦贾武尔马拉塔王国","_sz":""},"geometry":{"type":"Polygon","coordinates":[[[79.05,9.96],[79.18,9.81],[79.33,10.22],[79.88,10.23],[79.85,11.38],[79.84,11.38],[79.8,11.47],[79,10.97],[78.54,10.96],[78.52,10.84],[78.73,10.75],[78.71,10.37],[78.98,10.03],[79.05,9.96]]]}},{"type":"Feature","properties":{"NAME":"Kingdom of France","C":7,"name":"Kingdom of France","start_year":1713,"end_year":1733,"capital":"","type":"polity","region":"","event":"","source":"Cliopatria / Seshat Global History Databank (CC BY 4.0)","wikipedia":"Kingdom of France","wikidata":"Q207162","_a":641,"_c":[-28.24,46.78],"_nz":"法兰西王国","_sz":""},"geometry":{"type":"MultiPolygon","coordinates":[[[[4.74,50.05],[4.82,50.05],[4.83,49.85],[5.6,49.52],[5.85,49.32],[6.02,49.45],[6.1,49.45],[6.18,49.45],[6.27,49.45],[6.36,49.12],[6.69,49.18],[6.78,49.18],[6.78,49.12],[6.86,49.12],[6.86,49.05],[6.95,49.05],[7.03,49.05],[7.03,48.99],[7.03,48.92],[6.61,48.99],[6.62,48.85],[6.87,48.79],[6.95,48.79],[7.53,48.99],[7.53,49.05],[8.11,48.99],[8.12,48.85],[7.87,48.72],[7.87,48.59],[7.79,48.59],[7.79,48.52],[7.71,48.52],[7.71,48.46],[7.71,48.39],[7.71,48.32],[7.63,48.32],[7.55,47.93],[7.55,47.86],[7.56,47.8],[7.56,47.73],[7.56,47.66],[7.56,47.6],[7.4,47.47],[6.98,47.53],[6.98,47.6],[6.98,47.66],[6.82,47.6],[6.99,47.47],[6.99,47.27],[6.83,47.14],[6.83,47.07],[6.75,47.07],[6.67,47.07],[6.67,47.01],[6.59,47.01],[6.59,46.94],[6.5,46.94],[6.51,46.87],[6.1,46.61],[6.03,46.22],[5.63,45.89],[5.48,45.56],[5.81,45.43],[5.9,45.17],[6.23,45.1],[6.64,44.84],[6.57,44.58],[6.81,44.32],[6.41,44.19],[6.42,44.06],[6.74,43.93],[6.67,43.67],[6.83,43.67],[6.91,43.54],[6.83,43.54],[6.59,43.41],[6.52,43.21],[5.8,43.15],[5.63,43.28],[5.39,43.28],[5.39,43.41],[4.58,43.54],[4.18,43.47],[4.17,43.6],[3.85,43.6],[2.98,43.15],[3.01,42.56],[3.09,42.56],[3.09,42.5],[2.46,42.37],[1.81,42.56],[1.73,42.56],[1.73,42.63],[1.65,42.63],[1.57,42.63],[1.49,42.63],[1.07,42.82],[0.04,42.69],[-0.21,42.82],[-0.53,42.82],[-1.03,43.08],[-1.43,43.08],[-1.44,43.28],[-1.69,43.34],[-1.69,43.41],[-1.46,43.54],[-1.4,43.86],[-1.32,43.86],[-1.35,44.25],[-1.27,44.25],[-1.29,44.52],[-1.21,44.52],[-1.25,45.17],[-1.17,45.17],[-1.19,45.43],[-1.03,45.5],[-1.05,45.69],[-1.21,45.76],[-1.14,45.89],[-1.22,45.89],[-1.25,46.28],[-1.67,46.35],[-2.01,46.61],[-2.02,46.74],[-2.19,46.81],[-2.14,47.14],[-2.23,47.27],[-2.56,47.27],[-2.58,47.47],[-2.83,47.47],[-2.84,47.6],[-3.16,47.47],[-3.34,47.73],[-3.76,47.73],[-3.93,47.86],[-4.42,47.8],[-4.69,47.99],[-4.71,48.13],[-4.55,48.19],[-4.64,48.32],[-4.89,48.32],[-4.91,48.52],[-4.6,48.72],[-3.85,48.72],[-3.46,48.92],[-3.12,48.92],[-2.76,48.59],[-2.52,48.72],[-1.6,48.65],[-1.72,49.05],[-1.64,49.05],[-1.65,49.25],[-1.91,49.38],[-2.03,49.78],[-1.36,49.78],[-1.25,49.45],[0.01,49.38],[-0.01,49.65],[0.22,49.85],[1.05,49.98],[1.45,50.25],[1.42,50.71],[1.66,51.05],[2.41,51.18],[2.49,51.18],[2.6,50.78],[3.11,50.78],[3.55,50.38],[3.97,50.38],[4.14,50.25],[4.15,49.98],[4.49,49.98],[4.65,50.11],[4.74,50.11],[4.74,50.05]],[[5.04,44.25],[4.96,44.12],[4.8,44.12],[4.73,43.8],[4.97,43.73],[5.05,43.93],[5.29,43.99],[5.11,44.52],[4.95,44.39],[4.71,44.45],[4.63,44.32],[4.71,44.32],[5.04,44.25]]],[[[-63.1,49.18],[-63.5,49.32],[-64.03,49.71],[-64.4,49.78],[-64.59,49.98],[-63.1,49.85],[-62.43,49.52],[-61.86,49.38],[-61.76,49.18],[-61.73,49.12],[-62.28,49.05],[-63.1,49.18]]]]}},{"type":"Feature","properties":{"NAME":"New France","C":7,"name":"New France","start_year":1713,"end_year":1717,"capital":"","type":"polity","region":"","event":"","source":"Cliopatria / Seshat Global History Databank (CC BY 4.0)","wikipedia":"New France","wikidata":"Q170604","_a":3964,"_c":[-47.58,26.27],"_nz":"新法兰西","_sz":""},"geometry":{"type":"MultiPolygon","coordinates":[[[[-89.43,30.44],[-89.15,30.76],[-88.49,30.82],[-88.46,30.95],[-88.21,30.89],[-87.57,31.01],[-87.49,31.01],[-87.34,30.31],[-87.41,30.31],[-87.85,30.24],[-88.03,30.56],[-88.04,30.37],[-88.55,30.31],[-88.63,30.31],[-89.03,30.37],[-89.37,30.24],[-89.43,30.44]]],[[[-91.84,33.71],[-91.86,33.78],[-91.99,33.91],[-91.71,33.97],[-91.43,33.65],[-91.84,33.71]]],[[[-90.73,38.8],[-90.65,38.8],[-90.68,38.87],[-90.6,38.87],[-90.57,38.8],[-90.41,38.8],[-90.18,38.48],[-90.26,38.48],[-90.34,38.48],[-90.54,38.42],[-90.63,38.61],[-90.82,38.67],[-90.73,38.8]]],[[[-89.8,41],[-89.72,41],[-89.5,40.74],[-89.78,40.68],[-90,40.94],[-89.8,41]]],[[[-86.36,42.17],[-86.2,42.17],[-85.98,41.91],[-86.14,41.91],[-85.99,41.78],[-86.23,41.78],[-86.31,41.78],[-86.34,41.98],[-86.49,42.11],[-86.33,42.11],[-86.36,42.17]]],[[[-86.52,42.17],[-86.49,42.11],[-86.57,42.11],[-86.6,42.17],[-86.52,42.17]]],[[[-82.97,42.56],[-82.91,42.3],[-83.2,42.24],[-83.23,42.3],[-83.42,42.5],[-83.33,42.63],[-82.97,42.56]]],[[[-79.14,43.21],[-78.77,43.28],[-78.59,43.08],[-78.56,43.02],[-78.62,42.82],[-78.86,42.82],[-78.95,43.15],[-79.14,43.21]]],[[[-91.02,43.47],[-90.67,43.15],[-90.83,43.15],[-90.92,43.02],[-91.07,43.15],[-91.11,43.21],[-91.19,43.34],[-91.03,43.34],[-91.1,43.47],[-91.02,43.47]]],[[[-87.76,44.52],[-87.85,44.39],[-88.01,44.39],[-88.16,44.52],[-88.25,44.52],[-88.32,44.65],[-88.16,44.78],[-88.04,44.58],[-87.76,44.52]]],[[[-85,46.48],[-84.84,46.48],[-84.76,46.48],[-84.47,46.41],[-84.56,46.28],[-84.81,46.28],[-85,46.48]]],[[[-79.24,47.73],[-79.16,47.73],[-78.92,47.47],[-79.21,47.4],[-79.45,47.66],[-79.24,47.73]]],[[[-79.45,47.66],[-79.53,47.66],[-79.57,47.73],[-79.49,47.73],[-79.45,47.66]]],[[[-52.29,4.14],[-53.1,4.85],[-53.39,4.98],[-53.53,4.91],[-53.61,5.04],[-54.19,5.24],[-54.27,5.24],[-54.05,5.49],[-54.06,5.75],[-53.99,5.75],[-52.89,5.49],[-52.59,5.04],[-52.15,4.79],[-52.07,4.79],[-51.71,4.53],[-51.77,3.95],[-52.29,4.14]]],[[[-3.54,5.24],[-3.54,5.3],[-3.18,5.3],[-3.18,5.11],[-3.69,5.11],[-3.54,5.24]]],[[[-61.71,12.18],[-61.71,12.24],[-61.57,12.24],[-61.55,11.99],[-61.78,12.05],[-61.71,12.18]]],[[[-60.82,14.04],[-60.81,13.91],[-60.81,13.85],[-60.8,13.72],[-60.94,13.66],[-61.04,14.04],[-60.82,14.04]]],[[[-60.78,14.43],[-61.08,14.49],[-61.09,14.56],[-61.19,14.88],[-60.97,14.88],[-60.81,14.75],[-60.78,14.43]]],[[[-17.17,14.94],[-17.09,14.94],[-17.16,14.62],[-17.45,14.69],[-17.39,14.88],[-17.17,14.94]]],[[[-16.17,15.91],[-16.24,15.78],[-16.39,15.78],[-16.38,15.71],[-16.6,15.65],[-16.47,16.16],[-16.25,16.1],[-16.17,15.91]]],[[[-61.74,15.97],[-61.77,16.29],[-61.48,16.36],[-61.49,16.49],[-61.35,16.49],[-61.18,16.29],[-61.17,16.23],[-61.46,16.16],[-61.58,15.91],[-61.74,15.97]]],[[[-72.68,18.67],[-72.83,18.67],[-72.9,18.67],[-73.3,18.86],[-73.32,18.99],[-72.79,18.93],[-72.68,18.67]]],[[[-71.71,18.03],[-71.78,18.03],[-72.1,18.22],[-73.65,18.22],[-73.7,18.03],[-73.92,18.03],[-74.18,18.29],[-74.4,18.29],[-74.44,18.61],[-74.09,18.74],[-73.93,18.61],[-73.48,18.61],[-73.17,18.48],[-72.3,18.61],[-72.71,18.93],[-72.79,19.51],[-73.41,19.64],[-73.43,19.83],[-73.23,19.96],[-72.64,19.96],[-72.4,19.83],[-71.79,19.76],[-71.72,19.76],[-71.57,19.19],[-71.76,18.99],[-71.74,18.86],[-71.67,18.86],[-71.72,18.67],[-71.93,18.61],[-71.67,18.29],[-71.71,18.03]]],[[[-66.25,45.63],[-65.73,45.56],[-65.76,45.63],[-65.43,45.63],[-65.33,45.76],[-64.95,45.82],[-64.99,46.09],[-64.76,46.28],[-64.59,46.28],[-64.62,46.35],[-63.91,46.22],[-63.85,46.09],[-63.93,46.09],[-63.9,46.02],[-64.51,45.76],[-64.54,45.82],[-64.75,45.56],[-65.05,45.5],[-65.13,45.5],[-65.61,45.3],[-65.58,45.24],[-66.07,45.24],[-66.35,45.5],[-66.25,45.63]]],[[[-61.58,45.96],[-61.64,46.09],[-61.48,46.28],[-61.32,46.28],[-60.69,47.07],[-60.35,46.87],[-60.26,46.68],[-60.35,46.68],[-60.29,46.55],[-60.45,46.35],[-59.9,46.22],[-59.79,45.96],[-60.24,45.69],[-60.33,45.69],[-60.51,45.56],[-61.41,45.56],[-61.66,45.96],[-61.58,45.96]]],[[[-70.19,47.01],[-70.16,46.94],[-70.32,46.94],[-70.29,46.87],[-70.46,46.87],[-70.42,46.81],[-70.59,46.81],[-70.68,46.68],[-72.43,46.41],[-72.4,46.35],[-73.34,45.96],[-73.41,45.76],[-73.62,45.69],[-73.3,45.24],[-73.47,45.24],[-73.43,45.17],[-73.51,45.17],[-73.74,45.3],[-74.77,45.24],[-74.96,44.97],[-75.33,44.91],[-75.42,44.78],[-75.36,44.65],[-75.52,44.65],[-75.77,44.19],[-76.14,44.12],[-76.22,44.12],[-76.26,44.19],[-76.1,44.19],[-76.2,44.39],[-76.65,44.32],[-76.71,44.45],[-76.57,44.65],[-76.41,44.65],[-76.02,45.3],[-75.3,45.63],[-75.36,45.76],[-74.96,45.76],[-74.86,45.89],[-74.7,45.89],[-74.73,45.96],[-74.15,46.09],[-74.05,46.22],[-73.89,46.22],[-73.83,46.41],[-73.66,46.41],[-73.65,46.55],[-73.06,46.68],[-73.1,46.74],[-71.9,46.81],[-71.93,46.87],[-71.69,46.87],[-71.58,47.14],[-71.25,47.14],[-71.15,47.27],[-70.66,47.27],[-70.72,47.07],[-70.56,47.07],[-70.54,47.2],[-70.25,47.27],[-70.18,47.47],[-70.02,47.47],[-69.91,47.73],[-69.74,47.73],[-69.76,47.93],[-69.42,48.06],[-69.4,48.19],[-68.97,48.32],[-68.83,48.52],[-68.45,48.59],[-68.46,48.13],[-69.41,47.73],[-69.57,47.4],[-69.65,47.4],[-69.9,47.07],[-70.06,47.07],[-70.03,47.01],[-70.19,47.01]]],[[[-56.22,47.01],[-56.3,47.01],[-56.27,46.94],[-56.44,46.94],[-56.49,47.07],[-56.27,47.14],[-56.22,47.01]]]]}},{"type":"Feature","properties":{"NAME":"Nayaks of Madurai","C":1,"name":"Nayaks of Madurai","start_year":1713,"end_year":1733,"capital":"","type":"polity","region":"","event":"","source":"Cliopatria / Seshat Global History Databank (CC BY 4.0)","wikipedia":"Madurai Nayak dynasty","wikidata":"Q1530838","_a":6,"_c":[78.16,9.66],"_nz":"马杜赖纳亚克","_sz":""},"geometry":{"type":"Polygon","coordinates":[[[79.14,9.86],[79.05,9.96],[78.98,10.03],[78.7,10.37],[78.73,10.75],[78.5,10.82],[78.61,11.07],[77.75,11.23],[77.66,11.2],[77.27,10.37],[77.2,9.95],[77.27,9.33],[77.15,8.25],[77.27,8.13],[77.55,8.09],[78.06,8.36],[78.2,8.92],[78.42,9.12],[79.16,9.29],[78.9,9.46],[79.11,9.82],[79.14,9.86]]]}},{"type":"Feature","properties":{"NAME":"Portuguese Empire","C":11,"name":"Portuguese Empire","start_year":1713,"end_year":1717,"capital":"","type":"polity","region":"","event":"","source":"Cliopatria / Seshat Global History Databank (CC BY 4.0)","wikipedia":"Portuguese Empire","wikidata":"Q200464","_a":6999,"_c":[-10.95,-0.64],"_nz":"葡萄牙帝国","_sz":""},"geometry":{"type":"MultiPolygon","coordinates":[[[[-57.8,-33.66],[-57.29,-33.79],[-57.4,-34.49],[-58.09,-34.49],[-58.25,-34.24],[-58.33,-34.24],[-58.39,-34.17],[-58.26,-33.98],[-57.8,-33.66]]],[[[-50.09,-29.09],[-50.11,-29.16],[-50.18,-29.16],[-50.17,-29.09],[-50.09,-29.09]]],[[[-50.38,2.09],[-50.38,1.89],[-50.53,1.83],[-50.09,1.83],[-49.95,1.7],[-50.02,1.19],[-49.95,1.12],[-50.24,0.99],[-50.39,0.74],[-50.1,0.67],[-50.1,0.48],[-50.25,0.35],[-49.81,0.35],[-49.74,0.22],[-49.81,0.09],[-49.59,0.09],[-49.51,-0.1],[-48.49,-0.23],[-48.56,-0.81],[-48.93,-1.51],[-48.64,-1.51],[-48.64,-1.32],[-48.42,-1.13],[-48.42,-0.87],[-48.27,-0.74],[-47.55,-0.74],[-47.54,-0.55],[-47.4,-0.55],[-47.25,-0.61],[-47.25,-0.74],[-46.67,-0.81],[-46.6,-1],[-45.51,-1.32],[-45.44,-1.64],[-45.29,-1.45],[-44.93,-1.45],[-44.86,-1.71],[-44.57,-1.84],[-44.65,-2.16],[-44.43,-2.22],[-44.43,-2.41],[-44.14,-2.41],[-44.07,-2.54],[-43.56,-2.35],[-43.19,-2.35],[-42.32,-2.8],[-41.89,-2.74],[-41.6,-2.93],[-40.94,-2.8],[-39.92,-2.86],[-39.42,-3.12],[-39.27,-3.31],[-39.13,-3.31],[-38.91,-3.57],[-38.55,-3.7],[-37.69,-4.6],[-37.33,-4.73],[-37.26,-4.86],[-36.68,-5.11],[-35.81,-5.05],[-35.37,-5.31],[-35.17,-5.82],[-35.18,-6.27],[-35.03,-6.34],[-34.9,-6.79],[-34.84,-7.49],[-34.92,-7.49],[-35.02,-8.59],[-35.17,-8.71],[-35.41,-9.36],[-35.71,-9.55],[-36.26,-10.39],[-36.78,-10.64],[-37.24,-11.09],[-37.25,-11.29],[-37.47,-11.41],[-37.48,-11.67],[-37.64,-11.8],[-37.73,-12.19],[-38.13,-12.83],[-38.36,-13.02],[-38.88,-13.09],[-39.03,-13.28],[-39.01,-14.11],[-39.14,-14.95],[-38.95,-15.46],[-39.02,-16.43],[-39.29,-17.01],[-39.28,-17.78],[-39.59,-18.04],[-39.77,-18.36],[-39.8,-19.58],[-40.2,-19.9],[-40.41,-20.61],[-40.88,-20.93],[-40.9,-21.19],[-41.07,-21.38],[-41.04,-21.83],[-41.14,-22.15],[-41.91,-22.41],[-41.93,-22.54],[-42.08,-22.6],[-42.03,-22.79],[-42.12,-22.99],[-43.24,-22.99],[-43.4,-23.11],[-43.85,-23.11],[-43.83,-22.99],[-44.74,-23.05],[-44.7,-23.37],[-44.92,-23.37],[-45.48,-23.69],[-45.34,-23.76],[-45.37,-24.02],[-45.59,-24.02],[-45.57,-23.89],[-46.09,-23.82],[-46.34,-24.08],[-46.88,-24.21],[-47.23,-24.59],[-47.62,-24.72],[-48.03,-25.04],[-47.98,-25.17],[-48.24,-25.43],[-48.53,-25.37],[-48.54,-25.49],[-48.69,-25.49],[-48.48,-25.56],[-48.72,-26.2],[-48.58,-26.27],[-48.6,-26.39],[-48.76,-26.46],[-48.8,-26.72],[-48.66,-26.84],[-48.7,-27.1],[-48.56,-27.17],[-48.68,-27.42],[-48.45,-27.42],[-48.49,-27.68],[-48.65,-27.68],[-48.88,-28.64],[-49.74,-29.22],[-49.87,-29.54],[-50.05,-29.67],[-50.35,-30.44],[-50.82,-30.51],[-50.78,-30.32],[-51.03,-30.44],[-51.25,-30.38],[-51.64,-31.21],[-52.07,-31.41],[-52.2,-31.66],[-52.23,-31.79],[-51.84,-31.79],[-51.72,-31.92],[-52.23,-32.18],[-52.55,-32.56],[-52.89,-32.37],[-52.86,-32.24],[-52.98,-32.11],[-52.9,-31.73],[-52.56,-31.6],[-52.01,-31.15],[-51.73,-30.51],[-51.69,-29.93],[-51.36,-29.8],[-51.15,-29.87],[-51.09,-29.99],[-50.56,-29.99],[-50.24,-29.48],[-50.28,-29.29],[-50.13,-29.29],[-49.82,-28.84],[-49.4,-28.58],[-49.18,-28.19],[-49.05,-27.36],[-49.12,-27.36],[-49.07,-27.04],[-49.14,-27.04],[-49.11,-26.78],[-49.23,-26.59],[-49.16,-26.14],[-49.23,-26.14],[-49.07,-26.07],[-49.05,-25.88],[-49.23,-25.56],[-49.74,-25.49],[-49.92,-25.17],[-49.79,-24.72],[-49.44,-24.34],[-49.41,-24.14],[-49.26,-24.14],[-49.16,-23.95],[-48.9,-22.99],[-48.66,-22.86],[-47.56,-22.99],[-46.89,-22.99],[-46.43,-22.86],[-45.91,-22.92],[-45.61,-22.86],[-45.59,-22.66],[-45.21,-22.66],[-45.19,-22.41],[-45.26,-22.41],[-45.09,-21.51],[-44.87,-21.44],[-44.62,-20.41],[-44.15,-20.16],[-44.25,-19.71],[-43.86,-19.45],[-43.69,-19.19],[-43.73,-18.87],[-43.93,-18.61],[-43.9,-18.36],[-43.5,-17.97],[-43.07,-18.1],[-42.77,-18.94],[-42.81,-19.32],[-43.07,-19.71],[-43.19,-20.22],[-42.98,-20.35],[-42.87,-20.74],[-42.6,-21.06],[-42.38,-21.06],[-42.22,-20.93],[-42.03,-20.48],[-41.44,-19.71],[-41.41,-19.39],[-41.33,-19.39],[-41.37,-19],[-41.15,-18.94],[-41.18,-18.42],[-41.03,-18.42],[-40.75,-17.71],[-40.76,-17.01],[-40.61,-16.94],[-40.5,-16.49],[-40.18,-16.17],[-40.17,-15.98],[-40.02,-15.91],[-39.88,-15.08],[-39.96,-15.08],[-39.9,-14.24],[-39.83,-14.24],[-39.52,-12.83],[-39.65,-12.51],[-39.61,-11.74],[-39.68,-11.74],[-39.77,-10.45],[-40.11,-9.94],[-40.24,-9.36],[-40.45,-9.16],[-40.65,-8.71],[-40.56,-8.14],[-40.69,-7.88],[-40.59,-6.98],[-40.73,-6.59],[-40.65,-6.34],[-40.72,-6.34],[-40.71,-5.95],[-40.78,-5.95],[-40.78,-5.69],[-40.92,-5.76],[-40.98,-5.05],[-41.27,-4.79],[-41.33,-4.54],[-42.42,-4.15],[-42.71,-4.21],[-42.85,-4.09],[-45.04,-3.89],[-45.54,-3.57],[-45.54,-3.44],[-45.68,-3.38],[-45.68,-3.12],[-46.25,-2.61],[-46.4,-2.67],[-46.47,-2.41],[-47.7,-1.84],[-48.21,-1.9],[-49.31,-2.35],[-49.39,-2.86],[-49.68,-2.86],[-49.82,-2.74],[-49.82,-2.29],[-51.92,-1.96],[-53.02,-2.09],[-53.31,-2.35],[-53.9,-2.61],[-55.28,-2.54],[-55.65,-2.74],[-56.03,-3.76],[-56.48,-4.28],[-56.7,-4.28],[-56.69,-4.02],[-56.24,-3.31],[-56.01,-2.54],[-56.66,-2.54],[-57.18,-2.8],[-57.4,-2.8],[-57.91,-3.12],[-58.72,-3.38],[-58.72,-3.51],[-59.24,-3.96],[-59.25,-4.09],[-60.74,-5.5],[-60.75,-5.63],[-61.12,-5.89],[-61.13,-6.01],[-61.5,-6.27],[-61.51,-6.4],[-61.88,-6.66],[-62.11,-7.04],[-62.13,-7.43],[-62.29,-7.75],[-62.51,-7.81],[-62.65,-7.69],[-62.47,-6.72],[-61.03,-5.44],[-61.03,-5.31],[-60.43,-4.86],[-60.43,-4.73],[-59.91,-4.34],[-59.75,-4.02],[-59.08,-3.44],[-59.08,-3.38],[-60.61,-3.44],[-60.83,-3.25],[-60.75,-2.99],[-60.6,-2.99],[-60.53,-2.86],[-59.14,-2.8],[-57.97,-2.48],[-57.61,-2.16],[-56.8,-1.77],[-54.91,-1.77],[-53.74,-1.51],[-53.15,-0.94],[-53.15,-0.81],[-53,-0.81],[-52.42,-0.29],[-51.92,0.54],[-51.77,1.64],[-52.35,3.37],[-52.13,3.44],[-51.92,3.89],[-51.63,4.14],[-51.56,4.4],[-51.27,4.21],[-51.04,3.05],[-50.75,2.47],[-50.75,2.41],[-50.67,2.02],[-50.6,2.15],[-50.38,2.09]]],[[[-40.72,-6.4],[-40.79,-6.4],[-40.79,-6.34],[-40.72,-6.34],[-40.72,-6.4]]],[[[-24.36,14.75],[-24.45,15.07],[-24.23,15.07],[-24.29,14.75],[-24.36,14.75]]],[[[-23.42,15.14],[-23.41,14.88],[-23.78,14.94],[-23.79,15.01],[-23.73,15.33],[-23.58,15.33],[-23.42,15.14]]],[[[-23.13,15.07],[-23.2,15.07],[-23.28,15.26],[-23.06,15.33],[-22.99,15.2],[-23.13,15.07]]],[[[-22.58,16.16],[-22.58,16.1],[-22.65,15.97],[-22.94,15.97],[-22.88,16.23],[-22.58,16.16]]],[[[-24.37,16.49],[-24.37,16.61],[-24.38,16.68],[-24.08,16.68],[-24.08,16.55],[-24.37,16.49]]],[[[-22.84,16.87],[-22.83,16.81],[-22.83,16.68],[-22.98,16.68],[-22.98,16.81],[-22.84,16.87]]],[[[-25.05,16.94],[-25.27,16.87],[-25.35,17.06],[-25.29,17.19],[-24.99,17.26],[-24.91,17],[-24.98,17],[-24.83,16.94],[-24.82,16.74],[-24.97,16.74],[-25.05,16.94]]],[[[34.93,-23.82],[35.38,-23.82],[35.47,-24.08],[35.39,-24.08],[35.4,-24.14],[35.33,-24.27],[35.03,-24.21],[34.93,-23.82]]],[[[34.34,-20.16],[34.25,-19.84],[34.54,-19.58],[34.62,-19.9],[34.7,-19.9],[34.71,-20.16],[34.57,-20.29],[34.34,-20.16]]],[[[37.7,-17.46],[37.63,-17.59],[37.34,-17.65],[37.34,-17.71],[37.2,-17.78],[37.26,-17.39],[37.7,-17.46]]],[[[40.31,-14.69],[40.46,-14.76],[40.53,-14.76],[40.75,-14.69],[40.55,-15.34],[40.17,-14.95],[40.31,-14.69]]],[[[12.82,-13.02],[12.89,-12.64],[13.33,-12.44],[13.33,-12.38],[13.48,-12.31],[13.63,-12.44],[13.55,-12.83],[12.82,-13.02]]],[[[13.47,-8.52],[13.62,-8.71],[13.54,-9.1],[13.32,-9.16],[13.32,-9.29],[13.11,-9.49],[12.89,-9.23],[12.89,-8.91],[12.96,-8.91],[12.96,-8.84],[13.25,-8.71],[13.25,-8.46],[13.47,-8.52]]],[[[6.3,0.29],[6.3,0.35],[6.67,0.41],[6.66,0.16],[6.38,0.03],[6.3,0.29]]],[[[7.34,1.7],[7.34,1.51],[7.19,1.51],[7.27,1.7],[7.34,1.7]]],[[[8.31,3.44],[8.46,3.5],[8.54,3.76],[8.83,3.82],[8.9,3.63],[8.9,3.56],[8.68,3.18],[8.31,3.24],[8.31,3.44]]],[[[-16.36,12.18],[-16.58,12.18],[-16.81,12.37],[-16.81,12.63],[-16.59,12.63],[-16.6,12.82],[-16.08,12.76],[-16,12.44],[-16.15,12.37],[-15.93,12.37],[-15.92,12.18],[-16.07,12.18],[-16.07,12.05],[-15.63,12.05],[-15.55,11.86],[-15.62,11.79],[-15.62,11.73],[-16.06,11.73],[-16.14,11.86],[-16.28,11.79],[-16.36,12.18]]],[[[-8.7,33.2],[-8.45,32.94],[-8.44,32.88],[-8.73,32.62],[-9.05,32.81],[-9.05,32.88],[-8.7,33.2]]]]}},{"type":"Feature","properties":{"NAME":"Electorate of Hanover","C":0,"name":"Electorate of Hanover","start_year":1713,"end_year":1720,"capital":"","type":"polity","region":"","event":"","source":"Cliopatria / Seshat Global History Databank (CC BY 4.0)","wikipedia":"Electorate of Hanover","wikidata":"Q706018","_a":9,"_c":[9.76,52.53],"_nz":"汉诺威选侯国","_sz":""},"geometry":{"type":"MultiPolygon","coordinates":[[[[9.34,51.71],[9.51,51.85],[10.53,51.85],[10.53,51.65],[10.27,51.65],[10.1,51.45],[9.68,51.38],[9.6,51.18],[9.43,51.18],[9.43,51.38],[9.59,51.58],[9.42,51.71],[9.34,51.71]]],[[[10.7,52.38],[9.85,52.45],[9.76,52.38],[9.85,52.18],[9.59,52.18],[9.68,52.12],[9.59,51.98],[9.17,51.98],[9.17,51.85],[9.08,51.85],[9,51.85],[8.83,51.85],[8.66,52.05],[8.91,52.12],[8.82,52.45],[8.91,52.52],[8.14,52.59],[8.13,52.65],[8.13,52.79],[8.3,52.92],[8.64,52.92],[8.73,52.92],[8.9,52.79],[9.16,52.99],[9.33,52.99],[9.5,53.12],[9.33,53.26],[9.41,53.53],[9.84,53.53],[10.27,53.39],[10.36,53.6],[10.27,53.66],[10.36,53.66],[10.36,53.73],[10.45,53.73],[10.45,53.8],[10.45,53.87],[10.79,53.73],[10.79,53.53],[10.62,53.39],[11.13,53.26],[11.39,53.19],[11.39,53.06],[10.79,52.99],[10.87,52.52],[10.61,52.52],[10.7,52.38]]]]}},{"type":"Feature","properties":{"NAME":"Duchy of Lorraine","C":6,"name":"Duchy of Lorraine","start_year":1713,"end_year":1733,"capital":"","type":"polity","region":"","event":"","source":"Cliopatria / Seshat Global History Databank (CC BY 4.0)","wikipedia":"Duchy of Lorraine","wikidata":"Q155019","_a":5,"_c":[6.2,48.76],"_nz":"洛林公国","_sz":""},"geometry":{"type":"MultiPolygon","coordinates":[[[[5.98,47.86],[5.74,47.86],[5.65,48.06],[5.48,48.06],[5.38,48.52],[5.63,48.59],[5.72,48.46],[5.88,48.46],[5.79,48.79],[6.28,48.92],[6.45,48.85],[6.37,48.72],[6.87,48.65],[6.88,48.52],[7.04,48.52],[7.05,48.32],[7.13,48.32],[7.06,47.93],[6.23,47.99],[6.14,47.99],[5.98,47.86]],[[6.54,48.52],[6.47,48.32],[6.72,48.19],[6.79,48.46],[6.71,48.46],[6.54,48.52]]],[[[6.61,48.99],[7.03,48.92],[7.03,48.85],[6.95,48.85],[6.95,48.79],[6.87,48.79],[6.62,48.85],[6.61,48.99]]],[[[6.95,49.05],[6.86,49.05],[6.86,49.12],[7.11,49.18],[7.53,49.05],[7.53,48.99],[7.45,48.99],[7.36,48.99],[7.36,48.92],[7.28,48.92],[7.2,48.92],[7.2,48.99],[7.11,48.99],[7.03,48.99],[7.03,49.05],[6.95,49.05]]],[[[5.3,48.59],[5.29,48.85],[5.13,48.65],[4.88,48.65],[4.87,48.99],[5.03,49.05],[5.02,49.38],[5.18,49.58],[5.35,49.45],[5.36,48.99],[5.7,48.99],[5.61,49.18],[5.77,49.32],[5.94,49.18],[5.86,48.99],[6.03,48.92],[5.62,48.79],[5.54,48.79],[5.38,48.59],[5.3,48.59]]],[[[6.27,49.45],[6.26,49.52],[6.35,49.52],[6.35,49.58],[7.01,49.65],[7.1,49.38],[6.85,49.45],[6.86,49.32],[6.69,49.32],[6.69,49.18],[6.36,49.12],[6.27,49.45]]],[[[6.02,49.45],[5.85,49.32],[5.6,49.52],[5.93,49.58],[6.02,49.45]]]]}},{"type":"Feature","properties":{"NAME":"Swedish Empire","C":5,"name":"Swedish Empire","start_year":1713,"end_year":1717,"capital":"","type":"polity","region":"","event":"","source":"Cliopatria / Seshat Global History Databank (CC BY 4.0)","wikipedia":"Swedish Empire","wikidata":"Q215443","_a":391,"_c":[19.45,61.91],"_nz":"瑞典帝国","_sz":""},"geometry":{"type":"MultiPolygon","coordinates":[[[[11.22,53.8],[11.31,54],[11.48,53.94],[11.48,53.8],[11.4,53.8],[11.22,53.8]]],[[[12.44,54.48],[13.05,54.48],[13.14,54.68],[13.41,54.75],[13.66,54.61],[13.66,54.41],[13.74,54.41],[13.74,54.27],[13.31,54.27],[13.39,54.14],[13.48,54.14],[13.64,53.87],[13.04,53.87],[13.04,53.94],[12.95,53.94],[12.95,54],[12.87,54],[12.78,54],[12.44,54.41],[12.44,54.48]]],[[[18.6,57.97],[19.05,57.97],[19.03,57.83],[18.84,57.7],[18.91,57.42],[18.45,57.21],[18.34,56.94],[18.08,56.94],[18.03,57.49],[18.03,57.56],[18.23,57.83],[18.6,57.97]]],[[[20.17,60.42],[20.15,60.21],[19.95,60.07],[19.68,60.14],[19.7,60.28],[19.7,60.35],[19.72,60.49],[20.17,60.42]]],[[[7.68,62.62],[7.4,62.62],[7.39,62.69],[7.39,62.76],[7.67,62.76],[7.68,62.62]]],[[[26.75,60.42],[26.4,60.49],[25.82,60.28],[24.61,60.14],[24.5,60],[24.05,60.07],[23.76,59.92],[23.03,59.85],[23.05,60.07],[22.31,60],[22.36,60.42],[21.91,60.42],[21.38,60.63],[21.4,60.84],[21.23,60.98],[21.25,61.12],[21.44,61.19],[21.5,61.69],[21.24,61.83],[21.19,62.26],[21.29,62.33],[21.2,62.33],[21.21,62.47],[20.95,62.62],[21.07,62.83],[21.26,62.9],[21.28,63.05],[21.48,63.12],[21.5,63.34],[21.69,63.34],[21.68,63.26],[22.16,63.34],[22.37,63.48],[22.38,63.62],[22.78,63.77],[22.8,63.91],[23.28,63.99],[23.3,64.13],[23.49,64.13],[23.82,64.42],[24.01,64.42],[24.54,64.79],[24.56,64.93],[25.23,64.93],[25.23,65.52],[24.67,65.59],[24.68,65.66],[24.21,65.74],[24.22,65.81],[23.83,65.81],[23.82,65.74],[22.38,65.81],[22.44,65.52],[21.76,65.44],[21.65,65.37],[21.62,65.08],[21.21,64.93],[21.3,64.86],[21.28,64.64],[21.47,64.64],[21.54,64.42],[21.14,64.28],[20.81,63.91],[20.62,63.91],[20.41,63.7],[19.83,63.62],[19.73,63.48],[19.35,63.48],[19.14,63.26],[18.75,63.12],[18.47,63.12],[18.35,62.83],[17.98,62.83],[17.96,62.62],[17.76,62.47],[17.39,62.47],[17.56,62.33],[17.55,62.19],[17.36,62.05],[17.51,61.69],[17.24,61.69],[17.19,60.98],[17.28,60.98],[17.26,60.77],[18.61,60.42],[18.5,60.21],[18.78,60.21],[19.03,60],[19.01,59.71],[18.83,59.71],[18.63,59.5],[18.35,59.43],[18.41,59.09],[18.14,59.09],[17.95,58.88],[17.5,58.88],[17.49,58.74],[17.13,58.74],[17.03,58.6],[16.85,58.6],[16.84,58.46],[16.66,58.46],[16.83,58.32],[16.81,58.04],[16.63,57.9],[16.71,57.83],[16.7,57.7],[16.61,57.7],[16.69,57.42],[16.5,57.28],[16.48,56.87],[16.76,57.08],[16.95,57.42],[17.13,57.42],[17.12,57.28],[16.74,56.8],[16.72,56.52],[16.44,56.25],[16.27,56.25],[16.28,56.52],[16.19,56.52],[16.09,56.25],[15.82,56.11],[14.77,56.18],[14.76,55.98],[14.23,55.91],[14.3,55.36],[12.81,55.36],[12.73,55.5],[12.9,55.57],[12.91,55.77],[12.48,56.11],[12.48,56.32],[12.66,56.32],[12.57,56.52],[12.75,56.52],[12.75,56.66],[12.4,56.8],[12.41,56.94],[12.14,57.08],[12.06,57.35],[11.79,57.42],[11.71,58.11],[11.45,58.11],[11.45,58.32],[11.18,58.39],[11.1,59.02],[11.1,59.09],[11.64,58.95],[11.73,59.29],[11.82,59.29],[11.73,59.36],[11.74,59.71],[11.83,59.71],[11.83,59.85],[12.38,60.07],[12.48,60.35],[12.57,60.35],[12.49,60.7],[12.31,60.77],[12.31,60.98],[12.78,61.19],[12.78,61.41],[12.14,61.76],[12.25,62.4],[12.16,62.4],[12.16,62.62],[12.07,62.62],[12.18,63.19],[12.08,63.19],[12.09,63.55],[12.18,63.55],[12.19,63.77],[12.76,64.06],[14.1,64.13],[14.2,64.35],[13.92,64.57],[13.73,64.57],[13.64,64.71],[14.03,64.93],[14.04,65.08],[14.54,65.44],[14.57,66.11],[15.26,66.25],[15.78,66.77],[16.38,67.07],[16.4,67.3],[16.12,67.44],[16.23,67.59],[16.73,67.74],[17.05,68.05],[18.05,68.12],[18.17,68.35],[18.07,68.35],[18.09,68.57],[19.96,68.42],[20.21,68.8],[20.31,68.8],[20.24,69.03],[20.85,69.11],[21.07,69.26],[21.77,69.26],[22.22,68.88],[22.42,68.88],[22.41,68.8],[22.79,68.73],[22.78,68.65],[24.4,68.8],[24.39,68.73],[24.86,68.57],[25.43,68.95],[25.63,68.95],[25.66,69.11],[25.76,69.11],[25.86,69.64],[26.52,69.95],[28.16,70.02],[28.14,69.95],[28.53,69.87],[28.51,69.79],[29.2,69.72],[29.27,69.56],[28.8,69.26],[28.85,69.03],[28.63,68.95],[28.42,68.42],[28.58,68.27],[28.78,68.27],[28.77,68.2],[29.34,68.12],[29.41,67.97],[29.61,67.97],[29.94,67.67],[29.79,67.44],[29.59,67.44],[29.13,67.15],[29.05,66.77],[30.03,65.88],[30,65.74],[29.66,65.52],[29.62,65.3],[29.79,65.22],[29.62,64.86],[30.09,64.79],[29.93,64.49],[30.55,64.28],[30.5,64.06],[30.08,63.84],[30.05,63.7],[30.93,63.41],[31,63.26],[31.18,63.26],[31.5,62.98],[31.22,62.55],[29.5,61.41],[29.32,61.41],[28.49,60.91],[28.3,60.91],[27.99,60.7],[27.97,60.56],[27.88,60.56],[27.77,60.49],[27.05,60.56],[26.75,60.42]]],[[[8.22,63.48],[8.32,63.48],[8.32,63.41],[8.22,63.41],[8.22,63.48]]]]}},{"type":"Feature","properties":{"NAME":"Safavid Dynasty","C":8,"name":"Safavid Dynasty","start_year":1713,"end_year":1717,"capital":"","type":"polity","region":"","event":"","source":"Cliopatria / Seshat Global History Databank (CC BY 4.0)","wikipedia":"Safavid dynasty","wikidata":"Q161205","_a":378,"_c":[55.02,33.67],"_nz":"萨法维王朝","_sz":""},"geometry":{"type":"MultiPolygon","coordinates":[[[[50.67,26.07],[50.65,25.87],[50.43,25.94],[50.46,26.26],[50.69,26.26],[50.67,26.13],[50.67,26.07]]],[[[52.59,36.61],[53.09,36.8],[54.03,36.87],[54.09,37.19],[53.91,37.45],[53.88,37.71],[55.54,38.16],[56.01,38.16],[56.37,38.42],[56.44,38.74],[56.08,38.87],[56.29,39.45],[56.47,39.58],[56.52,39.77],[56.36,39.77],[56.39,39.9],[56.89,40.68],[57.03,40.61],[57.81,41.2],[57.83,41.26],[60,41.07],[60.13,40.94],[60.84,40.94],[62.38,41.33],[62.37,41],[62.45,41],[62.3,40.74],[62.4,40.55],[62.32,40.23],[62.69,39.84],[62.65,39.71],[63.09,39.26],[63.25,39.26],[63.42,39],[63.84,38.8],[64.01,38.55],[64.37,38.42],[64.66,38.03],[65.24,37.84],[65.63,37.51],[65.94,37.51],[65.91,37.38],[66.17,37.19],[66.22,36.74],[66.36,36.67],[66.33,36.22],[66.27,35.97],[66.34,35.97],[66.29,35.71],[66.36,35.71],[66.3,35.45],[66.38,35.45],[66.26,35.26],[66.09,35.19],[65.93,34.81],[65.52,34.36],[64.18,34.23],[63.01,33.39],[62.61,32.88],[62.2,32.75],[61.42,31.4],[61.25,31.27],[60.94,30.37],[60.93,30.31],[60.15,30.18],[59.96,29.92],[59.93,29.73],[59.76,29.6],[59.76,29.09],[59.5,28.83],[58.94,27.48],[58.95,27.03],[59.1,26.97],[59.03,26.45],[59.17,26.32],[58.97,25.94],[59.12,25.87],[59.36,25.36],[59.06,25.36],[58.78,25.55],[57.96,25.55],[57.74,25.62],[57.68,25.74],[57.38,25.74],[57.11,26.07],[57.05,26.84],[56.71,27.16],[56.19,27.16],[56.1,27.03],[56.32,27.03],[56.31,26.9],[56.06,26.71],[55.6,26.64],[55.44,26.52],[55.29,26.52],[55.31,26.71],[55.54,26.77],[55.24,26.77],[54.83,26.45],[54.46,26.52],[54.26,26.71],[53.66,26.71],[53.46,26.97],[52.74,27.22],[52.48,27.61],[52.05,27.8],[51.6,27.8],[51.32,27.99],[51.33,28.12],[51.07,28.44],[51.03,28.77],[50.81,28.83],[50.92,29.09],[50.62,29.15],[50.65,29.41],[50.24,29.73],[50.06,30.18],[49.59,29.99],[48.94,30.31],[48.99,30.05],[48.68,29.99],[48.6,29.99],[48.39,30.12],[48.41,30.31],[48.28,30.44],[48.05,30.44],[48.1,30.89],[47.74,31.01],[47.8,31.46],[47.98,31.72],[47.58,32.17],[47.6,32.3],[47.32,32.49],[46.95,32.56],[46.68,32.88],[46.23,32.94],[46.14,33.39],[45.59,33.91],[45.44,33.91],[45.65,34.29],[45.5,34.36],[45.54,34.61],[45.69,34.61],[45.81,34.94],[46.15,35.13],[46.06,35.58],[46.25,35.84],[45.79,35.84],[45.35,36.03],[45.38,36.22],[45.1,36.42],[45.06,36.67],[44.85,36.87],[44.77,37.38],[44.63,37.45],[44.59,37.71],[44.31,37.9],[44.45,38.35],[44.31,38.42],[44.31,38.93],[44.17,39],[44.07,39.38],[44.4,39.45],[44.52,39.71],[44.77,39.77],[44.42,40.03],[43.86,40.03],[43.65,40.16],[43.71,41],[43.87,41],[44,40.81],[44.24,40.81],[44.29,40.68],[44.62,40.74],[44.76,40.61],[45.15,40.61],[45.29,40.48],[45.6,40.48],[45.99,40.87],[46.48,40.94],[46.78,41.26],[47.11,41.33],[47.22,41.46],[47.3,41.46],[47.5,41.26],[47.99,41.33],[48.17,41.85],[48.09,41.85],[48.12,41.98],[48.28,41.98],[49.09,41.26],[49.06,41.13],[49.27,41],[49.24,40.87],[49.51,40.61],[50.05,40.55],[50.26,40.42],[49.69,40.36],[49.51,40.23],[49.27,39.38],[49.15,39.19],[48.92,39.19],[48.8,39],[48.83,37.84],[49.09,37.51],[49.85,37.45],[50.32,37],[50.57,37.06],[50.63,37],[50.53,36.87],[51.26,36.61],[52.51,36.61],[52.59,36.61]]]]}},{"type":"Feature","properties":{"NAME":"Holy Roman Empire Minor States","C":10,"name":"Holy Roman Empire Minor States","start_year":1713,"end_year":1720,"capital":"","type":"polity","region":"","event":"","source":"Cliopatria / Seshat Global History Databank (CC BY 4.0)","wikipedia":"Holy Roman Empire","wikidata":"Q12548","_a":102,"_c":[9.38,49.18],"_nz":"神圣罗马帝国诸小邦","_sz":""},"geometry":{"type":"MultiPolygon","coordinates":[[[[6.82,47.6],[6.98,47.66],[6.98,47.6],[6.98,47.53],[6.99,47.47],[6.82,47.6]]],[[[7.56,47.66],[7.56,47.73],[7.56,47.8],[7.55,47.86],[7.55,47.93],[7.64,47.93],[7.64,47.86],[7.89,47.66],[7.56,47.53],[7.56,47.6],[7.56,47.66]]],[[[7.11,48.99],[7.2,48.99],[7.2,48.85],[7.03,48.85],[7.03,48.99],[7.11,48.99]]],[[[7.53,49.05],[7.11,49.18],[6.86,49.12],[6.78,49.12],[6.78,49.18],[6.69,49.18],[6.69,49.32],[6.86,49.32],[6.85,49.45],[7.1,49.38],[7.01,49.65],[6.35,49.58],[6.34,49.78],[6.59,49.98],[6.58,50.11],[6.07,50.25],[6.4,50.51],[6.07,50.45],[5.97,50.78],[5.97,50.98],[5.71,51.05],[5.72,50.71],[5.9,50.38],[5.48,50.45],[4.82,50.05],[4.74,50.05],[4.74,50.11],[4.65,50.11],[4.65,50.25],[4.81,50.38],[5.06,50.45],[5.05,50.71],[5.22,50.71],[5.21,50.98],[5.29,50.98],[5.37,51.25],[5.45,51.25],[5.7,51.31],[5.79,51.18],[5.96,51.18],[6.04,51.31],[6.13,51.31],[6.63,51.31],[6.88,51.45],[6.88,51.65],[6.45,51.85],[6.53,51.85],[6.53,51.92],[6.62,51.92],[6.7,51.92],[6.7,51.98],[6.7,52.05],[6.95,52.25],[6.94,52.38],[6.68,52.52],[6.68,52.65],[7.02,52.72],[7.18,53.26],[7.18,53.33],[6.92,53.39],[6.91,53.6],[7.08,53.73],[7.94,53.73],[8.03,53.66],[7.95,53.6],[7.95,53.53],[7.78,53.53],[7.78,53.33],[7.61,53.26],[7.61,53.12],[7.87,53.06],[8.13,52.79],[8.13,52.72],[8.13,52.65],[8.14,52.59],[8.23,52.18],[7.97,52.12],[7.98,51.98],[8.4,51.92],[8.4,52.05],[8.66,52.05],[8.83,51.85],[9,51.85],[9.08,51.85],[9.17,51.85],[9.17,51.98],[9.59,51.98],[9.68,52.12],[9.59,52.18],[9.85,52.18],[9.76,52.38],[9.85,52.45],[10.7,52.38],[10.61,52.52],[10.87,52.52],[10.87,52.32],[10.53,52.25],[10.53,52.12],[10.87,51.92],[10.78,51.85],[10.87,51.65],[11.38,51.78],[11.29,51.45],[10.95,51.45],[11.03,51.31],[10.27,51.31],[10.1,51.18],[10.36,51.11],[10.53,51.25],[11.2,51.25],[11.29,51.05],[11.88,50.98],[11.88,51.18],[12.05,51.31],[12.47,51.18],[12.55,50.91],[12.22,50.98],[11.79,50.85],[11.79,50.71],[11.96,50.71],[12.05,50.85],[12.21,50.78],[12.21,50.65],[11.96,50.58],[11.96,50.31],[12.12,50.25],[12.12,50.18],[11.87,50.18],[11.7,49.91],[11.2,49.78],[11.28,49.52],[11.03,49.45],[11.03,49.25],[11.28,49.25],[11.28,49.12],[10.86,49.05],[11.03,48.99],[10.94,48.85],[10.61,48.92],[10.36,49.25],[10.03,49.12],[10.03,48.99],[10.28,48.85],[10.28,48.72],[10.44,48.59],[10.53,48.26],[10.2,48.26],[10.12,48.06],[10.36,47.99],[10.53,48.19],[10.45,47.8],[10.69,47.73],[10.61,47.6],[10.45,47.6],[10.37,47.33],[10.12,47.33],[9.95,47.53],[9.62,47.53],[9.04,47.73],[9.29,47.8],[9.29,47.99],[9.12,47.99],[9.12,47.86],[9.04,47.86],[8.96,47.99],[8.88,47.73],[8.55,47.73],[8.47,47.6],[8.22,47.66],[8.13,48.13],[8.21,48.13],[8.21,48.26],[7.96,48.26],[7.8,48.13],[7.79,48.32],[7.71,48.32],[7.71,48.39],[7.71,48.46],[7.71,48.52],[7.79,48.52],[7.87,48.52],[7.95,48.52],[7.95,48.59],[7.87,48.59],[7.87,48.72],[8.12,48.85],[8.11,48.99],[7.53,49.05]],[[8.21,48.06],[8.21,47.99],[8.3,47.99],[8.38,47.99],[8.46,47.99],[8.46,48.06],[8.38,48.06],[8.38,48.13],[8.29,48.13],[8.21,48.13],[8.21,48.06]],[[10.28,48.39],[10.2,48.39],[10.2,48.46],[10.11,48.46],[10.11,48.39],[10.11,48.32],[10.2,48.32],[10.28,48.32],[10.28,48.39]],[[10.03,48.26],[9.95,48.46],[9.62,48.46],[9.53,48.46],[9.45,48.46],[9.45,48.19],[9.78,48.32],[10.03,48.26]],[[9.37,47.93],[9.54,47.86],[9.54,47.99],[9.45,47.93],[9.37,47.93]],[[9.37,48.46],[9.2,48.32],[9.2,48.26],[9.37,48.26],[9.37,48.46]],[[8.54,48.26],[8.71,48.19],[8.79,48.32],[8.54,48.32],[8.54,48.26]],[[8.95,48.19],[9.04,48.19],[9.04,48.26],[8.95,48.26],[8.95,48.32],[8.87,48.32],[8.87,48.26],[8.87,48.19],[8.95,48.19]],[[8.71,47.99],[8.63,47.99],[8.63,47.86],[8.79,47.86],[8.71,47.93],[8.71,47.99]],[[8.7,48.52],[8.62,48.65],[8.53,48.59],[8.62,48.52],[8.7,48.52]],[[8.29,48.32],[8.45,48.39],[8.21,48.39],[8.29,48.26],[8.29,48.32]],[[8.45,48.59],[8.29,48.59],[8.37,48.46],[8.45,48.52],[8.45,48.59]],[[7.54,52.38],[7.55,52.12],[7.8,52.18],[7.8,52.25],[7.71,52.52],[7.28,52.59],[7.29,52.38],[7.54,52.38]],[[7.05,51.58],[7.06,51.31],[7.23,51.18],[7.48,51.18],[7.56,51.38],[7.48,51.38],[7.39,51.51],[7.64,51.51],[7.56,51.65],[7.05,51.58]]],[[[6.46,51.51],[6.54,51.51],[6.54,51.58],[6.63,51.58],[6.63,51.51],[6.63,51.45],[6.54,51.45],[6.46,51.45],[6.46,51.51]]],[[[5.86,51.78],[5.94,51.78],[5.95,51.65],[5.78,51.65],[5.77,51.78],[5.86,51.78]]],[[[8.73,52.92],[8.64,52.92],[8.56,52.92],[8.47,52.92],[8.47,53.12],[8.64,53.12],[8.73,52.92]]],[[[8.38,53.73],[8.38,53.8],[8.46,53.94],[8.72,53.87],[8.81,53.87],[8.72,53.66],[8.38,53.73]]],[[[10.86,44.32],[10.86,44.25],[10.7,43.8],[10.21,43.93],[10.21,43.99],[10.13,43.99],[10.13,44.06],[10.05,44.06],[10.05,43.99],[9.97,43.99],[9.97,44.06],[9.97,44.12],[9.89,44.25],[9.4,44.45],[9.32,44.91],[9.24,44.91],[9.32,45.17],[9.97,45.17],[10.13,45.04],[11.02,44.97],[11.18,45.04],[11.27,45.04],[11.27,44.97],[11.35,44.97],[11.35,44.84],[11.1,44.71],[11.02,44.52],[11.02,44.45],[10.94,44.45],[10.94,44.39],[10.86,44.39],[10.86,44.32]]],[[[9.54,47.27],[9.54,47.2],[9.63,47.14],[9.46,47.14],[9.46,47.27],[9.54,47.27]]],[[[12.51,47.66],[13,47.53],[13.09,47.66],[12.92,47.73],[12.93,48.06],[13.18,48.06],[13.18,47.93],[13.42,47.66],[13.41,47.27],[13.66,47.27],[13.74,47.07],[13.08,47.01],[12.83,47.14],[12.75,47.14],[12.18,47.07],[12.18,47.27],[12.51,47.4],[12.51,47.66]]],[[[13.27,48.59],[13.19,48.85],[13.36,48.85],[13.36,48.99],[13.44,48.99],[13.53,48.99],[13.52,48.92],[13.61,48.92],[14.1,48.65],[13.85,48.46],[13.77,48.59],[13.27,48.59]]],[[[12.81,50.98],[12.8,50.78],[12.72,50.78],[12.72,50.71],[12.8,50.65],[12.63,50.65],[12.55,50.91],[12.81,50.98]]],[[[11.97,51.58],[12.05,51.38],[11.71,51.31],[11.46,51.51],[11.46,51.65],[11.89,51.65],[12.14,51.85],[12.14,51.92],[12.23,51.92],[12.4,51.85],[12.31,51.58],[11.97,51.58]]],[[[10.01,53.73],[10.27,53.66],[10.36,53.6],[10.27,53.39],[9.84,53.53],[10.01,53.73]]],[[[11.56,53.39],[11.31,53.46],[11.13,53.26],[10.62,53.39],[10.79,53.53],[10.79,53.73],[10.45,53.87],[10.45,53.94],[11.14,54.07],[11.31,54],[11.22,53.8],[11.48,53.8],[11.4,54.14],[12.36,54.41],[12.44,54.41],[12.78,54],[12.87,54],[12.95,54],[12.95,53.94],[13.04,53.94],[13.04,53.87],[12.95,53.8],[13.12,53.66],[13.55,53.66],[13.2,53.33],[13.02,53.33],[12.94,53.33],[12.17,53.39],[11.91,53.6],[11.74,53.6],[11.56,53.39]]],[[[9.75,54.14],[9.93,54.34],[9.93,54.55],[10.01,54.55],[10.1,54.55],[10.19,54.55],[10.19,54.48],[10.1,54.21],[9.75,54.14]]]]}},{"type":"Feature","properties":{"NAME":"House of Savoy","C":9,"name":"House of Savoy","start_year":1713,"end_year":1717,"capital":"","type":"polity","region":"","event":"","source":"Cliopatria / Seshat Global History Databank (CC BY 4.0)","wikipedia":"House of Savoy","wikidata":"Q200229","_a":98,"_c":[10.56,41.58],"_nz":"萨伏依王朝","_sz":""},"geometry":{"type":"MultiPolygon","coordinates":[[[[15.06,37.51],[15.06,37.25],[15.21,37.19],[15.21,37],[15.05,36.74],[14.66,36.74],[14.28,37.13],[13.58,37.25],[13.19,37.58],[12.49,37.71],[12.49,37.9],[12.65,38.09],[13.04,38.03],[13.12,38.16],[13.35,38.16],[13.67,37.96],[14.06,37.96],[15.63,38.29],[15.62,38.16],[15.39,38.16],[15.07,37.58],[15.06,37.51]]],[[[8.11,43.99],[8.03,43.99],[8.03,44.12],[7.71,44.12],[7.55,43.86],[7.47,43.86],[7.39,43.93],[6.99,43.54],[6.91,43.54],[6.83,43.67],[6.67,43.67],[6.74,43.93],[6.42,44.06],[6.41,44.19],[6.81,44.32],[6.57,44.58],[6.64,44.84],[6.23,45.1],[5.9,45.17],[5.81,45.43],[5.48,45.56],[5.63,45.89],[6.03,46.22],[6.27,46.41],[6.68,46.41],[6.85,46.28],[6.86,46.02],[7.1,45.89],[7.92,45.96],[8.17,45.89],[8.25,45.56],[8.74,45.5],[8.91,45.37],[8.91,45.1],[8.75,45.1],[8.83,44.71],[8.51,44.58],[8.35,44.32],[8.35,44.25],[8.19,44.19],[8.11,43.99]]]]}},{"type":"Feature","properties":{"NAME":"Carnatic Sultanate","C":6,"name":"Carnatic Sultanate","start_year":1713,"end_year":1717,"capital":"","type":"polity","region":"","event":"","source":"Cliopatria / Seshat Global History Databank (CC BY 4.0)","wikipedia":"Carnatic Sultanate","wikidata":"Q3277580","_a":21,"_c":[79.33,13.34],"_nz":"卡纳蒂克苏丹国","_sz":""},"geometry":{"type":"MultiPolygon","coordinates":[[[[78.46,12.19],[77.87,11.41],[77.73,11.23],[77.75,11.23],[78.61,11.07],[78.56,10.96],[79,10.97],[79.8,11.47],[79.84,11.38],[79.83,11.71],[79.67,11.78],[79.69,11.93],[79.86,11.98],[80.12,12.34],[79.94,12.49],[80.22,13.79],[80.15,15.32],[80.33,15.68],[80.64,15.88],[80.92,15.73],[80.84,16.18],[80.42,16.6],[79.98,16.64],[79.59,16.02],[79.19,14.83],[79.08,14.07],[78.45,12.81],[78.46,12.19]]],[[[78.53,10.89],[78.5,10.82],[78.73,10.75],[78.7,10.37],[78.98,10.03],[78.71,10.37],[78.73,10.75],[78.52,10.84],[78.53,10.89]]]]}},{"type":"Feature","properties":{"NAME":"Sikhs","C":4,"name":"Sikhs","start_year":1713,"end_year":1717,"capital":"","type":"polity","region":"","event":"","source":"Cliopatria / Seshat Global History Databank (CC BY 4.0)","wikipedia":"Sikhs","wikidata":"Q582779","_a":4,"_c":[76.64,29.96],"_nz":"锡克人","_sz":""},"geometry":{"type":"Polygon","coordinates":[[[77.21,29.79],[77.53,30.56],[77.39,30.63],[77.42,30.76],[77.28,30.82],[77.31,30.95],[77.19,31.08],[76.9,31.14],[76.09,30.95],[75.75,30.76],[75.8,30.31],[76.03,30.31],[76,30.18],[76.21,30.05],[76.18,29.92],[76.32,29.86],[76.45,29.41],[76.59,29.34],[76.78,28.77],[77.18,28.89],[77.12,29.34],[77.05,29.34],[77.12,29.73],[77.2,29.73],[77.21,29.79]]]}},{"type":"Feature","properties":{"NAME":"Polish-Lithuanian Commonwealth","C":7,"name":"Polish-Lithuanian Commonwealth","start_year":1713,"end_year":1720,"capital":"","type":"polity","region":"","event":"","source":"Cliopatria / Seshat Global History Databank (CC BY 4.0)","wikipedia":"Polish-Lithuanian Commonwealth","wikidata":"Q172107","_a":234,"_c":[21.46,52.42],"_nz":"波兰-立陶宛联邦","_sz":""},"geometry":{"type":"MultiPolygon","coordinates":[[[[20.45,49.18],[20.28,49.12],[20.29,49.25],[20.37,49.25],[20.45,49.18]]],[[[12.21,50.65],[12.21,50.78],[12.05,50.85],[11.96,50.71],[11.79,50.71],[11.79,50.85],[12.22,50.98],[12.55,50.91],[12.47,51.18],[12.05,51.31],[11.88,51.18],[11.88,50.98],[11.29,51.05],[11.2,51.25],[10.53,51.25],[10.36,51.11],[10.1,51.18],[10.27,51.31],[11.03,51.31],[10.95,51.45],[11.29,51.45],[11.29,51.31],[11.54,51.18],[11.71,51.31],[12.05,51.38],[11.97,51.58],[12.31,51.58],[12.4,51.85],[12.23,51.92],[12.23,52.12],[12.66,52.12],[12.57,51.98],[12.91,51.92],[13.42,52.12],[13.76,52.12],[13.94,52.25],[14.36,52.18],[14.44,51.92],[14.78,51.92],[14.95,52.05],[15.03,51.71],[14.86,51.71],[14.85,51.58],[15.27,51.45],[15.17,51.05],[15,50.91],[14.58,50.91],[14.5,51.05],[14.33,51.05],[14.15,50.85],[13.39,50.71],[12.8,50.38],[12.38,50.38],[12.29,50.25],[12.12,50.25],[11.96,50.31],[11.96,50.58],[12.21,50.65]],[[12.63,50.65],[12.8,50.65],[12.72,50.71],[12.72,50.78],[12.8,50.78],[12.81,50.98],[12.55,50.91],[12.63,50.65]],[[14.19,52.12],[13.93,52.12],[13.93,52.05],[14.27,51.92],[14.19,52.12]]],[[[32.71,49.18],[31.69,49.05],[31.58,48.85],[31.4,48.79],[30.73,48.72],[30.57,48.19],[30.33,48.19],[30.3,47.99],[29.53,47.8],[29.51,47.6],[29.14,47.27],[28.92,47.47],[29.03,47.73],[28.56,47.93],[28.57,48.06],[28.42,48.19],[27.54,48.46],[27.39,48.65],[25.98,48.65],[25.51,48.92],[25.34,48.92],[25.25,48.79],[25.56,48.59],[25.54,48.39],[25.01,48.06],[24.99,47.8],[24.91,47.8],[24.59,47.93],[24.69,48.13],[24.37,48.26],[24.38,48.39],[24.05,48.46],[23.67,48.79],[22.93,48.92],[22.78,49.12],[22.52,49.05],[21.8,49.38],[20.71,49.38],[20.7,49.25],[20.45,49.25],[20.55,49.38],[20.21,49.38],[19.87,49.18],[19.47,49.58],[18.88,49.45],[18.89,49.58],[19.24,49.85],[19.08,49.98],[19.19,50.38],[19.02,50.45],[19.03,50.58],[18.7,50.71],[18.71,50.85],[18.05,51.11],[17.97,51.25],[17.72,51.25],[17.63,51.25],[17.39,51.45],[17.32,51.71],[16.98,51.71],[16.8,51.58],[16.56,51.71],[16.13,51.71],[16.14,51.85],[15.81,52.12],[15.81,52.25],[15.65,52.32],[15.49,52.65],[16.1,52.86],[16.02,53.12],[16.11,53.12],[16.12,53.33],[16.29,53.39],[16.3,53.53],[16.48,53.6],[16.4,53.8],[16.66,53.8],[16.82,53.6],[16.91,53.6],[17.17,53.66],[17.1,53.94],[17.28,54.07],[17.62,54],[17.64,54.34],[17.91,54.48],[18.02,54.89],[18.11,54.89],[18.46,54.89],[18.45,54.68],[18.69,54.41],[19.46,54.34],[19.56,54.48],[19.73,54.48],[19.82,54.48],[19.81,54.34],[20.14,54.21],[20.5,54.27],[20.75,54.21],[20.83,54.07],[20.27,53.66],[20.1,53.66],[19.86,53.87],[19.87,54.07],[19.45,54.21],[19.27,54.07],[19.25,53.87],[18.98,53.66],[18.81,53.66],[18.7,53.39],[19.21,53.33],[19.31,53.46],[19.74,53.46],[19.73,53.33],[19.97,53.12],[20.4,53.06],[20.67,53.26],[20.93,53.26],[21.29,53.46],[22.42,53.6],[22.55,54],[22.46,54],[22.48,54.21],[22.66,54.27],[22.7,54.61],[22.7,54.68],[22.81,54.89],[22.57,55.09],[22.4,55.09],[22.41,55.23],[21.64,55.36],[21.24,55.7],[21.25,55.84],[20.99,55.91],[21,55.98],[20.91,55.98],[20.92,56.05],[21.19,56.11],[21.38,56.32],[21.74,56.39],[23.42,56.39],[24.11,56.25],[24.83,56.39],[25.07,56.18],[25.76,56.11],[25.83,55.98],[26.58,55.7],[26.96,55.91],[26.36,55.98],[26.23,56.32],[25.54,56.46],[26.53,56.59],[26.73,56.73],[26.78,57.08],[27.21,57.56],[27.48,57.56],[27.8,57.35],[27.77,57.14],[27.68,57.14],[27.72,56.87],[28.1,57.01],[28.12,57.14],[28.48,57.14],[28.49,56.66],[28.31,56.66],[28.29,56.52],[29.1,56.59],[29.14,56.32],[29.41,56.39],[29.44,56.52],[29.88,56.52],[29.84,56.32],[30,56.18],[31.44,56.39],[31.34,55.84],[31.42,55.77],[30.88,55.7],[30.84,55.5],[31.18,55.43],[31.13,55.16],[31.29,55.09],[31.32,54.75],[31.41,54.75],[31.38,54.61],[31.11,54.55],[31.09,54.41],[31.56,54.14],[31.94,54.34],[32.36,54.27],[32.58,54],[32.51,53.66],[32.6,53.66],[32.63,53.33],[32.16,53.12],[31.31,53.19],[31.28,52.99],[31.5,52.79],[31.66,52.18],[30.87,52.05],[30.58,51.85],[30.52,51.45],[30.6,51.38],[30.51,51.38],[30.35,50.85],[30.27,50.85],[30.21,50.45],[30.02,50.31],[31.02,50.25],[31.34,50.11],[31.22,49.91],[31.79,49.78],[32.33,49.45],[32.82,49.38],[32.71,49.18]]]]}},{"type":"Feature","properties":{"NAME":"Kingdom of Spain","C":1,"name":"Kingdom of Spain","start_year":1713,"end_year":1717,"capital":"","type":"polity","region":"","event":"","source":"Cliopatria / Seshat Global History Databank (CC BY 4.0)","wikipedia":"Spain","wikidata":"Q29","_a":99,"_c":[-2.89,39.88],"_nz":"西班牙王国","_sz":""},"geometry":{"type":"MultiPolygon","coordinates":[[[[1.34,39.13],[1.65,39.13],[1.66,39],[1.43,38.8],[1.27,38.8],[1.18,39.06],[1.26,39.13],[1.34,39.13]]],[[[3.19,39.97],[3.2,39.84],[3.52,39.77],[3.3,39.32],[2.82,39.32],[2.66,39.51],[2.35,39.45],[2.34,39.64],[2.88,39.97],[2.96,39.97],[3.19,39.97]]],[[[-4.99,43.41],[-3.47,43.47],[-3.3,43.34],[-1.77,43.34],[-1.69,43.34],[-1.44,43.28],[-1.43,43.08],[-1.03,43.08],[-0.53,42.82],[-0.21,42.82],[0.04,42.69],[1.07,42.82],[1.49,42.63],[1.49,42.56],[1.58,42.43],[1.81,42.56],[2.46,42.37],[3.09,42.5],[3.1,42.43],[3.18,42.37],[3.12,41.91],[2.89,41.72],[2.33,41.59],[2.11,41.33],[1.24,41.2],[0.7,40.94],[0.71,40.68],[0.47,40.61],[0.25,40.42],[0.18,40.16],[-0.2,39.97],[-0.35,39.71],[-0.31,39.13],[0.1,38.74],[-0.66,38.29],[-0.8,38.03],[-0.7,37.64],[-1.71,37.45],[-1.62,37.32],[-1.86,37.32],[-2.06,36.8],[-2.53,36.87],[-2.68,36.74],[-4.47,36.74],[-4.69,36.55],[-5.23,36.48],[-5.22,36.35],[-5.37,36.35],[-5.66,36.03],[-5.83,36.22],[-6.06,36.22],[-6.43,37],[-6.59,37],[-6.84,37.25],[-7.31,37.25],[-7.39,37.25],[-7.5,37.71],[-7.28,37.84],[-7.14,38.09],[-6.99,38.09],[-7,38.22],[-7.24,38.35],[-7.27,38.67],[-7.12,38.74],[-6.99,39],[-7.26,39.38],[-7.42,39.45],[-7.44,39.64],[-6.9,39.77],[-6.84,40.03],[-7,40.1],[-7.01,40.23],[-6.87,40.36],[-6.93,41],[-6.25,41.46],[-6.27,41.65],[-6.52,41.72],[-6.7,41.98],[-8.12,41.78],[-8.22,41.98],[-8.14,41.98],[-8.15,42.11],[-8.47,42.11],[-8.93,41.91],[-8.94,41.98],[-8.96,42.17],[-8.66,42.37],[-9.08,42.56],[-9.3,43.15],[-8.85,43.41],[-8.37,43.41],[-8.39,43.6],[-8.24,43.73],[-7.28,43.73],[-7.34,43.6],[-7.18,43.54],[-5.73,43.54],[-5.65,43.54],[-4.99,43.41]]]]}},{"type":"Feature","properties":{"NAME":"Dutch Republic","C":4,"name":"Dutch Republic","start_year":1713,"end_year":1720,"capital":"","type":"polity","region":"","event":"","source":"Cliopatria / Seshat Global History Databank (CC BY 4.0)","wikipedia":"Dutch Republic","wikidata":"Q170072","_a":8391,"_c":[69.04,21.57],"_nz":"荷兰共和国","_sz":""},"geometry":{"type":"MultiPolygon","coordinates":[[[[79.72,7.29],[79.72,7.36],[80.38,7.36],[80.28,6.84],[80.42,6.65],[80.71,6.65],[80.69,6.39],[80.84,6.33],[80.89,6.01],[80.89,5.94],[80.82,5.94],[80.74,5.94],[80.67,5.94],[80.67,5.88],[80.23,5.88],[79.95,6.14],[79.76,6.65],[79.72,7.29]]],[[[81.91,7.36],[81.91,7.29],[81.69,7.29],[81.42,7.61],[81.43,7.81],[81.65,7.87],[81.65,7.81],[81.64,7.74],[81.72,7.74],[81.71,7.68],[81.79,7.68],[81.78,7.61],[81.78,7.55],[81.77,7.49],[81.85,7.49],[81.84,7.42],[81.92,7.42],[81.91,7.36]]],[[[79.92,8.19],[79.88,7.61],[79.74,7.61],[79.74,7.68],[79.67,7.68],[79.67,7.74],[79.62,8.06],[79.77,8.13],[79.77,8.19],[79.92,8.19]]],[[[81.39,8.45],[81.39,8.39],[81.09,8.32],[81.04,8.58],[81.11,8.58],[81.11,8.64],[81.19,8.64],[81.26,8.64],[81.26,8.58],[81.25,8.51],[81.32,8.51],[81.4,8.51],[81.39,8.45]]],[[[79.9,9.03],[80.05,9.16],[79.99,9.41],[80.08,9.61],[79.86,9.67],[79.88,9.86],[80.45,9.74],[80.52,9.67],[80.44,9.54],[80.73,9.48],[80.72,9.35],[81.06,8.96],[81.06,8.9],[80.75,8.71],[80.75,8.64],[80.09,8.64],[80.01,8.51],[79.79,8.51],[79.79,8.58],[79.9,9.03]]],[[[76.36,9.67],[76.36,9.8],[76.23,9.93],[76.45,9.99],[76.58,9.8],[76.58,9.74],[76.56,9.41],[76.26,9.35],[76.21,9.67],[76.36,9.67]]],[[[75.93,10.96],[75.78,10.96],[75.72,11.15],[75.73,11.21],[75.59,11.34],[75.81,11.41],[75.95,11.21],[75.93,10.96]]],[[[75.27,11.92],[75.21,12.11],[75.06,12.18],[75.07,12.24],[75.29,12.31],[75.43,12.18],[75.41,11.92],[75.27,11.92]]],[[[80.3,12.63],[80.23,12.63],[80.21,12.44],[80,12.5],[80.09,12.76],[80.31,12.76],[80.3,12.63]]],[[[80.38,13.46],[80.41,13.08],[80.13,13.21],[80.15,13.4],[80.3,13.46],[80.38,13.46]]],[[[88.54,22.91],[88.6,22.85],[88.37,22.79],[88.46,22.91],[88.54,22.91]]],[[[5.89,50.78],[5.89,50.71],[5.81,50.71],[5.72,50.71],[5.71,51.05],[5.97,50.98],[5.97,50.78],[5.89,50.78]]],[[[5.88,51.18],[5.79,51.18],[5.79,51.25],[5.87,51.25],[5.96,51.25],[5.96,51.18],[5.88,51.18]]],[[[6.04,51.38],[6.13,51.31],[5.96,51.31],[5.95,51.45],[6.04,51.45],[6.04,51.38]]],[[[6.53,51.92],[6.53,51.85],[6.45,51.85],[6.02,51.92],[5.94,51.78],[5.86,51.78],[5.77,51.78],[5.78,51.65],[5.86,51.65],[5.78,51.38],[5.45,51.25],[5.37,51.25],[5.02,51.45],[4.34,51.45],[4.01,51.25],[3.5,51.25],[3.41,51.45],[3.49,51.45],[3.75,51.45],[3.41,51.51],[3.4,51.65],[3.74,51.65],[3.65,51.78],[3.82,51.78],[3.81,51.92],[3.98,51.92],[3.97,52.05],[4.22,52.18],[4.22,52.32],[4.46,52.52],[4.53,52.86],[4.7,52.92],[4.61,53.12],[4.69,53.19],[4.86,53.19],[4.79,52.99],[5.06,52.65],[5.14,52.79],[5.39,52.86],[5.39,52.99],[5.21,53.12],[5.54,53.39],[6.74,53.53],[7.09,53.26],[7.18,53.26],[7.02,52.72],[6.68,52.65],[6.68,52.52],[6.94,52.38],[6.95,52.25],[6.7,52.05],[6.61,52.05],[6.61,51.98],[6.7,51.98],[6.7,51.92],[6.62,51.92],[6.53,51.92]]],[[[123.51,-10.13],[123.42,-9.87],[123.74,-9.36],[123.81,-9.36],[123.97,-9.49],[124.26,-9.49],[124.38,-9.16],[124.37,-9.1],[124.52,-9.1],[124.65,-8.91],[124.72,-8.91],[124.8,-9.04],[125.02,-9.04],[125.04,-9.23],[124.83,-9.29],[124.92,-9.55],[124.93,-9.61],[124.59,-9.94],[124.61,-10.06],[124.46,-10.06],[124.4,-10.19],[124.11,-10.19],[124.11,-10.26],[123.83,-10.39],[123.17,-10.39],[123.22,-10.13],[123.51,-10.13]]],[[[118.54,-8.33],[118.61,-8.33],[118.9,-8.26],[119.08,-8.78],[118.5,-8.84],[118.39,-8.26],[118.54,-8.33]]],[[[123.52,-8.59],[123.16,-8.65],[123.15,-8.46],[123,-8.46],[122.94,-8.59],[122.79,-8.59],[122.78,-8.46],[122.93,-8.46],[122.91,-8.26],[123.21,-8.33],[123.21,-8.39],[123.28,-8.26],[123.78,-8.2],[123.73,-8.39],[123.51,-8.46],[123.52,-8.59]]],[[[125.02,-8.2],[124.97,-8.46],[124.25,-8.52],[124.16,-8.33],[124.17,-8.52],[123.96,-8.59],[123.8,-8.46],[123.8,-8.39],[124,-8.2],[124.37,-8.26],[124.36,-8.14],[125.02,-8.2]]],[[[126.4,-8.01],[125.67,-8.01],[125.71,-7.69],[126.22,-7.62],[126.29,-7.62],[126.51,-7.56],[126.67,-7.81],[126.53,-7.81],[126.54,-7.94],[126.4,-8.01]]],[[[111.2,-6.66],[111.27,-6.66],[111.44,-7.04],[111.38,-7.24],[109.4,-7.11],[108.24,-7.11],[107.99,-7.81],[107.91,-7.81],[107.16,-7.49],[106.28,-7.43],[106.34,-7.11],[106.33,-7.04],[106.48,-6.98],[106.46,-6.72],[106.6,-6.53],[106.52,-6.4],[106.3,-6.4],[106.35,-5.95],[106.42,-5.95],[106.79,-6.08],[106.85,-5.89],[107,-5.89],[107.37,-6.01],[107.53,-6.21],[108.26,-6.27],[108.5,-6.72],[108.87,-6.79],[108.95,-6.79],[110.34,-6.91],[110.6,-6.4],[110.89,-6.4],[111.05,-6.66],[111.2,-6.66]]],[[[121.83,-5.05],[121.9,-5.05],[121.99,-5.37],[121.77,-5.44],[121.68,-5.11],[121.83,-5.05]]],[[[119.35,-5.05],[119.47,-4.54],[119.7,-4.73],[119.65,-5.31],[120.31,-5.31],[120.32,-5.56],[119.82,-5.63],[119.82,-5.69],[119.53,-5.76],[119.23,-5.5],[119.21,-5.11],[119.35,-5.05]]],[[[122.68,-4.6],[122.81,-4.41],[123.03,-4.41],[123.12,-4.73],[122.91,-4.92],[123.09,-5.44],[122.8,-5.5],[122.81,-5.69],[122.44,-5.63],[122.43,-5.5],[122.43,-5.44],[122.14,-5.44],[122.18,-4.79],[122.46,-4.6],[122.68,-4.6]]],[[[127.21,-3.44],[127.15,-3.7],[126.65,-3.89],[126.43,-3.83],[126.36,-3.83],[125.91,-3.51],[125.89,-3.12],[126.83,-3.06],[127.06,-3.19],[127.21,-3.44]]],[[[125.92,-1.96],[126.01,-2.48],[125.79,-2.41],[125.7,-1.96],[125.56,-1.96],[125.49,-1.96],[125.27,-1.9],[125.26,-1.77],[126.14,-1.77],[126.07,-1.96],[125.92,-1.96]]],[[[124.24,-1.64],[124.46,-1.64],[124.53,-1.64],[125.11,-1.71],[125.19,-1.9],[124.25,-2.03],[124.24,-1.64]]],[[[101.11,-2.41],[101.48,-2.74],[101.56,-2.99],[101.42,-3.12],[100.74,-2.35],[100.73,-1.9],[100.28,-1.32],[100.2,-0.87],[99.68,-0.42],[99.61,-0.1],[99.46,0.03],[99.23,0.09],[99.16,0.22],[98.94,0.22],[98.95,0.41],[99.09,0.35],[99.31,0.48],[99.38,0.35],[99.67,0.29],[99.97,-0.29],[100.56,-0.74],[100.57,-1],[100.57,-1.06],[100.65,-1.39],[100.87,-1.51],[101.1,-1.96],[101.18,-2.35],[101.11,-2.41]]],[[[125.18,1.38],[125.11,1.38],[124.96,1.25],[124.61,1.51],[124.76,1.7],[125.12,1.7],[125.18,1.38]]],[[[101.71,2.47],[101.72,2.54],[102.02,2.79],[102.1,3.05],[102.39,2.99],[102.67,2.73],[102.58,2.41],[102.43,2.28],[102.5,2.21],[102.42,2.02],[102.35,2.02],[101.85,2.28],[101.85,2.34],[101.78,2.34],[101.78,2.41],[101.71,2.41],[101.71,2.47]]],[[[130.93,-8.14],[131.01,-8.14],[130.95,-8.33],[130.59,-8.39],[130.86,-8.14],[130.93,-8.14]]],[[[127.88,-8.26],[127.66,-8.26],[127.64,-8.07],[127.79,-8.07],[127.87,-8.2],[127.88,-8.26]]],[[[129.74,-7.81],[129.74,-7.88],[129.76,-8.07],[129.46,-8.01],[129.44,-7.75],[129.74,-7.81]]],[[[131.28,-7.88],[131.22,-8.07],[131,-8.07],[130.97,-7.69],[131.16,-7.36],[131.16,-7.3],[131.36,-7.11],[131.58,-7.11],[131.55,-7.69],[131.28,-7.88]]],[[[131.03,-7.56],[130.96,-7.56],[130.81,-7.56],[130.87,-7.36],[131.02,-7.36],[131.03,-7.56]]],[[[128.53,-7.24],[128.38,-7.24],[128.37,-7.11],[128.59,-7.04],[128.52,-7.17],[128.53,-7.24]]],[[[134.18,-5.63],[134.32,-5.56],[134.31,-5.44],[134.53,-5.44],[134.68,-6.59],[134.38,-6.53],[134.33,-6.85],[133.97,-6.91],[133.97,-6.85],[133.87,-6.53],[133.95,-6.53],[133.92,-6.14],[134.21,-6.08],[134.18,-5.63]]],[[[132.82,-6.01],[132.67,-6.01],[132.67,-5.95],[132.52,-5.95],[132.5,-5.69],[132.95,-5.76],[132.82,-6.01]]],[[[132.86,-5.5],[133.07,-5.44],[133.01,-5.56],[133.01,-5.63],[132.86,-5.5]]],[[[127.88,-3.57],[127.95,-3.57],[128.24,-3.51],[128.25,-3.7],[127.81,-3.83],[127.8,-3.57],[127.88,-3.57]]],[[[129.76,-3.38],[128.96,-3.44],[128.67,-3.31],[128.53,-3.51],[128.38,-3.51],[128.08,-3.31],[128.08,-3.19],[127.93,-3.25],[127.87,-3.44],[127.72,-3.44],[127.71,-3.19],[127.78,-2.99],[128.28,-2.8],[129.66,-2.8],[129.96,-2.99],[130.4,-2.99],[130.55,-3.12],[130.56,-3.31],[130.56,-3.38],[130.79,-3.51],[130.73,-3.89],[129.91,-3.57],[129.76,-3.38]]],[[[130.06,-1.64],[130.28,-1.64],[130.36,-1.84],[130.29,-1.84],[130.22,-2.09],[129.86,-2.09],[129.64,-1.96],[129.7,-1.77],[130.06,-1.64]]],[[[127.65,-1.32],[127.65,-1.39],[128.02,-1.51],[128.03,-1.77],[127.3,-1.77],[127.22,-1.45],[127.65,-1.32]]]]}},{"type":"Feature","properties":{"NAME":"Denmark-Norway","C":9,"name":"Denmark-Norway","start_year":1713,"end_year":1717,"capital":"","type":"polity","region":"","event":"","source":"Cliopatria / Seshat Global History Databank (CC BY 4.0)","wikipedia":"Denmark-Norway","wikidata":"Q62651","_a":1026,"_c":[3.35,62.03],"_nz":"丹麦-挪威","_sz":""},"geometry":{"type":"MultiPolygon","coordinates":[[[[10.37,56.25],[10.28,56.25],[10.28,55.98],[9.93,55.84],[9.93,55.7],[9.75,55.7],[9.75,55.57],[10.63,55.63],[10.63,55.5],[10.8,55.43],[10.88,54.95],[10.71,54.75],[10.54,54.75],[10.54,55.02],[9.93,55.09],[10.01,55.02],[9.93,54.61],[9.93,54.55],[9.93,54.34],[9.75,54.14],[10.1,54.21],[10.19,54.48],[10.27,54.48],[11.05,54.41],[11.05,54.21],[10.79,54],[10.53,54],[10.36,53.66],[10.27,53.66],[10.01,53.73],[9.84,53.53],[9.41,53.53],[9.33,53.26],[9.5,53.12],[9.33,52.99],[9.16,52.99],[8.9,52.79],[8.73,52.92],[8.64,53.12],[8.47,53.12],[8.47,52.92],[8.39,52.92],[8.3,52.92],[8.3,52.86],[8.22,52.86],[8.22,52.79],[8.13,52.79],[7.87,53.06],[7.61,53.12],[7.61,53.26],[7.78,53.33],[7.78,53.53],[7.95,53.53],[8.03,53.53],[8.12,53.53],[8.12,53.6],[8.21,53.6],[8.2,53.66],[8.29,53.66],[8.38,53.66],[8.38,53.73],[8.72,53.66],[8.81,53.87],[8.89,53.87],[8.8,54.21],[8.54,54.27],[8.54,54.41],[8.8,54.48],[8.8,54.61],[8.53,54.82],[8.44,55.23],[8.53,55.23],[8.53,55.36],[8.35,55.5],[8.09,55.5],[8.09,55.63],[8,55.63],[8.08,56.11],[7.99,56.11],[7.98,56.66],[8.24,56.73],[8.15,56.87],[8.5,57.21],[9.39,57.21],[9.66,57.42],[9.66,57.56],[9.83,57.56],[9.92,57.7],[10.46,57.77],[10.55,57.28],[10.28,57.08],[10.28,56.59],[10.9,56.52],[10.81,56.18],[10.54,56.18],[10.54,56.11],[10.36,56.11],[10.37,56.25]]],[[[11.67,54.89],[11.67,55.09],[11.5,55.23],[10.97,55.29],[11.06,55.57],[10.89,55.63],[10.89,55.77],[11.24,55.84],[11.33,56.05],[11.6,56.05],[11.77,55.84],[11.86,56.11],[12.48,56.18],[12.56,56.11],[12.56,55.7],[12.2,55.57],[12.38,55.43],[12.37,55.23],[12.11,55.16],[12.1,54.75],[11.67,54.68],[11.58,54.68],[10.88,54.75],[10.97,55.02],[11.67,54.89]]],[[[10.63,55.98],[10.63,55.77],[10.54,55.77],[10.36,55.77],[10.45,55.98],[10.63,55.98]]],[[[-6.74,61.62],[-6.72,61.48],[-6.71,61.41],[-6.99,61.48],[-7.02,61.62],[-6.74,61.62]]],[[[-6.96,62.4],[-6.77,62.33],[-6.66,62.26],[-6.69,61.9],[-6.79,61.9],[-7.28,62.05],[-7.32,62.33],[-6.96,62.4]]],[[[8.13,63.55],[8.22,63.48],[8.22,63.34],[8.04,63.34],[7.94,63.34],[7.75,63.34],[7.75,63.48],[8.13,63.55]]],[[[-20.54,66.18],[-20.05,66.18],[-20.01,66.03],[-19.55,65.81],[-19.57,66.18],[-19.18,66.18],[-19.2,66.25],[-18.72,66.25],[-18.36,66.03],[-18.43,66.25],[-18.04,66.25],[-17.59,66.03],[-17.46,66.25],[-16.66,66.18],[-16.67,66.55],[-15.79,66.55],[-15.61,66.25],[-15.34,66.33],[-15.36,66.4],[-15.07,66.4],[-14.99,66.11],[-14.7,66.11],[-14.64,65.88],[-14.72,65.81],[-14.33,65.81],[-14.29,65.66],[-13.7,65.59],[-13.64,65.37],[-13.72,65.3],[-13.51,65.22],[-13.47,65.08],[-13.93,65],[-13.88,64.79],[-14.07,64.79],[-14.05,64.71],[-14.43,64.71],[-14.47,64.49],[-14.74,64.42],[-14.8,64.28],[-15.27,64.28],[-15.5,64.42],[-15.46,64.28],[-16.09,64.13],[-16.07,64.06],[-16.6,63.91],[-16.58,63.84],[-17.7,63.77],[-18.16,63.41],[-19.39,63.41],[-19.81,63.55],[-20.37,63.55],[-20.53,63.77],[-21.15,63.91],[-22.8,63.77],[-22.9,64.06],[-22.83,64.13],[-22.33,64.06],[-22.36,64.13],[-22.17,64.13],[-22.02,64.28],[-22.1,64.49],[-22.5,64.57],[-22.58,64.79],[-23.98,64.71],[-24.16,64.93],[-22.61,65.15],[-22.59,65.37],[-22.03,65.44],[-22.06,65.52],[-23.31,65.52],[-23.28,65.44],[-24.03,65.37],[-24.37,65.52],[-24.42,65.66],[-24.13,65.66],[-24.21,65.88],[-23.8,65.81],[-23.91,66.11],[-23.62,66.11],[-23.67,66.25],[-23.28,66.25],[-22.94,66.11],[-23.17,66.48],[-22.97,66.48],[-23,66.55],[-22.61,66.55],[-21.48,66.11],[-21.38,65.52],[-21.26,65.44],[-20.97,65.74],[-20.78,65.74],[-20.76,65.66],[-20.54,65.59],[-20.4,65.74],[-20.54,66.18]]],[[[14.64,55.09],[14.64,55.29],[14.99,55.23],[15.08,55.23],[15.07,55.02],[14.64,55.09]]],[[[28.46,70.88],[28.25,70.88],[28.22,70.72],[28.32,70.72],[28.18,70.57],[28.38,70.57],[28.44,70.8],[28.68,70.95],[29.29,70.95],[29.36,70.8],[30.07,70.8],[30.24,70.64],[31.03,70.57],[31.01,70.49],[31.12,70.49],[30.96,70.26],[29.7,70.1],[29.66,69.95],[29.86,69.95],[29.83,69.79],[30.03,69.79],[30.07,69.95],[30.86,69.87],[30.96,69.87],[30.92,69.72],[30.68,69.56],[30.19,69.64],[29.94,69.41],[29.32,69.33],[29.17,69.11],[28.85,69.03],[28.8,69.26],[29.27,69.56],[29.2,69.72],[28.51,69.79],[28.53,69.87],[28.14,69.95],[28.16,70.02],[26.52,69.95],[25.86,69.64],[25.76,69.11],[25.66,69.11],[25.63,68.95],[25.43,68.95],[24.86,68.57],[24.39,68.73],[24.4,68.8],[22.78,68.65],[22.79,68.73],[22.41,68.8],[22.42,68.88],[22.22,68.88],[21.77,69.26],[21.07,69.26],[20.85,69.11],[20.24,69.03],[20.31,68.8],[20.21,68.8],[19.96,68.42],[18.09,68.57],[18.07,68.35],[18.17,68.35],[18.05,68.12],[17.05,68.05],[16.73,67.74],[16.23,67.59],[16.12,67.44],[16.4,67.3],[16.38,67.07],[15.78,66.77],[15.26,66.25],[14.57,66.11],[14.54,65.44],[14.04,65.08],[14.03,64.93],[13.64,64.71],[13.73,64.57],[13.92,64.57],[14.2,64.35],[14.1,64.13],[12.76,64.06],[12.19,63.77],[12.18,63.55],[12.09,63.55],[12.08,63.19],[12.18,63.19],[12.07,62.62],[12.16,62.62],[12.16,62.4],[12.25,62.4],[12.14,61.76],[12.78,61.41],[12.78,61.19],[12.31,60.98],[12.31,60.77],[12.49,60.7],[12.57,60.35],[12.48,60.35],[12.38,60.07],[11.83,59.85],[11.83,59.71],[11.74,59.71],[11.73,59.36],[11.82,59.29],[11.73,59.29],[11.64,58.95],[11.1,59.09],[11.1,59.16],[10.83,59.16],[10.56,59.36],[10.56,59.64],[10.47,59.64],[10.37,59.16],[10.19,59.16],[10.01,58.95],[9.65,59.02],[9.56,58.88],[9.38,58.88],[9.38,58.74],[9.11,58.74],[9.11,58.6],[8.93,58.6],[8.67,58.32],[7.6,57.97],[6.61,58.04],[6.52,58.25],[5.97,58.32],[5.51,58.6],[5.5,59.02],[5.95,59.02],[6.03,59.36],[5.84,59.43],[5.85,59.29],[5.21,59.29],[5.28,59.78],[5.19,59.78],[5.18,60],[5.45,60.14],[5.26,60.28],[4.9,60.21],[4.89,60.42],[5.16,60.49],[4.95,61.05],[5.13,61.19],[5.03,61.19],[4.93,61.48],[5.2,61.62],[4.92,61.62],[4.91,61.76],[5.19,61.9],[5.08,62.26],[5.45,62.19],[5.44,62.4],[5.72,62.4],[5.73,62.19],[5.92,62.19],[5.91,62.4],[6.56,62.47],[6.64,62.76],[7.3,62.62],[7.4,62.62],[7.68,62.62],[7.67,62.76],[7.39,62.76],[7.3,62.76],[6.92,62.83],[6.92,63.05],[7.95,63.05],[7.94,63.19],[8.23,63.19],[8.22,63.34],[8.32,63.34],[8.22,63.55],[8.5,63.7],[9.07,63.7],[8.98,63.48],[9.26,63.41],[9.35,63.62],[9.54,63.62],[9.54,63.91],[9.92,63.99],[9.92,64.13],[10.3,64.28],[10.3,64.42],[10.87,64.64],[11.16,64.64],[11.25,64.49],[11.44,64.57],[11.35,64.86],[11.45,64.86],[11.45,65],[11.74,65.08],[11.84,65.22],[12.13,65.15],[12.04,65.44],[12.13,65.44],[12.14,65.59],[12.53,65.74],[12.53,65.88],[12.34,65.88],[12.44,66.11],[12.34,66.11],[12.35,66.25],[12.64,66.25],[12.63,66.11],[12.82,66.03],[12.93,66.25],[13.12,66.25],[12.94,66.62],[13.23,66.62],[13.24,66.77],[13.63,66.77],[13.54,67],[13.64,67.07],[14.13,67.07],[14.44,67.3],[14.55,67.52],[14.95,67.67],[15.07,67.97],[15.36,67.97],[15.58,68.27],[15.88,68.27],[15.88,68.35],[15.09,68.42],[14.98,68.27],[14.19,68.2],[14.19,68.35],[14.4,68.5],[14.9,68.57],[14.91,68.73],[14.41,68.65],[14.42,68.8],[14.93,68.95],[15.03,69.11],[15.33,69.03],[15.32,68.8],[15.52,68.8],[15.44,69.18],[15.75,69.33],[16.15,69.33],[16.14,69.18],[15.94,69.11],[15.92,68.88],[16.62,68.88],[16.61,68.73],[17.21,68.8],[17.23,69.03],[17.33,69.03],[17.32,68.88],[17.52,68.88],[17.65,69.18],[17.04,69.11],[16.96,69.33],[16.86,69.33],[16.87,69.49],[17.89,69.64],[17.98,69.49],[18.58,69.49],[18.59,69.56],[18.19,69.56],[18.2,69.72],[18.82,69.79],[18.72,69.87],[18.75,70.1],[18.86,70.18],[19.66,70.1],[19.59,70.33],[19.79,70.33],[19.88,70.26],[19.84,69.87],[20.04,69.87],[20.16,70.02],[20.36,70.02],[20.29,70.26],[20.81,70.33],[20.77,70.02],[21.77,69.95],[21.79,70.1],[21.38,70.1],[21.43,70.41],[22.03,70.33],[22.02,70.26],[22.33,70.33],[22.47,70.57],[22.37,70.57],[22.41,70.8],[23.44,70.88],[23.3,70.64],[23.5,70.64],[23.63,70.8],[24.33,70.72],[24.27,70.95],[25.21,71.03],[25.3,70.95],[25.34,71.19],[25.87,71.27],[25.86,71.19],[26.06,71.19],[25.88,70.8],[26.44,71.03],[26.75,71.03],[26.68,70.72],[26.56,70.64],[26.96,70.57],[27.09,70.72],[27.01,70.8],[27.24,70.95],[27.26,71.03],[27.71,71.19],[28.41,71.11],[28.46,70.88]]],[[[12.79,67.89],[12.79,68.05],[12.89,68.05],[12.89,68.12],[13.19,68.12],[13.19,67.97],[12.79,67.89]]],[[[14.09,68.2],[13.59,68.12],[13.58,68.05],[13.39,68.05],[13.39,68.12],[13.39,68.2],[13.7,68.42],[14.1,68.42],[14.09,68.2]]],[[[24.07,70.95],[23.97,70.95],[23.98,71.03],[23.99,71.11],[24.1,71.11],[24.08,71.03],[24.07,70.95]]]]}},{"type":"Feature","properties":{"NAME":"Ottoman Empire","C":6,"name":"Ottoman Empire","start_year":1713,"end_year":1717,"capital":"","type":"polity","region":"","event":"","source":"Cliopatria / Seshat Global History Databank (CC BY 4.0)","wikipedia":"Ottoman Empire","wikidata":"Q12560","_a":1251,"_c":[32.2,29.13],"_nz":"奥斯曼帝国","_sz":""},"geometry":{"type":"MultiPolygon","coordinates":[[[[24.16,35.52],[24.15,35.39],[24.3,35.32],[25.69,35.32],[25.68,35.13],[26.23,35.19],[26.14,35.07],[24.82,35],[24.76,35.19],[24.53,35.19],[24.45,35.19],[23.68,35.26],[23.62,35.52],[24.16,35.52]]],[[[27.69,36.29],[28.02,36.48],[28.09,36.48],[28.25,36.48],[28.14,36.03],[27.74,35.9],[27.69,36.29]]],[[[27.12,36.93],[27.19,36.8],[26.87,36.67],[27.04,36.93],[27.12,36.93]]],[[[25.34,37.13],[25.42,37.13],[25.57,37.13],[25.56,37],[25.33,37],[25.34,37.13]]],[[[24.28,37.71],[24.36,37.71],[24.43,37.58],[24.27,37.51],[24.2,37.64],[24.28,37.71]]],[[[26.08,37.71],[26.16,37.71],[26.31,37.71],[26.3,37.58],[25.99,37.51],[26.08,37.71]]],[[[24.69,38.03],[24.77,38.03],[25.07,37.77],[24.83,37.71],[24.68,37.84],[24.69,38.03]]],[[[25.9,38.48],[25.82,38.48],[25.91,38.67],[25.99,38.67],[26.22,38.55],[26.11,38.16],[25.88,38.16],[25.9,38.48]]],[[[23.57,38.8],[23.56,38.74],[23.48,38.74],[23.49,38.8],[23.57,38.8]]],[[[24.36,39],[24.44,39],[24.67,38.93],[24.66,38.74],[24.36,38.87],[24.36,39]]],[[[26.09,39],[26.1,39.13],[25.79,39.19],[26.04,39.38],[26.12,39.38],[26.51,39.32],[26.64,39],[26.25,38.93],[26.09,39]]],[[[20.15,39.64],[20.15,39.58],[20.07,39.58],[20.07,39.64],[20.15,39.64]]],[[[25.07,40.03],[25.15,40.03],[25.46,40.03],[25.45,39.84],[24.97,39.84],[25.07,40.03]]],[[[25.72,40.29],[25.8,40.29],[26.04,40.29],[26.02,40.16],[25.7,40.1],[25.72,40.29]]],[[[24.49,40.81],[24.57,40.81],[24.81,40.81],[24.79,40.61],[24.55,40.55],[24.49,40.81]]],[[[44.87,10.06],[43.71,10.25],[43.71,10.44],[43.5,10.57],[43.23,11.15],[43.08,11.21],[43.17,11.54],[43.32,11.54],[43.67,11.21],[43.73,10.96],[44.08,10.57],[44.37,10.44],[44.88,10.44],[44.89,10.51],[45.11,10.51],[45.1,10.31],[44.87,10.06]]],[[[43.44,12.69],[43.45,12.89],[43.24,13.08],[43.25,13.4],[43.47,13.4],[43.47,13.34],[43.68,13.27],[43.81,12.69],[43.73,12.69],[43.44,12.69]]],[[[39.74,15.26],[39.3,15.39],[39.1,15.78],[39.11,15.91],[39.26,15.97],[39.26,16.04],[39.41,16.04],[39.46,15.71],[39.74,15.33],[39.74,15.26]]],[[[37.34,19.12],[37.62,18.8],[37.7,18.8],[37.54,18.61],[37.24,18.61],[37.1,18.74],[37.34,19.12]]],[[[44.32,19.57],[44.25,19.57],[44.25,19.64],[44.33,19.64],[44.32,19.57]]],[[[44.25,19.64],[44.18,19.64],[44.18,19.7],[44.26,19.7],[44.25,19.64]]],[[[40.13,25.49],[40.06,25.49],[40.06,25.55],[40.14,25.55],[40.13,25.49]]],[[[30.88,46.68],[30.3,45.96],[30.04,45.89],[29.86,45.69],[29.61,45.69],[29.58,45.43],[29.67,45.43],[29.53,44.91],[29.02,44.78],[29.05,44.97],[28.8,44.97],[28.84,44.58],[28.58,44.39],[28.54,43.99],[28.62,43.99],[28.48,43.47],[28.16,43.47],[28.23,43.34],[27.9,43.28],[27.8,43.15],[27.85,42.76],[27.51,42.63],[27.49,42.43],[27.94,42.04],[28.05,41.59],[28.22,41.65],[28.35,41.39],[28.98,41.26],[28.96,41.13],[30.48,41.2],[30.62,41.07],[31.18,41.07],[31.53,41.39],[32.03,41.52],[32.04,41.65],[32.19,41.59],[32.69,41.78],[32.63,41.91],[34.78,41.91],[34.88,42.04],[35.12,42.04],[35.16,41.72],[35.95,41.72],[36.21,41.26],[36.77,41.33],[37.07,41.13],[37.23,41.2],[37.21,41.07],[37.77,41.07],[37.83,40.94],[38.16,41],[38.3,40.87],[38.78,40.94],[39.05,41.13],[39.74,40.94],[40.37,40.94],[40.39,41.07],[40.54,41],[41.05,41.2],[41.16,41.39],[41.31,41.33],[41.41,41.46],[41.57,41.46],[41.58,41.52],[42.44,41.46],[42.62,41.59],[42.7,41.59],[42.78,41.59],[42.86,41.59],[43.19,41.2],[43.58,41.13],[43.56,41],[43.71,41],[43.65,40.16],[43.86,40.03],[44.42,40.03],[44.77,39.77],[44.52,39.71],[44.4,39.45],[44.07,39.38],[44.17,39],[44.31,38.93],[44.31,38.42],[44.45,38.35],[44.31,37.9],[44.59,37.71],[44.63,37.45],[44.77,37.38],[44.85,36.87],[45.06,36.67],[45.1,36.42],[45.38,36.22],[45.35,36.03],[45.79,35.84],[46.25,35.84],[46.06,35.58],[46.15,35.13],[45.81,34.94],[45.69,34.61],[45.54,34.61],[45.5,34.36],[45.65,34.29],[45.44,33.91],[45.59,33.91],[46.14,33.39],[46.23,32.94],[46.68,32.88],[46.95,32.56],[47.32,32.49],[47.6,32.3],[47.58,32.17],[47.98,31.72],[47.8,31.46],[47.74,31.01],[48.1,30.89],[48.05,30.44],[48.28,30.44],[48.41,30.31],[48.39,30.12],[48.6,29.99],[48.59,29.92],[48.37,29.92],[48.4,29.6],[47.87,29.54],[47.96,29.67],[47.75,29.86],[47.16,29.99],[47.25,30.12],[46.57,30.12],[46.58,30.24],[45.68,30.31],[45.12,30.76],[45.14,30.89],[44.79,31.21],[44.64,31.14],[44.66,31.34],[44.44,31.46],[44.46,31.59],[43.15,32.81],[42.71,32.94],[42.58,33.14],[42.06,33.33],[41.58,33.78],[40.93,34.1],[39.9,33.91],[39.81,33.71],[39.42,33.65],[39.4,33.52],[39.25,33.52],[38.91,33.26],[38.89,33.07],[38.64,32.88],[38.29,32.36],[38.27,32.17],[38.01,31.91],[38.07,31.72],[37.83,31.66],[37.48,31.14],[37.55,31.01],[37.4,31.01],[37.31,30.89],[37.16,30.05],[37.31,29.99],[37.22,29.86],[37.68,28.96],[37.82,28.89],[37.81,28.77],[37.97,28.83],[37.95,28.57],[38.23,28.32],[38.22,28.19],[38.45,28.19],[38.36,28.06],[38.42,27.87],[38.7,27.61],[38.76,27.35],[38.91,27.29],[38.9,27.16],[39.04,27.09],[39.31,26.58],[39.46,26.58],[39.38,26.52],[39.44,26.32],[39.58,26.26],[39.78,25.81],[39.92,25.74],[40.25,24.97],[40.39,24.91],[40.52,24.52],[40.87,24.14],[41.41,23.11],[42.17,22.21],[42.17,22.08],[42.45,21.82],[42.78,21.18],[43.14,20.92],[43.27,20.6],[43.69,20.21],[43.69,20.09],[43.83,19.96],[43.98,20.02],[44.31,19.38],[44.46,19.44],[44.38,19.25],[44.45,19.25],[44.45,19.19],[44.36,18.93],[43.51,18.29],[43.55,17.77],[43.46,17.51],[43.24,17.39],[43.28,16.81],[43.04,16.49],[42.81,16.42],[42.82,16.49],[42.48,17.13],[42.34,17.13],[42.28,17.45],[41.78,17.84],[41.45,18.48],[41.24,18.61],[41.25,18.86],[41.04,19.12],[40.99,19.44],[40.84,19.51],[40.85,19.7],[40.56,19.83],[40.14,20.28],[39.84,20.28],[39.35,20.79],[39.15,21.18],[39.17,21.63],[39.03,21.76],[39.14,22.53],[38.86,22.85],[38.87,23.04],[38.6,23.62],[38.03,24.14],[37.44,24.33],[37.39,24.65],[37.17,24.78],[37.18,24.91],[37.33,24.97],[37.27,25.23],[36.77,25.68],[36.72,26],[36.43,26.19],[36.16,26.77],[35.67,27.29],[35.61,27.54],[35.47,27.61],[35.41,27.87],[35.05,28.12],[34.59,28.06],[34.61,28.25],[34.85,28.57],[34.91,29.41],[34.75,29.28],[34.52,28.06],[34.36,27.93],[34.35,27.74],[34.12,27.74],[33.62,28.12],[33.55,28.32],[33.4,28.32],[33.19,28.51],[33.15,29.02],[32.86,29.22],[32.59,29.73],[32.6,29.92],[32.44,29.79],[32.69,28.96],[32.84,28.89],[33.11,28.38],[33.61,27.99],[33.59,27.61],[33.8,27.42],[33.93,27.03],[34.07,26.97],[34.05,26.58],[34.2,26.52],[34.46,25.87],[34.61,25.81],[35.15,24.65],[35.86,24.01],[35.85,23.88],[35.56,23.94],[35.55,23.69],[35.81,22.91],[35.66,22.98],[35.05,22.59],[33.62,22.27],[32.06,22.21],[31.69,22.34],[31.46,22.08],[31.23,22.01],[31.17,22.27],[31.32,22.4],[30.74,22.66],[30.16,23.11],[30.01,23.11],[29.57,23.49],[29.58,23.62],[29.14,23.94],[29.15,24.07],[28.78,24.39],[28.79,24.52],[28.57,24.65],[28.29,25.16],[28.24,25.94],[28.35,26.58],[28.27,26.58],[28.3,27.16],[28.22,27.16],[28.31,27.54],[28.24,27.61],[28.47,27.74],[28.6,28.83],[28.46,29.09],[28.36,30.05],[27.63,30.5],[26.13,30.82],[25.38,31.14],[25.31,31.27],[25.32,31.46],[25.48,31.53],[26.39,31.53],[27.15,31.4],[27.51,31.14],[28.5,31.01],[28.87,30.82],[29.4,30.82],[29.49,31.01],[29.63,30.95],[29.87,31.08],[29.8,31.21],[29.88,31.27],[30.34,31.27],[30.27,31.4],[30.35,31.46],[30.81,31.46],[30.97,31.53],[30.97,31.66],[31.2,31.66],[31.12,31.53],[31.27,31.46],[31.88,31.46],[31.78,31.21],[31.94,31.27],[32,31.08],[32.3,31.08],[32.24,31.21],[32.39,31.21],[32.53,31.08],[32.77,31.14],[32.83,31.01],[33.75,31.08],[34.3,31.27],[34.31,31.4],[34.63,31.66],[34.57,31.85],[34.81,31.98],[34.77,32.36],[35.02,32.62],[35.06,33.01],[35.22,33.07],[35.4,33.39],[35.35,33.65],[35.5,33.65],[35.45,33.91],[35.68,33.97],[35.64,34.36],[35.79,34.29],[36.05,34.55],[36.07,34.74],[35.93,34.87],[35.96,35.19],[35.88,35.19],[35.99,35.52],[35.84,35.58],[35.99,36.22],[35.84,36.29],[36.26,36.61],[36.29,36.8],[36.14,36.93],[35.83,36.93],[35.49,36.61],[35.33,36.61],[35.11,36.74],[34.95,36.67],[34.89,36.87],[34.58,36.87],[34.25,36.67],[33.98,36.29],[33.27,36.22],[32.71,36.03],[32.56,36.03],[32.5,36.22],[32.07,36.61],[31.09,36.93],[30.62,36.93],[30.49,36.35],[30.03,36.35],[29.94,36.22],[29.24,36.22],[29.12,36.74],[28.74,36.74],[28.59,36.87],[28.36,36.87],[28.19,36.67],[28.03,36.67],[28.14,37.06],[28.07,37.13],[27.6,37.13],[27.54,37.38],[27.22,37.32],[27.31,37.45],[27.16,37.58],[27.26,37.77],[27.18,37.77],[27.28,38.03],[26.89,38.09],[26.82,38.22],[26.43,38.22],[26.38,38.67],[26.54,38.61],[26.59,38.35],[27.06,38.35],[27.08,38.55],[26.85,38.61],[26.96,39],[26.88,39],[26.89,39.19],[26.74,39.26],[26.85,39.58],[26.13,39.51],[26.17,39.97],[26.25,39.97],[26.27,40.29],[26.6,40.48],[26.68,40.48],[26.67,40.36],[27.47,40.42],[27.54,40.29],[27.7,40.29],[27.79,40.48],[27.95,40.48],[27.94,40.36],[29.05,40.36],[28.9,40.48],[28.91,40.61],[29.39,40.68],[29.49,40.87],[29.25,40.81],[29.1,40.94],[29.12,41.07],[27.53,41.07],[27.02,40.68],[26.92,40.48],[26.63,40.74],[26.14,40.61],[26.08,40.87],[25.85,40.94],[24.35,41],[24.01,40.74],[23.7,40.81],[23.68,40.61],[23.84,40.55],[23.74,40.23],[23.27,40.29],[22.88,40.48],[22.89,40.61],[22.65,40.61],[22.56,40.36],[22.54,40.1],[22.7,40.1],[22.61,39.9],[23.14,39.45],[22.82,39.38],[22.8,39.06],[22.96,39.13],[23.49,38.87],[23.33,38.8],[23.03,38.93],[22.94,38.74],[23.17,38.67],[23.31,38.48],[23.63,38.48],[23.56,38.74],[24.03,38.67],[24.18,38.55],[24.16,38.22],[24,38.22],[23.98,37.84],[23.44,38.03],[23.21,38.03],[23.2,37.9],[23.04,37.9],[22.99,38.29],[22.6,38.42],[21.19,38.42],[20.97,38.74],[20.74,38.8],[20.91,39.06],[20.3,39.38],[20.15,39.71],[19.92,39.71],[20.01,39.97],[19.63,40.29],[19.47,40.29],[19.49,40.61],[19.25,40.61],[19.25,40.74],[19.5,40.87],[19.44,41.26],[19.52,41.39],[19.44,41.39],[19.53,41.52],[19.45,41.52],[19.54,41.78],[18.85,42.3],[18.85,42.37],[18.71,42.82],[18.31,42.69],[18.08,43.02],[17.52,43.02],[17.52,43.08],[17.44,43.08],[17.44,43.15],[17.36,43.15],[17.37,43.21],[17.05,43.47],[17.06,43.54],[16.98,43.54],[16.27,44.12],[16.04,44.58],[15.8,44.71],[15.82,45.24],[15.98,45.24],[16.22,45.04],[16.47,45.24],[17.12,45.24],[17.76,45.04],[18.58,45.1],[18.89,44.84],[19.22,44.97],[20.02,44.71],[20.29,45.24],[19.98,45.5],[20.08,45.76],[19.84,45.82],[19.94,46.15],[20.67,46.15],[20.83,46.02],[21.49,46.15],[21.56,46.02],[22.38,46.02],[22.37,45.89],[22.45,45.89],[22.36,45.69],[22.67,45.5],[22.74,45.3],[22.63,44.97],[22.55,44.97],[22.53,44.71],[22.68,44.58],[22.52,44.52],[22.5,44.32],[22.89,44.12],[22.95,43.8],[23.6,43.86],[24.15,43.67],[24.88,43.73],[25.43,43.6],[25.85,43.73],[26.28,44.06],[27.49,44.06],[27.83,44.19],[27.94,44.52],[27.79,44.58],[27.8,44.71],[27.97,44.78],[28,45.04],[27.85,45.17],[27.86,45.3],[28.12,45.43],[28.15,45.69],[28.31,45.69],[28.33,45.89],[28.51,46.02],[28.44,46.15],[28.89,46.48],[29.48,46.68],[29.5,46.81],[29.34,46.87],[29.36,47.01],[29.2,47.07],[29.14,47.27],[29.51,47.6],[29.53,47.8],[30.3,47.99],[30.33,48.19],[30.57,48.19],[30.54,47.93],[30.62,47.93],[30.6,47.73],[30.75,47.6],[31.8,47.47],[31.79,47.4],[31.97,46.87],[31.96,46.81],[31.94,46.68],[31.79,46.74],[31.61,46.61],[30.88,46.68]]],[[[34.09,35],[33.7,34.94],[33.52,34.74],[33.13,34.68],[33.04,34.55],[32.37,34.74],[32.23,34.94],[32.25,35.13],[32.55,35.13],[32.88,35.26],[32.89,35.39],[33.74,35.39],[34.31,35.71],[34.39,35.71],[34.54,35.71],[34.53,35.58],[33.96,35.26],[34.09,35]]],[[[41.2,43.02],[41.33,42.89],[41.17,42.89],[41.12,43.02],[41.2,43.02]]],[[[41.12,43.02],[41.04,43.02],[40.96,43.02],[40.97,43.08],[41.05,43.08],[41.13,43.08],[41.12,43.02]]],[[[34.38,44.78],[33.93,44.45],[33.52,44.45],[33.47,44.65],[33.55,44.65],[33.56,44.71],[34.03,44.65],[34.39,44.91],[34.56,44.91],[34.57,44.97],[35.4,45.1],[35.39,45.04],[34.95,44.84],[34.38,44.78]]],[[[36.25,45.37],[36.26,45.43],[36.42,45.43],[36.38,45.17],[36.23,45.24],[36.25,45.37]]],[[[39.53,47.33],[39.48,47.07],[39.22,47.01],[39.23,47.07],[39.24,47.14],[39.26,47.2],[39.27,47.27],[39.13,47.4],[39.3,47.47],[39.39,47.47],[39.53,47.33]]]]}},{"type":"Feature","properties":{"NAME":"Mughal Empire","C":0,"name":"Mughal Empire","start_year":1713,"end_year":1717,"capital":"","type":"polity","region":"","event":"","source":"Cliopatria / Seshat Global History Databank (CC BY 4.0)","wikipedia":"Mughal Empire","wikidata":"Q33296","_a":730,"_c":[78.11,25.72],"_nz":"莫卧儿帝国","_sz":""},"geometry":{"type":"MultiPolygon","coordinates":[[[[91.22,22.4],[91.26,22.21],[91.03,22.14],[91.06,22.34],[91.07,22.4],[91.22,22.4]]],[[[69.89,21.24],[69.9,21.37],[69.5,21.76],[69.35,21.76],[68.95,22.21],[68.98,22.46],[69.2,22.46],[69.26,22.34],[69.41,22.34],[69.5,22.46],[69.87,22.46],[70.26,22.66],[70.37,22.91],[69.45,22.72],[68.81,22.98],[68.55,23.36],[68.34,23.43],[68.35,23.56],[68.13,23.56],[68.16,23.81],[67.63,23.81],[67.49,23.88],[67.44,24.07],[67.29,24.07],[67.33,24.39],[67.25,24.39],[67.21,24.71],[66.63,24.84],[66.62,25.36],[66.2,25.62],[66.55,26.52],[66.42,26.71],[66.46,26.97],[66.39,26.97],[66.66,28.32],[66.59,28.32],[66.67,28.83],[66.6,28.83],[66.69,29.86],[66.49,29.99],[66.25,29.92],[66.27,30.05],[65.99,30.18],[66.03,30.37],[65.95,30.37],[66.02,30.76],[65.59,31.72],[65.63,32.3],[65.55,32.3],[65.77,32.62],[65.75,32.88],[65.86,33.07],[65.94,33.07],[65.97,33.2],[66.13,33.26],[66.23,33.71],[66.15,33.71],[66.29,34.36],[66.21,34.36],[66.38,35.13],[66.26,35.26],[66.38,35.45],[66.3,35.45],[66.36,35.71],[66.29,35.71],[66.34,35.97],[66.27,35.97],[66.33,36.22],[66.96,36.29],[67.38,36.1],[68.42,36.22],[68.62,36.1],[68.88,36.8],[68.68,36.93],[68.71,37.06],[68.48,37.06],[68.51,37.19],[69.01,37.32],[69.12,37.13],[69.35,37.13],[69.55,37.58],[70.08,37.51],[70.27,37.64],[70.16,37.84],[70.21,38.03],[70.71,38.42],[71.18,38.42],[71.36,38.22],[71.27,37.9],[71.57,37.84],[71.42,37],[71.58,36.74],[71.89,36.74],[72.68,37.06],[72.99,37.32],[73.66,37.51],[73.78,37.38],[73.69,37.06],[73.8,36.87],[74.11,36.87],[74.55,37.06],[75.31,37],[75.41,36.8],[75.78,36.74],[75.96,36.55],[75.97,36.03],[76.09,35.9],[76.56,35.9],[76.72,35.64],[77.07,35.52],[77.05,35.45],[77.13,35.45],[77.1,35.32],[77.42,35.39],[77.31,35.26],[77.49,35.07],[78.04,34.81],[78.21,34.87],[78.23,34.68],[78.87,34.49],[78.68,34.04],[78.85,34.1],[78.59,33.39],[78.66,33.39],[78.56,32.69],[78.54,32.62],[78.46,32.3],[78.54,32.3],[78.56,32.04],[78.75,31.91],[78.81,31.53],[79.1,31.46],[79.45,31.01],[79.97,30.95],[80.26,30.56],[80.84,30.44],[81.01,30.18],[80.66,29.99],[80.35,29.6],[80.24,29.09],[80.17,29.09],[80.17,28.7],[80.68,28.64],[80.96,28.51],[81.19,28.19],[81.88,27.87],[82.54,27.74],[83.08,27.42],[84.43,27.42],[84.76,27.16],[84.73,27.03],[84.88,27.03],[85,26.84],[85.27,26.71],[85.74,26.77],[85.79,26.64],[86.31,26.64],[86.65,26.45],[87.11,26.52],[87.24,26.39],[88.15,26.45],[88.23,26.45],[88.35,26.32],[88.88,26.32],[89.15,26.19],[89.6,26.19],[90.02,26],[90.39,26],[90.36,25.42],[90.46,25.16],[91.74,25.16],[91.79,25.04],[92,24.97],[91.98,24.84],[92.23,24.59],[92.11,24.33],[92.25,24.26],[92.22,24.07],[92.3,24.07],[92.16,23.69],[92.36,23.56],[92.39,23.24],[92.3,23.17],[92.44,23.11],[92.34,22.91],[92.41,22.91],[92.36,22.59],[92.47,22.34],[92.38,21.69],[92.19,21.44],[91.83,21.5],[91.89,21.95],[91.76,22.08],[91.74,22.4],[91.37,22.46],[91.5,22.79],[90.94,22.53],[90.86,22.01],[90.63,21.95],[90.65,22.08],[90.43,22.08],[90.23,21.76],[89.9,22.01],[89.87,21.82],[89.71,21.76],[89.12,21.76],[89.1,21.63],[88.73,21.63],[88.72,22.08],[88.64,22.08],[88.51,21.69],[88.37,21.69],[88.35,21.56],[88.13,21.63],[88.18,21.95],[88.1,21.95],[87.76,21.63],[87.07,21.44],[86.89,21.24],[86.97,20.73],[87.05,20.73],[87.03,20.6],[86.79,20.47],[86.84,20.28],[86.44,20.02],[86.42,19.89],[86.11,19.76],[85.5,19.64],[85.52,19.83],[85.37,19.83],[85.41,19.57],[84.75,18.99],[84.38,18.41],[84.05,18.16],[83.67,18.03],[83.56,17.77],[83.15,17.45],[82.45,17.13],[82.35,16.87],[82.42,16.87],[82.38,16.55],[82.22,16.42],[81.32,16.29],[81.12,15.78],[80.92,15.78],[80.68,16.49],[80.4,16.61],[79.98,16.64],[79.62,16.23],[79.01,16.04],[78.9,15.65],[79.18,14.81],[79.08,14.07],[78.55,13.01],[78.29,13.91],[77.88,14.3],[77.9,14.49],[78.21,14.69],[78.16,14.94],[77.49,14.81],[77.5,14.94],[77.17,15.33],[76.95,15.33],[75.51,14.88],[75.5,14.75],[75.1,14.43],[74.54,14.69],[74.47,14.69],[74.55,14.81],[74.52,15.26],[74.1,15.52],[73.8,15.46],[73.81,15.52],[73.42,16.04],[73.33,16.61],[73.25,16.61],[73.25,17.32],[72.96,18.03],[72.89,18.8],[73.1,19.38],[72.8,19.31],[72.71,19.83],[72.63,19.83],[72.84,20.34],[72.9,20.92],[72.56,21.24],[72.76,21.69],[72.54,21.76],[72.53,22.27],[72.38,22.27],[72.34,21.95],[72.11,21.89],[72.17,21.76],[72.32,21.76],[72.18,21.18],[71.33,20.79],[71.32,20.73],[70.72,20.66],[70.3,20.86],[69.89,21.24]],[[88.35,22.14],[88.47,22.46],[88.4,22.46],[88.15,22.27],[88.2,22.08],[88.35,22.14]],[[77.42,30.76],[77.28,30.82],[77.31,30.95],[77.19,31.08],[76.9,31.14],[76.09,30.95],[75.75,30.76],[75.8,30.31],[76.03,30.31],[76,30.18],[76.21,30.05],[76.18,29.92],[76.32,29.86],[76.45,29.41],[76.59,29.34],[76.78,28.77],[77.18,28.89],[77.12,29.34],[77.05,29.34],[77.12,29.73],[77.2,29.73],[77.21,29.79],[77.53,30.56],[77.39,30.63],[77.42,30.76]],[[73.19,20.21],[73.12,20.21],[72.89,20.15],[73.18,20.09],[73.19,20.21]]],[[[63.76,29.54],[63.84,29.54],[63.83,29.47],[63.75,29.47],[63.76,29.54]]]]}},{"type":"Feature","properties":{"NAME":"English Colonial Empire","C":11,"name":"English Colonial Empire","start_year":1713,"end_year":1761,"capital":"","type":"polity","region":"","event":"","source":"Cliopatria / Seshat Global History Databank (CC BY 4.0)","wikipedia":"English overseas possessions","wikidata":"Q617219","_a":49,"_c":[76.6,16.01],"_nz":"英格兰殖民帝国","_sz":""},"geometry":{"type":"MultiPolygon","coordinates":[[[[80.32,12.89],[80.31,12.76],[80.1,12.82],[80.2,13.14],[80.35,13.14],[80.33,12.95],[80.32,12.89]]],[[[72.87,19.25],[73.09,19.25],[72.99,18.99],[72.84,18.99],[72.86,19.19],[72.87,19.25]]]]}},{"type":"Feature","properties":{"NAME":"Kingdom of Prussia","C":11,"name":"Kingdom of Prussia","start_year":1713,"end_year":1720,"capital":"","type":"polity","region":"","event":"","source":"Cliopatria / Seshat Global History Databank (CC BY 4.0)","wikipedia":"Kingdom of Prussia","wikidata":"Q27306","_a":155,"_c":[14.26,51.39],"_nz":"普鲁士王国","_sz":""},"geometry":{"type":"MultiPolygon","coordinates":[[[[6.83,47.14],[7.08,46.94],[6.51,46.87],[6.5,46.94],[6.59,46.94],[6.59,47.01],[6.67,47.01],[6.67,47.07],[6.75,47.07],[6.83,47.07],[6.83,47.14]]],[[[7.06,51.31],[7.05,51.58],[7.56,51.65],[7.64,51.51],[7.39,51.51],[7.48,51.38],[7.56,51.38],[7.48,51.18],[7.23,51.18],[7.06,51.31]]],[[[10.78,51.45],[10.44,51.45],[10.44,51.58],[10.44,51.65],[10.7,51.65],[10.78,51.45]]],[[[5.95,51.65],[5.94,51.71],[5.94,51.78],[6.02,51.92],[6.45,51.85],[6.88,51.65],[6.88,51.45],[6.63,51.31],[6.13,51.31],[6.12,51.38],[5.95,51.45],[5.96,51.31],[5.7,51.31],[5.86,51.51],[5.86,51.58],[5.86,51.65],[5.95,51.65]],[[6.46,51.45],[6.54,51.45],[6.63,51.45],[6.63,51.51],[6.63,51.58],[6.54,51.58],[6.54,51.51],[6.46,51.51],[6.46,51.45]]],[[[14.27,51.92],[13.93,52.05],[13.93,52.12],[14.19,52.12],[14.27,51.92]]],[[[8.82,52.45],[8.91,52.12],[8.66,52.05],[8.4,52.05],[8.4,51.92],[7.98,51.98],[7.97,52.12],[8.23,52.18],[8.14,52.59],[8.91,52.52],[8.82,52.45]]],[[[7.29,52.38],[7.28,52.59],[7.71,52.52],[7.8,52.25],[7.8,52.18],[7.55,52.12],[7.54,52.38],[7.29,52.38]]],[[[16.48,53.6],[16.3,53.53],[16.29,53.39],[16.12,53.33],[16.11,53.12],[16.02,53.12],[16.1,52.86],[15.49,52.65],[15.65,52.32],[15.47,52.18],[15.13,52.25],[14.95,52.05],[14.78,51.92],[14.44,51.92],[14.36,52.18],[13.94,52.25],[13.76,52.12],[13.42,52.12],[12.91,51.92],[12.57,51.98],[12.66,52.12],[12.23,52.12],[12.23,51.92],[12.14,51.92],[12.14,51.85],[11.89,51.65],[11.46,51.65],[11.46,51.51],[11.71,51.31],[11.54,51.18],[11.29,51.31],[11.29,51.45],[11.38,51.78],[10.87,51.65],[10.78,51.85],[10.87,51.92],[10.53,52.12],[10.53,52.25],[10.87,52.32],[10.87,52.52],[10.79,52.99],[11.39,53.06],[11.39,53.19],[11.13,53.26],[11.31,53.46],[11.56,53.39],[11.74,53.6],[11.91,53.6],[12.17,53.39],[12.94,53.33],[13.02,53.33],[13.2,53.33],[13.55,53.66],[13.12,53.66],[12.95,53.8],[13.04,53.87],[13.64,53.87],[13.48,54.14],[13.48,54.21],[14.17,54.07],[14.16,53.87],[13.98,53.8],[14.5,53.73],[14.51,54],[15.04,54.21],[15.99,54.27],[16.62,54.68],[17.94,54.89],[18.02,54.89],[17.91,54.48],[17.64,54.34],[17.62,54],[17.28,54.07],[17.1,53.94],[17.17,53.66],[16.91,53.6],[16.82,53.6],[16.66,53.8],[16.4,53.8],[16.48,53.6]]],[[[22.46,54],[22.55,54],[22.42,53.6],[21.29,53.46],[20.93,53.26],[20.67,53.26],[20.4,53.06],[19.97,53.12],[19.73,53.33],[19.74,53.46],[19.31,53.46],[19.21,53.33],[18.7,53.39],[18.81,53.66],[18.98,53.66],[19.25,53.87],[19.27,54.07],[19.45,54.21],[19.87,54.07],[19.86,53.87],[20.1,53.66],[20.27,53.66],[20.83,54.07],[20.75,54.21],[20.5,54.27],[20.14,54.21],[19.81,54.34],[19.82,54.48],[19.83,54.55],[20,54.61],[19.84,54.68],[19.95,55.02],[20.65,55.09],[20.73,54.95],[20.99,54.95],[21.2,55.36],[20.97,55.63],[20.98,55.84],[20.99,55.91],[21.25,55.84],[21.24,55.7],[21.64,55.36],[22.41,55.23],[22.4,55.09],[22.57,55.09],[22.81,54.89],[22.7,54.68],[22.7,54.61],[22.66,54.27],[22.48,54.21],[22.46,54]]]]}},{"type":"Feature","properties":{"NAME":"Habsburg Monarchy","C":1,"name":"Habsburg Monarchy","start_year":1713,"end_year":1717,"capital":"","type":"polity","region":"","event":"","source":"Cliopatria / Seshat Global History Databank (CC BY 4.0)","wikipedia":"Habsburg monarchy","wikidata":"Q66504140","_a":344,"_c":[14.49,45.14],"_nz":"哈布斯堡君主国","_sz":""},"geometry":{"type":"MultiPolygon","coordinates":[[[[9.82,40.36],[9.67,40.29],[9.75,39.64],[9.67,39.64],[9.59,39.13],[9.12,39.19],[8.97,38.87],[8.73,38.87],[8.34,39],[8.41,39.26],[8.33,39.26],[8.33,39.51],[8.41,39.51],[8.48,39.9],[8.32,39.97],[8.4,40.29],[8.32,40.29],[8.32,40.48],[8.16,40.55],[8.15,40.94],[8.55,40.87],[9.02,41.26],[9.1,41.26],[9.5,41.2],[9.82,40.74],[9.82,40.36]]],[[[7.79,48.32],[7.8,48.13],[7.96,48.26],[8.21,48.26],[8.21,48.13],[8.13,48.13],[8.22,47.66],[8.05,47.6],[8.14,47.53],[8.06,47.33],[7.73,47.33],[7.56,47.53],[7.89,47.66],[7.64,47.86],[7.64,47.93],[7.55,47.93],[7.63,48.32],[7.71,48.32],[7.79,48.32]]],[[[9.12,47.99],[9.29,47.99],[9.29,47.8],[9.04,47.73],[8.96,47.73],[8.88,47.73],[8.96,47.99],[9.04,47.86],[9.12,47.86],[9.12,47.99]]],[[[8.71,47.93],[8.79,47.86],[8.63,47.86],[8.63,47.99],[8.71,47.99],[8.71,47.93]]],[[[8.38,47.99],[8.3,47.99],[8.21,47.99],[8.21,48.06],[8.21,48.13],[8.29,48.13],[8.38,48.13],[8.38,48.06],[8.46,48.06],[8.46,47.99],[8.38,47.99]]],[[[8.79,48.32],[8.71,48.19],[8.54,48.26],[8.54,48.32],[8.79,48.32]]],[[[8.87,48.19],[8.87,48.26],[8.87,48.32],[8.95,48.32],[8.95,48.26],[9.04,48.26],[9.04,48.19],[8.95,48.19],[8.87,48.19]]],[[[8.29,48.26],[8.21,48.39],[8.45,48.39],[8.29,48.32],[8.29,48.26]]],[[[8.37,48.46],[8.29,48.59],[8.45,48.59],[8.45,48.52],[8.37,48.46]]],[[[7.87,48.52],[7.79,48.52],[7.79,48.59],[7.87,48.59],[7.95,48.59],[7.95,48.52],[7.87,48.52]]],[[[8.53,48.59],[8.62,48.65],[8.7,48.52],[8.62,48.52],[8.53,48.59]]],[[[5.93,49.58],[5.6,49.52],[4.83,49.85],[4.82,50.05],[5.48,50.45],[5.9,50.38],[5.72,50.71],[5.81,50.71],[5.89,50.71],[5.89,50.78],[5.97,50.78],[6.07,50.45],[6.4,50.51],[6.07,50.25],[6.58,50.11],[6.59,49.98],[6.34,49.78],[6.35,49.58],[6.35,49.52],[6.26,49.52],[6.27,49.45],[6.18,49.45],[6.1,49.45],[6.02,49.45],[5.93,49.58]]],[[[3.55,50.38],[3.11,50.78],[2.6,50.78],[2.49,51.18],[2.58,51.18],[2.74,51.31],[3.32,51.45],[3.41,51.45],[3.5,51.25],[4.01,51.25],[4.34,51.45],[5.02,51.45],[5.37,51.25],[5.29,50.98],[5.21,50.98],[5.22,50.71],[5.05,50.71],[5.06,50.45],[4.81,50.38],[4.65,50.25],[4.65,50.11],[4.49,49.98],[4.15,49.98],[4.14,50.25],[3.97,50.38],[3.55,50.38]]],[[[5.87,51.31],[6.04,51.25],[5.7,51.25],[5.79,51.31],[5.87,51.31]]],[[[15.87,41.72],[15.94,41.39],[17.2,41],[17.51,40.74],[17.98,40.61],[18.44,40.16],[18.35,39.9],[18.11,39.9],[17.81,40.36],[17.42,40.36],[17.35,40.55],[17.03,40.55],[16.87,40.48],[16.95,40.42],[16.86,40.29],[16.62,40.29],[16.7,40.1],[16.46,39.97],[16.45,39.64],[16.92,39.51],[17.07,39.38],[17.14,39.06],[16.5,38.8],[16.49,38.42],[15.93,37.96],[15.7,37.96],[15.63,38.29],[15.94,38.35],[15.95,38.67],[16.27,38.74],[16.27,38.93],[16.12,39.06],[15.9,39.77],[15.67,39.9],[15.75,40.03],[15.43,40.03],[15.2,40.23],[15.04,40.23],[14.89,40.68],[14.42,40.68],[14.42,40.87],[14.1,40.87],[13.95,41.13],[13.79,41.13],[13.79,41.2],[14.04,41.52],[13.96,41.72],[13.8,41.85],[13.41,41.85],[13.33,41.98],[13.01,42.04],[12.86,42.5],[13.1,42.69],[13.34,42.69],[13.58,42.89],[13.91,42.95],[13.99,42.95],[13.9,42.76],[14.37,42.24],[14.53,42.24],[14.61,42.11],[14.77,42.17],[14.77,42.04],[14.92,41.98],[15.17,42.04],[15.24,41.91],[15.64,41.91],[15.72,41.91],[16.12,41.91],[16.11,41.78],[15.87,41.72]]],[[[11.18,42.56],[11.34,42.63],[11.34,42.43],[11.18,42.5],[11.18,42.56]]],[[[10.13,42.89],[10.21,42.89],[10.46,42.89],[10.46,42.69],[10.21,42.69],[10.13,42.89]]],[[[10.62,43.02],[10.62,43.08],[10.86,43.08],[10.94,42.89],[10.86,42.89],[10.86,42.95],[10.78,42.95],[10.7,42.95],[10.7,43.02],[10.62,43.02]]],[[[10.45,45.17],[10.45,45.37],[10.62,45.43],[11.18,45.04],[11.02,44.97],[10.13,45.04],[9.97,45.17],[9.32,45.17],[9.24,44.91],[9.32,44.91],[9.4,44.45],[8.83,44.71],[8.75,45.1],[8.91,45.1],[8.91,45.37],[8.74,45.5],[8.25,45.56],[8.17,45.89],[7.92,45.96],[8.32,46.41],[8.49,46.35],[8.49,46.15],[8.65,46.15],[8.9,45.89],[9.22,46.22],[9.39,46.22],[9.47,46.02],[9.31,45.89],[9.31,45.69],[9.47,45.56],[9.56,45.56],[9.72,45.56],[9.88,45.3],[10.29,45.17],[10.45,45.17]]],[[[9.54,47.99],[9.54,47.86],[9.37,47.93],[9.45,47.93],[9.54,47.99]]],[[[10.53,48.19],[10.36,47.99],[10.12,48.06],[10.2,48.26],[10.53,48.26],[10.53,48.19]]],[[[18.71,50.85],[18.7,50.71],[19.03,50.58],[19.02,50.45],[19.19,50.38],[19.08,49.98],[19.24,49.85],[18.89,49.58],[18.88,49.45],[19.47,49.58],[19.87,49.18],[20.21,49.38],[20.55,49.38],[20.45,49.25],[20.7,49.25],[20.71,49.38],[21.8,49.38],[22.52,49.05],[22.78,49.12],[22.93,48.92],[23.67,48.79],[24.05,48.46],[24.38,48.39],[24.37,48.26],[24.69,48.13],[24.59,47.93],[24.91,47.8],[24.88,47.53],[25.03,47.4],[25.02,47.2],[25.67,47.14],[25.73,46.87],[25.97,46.81],[25.94,46.55],[26.48,46.15],[26.44,45.76],[26.1,45.63],[25.94,45.63],[25.85,45.5],[25.44,45.5],[25.35,45.37],[25.04,45.63],[24.63,45.63],[24.14,45.5],[23.48,45.5],[23.47,45.37],[23.14,45.24],[22.74,45.3],[22.67,45.5],[22.36,45.69],[22.45,45.89],[22.37,45.89],[22.38,46.02],[21.56,46.02],[21.49,46.15],[20.83,46.02],[20.67,46.15],[19.94,46.15],[19.84,45.82],[20.08,45.76],[19.98,45.5],[20.29,45.24],[20.02,44.71],[19.22,44.97],[18.89,44.84],[18.58,45.1],[17.76,45.04],[17.12,45.24],[16.47,45.24],[16.22,45.04],[15.98,45.24],[15.82,45.24],[15.8,44.71],[16.04,44.58],[16.27,44.12],[15.86,44.06],[15.15,44.39],[15.15,44.45],[14.91,44.58],[14.92,44.97],[14.76,44.97],[14.76,45.1],[14.6,45.17],[14.6,45.37],[14.2,45.37],[14.19,45.04],[14.11,45.04],[14.03,45.04],[13.79,45.24],[14.12,45.5],[13.71,45.5],[13.71,45.56],[13.71,45.76],[13.39,45.82],[13.31,45.82],[13.31,46.09],[13.48,46.15],[13.4,46.35],[13.56,46.41],[13.56,46.55],[12.09,46.68],[11.84,46.48],[11.84,46.22],[11.68,46.09],[11.35,46.09],[11.02,45.76],[10.78,45.69],[10.45,45.82],[10.53,46.28],[10.45,46.94],[10.28,47.01],[10.2,46.87],[9.96,46.87],[9.63,47.14],[9.63,47.2],[9.54,47.2],[9.54,47.27],[9.54,47.33],[9.54,47.4],[9.62,47.4],[9.62,47.47],[9.62,47.53],[9.95,47.53],[10.12,47.33],[10.37,47.33],[10.45,47.6],[10.61,47.6],[11.19,47.4],[11.6,47.6],[12.51,47.66],[12.51,47.4],[12.18,47.27],[12.18,47.07],[12.75,47.14],[12.83,47.14],[13.08,47.01],[13.74,47.07],[13.66,47.27],[13.41,47.27],[13.42,47.66],[13.18,47.93],[13.18,48.06],[13.85,48.46],[14.1,48.65],[13.61,48.92],[13.52,48.92],[13.53,48.99],[13.44,48.99],[13.36,48.99],[13.11,49.25],[12.53,49.52],[12.53,49.65],[12.37,49.71],[12.37,49.98],[12.12,50.18],[12.12,50.25],[12.29,50.25],[12.38,50.38],[12.8,50.38],[13.39,50.71],[14.15,50.85],[14.33,51.05],[14.5,51.05],[14.58,50.91],[15,50.91],[15.17,51.05],[15.27,51.45],[14.85,51.58],[14.86,51.71],[15.03,51.71],[14.95,52.05],[15.13,52.25],[15.47,52.18],[15.65,52.32],[15.81,52.25],[15.81,52.12],[16.14,51.85],[16.13,51.71],[16.56,51.71],[16.8,51.58],[16.98,51.71],[17.32,51.71],[17.39,51.45],[17.63,51.25],[17.72,51.25],[17.97,51.25],[18.05,51.11],[18.71,50.85]],[[20.37,49.25],[20.29,49.25],[20.28,49.12],[20.45,49.18],[20.37,49.25]]],[[[9.45,48.46],[9.53,48.46],[9.62,48.46],[9.95,48.46],[10.03,48.26],[9.78,48.32],[9.45,48.19],[9.45,48.46]]],[[[9.37,48.46],[9.37,48.26],[9.2,48.26],[9.2,48.32],[9.37,48.46]]],[[[10.11,48.32],[10.11,48.39],[10.11,48.46],[10.2,48.46],[10.2,48.39],[10.28,48.39],[10.28,48.32],[10.2,48.32],[10.11,48.32]]]]}},{"type":"Feature","properties":{"NAME":"Hotaki Dynasty","C":10,"name":"Hotaki Dynasty","start_year":1713,"end_year":1717,"capital":"","type":"polity","region":"","event":"","source":"Cliopatria / Seshat Global History Databank (CC BY 4.0)","wikipedia":"Hotak dynasty","wikidata":"Q627449","_a":27,"_c":[63.66,32.82],"_nz":"霍塔基王朝","_sz":""},"geometry":{"type":"Polygon","coordinates":[[[65.94,33.07],[65.97,33.2],[66.13,33.26],[66.23,33.71],[66.15,33.71],[66.29,34.36],[66.21,34.36],[66.38,35.13],[66.26,35.26],[66.09,35.19],[65.93,34.81],[65.52,34.36],[64.18,34.23],[63.01,33.39],[62.61,32.88],[62.2,32.75],[61.42,31.4],[61.25,31.27],[60.94,30.37],[61.02,30.37],[62.34,30.56],[63.78,30.56],[65.88,30.37],[65.95,30.37],[66.02,30.76],[65.59,31.72],[65.63,32.3],[65.55,32.3],[65.77,32.62],[65.75,32.88],[65.86,33.07],[65.94,33.07]]]}},{"type":"Feature","properties":{"NAME":"Tsardom of Russia","C":6,"name":"Tsardom of Russia","start_year":1713,"end_year":1717,"capital":"","type":"polity","region":"","event":"","source":"Cliopatria / Seshat Global History Databank (CC BY 4.0)","wikipedia":"Tsardom of Russia","wikidata":"Q186096","_a":5407,"_c":[100.32,60.75],"_nz":"沙皇俄国","_sz":""},"geometry":{"type":"MultiPolygon","coordinates":[[[[137.5,55.23],[138.02,55.23],[137.96,55.09],[138.15,55.02],[137.63,54.61],[137.73,54.55],[137.59,54.41],[137.42,54.41],[137.54,54.61],[137.35,54.68],[137.41,54.82],[137.15,54.82],[137.22,54.89],[137.14,54.89],[137.5,55.23]]],[[[136.53,54.89],[136.9,55.16],[137.25,55.16],[137.18,55.09],[137.11,55.02],[136.87,54.89],[136.53,54.89]]],[[[21.88,58.53],[22.15,58.53],[22.25,58.67],[23.23,58.6],[23.12,58.39],[22.29,58.18],[22.08,57.9],[21.9,57.9],[22.02,58.18],[21.93,58.18],[21.85,58.25],[21.88,58.53]]],[[[22.37,58.88],[22.19,58.88],[22.2,59.02],[22.49,59.16],[22.84,59.09],[22.9,58.81],[22.71,58.74],[22.62,58.74],[22.35,58.74],[22.37,58.88]]],[[[105.8,77.06],[107.5,77.15],[107.36,77.06],[107.59,77.06],[107.15,76.72],[106.66,76.55],[107.91,76.64],[108.18,76.81],[109.62,76.81],[109.76,76.89],[110.32,76.89],[110.18,76.81],[112.07,76.81],[111.93,76.72],[112.37,76.72],[112.2,76.55],[112.86,76.55],[112.72,76.46],[113.02,76.38],[112.89,76.3],[113.3,76.21],[113.66,76.3],[113.52,76.21],[113.74,76.21],[113.6,76.13],[113.71,76.13],[113.57,76.04],[113.79,76.04],[113.65,75.96],[114.09,75.96],[113.93,75.79],[114.04,75.79],[113.77,75.62],[113.88,75.62],[113.72,75.45],[113.83,75.45],[113.31,75.12],[111.82,74.71],[110.5,74.54],[110.05,74.38],[109.92,74.22],[109.47,74.05],[108.72,73.97],[108.06,73.65],[107.43,73.65],[106.57,73.33],[106.15,73.33],[105.53,72.92],[105.95,73],[106.15,73.25],[107.84,73.25],[108.16,73.41],[110.4,73.65],[111.3,74.14],[111.72,74.14],[111.48,73.89],[112,73.81],[111.89,73.73],[112.53,73.73],[112.99,74.05],[113.21,74.05],[113.09,73.97],[113.41,73.97],[113.29,73.89],[113.6,73.81],[113.36,73.57],[114.44,73.73],[117.09,73.73],[116.97,73.65],[117.29,73.65],[117.41,73.73],[118.9,73.73],[118.4,73.33],[118.81,73.25],[118.69,73.16],[120.29,73.25],[120.15,73.08],[120.68,73.08],[120.56,73],[122.78,73.08],[122.66,73],[123.08,73],[123.33,73.16],[123.22,73.16],[123.36,73.33],[123.06,73.41],[123.46,73.73],[125.08,73.81],[124.95,73.73],[125.67,73.65],[126.01,73.73],[125.86,73.57],[126.52,73.65],[126.26,73.49],[127.58,73.65],[127.45,73.57],[128.08,73.57],[127.95,73.49],[128.46,73.41],[128.33,73.33],[128.96,73.33],[128.81,73.16],[129.12,73.16],[128.74,72.92],[129.05,72.92],[128.93,72.84],[129.22,72.76],[128.74,72.53],[129.47,72.53],[129.33,72.37],[129.64,72.37],[129.52,72.29],[129.63,72.29],[129.16,72.05],[128.31,71.97],[128.81,71.89],[128.69,71.81],[129.11,71.81],[128.87,71.66],[129.39,71.66],[129.27,71.58],[129.48,71.58],[129.36,71.5],[129.46,71.5],[129.35,71.42],[129.55,71.42],[129.44,71.34],[130.04,71.27],[129.92,71.19],[130.23,71.19],[130.12,71.11],[130.32,71.11],[130.21,71.03],[130.62,71.03],[130.5,70.95],[131.1,70.88],[130.99,70.8],[131.19,70.8],[131.89,71.27],[131.79,71.27],[131.94,71.5],[131.84,71.5],[132.46,71.97],[132.88,71.97],[132.75,71.89],[132.96,71.89],[132.84,71.81],[133.15,71.81],[133.02,71.74],[133.23,71.74],[133.11,71.66],[133.61,71.58],[133.49,71.5],[134.72,71.5],[135.71,71.74],[136.33,71.74],[136.21,71.66],[136.73,71.66],[136.6,71.58],[137.01,71.58],[136.89,71.5],[137.4,71.5],[137.28,71.42],[137.49,71.42],[137.36,71.34],[137.77,71.34],[137.92,71.5],[137.82,71.5],[138.07,71.66],[138.61,71.74],[139.02,71.74],[138.9,71.66],[139.1,71.66],[138.98,71.58],[139.7,71.58],[139.83,71.66],[139.54,71.74],[139.67,71.81],[139.36,71.81],[139.51,71.97],[139.41,71.97],[139.8,72.21],[139.05,72.13],[139.18,72.21],[138.97,72.21],[139.1,72.29],[139,72.29],[139.64,72.61],[140.24,72.53],[140.69,72.61],[140.82,72.69],[140.61,72.69],[140.75,72.76],[140.65,72.76],[140.92,72.92],[141.34,72.92],[141.2,72.84],[146.06,72.69],[145.91,72.61],[146.82,72.53],[146.5,72.29],[145.87,72.29],[145.6,72.13],[146.01,72.13],[145.6,71.89],[145.19,71.89],[145.05,71.81],[145.26,71.81],[145.13,71.74],[145.88,71.81],[147.41,72.45],[149.62,72.29],[149.48,72.21],[149.9,72.21],[149.76,72.13],[150.07,72.13],[149.93,72.05],[150.13,72.05],[149.99,71.97],[150.1,71.97],[149.82,71.81],[148.95,71.74],[150.09,71.74],[149.92,71.58],[150.74,71.58],[150.57,71.42],[151.81,71.42],[151.67,71.34],[152.08,71.34],[151.94,71.27],[152.22,71.19],[152.01,70.95],[152.63,70.95],[152.49,70.88],[153.21,70.88],[155.5,71.19],[157.25,71.19],[157.11,71.11],[158.24,71.11],[158.1,71.03],[159.39,70.95],[159.25,70.88],[159.66,70.88],[159.51,70.8],[159.82,70.8],[159.68,70.72],[160.15,70.64],[159.97,70.49],[160.17,70.49],[159.92,70.18],[160.13,70.18],[159.78,69.87],[161.02,69.72],[160.89,69.64],[164.39,69.79],[164.25,69.72],[166.9,69.56],[167.77,69.87],[168.17,69.87],[168.03,69.79],[168.33,69.79],[168.15,69.64],[168.41,69.56],[168.27,69.49],[168.37,69.49],[168.22,69.41],[168.43,69.41],[168.28,69.33],[168.59,69.33],[168.45,69.26],[169.35,69.26],[169.21,69.18],[169.51,69.18],[169.37,69.11],[169.63,69.03],[169.45,68.88],[170.75,68.88],[170.19,68.57],[170.29,68.57],[168.43,67.15],[168.53,67.15],[168.4,67.07],[168.49,67.07],[168.36,67],[168.46,67],[168.18,66.55],[168.37,66.55],[168.19,66.33],[168.38,66.33],[168.23,66.18],[168.42,66.18],[168.24,65.96],[168.43,65.96],[168.28,65.81],[168.63,65.74],[168.51,65.66],[168.7,65.66],[168.58,65.59],[168.84,65.52],[168.72,65.44],[169.75,65.37],[169.62,65.3],[176.57,65.15],[176.19,64.93],[176.48,64.93],[176.35,64.86],[176.54,64.86],[176.38,64.71],[177.59,64.86],[177.46,64.79],[177.65,64.79],[177.34,64.49],[177.59,64.42],[177.46,64.35],[178,64.28],[178.45,64.42],[178.32,64.35],[178.51,64.35],[178.38,64.28],[178.57,64.28],[178.45,64.2],[178.7,64.13],[178.54,63.99],[178.89,63.91],[178.58,63.62],[179.02,63.55],[178.9,63.48],[179.15,63.41],[179.03,63.34],[179.4,63.34],[179.28,63.26],[179.47,63.26],[179.26,62.98],[179.54,62.98],[179.41,62.9],[179.76,62.83],[179,62.33],[178.57,62.4],[178.69,62.47],[178.13,62.47],[178.25,62.55],[177.06,62.62],[175.79,62.19],[175.44,62.26],[175.56,62.33],[175.09,62.33],[175.21,62.4],[174.3,62.47],[174.42,62.55],[173.83,62.47],[174.07,62.62],[170.56,62.76],[170.67,62.83],[167.94,62.76],[165.52,62.47],[164.78,62.47],[164.89,62.55],[164.44,62.62],[164.55,62.69],[163.99,62.69],[163.19,62.47],[163.47,62.47],[163.14,62.26],[163.24,62.26],[163.07,61.9],[163.42,61.83],[163,61.55],[162.73,61.62],[162.84,61.69],[162.27,61.62],[160.74,60.77],[160.17,60.63],[159.99,60.63],[160.23,61.05],[159.67,60.98],[159.82,61.34],[159.72,61.34],[160.25,61.69],[160.15,61.69],[160.28,61.9],[159.69,61.69],[159.32,61.69],[159.42,61.76],[159.16,61.83],[159.26,61.9],[158.31,61.76],[157.38,61.76],[156.8,61.55],[156.69,61.41],[156.78,61.41],[156.48,61.19],[156.19,61.12],[155.49,60.56],[154.83,60.35],[154.54,60.07],[154.63,60.07],[154.25,59.85],[154.42,59.71],[154.14,59.5],[154.96,59.64],[154.87,59.57],[155.22,59.43],[155.12,59.22],[154.4,59.22],[154.21,59.09],[153.76,59.09],[153.85,59.16],[153.4,59.22],[153.03,59.09],[152.85,58.88],[152.49,58.95],[152.58,59.02],[152.22,59.02],[152.04,58.88],[151.23,58.88],[151.32,58.95],[151.05,59.02],[151.23,59.16],[152.05,59.29],[151.59,59.29],[151.68,59.36],[151.33,59.5],[151.42,59.57],[150.33,59.5],[150.42,59.57],[149.6,59.71],[149.7,59.78],[149.15,59.71],[148.97,59.5],[148.7,59.43],[148.97,59.43],[148.61,59.22],[148.33,59.22],[148.42,59.29],[148.24,59.29],[148.33,59.36],[146.43,59.36],[146.26,59.16],[145.8,59.16],[145.89,59.22],[145.71,59.29],[145.8,59.36],[145.53,59.36],[145.61,59.43],[142.72,59.29],[142.02,59.02],[141.51,58.6],[140.9,58.39],[140.34,57.77],[140,57.7],[139.51,57.35],[138.67,57.01],[138.06,56.39],[137.43,55.98],[135.2,54.95],[135.29,54.95],[135.24,54.82],[135.41,54.82],[135.34,54.75],[135.69,54.75],[135.62,54.68],[136.92,54.68],[136.85,54.61],[136.95,54.55],[136.81,54.41],[136.91,54.34],[136.68,53.87],[137.03,53.87],[137.15,54.07],[136.98,54.07],[137.26,54.34],[137.69,54.34],[137.32,54.07],[137.86,54],[137.34,53.66],[137.27,53.6],[135.11,53.6],[134.63,53.46],[134.7,53.53],[134.42,53.6],[134.03,53.46],[134.1,53.53],[133.48,53.6],[133.02,53.39],[131.81,53.39],[131.95,53.53],[131.82,53.66],[131.89,53.73],[131.71,53.73],[131.76,53.87],[130.94,54],[131.06,54.21],[130.93,54.34],[131,54.41],[130.83,54.41],[130.85,54.61],[130.68,54.61],[130.69,54.89],[130.6,54.89],[130.74,55.02],[130.62,55.16],[130.83,55.36],[130.72,55.43],[130.84,55.63],[129.71,55.29],[129.51,55.36],[129.58,55.43],[129.32,55.43],[129.39,55.5],[128.86,55.5],[128.93,55.57],[128.27,55.43],[128.34,55.5],[126.27,55.7],[125.78,55.57],[125.85,55.63],[125.65,55.7],[125.72,55.77],[125.46,55.77],[125.52,55.84],[124.75,55.77],[124.82,55.84],[124.65,55.84],[124.69,55.98],[124.6,55.98],[124.67,56.05],[124.39,56.11],[124.46,56.18],[124.02,56.18],[123.81,55.98],[123.9,55.98],[123.5,55.29],[123.59,55.29],[123.23,54.82],[122.8,54.55],[122.39,54.48],[121.64,54.14],[121.31,54.34],[121.12,54.14],[121.21,54.14],[121.09,54],[121.18,54],[121.14,53.87],[121.31,53.87],[121.25,53.8],[121.42,53.8],[121.36,53.73],[121.54,53.73],[121.5,53.6],[121.7,53.53],[121.43,53.33],[121.09,53.33],[120.42,53.06],[119.9,52.65],[120.53,52.59],[120.5,52.45],[120.67,52.25],[120.56,52.12],[120.67,52.05],[120.19,51.78],[119.65,51.11],[119.73,51.11],[119.15,50.38],[119.33,50.18],[119.01,49.98],[118.54,49.91],[117.83,49.52],[116.68,49.78],[116.73,49.85],[116.45,49.91],[116.5,49.98],[115.36,49.91],[115.41,49.98],[115,50.11],[115.05,50.18],[114.8,50.18],[114.85,50.25],[114.01,50.25],[113.26,49.91],[112.73,49.52],[111.22,49.38],[110.75,49.18],[109.75,49.18],[109.79,49.25],[109.38,49.25],[109.42,49.32],[108.38,49.38],[108.42,49.45],[108.22,49.52],[108.26,49.58],[107.97,49.65],[107.9,49.91],[107.73,49.91],[107.78,49.98],[107.28,49.98],[107.32,50.05],[106.78,50.25],[106.83,50.31],[106.41,50.31],[106.46,50.38],[104.9,50.45],[104.05,50.18],[103.3,50.18],[103.34,50.25],[103.17,50.25],[103.22,50.31],[102.88,50.31],[102.92,50.38],[102.76,50.38],[102.8,50.45],[102.3,50.58],[102.3,50.71],[102.22,50.71],[102.31,50.85],[102.06,51.11],[102.16,51.25],[101.99,51.38],[102.04,51.45],[101.87,51.45],[101.91,51.51],[101.28,51.45],[101.32,51.51],[100.94,51.58],[100.99,51.65],[100.73,51.65],[100.78,51.71],[100.1,51.71],[100.14,51.78],[99.68,51.85],[99.73,51.92],[99.39,51.92],[99.43,51.98],[99.26,51.98],[99.31,52.05],[98.8,52.18],[98.77,52.38],[98.68,52.38],[98.78,52.65],[98.7,52.65],[98.84,52.86],[98.71,52.92],[98.76,52.99],[97.81,52.99],[97.86,53.06],[97.39,53.12],[97.44,53.19],[97.02,53.33],[97.06,53.39],[96.81,53.39],[96.85,53.46],[96.56,53.53],[96.6,53.6],[96.43,53.6],[96.11,53.26],[94.52,53.06],[93.86,52.32],[93.14,51.85],[92.71,51.71],[91.1,51.58],[91.14,51.65],[90.72,51.65],[90.76,51.71],[90.59,51.71],[90.63,51.78],[90.29,51.78],[90.09,51.58],[89.29,51.38],[89.13,51.25],[89.04,51.25],[88.8,50.98],[88.5,51.05],[88.53,51.25],[88.32,51.31],[88.39,51.58],[88.3,51.58],[88.5,52.05],[88.2,51.98],[88.24,52.05],[88.07,52.05],[88.11,52.12],[87.73,52.05],[87.77,52.12],[87.6,52.12],[87.64,52.18],[87.3,52.18],[87.37,52.45],[86.94,52.59],[86.93,52.72],[86.85,52.72],[86.93,52.86],[86.84,52.86],[87.13,53.19],[86.79,53.19],[86.83,53.26],[86.53,53.33],[86.3,53.8],[86.04,53.8],[86.21,53.94],[85.5,54.89],[85.59,55.02],[85.41,55.16],[85.5,55.29],[85.32,55.43],[85.41,55.57],[85.15,55.84],[85.19,55.91],[85.02,55.91],[84.93,56.18],[84.58,56.18],[84.62,56.39],[84.4,56.59],[84.45,56.8],[83.21,56.8],[82.19,56.59],[80.51,56.73],[80.55,56.8],[72.02,56.73],[71.02,56.52],[70.83,56.32],[70.69,56.39],[69.73,55.91],[69.12,55.91],[69.15,55.98],[68.89,55.98],[68.93,56.05],[67.85,56.18],[67.88,56.25],[67.32,56.18],[67.36,56.25],[67.09,56.25],[67.13,56.32],[66.48,56.25],[66.51,56.32],[64.69,56.39],[64.72,56.46],[62.66,56.39],[62.13,56.18],[61.92,55.91],[61.07,54.14],[61.19,54],[60.88,53.46],[60.96,53.46],[60.94,53.39],[60.44,52.79],[59.93,51.92],[58.92,51.71],[57.96,51.65],[57.99,51.71],[57.56,51.71],[57.44,51.85],[56.78,51.92],[56.58,52.05],[56.3,51.98],[56.32,52.05],[54.84,52.18],[54.56,52.38],[54.22,52.38],[54.24,52.45],[52.88,52.45],[52.58,52.32],[52.13,51.45],[52.22,51.45],[52.09,51.05],[52.18,51.05],[52.05,50.65],[52.14,50.65],[51.92,49.91],[52.01,49.91],[51.91,49.58],[52,49.58],[51.94,49.38],[52.02,49.38],[51.96,48.85],[52.04,48.85],[52,48.72],[52.09,48.72],[52.05,48.59],[52.23,48.32],[52.17,48.13],[52.26,48.13],[52.1,47.53],[52.18,47.53],[52.11,46.94],[52.03,46.94],[51.58,47.14],[50.84,47.14],[50.3,46.94],[49.99,46.68],[49.3,46.55],[49.06,46.22],[48.64,46.15],[48.59,45.96],[48.35,45.96],[48.06,45.76],[47.57,45.76],[47.46,45.63],[47.54,45.63],[47.48,45.37],[47.33,45.43],[47.04,44.84],[46.69,44.71],[46.63,44.45],[47.01,44.32],[47.34,43.99],[47.32,43.86],[46.99,43.86],[46.8,43.73],[46.72,43.73],[46.19,44.25],[46.64,45.24],[46.83,45.37],[46.9,45.69],[47.41,46.15],[47.37,46.35],[47.22,46.41],[47.25,46.55],[46.85,46.94],[46.69,46.94],[46.3,47.4],[45.37,47.66],[45.33,47.86],[45.06,47.8],[44.41,48.19],[43.77,48.32],[44.05,49.18],[44.37,49.52],[44.45,49.85],[44.76,50.11],[45,50.71],[45.2,50.85],[45.18,51.11],[45.3,51.25],[45.17,51.38],[45.2,51.51],[44.47,51.65],[43.52,51.58],[42.73,51.11],[42.31,51.11],[42.12,51.05],[42.09,50.91],[41.37,50.71],[40.97,51.18],[40.51,51.38],[39.66,51.38],[38.69,51.18],[37.04,50.51],[36.43,50.45],[35.43,51.38],[34.87,51.58],[34.53,51.58],[34.25,51.45],[34.03,50.65],[34.3,50.25],[34.85,50.05],[34.98,49.85],[34.45,49.65],[33.17,49.52],[32.82,49.38],[32.33,49.45],[31.79,49.78],[31.22,49.91],[31.34,50.11],[31.02,50.25],[30.02,50.31],[30.21,50.45],[30.27,50.85],[30.35,50.85],[30.51,51.38],[30.6,51.38],[30.52,51.45],[30.58,51.85],[30.87,52.05],[31.66,52.18],[31.5,52.79],[31.28,52.99],[31.31,53.19],[32.16,53.12],[32.63,53.33],[32.6,53.66],[32.51,53.66],[32.58,54],[32.36,54.27],[31.94,54.34],[31.56,54.14],[31.09,54.41],[31.11,54.55],[31.38,54.61],[31.41,54.75],[31.32,54.75],[31.29,55.09],[31.13,55.16],[31.18,55.43],[30.84,55.5],[30.88,55.7],[31.42,55.77],[31.34,55.84],[31.44,56.39],[30,56.18],[29.84,56.32],[29.88,56.52],[29.44,56.52],[29.41,56.39],[29.14,56.32],[29.1,56.59],[28.29,56.52],[28.31,56.66],[28.49,56.66],[28.48,57.14],[28.12,57.14],[28.1,57.01],[27.72,56.87],[27.68,57.14],[27.77,57.14],[27.8,57.35],[27.48,57.56],[27.21,57.56],[26.78,57.08],[26.73,56.73],[26.53,56.59],[25.54,56.46],[26.23,56.32],[26.36,55.98],[26.96,55.91],[26.58,55.7],[25.83,55.98],[25.76,56.11],[25.07,56.18],[24.83,56.39],[24.11,56.25],[23.42,56.39],[21.74,56.39],[21.38,56.32],[21.19,56.11],[20.92,56.05],[20.92,56.11],[20.87,56.46],[20.95,56.46],[21,56.94],[21.28,57.08],[21.41,57.49],[21.79,57.7],[22.52,57.83],[23.58,57.01],[23.94,57.08],[24.23,57.28],[24.27,58.25],[23.82,58.25],[23.67,58.46],[23.41,58.53],[23.41,59.29],[23.96,59.36],[24.16,59.5],[25.35,59.57],[25.37,59.71],[26.45,59.64],[26.79,59.5],[27.88,59.5],[27.93,59.78],[28.29,59.78],[28.41,59.92],[28.85,59.85],[29.07,60.07],[29.77,59.92],[29.76,59.85],[30.14,59.92],[30.16,60.07],[29.97,60],[29.99,60.14],[29.66,60.28],[28.99,60.14],[28.65,60.28],[28.49,60.42],[28.54,60.7],[28.06,60.56],[27.97,60.56],[27.99,60.7],[28.3,60.91],[28.49,60.91],[29.32,61.41],[29.5,61.41],[31.22,62.55],[31.5,62.98],[31.18,63.26],[31,63.26],[30.93,63.41],[30.05,63.7],[30.08,63.84],[30.5,64.06],[30.55,64.28],[29.93,64.49],[30.09,64.79],[29.62,64.86],[29.79,65.22],[29.62,65.3],[29.66,65.52],[30,65.74],[30.03,65.88],[29.05,66.77],[29.13,67.15],[29.59,67.44],[29.79,67.44],[29.94,67.67],[29.61,67.97],[29.41,67.97],[29.34,68.12],[28.77,68.2],[28.78,68.27],[28.58,68.27],[28.42,68.42],[28.63,68.95],[28.85,69.03],[29.17,69.11],[29.32,69.33],[29.94,69.41],[30.19,69.64],[30.68,69.56],[30.92,69.72],[30.96,69.87],[31.06,69.87],[31.55,69.79],[31.91,70.02],[32.31,70.02],[32.48,69.87],[32.98,69.87],[32.96,69.79],[33.06,69.79],[32.9,69.56],[33.48,69.49],[33.44,69.33],[34.46,69.41],[34.44,69.33],[34.84,69.33],[34.82,69.26],[36.13,69.26],[36.1,69.18],[36.3,69.18],[36.28,69.11],[37.96,68.73],[38.01,68.57],[38.21,68.57],[38.19,68.5],[38.38,68.5],[38.36,68.42],[38.93,68.35],[38.91,68.27],[39.48,68.2],[39.45,68.12],[39.97,68.2],[39.95,68.12],[40.15,68.12],[40.27,67.89],[40.66,67.89],[40.64,67.82],[41,67.74],[41.02,67.52],[41.12,67.52],[41.07,67.37],[41.34,67.3],[41.29,67.15],[41.39,67.15],[41.04,66.7],[39.8,66.18],[38.71,66.11],[38.68,66.03],[38,66.03],[38.03,66.11],[37.45,66.11],[37.47,66.18],[36.42,66.25],[36.44,66.33],[35.57,66.33],[35.59,66.4],[35.2,66.4],[35.22,66.48],[34.93,66.48],[34.95,66.55],[34.27,66.55],[34.11,66.7],[33.72,66.7],[33.74,66.77],[33.06,66.77],[32.74,67.07],[32.55,67.07],[32.51,66.92],[32.88,66.85],[33,66.55],[33.68,66.55],[33.63,66.33],[34.38,66.25],[34.36,66.18],[34.56,66.18],[34.87,65.88],[34.67,65.52],[34.44,65.37],[34.79,65.22],[34.73,65],[34.9,64.93],[34.85,64.71],[34.94,64.71],[34.98,64.49],[35.82,64.42],[35.97,64.28],[36.25,64.28],[36.55,63.99],[37.39,63.91],[37.88,63.99],[37.89,64.35],[37.53,64.42],[37.13,64.35],[36.98,64.49],[36.79,64.49],[36.73,64.64],[36.54,64.64],[36.32,64.86],[36.36,65],[36.65,65],[36.69,65.15],[36.92,65.3],[37.21,65.3],[37.19,65.22],[37.48,65.22],[37.45,65.15],[38.16,64.93],[38.21,64.79],[38.9,64.86],[38.88,64.79],[39.43,64.71],[39.41,64.64],[40.19,64.71],[40.24,64.86],[40.07,64.93],[40.12,65.08],[39.93,65.08],[39.88,65.22],[39.68,65.22],[39.54,65.37],[39.61,65.59],[40.26,65.81],[40.4,65.96],[41.44,66.18],[41.96,66.55],[43.49,66.48],[43.46,66.4],[43.66,66.4],[43.61,66.25],[43.97,66.18],[44.13,66.62],[44.35,66.7],[44.38,66.77],[44.28,66.77],[44.37,67],[44.1,67.07],[44.13,67.15],[43.74,67.15],[43.7,67.3],[43.6,67.3],[43.84,67.67],[43.94,67.67],[44.17,68.27],[43.73,68.42],[43.76,68.5],[43.46,68.5],[43.45,68.73],[44.22,68.65],[44.19,68.57],[45.61,68.65],[45.58,68.57],[45.88,68.57],[45.92,68.42],[46.12,68.42],[46.09,68.35],[46.45,68.27],[46.49,68.12],[46.69,68.12],[46.66,67.82],[45.35,67.74],[45.29,67.59],[45.09,67.59],[44.93,67.44],[45.2,67.37],[45.17,67.3],[45.56,67.3],[45.81,66.92],[47.37,66.92],[47.6,67],[47.63,67.07],[47.53,67.07],[47.82,67.52],[47.72,67.52],[47.78,67.67],[48.7,67.74],[48.7,67.97],[49.29,67.97],[50.82,68.5],[51.52,68.5],[51.89,68.65],[52.25,68.57],[52.47,68.8],[53.28,69.03],[54.04,68.95],[53.79,68.65],[53.95,68.57],[53.87,68.42],[53.3,68.27],[54.73,68.35],[54.69,68.27],[54.79,68.27],[55.04,68.57],[55.62,68.73],[57.18,68.65],[57.84,68.95],[58.2,68.88],[58.39,69.03],[59.09,69.03],[59.04,68.95],[59.4,68.88],[59.13,68.57],[59.23,68.57],[59.24,68.42],[59.74,68.42],[59.77,68.65],[59.96,68.8],[60.7,68.88],[60.83,69.11],[60.73,69.11],[60.78,69.18],[60.48,69.18],[60.41,69.41],[60.05,69.49],[60.09,69.72],[59.48,69.72],[59.53,69.79],[59.33,69.79],[59.37,69.87],[59.07,69.87],[59.11,69.95],[58.77,69.87],[58.81,69.95],[58.45,70.02],[58.44,70.18],[58.34,70.18],[58.62,70.49],[59.07,70.57],[59.03,70.49],[59.33,70.49],[59.29,70.41],[59.49,70.41],[59.44,70.33],[59.75,70.33],[59.7,70.26],[59.91,70.26],[59.86,70.18],[60.16,70.18],[60.12,70.1],[60.48,70.02],[60.54,69.79],[60.83,69.95],[61.24,69.95],[61.19,69.87],[62,69.87],[61.95,69.79],[63.93,69.72],[63.88,69.64],[64.43,69.56],[64.38,69.49],[64.79,69.49],[64.74,69.41],[64.94,69.41],[64.89,69.33],[65.39,69.33],[65.34,69.26],[66.25,69.11],[66.2,69.03],[67.3,68.88],[67.25,68.8],[67.74,68.65],[67.69,68.57],[67.99,68.57],[67.94,68.5],[68.14,68.5],[68.09,68.42],[68.29,68.42],[68.24,68.35],[68.49,68.27],[68.54,68.5],[68.64,68.5],[68.95,68.95],[68.6,68.88],[68.65,68.95],[68.35,68.95],[68.4,69.03],[68.05,69.11],[68,69.33],[67.9,69.33],[68.01,69.49],[66.6,69.64],[66.81,70.1],[67.17,70.18],[67.02,70.26],[67.12,70.41],[67.02,70.41],[67.19,70.8],[66.57,70.8],[66.63,71.03],[66.53,71.03],[67.01,71.42],[68.11,71.66],[68.33,71.81],[69.02,72.84],[69.36,73],[70.55,72.92],[70.62,73],[71.78,73],[71.71,72.92],[72.44,72.92],[72.38,72.84],[72.69,72.84],[72.62,72.76],[72.98,72.69],[72.82,72.37],[72.92,72.37],[72.66,72.05],[72.56,72.05],[72.25,71.66],[71.81,71.5],[72.06,71.42],[72,71.34],[72.21,71.34],[72.15,71.27],[72.56,71.27],[72.5,71.19],[72.7,71.19],[72.64,71.11],[72.89,71.03],[72.69,70.64],[72.84,70.57],[72.5,70.26],[72.6,70.26],[72.54,70.18],[72.65,70.18],[72.59,70.1],[72.78,69.95],[72.61,69.72],[72.71,69.72],[72.59,69.56],[72.69,69.56],[72.58,69.41],[72.68,69.41],[72.46,69.11],[72.56,69.11],[72.5,69.03],[73.63,68.65],[73.1,68.2],[73.24,68.12],[73.03,67.82],[73.13,67.82],[73.07,67.74],[72.73,67.67],[72.42,67.37],[72.02,67.22],[71.87,67],[71.52,66.92],[71.47,66.85],[71.62,66.77],[71.52,66.62],[71.03,66.62],[70.4,66.4],[72.1,66.33],[72.3,66.48],[72.2,66.48],[72.3,66.62],[73.48,66.92],[74,67.52],[74.65,67.74],[74.76,67.89],[74.53,68.12],[74.59,68.2],[74.39,68.2],[74.4,68.35],[74.2,68.35],[74.32,68.65],[74.59,68.88],[76.47,69.11],[76.41,69.03],[76.75,68.95],[76.73,68.8],[77.07,68.73],[77.02,68.65],[77.31,68.65],[77.26,68.57],[77.4,68.5],[77.25,68.05],[77.88,68.35],[77.7,68.5],[77.75,68.57],[77.65,68.57],[77.71,68.65],[77.61,68.65],[77.67,68.73],[77.57,68.73],[77.59,68.88],[76.57,69.11],[76.63,69.18],[75.48,69.26],[74.96,69.11],[73.66,69.11],[73.79,69.41],[73.41,69.72],[73.72,70.26],[74.04,70.41],[74.22,70.64],[73.98,70.72],[74,70.88],[73.79,70.88],[73.85,70.95],[73.65,70.95],[73.67,71.11],[73.46,71.11],[73.52,71.19],[73.32,71.19],[73.38,71.27],[72.89,71.42],[73.45,71.74],[73.64,71.97],[74.43,72.05],[74.87,72.21],[75.01,72.37],[74.83,72.53],[74.9,72.61],[74.79,72.61],[74.83,72.76],[74.72,72.76],[74.86,72.92],[75.38,72.92],[75.31,72.84],[75.66,72.76],[75.59,72.69],[75.7,72.69],[75.63,72.61],[75.77,72.53],[75.27,71.81],[75.37,71.81],[75.31,71.74],[75.49,71.58],[75.4,71.34],[77.19,71.27],[77.25,71.34],[76.94,71.34],[77.01,71.42],[76.6,71.42],[76.66,71.5],[76.15,71.5],[76.17,71.66],[75.97,71.66],[75.96,71.89],[75.85,71.89],[76.09,72.05],[76.68,72.13],[77.23,72.05],[77.37,72.21],[76.71,72.29],[76.85,72.45],[77.48,72.69],[78.32,72.69],[78.24,72.61],[78.45,72.61],[78.31,72.45],[79.67,72.45],[79.6,72.37],[80.01,72.37],[79.94,72.29],[80.57,72.29],[80.49,72.21],[80.81,72.21],[80.76,72.05],[81.08,72.05],[81,71.97],[81.45,71.89],[81.38,71.81],[82.52,71.81],[82.56,71.97],[82.22,72.05],[82.26,72.21],[82.05,72.21],[82.13,72.29],[80.74,72.37],[80.82,72.45],[80.47,72.53],[80.67,72.84],[80.53,72.92],[80.61,73],[80.5,73],[80.55,73.16],[80.13,73.16],[80.28,73.33],[80.18,73.33],[80.6,73.65],[80.89,73.73],[83.97,73.73],[84.05,73.81],[85.54,73.81],[85.92,73.97],[86.9,73.89],[87.06,74.14],[86.74,74.14],[86.83,74.22],[86.72,74.22],[87,74.46],[86.46,74.46],[86.73,74.71],[87.32,75.12],[88.17,75.2],[89.01,75.54],[89.88,75.54],[90.09,75.71],[91.07,75.71],[91.18,75.79],[93.58,75.87],[94.14,76.21],[96.45,76.21],[96.22,76.04],[97.65,76.04],[98.33,76.3],[99.11,76.3],[99.36,76.55],[100.8,76.55],[101.16,76.72],[101.05,76.72],[101.18,76.81],[100.95,76.81],[101.08,76.89],[100.97,76.89],[101.49,77.24],[103.41,77.76],[105.1,77.76],[104.97,77.67],[106.29,77.58],[105.99,77.32],[105.16,77.15],[105.27,77.15],[106.07,77.24],[105.8,77.06]]],[[[36.09,65.08],[35.5,65],[35.46,65.22],[35.56,65.22],[35.65,65.22],[36.13,65.22],[36.09,65.08]]],[[[48.37,68.8],[48.11,68.88],[48.24,69.41],[48.61,69.56],[49.52,69.56],[49.49,69.49],[50.32,69.33],[50.21,69.11],[50.01,69.11],[49.7,68.88],[48.84,68.73],[48.74,68.73],[48.34,68.73],[48.37,68.8]]]]}},{"type":"Feature","properties":{"NAME":"Bamana Empire","C":2,"name":"Bamana Empire","start_year":1713,"end_year":1747,"capital":"","type":"polity","region":"","event":"","source":"Cliopatria / Seshat Global History Databank (CC BY 4.0)","wikipedia":"Bamana Empire","wikidata":"Q762084","_a":5,"_c":[-5.06,13.88],"_nz":"班巴拉帝国","_sz":""},"geometry":{"type":"MultiPolygon","coordinates":[[[[-4.8,13.53],[-5.24,13.08],[-5.53,12.95],[-6.04,13.08],[-6.34,13.34],[-6.34,13.53],[-6.2,13.66],[-5.17,14.04],[-5.18,14.17],[-4.81,14.3],[-4.74,14.49],[-4.37,14.62],[-4.38,14.75],[-3.94,14.81],[-3.79,14.62],[-3.93,14.3],[-4.22,14.11],[-4.15,13.98],[-4.29,13.98],[-4.36,13.72],[-4.73,13.53],[-4.8,13.53]]],[[[-4.07,14.04],[-4.15,14.04],[-4.15,14.11],[-4.07,14.11],[-4.07,14.04]]]]}},{"type":"Feature","properties":{"NAME":"Principality of Moldavia","C":8,"name":"Principality of Moldavia","start_year":1713,"end_year":1768,"capital":"","type":"polity","region":"","event":"","source":"Cliopatria / Seshat Global History Databank (CC BY 4.0)","wikipedia":"Moldavia","wikidata":"Q10957559","_a":17,"_c":[27.19,47.11],"_nz":"摩尔达维亚公国","_sz":""},"geometry":{"type":"Polygon","coordinates":[[[28.12,45.43],[28.15,45.69],[28.31,45.69],[28.33,45.89],[28.51,46.02],[28.44,46.15],[28.89,46.48],[29.48,46.68],[29.5,46.81],[29.34,46.87],[29.36,47.01],[29.2,47.07],[29.14,47.27],[28.92,47.47],[29.03,47.73],[28.56,47.93],[28.57,48.06],[28.42,48.19],[27.54,48.46],[27.39,48.65],[25.98,48.65],[25.51,48.92],[25.34,48.92],[25.25,48.79],[25.56,48.59],[25.54,48.39],[25.01,48.06],[24.99,47.8],[24.91,47.8],[24.88,47.53],[25.03,47.4],[25.02,47.2],[25.67,47.14],[25.73,46.87],[25.97,46.81],[25.94,46.55],[26.48,46.15],[26.44,45.76],[26.1,45.63],[26.24,45.37],[26.42,45.5],[26.66,45.5],[27.63,45.43],[27.86,45.3],[28.12,45.43]]]}}]}