{"type":"FeatureCollection","features":[{"type":"Feature","properties":{"NAME":"Alodia","C":4,"name":"Alodia","start_year":602,"end_year":1501,"capital":"","type":"polity","region":"","event":"","source":"Cliopatria / Seshat Global History Databank (CC BY 4.0)","wikipedia":"Alodia","wikidata":"Q449639","_a":15,"_c":[33.57,16.74],"_nz":"阿洛迪亚","_sz":""},"geometry":{"type":"Polygon","coordinates":[[[35.37,17.96],[35.5,17.64],[36,17.32],[36.05,16.81],[35.67,16.49],[34.71,16.49],[34.56,16.23],[34.68,15.78],[34.1,15.84],[33.86,15.46],[32.53,15.2],[32.53,15.33],[31.8,15.52],[31.53,15.97],[31.54,16.23],[31.39,16.36],[31.48,16.61],[31.21,17.32],[31.09,18.22],[31.1,18.29],[31.54,18.16],[33.24,18.29],[34.12,18.03],[34.48,18.03],[34.63,17.9],[35.29,17.96],[35.37,17.96]]]}},{"type":"Feature","properties":{"NAME":"Anurādhapura","C":2,"name":"Anurādhapura","start_year":617,"end_year":1014,"capital":"","type":"polity","region":"","event":"","source":"Cliopatria / Seshat Global History Databank (CC BY 4.0)","wikipedia":"Anurādhapura","wikidata":"Q5724","_a":9,"_c":[80.77,7.87],"_nz":"阿努拉德普勒","_sz":""},"geometry":{"type":"Polygon","coordinates":[[[81.26,8.64],[80.99,8.96],[81,9.09],[80.85,9.16],[80.86,9.29],[80.72,9.35],[80.73,9.48],[80.44,9.54],[80.52,9.67],[80.45,9.74],[79.88,9.86],[79.86,9.67],[80.08,9.61],[79.99,9.41],[80.05,9.16],[79.81,8.77],[79.76,8.06],[79.62,8.06],[79.61,7.87],[79.74,7.68],[79.76,6.65],[79.95,6.14],[80.23,5.88],[80.67,5.88],[81.34,6.14],[81.88,6.71],[81.92,7.42],[81.77,7.49],[81.65,7.94],[81.45,8.13],[81.4,8.51],[81.26,8.58],[81.26,8.64]]]}},{"type":"Feature","properties":{"NAME":"Haripuñjaya","C":11,"name":"Haripuñjaya","start_year":666,"end_year":1065,"capital":"","type":"polity","region":"","event":"","source":"Cliopatria / Seshat Global History Databank (CC BY 4.0)","wikipedia":"Haripuñjaya","wikidata":"Q255931","_a":18,"_c":[99.4,18.19],"_nz":"哈里奔猜","_sz":""},"geometry":{"type":"Polygon","coordinates":[[[101.12,19.64],[100.88,19.51],[100.59,19.57],[100.48,19.83],[100.67,20.09],[100.53,20.15],[100.55,20.28],[100.43,20.41],[100.19,20.34],[100.21,20.47],[99.92,20.47],[99.6,20.34],[99.5,20.15],[99.2,20.15],[99.03,20.02],[99,19.83],[98.61,19.7],[98.11,19.83],[97.85,19.57],[97.78,18.61],[97.4,18.54],[97.38,18.41],[97.66,18.29],[97.77,18.03],[97.73,17.77],[98.12,17.39],[98.1,17.26],[98.56,16.87],[98.57,16.42],[98.7,16.29],[98.93,16.36],[98.84,16.23],[98.83,16.16],[99.09,15.91],[99.91,15.97],[100.08,16.16],[100.21,16.04],[100.43,16.04],[100.55,16.36],[100.8,16.55],[100.84,16.81],[101.33,17.13],[101.34,17.19],[101.26,17.19],[101.37,17.39],[101.24,17.51],[101.02,17.51],[101.24,18.03],[101.28,18.29],[101.14,18.35],[101.17,18.54],[101.34,18.67],[101.41,19.12],[101.19,19.64],[101.12,19.64]]]}},{"type":"Feature","properties":{"NAME":"Volga Bulgaria","C":2,"name":"Volga Bulgaria","start_year":682,"end_year":1071,"capital":"","type":"polity","region":"","event":"","source":"Cliopatria / Seshat Global History Databank (CC BY 4.0)","wikipedia":"Volga Bulgaria","wikidata":"Q185488","_a":9,"_c":[49.93,55.54],"_nz":"伏尔加保加利亚","_sz":""},"geometry":{"type":"MultiPolygon","coordinates":[[[[51.38,55.91],[51.97,55.84],[52.03,55.77],[51.91,55.43],[52,55.43],[51.9,55.16],[51.57,54.95],[51.61,54.82],[51.35,54.82],[51.21,54.68],[50.39,54.55],[50.06,54.61],[49.67,54.48],[49.69,54.55],[48.32,54.61],[47.82,54.95],[47.82,55.23],[47.91,55.23],[48.33,56.25],[48.8,56.59],[49.99,56.46],[49.96,56.39],[50.29,56.32],[50.57,56.11],[51.4,55.98],[51.38,55.91]]],[[[51.16,56.05],[51.08,56.05],[51.1,56.11],[51.19,56.11],[51.16,56.05]]]]}},{"type":"Feature","properties":{"NAME":"Classic Veracruz Culture","C":10,"name":"Classic Veracruz Culture","start_year":705,"end_year":1110,"capital":"","type":"polity","region":"","event":"","source":"Cliopatria / Seshat Global History Databank (CC BY 4.0)","wikipedia":"Classic Veracruz culture","wikidata":"Q2379418","_a":3,"_c":[-96.57,19.48],"_nz":"古典韦拉克鲁斯文化","_sz":""},"geometry":{"type":"Polygon","coordinates":[[[-95.88,18.61],[-95.81,18.61],[-95.79,18.93],[-96.25,19.44],[-96.3,19.7],[-96.71,20.34],[-96.87,20.41],[-97.15,20.34],[-97.13,20.21],[-97.35,20.21],[-97.24,20.02],[-97.26,19.7],[-97.06,19.44],[-97.1,19.25],[-96.82,18.93],[-96.68,18.54],[-95.87,18.54],[-95.88,18.61]]]}},{"type":"Feature","properties":{"NAME":"Mataram Kingdom","C":4,"name":"Mataram Kingdom","start_year":741,"end_year":1002,"capital":"","type":"polity","region":"","event":"","source":"Cliopatria / Seshat Global History Databank (CC BY 4.0)","wikipedia":"Mataram Kingdom","wikidata":"Q402580","_a":8,"_c":[111.19,-7.43],"_nz":"马打兰王国","_sz":""},"geometry":{"type":"Polygon","coordinates":[[[112.61,-7.11],[112.71,-7.56],[113.02,-7.69],[112.95,-7.81],[113.13,-8.26],[112.85,-8.46],[110.65,-8.26],[109.9,-8.01],[109.89,-7.94],[110.01,-7.56],[109.49,-7.36],[109.4,-7.11],[109.25,-7.04],[109.24,-6.85],[109.31,-6.85],[110.34,-6.91],[110.53,-6.46],[110.89,-6.4],[111.05,-6.66],[111.49,-6.59],[111.64,-6.79],[111.94,-6.79],[112.16,-6.91],[112.52,-6.85],[112.61,-7.04],[112.61,-7.11]]]}},{"type":"Feature","properties":{"NAME":"Ghana Empire","C":1,"name":"Ghana Empire","start_year":793,"end_year":1084,"capital":"","type":"polity","region":"","event":"","source":"Cliopatria / Seshat Global History Databank (CC BY 4.0)","wikipedia":"Ghana Empire","wikidata":"Q206789","_a":21,"_c":[-6.19,15.49],"_nz":"加纳帝国","_sz":""},"geometry":{"type":"Polygon","coordinates":[[[-4.86,17.26],[-5.01,17.39],[-5.6,17.45],[-5.6,17.58],[-6.12,17.51],[-6.57,17.64],[-7.89,17.58],[-8.18,17.39],[-8.53,16.61],[-8.58,15.46],[-8.35,14.81],[-8.41,14.49],[-8.27,14.56],[-8.26,14.36],[-7.89,13.98],[-7.89,13.85],[-6.71,13.34],[-5.31,13.34],[-5.09,13.46],[-4.8,13.46],[-4.36,13.72],[-4.29,13.98],[-4.07,14.04],[-4.15,14.17],[-3.86,14.49],[-3.8,15.78],[-3.88,15.78],[-3.88,16.23],[-4.19,16.74],[-4.79,17.26],[-4.86,17.26]]]}},{"type":"Feature","properties":{"NAME":"Barghawata Conference","C":0,"name":"Barghawata Conference","start_year":793,"end_year":1014,"capital":"","type":"polity","region":"","event":"","source":"Cliopatria / Seshat Global History Databank (CC BY 4.0)","wikipedia":"Casablanca","wikidata":"Q7903","_a":6,"_c":[-8.61,32.37],"_nz":"巴尔加瓦塔联盟","_sz":""},"geometry":{"type":"Polygon","coordinates":[[[-8.12,31.59],[-8.64,31.34],[-9.85,31.14],[-9.8,31.59],[-9.31,32.17],[-9.33,32.49],[-9.2,32.75],[-8.55,33.33],[-7.88,33.59],[-7.8,33.59],[-7.79,33.46],[-7.56,33.39],[-7.37,32.81],[-7.44,32.81],[-7.42,32.49],[-7.63,32.24],[-7.62,32.04],[-7.91,31.85],[-8.05,31.59],[-8.12,31.59]]]}},{"type":"Feature","properties":{"NAME":"Lavo Kingdom","C":9,"name":"Lavo Kingdom","start_year":806,"end_year":1002,"capital":"","type":"polity","region":"","event":"","source":"Cliopatria / Seshat Global History Databank (CC BY 4.0)","wikipedia":"Lavo Kingdom","wikidata":"Q1332305","_a":19,"_c":[100.24,14.88],"_nz":"罗涡王国","_sz":""},"geometry":{"type":"Polygon","coordinates":[[[101.71,12.69],[101.55,12.56],[100.83,12.63],[100.99,13.46],[100.63,13.53],[100.1,13.4],[100.12,12.89],[100.03,12.69],[99.89,12.82],[99.6,12.82],[99.19,13.14],[99.18,13.66],[99.06,13.91],[98.4,14.56],[98.42,14.69],[98.16,15.01],[98.2,15.26],[98.59,15.46],[98.59,16.04],[98.76,16.16],[98.83,16.16],[99.09,15.91],[99.91,15.97],[100.08,16.16],[100.21,16.04],[100.43,16.04],[100.55,16.36],[100.8,16.55],[100.84,16.81],[101.33,17.13],[101.4,17.13],[101.61,17.06],[102,17.19],[102.32,16.87],[102.22,16.68],[102.21,16.61],[101.7,15.59],[101.53,15.46],[101.48,15.07],[101.61,14.94],[101.61,14.36],[101.96,14.24],[101.72,13.46],[101.68,13.08],[101.81,12.95],[101.79,12.69],[101.71,12.69]]]}},{"type":"Feature","properties":{"NAME":"Heian Japan","C":7,"name":"Heian Japan","start_year":814,"end_year":1093,"capital":"京都（平安京）","type":"dynasty","region":"japan","event":"","source":"Cliopatria / Seshat Global History Databank (CC BY 4.0)","wikipedia":"Heian period","wikidata":"Q193292","_a":96,"_c":[135.6,34.97],"_nz":"日本","_sz":""},"geometry":{"type":"Polygon","coordinates":[[[141.05,37.32],[141.12,37.58],[140.96,37.71],[141.04,37.84],[140.92,38.03],[141.08,38.29],[141.51,38.35],[141.63,38.93],[140.92,38.67],[140.29,38.67],[140.33,38.74],[139.94,38.74],[139.98,38.8],[139.71,38.87],[139.32,38.09],[138.77,37.84],[138.51,37.38],[138.17,37.19],[137.1,36.8],[137.12,37],[136.96,37.13],[137.15,37.19],[137.37,37.58],[136.72,37.38],[136.57,37.13],[136.65,37.13],[136.58,37],[136.71,36.8],[136.45,36.48],[136,36.22],[135.91,35.9],[136.08,35.77],[135.71,35.52],[135.28,35.58],[135.38,35.77],[134.49,35.71],[134.27,35.58],[132.69,35.52],[132.56,35.26],[131.48,34.61],[131.41,34.49],[130.92,34.42],[130.8,34.16],[130.88,34.16],[130.86,33.97],[130.42,33.84],[130.33,33.65],[129.92,33.59],[129.83,33.39],[129.6,33.39],[129.56,33.14],[129.68,33.07],[129.68,32.88],[129.93,32.94],[129.88,32.81],[130.11,32.81],[130.37,33.07],[130.57,32.81],[130.52,32.36],[130.21,32.17],[130.1,31.91],[130.27,31.59],[130.14,31.27],[130.47,31.14],[130.72,31.21],[130.64,31.01],[130.79,31.01],[131.2,31.27],[131.18,31.4],[131.41,31.4],[131.6,31.85],[131.52,31.85],[131.58,32.17],[131.78,32.62],[132.08,32.94],[132,32.94],[132.09,33.14],[131.64,33.33],[131.82,33.71],[131.1,33.65],[131.09,33.97],[131.94,33.97],[131.91,33.91],[132.19,33.84],[132.32,34.29],[133.25,34.29],[134.47,34.74],[134.7,34.74],[134.91,34.55],[135.44,34.68],[135.34,34.49],[135.02,34.29],[135.15,34.1],[135.03,33.84],[135.35,33.71],[135.41,33.52],[135.81,33.39],[136.45,34.23],[136.91,34.23],[136.97,34.36],[136.79,34.61],[136.6,34.68],[136.73,34.94],[136.94,34.74],[137.24,34.74],[137.07,34.55],[137.22,34.55],[138.26,34.61],[138.42,34.94],[138.8,35.07],[138.68,34.68],[138.95,34.61],[139.23,35],[139.14,35.13],[139.21,35.26],[139.72,35.19],[139.78,35.32],[139.7,35.45],[139.96,35.64],[140.08,35.58],[139.7,34.87],[140.41,35.19],[140.54,35.58],[140.91,35.84],[140.67,35.97],[140.74,36.1],[140.62,36.16],[140.69,36.42],[140.61,36.42],[140.79,36.87],[141.13,37.32],[141.05,37.32]]]}},{"type":"Feature","properties":{"NAME":"Makuria","C":8,"name":"Makuria","start_year":850,"end_year":1110,"capital":"","type":"polity","region":"","event":"","source":"Cliopatria / Seshat Global History Databank (CC BY 4.0)","wikipedia":"Makuria","wikidata":"Q829356","_a":28,"_c":[32.92,20.85],"_nz":"马库里亚","_sz":""},"geometry":{"type":"Polygon","coordinates":[[[33.84,22.14],[33.88,23.17],[33.81,23.17],[33.82,23.49],[33.68,23.62],[33.68,23.69],[33.39,23.81],[32.04,23.69],[31.67,23.75],[30.54,23.36],[30.53,23.3],[30.74,22.85],[30.72,22.27],[30.56,21.95],[30.64,21.95],[30.69,21.31],[30.76,21.31],[30.74,20.79],[30.82,20.79],[30.91,19.31],[30.99,19.31],[31.1,18.35],[31.1,18.29],[31.54,18.16],[33.24,18.29],[34.12,18.03],[34.48,18.03],[34.63,17.9],[35.29,17.96],[35.3,18.03],[35.16,18.22],[34.94,18.29],[34.88,18.61],[34.6,18.93],[34.47,19.38],[34.26,19.64],[33.82,21.63],[33.75,21.63],[33.84,22.01],[33.76,22.08],[33.84,22.08],[33.84,22.14]]]}},{"type":"Feature","properties":{"NAME":"Yenisei Kyrgyz","C":8,"name":"Yenisei Kyrgyz","start_year":850,"end_year":1205,"capital":"无固定都城","type":"polity","region":"central_asia","event":"","source":"Cliopatria / Seshat Global History Databank (CC BY 4.0)","wikipedia":"Yenisei Kyrgyz","wikidata":"Q83142","_a":107,"_c":[97.57,55.27],"_nz":"黠戛斯","_sz":""},"geometry":{"type":"Polygon","coordinates":[[[100.5,56.73],[101.19,57.7],[102.02,58.6],[101.9,58.67],[101.96,58.74],[101.78,58.74],[101.78,58.95],[101.03,58.81],[100.36,58.32],[99.94,58.25],[99.76,58.25],[99.72,58.53],[99.63,58.53],[99.69,58.6],[99.33,58.6],[98.47,58.32],[98.02,58.32],[98.08,58.39],[97.9,58.39],[97.96,58.46],[96.77,58.32],[95.24,58.32],[94.68,57.7],[94.34,57.49],[93.05,55.84],[92.78,55.7],[91.85,55.63],[91.57,55.36],[90.7,55.23],[90.34,54.95],[90.42,54.95],[90.5,54.68],[90.68,54.68],[90.63,54.61],[90.81,54.61],[90.8,54.48],[91.23,54.34],[91.23,54.21],[91.48,53.94],[91.43,53.6],[91.9,53.26],[91.73,52.99],[91.51,52.92],[91.47,52.86],[91.56,52.86],[91.21,52.45],[91.56,52.32],[91.31,51.92],[90.97,51.65],[92.38,51.58],[94.58,52.25],[96.38,52.52],[97.92,52.52],[97.87,52.45],[98.3,52.32],[98.25,52.25],[98.59,52.25],[98.55,52.18],[98.88,52.05],[99.54,52.52],[100.6,52.92],[101.6,52.65],[101.59,52.52],[101.68,52.52],[101.67,52.38],[101.84,52.38],[101.83,52.25],[102.22,52.32],[102.17,52.25],[102.43,52.25],[102.38,52.18],[102.8,52.05],[102.75,51.98],[103,51.98],[102.96,51.92],[103.13,51.92],[103.08,51.85],[103.2,51.78],[103.11,51.65],[103.84,51.85],[104.74,51.92],[104.8,52.12],[104.68,52.18],[104.78,52.32],[104.44,52.79],[104.52,53.12],[104.32,53.33],[104.38,53.39],[103.96,53.53],[103.98,53.66],[103.89,53.66],[103.99,53.8],[102.48,54.21],[102.54,54.27],[101.98,54.34],[102.03,54.41],[101.82,54.48],[101.87,54.55],[101.33,54.75],[101.31,54.95],[101.14,54.95],[101.16,55.09],[100.61,55.29],[100.63,55.43],[100.54,55.43],[100.7,55.63],[100.4,55.7],[100.39,55.91],[100.3,55.91],[100.46,56.46],[100.37,56.46],[100.59,56.73],[100.5,56.73]]]}},{"type":"Feature","properties":{"NAME":"Puebloans - Chaco Regional System","C":6,"name":"Puebloans - Chaco Regional System","start_year":850,"end_year":1039,"capital":"","type":"polity","region":"","event":"","source":"Cliopatria / Seshat Global History Databank (CC BY 4.0)","wikipedia":"Ancestral Puebloans","wikidata":"Q478805","_a":3,"_c":[-108.59,36.03],"_nz":"普韦布洛人-查科体系","_sz":""},"geometry":{"type":"Polygon","coordinates":[[[-108.94,35.11],[-107.64,35.34],[-107.74,35.99],[-108.16,36.71],[-109.11,36.94],[-109.03,35.73],[-109.55,35.12],[-108.94,35.11]]]}},{"type":"Feature","properties":{"NAME":"Srivijaya","C":8,"name":"Srivijaya","start_year":860,"end_year":1138,"capital":"","type":"polity","region":"","event":"","source":"Cliopatria / Seshat Global History Databank (CC BY 4.0)","wikipedia":"Srivijaya","wikidata":"Q234197","_a":159,"_c":[103.15,1.95],"_nz":"三佛齐","_sz":""},"geometry":{"type":"MultiPolygon","coordinates":[[[[108.18,-2.67],[108.12,-3.19],[107.47,-3.19],[107.45,-2.61],[107.52,-2.61],[107.52,-2.54],[108.03,-2.54],[108.18,-2.67]]],[[[101.62,-2.54],[101.7,-2.54],[101.7,-2.61],[101.63,-2.61],[101.62,-2.54]]],[[[106.58,-2.86],[106.8,-2.86],[106.81,-3.06],[106.45,-3.19],[105.78,-2.8],[105.77,-2.41],[105.62,-2.16],[105.11,-2.16],[104.96,-1.96],[105.24,-1.84],[105.24,-1.51],[105.6,-1.64],[105.6,-1.51],[105.97,-1.51],[106.21,-2.41],[106.72,-2.61],[106.72,-2.67],[106.58,-2.74],[106.58,-2.86]]],[[[101.61,1.76],[101.68,1.64],[102.41,1.57],[102.39,1.12],[102.83,1.12],[103.11,0.93],[103.11,0.8],[102.96,0.8],[102.95,0.41],[103.1,0.54],[103.32,0.54],[103.74,0.16],[103.75,-0.04],[103.39,-0.16],[103.61,-0.23],[103.61,-0.36],[103.32,-0.42],[103.33,-0.74],[103.62,-1],[104.21,-1],[104.36,-1.19],[104.52,-1.96],[104.81,-2.03],[104.82,-2.29],[105.48,-2.35],[105.64,-2.8],[106.01,-3.06],[105.95,-3.38],[105.73,-3.57],[105.89,-3.96],[105.76,-4.15],[105.85,-4.73],[105.78,-4.73],[105.69,-5.89],[105.39,-5.82],[105.23,-5.56],[105.17,-5.76],[104.81,-5.76],[104.51,-5.56],[104.6,-5.95],[104.3,-5.89],[104.14,-5.56],[104,-5.56],[103.76,-5.31],[103.76,-5.18],[102.63,-4.41],[102.18,-4.02],[102.1,-3.7],[101.87,-3.57],[101.93,-3.12],[101.7,-2.67],[101.77,-2.54],[101.53,-1.77],[101.39,-1.84],[101.38,-1.58],[101.08,-1.06],[100.93,-1],[100.63,-0.36],[99.96,0.29],[99.83,0.61],[99.68,0.54],[99.77,0.99],[99.49,1.44],[99.6,2.34],[99.83,2.73],[100.12,2.66],[100.11,2.54],[100.26,2.6],[100.39,2.21],[100.54,2.15],[100.68,2.15],[100.69,2.34],[100.91,2.34],[101.26,2.02],[101.33,2.09],[101.41,2.09],[101.7,2.09],[101.69,1.76],[101.61,1.76]]],[[[104.55,0.03],[104.92,-0.23],[104.92,-0.36],[104.41,-0.29],[104.49,-0.36],[104.42,-0.68],[104.13,-0.61],[104.12,-0.36],[104.27,-0.36],[104.27,-0.29],[104.34,-0.29],[104.34,0.03],[104.55,0.03]]],[[[103.18,0.86],[103.4,0.86],[103.4,0.74],[103.39,0.67],[103.18,0.67],[103.18,0.86]]],[[[104.21,1.19],[104.57,1.12],[104.49,0.8],[104.34,0.8],[104.28,0.93],[104.2,0.93],[104.13,0.93],[104.21,1.19]]],[[[103.77,1.12],[103.92,1.25],[104.07,1.19],[104.06,1.06],[104.06,0.99],[103.77,0.93],[103.77,1.12]]],[[[100.47,7.68],[100.38,7.49],[100.53,7.49],[100.51,7.16],[100.65,7.16],[100.85,6.91],[101.51,6.91],[101.84,6.39],[102.34,6.2],[102.4,6.01],[103.17,5.36],[103.48,4.46],[103.37,3.63],[103.4,2.86],[103.83,2.54],[103.96,2.28],[103.95,2.09],[104.23,1.7],[104.14,1.31],[103.27,1.31],[103.28,1.44],[103.06,1.64],[102.63,1.76],[102.35,2.09],[101.99,2.15],[101.71,2.41],[101.72,2.54],[101.43,2.6],[101.22,2.79],[101.23,3.18],[100.81,3.56],[100.48,4.21],[100.51,4.79],[100.24,5.11],[100.28,5.94],[100.02,6.33],[100.03,6.52],[99.61,6.84],[99.63,7.1],[99.48,7.1],[99.49,7.29],[99.28,7.29],[99.22,7.61],[98.94,7.68],[98.95,7.94],[98.67,8.06],[98.62,8.32],[98.47,8.32],[98.38,8.13],[98.43,7.81],[98.21,7.74],[98.24,8.19],[98.11,8.39],[98.13,8.64],[98.34,9.48],[98.56,9.48],[98.73,9.74],[99.18,9.86],[99.34,9.22],[99.64,9.35],[99.93,9.29],[99.96,8.71],[100.09,8.45],[100.16,8.45],[100.3,8.39],[100.34,7.87],[100.47,7.68]]],[[[99.87,6.26],[99.65,6.26],[99.65,6.33],[99.58,6.39],[99.88,6.52],[99.87,6.26]]]]}},{"type":"Feature","properties":{"NAME":"Ziyadid dynasty","C":8,"name":"Ziyadid dynasty","start_year":866,"end_year":1039,"capital":"","type":"polity","region":"","event":"","source":"Cliopatria / Seshat Global History Databank (CC BY 4.0)","wikipedia":"Ziyadid dynasty","wikidata":"Q207017","_a":43,"_c":[45.81,15.59],"_nz":"齐亚迪德王朝","_sz":""},"geometry":{"type":"Polygon","coordinates":[[[42.21,17.45],[42.35,17.32],[42.34,17.13],[42.48,17.13],[42.48,17],[42.82,16.61],[42.78,15.84],[42.71,15.84],[42.75,15.14],[42.89,15.07],[42.95,14.88],[43.06,13.98],[43.26,13.72],[43.24,13.08],[43.45,12.89],[43.44,12.69],[44.39,12.63],[44.61,12.76],[45.05,12.76],[45.74,13.34],[46.84,13.4],[47.67,13.72],[47.75,13.91],[48.79,14.04],[49.02,14.24],[49.02,14.36],[49.41,14.62],[49.41,14.69],[49.12,14.81],[48.03,14.94],[47.59,15.07],[47.53,15.2],[46.51,15.33],[46.15,15.52],[46.38,15.71],[46.4,15.97],[46.18,15.97],[46.02,15.84],[45.21,15.91],[45.23,16.1],[44.67,16.68],[44.55,17.13],[44.34,17.32],[44.35,17.58],[44.08,17.96],[44.09,18.16],[43.89,18.54],[43.51,18.22],[42.98,18.03],[42.66,17.71],[42.21,17.51],[42.21,17.45]]]}},{"type":"Feature","properties":{"NAME":"Giudicato of Gallura","C":8,"name":"Giudicato of Gallura","start_year":866,"end_year":1014,"capital":"","type":"polity","region":"","event":"","source":"Cliopatria / Seshat Global History Databank (CC BY 4.0)","wikipedia":"Judicate of Gallura","wikidata":"Q2723760","_a":1,"_c":[9.39,40.74],"_nz":"加卢拉王国","_sz":""},"geometry":{"type":"Polygon","coordinates":[[[9.02,41.26],[9.03,41.2],[8.95,41.2],[8.95,41.13],[9.03,41],[9.34,40.94],[9.19,40.68],[9.43,40.68],[9.27,40.42],[9.43,40.23],[9.51,40.23],[9.82,40.36],[9.82,40.74],[9.5,41.2],[9.1,41.26],[9.02,41.26]]]}},{"type":"Feature","properties":{"NAME":"Giudicato of Logudoro","C":7,"name":"Giudicato of Logudoro","start_year":866,"end_year":1014,"capital":"","type":"polity","region":"","event":"","source":"Cliopatria / Seshat Global History Databank (CC BY 4.0)","wikipedia":"Judicate of Logudoro","wikidata":"Q1761381","_a":1,"_c":[8.79,40.58],"_nz":"洛古多罗王国","_sz":""},"geometry":{"type":"Polygon","coordinates":[[[8.87,41.13],[8.55,40.87],[8.15,40.94],[8.16,40.55],[8.32,40.48],[8.4,40.23],[8.4,40.16],[9.11,40.23],[9.11,40.1],[9.27,40.03],[9.27,40.1],[9.35,40.1],[9.35,40.16],[9.43,40.16],[9.43,40.23],[9.27,40.42],[9.43,40.68],[9.19,40.68],[9.34,40.94],[9.03,41],[8.95,41.13],[8.87,41.13]]]}},{"type":"Feature","properties":{"NAME":"Giudicato of Arborea","C":6,"name":"Giudicato of Arborea","start_year":866,"end_year":1014,"capital":"","type":"polity","region":"","event":"","source":"Cliopatria / Seshat Global History Databank (CC BY 4.0)","wikipedia":"Judicate of Arborea","wikidata":"Q1241847","_a":1,"_c":[8.8,39.91],"_nz":"阿尔博雷亚王国","_sz":""},"geometry":{"type":"Polygon","coordinates":[[[8.41,39.64],[8.48,39.9],[8.32,40.03],[8.4,40.1],[8.4,40.16],[9.11,40.23],[9.11,40.1],[9.27,40.03],[8.96,39.64],[8.41,39.58],[8.41,39.64]]]}},{"type":"Feature","properties":{"NAME":"Khmer Empire","C":11,"name":"Khmer Empire","start_year":875,"end_year":1027,"capital":"","type":"polity","region":"","event":"","source":"Cliopatria / Seshat Global History Databank (CC BY 4.0)","wikipedia":"Khmer Empire","wikidata":"Q201705","_a":51,"_c":[104.59,12.6],"_nz":"高棉帝国","_sz":""},"geometry":{"type":"MultiPolygon","coordinates":[[[[103.98,10.44],[104.12,10.44],[104.09,10.06],[103.94,10.06],[103.81,10.25],[103.91,10.44],[103.98,10.44]]],[[[107.69,15.33],[107.57,15.01],[107.6,14.69],[107.42,14.43],[107.38,14.11],[107.67,13.46],[107.52,12.89],[107.64,12.63],[107.54,12.37],[107.09,12.24],[106.85,12.05],[106.88,11.66],[107.06,11.28],[107.03,11.02],[107.11,11.02],[107.07,10.7],[107,10.7],[106.98,10.51],[106.76,10.44],[106.82,10.31],[106.67,10.25],[106.81,10.19],[106.79,10.06],[106.64,9.99],[106.7,9.8],[106.55,9.8],[106.6,9.54],[106.23,9.48],[106.14,9.29],[105.62,9.16],[105.14,8.58],[104.76,8.51],[104.7,8.64],[104.86,8.77],[104.71,8.77],[104.79,9.74],[105.03,9.99],[104.54,10.19],[104.42,10.44],[104.12,10.44],[103.92,10.57],[103.55,10.51],[103.49,10.7],[103.64,10.76],[103.6,11.09],[103.36,10.83],[103.06,10.83],[103.05,11.47],[102.84,11.6],[102.87,11.86],[102.73,11.92],[102.74,12.05],[102.6,12.11],[102.44,11.99],[102.22,11.99],[102.26,12.31],[102.11,12.31],[101.78,12.63],[101.79,12.69],[101.81,12.95],[101.68,13.08],[101.72,13.46],[101.96,14.24],[101.61,14.36],[101.61,14.94],[101.48,15.07],[101.53,15.46],[101.7,15.59],[102.21,16.61],[102.2,16.55],[102.35,16.55],[102.26,16.42],[102.66,16.16],[103.03,16.16],[103.22,15.97],[103.66,15.91],[104.28,16.16],[104.3,16.29],[104.89,16.29],[106.49,16.68],[106.57,16.68],[106.71,16.61],[106.69,16.49],[106.97,16.42],[107.15,16.16],[107.5,16.04],[107.3,15.65],[107.56,15.46],[107.55,15.39],[107.69,15.33]]],[[[102.33,16.42],[102.34,16.49],[102.41,16.49],[102.4,16.42],[102.33,16.42]]]]}},{"type":"Feature","properties":{"NAME":"Chámpa","C":6,"name":"Chámpa","start_year":875,"end_year":1027,"capital":"","type":"polity","region":"","event":"","source":"Cliopatria / Seshat Global History Databank (CC BY 4.0)","wikipedia":"Champa","wikidata":"Q216786","_a":28,"_c":[107.64,14.14],"_nz":"占婆","_sz":""},"geometry":{"type":"Polygon","coordinates":[[[107.48,16.87],[107.67,16.68],[107.65,16.55],[107.86,16.49],[107.84,16.36],[108.14,16.36],[108.33,16.16],[108.37,15.91],[108.7,15.65],[108.68,15.52],[109.02,15.33],[108.97,15.01],[109.16,14.75],[109.18,14.36],[109.35,14.04],[109.33,13.27],[109.51,12.95],[109.47,12.56],[109.32,12.56],[109.23,12.37],[109.21,11.6],[109.06,11.54],[109.05,11.41],[108.73,11.15],[108.58,11.15],[108.57,11.02],[108.12,10.89],[108.03,10.7],[107.34,10.38],[107.05,10.44],[107.07,10.64],[107.07,10.7],[107.11,11.02],[107.03,11.02],[107.06,11.28],[106.88,11.66],[106.85,12.05],[107.09,12.24],[107.54,12.37],[107.64,12.63],[107.52,12.89],[107.67,13.46],[107.38,14.11],[107.42,14.43],[107.6,14.69],[107.57,15.01],[107.69,15.33],[107.55,15.39],[107.56,15.46],[107.3,15.65],[107.5,16.04],[107.15,16.16],[106.97,16.42],[106.69,16.49],[106.71,16.61],[106.57,16.68],[106.58,16.74],[106.54,17],[106.4,17],[106.42,17.13],[105.77,17.71],[105.78,17.77],[105.87,17.9],[106.24,17.9],[106.3,17.77],[106.52,17.77],[106.59,17.77],[106.75,17.39],[107.1,17.26],[107.41,16.87],[107.48,16.87]]]}},{"type":"Feature","properties":{"NAME":"Qocho Kingdom","C":3,"name":"Qocho Kingdom","start_year":888,"end_year":1009,"capital":"高昌（吐鲁番）","type":"polity","region":"central_asia","event":"","source":"Cliopatria / Seshat Global History Databank (CC BY 4.0)","wikipedia":"Qocho","wikidata":"Q2662180","_a":119,"_c":[88.56,41.89],"_nz":"高昌回鹘","_sz":""},"geometry":{"type":"Polygon","coordinates":[[[90.71,44.71],[90.74,44.78],[90.02,44.97],[89.87,45.17],[88.74,45.37],[88.77,45.43],[87.7,45.24],[86.93,44.97],[85.94,44.39],[85.6,43.99],[84.27,42.95],[83.65,42.63],[83.31,42.56],[83.23,42.56],[82.56,42.3],[81.98,42.24],[81.18,41.85],[81.13,41.72],[80.61,41.39],[80.17,40.42],[80.25,40.42],[80.16,40.16],[80.24,40.16],[80.23,39.9],[80.36,39.84],[80.32,39.71],[80.51,39.58],[80.46,39.45],[80.86,39],[82.43,38.55],[83.92,38.55],[84.77,38.74],[85.98,39.26],[86.3,39.26],[86.63,38.87],[86.44,38.35],[86.52,38.35],[87.66,38.48],[88.75,38.87],[91.54,39.19],[92.93,39.51],[93.3,39.45],[93.35,39.58],[94.27,39.51],[94.24,39.64],[94.35,39.71],[94.59,39.71],[95.17,39.97],[95.81,40.16],[96.36,40.16],[96.44,40.16],[96.59,40.68],[96.93,41.07],[96.96,41.13],[96.78,41.26],[96.84,41.39],[96.64,41.65],[96.48,41.65],[96.24,41.98],[96.08,41.98],[96.09,42.17],[94.49,42.17],[94.52,42.24],[93.88,42.24],[93.91,42.3],[92.43,42.56],[92.33,42.69],[92.4,43.02],[92.32,43.02],[92.41,43.54],[92.21,43.8],[92.05,43.8],[91.55,44.45],[90.79,44.71],[90.71,44.71]]]}},{"type":"Feature","properties":{"NAME":"Galuh Kingdom","C":4,"name":"Galuh Kingdom","start_year":896,"end_year":1009,"capital":"","type":"polity","region":"","event":"","source":"Cliopatria / Seshat Global History Databank (CC BY 4.0)","wikipedia":"Galuh Kingdom","wikidata":"Q5519387","_a":6,"_c":[108.43,-6.91],"_nz":"加卢王国","_sz":""},"geometry":{"type":"Polygon","coordinates":[[[108.87,-6.79],[108.5,-6.72],[108.26,-6.27],[107.53,-6.21],[107.37,-6.01],[106.85,-5.89],[106.86,-5.95],[107.01,-6.01],[107.02,-6.21],[107.25,-6.4],[107.27,-6.79],[107.49,-6.91],[107.5,-6.98],[107.31,-7.56],[107.39,-7.56],[108.14,-7.88],[108.78,-7.69],[109.82,-7.94],[109.89,-7.94],[110.01,-7.56],[109.49,-7.36],[109.4,-7.11],[109.25,-7.04],[109.24,-6.85],[109.17,-6.85],[109.16,-6.79],[109.09,-6.79],[109.02,-6.79],[108.95,-6.79],[108.87,-6.79]]]}},{"type":"Feature","properties":{"NAME":"Sunda Kingdom","C":0,"name":"Sunda Kingdom","start_year":896,"end_year":1027,"capital":"","type":"polity","region":"","event":"","source":"Cliopatria / Seshat Global History Databank (CC BY 4.0)","wikipedia":"Sunda Kingdom","wikidata":"Q1469742","_a":4,"_c":[106.44,-6.72],"_nz":"巽他王国","_sz":""},"geometry":{"type":"Polygon","coordinates":[[[107.49,-6.91],[107.27,-6.79],[107.25,-6.4],[107.02,-6.21],[107.01,-6.01],[106.86,-5.95],[106.86,-6.01],[106.65,-6.08],[106.49,-5.95],[105.91,-5.89],[105.7,-6.08],[105.65,-6.46],[105.43,-6.53],[105.37,-6.85],[105.89,-6.85],[106.33,-7.04],[106.28,-7.43],[106.43,-7.49],[107.24,-7.56],[107.31,-7.56],[107.5,-6.98],[107.49,-6.91]]]}},{"type":"Feature","properties":{"NAME":"Toltec","C":1,"name":"Toltec","start_year":900,"end_year":1176,"capital":"","type":"polity","region":"","event":"","source":"Cliopatria / Seshat Global History Databank (CC BY 4.0)","wikipedia":"Toltec","wikidata":"Q187897","_a":1,"_c":[-98.67,19.9],"_nz":"托尔特克","_sz":""},"geometry":{"type":"Polygon","coordinates":[[[-99.17,20.02],[-98.78,19.51],[-98.41,19.51],[-98.31,19.76],[-98.16,19.76],[-98.21,20.02],[-98.36,20.02],[-98.55,20.28],[-98.85,20.28],[-98.95,20.02],[-99.18,20.09],[-99.17,20.02]]]}},{"type":"Feature","properties":{"NAME":"Giudicato of Cagliari","C":0,"name":"Giudicato of Cagliari","start_year":911,"end_year":1014,"capital":"","type":"polity","region":"","event":"","source":"Cliopatria / Seshat Global History Databank (CC BY 4.0)","wikipedia":"Judicate of Cagliari","wikidata":"Q2297073","_a":2,"_c":[9.04,39.55],"_nz":"卡利亚里王国","_sz":""},"geometry":{"type":"Polygon","coordinates":[[[9.51,40.23],[9.74,40.16],[9.75,39.64],[9.67,39.64],[9.59,39.13],[9.12,39.19],[8.97,38.87],[8.42,38.93],[8.33,39.51],[8.41,39.51],[8.41,39.58],[8.96,39.64],[9.27,40.03],[9.27,40.1],[9.35,40.1],[9.35,40.16],[9.43,40.16],[9.43,40.23],[9.51,40.23]]]}},{"type":"Feature","properties":{"NAME":"Chimor","C":4,"name":"Chimor","start_year":911,"end_year":1176,"capital":"","type":"polity","region":"","event":"","source":"Cliopatria / Seshat Global History Databank (CC BY 4.0)","wikipedia":"Chimor","wikidata":"Q581741","_a":0,"_c":[-79.13,-8.1],"_nz":"奇穆王国","_sz":""},"geometry":{"type":"Polygon","coordinates":[[[-79.3,-7.81],[-79.45,-7.81],[-79.46,-7.94],[-78.98,-8.46],[-78.81,-8.2],[-79.02,-8.01],[-79.08,-7.75],[-79.3,-7.75],[-79.3,-7.81]]]}},{"type":"Feature","properties":{"NAME":"Early Balinese Kingdoms","C":2,"name":"Early Balinese Kingdoms","start_year":922,"end_year":1009,"capital":"","type":"polity","region":"","event":"","source":"Cliopatria / Seshat Global History Databank (CC BY 4.0)","wikipedia":"Bali Kingdom","wikidata":"Q12491027","_a":1,"_c":[114.96,-8.49],"_nz":"早期巴厘诸王国","_sz":""},"geometry":{"type":"Polygon","coordinates":[[[115.08,-8.91],[115.34,-8.59],[115.63,-8.52],[115.61,-8.26],[115.3,-8.07],[114.28,-8.07],[114.3,-8.33],[114.83,-8.52],[114.98,-8.65],[114.92,-8.78],[115,-8.91],[115.08,-8.91]]]}},{"type":"Feature","properties":{"NAME":"Tamna","C":11,"name":"Tamna","start_year":936,"end_year":1271,"capital":"无固定城邑","type":"polity","region":"korea","event":"","source":"Cliopatria / Seshat Global History Databank (CC BY 4.0)","wikipedia":"Tamna","wikidata":"Q28057","_a":0,"_c":[126.57,33.4],"_nz":"耽罗","_sz":""},"geometry":{"type":"Polygon","coordinates":[[[126.78,33.26],[127,33.59],[126.36,33.52],[126.14,33.2],[126.7,33.26],[126.78,33.26]]]}},{"type":"Feature","properties":{"NAME":"Icelandic Commonwealth","C":0,"name":"Icelandic Commonwealth","start_year":936,"end_year":1259,"capital":"","type":"polity","region":"","event":"","source":"Cliopatria / Seshat Global History Databank (CC BY 4.0)","wikipedia":"Icelandic Commonwealth","wikidata":"Q62389","_a":34,"_c":[-18.94,64.98],"_nz":"冰岛自由邦","_sz":""},"geometry":{"type":"Polygon","coordinates":[[[-20.78,65.74],[-20.97,65.74],[-21.26,65.44],[-21.38,65.52],[-21.48,66.11],[-22.61,66.55],[-23,66.55],[-22.97,66.48],[-23.17,66.48],[-22.94,66.11],[-23.28,66.25],[-23.67,66.25],[-23.62,66.11],[-23.91,66.11],[-23.8,65.81],[-24.21,65.88],[-24.13,65.66],[-24.42,65.66],[-24.37,65.52],[-24.03,65.37],[-23.28,65.44],[-23.31,65.52],[-22.06,65.52],[-22.03,65.44],[-22.59,65.37],[-22.61,65.15],[-24.16,64.93],[-23.98,64.71],[-22.58,64.79],[-22.5,64.57],[-22.1,64.49],[-22.02,64.28],[-22.17,64.13],[-22.36,64.13],[-22.33,64.06],[-22.83,64.13],[-22.9,64.06],[-22.8,63.77],[-21.15,63.91],[-20.53,63.77],[-20.37,63.55],[-19.81,63.55],[-19.39,63.41],[-18.16,63.41],[-17.7,63.77],[-16.58,63.84],[-16.6,63.91],[-16.07,64.06],[-16.09,64.13],[-15.46,64.28],[-15.5,64.42],[-15.27,64.28],[-14.8,64.28],[-14.74,64.42],[-14.47,64.49],[-14.43,64.71],[-14.05,64.71],[-14.07,64.79],[-13.88,64.79],[-13.93,65],[-13.47,65.08],[-13.51,65.22],[-13.72,65.3],[-13.64,65.37],[-13.7,65.59],[-14.29,65.66],[-14.33,65.81],[-14.72,65.81],[-14.64,65.88],[-14.7,66.11],[-14.99,66.11],[-15.07,66.4],[-15.36,66.4],[-15.34,66.33],[-15.61,66.25],[-15.79,66.55],[-16.67,66.55],[-16.66,66.18],[-17.46,66.25],[-17.59,66.03],[-18.04,66.25],[-18.43,66.25],[-18.36,66.03],[-18.72,66.25],[-19.2,66.25],[-19.18,66.18],[-19.57,66.18],[-19.55,65.81],[-20.01,66.03],[-20.05,66.18],[-20.54,66.18],[-20.4,65.74],[-20.54,65.59],[-20.76,65.66],[-20.78,65.74]]]}},{"type":"Feature","properties":{"NAME":"Goryeo","C":5,"name":"Goryeo","start_year":936,"end_year":1138,"capital":"开京","type":"dynasty","region":"korea","event":"","source":"Cliopatria / Seshat Global History Databank (CC BY 4.0)","wikipedia":"Goryeo","wikidata":"Q28208","_a":25,"_c":[127.22,36.87],"_nz":"高丽","_sz":""},"geometry":{"type":"Polygon","coordinates":[[[128.21,38.8],[128.36,38.8],[129.1,37.58],[129.26,37.58],[129.47,37.25],[129.41,37.13],[129.54,36.93],[129.4,36.35],[129.47,36.35],[129.42,36.1],[129.58,36.1],[129.67,35.97],[129.54,35.71],[129.62,35.71],[129.15,35.07],[128.53,35.07],[128.55,34.94],[128.81,35],[128.68,34.74],[128.33,34.81],[128.31,34.94],[128.08,34.94],[128.07,34.74],[127.76,34.74],[127.38,34.42],[127.22,34.42],[127.13,34.55],[127.3,34.74],[127.22,34.74],[126.92,34.42],[126.47,34.29],[126.48,34.49],[126.35,34.36],[126.12,34.36],[126.48,34.81],[126.2,34.87],[126.52,35.71],[126.77,35.9],[126.61,35.9],[126.68,36.03],[126.52,36.03],[126.43,36.16],[126.45,36.67],[126.26,36.61],[126.05,36.8],[126.3,37],[126.65,37.06],[126.7,37.32],[126.54,37.45],[126.6,37.58],[126.25,37.64],[126.35,37.84],[125.84,37.77],[125.83,37.9],[125.68,37.9],[125.39,37.64],[125.23,37.64],[125.3,37.77],[125.21,37.9],[124.9,37.9],[125.08,38.09],[124.76,38.09],[124.87,38.29],[124.79,38.29],[124.96,38.61],[125.15,38.67],[125.19,38.74],[125.03,38.74],[125.32,39.26],[125.35,39.32],[126.06,39.45],[127.48,39.32],[127.44,39.26],[127.8,39.19],[127.92,39],[128.24,38.87],[128.21,38.8]]]}},{"type":"Feature","properties":{"NAME":"Zagwe dynasty","C":6,"name":"Zagwe dynasty","start_year":947,"end_year":1138,"capital":"","type":"polity","region":"","event":"","source":"Cliopatria / Seshat Global History Databank (CC BY 4.0)","wikipedia":"Zagwe kingdom","wikidata":"Q140446","_a":2,"_c":[38.89,12.31],"_nz":"扎格维王朝","_sz":""},"geometry":{"type":"Polygon","coordinates":[[[38.93,11.79],[39.38,11.92],[39.6,12.11],[39.69,12.37],[39.4,12.63],[39.41,12.76],[39.19,12.69],[39.05,12.82],[38.75,12.82],[38.22,12.44],[38.08,12.44],[38.13,11.99],[38.49,11.79],[38.86,11.79],[38.93,11.79]]]}},{"type":"Feature","properties":{"NAME":"Jaemtland","C":8,"name":"Jaemtland","start_year":947,"end_year":1002,"capital":"","type":"polity","region":"","event":"","source":"Cliopatria / Seshat Global History Databank (CC BY 4.0)","wikipedia":"Jämtland","wikidata":"Q211661","_a":7,"_c":[13.73,62.98],"_nz":"耶姆特兰","_sz":""},"geometry":{"type":"Polygon","coordinates":[[[14.68,62.55],[14.68,62.47],[14.5,62.55],[14.29,62.12],[13.73,61.97],[13.82,61.83],[13.45,61.9],[13.07,61.76],[12.61,61.76],[12.52,61.76],[12.24,62.05],[12.26,62.69],[12.64,63.12],[12.65,63.26],[12.94,63.48],[13.13,63.48],[13.42,63.77],[13.9,63.91],[14,64.13],[14.19,64.2],[14.29,64.2],[15.04,63.99],[15.12,63.77],[15.22,63.77],[15.21,63.62],[15.01,63.48],[15,63.19],[14.9,63.19],[14.79,62.76],[14.69,62.76],[14.78,62.62],[14.69,62.62],[14.68,62.55]]]}},{"type":"Feature","properties":{"NAME":"Chandra Dynasty","C":1,"name":"Chandra Dynasty","start_year":947,"end_year":1045,"capital":"","type":"polity","region":"","event":"","source":"Cliopatria / Seshat Global History Databank (CC BY 4.0)","wikipedia":"Chandra dynasty","wikidata":"Q5032034","_a":22,"_c":[93.1,21.04],"_nz":"旃陀罗王朝","_sz":""},"geometry":{"type":"Polygon","coordinates":[[[91.67,22.5],[91.85,22.11],[91.84,21.54],[92.35,20.72],[92.57,20.57],[93.02,19.82],[93.2,19.73],[93.05,20],[93.29,19.82],[93.18,20],[93.34,20.02],[93.42,19.73],[93.6,19.64],[93.59,19.49],[93.48,19.52],[93.6,19.42],[93.48,19.33],[94.01,18.73],[93.95,19.11],[94.04,19.19],[94.02,18.85],[94.15,18.79],[94.39,18.36],[94.32,18.28],[94.42,18.24],[94.45,17.94],[94.77,18.02],[94.88,18.1],[94.73,18.52],[94.84,19.13],[94.1,19.95],[93.67,20.27],[93.34,21.24],[93.17,22.31],[92.53,23.84],[91.92,24.13],[91.52,24.03],[91.33,23.73],[91.33,23.59],[91.66,23.4],[91.6,23.18],[91.37,23.08],[91.45,22.76],[91.67,22.5]]]}},{"type":"Feature","properties":{"NAME":"Kingdom of Brycheiniog","C":1,"name":"Kingdom of Brycheiniog","start_year":960,"end_year":1055,"capital":"","type":"polity","region":"","event":"","source":"Cliopatria / Seshat Global History Databank (CC BY 4.0)","wikipedia":"Brycheiniog","wikidata":"Q954585","_a":0,"_c":[-3.3,51.95],"_nz":"布赖切尼奥格王国","_sz":""},"geometry":{"type":"Polygon","coordinates":[[[-2.93,52.12],[-3.69,52.12],[-3.78,52.12],[-3.76,51.92],[-3.59,51.92],[-3.57,51.78],[-3.49,51.78],[-3.4,51.78],[-3.32,51.78],[-2.82,51.92],[-2.83,51.98],[-2.91,51.98],[-2.92,52.05],[-2.93,52.12]]]}},{"type":"Feature","properties":{"NAME":"Kingdom of Gwynedd","C":4,"name":"Kingdom of Gwynedd","start_year":960,"end_year":1039,"capital":"","type":"polity","region":"","event":"","source":"Cliopatria / Seshat Global History Databank (CC BY 4.0)","wikipedia":"Kingdom of Gwynedd","wikidata":"Q816814","_a":2,"_c":[-4.04,52.96],"_nz":"圭内斯王国","_sz":""},"geometry":{"type":"Polygon","coordinates":[[[-3.74,52.59],[-3.57,52.59],[-3.7,52.92],[-3.62,52.99],[-3.27,52.99],[-3.49,53.39],[-3.58,53.39],[-4.16,53.26],[-4.27,53.46],[-4.7,53.46],[-4.67,53.19],[-4.49,53.12],[-4.81,52.92],[-4.79,52.79],[-4.3,52.92],[-4.16,52.45],[-3.74,52.52],[-3.74,52.59]]]}},{"type":"Feature","properties":{"NAME":"Kingdom of Gwent","C":11,"name":"Kingdom of Gwent","start_year":960,"end_year":1045,"capital":"","type":"polity","region":"","event":"","source":"Cliopatria / Seshat Global History Databank (CC BY 4.0)","wikipedia":"Kingdom of Gwent","wikidata":"Q2594661","_a":0,"_c":[-2.97,51.72],"_nz":"格温特王国","_sz":""},"geometry":{"type":"Polygon","coordinates":[[[-3.04,51.51],[-3.12,51.51],[-3.13,51.58],[-3.21,51.58],[-3.22,51.65],[-3.3,51.65],[-3.31,51.71],[-3.32,51.78],[-2.82,51.92],[-2.63,51.65],[-2.95,51.51],[-3.04,51.51]]]}},{"type":"Feature","properties":{"NAME":"Republic of Amalfi","C":11,"name":"Republic of Amalfi","start_year":960,"end_year":1027,"capital":"","type":"polity","region":"","event":"","source":"Cliopatria / Seshat Global History Databank (CC BY 4.0)","wikipedia":"Duchy of Amalfi","wikidata":"Q686312","_a":0,"_c":[14.58,40.71],"_nz":"阿马尔菲共和国","_sz":""},"geometry":{"type":"Polygon","coordinates":[[[14.5,40.68],[14.58,40.68],[14.66,40.68],[14.66,40.74],[14.58,40.74],[14.5,40.74],[14.5,40.68]]]}},{"type":"Feature","properties":{"NAME":"Pyu City-States","C":4,"name":"Pyu City-States","start_year":960,"end_year":1039,"capital":"","type":"polity","region":"","event":"","source":"Cliopatria / Seshat Global History Databank (CC BY 4.0)","wikipedia":"Pyu city-states","wikidata":"Q1627675","_a":13,"_c":[95.81,21.18],"_nz":"骠国城邦","_sz":""},"geometry":{"type":"MultiPolygon","coordinates":[[[[96.83,22.14],[96.95,21.95],[96.82,21.56],[96.89,21.56],[96.82,21.11],[96.75,21.11],[96.79,20.86],[96.62,20.73],[96.71,20.34],[96.48,20.28],[96.59,20.02],[96.4,19.76],[96.42,19.38],[96.01,18.61],[95.69,18.48],[95.68,18.35],[95.09,18.35],[95.04,18.54],[94.9,18.61],[94.89,19.06],[94.73,19.44],[94.84,19.7],[94.73,19.96],[94.73,20.02],[95.24,19.96],[95.63,20.09],[96.32,20.73],[96.48,21.31],[96.32,21.69],[96.04,21.82],[96.06,21.95],[95.91,21.95],[95.85,22.08],[95.04,22.08],[94.94,21.95],[94.73,22.01],[94.66,22.01],[95.29,23.69],[96.17,24.01],[96.59,23.88],[96.82,23.49],[96.84,22.21],[96.83,22.14]]],[[[96.72,23.75],[96.73,23.81],[96.8,23.81],[96.79,23.75],[96.72,23.75]]],[[[96.65,23.81],[96.67,23.88],[96.74,23.88],[96.73,23.81],[96.65,23.81]]]]}},{"type":"Feature","properties":{"NAME":"Kashmir","C":7,"name":"Kashmir","start_year":960,"end_year":1009,"capital":"","type":"polity","region":"","event":"","source":"Cliopatria / Seshat Global History Databank (CC BY 4.0)","wikipedia":"Kashmir","wikidata":"Q43100","_a":25,"_c":[76.38,33.94],"_nz":"克什米尔","_sz":""},"geometry":{"type":"Polygon","coordinates":[[[77.33,35.9],[78.99,36.29],[79.07,36.29],[78.42,35.64],[78.04,34.55],[78.12,34.55],[78.05,33.97],[78.12,33.97],[78.16,33.52],[78.37,33.14],[78.32,32.94],[78.53,32.56],[78.46,32.3],[78.8,31.79],[78.75,31.59],[78.68,31.59],[77.3,31.91],[77.04,32.11],[76.52,32.17],[76.4,32.3],[75.33,32.3],[75.21,32.43],[74.77,32.49],[74.67,32.75],[74.38,32.81],[74.08,33.14],[74.17,33.52],[74.03,33.59],[74.09,33.84],[74.28,33.97],[73.93,34.1],[73.97,34.29],[73.84,34.36],[73.92,34.68],[73.7,34.74],[73.79,34.81],[73.8,34.82],[74.92,34.67],[75.63,33.76],[76.82,33.36],[77.35,35.26],[77.34,35.63],[77.31,35.9],[77.33,35.9]]]}},{"type":"Feature","properties":{"NAME":"Emirate of Sicily","C":11,"name":"Emirate of Sicily","start_year":960,"end_year":1065,"capital":"","type":"polity","region":"","event":"","source":"Cliopatria / Seshat Global History Databank (CC BY 4.0)","wikipedia":"Emirate of Sicily","wikidata":"Q118780154","_a":5,"_c":[14.06,37.52],"_nz":"西西里埃米尔国","_sz":""},"geometry":{"type":"Polygon","coordinates":[[[15.07,37.58],[15.39,38.16],[15.62,38.16],[15.63,38.29],[14.06,37.96],[13.67,37.96],[13.35,38.16],[13.12,38.16],[13.04,38.03],[12.65,38.09],[12.49,37.9],[12.49,37.71],[13.19,37.58],[13.58,37.25],[14.28,37.13],[14.66,36.74],[15.05,36.74],[15.21,37],[15.21,37.19],[15.06,37.25],[15.06,37.51],[15.07,37.58]]]}},{"type":"Feature","properties":{"NAME":"Tibetans","C":2,"name":"Tibetans","start_year":960,"end_year":1009,"capital":"无（分裂时期）","type":"polity","region":"tibet","event":"","source":"Cliopatria / Seshat Global History Databank (CC BY 4.0)","wikipedia":"Tibetan people","wikidata":"Q187985","_a":239,"_c":[89.91,32.67],"_nz":"吐蕃","_sz":""},"geometry":{"type":"Polygon","coordinates":[[[91.65,27.74],[91.69,27.93],[91.49,28.06],[90.94,27.93],[90.82,28.06],[90.36,28.06],[90.33,28.25],[90.2,28.32],[89.97,28.32],[89.62,28.12],[88.87,28.12],[88.84,27.99],[88.56,28.06],[88.21,27.87],[87.75,27.8],[87.37,27.8],[86.82,28.06],[86.34,27.93],[86.23,28.12],[85.97,27.93],[85.75,28.32],[85.14,28.32],[85.09,28.44],[85.2,28.57],[84.74,28.57],[84.7,28.7],[84.41,28.77],[84.24,29.02],[83.58,29.15],[83.26,29.41],[82.46,29.54],[81.99,29.79],[81.76,29.79],[81.38,30.12],[81.07,30.12],[80.84,30.44],[80.26,30.56],[79.97,30.95],[79.45,31.01],[79.1,31.46],[78.83,31.59],[78.75,31.59],[78.8,31.79],[78.46,32.3],[78.53,32.56],[78.32,32.94],[78.37,33.14],[78.16,33.52],[78.12,33.97],[78.05,33.97],[78.12,34.55],[78.04,34.55],[78.42,35.64],[79.07,36.29],[79.15,36.29],[80.95,36.61],[81.03,36.61],[85.11,37.45],[85.19,37.45],[86.83,37.45],[88.25,37.71],[90.25,37.64],[91.07,37.51],[91.56,37.58],[91.74,37.45],[94.51,37.13],[96.4,36.55],[98.84,36.03],[99.31,36.03],[99.42,35.9],[100.22,35.77],[101,35.39],[101.54,34.74],[101.49,34.61],[101.65,34.61],[101.5,34.42],[101.72,34.16],[101.53,33.65],[101.61,33.65],[101.6,33.39],[101.77,33.01],[101.71,32.81],[101.69,32.75],[100.98,31.01],[100.9,31.01],[99.48,30.31],[96.53,29.22],[96.3,29.22],[96.27,29.09],[96.14,29.15],[95.71,28.95],[94.34,28.95],[93.61,28.58],[92.3,27.62],[91.65,27.72],[91.65,27.74]]]}},{"type":"Feature","properties":{"NAME":"Later Mayan City-States","C":2,"name":"Later Mayan City-States","start_year":960,"end_year":1259,"capital":"","type":"polity","region":"","event":"","source":"Cliopatria / Seshat Global History Databank (CC BY 4.0)","wikipedia":"Maya civilization","wikidata":"Q28567","_a":18,"_c":[-88.95,19.57],"_nz":"后期玛雅城邦","_sz":""},"geometry":{"type":"Polygon","coordinates":[[[-86.72,20.92],[-86.75,21.5],[-86.92,21.63],[-87.22,21.63],[-87.34,21.5],[-88.48,21.63],[-89.18,21.37],[-89.98,21.31],[-90.17,21.11],[-90.32,21.11],[-90.42,20.41],[-90.49,20.41],[-90.43,20.02],[-90.74,19.7],[-90.81,19.25],[-91.16,19.12],[-91.2,18.93],[-91.07,18.99],[-90.39,18.48],[-90.37,18.35],[-89.71,17.9],[-89.76,17.77],[-89.32,17.77],[-88.61,17.51],[-88.17,17.51],[-88.1,18.03],[-88.03,18.03],[-88.08,18.35],[-88.23,18.35],[-88.25,18.48],[-87.99,18.74],[-87.96,18.54],[-88.04,18.54],[-87.91,18.22],[-87.7,18.29],[-87.73,18.48],[-87.45,19.06],[-87.49,19.31],[-87.37,19.44],[-87.39,19.57],[-87.55,19.64],[-87.29,19.89],[-87.35,20.21],[-86.71,20.86],[-86.72,20.92]]]}},{"type":"Feature","properties":{"NAME":"Chandela Kingdom","C":7,"name":"Chandela Kingdom","start_year":960,"end_year":1084,"capital":"","type":"polity","region":"","event":"","source":"Cliopatria / Seshat Global History Databank (CC BY 4.0)","wikipedia":"Chandelas of Jejakabhukti","wikidata":"Q2039087","_a":14,"_c":[81.2,24.72],"_nz":"昌德拉王国","_sz":""},"geometry":{"type":"Polygon","coordinates":[[[79.31,23.3],[80.53,23.76],[82.56,23.88],[82.93,24.3],[83.58,24.39],[83.02,24.79],[82.47,24.83],[81.4,25.36],[81.04,25.72],[80.75,25.76],[80.04,26.14],[79.55,25.94],[79.53,25.63],[78.82,25.1],[78.82,24.39],[79.09,23.85],[79.31,23.3]]]}},{"type":"Feature","properties":{"NAME":"Chaulukya Dynasty","C":5,"name":"Chaulukya Dynasty","start_year":960,"end_year":1110,"capital":"","type":"polity","region":"","event":"","source":"Cliopatria / Seshat Global History Databank (CC BY 4.0)","wikipedia":"Chaulukya dynasty","wikidata":"Q18211496","_a":33,"_c":[71.44,23.17],"_nz":"遮卢迦王朝","_sz":""},"geometry":{"type":"MultiPolygon","coordinates":[[[[72.88,20.56],[72.81,21.12],[72.62,21.37],[72.73,21.47],[72.61,21.46],[73.11,21.75],[72.54,21.7],[72.7,21.97],[72.52,21.98],[72.55,22.16],[72.81,22.23],[72.18,22.27],[72.31,22.19],[72.27,22.09],[72.04,21.82],[72.21,21.73],[72.25,21.53],[72.02,21.16],[71.02,20.74],[70.72,20.74],[70.13,21.09],[68.97,22.29],[69.05,22.44],[69.28,22.29],[70.18,22.57],[70.49,23.09],[70.34,22.94],[69.66,22.76],[69.24,22.85],[68.64,23.19],[68.42,23.57],[68.75,23.83],[69.13,23.85],[69.74,24.08],[70.6,24.54],[71.37,24.61],[72.23,25.91],[72.45,25.52],[73.06,24.89],[73.15,24.23],[74.37,24.01],[74.47,23.71],[74.42,23.01],[73.95,21.74],[73.95,21.2],[73.41,20.45],[72.83,20.43],[72.88,20.56]]],[[[68.67,23.82],[68.69,23.83],[68.72,23.83],[68.67,23.82]]]]}},{"type":"Feature","properties":{"NAME":"Pagan Kingdom","C":10,"name":"Pagan Kingdom","start_year":960,"end_year":1045,"capital":"","type":"polity","region":"","event":"","source":"Cliopatria / Seshat Global History Databank (CC BY 4.0)","wikipedia":"Pagan Kingdom","wikidata":"Q888574","_a":5,"_c":[95.23,21.02],"_nz":"蒲甘王国","_sz":""},"geometry":{"type":"MultiPolygon","coordinates":[[[[94.58,19.96],[94.5,19.96],[94.51,20.02],[94.59,20.02],[94.58,19.96]]],[[[94.44,20.02],[94.45,20.09],[94.52,20.09],[94.51,20.02],[94.44,20.02]]],[[[94.37,20.09],[94.35,20.41],[94.08,20.6],[94.16,20.66],[94.14,21.05],[93.98,20.99],[94.31,21.69],[94.46,21.69],[94.48,21.82],[94.72,21.95],[94.73,22.01],[94.94,21.95],[95.04,22.08],[95.85,22.08],[95.91,21.95],[96.06,21.95],[96.04,21.82],[96.32,21.69],[96.48,21.31],[96.32,20.73],[95.63,20.09],[95.24,19.96],[94.73,20.02],[94.66,20.02],[94.53,20.15],[94.37,20.09]]]]}},{"type":"Feature","properties":{"NAME":"Kingdom of Powys","C":10,"name":"Kingdom of Powys","start_year":960,"end_year":1039,"capital":"","type":"polity","region":"","event":"","source":"Cliopatria / Seshat Global History Databank (CC BY 4.0)","wikipedia":"Kingdom of Powys","wikidata":"Q769782","_a":1,"_c":[-3.43,52.56],"_nz":"波伊斯王国","_sz":""},"geometry":{"type":"Polygon","coordinates":[[[-3.99,52.45],[-3.72,52.32],[-3.69,52.12],[-2.93,52.12],[-2.87,52.38],[-3.04,52.38],[-3.14,52.52],[-3.07,52.72],[-3.27,52.99],[-3.62,52.99],[-3.7,52.92],[-3.57,52.59],[-3.74,52.59],[-3.74,52.52],[-3.82,52.52],[-3.91,52.52],[-3.9,52.45],[-3.99,52.45]]]}},{"type":"Feature","properties":{"NAME":"Kingdom of Morgannwg","C":6,"name":"Kingdom of Morgannwg","start_year":960,"end_year":1045,"capital":"","type":"polity","region":"","event":"","source":"Cliopatria / Seshat Global History Databank (CC BY 4.0)","wikipedia":"Kingdom of Morgannwg","wikidata":"Q13131807","_a":0,"_c":[-3.5,51.58],"_nz":"摩根沃格王国","_sz":""},"geometry":{"type":"Polygon","coordinates":[[[-3.28,51.45],[-3.7,51.38],[-3.88,51.51],[-3.89,51.58],[-3.64,51.65],[-3.57,51.78],[-3.49,51.78],[-3.32,51.78],[-3.3,51.65],[-3.13,51.58],[-3.11,51.45],[-3.2,51.45],[-3.28,51.45]]]}},{"type":"Feature","properties":{"NAME":"Kingdom of Castile","C":7,"name":"Kingdom of Castile","start_year":961,"end_year":1009,"capital":"","type":"polity","region":"","event":"","source":"Cliopatria / Seshat Global History Databank (CC BY 4.0)","wikipedia":"Kingdom of Castile","wikidata":"Q179293","_a":7,"_c":[-3.14,42.14],"_nz":"卡斯蒂利亚王国","_sz":""},"geometry":{"type":"Polygon","coordinates":[[[-2.02,42.37],[-2.12,42.63],[-3,42.63],[-2.93,42.82],[-3.01,42.82],[-3.03,43.02],[-3.19,43.08],[-3.14,43.41],[-3.22,43.41],[-4.35,43.41],[-4.43,43.41],[-4.29,42.69],[-4.21,42.69],[-4.16,42.11],[-4.46,41.85],[-4.51,41.52],[-3.74,40.87],[-3.52,41.07],[-3.36,41.07],[-3.22,41.26],[-2.35,41.33],[-2.12,41.52],[-2.13,41.65],[-1.82,41.78],[-1.78,42.3],[-2.02,42.37]]]}},{"type":"Feature","properties":{"NAME":"Kingdom of Dali","C":6,"name":"Kingdom of Dali","start_year":970,"end_year":1055,"capital":"大理","type":"dynasty","region":"china","event":"","source":"Cliopatria / Seshat Global History Databank (CC BY 4.0)","wikipedia":"Dali Kingdom","wikidata":"Q26472","_a":59,"_c":[102.38,25.2],"_nz":"大理","_sz":""},"geometry":{"type":"Polygon","coordinates":[[[103.46,26.45],[103.28,26.32],[102.91,26.32],[102.64,26.13],[102.19,26.13],[102.14,26.58],[101.66,26.77],[101.69,26.9],[101.61,26.9],[101.7,27.87],[101.62,27.87],[101.42,28.57],[101.35,28.57],[101.17,28.77],[100.66,28.83],[100.62,28.96],[100.21,28.83],[99.92,28.89],[99.74,28.77],[99.44,28.77],[99.05,28.44],[98.92,28.51],[98.88,28.38],[98.54,28.19],[98.47,27.93],[98.59,27.8],[98.49,27.67],[98.68,27.54],[98.68,27.22],[98.76,27.22],[98.68,26.9],[98.76,26.9],[98.7,26.64],[98.78,26.64],[98.62,25.94],[98.9,25.81],[98.87,25.68],[99.04,25.42],[99.01,25.23],[99.08,25.23],[98.96,24.2],[98.67,23.81],[98.81,23.75],[98.83,23.43],[99.07,23.11],[99.57,22.98],[99.4,22.85],[99.21,22.14],[100.01,22.01],[99.97,21.76],[100.17,21.63],[100.21,21.44],[100.66,21.44],[101.08,21.76],[101.67,21.69],[101.87,21.56],[101.65,22.08],[101.72,22.46],[102.23,22.4],[102.58,22.72],[102.73,22.72],[102.98,22.46],[103.13,22.46],[103.32,22.72],[103.45,22.59],[103.53,22.59],[103.77,22.72],[103.89,22.53],[104.04,22.53],[104.15,22.79],[104.52,22.72],[104.84,22.85],[104.96,23.11],[105.21,23.3],[105.5,23.24],[105.51,23.3],[105.78,23.56],[106.07,23.49],[106.29,23.88],[106.1,24.07],[105.86,23.94],[105.51,24.07],[105.48,23.94],[105.33,23.94],[105.2,24.01],[105.16,24.2],[104.71,24.2],[104.59,24.33],[104.72,24.65],[104.9,24.78],[104.86,24.97],[105.03,25.04],[105.05,25.16],[104.84,25.23],[104.81,25.42],[104.54,25.55],[104.98,26.52],[104.72,26.71],[104.42,26.71],[104.32,26.58],[104.11,26.64],[104.08,26.52],[103.54,26.45],[103.46,26.45]]]}},{"type":"Feature","properties":{"NAME":"Qarmatians","C":11,"name":"Qarmatians","start_year":980,"end_year":1065,"capital":"","type":"polity","region":"","event":"","source":"Cliopatria / Seshat Global History Databank (CC BY 4.0)","wikipedia":"Qarmatians","wikidata":"Q138803","_a":15,"_c":[52.65,25.74],"_nz":"卡尔马特派","_sz":""},"geometry":{"type":"MultiPolygon","coordinates":[[[[55.62,24.65],[55.54,24.52],[55.39,24.52],[55.55,24.65],[55.62,24.65]]],[[[50.65,25.87],[50.43,25.94],[50.46,26.26],[50.69,26.26],[50.67,26.13],[50.67,26.07],[50.65,25.87]]],[[[49.67,25.87],[49.7,26.13],[49.88,26.45],[49.67,26.58],[49.69,26.84],[49.85,26.97],[49.92,26.84],[50.13,26.77],[50.12,26.58],[50.25,26.45],[50.22,26.13],[50.07,26.07],[50.21,26],[50.26,25.68],[49.74,25.81],[49.75,25.87],[49.67,25.87]]]]}},{"type":"Feature","properties":{"NAME":"Strathclyde","C":9,"name":"Strathclyde","start_year":980,"end_year":1027,"capital":"","type":"polity","region":"","event":"","source":"Cliopatria / Seshat Global History Databank (CC BY 4.0)","wikipedia":"Strathclyde","wikidata":"Q124661","_a":2,"_c":[-4.03,55.57],"_nz":"斯特拉斯克莱德","_sz":""},"geometry":{"type":"Polygon","coordinates":[[[-3.4,54.95],[-3.32,54.95],[-3.23,54.95],[-3.14,54.95],[-3.15,55.02],[-3.06,55.02],[-3.19,55.36],[-3.36,55.36],[-3.38,55.57],[-3.78,55.98],[-3.96,55.98],[-4.25,56.18],[-4.86,56.18],[-4.85,56.05],[-4.84,55.98],[-5.01,55.91],[-4.98,55.7],[-4.79,55.63],[-4.79,55.57],[-4.62,55.63],[-4.59,55.43],[-4.31,55.23],[-3.58,54.95],[-3.49,54.95],[-3.4,54.95]]]}},{"type":"Feature","properties":{"NAME":"Gurjara-Pratihara Dynasty","C":1,"name":"Gurjara-Pratihara Dynasty","start_year":980,"end_year":1033,"capital":"","type":"polity","region":"","event":"","source":"Cliopatria / Seshat Global History Databank (CC BY 4.0)","wikipedia":"Gurjara-Pratihara dynasty","wikidata":"Q5324","_a":4,"_c":[79.14,26.42],"_nz":"瞿折罗-波罗提诃罗王朝","_sz":""},"geometry":{"type":"Polygon","coordinates":[[[78.25,26.9],[78.66,27.54],[79.64,27.54],[79.96,27.22],[79.92,27.03],[80.04,26.84],[79.99,26.11],[79.55,25.94],[79.53,25.63],[78.96,25.29],[78.83,25.36],[78.85,25.55],[78.72,25.68],[78.86,26.07],[78.73,26.13],[78.75,26.32],[78.29,26.65],[78.24,26.84],[78.25,26.9]]]}},{"type":"Feature","properties":{"NAME":"Brythons","C":11,"name":"Brythons","start_year":980,"end_year":1039,"capital":"","type":"polity","region":"","event":"","source":"Cliopatria / Seshat Global History Databank (CC BY 4.0)","wikipedia":"Celtic Britons","wikidata":"Q849967","_a":11,"_c":[-3.94,53.57],"_nz":"布立吞人","_sz":""},"geometry":{"type":"MultiPolygon","coordinates":[[[[-4.83,51.65],[-5.08,51.58],[-5.26,51.71],[-5.3,51.98],[-4.89,52.18],[-4.55,52.18],[-4.24,52.45],[-4.07,52.45],[-3.99,52.45],[-3.72,52.32],[-3.69,52.12],[-3.78,52.12],[-3.76,51.92],[-3.59,51.92],[-3.57,51.78],[-3.64,51.65],[-3.89,51.58],[-3.98,51.58],[-4.31,51.51],[-4.42,51.71],[-4.75,51.65],[-4.83,51.65]]],[[[-3.57,54.89],[-2.97,55.02],[-2.89,55.02],[-2.55,54.34],[-2.97,54.14],[-3.05,54.14],[-3.3,54.07],[-3.32,54.21],[-3.59,54.27],[-3.71,54.61],[-3.72,54.68],[-3.57,54.89]]],[[[-5.11,54.68],[-5.33,55.02],[-5.15,55.02],[-5.17,55.16],[-4.78,55.5],[-4.79,55.57],[-4.62,55.63],[-4.59,55.43],[-4.31,55.23],[-3.58,54.95],[-3.57,54.89],[-4.42,54.75],[-4.87,54.82],[-4.95,54.82],[-4.94,54.68],[-5.11,54.68]]]]}},{"type":"Feature","properties":{"NAME":"Emirate of Nekor","C":5,"name":"Emirate of Nekor","start_year":980,"end_year":1014,"capital":"","type":"polity","region":"","event":"","source":"Cliopatria / Seshat Global History Databank (CC BY 4.0)","wikipedia":"Emirate of Nekor","wikidata":"Q1709337","_a":1,"_c":[-3.35,35.13],"_nz":"内科尔埃米尔国","_sz":""},"geometry":{"type":"Polygon","coordinates":[[[-3.73,34.87],[-4.51,34.94],[-4.45,35.26],[-4.37,35.26],[-3.13,35.19],[-2.98,35.26],[-2.99,35.45],[-2.84,35.45],[-2.82,35.13],[-2.28,35.07],[-2.2,35.07],[-2.42,34.94],[-3.12,34.94],[-3.42,34.81],[-3.65,34.87],[-3.73,34.87]]]}},{"type":"Feature","properties":{"NAME":"Kingdom of Alba","C":2,"name":"Kingdom of Alba","start_year":980,"end_year":1033,"capital":"","type":"polity","region":"","event":"","source":"Cliopatria / Seshat Global History Databank (CC BY 4.0)","wikipedia":"Kingdom of Alba","wikidata":"Q1991742","_a":12,"_c":[-3.91,56.5],"_nz":"阿尔巴王国","_sz":""},"geometry":{"type":"Polygon","coordinates":[[[-2.84,57.77],[-3.99,57.7],[-3.93,57.9],[-4.02,57.9],[-4.11,57.9],[-4.82,57.83],[-4.9,57.83],[-5.26,57.83],[-5.46,57.97],[-5.55,57.97],[-5.89,57.83],[-5.92,57.42],[-5.73,57.35],[-5.7,57.14],[-5.95,57.01],[-5.91,56.73],[-6,56.73],[-5.88,56.52],[-5.45,56.59],[-5.68,56.39],[-5.66,56.18],[-5.74,56.18],[-5.72,55.98],[-5.8,55.98],[-5.79,55.84],[-5.44,55.91],[-5.36,55.91],[-5.3,56.11],[-4.93,56.05],[-4.85,56.05],[-4.86,56.18],[-4.25,56.18],[-3.96,55.98],[-3.78,55.98],[-3.38,55.57],[-3.36,55.36],[-3.19,55.36],[-3.06,55.02],[-2.97,55.02],[-2.89,55.02],[-2.73,55.23],[-2.56,55.23],[-2.24,55.5],[-2.27,55.77],[-2.11,55.91],[-2.19,55.91],[-2.66,56.11],[-3.26,56.05],[-3.1,56.18],[-2.67,56.25],[-2.79,56.52],[-2.53,56.59],[-2.21,56.87],[-2.08,57.28],[-1.82,57.42],[-1.85,57.7],[-2.04,57.77],[-2.75,57.77],[-2.84,57.77]]]}},{"type":"Feature","properties":{"NAME":"Kingdom of England","C":9,"name":"Kingdom of England","start_year":980,"end_year":1014,"capital":"","type":"polity","region":"","event":"","source":"Cliopatria / Seshat Global History Databank (CC BY 4.0)","wikipedia":"Kingdom of England","wikidata":"Q179876","_a":45,"_c":[-2.01,52.94],"_nz":"英格兰王国","_sz":""},"geometry":{"type":"Polygon","coordinates":[[[-0.38,54.27],[-0.2,54.21],[-0.18,53.94],[0,53.8],[0.02,53.6],[0.3,53.39],[0.32,53.12],[0.08,52.92],[0.34,52.86],[0.49,53.06],[1.09,53.06],[1.53,52.92],[1.72,52.72],[1.74,52.38],[1.65,52.38],[1.59,52.12],[1.43,51.98],[1.17,51.98],[1.18,51.78],[0.84,51.78],[0.86,51.51],[0.52,51.51],[1.21,51.45],[1.38,51.38],[1.39,51.18],[0.49,50.78],[-1.37,50.85],[-1.11,50.78],[-1.18,50.58],[-1.51,50.58],[-1.52,50.71],[-2.03,50.71],[-2.1,50.58],[-3.13,50.71],[-3.46,50.65],[-3.58,50.25],[-4.09,50.25],[-4.19,50.38],[-4.35,50.38],[-4.93,50.25],[-5.15,49.98],[-5.75,50.05],[-5.77,50.25],[-5.28,50.38],[-5.13,50.58],[-4.88,50.58],[-4.82,50.78],[-4.66,50.85],[-4.68,51.05],[-4.43,51.05],[-4.2,51.31],[-3.09,51.25],[-3.11,51.38],[-2.95,51.45],[-2.95,51.51],[-2.63,51.65],[-2.82,51.92],[-2.83,51.98],[-2.91,51.98],[-2.92,52.05],[-2.93,52.12],[-2.87,52.38],[-3.04,52.38],[-3.14,52.52],[-3.07,52.72],[-3.27,52.99],[-3.49,53.39],[-3.4,53.39],[-3.15,53.46],[-3.1,53.73],[-3.2,53.87],[-2.96,54.07],[-2.97,54.14],[-2.55,54.34],[-2.89,55.02],[-2.73,55.23],[-2.56,55.23],[-2.24,55.5],[-2.27,55.77],[-2.11,55.91],[-2.02,55.91],[-1.63,55.57],[-1.49,54.95],[-1.4,54.95],[-1.29,54.68],[-0.67,54.61],[-0.39,54.34],[-0.38,54.27]]]}},{"type":"Feature","properties":{"NAME":"Ngô Dynasty","C":3,"name":"Ngô Dynasty","start_year":980,"end_year":1055,"capital":"","type":"polity","region":"","event":"","source":"Cliopatria / Seshat Global History Databank (CC BY 4.0)","wikipedia":"Ngô dynasty","wikidata":"Q703919","_a":28,"_c":[105.54,20.54],"_nz":"吴朝","_sz":""},"geometry":{"type":"MultiPolygon","coordinates":[[[[104.6,19.64],[104.53,19.64],[104.54,19.7],[104.61,19.7],[104.6,19.64]]],[[[106.7,22.46],[106.77,22.01],[107.05,21.89],[107.12,21.89],[107.1,21.76],[107.24,21.69],[107.46,21.69],[107.59,21.56],[107.97,21.63],[108.1,21.5],[108.09,21.44],[107.79,21.44],[107.42,20.99],[106.88,20.86],[106.83,20.6],[106.69,20.6],[106.54,20.15],[106.06,19.96],[105.85,19.57],[105.91,19.51],[105.73,18.86],[106.05,18.54],[106.03,18.41],[106.18,18.41],[106.29,18.22],[106.57,18.09],[106.53,17.84],[106.52,17.77],[106.3,17.77],[106.24,17.9],[105.87,17.9],[105.78,17.77],[105.71,17.77],[105.66,17.96],[105.14,18.41],[105.19,18.67],[104.83,18.74],[104.57,18.99],[104.42,18.99],[104.51,19.06],[104.5,19.44],[104.68,19.64],[104.62,19.76],[104.77,19.76],[104.98,20.15],[104.44,20.47],[104.62,20.66],[104.43,20.86],[104.07,20.92],[103.8,20.66],[103.65,20.66],[102.97,21.05],[103.6,21.69],[103.58,22.01],[103.77,22.27],[103.49,22.4],[103.6,22.59],[103.53,22.59],[103.77,22.72],[103.89,22.53],[104.04,22.53],[104.15,22.79],[104.52,22.72],[104.84,22.85],[104.96,23.11],[105.21,23.3],[105.5,23.24],[105.58,23.24],[105.83,22.98],[106.72,22.98],[106.84,22.79],[106.63,22.46],[106.7,22.46]]]]}},{"type":"Feature","properties":{"NAME":"Sind-Habbari Dynasty","C":6,"name":"Sind-Habbari Dynasty","start_year":980,"end_year":1014,"capital":"","type":"polity","region":"","event":"","source":"Cliopatria / Seshat Global History Databank (CC BY 4.0)","wikipedia":"Habbari dynasty","wikidata":"Q5636647","_a":36,"_c":[69.51,26.77],"_nz":"信德-哈巴里王朝","_sz":""},"geometry":{"type":"Polygon","coordinates":[[[72.03,28.38],[72.03,28.62],[71.79,28.89],[72.33,28.97],[72.36,29.36],[72.12,29.85],[71.05,29.94],[70.57,29.95],[70.28,29.95],[70,29.81],[69.64,29.36],[68.69,29.19],[68.13,29.39],[67.64,29.28],[67.52,29.12],[67.5,28.37],[67.17,27.45],[67.16,26.1],[67.03,25.55],[66.67,25.03],[66.67,24.86],[66.66,24.83],[66.87,24.85],[67.18,24.7],[67.42,23.97],[67.69,23.79],[67.85,23.91],[68.03,23.75],[68.04,23.88],[68.05,23.72],[68.21,23.69],[68.18,23.58],[68.35,23.58],[68.92,23.94],[69.12,24.7],[69.34,25.02],[70.41,25.84],[71.46,27.25],[72.03,28.38]]]}},{"type":"Feature","properties":{"NAME":"Paramara Dynasty","C":3,"name":"Paramara Dynasty","start_year":980,"end_year":1055,"capital":"","type":"polity","region":"","event":"","source":"Cliopatria / Seshat Global History Databank (CC BY 4.0)","wikipedia":"Paramara dynasty","wikidata":"Q7135130","_a":29,"_c":[76.25,24.49],"_nz":"帕拉玛拉王朝","_sz":""},"geometry":{"type":"Polygon","coordinates":[[[74.4,24.01],[73.16,24.27],[73.16,24.89],[73.85,25.44],[74.16,26.15],[75.1,26.42],[76.46,25.87],[77.91,26.84],[78.26,26.77],[78.29,26.65],[78.74,26.32],[78.72,26.11],[78.84,25.98],[78.71,25.66],[78.84,25.33],[78.98,25.26],[78.8,25.04],[78.79,24.44],[79.34,23.01],[79.3,22.85],[77.76,22.69],[77.25,22.48],[76.19,22.44],[74.16,22.13],[74.42,23.01],[74.46,23.86],[74.4,24.01]]]}},{"type":"Feature","properties":{"NAME":"Georgia","C":6,"name":"Georgia","start_year":980,"end_year":1009,"capital":"","type":"polity","region":"","event":"","source":"Cliopatria / Seshat Global History Databank (CC BY 4.0)","wikipedia":"Georgia","wikidata":"Q4962","_a":21,"_c":[42.4,42.66],"_nz":"格鲁吉亚","_sz":""},"geometry":{"type":"MultiPolygon","coordinates":[[[[41.95,43.21],[42.92,43.21],[43.2,43.02],[43.74,42.89],[43.78,42.69],[44.69,42.82],[44.74,42.69],[45.16,42.76],[45.75,42.5],[45.7,42.24],[45.54,42.24],[45.41,41.98],[44.73,41.78],[44.77,41.59],[44.35,41.46],[44.25,41.33],[44.24,41.26],[43.98,41.13],[43.58,41.13],[43.19,41.2],[42.86,41.59],[42.62,41.59],[42.44,41.46],[41.58,41.52],[41.59,41.59],[41.82,41.98],[41.74,41.98],[41.76,42.11],[41.6,42.11],[41.7,42.24],[41.48,42.37],[41.61,42.63],[41.12,43.02],[40.82,43.15],[40.42,43.15],[40.22,43.41],[39.76,43.54],[39.35,43.99],[39.96,43.8],[40.3,43.86],[40.33,43.6],[40.74,43.6],[41.04,43.47],[41.12,43.47],[41.95,43.21]]],[[[39.28,44.06],[39.36,44.06],[39.35,43.99],[39.27,43.99],[39.19,43.99],[39.2,44.06],[39.28,44.06]]],[[[39.12,44.06],[39.13,44.12],[39.21,44.12],[39.2,44.06],[39.12,44.06]]],[[[39.05,44.12],[39.06,44.19],[39.14,44.19],[39.13,44.12],[39.05,44.12]]]]}},{"type":"Feature","properties":{"NAME":"Chauhan Dynasty","C":4,"name":"Chauhan Dynasty","start_year":980,"end_year":1027,"capital":"","type":"polity","region":"","event":"","source":"Cliopatria / Seshat Global History Databank (CC BY 4.0)","wikipedia":"Chauhan Dynasty","wikidata":"Q1068371","_a":39,"_c":[74.84,28.11],"_nz":"兆汉王朝","_sz":""},"geometry":{"type":"Polygon","coordinates":[[[77.89,26.83],[76.59,28.73],[76.35,30],[76.38,31.05],[75.57,30.99],[74.78,31.32],[72.36,28.97],[71.79,28.89],[72.03,28.62],[72.03,26.05],[72.41,25.79],[73.11,24.9],[73.81,25.47],[74.16,26.17],[75.05,26.44],[76.46,25.87],[77.89,26.83]]]}},{"type":"Feature","properties":{"NAME":"Shirvan","C":9,"name":"Shirvan","start_year":980,"end_year":1009,"capital":"","type":"polity","region":"","event":"","source":"Cliopatria / Seshat Global History Databank (CC BY 4.0)","wikipedia":"Shirvan","wikidata":"Q638064","_a":11,"_c":[48.04,40.55],"_nz":"希尔万","_sz":""},"geometry":{"type":"Polygon","coordinates":[[[45.82,40.36],[45.83,40.42],[46.06,40.81],[46.32,40.94],[46.8,40.94],[47.24,40.74],[47.72,40.81],[47.84,41],[47.71,41.13],[47.73,41.26],[47.99,41.33],[48.11,41.52],[48.12,41.59],[48.28,41.59],[48.48,41.78],[48.56,41.78],[49.09,41.26],[49.06,41.13],[49.27,41],[49.24,40.87],[49.51,40.61],[50.05,40.55],[50.26,40.42],[49.69,40.36],[49.51,40.23],[49.27,39.38],[49.19,39.38],[49.18,39.32],[49.03,39.38],[49,39.64],[48.78,39.71],[48.72,39.84],[48.33,39.84],[48.25,39.84],[48.09,39.84],[47.9,39.64],[47.41,39.58],[47.31,39.9],[47,39.9],[46.8,40.1],[46.94,40.42],[46.87,40.48],[46.45,40.36],[45.82,40.36]]]}},{"type":"Feature","properties":{"NAME":"County of Ribagorza","C":4,"name":"County of Ribagorza","start_year":990,"end_year":1014,"capital":"","type":"polity","region":"","event":"","source":"Cliopatria / Seshat Global History Databank (CC BY 4.0)","wikipedia":"County of Ribagorza","wikidata":"Q1297894","_a":6,"_c":[-1.25,42.69],"_nz":"里瓦戈萨伯国","_sz":""},"geometry":{"type":"Polygon","coordinates":[[[0.6,42.69],[0.69,42.56],[0.64,42.04],[0.16,41.98],[0.07,42.11],[-0.49,42.24],[-0.65,42.24],[-0.75,42.5],[-1.07,42.5],[-1.14,42.37],[-1.78,42.43],[-1.78,42.3],[-2.02,42.37],[-2.12,42.63],[-3,42.63],[-2.93,42.82],[-3.01,42.82],[-3.03,43.02],[-3.19,43.08],[-3.14,43.41],[-3.06,43.41],[-1.77,43.34],[-1.69,43.34],[-0.96,43.34],[-0.86,42.95],[-0.12,42.76],[0.6,42.69]]]}},{"type":"Feature","properties":{"NAME":"Holy Roman Empire","C":7,"name":"Holy Roman Empire","start_year":990,"end_year":1002,"capital":"","type":"polity","region":"","event":"","source":"Cliopatria / Seshat Global History Databank (CC BY 4.0)","wikipedia":"Holy Roman Empire","wikidata":"Q12548","_a":177,"_c":[10.19,47.84],"_nz":"神圣罗马帝国","_sz":""},"geometry":{"type":"MultiPolygon","coordinates":[[[[14.69,42.17],[14.77,42.17],[14.77,42.11],[14.69,42.11],[14.69,42.17]]],[[[9.49,43.02],[9.49,42.76],[9.57,42.76],[9.58,41.98],[9.5,41.98],[9.5,41.78],[9.26,41.39],[9.1,41.33],[8.78,41.52],[8.78,41.72],[8.62,41.72],[8.7,41.91],[8.54,42.11],[8.53,42.5],[8.77,42.69],[9.17,42.76],[9.25,43.02],[9.33,43.02],[9.49,43.02]]],[[[10.46,42.89],[10.46,42.69],[10.21,42.69],[10.13,42.89],[10.21,42.89],[10.46,42.89]]],[[[11.13,53.26],[11.48,53.26],[11.47,53.12],[11.82,53.12],[11.64,52.32],[11.55,52.32],[11.72,51.98],[12.32,52.05],[12.4,52.18],[12.83,52.18],[13.17,52.38],[14.45,52.25],[14.54,52.25],[14.79,52.12],[15.21,52.12],[15.28,51.65],[15.53,51.65],[15.53,51.51],[15.69,51.38],[15.68,51.05],[15.93,50.98],[15.92,50.78],[15.42,50.78],[15.26,50.98],[14.58,50.91],[14.5,51.05],[14.33,51.05],[14.15,50.85],[13.39,50.71],[12.8,50.38],[12.38,50.38],[12.21,50.25],[12.2,50.05],[12.37,49.98],[12.37,49.71],[12.53,49.65],[12.53,49.52],[12.7,49.38],[13.11,49.25],[13.28,49.05],[13.44,49.05],[13.61,48.85],[13.94,48.79],[14.18,48.59],[14.77,48.65],[14.94,48.99],[15.69,48.92],[16.18,48.72],[16.93,48.72],[16.83,48.32],[16.91,48.32],[16.98,48.06],[16.49,47.99],[16.32,47.86],[16.3,47.53],[16.14,47.53],[16.12,47.07],[15.86,46.68],[15.86,46.55],[16.02,46.41],[15.93,46.28],[15.6,46.22],[15.68,45.96],[15.26,45.76],[15.34,45.5],[14.45,45.63],[14.28,45.37],[14.2,45.37],[14.19,45.04],[14.03,45.04],[13.95,45.04],[13.63,45.5],[13.71,45.5],[13.71,45.76],[13.14,45.82],[13.06,45.69],[12.98,45.82],[12.82,45.82],[12.74,45.82],[12.16,45.69],[12,45.56],[12,45.37],[12.16,45.37],[12.16,45.3],[12.16,45.17],[12.4,45.04],[12.4,44.78],[12.16,44.84],[12.15,44.45],[12.31,44.19],[12.87,43.8],[13.04,43.86],[13.03,43.73],[13.36,43.67],[13.67,43.41],[13.75,43.08],[13.99,42.95],[13.9,42.76],[14.06,42.5],[14.61,42.11],[14.69,42.11],[14.37,41.98],[14.12,41.72],[13.96,41.72],[13.8,41.85],[13.41,41.85],[13.33,41.98],[13.01,42.04],[12.62,42.43],[12.38,42.43],[12.3,43.08],[12.14,43.08],[12.22,43.41],[11.82,43.34],[11.82,43.21],[11.98,43.15],[12.06,42.76],[11.74,42.63],[11.57,42.37],[11.49,42.37],[11.26,42.43],[11.18,42.63],[11.02,42.63],[11.02,42.82],[10.54,43.08],[10.21,43.99],[9.89,43.99],[9.97,44.12],[9.73,44.12],[9.16,44.45],[8.43,44.39],[8.03,43.93],[7.63,43.8],[7.55,43.8],[7.63,44.19],[7.3,44.12],[6.9,44.32],[6.97,44.84],[6.64,44.97],[6.63,45.1],[7.04,45.24],[7.11,45.43],[7.36,45.56],[8.01,45.63],[7.92,46.02],[8.4,46.41],[8.31,47.01],[8.39,47.07],[8.31,47.14],[8.55,47.4],[8.55,47.53],[8.55,47.6],[7.48,47.6],[7.4,47.47],[7.15,47.47],[6.98,47.86],[6.81,47.93],[6.14,47.99],[5.82,47.86],[5.65,48.06],[5.48,48.06],[5.47,48.26],[5.31,48.32],[5.3,48.39],[4.88,48.52],[4.87,48.99],[5.03,49.12],[4.68,49.45],[4.58,49.91],[4.15,49.98],[4.07,49.98],[3.64,50.18],[3.64,50.31],[3.63,50.38],[3.55,50.38],[3.54,50.58],[4.03,50.78],[4.26,51.31],[3.5,51.25],[3.41,51.45],[3.49,51.45],[3.75,51.45],[3.41,51.51],[3.4,51.65],[3.74,51.65],[3.65,51.78],[3.82,51.78],[3.81,51.92],[3.98,51.92],[3.97,52.05],[4.22,52.18],[4.22,52.32],[4.46,52.52],[4.45,52.72],[4.7,52.99],[4.87,52.99],[4.88,52.79],[5.06,52.65],[5.14,52.79],[5.39,52.86],[5.39,52.99],[5.21,53.12],[5.54,53.39],[6.23,53.53],[6.92,53.46],[6.91,53.6],[7.08,53.73],[7.94,53.73],[8.03,53.66],[7.95,53.53],[8.12,53.53],[8.2,53.66],[8.38,53.66],[8.46,53.94],[8.89,53.87],[8.8,54.14],[8.8,54.21],[8.89,54.34],[9.15,54.21],[10.1,54.34],[10.1,54.27],[10.01,53.94],[10.19,53.87],[10.19,53.73],[10.36,53.66],[10.45,53.46],[10.79,53.39],[10.88,53.39],[11.13,53.26]]]]}},{"type":"Feature","properties":{"NAME":"Duchy of Benevento","C":8,"name":"Duchy of Benevento","start_year":990,"end_year":1009,"capital":"","type":"polity","region":"","event":"","source":"Cliopatria / Seshat Global History Databank (CC BY 4.0)","wikipedia":"Duchy of Benevento","wikidata":"Q267816","_a":2,"_c":[14.44,41.53],"_nz":"贝内文托公国","_sz":""},"geometry":{"type":"MultiPolygon","coordinates":[[[[13.95,41],[13.95,40.94],[13.87,40.94],[13.87,41],[13.95,41]]],[[[14.58,41],[13.95,41],[13.95,41.07],[14.11,41.07],[14.11,41.26],[13.79,41.2],[13.71,41.2],[13.71,41.26],[13.64,41.26],[13.56,41.26],[13.48,41.26],[13.4,41.26],[13.4,41.33],[13.87,41.33],[14.04,41.52],[13.96,41.72],[14.12,41.72],[14.37,41.98],[14.69,42.11],[14.77,42.11],[14.92,41.98],[15.17,42.04],[15.32,41.91],[15.4,41.91],[15.48,41.72],[15.31,41.59],[15.38,41],[14.66,41],[14.58,41]]]]}},{"type":"Feature","properties":{"NAME":"County of Toulouse","C":1,"name":"County of Toulouse","start_year":990,"end_year":1027,"capital":"","type":"polity","region":"","event":"","source":"Cliopatria / Seshat Global History Databank (CC BY 4.0)","wikipedia":"County of Toulouse","wikidata":"Q1334322","_a":4,"_c":[1.56,43.67],"_nz":"图卢兹伯国","_sz":""},"geometry":{"type":"Polygon","coordinates":[[[2.12,42.76],[1.96,42.82],[2.1,43.15],[1.85,43.28],[1.84,43.47],[2.4,43.54],[2.48,43.67],[2.15,43.73],[2.06,44.06],[1.73,44.12],[2.12,44.32],[2.2,44.52],[2.1,44.78],[1.45,44.84],[1.38,44.65],[1.06,44.52],[1.07,44.39],[0.91,44.32],[0.83,44.25],[0.92,44.19],[0.95,43.67],[0.64,43.47],[0.97,43.34],[0.81,43.21],[0.98,43.02],[0.99,42.82],[1.49,42.63],[1.57,42.63],[1.89,42.5],[2.12,42.69],[2.12,42.76]]]}},{"type":"Feature","properties":{"NAME":"Duchy of Gascony","C":0,"name":"Duchy of Gascony","start_year":990,"end_year":1017,"capital":"","type":"polity","region":"","event":"","source":"Cliopatria / Seshat Global History Databank (CC BY 4.0)","wikipedia":"Duchy of Gascony","wikidata":"Q2295939","_a":8,"_c":[-0.35,44.13],"_nz":"加斯科涅公国","_sz":""},"geometry":{"type":"Polygon","coordinates":[[[0.58,44.52],[0.34,44.45],[-0.24,44.65],[-0.18,44.91],[-0.1,44.91],[-0.11,45.17],[-0.77,45.24],[-0.87,45.5],[-1.04,45.56],[-1.03,45.5],[-1.19,45.43],[-1.17,45.17],[-1.25,45.17],[-1.21,44.52],[-1.29,44.52],[-1.27,44.25],[-1.35,44.25],[-1.32,43.86],[-1.4,43.86],[-1.46,43.54],[-1.69,43.41],[-1.69,43.34],[-0.96,43.34],[-0.86,42.95],[-0.12,42.76],[0.6,42.69],[0.67,42.82],[0.99,42.82],[0.98,43.02],[0.81,43.21],[0.97,43.34],[0.64,43.47],[0.95,43.67],[0.92,44.19],[0.83,44.25],[0.91,44.32],[0.58,44.52]]]}},{"type":"Feature","properties":{"NAME":"Kingdom of León","C":8,"name":"Kingdom of León","start_year":990,"end_year":1009,"capital":"","type":"polity","region":"","event":"","source":"Cliopatria / Seshat Global History Databank (CC BY 4.0)","wikipedia":"Kingdom of León","wikidata":"Q175276","_a":21,"_c":[-6.51,41.85],"_nz":"莱昂王国","_sz":""},"geometry":{"type":"Polygon","coordinates":[[[-5.73,43.54],[-7.18,43.54],[-7.34,43.6],[-7.28,43.73],[-8.24,43.73],[-8.39,43.6],[-8.37,43.41],[-8.85,43.41],[-9.16,43.28],[-9.3,43.15],[-9.28,42.89],[-9.1,42.76],[-9.08,42.56],[-8.66,42.37],[-8.96,42.17],[-8.74,40.87],[-8.73,40.81],[-8.26,40.81],[-7.87,40.94],[-7.23,40.87],[-7.22,40.74],[-6.89,40.55],[-6.79,40.36],[-6.47,40.36],[-6.41,40.48],[-6.09,40.55],[-5.91,40.29],[-5.6,40.36],[-5.33,39.97],[-5.02,39.97],[-4.71,40.03],[-4.72,40.16],[-4.48,40.16],[-4.04,40.55],[-3.88,40.55],[-3.73,40.68],[-3.74,40.87],[-4.51,41.52],[-4.46,41.85],[-4.16,42.11],[-4.21,42.69],[-4.29,42.69],[-4.43,43.41],[-4.51,43.41],[-5.65,43.54],[-5.73,43.54]]]}},{"type":"Feature","properties":{"NAME":"County of Blôis","C":1,"name":"County of Blôis","start_year":990,"end_year":1027,"capital":"","type":"polity","region":"","event":"","source":"Cliopatria / Seshat Global History Databank (CC BY 4.0)","wikipedia":"County of Blois","wikidata":"Q19336869","_a":3,"_c":[1.19,47.73],"_nz":"布卢瓦伯国","_sz":""},"geometry":{"type":"Polygon","coordinates":[[[1.32,47.07],[1.89,47.14],[1.77,47.86],[1.69,47.86],[1.73,48.46],[1.57,48.46],[1.39,48.65],[1.31,48.65],[1.31,48.59],[1.23,48.59],[1.14,48.59],[1.06,48.59],[1.06,48.52],[0.98,48.52],[0.82,48.46],[0.92,48.13],[1.28,47.8],[1.2,47.73],[1.3,47.47],[1.21,47.47],[1.13,47.47],[1.05,47.47],[0.97,47.47],[0.88,47.47],[0.8,47.47],[0.72,47.47],[0.49,47.2],[0.58,47.07],[1.17,46.81],[1.33,46.87],[1.32,47.01],[1.32,47.07]]]}},{"type":"Feature","properties":{"NAME":"Papal States","C":4,"name":"Papal States","start_year":990,"end_year":1033,"capital":"","type":"polity","region":"","event":"","source":"Cliopatria / Seshat Global History Databank (CC BY 4.0)","wikipedia":"Papal States","wikidata":"Q170174","_a":5,"_c":[12.77,42.37],"_nz":"教皇国","_sz":""},"geometry":{"type":"MultiPolygon","coordinates":[[[[11.57,42.37],[11.57,42.3],[11.49,42.3],[11.49,42.37],[11.57,42.37]]],[[[13.96,41.72],[14.04,41.52],[13.87,41.33],[13.4,41.33],[13.32,41.33],[13,41.33],[12.92,41.46],[12.6,41.52],[12.13,41.91],[12.13,42.04],[11.73,42.17],[11.65,42.37],[11.57,42.37],[11.74,42.63],[12.06,42.76],[11.98,43.15],[11.82,43.21],[11.82,43.34],[12.22,43.41],[12.14,43.08],[12.3,43.08],[12.38,42.43],[12.62,42.43],[13.01,42.04],[13.33,41.98],[13.41,41.85],[13.8,41.85],[13.96,41.72]]]]}},{"type":"Feature","properties":{"NAME":"Liao Dynasty","C":3,"name":"Liao Dynasty","start_year":990,"end_year":1039,"capital":"上京临潢府","type":"dynasty","region":"china","event":"","source":"Cliopatria / Seshat Global History Databank (CC BY 4.0)","wikipedia":"Liao dynasty","wikidata":"Q4958","_a":400,"_c":[119.05,43.64],"_nz":"辽","_sz":""},"geometry":{"type":"MultiPolygon","coordinates":[[[[118.92,47.8],[119.13,47.73],[119.12,47.6],[119.4,47.53],[119.39,47.4],[119.56,47.4],[119.55,47.27],[119.83,47.2],[119.79,47.14],[119.98,46.94],[119.89,46.81],[119.97,46.81],[119.89,46.68],[120,46.61],[119.92,46.48],[120.07,46.35],[119.98,46.22],[120.14,46.09],[120.05,45.96],[120.21,45.82],[120.13,45.69],[120.21,45.69],[120.28,45.43],[120.44,45.43],[120.55,45.1],[120.71,45.1],[120.75,44.91],[121.43,44.71],[121.38,44.65],[121.71,44.65],[121.67,44.58],[122.88,44.58],[122.87,44.45],[124.53,44.39],[124.49,44.32],[125.62,44.32],[127.34,44.58],[127.43,44.71],[127.71,44.65],[128.69,44.78],[129.42,45.24],[130.47,45.56],[131.96,45.82],[132.94,46.15],[133.19,46.15],[133.14,46.09],[133.53,45.96],[133.63,46.09],[133.91,46.02],[135.41,46.28],[135.68,46.41],[137.37,46.48],[138.43,46.68],[137.86,45.96],[136.72,45.1],[136.15,44.45],[135.99,44.45],[135.28,43.6],[134.22,43.02],[133.27,42.69],[132.95,42.69],[133,42.76],[132.56,42.82],[132.61,42.89],[132.21,42.89],[132.27,43.21],[132.1,43.08],[131.78,43.08],[131.91,43.28],[131.75,43.28],[131.23,42.63],[130.9,42.63],[130.61,42.3],[130.32,42.24],[129.78,41.78],[129.69,41.52],[129.88,41.2],[129.76,40.87],[129.24,40.68],[129.08,40.42],[128.68,40.29],[128.37,40.03],[127.93,39.97],[127.58,39.77],[127.67,39.64],[127.52,39.38],[127.48,39.32],[126.06,39.45],[125.35,39.32],[125.39,39.38],[125.31,39.51],[124.87,39.58],[124.86,39.71],[124.51,39.64],[124.34,39.9],[124.03,39.77],[123.6,39.84],[122.51,39.45],[122.17,39.26],[122.07,39.06],[121.72,39],[121.42,38.74],[121.03,38.74],[121.2,39.06],[121.52,39.06],[121.69,39.38],[121.3,39.38],[121.21,39.51],[121.28,39.64],[121.44,39.64],[121.5,39.9],[121.78,39.97],[122.23,40.48],[122.11,40.68],[121.83,40.74],[121.82,40.87],[121.11,40.87],[121,40.68],[120.65,40.48],[120.5,40.23],[119.38,39.77],[119.22,39.32],[118.45,39.06],[118.06,39.06],[118.05,39.19],[117.89,39.19],[117.61,38.8],[117.58,38.74],[116.62,38.55],[114.86,38.48],[114.89,38.55],[114.26,38.55],[114.03,38.87],[113.54,39],[113.58,39.06],[112.71,39.06],[111.8,38.8],[111.83,38.87],[111.38,39.06],[111.52,39.19],[111.39,39.26],[111.68,39.84],[112.48,40.61],[112.58,40.94],[111.27,40.87],[111.31,40.94],[110.83,40.94],[110.87,41],[109.79,41.07],[108.51,40.74],[107.41,40.61],[103.96,40.68],[103.99,40.74],[103.83,40.74],[103.64,41],[103.71,41.13],[103.24,41.78],[102.83,41.91],[102.81,42.04],[102,42.17],[101.86,42.37],[101.7,42.37],[101.69,42.5],[101.45,42.5],[101.48,42.56],[99.67,42.63],[99.85,42.82],[99.77,42.82],[99.87,43.02],[99.79,43.02],[99.94,43.47],[99.86,43.47],[100.05,43.99],[99.97,43.99],[100.04,44.12],[99.88,44.12],[100.1,44.39],[100,44.52],[100.16,45.1],[100.07,45.1],[100.21,45.37],[100.12,45.5],[100.95,46.41],[101.47,46.61],[101.55,46.74],[101.76,46.68],[102.52,46.87],[104.49,47.01],[104.57,47.14],[105.1,47.07],[107.28,47.27],[107.36,47.4],[108.35,47.4],[108.43,47.53],[108.64,47.47],[109.42,47.66],[110.29,47.73],[111.5,48.19],[112.41,48.32],[114.81,48.19],[115.2,48.52],[115.5,48.59],[115.44,48.39],[115.53,48.39],[115.52,48.26],[115.69,48.26],[115.78,48.39],[115.9,48.32],[117.38,48.79],[118,48.72],[118.03,48.52],[118.19,48.52],[118.18,48.39],[118.62,48.19],[118.65,47.99],[118.73,47.99],[118.72,47.86],[118.89,47.86],[118.84,47.8],[118.92,47.8]]],[[[121.79,44.65],[121.71,44.65],[121.75,44.71],[121.83,44.71],[121.79,44.65]]]]}},{"type":"Feature","properties":{"NAME":"Kingdom of Arles","C":9,"name":"Kingdom of Arles","start_year":990,"end_year":1009,"capital":"","type":"polity","region":"","event":"","source":"Cliopatria / Seshat Global History Databank (CC BY 4.0)","wikipedia":"Kingdom of Arles","wikidata":"Q3271735","_a":22,"_c":[6.24,45.57],"_nz":"阿尔勒王国","_sz":""},"geometry":{"type":"Polygon","coordinates":[[[8.55,47.6],[7.48,47.6],[7.4,47.47],[7.15,47.47],[6.98,47.86],[6.81,47.93],[6.14,47.99],[5.82,47.86],[5.82,47.8],[5.82,47.73],[5.74,47.73],[5.66,47.73],[5.66,47.66],[5.58,47.66],[5.59,47.14],[5.43,47.07],[5.44,46.94],[5.28,46.81],[5.03,46.74],[4.88,46.35],[4.48,46.09],[4.23,46.28],[4.23,46.41],[4.14,46.41],[4.15,46.35],[4.06,46.35],[3.98,46.35],[3.99,46.28],[4.08,46.02],[3.92,45.96],[3.93,45.63],[4.01,45.63],[3.94,45.37],[4.35,45.3],[4.36,45.1],[4.12,44.91],[3.96,44.91],[4.06,44.52],[4.47,44.32],[4.48,44.12],[4.73,43.93],[4.57,43.73],[4.41,43.73],[4.34,43.47],[4.42,43.47],[5.06,43.47],[5.39,43.41],[5.39,43.28],[5.63,43.28],[5.8,43.15],[6.28,43.15],[6.6,43.28],[6.67,43.47],[7.47,43.8],[7.55,43.8],[7.63,44.19],[7.3,44.12],[6.9,44.32],[6.97,44.84],[6.64,44.97],[6.63,45.1],[7.04,45.24],[7.11,45.43],[7.36,45.56],[8.01,45.63],[7.92,46.02],[8.4,46.41],[8.31,47.01],[8.39,47.07],[8.31,47.14],[8.55,47.4],[8.55,47.53],[8.55,47.6]]]}},{"type":"Feature","properties":{"NAME":"County of Pallars","C":6,"name":"County of Pallars","start_year":990,"end_year":1009,"capital":"","type":"polity","region":"","event":"","source":"Cliopatria / Seshat Global History Databank (CC BY 4.0)","wikipedia":"County of Pallars","wikidata":"Q1541787","_a":1,"_c":[1.05,42.36],"_nz":"帕利亚斯伯国","_sz":""},"geometry":{"type":"Polygon","coordinates":[[[0.6,42.69],[0.69,42.56],[0.64,42.04],[0.72,41.91],[1.12,41.91],[1.11,42.17],[1.49,42.63],[0.99,42.82],[0.67,42.82],[0.6,42.69]]]}},{"type":"Feature","properties":{"NAME":"Kingdom of Poland","C":10,"name":"Kingdom of Poland","start_year":990,"end_year":1002,"capital":"","type":"polity","region":"","event":"","source":"Cliopatria / Seshat Global History Databank (CC BY 4.0)","wikipedia":"Kingdom of Poland","wikidata":"Q577867","_a":54,"_c":[18.46,52.01],"_nz":"波兰王国","_sz":""},"geometry":{"type":"Polygon","coordinates":[[[19,54],[19.36,54.07],[19.46,54.34],[18.69,54.41],[18.45,54.68],[18.46,54.89],[17.5,54.89],[16.44,54.61],[15.99,54.27],[15.04,54.21],[14.51,54],[14.5,53.73],[13.81,53.87],[13.81,53.73],[13.98,53.6],[13.89,53.46],[14.06,53.39],[14.05,53.26],[14.23,53.26],[14.22,53.12],[14.05,53.06],[14.04,52.86],[14.55,52.65],[14.54,52.52],[14.46,52.52],[14.54,52.32],[14.54,52.25],[14.79,52.12],[15.21,52.12],[15.28,51.65],[15.53,51.65],[15.53,51.51],[15.69,51.38],[15.68,51.05],[15.93,50.98],[15.92,50.78],[16.09,50.65],[16.34,50.65],[16.42,50.51],[17.08,50.38],[17.33,50.18],[17.58,50.18],[17.66,50.05],[18.32,49.98],[18.32,49.85],[18.72,49.52],[19.05,49.45],[19.04,49.32],[19.29,49.32],[19.61,49.12],[20.12,49.25],[20.21,49.38],[20.96,49.32],[21.39,49.45],[21.39,49.52],[22.16,49.71],[22.26,49.91],[22.86,50.11],[22.95,50.11],[22.92,50.71],[23.09,50.78],[23.11,50.98],[23.02,50.98],[23.04,51.18],[22.88,51.25],[23,51.58],[22.67,51.71],[22.69,51.92],[22.35,51.92],[22.1,52.05],[22.29,52.25],[22.42,52.72],[22.34,52.79],[22.43,52.79],[22.65,53.26],[22.56,53.26],[22.3,53.26],[22.5,53.53],[22.17,53.66],[21.98,53.53],[21.82,53.6],[21.72,53.46],[21.38,53.53],[21.02,53.33],[20.58,53.26],[20.49,53.12],[19.97,53.12],[19.98,53.26],[19.56,53.39],[19.49,53.6],[18.98,53.66],[19,53.94],[19,54]]]}},{"type":"Feature","properties":{"NAME":"Oghuz Turks","C":10,"name":"Oghuz Turks","start_year":990,"end_year":1045,"capital":"无固定都城","type":"polity","region":"central_asia","event":"","source":"Cliopatria / Seshat Global History Databank (CC BY 4.0)","wikipedia":"Oghuz Khagan","wikidata":"Q2118293","_a":107,"_c":[57.59,44.37],"_nz":"乌古斯","_sz":""},"geometry":{"type":"MultiPolygon","coordinates":[[[[64.82,45.63],[62.58,46.02],[61.9,45.96],[61.78,46.09],[61.82,46.22],[61.43,46.28],[61.45,46.35],[61.7,46.87],[61.64,46.94],[61.23,46.94],[61.19,46.81],[61,46.74],[60.98,46.94],[60.57,46.94],[60.53,46.81],[60.12,46.81],[59.84,46.41],[59.49,46.35],[59.31,46.02],[58.64,45.96],[58.49,45.43],[58.27,45.24],[57.96,44.45],[58.04,44.45],[57.99,44.25],[58.07,44.25],[57.96,43.86],[58.19,43.8],[58.36,43.54],[58.34,43.47],[58.05,43.02],[57.96,42.37],[57.56,41.78],[57.46,41.39],[56.83,40.74],[54.39,40.81],[54.4,40.87],[54.67,41],[54.73,41.26],[54.09,41.59],[53.91,42.17],[53.19,42.17],[52.81,41.91],[52.8,41.52],[52.72,41.52],[52.49,41.91],[52.52,42.04],[52.44,42.04],[52.68,42.37],[52.79,42.82],[52.42,42.95],[51.94,42.95],[51.77,43.28],[51.44,43.21],[51.31,43.34],[51.32,43.73],[51.04,43.93],[51.07,44.06],[50.88,44.25],[50.19,44.45],[50.22,44.58],[50.4,44.65],[50.86,44.52],[51.42,44.52],[51.47,44.71],[51.02,44.84],[51.06,45.04],[51.47,45.37],[51.88,45.37],[52.09,45.24],[53.88,45.24],[53.81,44.97],[54.3,44.97],[54.36,45.24],[54.22,45.3],[54.29,45.56],[53.88,45.56],[53.67,45.37],[53.42,45.37],[53.06,45.56],[53.07,45.89],[53.25,45.96],[53.35,46.35],[53.27,46.35],[53.22,46.81],[53.24,46.87],[54.35,47.33],[54.68,47.33],[55.07,47.53],[56.38,47.8],[63.31,47.99],[64.09,47.86],[64.27,47.66],[64.43,47.66],[64.53,47.47],[64.76,47.4],[64.75,47.14],[64.83,47.14],[64.79,47.01],[64.87,47.01],[64.82,46.87],[64.94,46.74],[64.89,46.35],[64.98,46.35],[64.82,45.63]]],[[[53.17,45.96],[53.08,45.96],[53.1,46.02],[53.18,46.02],[53.17,45.96]]]]}},{"type":"Feature","properties":{"NAME":"Kievan Rus'","C":7,"name":"Kievan Rus'","start_year":990,"end_year":1017,"capital":"","type":"polity","region":"","event":"","source":"Cliopatria / Seshat Global History Databank (CC BY 4.0)","wikipedia":"Kievan Rus'","wikidata":"Q1108445","_a":328,"_c":[32.12,53.22],"_nz":"基辅罗斯","_sz":""},"geometry":{"type":"MultiPolygon","coordinates":[[[[36.78,45.1],[36.75,45.43],[37.22,45.3],[37.17,45.04],[36.94,45.1],[36.86,45.1],[36.78,45.1]]],[[[24.42,54.48],[24.51,54.48],[24.5,54.41],[24.41,54.41],[24.42,54.48]]],[[[39.29,60.42],[39.32,60.21],[39.74,60.07],[39.86,59.85],[40.28,59.71],[40.61,59.29],[41.02,59.16],[41.21,58.88],[41.39,58.88],[41.67,58.6],[41.63,58.46],[41.86,58.32],[41.82,58.18],[42.03,57.97],[41.97,57.77],[42.11,57.63],[42,56.94],[42.14,56.8],[42.04,56.46],[41.67,56.05],[41.59,55.77],[41.35,55.84],[41.14,55.7],[40.87,55.7],[40.68,55.63],[40.65,55.5],[39.68,55.5],[39.07,55.16],[38.99,54.82],[39.08,54.82],[39.03,54.61],[39.12,54.61],[38.95,54.27],[39.16,54.07],[39.18,53.8],[39.36,53.8],[39.55,53.53],[39.39,53.19],[39.47,53.19],[39.34,52.25],[39.41,52.18],[39.24,52.18],[39.2,51.98],[39.11,51.98],[38.91,51.45],[38.83,51.45],[38.86,51.18],[38.59,51.11],[38.23,50.58],[37.93,50.38],[37.9,50.18],[37.81,50.18],[37.87,50.05],[37.61,49.98],[37.39,49.71],[36.09,49.45],[35.42,49.45],[35.15,49.32],[31.4,49.38],[29.8,49.25],[29.4,49.38],[27.32,49.45],[26.24,48.79],[25.33,48.79],[25.18,48.99],[24.78,49.12],[24.71,49.25],[23.87,49.25],[23.97,49.38],[23.57,49.58],[23.58,49.71],[23.42,49.78],[23.43,49.91],[23.28,50.05],[23.1,49.98],[23.11,50.11],[23.03,50.11],[22.95,50.11],[22.92,50.71],[23.09,50.78],[23.11,50.98],[23.02,50.98],[23.04,51.18],[22.88,51.25],[23,51.58],[22.67,51.71],[22.69,51.92],[22.35,51.92],[22.1,52.05],[22.29,52.25],[22.42,52.72],[22.34,52.79],[22.43,52.79],[22.65,53.26],[22.73,53.26],[22.75,53.39],[22.92,53.46],[23.04,53.73],[23.42,54.07],[24.49,54.34],[24.59,54.48],[25.77,54.89],[26.16,55.16],[26.6,55.23],[26.71,55.36],[27.44,55.57],[28.03,55.98],[27.97,56.18],[28.06,56.18],[28.11,56.52],[27.96,56.66],[28.07,56.8],[27.91,56.94],[27.99,57.42],[27.9,57.42],[27.97,57.83],[27.88,57.83],[28.01,58.11],[27.85,58.25],[27.97,58.39],[27.72,58.53],[27.74,59.22],[28.04,59.36],[28.06,59.5],[27.88,59.5],[27.93,59.78],[28.29,59.78],[28.41,59.92],[28.85,59.85],[29.16,60.07],[29.15,60],[29.77,59.92],[29.76,59.85],[30.14,59.92],[30.38,59.78],[30.84,59.78],[31.1,60.21],[31.82,60.14],[31.98,60.49],[33.18,60.91],[35.36,61.19],[35.2,60.91],[35.57,60.91],[35.9,61.12],[36.08,61.12],[36.12,61.26],[36.43,61.41],[37.33,61.34],[37.31,61.26],[38.32,60.91],[38.38,60.77],[38.56,60.77],[38.87,60.56],[38.96,60.56],[38.94,60.49],[39.29,60.42]]],[[[27.89,56.8],[27.98,56.8],[27.97,56.73],[27.88,56.73],[27.89,56.8]]],[[[32.9,60.91],[32.99,60.91],[32.98,60.84],[32.89,60.84],[32.9,60.91]]],[[[38.34,60.98],[38.44,60.98],[38.42,60.91],[38.32,60.91],[38.34,60.98]]],[[[33.48,61.05],[33.58,61.05],[33.56,60.98],[33.47,60.98],[33.48,61.05]]]]}},{"type":"Feature","properties":{"NAME":"Northern Song","C":5,"name":"Northern Song","start_year":990,"end_year":1017,"capital":"","type":"polity","region":"","event":"","source":"Cliopatria / Seshat Global History Databank (CC BY 4.0)","wikipedia":"Song dynasty","wikidata":"Q7462","_a":454,"_c":[111.82,28.64],"_nz":"北宋","_sz":""},"geometry":{"type":"MultiPolygon","coordinates":[[[[110.18,18.48],[109.86,18.35],[109.84,18.22],[109.25,18.22],[109.12,18.35],[108.76,18.41],[108.64,18.54],[108.7,19.38],[109.2,19.7],[109.25,19.96],[110.16,20.09],[110.59,20.02],[110.61,20.15],[110.91,20.15],[111.09,19.89],[111.03,19.57],[110.88,19.57],[110.85,19.38],[110.68,19.25],[110.51,18.67],[110.19,18.54],[110.18,18.48]]],[[[117.6,38.48],[118.05,38.29],[118.07,38.16],[118.58,38.09],[118.65,38.22],[118.8,38.22],[118.77,38.16],[119.46,37.96],[119.39,37.84],[119.24,37.84],[118.98,37.32],[119.14,37.32],[119.16,37.19],[119.7,37.19],[119.83,37.45],[120.2,37.58],[120.19,37.71],[120.75,37.9],[121.11,37.84],[121.17,37.64],[121.48,37.64],[121.5,37.51],[122.15,37.58],[122.12,37.51],[122.71,37.45],[122.47,37.13],[122.57,37],[122.39,36.8],[121.91,36.93],[121.21,36.61],[120.98,36.61],[120.96,36.42],[120.73,36.42],[120.66,36.1],[120.32,36.03],[119.99,35.64],[119.62,35.52],[119.23,34.81],[119.46,34.81],[119.43,34.74],[119.71,34.68],[119.73,34.55],[120.34,34.36],[120.49,34.16],[120.55,33.59],[120.93,33.2],[120.92,32.62],[121.4,32.49],[121.5,32.17],[121.96,31.98],[121.94,31.72],[121.84,31.66],[121.96,31.59],[121.91,31.46],[121.58,31.4],[121.74,31.4],[122,31.08],[121.9,30.82],[121.52,30.82],[121.2,30.56],[121.05,30.56],[120.68,30.18],[120.81,30.12],[121.1,30.31],[121.48,30.31],[121.62,30.05],[122.03,29.92],[121.86,29.67],[122.02,29.67],[121.94,29.22],[121.71,29.22],[121.74,29.54],[121.57,29.47],[121.65,29.47],[121.54,29.15],[121.74,29.09],[121.71,28.77],[121.52,28.64],[121.65,28.57],[121.65,28.32],[121.15,28.19],[121.19,28.32],[121.12,28.32],[121.04,28.06],[120.87,27.99],[120.71,27.74],[120.66,27.54],[120.73,27.54],[120.55,27.16],[120.39,27.16],[120.25,26.9],[120.1,26.9],[120.06,26.77],[120.21,26.77],[120.16,26.58],[119.84,26.52],[119.94,26.32],[119.59,26.13],[119.78,26],[119.53,25.62],[119.9,25.62],[119.87,25.49],[119.47,25.36],[119.42,25.49],[119.27,25.49],[119.39,25.36],[119.34,25.16],[119.03,25.1],[119.07,24.97],[118.82,24.84],[118.76,24.59],[118.15,24.52],[118.08,24.2],[117.72,23.94],[117.69,23.81],[117.47,23.81],[117.18,23.49],[116.89,23.56],[116.78,23.36],[116.81,23.17],[116.59,23.17],[116.54,22.91],[115.7,22.79],[115.67,22.66],[115.37,22.66],[115.17,22.79],[114.9,22.53],[114.75,22.53],[114.64,22.72],[114.53,22.14],[114.37,22.08],[114,22.08],[114,22.46],[113.79,22.53],[113.75,22.72],[113.6,22.72],[113.7,22.46],[113.64,22.14],[113.42,22.14],[113.32,22.01],[113.11,22.08],[113.07,21.89],[112.77,21.89],[112.44,21.69],[111.86,21.76],[111.66,21.5],[110.98,21.44],[110.74,21.31],[110.72,21.18],[110.42,21.18],[110.48,21.11],[110.36,20.86],[110.62,20.6],[110.49,20.28],[109.88,20.21],[109.93,20.47],[109.79,20.54],[109.77,20.86],[109.7,20.86],[109.87,21.44],[109.81,21.5],[109.12,21.37],[109.09,21.63],[108.65,21.69],[108.56,21.56],[108.17,21.5],[108.1,21.5],[107.97,21.63],[107.59,21.56],[107.46,21.69],[107.24,21.69],[107.1,21.76],[107.12,21.89],[107.14,21.95],[108.08,22.27],[108.39,22.72],[108.16,23.11],[107.95,23.17],[107.85,23.43],[108.34,26.13],[108.26,26.13],[108.25,26.39],[107.97,26.45],[107.97,26.77],[106.9,27.03],[106.61,27.35],[106.46,27.35],[106.18,27.74],[106.21,28.12],[106.13,28.12],[106.24,28.25],[106.14,28.44],[105.52,28.38],[105.51,28.06],[105.13,27.74],[104.62,27.8],[104.43,27.67],[104.26,27.87],[104.64,28.44],[103.99,28.57],[103.86,28.38],[104,28.32],[103.96,28.19],[103.64,27.8],[103.45,27.67],[103.32,27.74],[103.29,27.61],[103.48,26.52],[103.46,26.45],[103.28,26.32],[102.91,26.32],[102.64,26.13],[102.19,26.13],[102.14,26.58],[101.66,26.77],[101.69,26.9],[101.61,26.9],[101.7,27.87],[101.62,27.87],[101.42,28.57],[101.44,28.64],[101.24,29.02],[101.2,29.41],[101.06,29.47],[101.06,29.73],[100.98,29.73],[101.06,29.99],[100.96,30.18],[101.02,30.37],[100.94,30.37],[101,30.56],[100.92,30.56],[101.06,31.01],[100.98,31.01],[101.69,32.75],[101.76,32.75],[102.55,33.26],[103.03,33.33],[103.33,33.52],[103.49,33.97],[103.36,34.23],[103.48,34.36],[103.67,35.07],[103.89,35.26],[104.64,35.58],[105.2,35.64],[105.85,35.9],[106.08,36.29],[105.82,36.61],[105.88,36.74],[105.7,36.87],[105.86,37.06],[105.08,37.45],[104.74,37.38],[104.72,37.51],[104.83,37.58],[104.54,37.64],[104.67,37.77],[105.06,37.77],[105.54,37.96],[106.09,37.96],[106.46,38.29],[106.49,38.35],[106.82,38.55],[107.44,38.55],[107.51,38.35],[107.9,38.35],[108.1,38.09],[109.08,37.84],[110.21,38.09],[110.67,38.42],[111.02,38.48],[111.16,38.93],[111.38,39.06],[111.83,38.87],[111.8,38.8],[112.71,39.06],[113.58,39.06],[113.54,39],[114.03,38.87],[114.26,38.55],[114.89,38.55],[114.86,38.48],[116.62,38.55],[117.58,38.74],[117.65,38.74],[117.6,38.48]]],[[[122.27,30.18],[122.28,29.99],[121.98,29.99],[122.02,30.12],[122.05,30.18],[122.27,30.18]]]]}},{"type":"Feature","properties":{"NAME":"County of Vexin","C":11,"name":"County of Vexin","start_year":990,"end_year":1065,"capital":"","type":"polity","region":"","event":"","source":"Cliopatria / Seshat Global History Databank (CC BY 4.0)","wikipedia":"Vexin","wikidata":"Q1476089","_a":2,"_c":[2.51,48.89],"_nz":"韦克辛伯国","_sz":""},"geometry":{"type":"MultiPolygon","coordinates":[[[[1.69,49.18],[1.77,49.18],[1.86,49.18],[1.94,49.18],[2.02,49.18],[2.11,49.18],[2.19,49.18],[2.13,48.85],[1.8,48.72],[1.73,48.46],[1.57,48.46],[1.39,48.65],[1.69,49.12],[1.69,49.18]]],[[[3.46,48.85],[3.03,48.99],[3.03,49.05],[2.95,49.05],[2.94,49.12],[3.11,49.12],[3.35,49.32],[3.6,49.32],[3.62,48.92],[3.54,48.85],[3.46,48.85]]]]}},{"type":"Feature","properties":{"NAME":"Fatimid Caliphate","C":7,"name":"Fatimid Caliphate","start_year":990,"end_year":1014,"capital":"","type":"polity","region":"","event":"","source":"Cliopatria / Seshat Global History Databank (CC BY 4.0)","wikipedia":"Fatimid Caliphate","wikidata":"Q160307","_a":889,"_c":[22.04,27.42],"_nz":"法蒂玛王朝","_sz":""},"geometry":{"type":"MultiPolygon","coordinates":[[[[10.85,35.64],[11.08,35.58],[11.08,35.39],[11.01,35.39],[11.08,35],[10.85,34.94],[10.85,34.81],[10.54,34.55],[10,34.29],[10.08,34.23],[10.01,33.91],[10.24,33.71],[10.54,33.71],[10.7,33.52],[11.08,33.59],[11.16,33.2],[11.46,33.2],[12.23,32.81],[12.61,32.88],[12.53,32.75],[12.84,32.75],[12.84,32.88],[13.3,32.94],[13.45,32.81],[13.76,32.88],[13.76,32.75],[14.07,32.75],[14.44,32.49],[14.67,32.56],[14.75,32.43],[15.06,32.43],[15.28,32.3],[15.42,31.66],[15.58,31.59],[15.65,31.4],[16.18,31.21],[16.86,31.21],[17.85,30.95],[18.22,30.76],[18.59,30.37],[18.9,30.37],[18.97,30.24],[19.66,30.37],[19.96,30.56],[19.97,30.69],[20.2,30.89],[20.13,31.14],[20.21,31.27],[20,31.59],[20.09,32.11],[20.02,32.24],[20.25,32.24],[20.33,32.49],[20.48,32.43],[20.56,32.56],[20.72,32.56],[20.64,32.69],[20.87,32.62],[21.11,32.81],[21.41,32.75],[21.88,32.94],[23.09,32.62],[23.08,32.36],[23.3,32.17],[23.68,32.17],[24.13,31.98],[24.89,31.98],[25.11,31.79],[25.1,31.59],[25.25,31.46],[26.85,31.46],[27.3,31.34],[27.51,31.14],[28.5,31.01],[28.87,30.82],[29.4,30.82],[29.49,31.01],[29.63,30.95],[29.87,31.08],[29.8,31.21],[29.88,31.27],[30.34,31.27],[30.27,31.4],[30.35,31.46],[30.81,31.46],[30.97,31.53],[30.97,31.66],[31.2,31.66],[31.12,31.53],[31.27,31.46],[31.88,31.46],[31.78,31.21],[31.94,31.27],[32,31.08],[32.3,31.08],[32.24,31.21],[32.39,31.21],[32.53,31.08],[32.77,31.14],[32.83,31.01],[33.75,31.08],[34.3,31.27],[34.31,31.4],[34.55,31.53],[34.64,31.72],[34.57,31.85],[34.81,31.98],[34.77,32.36],[35.02,32.62],[35.06,33.01],[35.22,33.07],[35.4,33.39],[35.35,33.65],[35.5,33.65],[35.45,33.91],[35.68,33.97],[35.64,34.36],[35.79,34.29],[36.22,34.68],[36.29,34.68],[36.58,34.42],[36.62,34.1],[36.9,33.84],[37.09,33.39],[37.32,33.39],[37.99,33.97],[38.14,33.97],[38.48,34.23],[39.12,34.49],[39.51,34.49],[39.73,34.36],[40.26,34.29],[40.4,34.16],[40.7,34.16],[40.91,33.97],[41.21,33.91],[41.27,33.78],[41.43,33.78],[41.49,33.65],[42,33.46],[42.06,33.33],[42.36,33.26],[42.43,31.85],[42.51,31.85],[42.47,31.53],[42.55,31.53],[42.68,30.69],[42.61,30.69],[41.5,30.24],[40.91,29.67],[40.73,29.28],[40.57,29.22],[40.31,28.83],[40.37,28.64],[40.22,28.64],[39.78,27.87],[39.75,27.48],[39.82,27.48],[39.7,26.84],[39.77,26.84],[39.76,26.64],[39.91,26.64],[39.82,26.45],[39.9,26.45],[39.88,26.26],[40.03,26.26],[39.94,26],[40.1,26.07],[40.13,25.49],[40.43,25.42],[40.34,25.29],[40.48,25.04],[40.62,24.97],[41.16,23.94],[41.51,23.56],[41.49,23.36],[41.76,22.85],[41.91,22.79],[42.04,22.4],[42.18,22.34],[42.24,22.08],[42.52,21.82],[42.58,21.56],[42.87,21.31],[43.13,20.79],[44.47,19.51],[44.46,19.31],[44.23,19.25],[44.28,18.8],[43.9,18.74],[43.9,18.61],[43.89,18.54],[43.51,18.22],[42.98,18.03],[42.66,17.71],[42.21,17.51],[42.14,17.51],[41.58,18.09],[41.45,18.48],[41.24,18.61],[41.25,18.86],[41.04,19.12],[40.99,19.44],[40.84,19.51],[40.85,19.7],[40.56,19.83],[40.14,20.28],[39.84,20.28],[39.35,20.79],[39.15,21.18],[39.17,21.63],[39.03,21.76],[39.14,22.53],[38.86,22.85],[38.87,23.04],[38.6,23.62],[38.03,24.14],[37.44,24.33],[37.39,24.65],[37.17,24.78],[37.18,24.91],[37.33,24.97],[37.27,25.23],[36.77,25.68],[36.72,26],[36.43,26.19],[36.16,26.77],[35.67,27.29],[35.61,27.54],[35.47,27.61],[35.41,27.87],[35.05,28.12],[34.59,28.06],[34.61,28.25],[34.85,28.57],[34.91,29.41],[34.75,29.28],[34.52,28.06],[34.36,27.93],[34.35,27.74],[34.12,27.74],[33.62,28.12],[33.55,28.32],[33.4,28.32],[33.19,28.51],[33.21,28.89],[32.86,29.22],[32.53,29.92],[32.43,29.6],[32.64,29.34],[32.69,28.96],[32.84,28.89],[33.11,28.38],[33.61,27.99],[33.59,27.61],[33.8,27.42],[33.93,27.03],[34.07,26.97],[34.05,26.58],[34.2,26.52],[34.46,25.87],[34.61,25.81],[35.15,24.65],[35.86,24.01],[35.85,23.88],[35.56,23.94],[35.55,23.81],[35.11,23.88],[33.76,23.69],[33.68,23.69],[33.39,23.81],[32.04,23.69],[31.67,23.75],[30.54,23.36],[30.46,23.36],[30.4,23.56],[30.1,23.75],[30.11,23.88],[29.96,23.88],[29.67,24.2],[28.57,24.65],[28.29,25.16],[28.24,25.94],[28.35,26.58],[28.27,26.58],[28.15,27.35],[27.94,27.54],[27.71,27.54],[27.79,27.67],[27.43,27.99],[27.28,27.93],[27.29,28.12],[27.14,28.25],[25.81,28.83],[25.44,29.09],[25.37,29.28],[25.15,29.28],[25,29.41],[24.85,29.34],[24.78,29.54],[24.33,29.67],[23.96,29.92],[22.45,30.05],[21.54,29.92],[19.77,29.22],[18.64,29.09],[18.04,29.34],[17.82,29.67],[17.44,29.86],[16.16,30.12],[15.1,30.56],[14.88,30.95],[14.65,31.08],[14.66,31.21],[13.98,31.79],[13.37,32.04],[13.22,32.04],[13.22,31.91],[12.99,31.98],[12.45,31.85],[11.77,32.17],[11.54,32.11],[11.46,32.3],[11.08,32.24],[11.16,32.43],[10.09,32.88],[9.86,32.81],[9.7,33.14],[9.24,33.52],[9.16,34.1],[8.93,34.1],[8.77,34.23],[8.08,34.23],[8,34.42],[7.61,34.55],[7.15,34.49],[6.92,34.61],[6.46,34.55],[6.15,34.68],[5.38,34.68],[5.15,34.55],[4.45,34.61],[3.84,34.42],[3.46,34.49],[3.15,34.36],[2.92,34.36],[2.45,34.61],[1.29,34.61],[0.68,34.42],[0.45,34.49],[0.3,34.36],[-0.31,34.36],[-0.39,34.36],[-0.17,34.55],[-0.2,35.26],[-0.06,35.52],[-0.07,35.84],[0.01,35.84],[0.38,36.22],[0.68,36.29],[0.68,36.42],[0.91,36.35],[1.22,36.55],[1.53,36.48],[2.38,36.67],[2.69,36.61],[2.84,36.74],[3.23,36.74],[3.46,36.87],[3.85,36.8],[4.24,36.93],[4.86,36.87],[5.1,36.67],[5.56,36.67],[5.64,36.8],[6.11,36.8],[6.1,36.93],[6.33,37.06],[6.8,36.87],[7.19,36.87],[7.35,37.06],[7.5,37.06],[7.74,36.87],[8.52,36.87],[8.9,37.13],[9.06,37.06],[9.37,37.25],[9.76,37.32],[9.99,37.19],[10.23,37.25],[10.23,37.06],[10.31,37.06],[10.23,36.8],[10.46,36.74],[11.01,37],[11.01,36.8],[10.46,36.42],[10.54,36.35],[10.46,35.9],[10.85,35.71],[10.85,35.64]]],[[[2.53,34.42],[2.53,34.49],[2.61,34.49],[2.61,34.42],[2.53,34.42]]],[[[14.57,35.97],[14.57,35.77],[14.34,35.84],[14.34,36.03],[14.42,36.03],[14.57,35.97]]]]}},{"type":"Feature","properties":{"NAME":"County of Flanders","C":4,"name":"County of Flanders","start_year":990,"end_year":1009,"capital":"","type":"polity","region":"","event":"","source":"Cliopatria / Seshat Global History Databank (CC BY 4.0)","wikipedia":"County of Flanders","wikidata":"Q157070","_a":4,"_c":[2.85,50.78],"_nz":"佛兰德伯国","_sz":""},"geometry":{"type":"Polygon","coordinates":[[[3.63,50.38],[3.55,50.38],[3.54,50.58],[4.03,50.78],[4.26,51.31],[3.5,51.25],[3.41,51.45],[3.32,51.45],[2.74,51.31],[2.58,51.18],[1.66,51.05],[1.5,50.91],[1.43,50.58],[1.78,50.45],[1.78,50.38],[2.55,50.11],[3.73,50.11],[3.73,50.18],[3.64,50.18],[3.64,50.25],[3.64,50.31],[3.63,50.38]]]}},{"type":"Feature","properties":{"NAME":"Western Xia","C":6,"name":"Western Xia","start_year":990,"end_year":1033,"capital":"兴庆府（今银川）","type":"dynasty","region":"china","event":"","source":"Cliopatria / Seshat Global History Databank (CC BY 4.0)","wikipedia":"Western Xia","wikidata":"Q7427","_a":21,"_c":[109.38,39.46],"_nz":"西夏","_sz":""},"geometry":{"type":"Polygon","coordinates":[[[111.52,39.19],[111.39,39.26],[111.68,39.84],[112.48,40.61],[112.58,40.94],[111.27,40.87],[111.31,40.94],[110.83,40.94],[110.87,41],[109.79,41.07],[108.51,40.74],[107.64,39.97],[107.19,39.19],[106.5,39.06],[106.17,38.67],[106.25,38.67],[106.52,38.42],[106.49,38.35],[106.82,38.55],[107.44,38.55],[107.51,38.35],[107.9,38.35],[108.1,38.09],[109.08,37.84],[110.21,38.09],[110.67,38.42],[111.02,38.48],[111.16,38.93],[111.38,39.06],[111.52,39.19]]]}},{"type":"Feature","properties":{"NAME":"County of Maine","C":9,"name":"County of Maine","start_year":990,"end_year":1045,"capital":"","type":"polity","region":"","event":"","source":"Cliopatria / Seshat Global History Databank (CC BY 4.0)","wikipedia":"Maine (province)","wikidata":"Q732738","_a":2,"_c":[0.05,47.97],"_nz":"曼恩伯国","_sz":""},"geometry":{"type":"Polygon","coordinates":[[[1.21,47.47],[1.3,47.47],[1.2,47.73],[1.28,47.8],[0.92,48.13],[0.44,47.99],[0.34,48.26],[0,48.32],[-0.09,48.46],[-0.58,48.32],[-1,48.39],[-1.04,47.86],[-1.2,47.8],[-1.19,47.6],[0.72,47.47],[0.8,47.47],[0.88,47.47],[0.97,47.47],[1.05,47.47],[1.13,47.47],[1.21,47.47]]]}},{"type":"Feature","properties":{"NAME":"County of Vermandois","C":7,"name":"County of Vermandois","start_year":990,"end_year":1033,"capital":"","type":"polity","region":"","event":"","source":"Cliopatria / Seshat Global History Databank (CC BY 4.0)","wikipedia":"Vermandois","wikidata":"Q26385","_a":4,"_c":[2.8,49.72],"_nz":"韦尔芒杜瓦伯国","_sz":""},"geometry":{"type":"Polygon","coordinates":[[[3.98,50.05],[3.9,50.05],[3.82,50.05],[3.81,50.11],[3.73,50.11],[2.55,50.11],[1.78,50.38],[1.79,50.25],[1.45,50.38],[1.45,50.31],[1.45,50.25],[1.82,49.78],[1.77,49.18],[1.86,49.18],[1.94,49.18],[2.02,49.18],[2.11,49.18],[2.19,49.18],[2.44,49.18],[2.61,49.05],[2.94,49.12],[3.11,49.12],[3.35,49.32],[3.6,49.32],[3.85,49.38],[3.84,49.58],[4.08,49.71],[4.15,49.98],[4.07,49.98],[3.99,49.98],[3.98,50.05]]]}},{"type":"Feature","properties":{"NAME":"Caliphate of Córdoba","C":0,"name":"Caliphate of Córdoba","start_year":990,"end_year":1009,"capital":"","type":"polity","region":"","event":"","source":"Cliopatria / Seshat Global History Databank (CC BY 4.0)","wikipedia":"Caliphate of Córdoba","wikidata":"Q171740","_a":155,"_c":[-2.63,36.92],"_nz":"科尔多瓦哈里发国","_sz":""},"geometry":{"type":"MultiPolygon","coordinates":[[[[-3.42,34.81],[-3.12,34.94],[-2.42,34.94],[-2.2,35.07],[-2.12,35.07],[-1.36,35.26],[-1.14,35.45],[-1.22,35.64],[-1.07,35.58],[-0.92,35.71],[-0.15,35.84],[-0.07,35.84],[-0.06,35.52],[-0.2,35.26],[-0.17,34.55],[-0.39,34.36],[-0.47,34.36],[-0.83,33.91],[-0.99,33.91],[-1.28,33.59],[-1.58,33.46],[-1.57,33.33],[-1.88,33.33],[-2.54,32.81],[-3.6,32.49],[-3.82,32.3],[-3.97,32.36],[-4.27,32.17],[-5.4,31.85],[-5.39,31.72],[-5.7,31.79],[-6.59,31.46],[-7.73,31.34],[-7.74,31.46],[-7.89,31.46],[-7.97,31.59],[-8.05,31.59],[-7.91,31.85],[-7.62,32.04],[-7.63,32.24],[-7.42,32.49],[-7.44,32.81],[-7.37,32.81],[-7.56,33.39],[-7.79,33.46],[-7.8,33.59],[-7.73,33.59],[-7.13,33.84],[-7.06,33.97],[-6.9,33.91],[-6.61,34.16],[-6.7,34.29],[-6.47,34.36],[-6.48,34.49],[-6.33,34.55],[-6.28,34.87],[-6.2,34.87],[-6.29,35.07],[-6.13,35],[-6.15,35.19],[-6,35.32],[-5.88,35.77],[-5.34,35.84],[-5.24,35.52],[-4.91,35.26],[-4.53,35.26],[-4.45,35.26],[-4.51,34.94],[-3.73,34.87],[-3.65,34.87],[-3.42,34.81]]],[[[1.65,39.13],[1.66,39],[1.43,38.8],[1.27,38.8],[1.18,39.06],[1.26,39.13],[1.34,39.13],[1.65,39.13]]],[[[1.37,41.85],[1.37,41.78],[1.45,41.78],[1.45,41.72],[1.79,41.26],[1.71,41.26],[1.24,41.2],[0.7,40.94],[0.71,40.68],[0.47,40.61],[0.25,40.42],[0.18,40.16],[-0.2,39.97],[-0.35,39.71],[-0.31,39.13],[0.1,38.74],[-0.66,38.29],[-0.8,38.03],[-0.7,37.64],[-1.71,37.45],[-1.62,37.32],[-1.86,37.32],[-2.06,36.8],[-2.53,36.87],[-2.68,36.74],[-4.47,36.74],[-4.69,36.55],[-5.23,36.48],[-5.29,36.22],[-5.52,36.16],[-5.58,36.03],[-5.83,36.22],[-6.06,36.22],[-6.33,36.67],[-6.35,36.93],[-6.59,37],[-6.84,37.25],[-7.47,37.25],[-7.45,37.13],[-7.68,37],[-8.07,37],[-8.31,37.13],[-8.7,37.13],[-9,37],[-8.9,37.58],[-8.82,37.58],[-8.82,38.48],[-9.21,38.42],[-9.23,38.67],[-9.38,38.61],[-9.55,38.74],[-9.57,38.93],[-9.43,39.06],[-9.39,39.45],[-9.16,39.51],[-9.1,39.77],[-9.03,39.77],[-8.93,40.36],[-8.85,40.36],[-8.87,40.61],[-8.73,40.74],[-8.73,40.81],[-8.26,40.81],[-7.87,40.94],[-7.23,40.87],[-7.22,40.74],[-6.89,40.55],[-6.79,40.36],[-6.47,40.36],[-6.41,40.48],[-6.09,40.55],[-5.91,40.29],[-5.6,40.36],[-5.33,39.97],[-5.02,39.97],[-4.71,40.03],[-4.72,40.16],[-4.48,40.16],[-4.04,40.55],[-3.88,40.55],[-3.73,40.68],[-3.74,40.87],[-3.52,41.07],[-3.36,41.07],[-3.22,41.26],[-2.35,41.33],[-2.12,41.52],[-2.13,41.65],[-1.82,41.78],[-1.78,42.3],[-1.78,42.43],[-1.14,42.37],[-1.07,42.5],[-0.75,42.5],[-0.65,42.24],[-0.49,42.24],[0.07,42.11],[0.16,41.98],[0.64,42.04],[0.72,41.91],[1.12,41.91],[1.2,41.91],[1.21,41.85],[1.29,41.85],[1.37,41.85]]],[[[3.2,39.84],[3.52,39.77],[3.3,39.32],[2.82,39.32],[2.66,39.51],[2.35,39.45],[2.34,39.64],[2.88,39.97],[2.96,39.97],[3.19,39.97],[3.2,39.84]]],[[[4.3,39.84],[3.83,39.9],[3.74,40.1],[3.82,40.1],[4.22,40.1],[4.3,39.84]]]]}},{"type":"Feature","properties":{"NAME":"Principality of Capua","C":1,"name":"Principality of Capua","start_year":990,"end_year":1009,"capital":"","type":"polity","region":"","event":"","source":"Cliopatria / Seshat Global History Databank (CC BY 4.0)","wikipedia":"Principality of Capua","wikidata":"Q1280122","_a":0,"_c":[13.95,41.17],"_nz":"卡普阿公国","_sz":""},"geometry":{"type":"Polygon","coordinates":[[[13.79,41.13],[13.87,41.13],[13.95,41.13],[13.95,41.07],[14.11,41.07],[14.11,41.26],[13.79,41.2],[13.79,41.13]]]}},{"type":"Feature","properties":{"NAME":"County of Rouergue","C":5,"name":"County of Rouergue","start_year":990,"end_year":1039,"capital":"","type":"polity","region":"","event":"","source":"Cliopatria / Seshat Global History Databank (CC BY 4.0)","wikipedia":"Rouergue","wikidata":"Q590016","_a":6,"_c":[3.23,43.8],"_nz":"鲁埃格伯国","_sz":""},"geometry":{"type":"Polygon","coordinates":[[[4.34,43.47],[4.41,43.73],[4.57,43.73],[4.73,43.93],[4.48,44.12],[4.47,44.32],[4.06,44.52],[3.81,44.52],[3.58,44.32],[3.59,44.19],[3.34,44.19],[3.08,44.58],[2.75,44.84],[2.58,44.84],[2.52,44.58],[2.2,44.52],[2.12,44.32],[1.73,44.12],[2.06,44.06],[2.15,43.73],[2.48,43.67],[2.4,43.54],[1.84,43.47],[1.85,43.28],[2.1,43.15],[1.96,42.82],[2.12,42.76],[2.99,43.02],[2.99,43.08],[3.14,43.28],[3.62,43.41],[3.85,43.6],[4.17,43.6],[4.26,43.47],[4.34,43.47]]]}},{"type":"Feature","properties":{"NAME":"Kingdom of Denmark","C":6,"name":"Kingdom of Denmark","start_year":990,"end_year":1002,"capital":"","type":"polity","region":"","event":"","source":"Cliopatria / Seshat Global History Databank (CC BY 4.0)","wikipedia":"Danish Realm","wikidata":"Q756617","_a":29,"_c":[12.04,55.99],"_nz":"丹麦王国","_sz":""},"geometry":{"type":"MultiPolygon","coordinates":[[[[15.07,55.02],[14.64,55.09],[14.64,55.29],[14.99,55.23],[15.08,55.23],[15.07,55.02]]],[[[10.36,55.77],[10.45,55.98],[10.63,55.98],[10.63,55.77],[10.54,55.77],[10.36,55.77]]],[[[10.36,56.11],[10.37,56.25],[10.28,56.25],[10.28,55.98],[10.01,55.91],[9.93,55.7],[9.75,55.7],[9.75,55.57],[10.63,55.63],[10.63,55.5],[10.8,55.43],[10.88,54.95],[10.71,54.75],[10.54,54.75],[10.54,55.02],[9.93,55.09],[10.01,55.02],[9.93,54.55],[10.19,54.55],[10.19,54.34],[10.1,54.34],[9.15,54.21],[8.89,54.34],[8.8,54.21],[8.72,54.21],[8.54,54.27],[8.54,54.41],[8.8,54.48],[8.8,54.61],[8.53,54.82],[8.44,55.23],[8.53,55.23],[8.53,55.36],[8.35,55.5],[8.09,55.5],[8.09,55.63],[8,55.63],[8.08,56.11],[7.99,56.11],[7.98,56.66],[8.24,56.73],[8.15,56.87],[8.24,56.87],[8.24,57.01],[8.5,57.21],[9.39,57.21],[9.66,57.42],[9.66,57.56],[9.83,57.56],[9.92,57.7],[10.46,57.77],[10.55,57.28],[10.28,57.08],[10.28,56.59],[10.9,56.52],[10.81,56.18],[10.54,56.18],[10.54,56.11],[10.36,56.11]]],[[[14.77,56.18],[14.76,55.98],[14.32,55.98],[14.23,55.91],[14.3,55.36],[12.81,55.36],[12.73,55.5],[12.9,55.57],[12.91,55.77],[12.56,55.98],[12.56,55.7],[12.2,55.57],[12.38,55.43],[12.37,55.23],[12.11,55.16],[12.1,54.75],[10.88,54.75],[10.97,55.02],[11.67,54.89],[11.67,55.09],[11.5,55.23],[10.97,55.29],[11.06,55.57],[10.89,55.63],[10.89,55.77],[11.24,55.84],[11.33,56.05],[11.6,56.05],[11.77,55.84],[11.86,56.11],[12.48,56.18],[12.48,56.32],[12.66,56.32],[12.57,56.52],[12.75,56.52],[12.75,56.66],[12.4,56.8],[12.41,56.94],[12.14,57.08],[12.06,57.35],[11.79,57.42],[11.79,57.56],[11.8,57.63],[11.98,57.77],[12.33,57.77],[12.42,57.63],[12.6,57.63],[12.59,57.49],[13.12,57.14],[13.12,57.01],[13.29,56.94],[13.46,56.59],[15.93,56.52],[16.1,56.39],[16.09,56.32],[15.82,56.11],[14.77,56.18]]]]}},{"type":"Feature","properties":{"NAME":"County of Berga","C":6,"name":"County of Berga","start_year":990,"end_year":1002,"capital":"","type":"polity","region":"","event":"","source":"Cliopatria / Seshat Global History Databank (CC BY 4.0)","wikipedia":"Berga","wikidata":"Q15487","_a":1,"_c":[2.12,42.17],"_nz":"贝尔加伯国","_sz":""},"geometry":{"type":"Polygon","coordinates":[[[1.61,41.78],[1.53,41.78],[1.45,41.78],[1.37,41.78],[1.37,41.85],[1.75,42.17],[1.81,42.5],[1.89,42.5],[2.05,42.56],[2.3,42.43],[2.38,42.43],[2.86,42.43],[2.86,42.3],[2.54,42.3],[2.15,42.04],[2.07,42.04],[1.69,41.78],[1.61,41.78]]]}},{"type":"Feature","properties":{"NAME":"Old Kingdom of Norway","C":1,"name":"Old Kingdom of Norway","start_year":990,"end_year":1002,"capital":"","type":"polity","region":"","event":"","source":"Cliopatria / Seshat Global History Databank (CC BY 4.0)","wikipedia":"Norway","wikidata":"Q202266","_a":424,"_c":[5.89,61.93],"_nz":"挪威早期王国","_sz":""},"geometry":{"type":"MultiPolygon","coordinates":[[[[-4.86,54.07],[-4.8,54.27],[-4.81,54.34],[-4.38,54.41],[-4.36,54.21],[-4.86,54.07]]],[[[-5.57,55.57],[-5.55,55.36],[-5.89,55.29],[-5.92,55.5],[-5.76,55.63],[-5.78,55.77],[-5.44,55.84],[-5.43,55.77],[-5.16,55.77],[-5.12,55.43],[-5.38,55.43],[-5.57,55.57]]],[[[-5.87,55.84],[-6.13,55.77],[-6.19,55.57],[-6.36,55.57],[-6.38,55.7],[-6.63,55.63],[-6.51,55.98],[-6.07,55.98],[-5.91,56.11],[-5.92,56.18],[-5.74,56.18],[-5.72,55.98],[-5.89,55.98],[-5.87,55.84]]],[[[-5.36,55.91],[-5.3,56.11],[-4.93,56.05],[-4.93,55.98],[-5,55.84],[-5.35,55.84],[-5.36,55.91]]],[[[-5.99,56.66],[-5.88,56.52],[-5.7,56.52],[-5.68,56.39],[-5.94,56.32],[-6.03,56.32],[-6.29,56.32],[-6.23,56.52],[-6.34,56.66],[-5.99,56.66]]],[[[-7.25,57.42],[-7.23,57.28],[-7.32,57.28],[-7.29,57.08],[-7.47,57.08],[-7.6,57.35],[-7.25,57.42]]],[[[-6.09,57.35],[-5.81,57.28],[-5.78,57.08],[-6.04,57.01],[-6.06,57.14],[-6.41,57.14],[-6.62,57.35],[-6.8,57.35],[-6.74,57.56],[-6.47,57.56],[-6.48,57.63],[-6.5,57.77],[-6.22,57.7],[-6.09,57.35]]],[[[-7.11,57.63],[-7.44,57.49],[-7.56,57.7],[-7.12,57.7],[-7.11,57.63]]],[[[-6.39,58.18],[-6.52,57.9],[-7.13,57.77],[-7.07,57.97],[-7.28,58.18],[-6.85,58.32],[-6.76,58.32],[-6.79,58.46],[-6.26,58.53],[-6.21,58.18],[-6.39,58.18]]],[[[-5.47,58.04],[-5.42,58.32],[-5.24,58.32],[-5.26,58.46],[-5.17,58.46],[-5.2,58.67],[-3.04,58.67],[-3.02,58.53],[-3.43,58.18],[-4.12,57.97],[-4.11,57.9],[-4.82,57.83],[-4.9,57.83],[-5.26,57.83],[-5.46,57.97],[-5.47,58.04]]],[[[-3.38,59.22],[-3.2,59.22],[-3.09,59.09],[-2.81,59.02],[-2.79,58.88],[-2.97,58.88],[-3.06,58.88],[-3.42,58.81],[-3.53,59.02],[-3.44,59.02],[-3.38,59.22]]],[[[-2.56,59.22],[-2.65,59.22],[-2.64,59.16],[-2.83,59.16],[-2.84,59.29],[-2.58,59.36],[-2.56,59.22]]],[[[-0.81,60.63],[-1.16,60.56],[-1.05,60.35],[-1.14,60.35],[-1.2,60.07],[-1.67,60.21],[-1.63,60.63],[-1.36,60.7],[-1.35,60.56],[-1.26,60.56],[-1.28,60.77],[-0.83,60.84],[-0.81,60.63]]],[[[17.29,68.5],[17.27,68.27],[17.06,68.12],[17.16,68.12],[17.15,68.05],[17.05,68.05],[17.04,67.97],[16.94,67.97],[16.94,67.89],[16.84,67.89],[16.83,67.82],[16.74,67.82],[16.74,67.89],[16.64,67.82],[16.43,67.74],[16.53,67.74],[16.53,67.67],[16.43,67.67],[16.43,67.74],[16.23,67.67],[16.32,67.52],[15.72,67.37],[15,66.77],[14.8,66.77],[13.79,65.96],[13.6,65.96],[13.2,65.66],[13.19,65.3],[13.38,65.22],[13.27,65.08],[13.37,65.08],[13.46,64.79],[14.02,64.57],[14.2,64.42],[14.2,64.28],[14.19,64.2],[14,64.13],[13.9,63.91],[13.42,63.77],[13.13,63.48],[12.94,63.48],[12.65,63.26],[12.64,63.12],[12.26,62.69],[12.24,62.05],[12.52,61.76],[12.51,61.69],[12.88,61.41],[12.87,61.34],[12.68,61.12],[12.31,60.98],[12.31,60.77],[12.49,60.7],[12.48,60.49],[12.58,60.49],[12.38,60.07],[11.92,59.92],[11.92,59.43],[12.01,59.43],[12,58.88],[12.09,58.88],[12.16,58.18],[11.89,57.97],[11.71,57.97],[11.71,58.04],[11.45,58.11],[11.36,58.39],[11.18,58.39],[11.1,59.16],[10.83,59.16],[10.56,59.36],[10.56,59.64],[10.37,59.5],[10.47,59.43],[10.37,59.16],[10.19,59.16],[10.01,58.95],[9.65,59.02],[9.56,58.88],[9.38,58.88],[9.38,58.74],[9.11,58.74],[9.11,58.6],[8.93,58.6],[8.67,58.32],[7.6,57.97],[6.61,58.04],[6.52,58.25],[5.7,58.46],[5.51,58.6],[5.5,59.02],[5.95,59.02],[6.03,59.36],[5.84,59.43],[5.85,59.29],[5.21,59.29],[5.28,59.78],[5.19,59.78],[5.18,60],[5.45,60.14],[5.26,60.28],[4.9,60.21],[4.89,60.42],[5.16,60.49],[4.95,61.05],[5.13,61.19],[5.03,61.19],[4.93,61.48],[5.2,61.62],[4.92,61.62],[4.91,61.76],[5.19,61.9],[5.08,62.26],[5.45,62.19],[5.44,62.4],[5.72,62.4],[5.73,62.19],[5.92,62.19],[5.91,62.4],[6.56,62.47],[6.64,62.76],[7.4,62.62],[7.39,62.76],[6.92,62.83],[6.92,63.05],[7.95,63.05],[7.94,63.19],[8.23,63.19],[8.22,63.34],[7.75,63.34],[7.84,63.55],[8.22,63.48],[8.5,63.7],[9.07,63.7],[8.98,63.48],[9.26,63.41],[9.35,63.62],[9.54,63.62],[9.54,63.91],[9.92,63.99],[9.92,64.13],[10.3,64.28],[10.3,64.42],[10.87,64.64],[11.16,64.64],[11.35,64.49],[11.44,64.57],[11.35,64.86],[11.45,64.86],[11.45,65],[11.74,65.08],[11.84,65.22],[12.13,65.15],[12.04,65.44],[12.13,65.44],[12.14,65.59],[12.53,65.74],[12.53,65.88],[12.34,65.88],[12.44,66.11],[12.34,66.11],[12.35,66.25],[12.64,66.25],[12.63,66.11],[12.82,66.03],[12.93,66.25],[13.12,66.25],[12.94,66.62],[13.23,66.62],[13.24,66.77],[13.63,66.77],[13.54,67],[13.64,67.07],[14.13,67.07],[14.44,67.3],[14.55,67.52],[14.95,67.67],[15.07,67.97],[15.36,67.97],[15.58,68.27],[15.88,68.27],[15.88,68.35],[15.09,68.42],[14.98,68.27],[14.19,68.2],[14.19,68.35],[14.4,68.5],[14.9,68.57],[14.91,68.73],[14.41,68.65],[14.52,68.88],[15.13,69.11],[15.13,69.03],[15.33,69.03],[15.32,68.8],[15.52,68.8],[15.44,69.18],[15.75,69.33],[16.15,69.33],[16.14,69.18],[15.94,69.11],[15.92,68.88],[16.62,68.88],[16.61,68.73],[17.21,68.8],[17.23,69.03],[17.33,69.03],[17.32,68.88],[17.52,68.88],[17.65,69.18],[17.04,69.11],[16.96,69.33],[16.86,69.33],[16.87,69.49],[17.89,69.64],[17.98,69.49],[18.58,69.49],[18.59,69.56],[18.19,69.56],[18.31,69.79],[18.92,69.79],[18.79,69.56],[19.38,69.41],[19.16,69.26],[18.65,69.18],[18.43,68.95],[18.02,68.88],[17.91,68.8],[18,68.65],[17.9,68.65],[17.6,68.65],[17.59,68.5],[17.29,68.5]],[[17.06,68.12],[16.95,68.05],[17.05,68.05],[17.06,68.12]],[[16.95,68.04],[16.85,67.97],[16.94,67.97],[16.95,68.04]],[[16.85,67.97],[16.74,67.89],[16.84,67.89],[16.85,67.97]]],[[[16.42,67.59],[16.32,67.59],[16.33,67.67],[16.43,67.67],[16.42,67.59]]],[[[16.74,67.82],[16.73,67.74],[16.63,67.74],[16.64,67.82],[16.74,67.82]]],[[[12.79,68.05],[12.89,68.05],[12.89,68.12],[13.19,68.12],[13.19,67.97],[12.79,67.89],[12.79,68.05]]],[[[13.59,68.12],[13.58,68.05],[13.39,68.05],[13.39,68.12],[13.39,68.2],[13.7,68.42],[14.1,68.42],[14.09,68.2],[13.59,68.12]]]]}},{"type":"Feature","properties":{"NAME":"Principality of Salerno","C":3,"name":"Principality of Salerno","start_year":990,"end_year":1045,"capital":"","type":"polity","region":"","event":"","source":"Cliopatria / Seshat Global History Databank (CC BY 4.0)","wikipedia":"Principality of Salerno","wikidata":"Q1065299","_a":1,"_c":[15.05,40.52],"_nz":"萨莱诺公国","_sz":""},"geometry":{"type":"Polygon","coordinates":[[[15.12,40.23],[14.96,40.29],[14.97,40.61],[14.81,40.68],[14.73,40.68],[14.74,40.81],[14.58,40.81],[14.5,41],[14.58,41],[14.66,41],[15.38,41],[15.54,41],[15.44,40.42],[15.52,40.42],[15.59,40.03],[15.51,40.03],[15.2,40.23],[15.12,40.23]]]}},{"type":"Feature","properties":{"NAME":"County of Champagne","C":5,"name":"County of Champagne","start_year":990,"end_year":1002,"capital":"","type":"polity","region":"","event":"","source":"Cliopatria / Seshat Global History Databank (CC BY 4.0)","wikipedia":"County of Champagne","wikidata":"Q546266","_a":7,"_c":[4.31,48.79],"_nz":"香槟伯国","_sz":""},"geometry":{"type":"Polygon","coordinates":[[[5.31,48.32],[5.47,48.26],[5.48,48.06],[5.65,48.06],[5.82,47.86],[5.82,47.8],[5.82,47.73],[5.74,47.73],[5.66,47.73],[5.66,47.66],[5.58,47.66],[5.25,47.6],[4.82,47.99],[4.57,47.99],[4.58,47.86],[4.34,47.66],[4.17,47.66],[3.92,47.86],[3.82,48.19],[3.74,48.19],[3.48,48.46],[3.06,48.52],[2.88,48.65],[2.79,48.85],[3.03,48.99],[3.46,48.85],[3.54,48.85],[3.62,48.92],[3.6,49.32],[3.85,49.38],[3.84,49.58],[4.08,49.71],[4.15,49.98],[4.58,49.91],[4.68,49.45],[5.03,49.12],[4.87,48.99],[4.88,48.52],[5.3,48.39],[5.31,48.32]]]}},{"type":"Feature","properties":{"NAME":"County of Anjou","C":4,"name":"County of Anjou","start_year":990,"end_year":1045,"capital":"","type":"polity","region":"","event":"","source":"Cliopatria / Seshat Global History Databank (CC BY 4.0)","wikipedia":"County of Anjou","wikidata":"Q2991084","_a":2,"_c":[-0.33,47.24],"_nz":"安茹伯国","_sz":""},"geometry":{"type":"Polygon","coordinates":[[[0.18,46.94],[-1.05,46.87],[-1.39,47.01],[-1.32,47.2],[-1.16,47.27],[-1.19,47.6],[0.72,47.47],[0.49,47.2],[0.58,47.07],[0.58,47.01],[0.5,47.01],[0.42,47.01],[0.34,47.01],[0.34,46.94],[0.26,46.94],[0.18,46.94]]]}},{"type":"Feature","properties":{"NAME":"Duchy of Aquitaine","C":7,"name":"Duchy of Aquitaine","start_year":990,"end_year":1002,"capital":"","type":"polity","region":"","event":"","source":"Cliopatria / Seshat Global History Databank (CC BY 4.0)","wikipedia":"Duchy of Aquitaine","wikidata":"Q7703611","_a":20,"_c":[1.08,45.7],"_nz":"阿基坦公国","_sz":""},"geometry":{"type":"Polygon","coordinates":[[[3.98,46.35],[4.06,46.35],[4.15,46.35],[4.14,46.41],[4.23,46.41],[4.05,46.68],[3.06,46.81],[2.8,47.01],[2.79,47.2],[1.89,47.14],[1.32,47.07],[1.32,47.01],[1.33,46.87],[1.17,46.81],[0.58,47.07],[0.58,47.01],[0.5,47.01],[0.42,47.01],[0.34,47.01],[0.34,46.94],[0.26,46.94],[0.18,46.94],[-1.05,46.87],[-1.39,47.01],[-2.13,47.01],[-2.21,47.01],[-2.19,46.81],[-1.67,46.35],[-1.25,46.28],[-1.22,45.89],[-1.14,45.89],[-1.21,45.76],[-1.04,45.63],[-1.04,45.56],[-0.87,45.5],[-0.77,45.24],[-0.11,45.17],[-0.1,44.91],[-0.18,44.91],[-0.24,44.65],[0.34,44.45],[0.58,44.52],[0.91,44.32],[1.07,44.39],[1.06,44.52],[1.38,44.65],[1.45,44.84],[2.1,44.78],[2.2,44.52],[2.52,44.58],[2.58,44.84],[2.75,44.84],[3.08,44.58],[3.34,44.19],[3.59,44.19],[3.58,44.32],[3.81,44.52],[4.06,44.52],[3.96,44.91],[4.12,44.91],[4.36,45.1],[4.35,45.3],[3.94,45.37],[4.01,45.63],[3.93,45.63],[3.92,45.96],[4.08,46.02],[3.99,46.28],[3.98,46.35]]]}},{"type":"Feature","properties":{"NAME":"Duchy of Naples","C":5,"name":"Duchy of Naples","start_year":990,"end_year":1027,"capital":"","type":"polity","region":"","event":"","source":"Cliopatria / Seshat Global History Databank (CC BY 4.0)","wikipedia":"Duchy of Naples","wikidata":"Q1051600","_a":0,"_c":[14.39,40.84],"_nz":"那不勒斯公国","_sz":""},"geometry":{"type":"Polygon","coordinates":[[[14.5,40.74],[14.58,40.74],[14.66,40.74],[14.66,40.68],[14.73,40.68],[14.74,40.81],[14.58,40.81],[14.5,41],[14.42,41],[14.03,40.94],[14.42,40.87],[14.42,40.68],[14.5,40.68],[14.5,40.74]]]}},{"type":"Feature","properties":{"NAME":"Duchy of Brittany","C":11,"name":"Duchy of Brittany","start_year":990,"end_year":1146,"capital":"","type":"polity","region":"","event":"","source":"Cliopatria / Seshat Global History Databank (CC BY 4.0)","wikipedia":"Duchy of Brittany","wikidata":"Q71747","_a":7,"_c":[-2.95,47.97],"_nz":"布列塔尼公国","_sz":""},"geometry":{"type":"Polygon","coordinates":[[[-1.2,47.8],[-1.04,47.86],[-1,48.39],[-1.5,48.39],[-1.52,48.65],[-1.6,48.65],[-1.69,48.65],[-2.52,48.72],[-2.76,48.59],[-3.12,48.92],[-3.46,48.92],[-3.85,48.72],[-4.6,48.72],[-4.91,48.52],[-4.89,48.32],[-4.64,48.32],[-4.55,48.19],[-4.71,48.13],[-4.69,47.99],[-4.42,47.8],[-3.93,47.86],[-3.76,47.73],[-3.34,47.73],[-3.16,47.47],[-2.84,47.6],[-2.83,47.47],[-2.58,47.47],[-2.56,47.27],[-2.23,47.27],[-2.13,47.07],[-2.13,47.01],[-1.39,47.01],[-1.32,47.2],[-1.16,47.27],[-1.19,47.6],[-1.2,47.8]]]}},{"type":"Feature","properties":{"NAME":"Duchy of Normandy","C":2,"name":"Duchy of Normandy","start_year":990,"end_year":1065,"capital":"","type":"polity","region":"","event":"","source":"Cliopatria / Seshat Global History Databank (CC BY 4.0)","wikipedia":"Duchy of Normandy","wikidata":"Q842091","_a":9,"_c":[-0.1,49.12],"_nz":"诺曼底公国","_sz":""},"geometry":{"type":"Polygon","coordinates":[[[1.06,48.52],[1.06,48.59],[1.14,48.59],[1.23,48.59],[1.31,48.59],[1.31,48.65],[1.39,48.65],[1.69,49.12],[1.69,49.18],[1.77,49.18],[1.82,49.78],[1.45,50.25],[1.37,50.25],[1.05,49.98],[0.22,49.85],[-0.01,49.65],[0.01,49.38],[-1.25,49.45],[-1.36,49.78],[-2.03,49.78],[-1.91,49.38],[-1.65,49.25],[-1.64,49.05],[-1.72,49.05],[-1.61,48.72],[-1.6,48.65],[-1.52,48.65],[-1.5,48.39],[-1,48.39],[-0.58,48.32],[-0.09,48.46],[0,48.32],[0.34,48.26],[0.44,47.99],[0.92,48.13],[0.82,48.46],[0.98,48.52],[1.06,48.52]]]}},{"type":"Feature","properties":{"NAME":"Kingdom of France","C":7,"name":"Kingdom of France","start_year":990,"end_year":1002,"capital":"","type":"polity","region":"","event":"","source":"Cliopatria / Seshat Global History Databank (CC BY 4.0)","wikipedia":"Kingdom of France","wikidata":"Q207162","_a":19,"_c":[3.51,48.34],"_nz":"法兰西王国","_sz":""},"geometry":{"type":"MultiPolygon","coordinates":[[[[3.82,48.19],[3.92,47.86],[4.17,47.66],[4.34,47.66],[4.58,47.86],[4.57,47.99],[4.82,47.99],[5.25,47.6],[5.58,47.66],[5.59,47.14],[5.43,47.07],[5.44,46.94],[5.28,46.81],[5.03,46.74],[4.88,46.35],[4.48,46.09],[4.23,46.28],[4.23,46.41],[4.05,46.68],[3.06,46.81],[2.8,47.01],[2.79,47.2],[1.89,47.14],[1.77,47.86],[1.69,47.86],[1.73,48.46],[1.8,48.72],[2.13,48.85],[2.19,49.18],[2.44,49.18],[2.61,49.05],[2.94,49.12],[2.95,49.05],[3.03,49.05],[3.03,48.99],[2.79,48.85],[2.88,48.65],[3.06,48.52],[3.48,48.46],[3.74,48.19],[3.82,48.19]]],[[[1.78,50.45],[1.78,50.38],[1.79,50.25],[1.45,50.38],[1.44,50.45],[1.43,50.58],[1.6,50.58],[1.69,50.45],[1.78,50.45]]]]}},{"type":"Feature","properties":{"NAME":"Hamdanid Emirates","C":2,"name":"Hamdanid Emirates","start_year":990,"end_year":1027,"capital":"","type":"polity","region":"","event":"","source":"Cliopatria / Seshat Global History Databank (CC BY 4.0)","wikipedia":"Hamdanid dynasty","wikidata":"Q837187","_a":116,"_c":[42.82,37.62],"_nz":"哈姆丹诸埃米尔","_sz":""},"geometry":{"type":"MultiPolygon","coordinates":[[[[48.33,39.84],[48.72,39.84],[48.78,39.71],[49,39.64],[49.03,39.38],[49.18,39.32],[49.16,39.26],[48.92,39.19],[48.8,39],[48.76,38.35],[48.84,38.35],[48.88,37.71],[49.09,37.51],[49.39,37.45],[49.46,37.45],[49.15,37],[48.85,37.06],[48.8,37.19],[48.39,37.06],[48.26,37.25],[48.08,37.13],[47.63,37.19],[47.2,36.93],[47.28,36.48],[47.11,36.35],[46.87,36.35],[46.81,36.48],[46.26,36.42],[45.84,36.22],[45.62,36.29],[45.35,36.03],[45.12,36.03],[44.9,35.58],[44.41,35.39],[44.17,34.81],[43.93,34.68],[43.81,34.42],[43.66,34.42],[43.4,34.16],[43.24,34.16],[42.89,33.84],[42.57,33.71],[42.36,33.26],[42.06,33.33],[42,33.46],[41.49,33.65],[41.43,33.78],[41.27,33.78],[41.21,33.91],[40.91,33.97],[40.7,34.16],[40.4,34.16],[40.26,34.29],[39.73,34.36],[39.51,34.49],[39.12,34.49],[38.48,34.23],[38.14,33.97],[37.99,33.97],[37.32,33.39],[37.09,33.39],[36.9,33.84],[36.62,34.1],[36.58,34.42],[36.29,34.68],[36.31,34.87],[36.17,34.94],[36.18,35.13],[36.35,35.26],[36.34,35.9],[36.69,36.22],[37.01,36.35],[37.03,36.48],[37.28,36.67],[38.39,36.87],[38.49,37],[38.72,37],[38.74,37.13],[39.39,37.38],[40.69,37.77],[41.4,37.77],[41.38,37.64],[41.59,37.51],[41.58,37.38],[41.81,37.38],[42.17,38.29],[42.48,38.22],[42.56,38.22],[42.7,37.58],[42.84,37.51],[44.35,37.71],[44.45,37.84],[44.31,37.9],[44.35,38.16],[44.49,38.55],[44.58,38.67],[44.9,38.67],[45.11,39],[45.34,39],[45.37,39.13],[45.23,39.26],[45.07,39.26],[44.87,39.45],[44.83,39.71],[45.15,39.71],[45.43,39.51],[45.67,39.51],[45.79,39.32],[45.95,39.32],[46.22,39.06],[46.26,38.87],[46.67,38.93],[46.86,39.58],[46.64,39.64],[46.6,39.9],[46.34,40.16],[46.45,40.36],[46.87,40.48],[46.94,40.42],[46.8,40.1],[47,39.9],[47.31,39.9],[47.41,39.58],[47.9,39.64],[48.09,39.84],[48.25,39.84],[48.33,39.84]]],[[[44.79,41.65],[44.73,41.78],[44.81,41.78],[44.89,41.78],[44.79,41.65]]],[[[48.33,41.85],[48.41,41.85],[48.4,41.78],[48.48,41.78],[48.28,41.59],[48.12,41.59],[48.13,41.65],[48.12,41.98],[48.27,41.91],[48.34,41.91],[48.33,41.85]]]]}},{"type":"Feature","properties":{"NAME":"Ganzhou Kingdom","C":7,"name":"Ganzhou Kingdom","start_year":990,"end_year":1033,"capital":"甘州（张掖）","type":"polity","region":"central_asia","event":"","source":"Cliopatria / Seshat Global History Databank (CC BY 4.0)","wikipedia":"Ganzhou Uyghur Kingdom","wikidata":"Q1000124","_a":34,"_c":[102.36,39.68],"_nz":"甘州回鹘","_sz":""},"geometry":{"type":"Polygon","coordinates":[[[99.64,40.94],[97.01,41.07],[96.93,41.07],[96.59,40.68],[96.44,40.16],[96.41,40.1],[96.21,39.45],[96.29,39.45],[96.23,39.13],[96.55,39.13],[96.68,39.06],[96.62,38.93],[96.97,39],[97.72,38.55],[98.4,38.48],[98.58,38.35],[100.67,38.29],[102.95,38.67],[106.09,38.67],[106.17,38.67],[106.5,39.06],[107.19,39.19],[107.64,39.97],[108.51,40.74],[107.41,40.61],[103.96,40.68],[103.88,40.68],[100.53,40.81],[100.57,40.87],[100.25,40.87],[100.23,41],[99.72,40.94],[99.64,40.94]]]}},{"type":"Feature","properties":{"NAME":"Kingdom of Vaspurakan","C":4,"name":"Kingdom of Vaspurakan","start_year":990,"end_year":1017,"capital":"","type":"polity","region":"","event":"","source":"Cliopatria / Seshat Global History Databank (CC BY 4.0)","wikipedia":"Kingdom of Vaspurakan","wikidata":"Q5228183","_a":7,"_c":[43.72,38.61],"_nz":"瓦斯普拉坎王国","_sz":""},"geometry":{"type":"Polygon","coordinates":[[[42.5,38.35],[42.07,38.67],[42.13,39.06],[42.23,39.19],[42.47,39.19],[42.58,39.38],[42.92,39.58],[43.23,39.51],[43.42,39.26],[43.72,39.19],[43.99,39.38],[44.4,39.45],[44.52,39.71],[44.83,39.71],[44.87,39.45],[45.07,39.26],[45.23,39.26],[45.37,39.13],[45.34,39],[45.11,39],[44.9,38.67],[44.58,38.67],[44.49,38.55],[44.35,38.16],[44.31,37.9],[44.45,37.84],[44.35,37.71],[42.84,37.51],[42.7,37.58],[42.56,38.22],[42.48,38.22],[42.5,38.35]]]}},{"type":"Feature","properties":{"NAME":"Duchy of Bohemia","C":3,"name":"Duchy of Bohemia","start_year":1000,"end_year":1002,"capital":"","type":"polity","region":"","event":"","source":"Cliopatria / Seshat Global History Databank (CC BY 4.0)","wikipedia":"Duchy of Bohemia","wikidata":"Q2162698","_a":17,"_c":[15.63,49.82],"_nz":"波希米亚公国","_sz":""},"geometry":{"type":"Polygon","coordinates":[[[19.05,49.45],[18.72,49.52],[18.32,49.85],[18.32,49.98],[17.66,50.05],[17.58,50.18],[17.33,50.18],[17.08,50.38],[16.42,50.51],[16.34,50.65],[16.09,50.65],[15.92,50.78],[15.42,50.78],[15.26,50.98],[14.58,50.91],[14.5,51.05],[14.33,51.05],[14.15,50.85],[13.39,50.71],[12.8,50.38],[12.38,50.38],[12.21,50.25],[12.2,50.05],[12.37,49.98],[12.37,49.71],[12.53,49.65],[12.53,49.52],[12.7,49.38],[13.11,49.25],[13.28,49.05],[13.44,49.05],[13.61,48.85],[13.94,48.79],[14.18,48.59],[14.77,48.65],[14.94,48.99],[15.69,48.92],[16.18,48.72],[16.93,48.72],[17.43,48.79],[18.46,49.32],[19.04,49.32],[19.05,49.45]]]}},{"type":"Feature","properties":{"NAME":"Kamarupa Kingdom","C":1,"name":"Kamarupa Kingdom","start_year":1000,"end_year":1055,"capital":"","type":"polity","region":"","event":"","source":"Cliopatria / Seshat Global History Databank (CC BY 4.0)","wikipedia":"Kamarupa","wikidata":"Q1194765","_a":37,"_c":[92.09,26.92],"_nz":"迦摩缕波王国","_sz":""},"geometry":{"type":"Polygon","coordinates":[[[93,24.9],[93.47,24.92],[94.86,26.42],[96.52,27.5],[96.47,28.09],[96.64,28.31],[96.26,28.55],[95.94,28.94],[94.34,28.95],[93.61,28.58],[92.3,27.62],[91.2,27.79],[88.18,27.64],[87.89,26.74],[87.84,26.64],[87.54,26.05],[88.3,25.66],[89.89,25.51],[89.89,25.63],[90.49,25.61],[91.45,25.14],[92.28,25.17],[93,24.9]]]}},{"type":"Feature","properties":{"NAME":"First Bulgarian Empire","C":5,"name":"First Bulgarian Empire","start_year":1000,"end_year":1002,"capital":"","type":"polity","region":"","event":"","source":"Cliopatria / Seshat Global History Databank (CC BY 4.0)","wikipedia":"First Bulgarian Empire","wikidata":"Q203817","_a":71,"_c":[24.08,42.38],"_nz":"保加利亚第一帝国","_sz":""},"geometry":{"type":"MultiPolygon","coordinates":[[[[20.15,39.64],[20.15,39.58],[20.07,39.58],[20.07,39.64],[20.15,39.64]]],[[[29.05,44.97],[28.8,44.97],[28.84,44.58],[28.58,44.39],[28.54,43.99],[28.62,43.99],[28.48,43.47],[28.16,43.47],[28.23,43.34],[27.99,43.34],[27.8,43.08],[27.79,43.02],[25.76,42.76],[25.76,42.69],[25.68,42.69],[24.5,42.04],[24.49,41.91],[24.8,41.72],[24.78,41.46],[24.52,41.26],[24.21,41.26],[23.47,41],[23,41],[22.5,40.74],[22.39,40.1],[22.68,39.77],[22.67,39.64],[22.83,39.58],[22.41,39.19],[20.38,39.38],[20.3,39.38],[20.15,39.71],[19.92,39.71],[20.01,39.97],[19.63,40.29],[19.47,40.29],[19.49,40.61],[19.25,40.61],[19.25,40.74],[19.5,40.87],[19.42,40.94],[19.54,41.78],[19.47,41.91],[19.71,41.91],[19.72,42.04],[19.64,42.04],[18.48,43.02],[18.65,43.15],[18.84,43.73],[19.1,44.12],[19.26,44.19],[19.11,44.32],[19.12,44.52],[19.29,44.65],[19.3,44.91],[19.14,44.97],[19.24,45.24],[19.89,45.24],[20.14,45.37],[20.29,45.17],[20.53,45.1],[20.59,44.78],[20.83,44.71],[21.08,44.84],[21.41,44.84],[21.87,44.58],[22.12,44.58],[22.13,44.71],[22.3,44.84],[22.54,44.84],[22.64,45.04],[22.88,45.04],[22.88,44.97],[22.94,44.78],[23.42,44.65],[23.33,44.58],[23.39,44.25],[23.47,44.25],[23.36,43.93],[23.92,43.86],[24.08,43.73],[24.81,43.8],[25.28,43.67],[25.77,43.73],[26.03,43.99],[26.37,44.12],[27.75,44.19],[27.93,44.39],[27.85,44.39],[27.87,44.58],[27.71,44.58],[27.73,44.78],[27.89,44.78],[27.92,45.1],[27.77,45.17],[27.79,45.37],[28.04,45.43],[28.05,45.56],[28.29,45.5],[28.27,45.37],[28.43,45.3],[28.76,45.3],[29.18,45.5],[29.67,45.43],[29.62,45.04],[29.27,44.84],[29.19,44.84],[29.02,44.78],[29.05,44.97]]]]}},{"type":"Feature","properties":{"NAME":"Buyid Dynasty","C":1,"name":"Buyid Dynasty","start_year":1000,"end_year":1027,"capital":"","type":"polity","region":"","event":"","source":"Cliopatria / Seshat Global History Databank (CC BY 4.0)","wikipedia":"Buyid dynasty","wikidata":"Q12536","_a":246,"_c":[50.82,30.18],"_nz":"布韦希王朝","_sz":""},"geometry":{"type":"MultiPolygon","coordinates":[[[[56.73,24.46],[57.06,24.07],[57.49,23.88],[58.81,23.62],[59.08,23.3],[59.07,23.17],[59.28,23.04],[59.27,22.91],[58.9,22.91],[58.91,23.04],[58.61,23.04],[58.33,23.3],[57.96,23.3],[57.97,23.43],[57.83,23.49],[56.81,23.75],[56.82,23.88],[56.54,24.07],[56.49,24.33],[56.27,24.39],[56.23,24.71],[56.02,24.84],[55.93,25.49],[55.72,25.68],[55.97,25.87],[56.17,26.32],[56.33,26.39],[56.54,26.32],[56.4,25.68],[56.42,25.16],[56.5,25.16],[56.4,24.97],[56.54,24.91],[56.73,24.52],[56.73,24.46]]],[[[53.49,36.87],[54.03,36.87],[54.06,37],[54.07,37.06],[54.66,36.87],[54.63,36.74],[54.83,36.55],[54.25,35.07],[54.37,34.87],[54.37,34.42],[54.5,34.29],[54.45,34.04],[54.53,34.04],[54.56,33.78],[54.71,33.71],[54.68,33.59],[54.83,33.52],[54.97,33.01],[55.19,32.94],[55.96,32.04],[56.11,32.04],[56.12,31.59],[56.2,31.59],[56.28,31.14],[57.16,30.95],[57.5,30.69],[57.79,30.63],[57.85,30.5],[58.14,30.44],[58.26,30.18],[58.46,30.05],[58.45,29.92],[58.59,29.86],[58.87,29.22],[58.91,28.44],[58.84,28.44],[58.45,27.22],[57.94,26.71],[57.79,26.71],[57.14,26.26],[57.06,26.26],[57.05,26.84],[56.71,27.16],[56.19,27.16],[56.1,27.03],[56.32,27.03],[56.31,26.9],[56.06,26.71],[55.29,26.52],[55.31,26.71],[55.54,26.77],[55.24,26.77],[54.99,26.52],[54.68,26.45],[54.26,26.71],[53.66,26.71],[53.46,26.97],[52.74,27.22],[52.48,27.61],[52.05,27.8],[51.45,27.87],[51.07,28.44],[51.03,28.77],[50.81,28.83],[50.92,29.09],[50.62,29.15],[50.65,29.41],[50.24,29.73],[50.06,30.18],[49.59,29.99],[48.94,30.31],[48.99,30.05],[48.9,29.99],[48.37,29.92],[48.4,29.6],[47.87,29.54],[47.85,29.41],[48.08,29.41],[48.22,29.28],[48.19,29.09],[48.46,28.77],[48.43,28.51],[47.68,28.51],[47.4,28.77],[47.25,28.77],[46.98,29.09],[46.76,29.09],[46.85,29.22],[46.7,29.22],[46.71,29.34],[46.55,29.28],[46.57,29.41],[46.36,29.6],[45.86,29.86],[45.66,30.12],[45.51,30.12],[45.09,30.5],[44.52,30.76],[44.28,30.69],[43.84,30.82],[43.23,30.82],[42.68,30.63],[42.68,30.69],[42.55,31.53],[42.47,31.53],[42.51,31.85],[42.43,31.85],[42.36,33.26],[42.57,33.71],[42.89,33.84],[43.24,34.16],[43.4,34.16],[43.66,34.42],[43.81,34.42],[43.93,34.68],[44.17,34.81],[44.41,35.39],[44.9,35.58],[45.12,36.03],[45.35,36.03],[45.62,36.29],[45.84,36.22],[46.26,36.42],[46.81,36.48],[46.87,36.35],[47.11,36.35],[47.28,36.48],[47.2,36.93],[47.63,37.19],[48.08,37.13],[48.26,37.25],[48.39,37.06],[48.8,37.19],[48.85,37.06],[49.15,37],[49.46,37.45],[49.54,37.45],[50,37.38],[50.32,37],[50.57,37.06],[50.63,37],[50.53,36.87],[51.26,36.61],[52.19,36.55],[52.68,36.67],[52.75,36.67],[53.49,36.87]]]]}},{"type":"Feature","properties":{"NAME":"Kimek-Kipchak confederation","C":2,"name":"Kimek-Kipchak confederation","start_year":1000,"end_year":1045,"capital":"无固定都城","type":"polity","region":"central_asia","event":"","source":"Cliopatria / Seshat Global History Databank (CC BY 4.0)","wikipedia":"Kimek-Kipchak confederation","wikidata":"Q2477776","_a":337,"_c":[68.44,48.9],"_nz":"基马克-钦察联盟","_sz":""},"geometry":{"type":"MultiPolygon","coordinates":[[[[67.25,53.66],[71.33,53.53],[71.29,53.46],[72.15,53.46],[72.12,53.39],[72.72,53.39],[72.69,53.33],[73.2,53.33],[73.17,53.26],[73.46,53.33],[73.43,53.26],[74.65,53.12],[74.61,53.06],[74.87,53.06],[74.84,52.99],[76.38,52.32],[76.58,52.05],[77.07,51.85],[77.14,51.65],[77.31,51.65],[77.43,51.38],[77.6,51.38],[77.67,51.18],[77.84,51.18],[77.91,50.98],[78.08,50.98],[78.15,50.78],[78.32,50.78],[78.49,50.45],[78.66,50.45],[78.65,50.25],[78.81,50.25],[79.02,49.98],[83.8,49.65],[83.9,49.52],[84.37,49.45],[84.33,49.38],[85.3,48.99],[85.4,48.85],[85.34,48.72],[85.52,48.59],[85.47,48.32],[85.64,48.32],[85.51,48.06],[85.59,48.06],[85.51,47.73],[85.35,47.73],[85.17,47.53],[83.98,47.27],[83.36,47.01],[83.04,47.01],[82.89,46.87],[82.68,46.94],[82.45,46.81],[80.86,46.55],[80.83,46.48],[80.32,46.61],[80.07,46.81],[79.61,46.68],[79.31,46.74],[79.33,46.81],[78.7,46.87],[78.1,46.61],[77.91,46.74],[76.73,46.68],[76.76,46.74],[76.35,46.74],[76.32,46.87],[74.6,46.87],[74.44,46.68],[74.36,46.68],[73.89,46.74],[73.91,46.81],[73.18,46.81],[72.03,46.61],[70.96,45.69],[69.95,44.25],[68.9,43.99],[68.17,43.99],[68.05,44.12],[67.81,44.12],[67.54,44.52],[66.39,44.97],[66.09,45.3],[64.82,45.63],[64.98,46.35],[64.89,46.35],[64.94,46.74],[64.82,46.87],[64.87,47.01],[64.79,47.01],[64.83,47.14],[64.75,47.14],[64.76,47.4],[64.53,47.47],[64.43,47.66],[64.27,47.66],[64.09,47.86],[63.31,47.99],[56.38,47.8],[55.07,47.53],[54.68,47.33],[54.35,47.33],[53.24,46.87],[53.16,46.87],[53.11,47.01],[51.86,46.94],[51.81,47.07],[51.5,47.14],[51.6,47.2],[51.6,47.53],[51.31,47.66],[51.38,47.93],[51.29,47.93],[51.35,48.13],[51.26,48.13],[51.33,48.39],[51.25,48.39],[51.34,48.72],[51.46,48.85],[51.39,48.92],[51.56,48.92],[51.81,49.52],[51.58,49.58],[51.52,49.98],[51.44,49.98],[51.52,50.25],[51.43,50.25],[51.65,50.98],[52.05,51.45],[52.3,51.45],[52.43,51.58],[52.83,51.51],[53.57,51.71],[54.61,51.78],[54.59,51.71],[55.76,51.65],[56.41,51.31],[58.11,51.11],[59.01,51.71],[59.19,51.98],[59.05,52.05],[59.12,52.25],[59.44,52.65],[60.31,53.12],[61.11,53.39],[61.25,53.33],[62.77,53.66],[63.92,53.73],[67.17,53.66],[67.25,53.66]]],[[[61.2,53.39],[61.22,53.46],[61.31,53.46],[61.28,53.39],[61.2,53.39]]],[[[66.16,53.73],[66.19,53.8],[66.28,53.8],[66.25,53.73],[66.16,53.73]]]]}},{"type":"Feature","properties":{"NAME":"County of Barcelona","C":8,"name":"County of Barcelona","start_year":1000,"end_year":1002,"capital":"","type":"polity","region":"","event":"","source":"Cliopatria / Seshat Global History Databank (CC BY 4.0)","wikipedia":"Girona","wikidata":"Q7038","_a":2,"_c":[2.29,41.78],"_nz":"巴塞罗那伯国","_sz":""},"geometry":{"type":"Polygon","coordinates":[[[1.93,41.78],[1.85,41.78],[1.77,41.78],[1.69,41.78],[1.69,41.72],[1.61,41.72],[1.53,41.72],[1.45,41.72],[1.79,41.26],[1.87,41.26],[2.11,41.33],[2.33,41.59],[2.57,41.59],[3.12,41.91],[3.02,42.3],[2.86,42.3],[2.79,42.17],[2.71,42.17],[2.48,41.91],[2.08,41.85],[2,41.85],[1.92,41.85],[1.93,41.78]]]}},{"type":"Feature","properties":{"NAME":"Scandinavian minor kingdoms","C":2,"name":"Scandinavian minor kingdoms","start_year":1000,"end_year":1002,"capital":"","type":"polity","region":"","event":"","source":"Cliopatria / Seshat Global History Databank (CC BY 4.0)","wikipedia":"Viking Age","wikidata":"Q213649","_a":91,"_c":[15.38,62.45],"_nz":"斯堪的纳维亚小王国","_sz":""},"geometry":{"type":"MultiPolygon","coordinates":[[[[16.48,56.87],[16.57,56.87],[16.86,57.35],[17.13,57.42],[17.12,57.28],[16.94,57.14],[16.92,56.94],[16.74,56.8],[16.63,56.39],[16.27,56.25],[16.28,56.52],[16.19,56.52],[16.19,56.39],[16.1,56.39],[15.93,56.52],[13.46,56.59],[13.29,56.94],[13.12,57.01],[13.12,57.14],[12.59,57.49],[12.6,57.63],[12.42,57.63],[12.33,57.77],[11.98,57.77],[11.8,57.63],[11.8,57.7],[11.71,57.7],[11.71,57.77],[11.71,57.83],[11.71,57.9],[11.71,57.97],[11.89,57.97],[12.16,58.18],[14.68,58.32],[15.22,58.46],[16.66,58.46],[16.66,58.39],[16.83,58.32],[16.81,58.04],[16.63,57.9],[16.71,57.83],[16.59,57.28],[16.5,57.28],[16.48,56.87]]],[[[18.23,57.83],[18.6,57.97],[19.05,57.97],[19.03,57.83],[18.84,57.7],[18.91,57.42],[18.45,57.21],[18.34,56.94],[18.08,56.94],[18.03,57.49],[18.03,57.56],[18.23,57.83]]],[[[17.78,68.5],[17.88,68.5],[17.88,68.42],[17.78,68.42],[17.68,68.42],[17.68,68.5],[17.78,68.5]]],[[[18.2,68.65],[18.08,68.5],[18.08,68.42],[17.89,68.57],[18.2,68.65]]],[[[17.6,68.65],[17.7,68.65],[17.69,68.57],[17.59,68.57],[17.6,68.65]]]]}},{"type":"Feature","properties":{"NAME":"County of Rosellón","C":5,"name":"County of Rosellón","start_year":1000,"end_year":1002,"capital":"","type":"polity","region":"","event":"","source":"Cliopatria / Seshat Global History Databank (CC BY 4.0)","wikipedia":"Roussillon","wikidata":"Q13522657","_a":1,"_c":[2.49,42.7],"_nz":"鲁西永伯国","_sz":""},"geometry":{"type":"Polygon","coordinates":[[[2.99,43.02],[2.12,42.76],[2.12,42.69],[2.04,42.69],[2.05,42.63],[1.97,42.63],[1.97,42.56],[2.46,42.37],[2.93,42.5],[3.01,42.5],[2.99,42.95],[2.99,43.02]]]}},{"type":"Feature","properties":{"NAME":"Republic of Venice","C":9,"name":"Republic of Venice","start_year":1000,"end_year":1033,"capital":"","type":"polity","region":"","event":"","source":"Cliopatria / Seshat Global History Databank (CC BY 4.0)","wikipedia":"Republic of Venice","wikidata":"Q4948","_a":17,"_c":[14.8,44.29],"_nz":"威尼斯共和国","_sz":""},"geometry":{"type":"MultiPolygon","coordinates":[[[[15.15,44.45],[15.15,44.39],[15.07,44.39],[15.07,44.45],[15.15,44.45]]],[[[15.07,44.52],[15.07,44.45],[14.99,44.45],[14.99,44.52],[15.07,44.52]]],[[[14.5,44.52],[14.26,44.58],[14.27,44.97],[14.35,44.97],[14.51,44.91],[14.5,44.52]]],[[[14.52,45.1],[14.52,45.17],[14.68,45.17],[14.76,45.04],[14.52,45.1]]],[[[13.95,45.04],[13.94,44.97],[13.94,44.91],[13.86,44.91],[13.78,44.91],[13.78,44.97],[13.78,45.04],[13.7,45.04],[13.55,45.5],[13.63,45.5],[13.95,45.04]]],[[[13.06,45.63],[12.82,45.69],[12.16,45.43],[12.16,45.37],[12,45.37],[12,45.56],[12.16,45.69],[12.74,45.82],[12.82,45.82],[12.98,45.82],[13.06,45.63]]],[[[17.59,42.76],[17.51,42.76],[17.51,42.82],[17.59,42.82],[17.59,42.76]]],[[[17.36,43.02],[17.36,43.08],[17.52,43.08],[17.52,42.95],[17.36,43.02]]],[[[17.29,43.21],[17.12,43.15],[17.05,43.41],[16.73,43.34],[16.73,43.54],[16.58,43.6],[15.93,43.47],[16.01,43.6],[15.94,43.73],[15.62,43.86],[15.62,43.93],[15.86,43.93],[16.1,43.73],[16.42,43.73],[16.66,43.6],[16.74,43.6],[16.82,43.6],[16.81,43.54],[16.9,43.54],[16.98,43.54],[17.06,43.54],[17.05,43.47],[17.37,43.21],[17.29,43.21]]],[[[15.14,44.32],[15.15,44.39],[15.39,44.32],[15.38,44.12],[15.62,43.93],[15.54,43.93],[15.37,43.86],[15.46,43.99],[15.22,44.12],[15.22,44.19],[15.22,44.25],[15.14,44.25],[15.14,44.32]]]]}},{"type":"Feature","properties":{"NAME":"County of Ampuria","C":6,"name":"County of Ampuria","start_year":1000,"end_year":1002,"capital":"","type":"polity","region":"","event":"","source":"Cliopatria / Seshat Global History Databank (CC BY 4.0)","wikipedia":"County of Empúries","wikidata":"Q1541699","_a":0,"_c":[3.06,42.37],"_nz":"安普里亚斯伯国","_sz":""},"geometry":{"type":"Polygon","coordinates":[[[2.94,42.43],[3.11,42.17],[3.18,42.37],[3.1,42.37],[3.09,42.56],[2.93,42.5],[2.94,42.43]]]}},{"type":"Feature","properties":{"NAME":"Pala Empire","C":10,"name":"Pala Empire","start_year":1000,"end_year":1055,"capital":"","type":"polity","region":"","event":"","source":"Cliopatria / Seshat Global History Databank (CC BY 4.0)","wikipedia":"Pala Empire","wikidata":"Q668412","_a":38,"_c":[87.88,25.33],"_nz":"波罗王朝","_sz":""},"geometry":{"type":"Polygon","coordinates":[[[92.44,24.91],[92.34,24.33],[92.15,24.07],[91.68,24.11],[91.27,23.75],[90.73,23.62],[90.62,23.36],[90.19,23.49],[89.33,23.24],[87.63,23.36],[86.06,23.3],[85.86,23.49],[84.89,23.94],[84.31,24.07],[83.33,24.53],[83.29,25.23],[83.4,25.42],[83.99,25.81],[84.03,26.07],[84.19,26.13],[84.16,26.39],[84.24,26.39],[84.31,26.77],[84.81,27.42],[85.03,27.42],[85.43,27.16],[87.81,26.64],[87.84,26.64],[87.54,26.05],[88.3,25.66],[89.89,25.51],[89.89,25.63],[90.49,25.61],[91.45,25.14],[92.28,25.17],[92.47,25.1],[92.46,25.04],[92.45,24.97],[92.44,24.91]]]}},{"type":"Feature","properties":{"NAME":"County of Urgell","C":10,"name":"County of Urgell","start_year":1000,"end_year":1014,"capital":"","type":"polity","region":"","event":"","source":"Cliopatria / Seshat Global History Databank (CC BY 4.0)","wikipedia":"County of Urgell","wikidata":"Q1514510","_a":1,"_c":[1.46,42.24],"_nz":"乌赫尔伯国","_sz":""},"geometry":{"type":"Polygon","coordinates":[[[1.49,42.63],[1.11,42.17],[1.12,41.91],[1.2,41.91],[1.21,41.85],[1.29,41.85],[1.37,41.85],[1.75,42.17],[1.81,42.5],[1.81,42.56],[1.73,42.56],[1.73,42.63],[1.65,42.63],[1.57,42.63],[1.49,42.63]]]}},{"type":"Feature","properties":{"NAME":"Chola Empire","C":9,"name":"Chola Empire","start_year":1000,"end_year":1009,"capital":"","type":"polity","region":"","event":"","source":"Cliopatria / Seshat Global History Databank (CC BY 4.0)","wikipedia":"Chola Empire","wikidata":"Q6806806","_a":31,"_c":[77.61,10.83],"_nz":"朱罗帝国","_sz":""},"geometry":{"type":"Polygon","coordinates":[[[79.88,11.99],[80.21,12.44],[80.41,13.08],[80.38,13.46],[80.16,13.53],[80.17,13.59],[78.24,13.4],[76.2,12.63],[75.25,12.69],[75.04,12.82],[74.82,12.76],[74.81,12.69],[75.06,12.18],[75.34,11.92],[75.58,11.28],[75.73,11.21],[75.9,10.57],[76.23,10.06],[76.22,9.86],[76.36,9.8],[76.36,9.67],[76.21,9.67],[76.2,9.48],[76.34,9.35],[76.39,9.03],[76.53,8.96],[76.72,8.51],[77.28,8.06],[77.87,8.19],[78.18,8.45],[78.28,8.96],[78.59,9.16],[78.96,9.22],[78.99,9.67],[79.3,9.93],[79.32,10.25],[79.9,10.25],[79.88,11.92],[79.88,11.99]]]}},{"type":"Feature","properties":{"NAME":"Western Chalukya Empire","C":0,"name":"Western Chalukya Empire","start_year":1000,"end_year":1009,"capital":"","type":"polity","region":"","event":"","source":"Cliopatria / Seshat Global History Databank (CC BY 4.0)","wikipedia":"Western Chalukya Empire","wikidata":"Q14624218","_a":89,"_c":[76.95,17.77],"_nz":"西遮娄其帝国","_sz":""},"geometry":{"type":"Polygon","coordinates":[[[79.45,22.91],[79.75,22.91],[79.95,22.72],[79.93,22.59],[80.29,22.46],[80.48,22.21],[81.27,22.01],[81.15,21.63],[81.16,21.11],[80.91,20.92],[81.02,20.6],[80.84,20.28],[80.65,19.31],[80.49,19.25],[80.44,18.86],[80.37,18.86],[80.31,18.35],[80.38,18.35],[80.34,17.96],[80.47,17.84],[80.45,17.64],[80.35,17.45],[80.05,17.39],[79.79,17.06],[79.88,15.91],[79.96,15.91],[80.05,15.39],[80.19,15.39],[80.09,15.07],[80.22,14.88],[80.21,14.04],[80.28,14.04],[80.25,13.66],[80.17,13.66],[80.17,13.59],[78.24,13.4],[76.2,12.63],[75.25,12.69],[75.04,12.82],[74.82,12.76],[74.82,12.82],[74.75,12.82],[74.66,13.59],[74.47,13.91],[74.37,14.49],[73.97,14.94],[73.93,15.26],[73.79,15.33],[73.75,15.65],[73.54,15.78],[73.25,16.61],[73.3,17.06],[72.96,18.03],[72.87,19.31],[72.73,19.38],[72.76,19.64],[72.63,19.83],[72.76,20.34],[72.85,20.43],[73.41,20.45],[73.95,21.2],[73.95,21.74],[74.11,22.08],[75.96,22.4],[77.24,22.46],[78.01,22.72],[79.38,22.91],[79.45,22.91]]]}},{"type":"Feature","properties":{"NAME":"Seljuk Dynasty","C":2,"name":"Seljuk Dynasty","start_year":1000,"end_year":1033,"capital":"","type":"polity","region":"","event":"","source":"Cliopatria / Seshat Global History Databank (CC BY 4.0)","wikipedia":"Seljuk dynasty","wikidata":"Q3708255","_a":51,"_c":[64.47,43.16],"_nz":"塞尔柱王朝","_sz":""},"geometry":{"type":"Polygon","coordinates":[[[64.82,45.63],[62.58,46.02],[61.9,45.96],[61.78,46.09],[61.82,46.22],[61.43,46.28],[61.41,46.22],[61.27,46.02],[61.25,45.69],[61.33,45.69],[61.4,45.37],[61.72,45.37],[61.58,44.91],[61.42,44.91],[61.38,44.78],[60.9,44.52],[60.78,44.12],[60.6,44.06],[60.39,43.6],[60.37,43.54],[60.39,43.34],[61.01,42.69],[61.17,42.69],[61.4,42.37],[61.56,42.37],[61.78,42.04],[62.07,41.91],[62.13,41.59],[62.44,41.26],[62.41,40.87],[62.3,40.74],[62.4,40.55],[62.32,40.23],[62.46,40.16],[62.42,40.03],[62.58,40.03],[66.02,40.74],[66.48,40.94],[66.51,41.07],[67.39,41.59],[67.43,41.72],[68.45,42.43],[68.5,42.82],[68.42,42.82],[68.53,43.15],[68.45,43.15],[68.56,43.47],[68.38,43.67],[68.43,43.8],[68.17,43.99],[68.05,44.12],[67.81,44.12],[67.54,44.52],[66.39,44.97],[66.09,45.3],[64.82,45.63]]]}},{"type":"Feature","properties":{"NAME":"Kingdom of Hungary","C":10,"name":"Kingdom of Hungary","start_year":1000,"end_year":1002,"capital":"","type":"polity","region":"","event":"","source":"Cliopatria / Seshat Global History Databank (CC BY 4.0)","wikipedia":"Kingdom of Hungary","wikidata":"Q171150","_a":49,"_c":[20.92,47.02],"_nz":"匈牙利王国","_sz":""},"geometry":{"type":"Polygon","coordinates":[[[23.74,48.72],[22.85,48.99],[22.86,49.12],[22.45,49.12],[21.72,49.45],[21.47,49.45],[21.39,49.45],[20.96,49.32],[20.21,49.38],[20.12,49.25],[19.61,49.12],[19.29,49.32],[19.04,49.32],[18.46,49.32],[17.43,48.79],[16.93,48.72],[16.83,48.32],[16.91,48.32],[16.98,48.06],[16.49,47.99],[16.32,47.86],[16.3,47.53],[16.14,47.53],[16.12,47.07],[15.86,46.68],[15.86,46.55],[16.02,46.41],[16.18,46.41],[16.44,46.61],[17.15,46.02],[17.88,45.76],[18.45,45.76],[18.78,45.89],[18.93,45.56],[19.01,45.56],[19,45.5],[19,45.37],[19.24,45.24],[19.89,45.24],[20.14,45.37],[20.29,45.17],[20.53,45.1],[20.59,44.78],[20.83,44.71],[21.08,44.84],[21.41,44.84],[21.87,44.58],[22.12,44.58],[22.13,44.71],[22.3,44.84],[22.54,44.84],[22.64,45.04],[22.88,45.04],[22.88,45.1],[22.98,45.24],[23.47,45.3],[23.57,45.5],[24.22,45.5],[24.72,45.63],[25.2,45.56],[25.13,45.69],[25.37,45.69],[25.55,45.82],[25.71,45.76],[25.82,46.09],[25.98,46.09],[25.75,46.28],[25.64,46.81],[25.41,47.01],[25.51,47.2],[25.35,47.2],[25.19,47.33],[25.21,47.47],[24.89,47.66],[24.99,47.8],[24.67,47.93],[24.69,48.19],[24.44,48.19],[24.31,48.52],[24.14,48.46],[23.83,48.72],[23.74,48.72]]]}},{"type":"Feature","properties":{"NAME":"County of Osona","C":7,"name":"County of Osona","start_year":1000,"end_year":1002,"capital":"","type":"polity","region":"","event":"","source":"Cliopatria / Seshat Global History Databank (CC BY 4.0)","wikipedia":"County of Osona","wikidata":"Q1541779","_a":1,"_c":[2.19,42.05],"_nz":"奥索纳伯国","_sz":""},"geometry":{"type":"MultiPolygon","coordinates":[[[[1.69,41.72],[1.45,41.72],[1.53,41.78],[1.61,41.78],[1.69,41.72]]],[[[2.54,42.3],[2.86,42.3],[2.86,42.24],[2.78,42.24],[2.79,42.17],[2.71,42.17],[2.48,41.91],[2.08,41.85],[1.77,41.78],[1.69,41.78],[2.07,42.04],[2.15,42.04],[2.54,42.3]],[[2.13,41.98],[2.16,41.98],[2.15,42.04],[2.13,41.98]]],[[[2.86,42.3],[2.86,42.37],[2.94,42.37],[2.94,42.3],[2.86,42.3]]]]}},{"type":"Feature","properties":{"NAME":"Kingdom of Croatia","C":11,"name":"Kingdom of Croatia","start_year":1000,"end_year":1017,"capital":"","type":"polity","region":"","event":"","source":"Cliopatria / Seshat Global History Databank (CC BY 4.0)","wikipedia":"Kingdom of Croatia (925–1102)","wikidata":"Q858841","_a":18,"_c":[16.79,44.82],"_nz":"克罗地亚王国","_sz":""},"geometry":{"type":"Polygon","coordinates":[[[18.93,45.56],[18.78,45.89],[18.45,45.76],[17.88,45.76],[17.15,46.02],[16.44,46.61],[16.18,46.41],[16.02,46.41],[15.93,46.28],[15.6,46.22],[15.68,45.96],[15.26,45.76],[15.34,45.5],[14.45,45.63],[14.28,45.37],[14.36,45.37],[14.6,45.37],[14.6,45.17],[14.76,45.1],[14.76,44.97],[14.92,44.97],[14.91,44.58],[15.15,44.45],[15.15,44.39],[15.39,44.32],[15.38,44.12],[15.62,43.93],[15.86,43.93],[16.1,43.73],[16.42,43.73],[16.66,43.6],[16.74,43.6],[16.82,43.6],[16.81,43.54],[16.9,43.54],[16.98,43.54],[17.06,43.54],[17.05,43.47],[17.37,43.21],[17.36,43.15],[17.44,43.15],[17.44,43.08],[17.52,43.08],[17.52,43.02],[17.68,43.02],[17.76,43.15],[18.09,43.15],[18.24,43.02],[18.48,43.02],[18.65,43.15],[18.84,43.73],[19.1,44.12],[19.26,44.19],[19.11,44.32],[19.12,44.52],[19.29,44.65],[19.3,44.91],[19.14,44.97],[19.24,45.24],[19,45.37],[19,45.5],[18.92,45.5],[18.93,45.56]]]}},{"type":"Feature","properties":{"NAME":"Utpala Dynasty","C":9,"name":"Utpala Dynasty","start_year":1000,"end_year":1002,"capital":"","type":"polity","region":"","event":"","source":"Cliopatria / Seshat Global History Databank (CC BY 4.0)","wikipedia":"Utpala dynasty","wikidata":"Q1617123","_a":28,"_c":[74.16,35.56],"_nz":"乌特帕拉王朝","_sz":""},"geometry":{"type":"Polygon","coordinates":[[[77.27,37],[75.37,37.27],[74.82,37.52],[73.07,37.73],[71.94,37.75],[71.63,37.56],[71.27,37.39],[71.12,37.31],[70.96,36.92],[70.98,35.89],[71.61,35.48],[72.39,35.45],[73.02,35.09],[73.18,35],[73.8,34.82],[74.92,34.67],[75.63,33.76],[76.82,33.36],[77.35,35.26],[77.34,35.63],[77.29,36.17],[77.27,37]]]}},{"type":"Feature","properties":{"NAME":"Kingdom of Sweden","C":0,"name":"Kingdom of Sweden","start_year":1000,"end_year":1002,"capital":"","type":"polity","region":"","event":"","source":"Cliopatria / Seshat Global History Databank (CC BY 4.0)","wikipedia":"Sweden","wikidata":"Q34","_a":22,"_c":[15.48,59.76],"_nz":"瑞典王国","_sz":""},"geometry":{"type":"Polygon","coordinates":[[[15.6,60.56],[15.88,60.63],[16.33,60.56],[16.8,60.63],[16.99,60.77],[17.45,60.77],[17.62,60.63],[17.99,60.63],[18.07,60.49],[18.61,60.42],[18.5,60.21],[18.78,60.21],[19.03,60],[19.01,59.71],[18.83,59.71],[18.63,59.5],[18.35,59.43],[18.41,59.09],[18.14,59.09],[17.95,58.88],[17.5,58.88],[17.49,58.74],[17.13,58.74],[16.75,58.46],[16.66,58.46],[15.22,58.46],[14.68,58.32],[12.16,58.18],[12.09,58.88],[12,58.88],[12.01,59.43],[11.92,59.43],[11.92,59.92],[12.38,60.07],[12.58,60.49],[12.48,60.49],[12.49,60.7],[12.31,60.77],[12.31,60.98],[12.68,61.12],[12.87,61.34],[12.97,61.34],[13.33,61.05],[13.51,61.05],[13.6,60.91],[14.32,60.63],[15.51,60.56],[15.6,60.56]]]}},{"type":"Feature","properties":{"NAME":"Kara-Khanids","C":2,"name":"Kara-Khanids","start_year":1000,"end_year":1009,"capital":"八剌沙衮","type":"dynasty","region":"central_asia","event":"","source":"Cliopatria / Seshat Global History Databank (CC BY 4.0)","wikipedia":"Kara-Khanid Khanate","wikidata":"Q494354","_a":203,"_c":[72.91,41.91],"_nz":"喀喇汗国","_sz":""},"geometry":{"type":"MultiPolygon","coordinates":[[[[71.5,37.58],[71.51,37.9],[71.27,37.9],[71.36,38.22],[71.18,38.42],[70.71,38.42],[70.21,38.03],[70.16,37.84],[70.27,37.64],[70.08,37.51],[69.55,37.58],[69.35,37.13],[69.12,37.13],[69.01,37.32],[68.78,37.32],[68.15,37],[67.92,37],[67.75,37.25],[67.12,37.25],[67,37.38],[66.52,37.32],[65.63,37.51],[65.24,37.84],[64.66,38.03],[64.37,38.42],[64.01,38.55],[63.84,38.8],[63.42,39],[63.25,39.26],[63.09,39.26],[62.65,39.71],[62.58,40.03],[66.02,40.74],[66.48,40.94],[66.51,41.07],[67.39,41.59],[67.43,41.72],[68.45,42.43],[68.5,42.82],[68.42,42.82],[68.53,43.15],[68.45,43.15],[68.56,43.47],[68.38,43.67],[68.43,43.8],[68.17,43.99],[68.9,43.99],[69.95,44.25],[70.96,45.69],[72.03,46.61],[73.18,46.81],[73.91,46.81],[73.89,46.74],[74.36,46.68],[74.33,46.61],[73.95,46.48],[73.87,46.28],[73.63,46.28],[73.53,46.02],[73.72,46.09],[73.64,45.89],[73.5,45.96],[73.33,45.5],[73.74,45.3],[73.91,45.1],[73.86,44.97],[74.13,45.04],[74.25,45.37],[74.12,45.43],[74.32,45.96],[74.75,46.02],[74.88,46.35],[75.32,46.41],[75.45,46.55],[77.39,46.48],[77.36,46.41],[77.83,46.35],[77.8,46.28],[78.46,46.28],[78.97,46.35],[79.09,46.61],[79.28,46.68],[79.31,46.74],[79.61,46.68],[80.07,46.81],[80.32,46.61],[80.83,46.48],[80.91,46.48],[81.3,46.41],[81.27,46.35],[81.71,46.41],[81.65,46.28],[82.21,45.69],[82.15,45.56],[82.23,45.56],[82.07,45.37],[82.28,45.3],[82.12,45.1],[82.2,45.1],[82.14,44.97],[82.25,44.84],[82.17,44.65],[82.25,44.65],[82.35,43.73],[83.25,42.63],[83.23,42.56],[82.56,42.3],[81.98,42.24],[80.13,42.43],[80,42.3],[77.43,41.39],[75.41,41.07],[74.27,41],[74.04,40.55],[73.74,40.36],[73.8,40.29],[73.57,39.58],[73.42,39.58],[73.45,39.45],[73.69,39.45],[73.67,39.38],[73.83,38.61],[74.42,38.74],[74.89,38.48],[74.81,38.22],[74.89,38.22],[74.89,37.96],[75.05,37.71],[74.99,37.51],[75.11,37.39],[74.82,37.52],[73.07,37.73],[71.94,37.75],[71.56,37.53],[71.58,37.58],[71.5,37.58]]],[[[82.31,45.56],[82.23,45.56],[82.26,45.63],[82.34,45.63],[82.31,45.56]]]]}},{"type":"Feature","properties":{"NAME":"Bagratid Armenia","C":5,"name":"Bagratid Armenia","start_year":1000,"end_year":1009,"capital":"","type":"polity","region":"","event":"","source":"Cliopatria / Seshat Global History Databank (CC BY 4.0)","wikipedia":"Bagratid Armenia","wikidata":"Q2622868","_a":10,"_c":[44.82,40.07],"_nz":"巴格拉提德亚美尼亚","_sz":""},"geometry":{"type":"Polygon","coordinates":[[[46.45,40.36],[45.82,40.36],[45.74,40.36],[45.46,40.55],[45.6,40.87],[45.3,41],[45.11,41.26],[44.32,41.26],[44.24,41.26],[43.98,41.13],[43.58,41.13],[43.48,41],[43.15,40.94],[43.1,40.68],[42.78,40.61],[42.81,39.84],[42.88,39.84],[42.92,39.58],[43.23,39.51],[43.42,39.26],[43.72,39.19],[43.99,39.38],[44.4,39.45],[44.52,39.71],[44.83,39.71],[45.15,39.71],[45.43,39.51],[45.67,39.51],[45.79,39.32],[45.95,39.32],[46.22,39.06],[46.26,38.87],[46.67,38.93],[46.86,39.58],[46.64,39.64],[46.6,39.9],[46.34,40.16],[46.45,40.36]]]}},{"type":"Feature","properties":{"NAME":"Viking settlements","C":4,"name":"Viking settlements","start_year":1000,"end_year":1002,"capital":"","type":"polity","region":"","event":"","source":"Cliopatria / Seshat Global History Databank (CC BY 4.0)","wikipedia":"Vikings","wikidata":"Q12567","_a":686,"_c":[-30.98,58.27],"_nz":"维京定居点","_sz":""},"geometry":{"type":"MultiPolygon","coordinates":[[[[-55.53,51.38],[-55.87,51.38],[-55.88,51.58],[-55.75,51.65],[-55.66,51.65],[-55.46,51.58],[-55.53,51.38]]],[[[-8.12,52.12],[-8.02,51.98],[-8.08,51.78],[-8.16,51.78],[-8.58,51.71],[-8.71,52.05],[-8.12,52.12]]],[[[-8.38,52.72],[-8.37,52.65],[-8.46,52.65],[-8.46,52.72],[-8.38,52.72]]],[[[-48.04,60.84],[-48.11,61.12],[-48.61,61.19],[-48.68,61.48],[-49.23,61.48],[-49.36,61.69],[-49.17,61.69],[-49.21,61.76],[-49.44,61.83],[-49.57,62.05],[-49.14,62.12],[-49.27,62.33],[-48.67,62.26],[-47.45,61.26],[-47.41,61.19],[-47.74,61.12],[-47.53,60.91],[-47.68,60.84],[-47.77,60.84],[-47.73,60.77],[-48.04,60.84]]],[[[-50.07,63.05],[-50.03,62.98],[-50.22,62.98],[-50.04,62.83],[-50.37,62.76],[-50.72,63.19],[-51.01,63.19],[-51.19,63.34],[-51.23,63.41],[-50.52,63.48],[-50.53,63.34],[-50.07,63.05]]],[[[-50.61,63.62],[-51.42,63.55],[-51.69,63.84],[-51.51,63.84],[-51.74,64.2],[-52.02,64.2],[-52.25,64.71],[-51.16,64.64],[-51.3,64.86],[-51.15,64.93],[-51.25,65.08],[-50.91,65],[-50.91,65.15],[-50.48,65.08],[-50.53,65.15],[-50.14,65.15],[-49.72,64.93],[-49.35,64.35],[-49.5,64.28],[-49.41,64.13],[-49.51,64.13],[-49.51,63.99],[-49.99,63.84],[-50.09,63.84],[-50.04,63.77],[-50.66,63.7],[-50.61,63.62]]],[[[-7.4,52.45],[-7.02,52.12],[-7.53,52.12],[-7.61,52.12],[-7.65,52.38],[-7.4,52.45]]],[[[-6.28,52.38],[-6.43,52.18],[-6.77,52.18],[-6.79,52.32],[-6.79,52.38],[-6.56,52.59],[-6.31,52.59],[-6.28,52.38]]],[[[-6.18,52.92],[-6.15,52.65],[-6.31,52.59],[-6.32,52.65],[-6.4,52.65],[-6.43,52.86],[-6.18,52.92]]],[[[-6.09,53.53],[-6.24,53.39],[-6.15,53.33],[-6.09,52.92],[-6.47,53.19],[-6.81,53.12],[-6.84,53.39],[-6.6,53.53],[-6.61,53.6],[-6.19,53.66],[-6.09,53.53]]],[[[-6.74,61.62],[-6.72,61.48],[-6.71,61.41],[-6.99,61.48],[-7.02,61.62],[-6.74,61.62]]],[[[-6.96,62.4],[-6.77,62.33],[-6.66,62.26],[-6.69,61.9],[-6.79,61.9],[-7.28,62.05],[-7.32,62.33],[-6.96,62.4]]]]}},{"type":"Feature","properties":{"NAME":"Kingdom of Khotan","C":11,"name":"Kingdom of Khotan","start_year":1000,"end_year":1002,"capital":"于阗","type":"polity","region":"central_asia","event":"","source":"Cliopatria / Seshat Global History Databank (CC BY 4.0)","wikipedia":"Kingdom of Khotan","wikidata":"Q914898","_a":77,"_c":[80.03,39.52],"_nz":"于阗","_sz":""},"geometry":{"type":"Polygon","coordinates":[[[86.44,38.35],[86.63,38.87],[86.3,39.26],[85.98,39.26],[84.77,38.74],[83.92,38.55],[82.43,38.55],[80.86,39],[80.46,39.45],[80.51,39.58],[80.32,39.71],[80.36,39.84],[80.23,39.9],[80.24,40.16],[80.16,40.16],[80.25,40.42],[80.17,40.42],[80.61,41.39],[81.13,41.72],[81.18,41.85],[81.98,42.24],[80.13,42.43],[80,42.3],[77.43,41.39],[75.41,41.07],[74.27,41],[74.04,40.55],[73.74,40.36],[73.8,40.29],[73.57,39.58],[73.42,39.58],[73.45,39.45],[73.69,39.45],[73.77,39.45],[75.79,39.13],[77.03,38.8],[77.26,38.55],[77.41,38.55],[77.51,38.35],[77.67,38.35],[77.84,38.16],[77.8,38.03],[78.09,37.71],[78.39,37.64],[78.42,37.51],[79.15,37.32],[79.4,37.13],[80.37,37],[81.05,36.67],[81.03,36.61],[85.11,37.45],[85.13,37.51],[85.81,37.9],[86.08,38.22],[86.42,38.29],[86.44,38.35]]]}},{"type":"Feature","properties":{"NAME":"Ghaznavid Empire","C":8,"name":"Ghaznavid Empire","start_year":1000,"end_year":1014,"capital":"","type":"polity","region":"","event":"","source":"Cliopatria / Seshat Global History Databank (CC BY 4.0)","wikipedia":"Ghaznavids","wikidata":"Q12844800","_a":384,"_c":[62.9,34.26],"_nz":"伽色尼帝国","_sz":""},"geometry":{"type":"Polygon","coordinates":[[[66.64,24.91],[66.62,25.36],[66.35,25.55],[66.02,25.36],[64.82,25.29],[64.8,25.16],[64.28,25.23],[64.23,25.36],[63.63,25.36],[63.54,25.23],[62.56,25.23],[62.47,25.1],[62.18,25.16],[62.02,25.04],[61.72,25.04],[61.66,25.16],[61.13,25.1],[60.92,25.23],[60.62,25.23],[60.63,25.36],[59.06,25.36],[58.78,25.55],[57.96,25.55],[57.74,25.62],[57.68,25.74],[57.38,25.74],[57.18,25.94],[57.13,26.19],[57.14,26.26],[57.79,26.71],[57.94,26.71],[58.45,27.22],[58.84,28.44],[58.91,28.44],[58.87,29.22],[58.59,29.86],[58.45,29.92],[58.46,30.05],[58.26,30.18],[58.14,30.44],[57.85,30.5],[57.79,30.63],[57.5,30.69],[57.16,30.95],[56.28,31.14],[56.2,31.59],[56.12,31.59],[56.11,32.04],[55.96,32.04],[55.19,32.94],[54.97,33.01],[54.83,33.52],[54.68,33.59],[54.71,33.71],[54.56,33.78],[54.53,34.04],[54.45,34.04],[54.5,34.29],[54.37,34.42],[54.37,34.87],[54.25,35.07],[54.83,36.55],[54.63,36.74],[54.66,36.87],[54.07,37.06],[54.08,37.13],[53.91,37.45],[53.91,37.84],[53.83,37.84],[53.99,39],[53.52,39.38],[53.14,39.45],[53.54,39.51],[53.5,40.03],[52.79,40.03],[52.78,40.36],[52.7,40.36],[52.89,40.87],[52.97,40.87],[52.94,40.74],[53.34,40.74],[53.45,40.87],[53.4,40.68],[54.37,40.74],[54.39,40.81],[56.83,40.74],[57.46,41.39],[57.56,41.78],[57.96,42.37],[58.05,43.02],[58.34,43.47],[58.42,43.47],[58.63,43.67],[59.12,43.41],[60.29,43.54],[60.37,43.54],[60.39,43.34],[61.01,42.69],[61.17,42.69],[61.4,42.37],[61.56,42.37],[61.78,42.04],[62.07,41.91],[62.13,41.59],[62.44,41.26],[62.41,40.87],[62.3,40.74],[62.4,40.55],[62.32,40.23],[62.46,40.16],[62.42,40.03],[62.58,40.03],[62.65,39.71],[63.09,39.26],[63.25,39.26],[63.42,39],[63.84,38.8],[64.01,38.55],[64.37,38.42],[64.66,38.03],[65.24,37.84],[65.63,37.51],[66.52,37.32],[67,37.38],[67.12,37.25],[67.75,37.25],[67.92,37],[68.15,37],[68.78,37.32],[69.01,37.32],[69.12,37.13],[69.35,37.13],[69.55,37.58],[70.08,37.51],[70.27,37.64],[70.16,37.84],[70.21,38.03],[70.71,38.42],[71.18,38.42],[71.36,38.22],[71.27,37.9],[71.51,37.9],[71.5,37.58],[71.58,37.58],[71.56,37.53],[71.27,37.39],[71.12,37.31],[70.96,36.92],[70.98,35.89],[71.61,35.48],[72.39,35.45],[73.02,35.09],[73.01,35.07],[73.09,35.05],[73.02,34.81],[72.46,34.1],[71.96,33.91],[71.53,33.39],[71.48,33.2],[71.59,33.01],[71.23,32.75],[71.17,32.49],[70.85,32.04],[70.58,29.95],[70.57,29.95],[70.28,29.95],[70,29.81],[69.64,29.36],[68.69,29.19],[68.13,29.39],[67.64,29.28],[67.52,29.12],[67.5,28.37],[67.17,27.45],[67.16,26.1],[67.03,25.55],[66.67,25.03],[66.67,24.86],[66.66,24.84],[66.63,24.84],[66.64,24.91]]]}},{"type":"Feature","properties":{"NAME":"Byzantine Empire","C":8,"name":"Byzantine Empire","start_year":1000,"end_year":1002,"capital":"","type":"polity","region":"","event":"","source":"Cliopatria / Seshat Global History Databank (CC BY 4.0)","wikipedia":"Byzantine Empire","wikidata":"Q112039853","_a":297,"_c":[29.45,39.8],"_nz":"拜占庭帝国","_sz":""},"geometry":{"type":"MultiPolygon","coordinates":[[[[24.16,35.52],[24.15,35.39],[24.3,35.32],[25.69,35.32],[25.68,35.13],[26.23,35.19],[26.14,35.07],[24.82,35],[24.76,35.19],[24.53,35.19],[24.45,35.19],[23.68,35.26],[23.62,35.52],[24.16,35.52]]],[[[22.89,36.42],[22.96,36.42],[23.12,36.35],[23.11,36.16],[22.87,36.16],[22.89,36.42]]],[[[24.28,37.71],[24.36,37.71],[24.43,37.58],[24.27,37.51],[24.2,37.64],[24.28,37.71]]],[[[25.05,37.51],[24.99,37.71],[25.06,37.71],[25.22,37.71],[25.29,37.51],[25.05,37.51]]],[[[20.62,37.9],[20.7,37.9],[20.93,37.9],[20.92,37.64],[20.61,37.71],[20.62,37.9]]],[[[24.69,38.03],[24.77,38.03],[25.07,37.77],[24.83,37.71],[24.68,37.84],[24.69,38.03]]],[[[20.32,38.16],[20.33,38.35],[20.49,38.42],[20.57,38.42],[20.8,38.29],[20.79,38.09],[20.32,38.16]]],[[[23.57,38.8],[23.56,38.74],[23.48,38.74],[23.49,38.8],[23.57,38.8]]],[[[24.36,39],[24.44,39],[24.67,38.93],[24.66,38.74],[24.36,38.87],[24.36,39]]],[[[19.92,39.77],[19.92,39.71],[19.91,39.58],[19.76,39.64],[19.76,39.77],[19.92,39.77]]],[[[16.66,38.93],[16.5,38.8],[16.49,38.42],[15.93,37.96],[15.7,37.96],[15.63,38.29],[15.94,38.35],[15.95,38.67],[16.27,38.74],[16.27,38.93],[16.12,39.06],[15.9,39.77],[15.67,39.9],[15.75,40.03],[15.67,40.03],[15.59,40.03],[15.52,40.42],[15.44,40.42],[15.54,41],[15.38,41],[15.31,41.59],[15.48,41.72],[15.4,41.91],[15.48,41.91],[16.12,41.91],[16.11,41.78],[15.87,41.72],[15.94,41.39],[17.2,41],[17.51,40.74],[17.98,40.61],[18.44,40.16],[18.35,39.9],[18.11,39.9],[17.81,40.36],[17.42,40.36],[17.35,40.55],[17.03,40.55],[16.87,40.48],[16.95,40.42],[16.86,40.29],[16.62,40.29],[16.7,40.1],[16.45,39.9],[16.45,39.84],[16.45,39.64],[17.07,39.38],[17.14,39.06],[16.66,38.93]]],[[[24.49,40.81],[24.57,40.81],[24.81,40.81],[24.79,40.61],[24.55,40.55],[24.49,40.81]]],[[[18.14,42.63],[17.83,42.89],[17.51,42.82],[17.52,42.95],[17.52,43.02],[17.68,43.02],[17.76,43.15],[18.09,43.15],[18.24,43.02],[18.48,43.02],[19.64,42.04],[19.72,42.04],[19.71,41.91],[19.39,41.85],[18.85,42.37],[18.14,42.63]]],[[[17.67,42.76],[17.75,42.76],[17.75,42.69],[17.67,42.69],[17.67,42.76]]],[[[34.09,35],[33.7,34.94],[33.52,34.74],[33.13,34.68],[33.04,34.55],[32.37,34.74],[32.23,34.94],[32.25,35.13],[32.55,35.13],[32.88,35.26],[32.89,35.39],[33.74,35.39],[34.31,35.71],[34.39,35.71],[34.54,35.71],[34.53,35.58],[33.96,35.26],[34.09,35]]],[[[27.69,36.29],[28.02,36.48],[28.09,36.48],[28.25,36.48],[28.14,36.03],[27.74,35.9],[27.69,36.29]]],[[[27.12,36.93],[27.19,36.8],[26.87,36.67],[27.04,36.93],[27.12,36.93]]],[[[25.34,37.13],[25.42,37.13],[25.57,37.13],[25.56,37],[25.33,37],[25.34,37.13]]],[[[26.08,37.71],[26.16,37.71],[26.31,37.71],[26.3,37.58],[25.99,37.51],[26.08,37.71]]],[[[25.9,38.48],[25.82,38.48],[25.91,38.67],[25.99,38.67],[26.22,38.55],[26.11,38.16],[25.88,38.16],[25.9,38.48]]],[[[31.18,41.07],[31.53,41.39],[32.03,41.52],[32.04,41.65],[32.19,41.59],[32.69,41.78],[32.63,41.91],[34.78,41.91],[34.88,42.04],[35.12,42.04],[35.09,41.78],[35.31,41.65],[35.95,41.72],[36.21,41.26],[36.77,41.33],[37.07,41.13],[37.23,41.2],[37.21,41.07],[37.77,41.07],[37.83,40.94],[38.16,41],[38.3,40.87],[38.78,40.94],[39.05,41.13],[39.74,40.94],[40.37,40.94],[40.39,41.07],[40.54,41],[41.05,41.2],[41.16,41.39],[41.31,41.33],[41.41,41.46],[41.57,41.46],[41.58,41.52],[42.44,41.46],[42.62,41.59],[42.86,41.59],[43.19,41.2],[43.58,41.13],[43.48,41],[43.15,40.94],[43.1,40.68],[42.78,40.61],[42.81,39.84],[42.88,39.84],[42.92,39.58],[42.58,39.38],[42.47,39.19],[42.23,39.19],[42.13,39.06],[42.07,38.67],[42.5,38.35],[42.48,38.22],[42.17,38.29],[41.81,37.38],[41.58,37.38],[41.59,37.51],[41.38,37.64],[41.4,37.77],[40.69,37.77],[39.39,37.38],[38.74,37.13],[38.72,37],[38.49,37],[38.39,36.87],[37.28,36.67],[37.03,36.48],[37.01,36.35],[36.69,36.22],[36.34,35.9],[36.35,35.26],[36.18,35.13],[36.17,34.94],[36.31,34.87],[36.29,34.68],[36.22,34.68],[36.06,34.61],[35.93,34.87],[35.89,35.26],[35.99,35.52],[35.84,35.58],[35.99,36.22],[35.85,36.35],[36.26,36.61],[36.29,36.8],[36.14,36.93],[35.83,36.93],[35.49,36.61],[35.11,36.74],[34.95,36.67],[34.89,36.87],[34.58,36.87],[34.25,36.67],[33.98,36.29],[33.27,36.22],[32.71,36.03],[32.56,36.03],[32.5,36.22],[32.07,36.61],[31.09,36.93],[30.62,36.93],[30.49,36.35],[30.03,36.35],[29.94,36.22],[29.24,36.22],[29.12,36.74],[28.74,36.74],[28.59,36.87],[28.36,36.87],[28.19,36.67],[28.03,36.67],[28.14,37.06],[28.07,37.13],[27.6,37.13],[27.54,37.38],[27.22,37.32],[27.31,37.45],[27.16,37.58],[27.26,37.77],[27.18,37.77],[27.28,38.03],[26.89,38.09],[26.82,38.22],[26.43,38.22],[26.38,38.67],[26.54,38.61],[26.59,38.35],[27.06,38.35],[27.08,38.55],[26.85,38.61],[26.96,39],[26.88,39],[26.89,39.19],[26.74,39.26],[26.85,39.58],[26.13,39.51],[26.27,40.29],[26.6,40.48],[26.68,40.48],[26.67,40.36],[27.47,40.42],[27.54,40.29],[27.7,40.29],[27.79,40.48],[27.95,40.48],[27.94,40.36],[29.05,40.36],[28.9,40.48],[28.91,40.61],[29.39,40.68],[29.49,40.87],[29.25,40.81],[29.1,40.94],[29.12,41.07],[27.53,41.07],[27.02,40.68],[26.92,40.48],[26.77,40.55],[26.93,40.61],[26.85,40.61],[26.77,40.61],[26.78,40.68],[26.7,40.68],[26.62,40.68],[26.55,40.74],[26.14,40.61],[26.08,40.87],[25.85,40.94],[24.35,41],[24.01,40.74],[23.7,40.81],[23.68,40.61],[23.84,40.55],[23.74,40.23],[22.96,40.42],[22.89,40.61],[22.57,40.55],[22.54,40.1],[22.7,40.1],[22.61,39.9],[23.14,39.45],[22.82,39.38],[22.8,39.06],[22.96,39.13],[23.49,38.87],[23.33,38.8],[23.03,38.93],[22.94,38.74],[23.17,38.67],[23.31,38.48],[23.63,38.48],[23.56,38.74],[24.03,38.67],[24.18,38.55],[24.16,38.22],[24,38.22],[23.98,37.84],[23.44,38.03],[23.21,38.03],[23.2,37.9],[23.04,37.9],[23.11,37.64],[23.34,37.64],[23.4,37.32],[23.17,37.32],[23.18,37.45],[22.95,37.58],[22.71,37.58],[22.7,37.32],[22.85,37.25],[23.06,36.67],[22.83,36.87],[22.6,36.87],[22.51,36.67],[22.36,36.67],[22.22,37.06],[21.91,37.06],[21.9,36.87],[21.74,36.87],[21.68,37.19],[21.6,37.19],[21.7,37.51],[21.24,37.84],[21.42,38.16],[21.73,38.16],[21.74,38.35],[21.19,38.42],[20.97,38.74],[20.74,38.8],[20.91,39.06],[20.37,39.32],[20.38,39.38],[22.41,39.19],[22.83,39.58],[22.67,39.64],[22.68,39.77],[22.39,40.1],[22.5,40.74],[23,41],[23.47,41],[24.21,41.26],[24.52,41.26],[24.78,41.46],[24.8,41.72],[24.49,41.91],[24.5,42.04],[25.68,42.69],[25.76,42.69],[25.76,42.76],[27.79,43.02],[27.79,42.95],[27.87,42.95],[27.85,42.76],[27.51,42.63],[27.49,42.43],[27.94,42.04],[27.98,41.65],[28.22,41.65],[28.35,41.39],[28.97,41.2],[28.96,41.13],[30.48,41.2],[30.62,41.07],[31.18,41.07]]],[[[26.09,39],[26.1,39.13],[25.79,39.19],[26.04,39.38],[26.12,39.38],[26.51,39.32],[26.64,39],[26.25,38.93],[26.09,39]]],[[[25.07,40.03],[25.15,40.03],[25.46,40.03],[25.45,39.84],[24.97,39.84],[25.07,40.03]]],[[[25.72,40.29],[25.8,40.29],[26.04,40.29],[26.02,40.16],[25.7,40.1],[25.72,40.29]]],[[[33.6,45.04],[33.68,45.04],[33.76,45.04],[33.84,45.04],[33.93,45.04],[34.01,45.04],[34.09,45.04],[34.08,44.97],[34.24,44.97],[34.39,44.84],[34.37,44.71],[34.1,44.52],[33.76,44.45],[33.68,44.45],[33.6,44.45],[33.52,44.45],[33.53,44.52],[33.45,44.52],[33.47,44.65],[33.55,44.65],[33.6,45.04]]]]}}]}