{"type":"FeatureCollection", "features": [
{"type":"Feature","geometry":{"type":"Polygon","coordinates":[[[114.89,-2.93],[114.59,-2.86],[114.52,-2.74],[114.08,-2.8],[113.57,-2.61],[112.4,-2.61],[111.61,-2.8],[111.71,-3.64],[111.85,-3.64],[112.06,-3.38],[112.65,-3.44],[113,-3.06],[113.08,-3.25],[113.44,-3.25],[113.52,-3.51],[113.82,-3.51],[113.88,-3.38],[114.18,-3.38],[114.18,-3.51],[114.4,-3.44],[114.5,-4.21],[114.86,-4.15],[114.93,-4.02],[115.79,-3.7],[115.63,-3.44],[114.96,-2.93],[114.89,-2.93]]]},"properties":{"NAME":"Sultanate of Banjar","C":0,"name":"Sultanate of Banjar","start_year":1526,"end_year":1858,"capital":"","type":"polity","region":"","event":"","source":"Cliopatria / Seshat Global History Databank (CC BY 4.0)","wikipedia":"Sultanate of Banjar","wikidata":"Q1660566","_a":7,"_c":[113.7,-3.41],"_nz":"班贾尔苏丹国","_sz":""}},
{"type":"Feature","geometry":{"type":"Polygon","coordinates":[[[101.7,3.76],[101.7,3.89],[101.57,4.21],[101.43,4.27],[101.53,4.85],[101.55,5.11],[101.78,5.3],[101.73,5.75],[101.45,5.88],[101.14,5.62],[101,5.69],[100.91,5.36],[100.68,5.17],[100.6,5.17],[100.38,5.04],[100.37,4.85],[100.51,4.79],[100.48,4.21],[100.68,3.82],[100.75,3.82],[100.98,3.89],[101.11,3.69],[101.26,3.82],[101.4,3.69],[101.7,3.76]]]},"properties":{"NAME":"Sultanate of Perak","C":7,"name":"Sultanate of Perak","start_year":1609,"end_year":1821,"capital":"","type":"polity","region":"","event":"","source":"Cliopatria / Seshat Global History Databank (CC BY 4.0)","wikipedia":"Sultan of Perak","wikidata":"Q2649311","_a":3,"_c":[101.08,4.79],"_nz":"霹雳苏丹国","_sz":""}},
{"type":"Feature","geometry":{"type":"Polygon","coordinates":[[[125.81,6.97],[125.75,7.1],[125.6,7.1],[125.59,6.97],[125.81,6.97]]]},"properties":{"NAME":"Sultanate of Maguindanao","C":0,"name":"Sultanate of Maguindanao","start_year":1612,"end_year":1848,"capital":"","type":"polity","region":"","event":"","source":"Cliopatria / Seshat Global History Databank (CC BY 4.0)","wikipedia":"Sultanate of Maguindanao","wikidata":"Q248572","_a":0,"_c":[125.7,7.01],"_nz":"马京达瑙苏丹国","_sz":""}},
{"type":"Feature","geometry":{"type":"Polygon","coordinates":[[[110.37,-2.93],[110.52,-2.93],[110.33,-1.39],[110.26,-1.39],[110.25,-1.06],[109.88,-0.94],[109.81,-1.06],[109.89,-1.32],[109.9,-1.64],[109.75,-1.71],[109.76,-1.9],[109.98,-2.03],[110.09,-3.06],[110.37,-2.93]]]},"properties":{"NAME":"Sultanate of Sukadana","C":0,"name":"Sultanate of Sukadana","start_year":1619,"end_year":1829,"capital":"","type":"polity","region":"","event":"","source":"Cliopatria / Seshat Global History Databank (CC BY 4.0)","wikipedia":"Tanjungpura Kingdom","wikidata":"Q3446232","_a":2,"_c":[110.1,-2],"_nz":"苏卡达纳苏丹国","_sz":""}},
{"type":"Feature","geometry":{"type":"Polygon","coordinates":[[[109.48,1.96],[109.34,2.02],[109.19,1.89],[109.11,1.64],[108.88,1.51],[108.79,0.93],[109.31,1.12],[109.46,1.25],[109.54,1.57],[109.61,1.57],[109.48,1.96]]]},"properties":{"NAME":"Sultanate of Sambas","C":9,"name":"Sultanate of Sambas","start_year":1619,"end_year":1819,"capital":"","type":"polity","region":"","event":"","source":"Cliopatria / Seshat Global History Databank (CC BY 4.0)","wikipedia":"Sultanate of Sambas","wikidata":"Q3109927","_a":1,"_c":[109.24,1.48],"_nz":"三发苏丹国","_sz":""}},
{"type":"Feature","geometry":{"type":"Polygon","coordinates":[[[109.22,0.74],[109,0.74],[108.85,0.61],[108.71,0.67],[108.77,0.29],[108.91,0.16],[109.36,0.48],[109.36,0.61],[109.22,0.74]]]},"properties":{"NAME":"Sultanate of Mempawah","C":4,"name":"Sultanate of Mempawah","start_year":1619,"end_year":1824,"capital":"","type":"polity","region":"","event":"","source":"Cliopatria / Seshat Global History Databank (CC BY 4.0)","wikipedia":"Mempawah Kingdom","wikidata":"Q19746028","_a":0,"_c":[109.04,0.45],"_nz":"孟巴瓦苏丹国","_sz":""}},
{"type":"Feature","geometry":{"type":"MultiPolygon","coordinates":[[[[119.6,-8.84],[119.75,-8.91],[120.62,-8.84],[120.87,-8.33],[120.06,-8.26],[120,-8.39],[119.71,-8.46],[119.66,-8.65],[119.44,-8.71],[119.6,-8.84]]],[[[119.21,-8.52],[119.29,-8.65],[119.51,-8.59],[119.42,-8.39],[119.27,-8.39],[119.21,-8.52]]],[[[118.54,-8.33],[118.65,-8.78],[119.08,-8.71],[118.9,-8.26],[118.54,-8.33]]]]},"properties":{"NAME":"Sultanate of Bima","C":11,"name":"Sultanate of Bima","start_year":1626,"end_year":1865,"capital":"","type":"polity","region":"","event":"","source":"Cliopatria / Seshat Global History Databank (CC BY 4.0)","wikipedia":"Bima Sultanate","wikidata":"Q2817348","_a":2,"_c":[119.71,-8.59],"_nz":"比马苏丹国","_sz":""}},
{"type":"Feature","geometry":{"type":"Polygon","coordinates":[[[22.88,10.89],[22.96,11.28],[22.6,11.54],[22.68,11.99],[22.54,12.05],[22.47,12.24],[22.47,12.63],[22.19,12.89],[22.28,13.91],[22.21,13.91],[22.21,14.24],[22.29,14.24],[22.46,15.39],[20.92,15.46],[20.32,15.26],[20.1,15.33],[20.03,15.14],[19.29,14.81],[19.21,14.69],[18.03,14.36],[14.95,14.36],[15.89,13.59],[15.89,13.46],[16.54,12.89],[16.61,12.37],[17.04,12.05],[17.04,11.92],[17.4,11.6],[17.55,11.6],[17.83,11.02],[17.83,10.76],[17.9,10.76],[19.15,11.02],[19.59,10.89],[19.73,10.89],[19.81,11.02],[22.8,10.89],[22.88,10.89]]]},"properties":{"NAME":"Wadai Empire","C":10,"name":"Wadai Empire","start_year":1636,"end_year":1889,"capital":"","type":"polity","region":"","event":"","source":"Cliopatria / Seshat Global History Databank (CC BY 4.0)","wikipedia":"Wadai Empire","wikidata":"Q1132786","_a":38,"_c":[18.95,13.11],"_nz":"瓦达伊帝国","_sz":""}},
{"type":"Feature","geometry":{"type":"Polygon","coordinates":[[[27.5,11.34],[27.44,11.92],[27.37,11.92],[27.39,13.01],[27.77,13.53],[27.79,13.98],[27.65,14.36],[27.37,14.69],[27.28,16.55],[27.2,16.55],[25.57,16.29],[24.23,15.71],[22.91,15.71],[22.61,15.59],[22.46,15.39],[22.29,14.24],[22.21,14.24],[22.21,13.91],[22.28,13.91],[22.19,12.89],[22.47,12.63],[22.47,12.24],[22.54,12.05],[22.68,11.99],[22.6,11.54],[22.96,11.28],[22.88,10.89],[22.88,10.83],[23.61,10.83],[24.71,11.21],[26.99,11.41],[27.43,11.34],[27.5,11.34]]]},"properties":{"NAME":"Sultanate of Darfur","C":10,"name":"Sultanate of Darfur","start_year":1636,"end_year":1821,"capital":"","type":"polity","region":"","event":"","source":"Cliopatria / Seshat Global History Databank (CC BY 4.0)","wikipedia":"Sultanate of Darfur","wikidata":"Q1474791","_a":32,"_c":[24.99,13.69],"_nz":"达尔富尔苏丹国","_sz":""}},
{"type":"Feature","geometry":{"type":"Polygon","coordinates":[[[98.23,4.27],[98.24,4.53],[98.02,4.59],[97.83,5.04],[97.47,5.24],[97.48,5.3],[96.24,5.24],[95.6,5.69],[95.24,5.69],[95.09,5.56],[95.07,5.17],[95.34,4.85],[95.33,4.72],[96.1,4.01],[97.13,4.14],[97.48,3.95],[97.69,3.69],[97.84,3.82],[98,4.21],[98.23,4.27]]]},"properties":{"NAME":"Sultanate of Aceh","C":9,"name":"Sultanate of Aceh","start_year":1640,"end_year":1861,"capital":"","type":"polity","region":"","event":"","source":"Cliopatria / Seshat Global History Databank (CC BY 4.0)","wikipedia":"Aceh Sultanate","wikidata":"Q1061057","_a":6,"_c":[96.66,4.69],"_nz":"亚齐苏丹国","_sz":""}},
{"type":"Feature","geometry":{"type":"MultiPolygon","coordinates":[[[[126.7,33.26],[126.78,33.26],[127,33.59],[126.36,33.52],[126.14,33.2],[126.7,33.26]]],[[[124.27,39.9],[124.51,39.64],[124.86,39.71],[124.87,39.58],[125.31,39.51],[125.39,39.38],[124.79,38.29],[124.76,38.09],[125.08,38.09],[124.9,37.9],[125.21,37.9],[125.39,37.64],[125.68,37.9],[125.84,37.77],[126.35,37.84],[126.25,37.64],[126.6,37.58],[126.54,37.45],[126.7,37.32],[126.65,37.06],[126.3,37],[126.05,36.8],[126.26,36.61],[126.45,36.67],[126.43,36.16],[126.52,36.03],[126.68,36.03],[126.3,35.26],[126.2,34.87],[126.48,34.81],[126.12,34.36],[126.42,34.36],[126.63,34.29],[127.13,34.55],[127.22,34.42],[127.38,34.42],[127.76,34.74],[128.07,34.74],[128.08,34.94],[128.31,34.94],[128.33,34.81],[128.68,34.74],[128.81,35],[128.55,34.94],[128.53,35.07],[129.15,35.07],[129.62,35.71],[129.67,35.97],[129.58,36.1],[129.42,36.1],[129.4,36.35],[129.53,37.06],[129.47,37.25],[129.26,37.58],[129.1,37.58],[128.84,37.96],[128.36,38.8],[127.92,39],[127.8,39.19],[127.44,39.26],[127.67,39.64],[127.58,39.77],[127.93,39.97],[128.37,40.03],[128.68,40.29],[129.08,40.42],[129.24,40.68],[129.76,40.87],[129.88,41.2],[129.73,41.33],[129.7,41.65],[130.32,42.24],[130.69,42.43],[130.3,42.56],[130.2,42.89],[129.84,42.95],[129.7,42.5],[129.17,42.3],[128.84,42.04],[128.07,41.98],[128.34,41.65],[128.1,41.39],[127.34,41.46],[127.11,41.59],[127.07,41.78],[126.83,41.78],[126.11,41],[124.57,40.29],[124.27,39.9]]]]},"properties":{"NAME":"Joseon","C":10,"name":"Joseon","start_year":1640,"end_year":1859,"capital":"","type":"polity","region":"","event":"","source":"Cliopatria / Seshat Global History Databank (CC BY 4.0)","wikipedia":"Joseon","wikidata":"Q28405","_a":63,"_c":[127.48,38.08],"_nz":"朝鲜王朝","_sz":""}},
{"type":"Feature","geometry":{"type":"Polygon","coordinates":[[[120.16,-5.24],[120.23,-5.24],[120.28,-4.66],[119.92,-4.79],[119.94,-5.18],[120.16,-5.24]]]},"properties":{"NAME":"Sultanate of Bone","C":4,"name":"Sultanate of Bone","start_year":1670,"end_year":1856,"capital":"","type":"polity","region":"","event":"","source":"Cliopatria / Seshat Global History Databank (CC BY 4.0)","wikipedia":"Sultan","wikidata":"Q43292","_a":0,"_c":[120.1,-4.95],"_nz":"波尼苏丹国","_sz":""}},
{"type":"Feature","geometry":{"type":"Polygon","coordinates":[[[103.15,-2.41],[103.29,-2.41],[103.43,-2.09],[103.86,-1.84],[103.86,-1.77],[104.44,-1.64],[104.44,-1.58],[104.21,-1],[103.62,-1],[103.4,-0.74],[103.33,-0.74],[102.82,-0.81],[102.68,-1.06],[102.46,-1.06],[102.31,-0.87],[101.73,-1],[101.74,-1.19],[102.1,-1.32],[102.7,-1.9],[102.99,-1.96],[103.15,-2.41]]]},"properties":{"NAME":"Sultanate of Jambi","C":9,"name":"Sultanate of Jambi","start_year":1670,"end_year":1821,"capital":"","type":"polity","region":"","event":"","source":"Cliopatria / Seshat Global History Databank (CC BY 4.0)","wikipedia":"Jambi Sultanate","wikidata":"Q1679856","_a":5,"_c":[103.09,-1.58],"_nz":"占碑苏丹国","_sz":""}},
{"type":"Feature","geometry":{"type":"MultiPolygon","coordinates":[[[[109.69,1.57],[110.04,1.38],[110.77,1.25],[110.91,1.12],[111.49,1.12],[111.38,1.96],[111.6,2.09],[111.62,2.54],[112.65,2.73],[114.73,3.63],[115.51,4.66],[115.52,4.72],[116.41,6.07],[116.48,6.07],[116.49,6.26],[116.28,6.33],[116.2,6.33],[115.97,6.07],[115.79,5.62],[115.5,5.62],[115.27,5.36],[115.47,5.11],[115.31,4.98],[114.74,5.04],[114.28,4.66],[113.91,4.59],[113.66,4.01],[113.2,3.69],[113.11,3.37],[112.81,3.11],[111.71,2.92],[111.26,2.73],[111.25,2.41],[111.1,2.41],[111.16,2.15],[111.01,2.02],[110.92,1.51],[110.49,1.57],[110.28,1.83],[109.98,1.7],[109.48,1.96],[109.61,1.57],[109.69,1.57]]],[[[117.09,8.32],[117.62,8.58],[117.63,8.64],[117.85,8.71],[118.02,8.96],[118.73,9.48],[118.85,9.99],[118.72,10.12],[118.22,9.48],[117.28,8.84],[117.09,8.32]]]]},"properties":{"NAME":"Sultanate of Brunei","C":5,"name":"Sultanate of Brunei","start_year":1673,"end_year":1841,"capital":"","type":"polity","region":"","event":"","source":"Cliopatria / Seshat Global History Databank (CC BY 4.0)","wikipedia":"Bruneian Sultanate (1368-1888)","wikidata":"Q887803","_a":84,"_c":[114.17,5.62],"_nz":"文莱苏丹国","_sz":""}},
{"type":"Feature","geometry":{"type":"Polygon","coordinates":[[[114.3,-8.33],[114.98,-8.65],[115,-8.91],[115.34,-8.59],[115.63,-8.52],[115.61,-8.26],[115.3,-8.07],[114.36,-8.07],[114.3,-8.33]]]},"properties":{"NAME":"Bali","C":4,"name":"Bali","start_year":1687,"end_year":1848,"capital":"","type":"polity","region":"","event":"","source":"Cliopatria / Seshat Global History Databank (CC BY 4.0)","wikipedia":"Bali","wikidata":"Q3125978","_a":1,"_c":[114.97,-8.49],"_nz":"巴厘","_sz":""}},
{"type":"Feature","geometry":{"type":"Polygon","coordinates":[[[16.01,-6.14],[15.94,-6.14],[15.94,-5.69],[16.16,-5.11],[15.79,-5.05],[15.79,-4.79],[15.35,-4.6],[15.35,-4.73],[14.7,-4.73],[14.55,-4.86],[14.62,-4.99],[13.82,-5.18],[13.61,-5.56],[13.17,-5.69],[13.1,-5.82],[12.88,-5.82],[12.66,-6.01],[12.22,-6.01],[12.22,-6.46],[12.74,-7.04],[12.74,-7.36],[13.18,-8.14],[13.18,-8.33],[13.91,-8.33],[14.13,-8.2],[14.27,-7.94],[14.42,-7.94],[14.27,-7.62],[14.41,-7.36],[14.71,-7.43],[15.07,-7.75],[15.36,-7.69],[15.29,-7.56],[15.36,-7.36],[15.95,-7.49],[16.16,-6.98],[16.01,-6.14]]]},"properties":{"NAME":"Kingdom of Lunda","C":6,"name":"Kingdom of Lunda","start_year":1709,"end_year":1855,"capital":"","type":"polity","region":"","event":"","source":"Cliopatria / Seshat Global History Databank (CC BY 4.0)","wikipedia":"Kingdom of Lunda","wikidata":"Q1796223","_a":15,"_c":[14.19,-6.46],"_nz":"隆达王国","_sz":""}},
{"type":"Feature","geometry":{"type":"Polygon","coordinates":[[[103.4,4.21],[103.48,4.4],[103.17,5.36],[102.48,6.01],[102.4,6.01],[102.25,5.88],[102.22,5.43],[102.36,5.36],[102.49,4.98],[102.7,4.85],[102.76,4.66],[102.91,4.66],[102.82,4.27],[103.02,4.08],[103.17,4.08],[103.25,4.27],[103.4,4.21]]]},"properties":{"NAME":"Sultanate of Terengganu","C":6,"name":"Sultanate of Terengganu","start_year":1727,"end_year":1899,"capital":"","type":"polity","region":"","event":"","source":"Cliopatria / Seshat Global History Databank (CC BY 4.0)","wikipedia":"Sultan of Terengganu","wikidata":"Q5769444","_a":2,"_c":[102.85,5.05],"_nz":"登嘉楼苏丹国","_sz":""}},
{"type":"Feature","geometry":{"type":"MultiPolygon","coordinates":[[[[104.34,0.03],[104.34,-0.29],[104.12,-0.36],[104.13,-0.61],[104.42,-0.68],[104.49,-0.36],[104.92,-0.36],[104.92,-0.23],[104.55,0.03],[104.34,0.03]]],[[[103.33,-0.74],[103.32,-0.42],[103.61,-0.36],[103.61,-0.23],[103.39,-0.16],[103.75,-0.04],[103.74,0.16],[103.32,0.54],[103.1,0.54],[102.95,0.41],[102.96,0.8],[103.11,0.93],[102.83,1.12],[102.39,1.12],[102.41,1.57],[101.82,1.57],[101.69,1.76],[101.7,2.09],[101.41,2.15],[101.26,2.02],[100.91,2.34],[100.69,2.34],[100.68,2.15],[100.39,2.21],[100.26,2.47],[100.25,2.21],[100.16,1.83],[100.3,1.76],[100.37,1.57],[100.07,1.38],[99.85,1.31],[99.99,1.19],[99.89,0.48],[100.04,0.35],[100.26,0.41],[100.61,0.22],[100.7,0.03],[100.63,-0.16],[100.78,-0.42],[101.66,-1],[101.73,-1],[102.31,-0.87],[102.46,-1.06],[102.68,-1.06],[102.82,-0.81],[103.33,-0.74]]],[[[103.18,0.86],[103.18,0.67],[103.39,0.67],[103.4,0.86],[103.18,0.86]]],[[[104.21,1.19],[104.13,0.93],[104.28,0.93],[104.34,0.8],[104.49,0.8],[104.57,1.12],[104.21,1.19]]],[[[103.77,1.12],[103.77,0.93],[104.06,0.99],[104.07,1.19],[103.92,1.25],[103.77,1.12]]],[[[104.06,2.92],[103.98,2.73],[104.2,2.73],[104.21,2.86],[104.06,2.92]]],[[[102.43,2.28],[102.5,2.21],[102.42,2.02],[102.42,1.96],[102.63,1.76],[103.06,1.64],[103.28,1.44],[103.27,1.31],[103.56,1.38],[103.63,1.25],[103.85,1.25],[103.93,1.38],[104.22,1.38],[104.23,1.7],[103.95,2.09],[103.83,2.54],[103.4,2.86],[103.39,4.14],[103.4,4.21],[103.25,4.27],[103.17,4.08],[103.02,4.08],[102.82,4.27],[102.91,4.66],[102.76,4.66],[102.7,4.85],[102.49,4.98],[101.69,4.98],[101.53,4.85],[101.43,4.27],[101.57,4.21],[101.7,3.89],[101.7,3.76],[101.84,3.63],[101.89,3.18],[102.1,3.05],[102.39,2.99],[102.67,2.73],[102.58,2.41],[102.43,2.28]]],[[[108.04,3.82],[108.1,3.63],[108.32,3.69],[108.34,4.08],[107.98,4.14],[107.9,3.89],[108.04,3.82]]]]},"properties":{"NAME":"Sultanate of Johor","C":10,"name":"Sultanate of Johor","start_year":1727,"end_year":1819,"capital":"","type":"polity","region":"","event":"","source":"Cliopatria / Seshat Global History Databank (CC BY 4.0)","wikipedia":"Johor Sultanate","wikidata":"Q1150344","_a":51,"_c":[104.1,1.96],"_nz":"柔佛苏丹国","_sz":""}},
{"type":"Feature","geometry":{"type":"Polygon","coordinates":[[[116.88,-1.26],[117.09,-1.13],[117.16,-0.94],[117.52,-0.81],[117.45,-0.68],[117.52,-0.49],[117.37,-0.42],[117.37,-0.29],[116.57,-0.29],[116.57,-0.49],[116.94,-0.68],[116.66,-1.19],[116.88,-1.26]]]},"properties":{"NAME":"Sultanate of Kutai Kartanegara","C":3,"name":"Sultanate of Kutai Kartanegara","start_year":1734,"end_year":1841,"capital":"","type":"polity","region":"","event":"","source":"Cliopatria / Seshat Global History Databank (CC BY 4.0)","wikipedia":"Kutai","wikidata":"Q1794655","_a":1,"_c":[117.04,-0.77],"_nz":"库台格尔塔内加拉苏丹国","_sz":""}},
{"type":"Feature","geometry":{"type":"Polygon","coordinates":[[[110.1,-7.69],[110.02,-7.69],[109.9,-8.01],[110.72,-8.26],[110.79,-8.26],[110.69,-7.88],[110.62,-7.88],[110.38,-7.62],[110.1,-7.69]]]},"properties":{"NAME":"Sultan of Yogyakarta","C":8,"name":"Sultan of Yogyakarta","start_year":1744,"end_year":1827,"capital":"","type":"polity","region":"","event":"","source":"Cliopatria / Seshat Global History Databank (CC BY 4.0)","wikipedia":"Hamengkubuwono","wikidata":"Q1050326","_a":1,"_c":[110.35,-7.94],"_nz":"日惹苏丹","_sz":""}},
{"type":"Feature","geometry":{"type":"Polygon","coordinates":[[[110.38,-7.62],[110.47,-7.81],[110.62,-7.88],[110.69,-7.88],[110.82,-7.56],[110.67,-7.56],[110.59,-7.43],[110.96,-7.49],[111.03,-7.43],[110.94,-7.24],[110.29,-7.24],[110.23,-7.43],[110.31,-7.62],[110.38,-7.62]]]},"properties":{"NAME":"Surakarta Sunanate","C":9,"name":"Surakarta Sunanate","start_year":1744,"end_year":1827,"capital":"","type":"polity","region":"","event":"","source":"Cliopatria / Seshat Global History Databank (CC BY 4.0)","wikipedia":"Surakarta Sunanate","wikidata":"Q2122499","_a":1,"_c":[110.63,-7.56],"_nz":"梭罗苏丹国","_sz":""}},
{"type":"Feature","geometry":{"type":"MultiPolygon","coordinates":[[[[117.2,3.56],[117.57,3.63],[117.79,3.63],[117.79,3.76],[117.59,3.95],[117.88,4.01],[117.89,4.21],[117.46,4.21],[117.17,4.4],[116.66,4.34],[116.73,4.21],[116.58,4.14],[116.47,3.56],[116.61,3.31],[116.89,3.24],[117.09,2.73],[117.51,2.34],[117.65,2.34],[117.88,2.6],[117.6,2.79],[117.54,3.11],[117.62,3.24],[117.63,3.44],[117.2,3.56]]],[[[120.14,5.17],[120.15,5.36],[119.7,5.17],[119.69,5.04],[120.14,5.17]]],[[[116.48,6.07],[116.77,6.01],[116.82,5.75],[116.96,5.69],[117.54,4.4],[117.68,4.27],[118.48,4.27],[118.57,4.53],[118.43,4.72],[118.14,4.79],[118.16,4.98],[119.03,4.98],[119.26,5.17],[119.27,5.36],[119.14,5.49],[118.56,5.62],[118.36,5.88],[118.06,5.81],[118.01,6.07],[117.64,5.94],[117.75,6.46],[117.26,6.78],[117.2,7.04],[116.9,6.91],[116.84,7.04],[116.69,7.04],[116.28,6.39],[116.28,6.33],[116.49,6.26],[116.48,6.07]]],[[[120.85,6.07],[120.84,5.88],[121.35,5.81],[121.36,6.01],[120.85,6.07]]],[[[121.85,6.78],[121.76,6.46],[121.97,6.39],[122.19,6.46],[122.29,6.71],[121.85,6.78]]],[[[117.21,7.16],[117.23,7.36],[117.01,7.36],[116.99,7.1],[117.21,7.16]]]]},"properties":{"NAME":"Sultanate of Sulu","C":11,"name":"Sultanate of Sulu","start_year":1752,"end_year":1829,"capital":"","type":"polity","region":"","event":"","source":"Cliopatria / Seshat Global History Databank (CC BY 4.0)","wikipedia":"Sultanate of Sulu","wikidata":"Q422065","_a":30,"_c":[119.29,4.85],"_nz":"苏禄苏丹国","_sz":""}},
{"type":"Feature","geometry":{"type":"Polygon","coordinates":[[[101.53,4.85],[101.69,4.98],[102.49,4.98],[102.36,5.36],[102.22,5.43],[102.25,5.88],[102.4,6.01],[102.41,6.07],[102.13,6.26],[102.05,6.26],[101.88,5.75],[101.73,5.75],[101.78,5.3],[101.55,5.11],[101.53,4.85]]]},"properties":{"NAME":"Kelantan","C":6,"name":"Kelantan","start_year":1762,"end_year":1889,"capital":"","type":"polity","region":"","event":"","source":"Cliopatria / Seshat Global History Databank (CC BY 4.0)","wikipedia":"Kelantan","wikidata":"Q185944","_a":1,"_c":[102.01,5.56],"_nz":"吉兰丹","_sz":""}},
{"type":"Feature","geometry":{"type":"Polygon","coordinates":[[[0.26,7.23],[0.26,7.42],[0.12,7.42],[-0.1,8.06],[-0.39,8.19],[-0.83,8.71],[-1.05,8.71],[-1.19,8.9],[-1.34,8.9],[-1.49,8.64],[-1.56,8.71],[-1.92,8.71],[-2,8.45],[-1.78,8.32],[-2.14,8.19],[-2.29,8.45],[-2.29,8.71],[-2.58,8.96],[-2.87,8.77],[-3.09,8.32],[-4.11,8.19],[-3.97,7.74],[-3.82,7.61],[-3.68,7.68],[-3.6,7.55],[-3.68,7.23],[-3.9,7.1],[-3.82,6.91],[-3.9,6.71],[-3.75,6.65],[-3.75,6.46],[-3.54,6.33],[-3.61,5.75],[-3.54,5.56],[-3.83,5.36],[-3.83,5.17],[-3.62,5.11],[-3.61,5.24],[-3.32,5.36],[-3.11,4.98],[-2.96,4.98],[-2.89,5.17],[-2.67,5.24],[-2.52,4.98],[-2.45,5.17],[-1.94,5.04],[-1.79,5.11],[-1.21,5.36],[-1.14,5.36],[-0.55,5.56],[-0.48,5.56],[-0.33,5.75],[-0.18,5.75],[-0.11,5.75],[-0.04,5.75],[0.11,5.69],[0.11,5.94],[0.25,5.94],[0.25,5.69],[0.4,5.75],[0.69,5.75],[0.62,6.01],[0.4,6.01],[0.11,6.26],[0.19,6.59],[0.11,6.59],[0.11,6.97],[0.26,7.23]]]},"properties":{"NAME":"Ashanti Empire","C":0,"name":"Ashanti Empire","start_year":1769,"end_year":1835,"capital":"","type":"polity","region":"","event":"","source":"Cliopatria / Seshat Global History Databank (CC BY 4.0)","wikipedia":"Ashanti Empire","wikidata":"Q722071","_a":19,"_c":[-1.71,6.97],"_nz":"阿散蒂帝国","_sz":""}},
{"type":"Feature","geometry":{"type":"Polygon","coordinates":[[[4.86,8],[4.86,8.06],[5.16,8.26],[5.23,8.58],[5.01,8.51],[4.87,8.77],[3.7,8.77],[2.97,8.51],[2.68,8.64],[2.68,8.26],[2.53,8],[1.8,7.49],[1.72,7.23],[1.21,6.97],[0.77,7.04],[0.63,7.16],[0.41,7.1],[0.26,7.23],[0.11,6.97],[0.11,6.59],[0.19,6.59],[0.11,6.26],[0.4,6.01],[0.62,6.01],[0.69,5.75],[0.91,5.75],[1.13,6.07],[1.42,6.2],[3.54,6.39],[3.54,6.52],[3.83,6.59],[3.91,6.71],[3.84,7.04],[3.98,7.16],[3.98,7.36],[4.57,7.49],[4.72,7.87],[4.94,7.94],[4.86,8]]]},"properties":{"NAME":"Oyo Empire","C":7,"name":"Oyo Empire","start_year":1769,"end_year":1819,"capital":"","type":"polity","region":"","event":"","source":"Cliopatria / Seshat Global History Databank (CC BY 4.0)","wikipedia":"Oyo Empire","wikidata":"Q849623","_a":15,"_c":[2.67,7.26],"_nz":"奥约帝国","_sz":""}},
{"type":"Feature","geometry":{"type":"Polygon","coordinates":[[[27.5,11.34],[27.57,11.34],[29.18,11.09],[31.45,11.28],[31.88,11.02],[32.25,11.02],[32.54,10.89],[33.34,10.89],[34.44,11.09],[35.03,11.02],[35.04,11.47],[35.2,11.92],[35.35,11.99],[35.66,12.56],[36.11,12.69],[36.26,12.89],[36.28,13.34],[36.51,13.72],[36.53,14.17],[36.6,14.17],[36.49,15.07],[36.65,15.26],[36.91,16.1],[37.06,16.23],[37.01,16.74],[37.24,17],[37.02,17.06],[36.21,17.06],[35.93,17.39],[35.78,17.39],[35.5,17.64],[35.37,17.96],[35.22,18.03],[33.43,17.45],[31.5,17.32],[31.64,17.06],[31.47,16.42],[27.28,16.55],[27.37,14.69],[27.65,14.36],[27.79,13.98],[27.77,13.53],[27.39,13.01],[27.37,11.92],[27.44,11.92],[27.5,11.34]]]},"properties":{"NAME":"Funj Sultanate","C":6,"name":"Funj Sultanate","start_year":1769,"end_year":1819,"capital":"","type":"polity","region":"","event":"","source":"Cliopatria / Seshat Global History Databank (CC BY 4.0)","wikipedia":"Funj Sultanate","wikidata":"Q1475713","_a":71,"_c":[32.26,14.46],"_nz":"丰吉苏丹国","_sz":""}},
{"type":"Feature","geometry":{"type":"Polygon","coordinates":[[[-2.83,35.26],[-3.36,35.19],[-4.75,35.19],[-5.24,35.52],[-5.33,35.71],[-5.88,35.77],[-6,35.32],[-6.29,35.07],[-6.33,34.55],[-6.47,34.36],[-6.7,34.29],[-6.61,34.16],[-6.9,33.91],[-7.13,33.84],[-8.55,33.33],[-9.2,32.75],[-9.33,32.49],[-9.31,32.17],[-9.52,31.98],[-9.51,31.85],[-9.73,31.72],[-9.78,31.34],[-9.86,31.34],[-9.88,30.56],[-9.65,30.5],[-9.63,30.18],[-9.83,29.79],[-10.05,29.67],[-10.04,29.54],[-10.33,29.34],[-10.47,29.09],[-10.98,28.83],[-11.62,28.25],[-10.47,27.93],[-8.66,27.93],[-8.01,28.38],[-7.56,28.51],[-7.35,28.77],[-7.2,28.77],[-6.18,29.54],[-5.88,29.54],[-5.88,29.67],[-5.59,29.92],[-5.44,29.92],[-4.87,30.5],[-4.57,30.56],[-4.65,30.69],[-4.21,31.01],[-4.21,31.14],[-3.92,31.4],[-3.77,31.34],[-3.78,31.59],[-3.56,31.66],[-3.64,31.79],[-3.42,31.91],[-3.35,32.11],[-2.83,32.49],[-2.84,32.62],[-2.54,32.75],[-1.88,33.33],[-1.58,33.46],[-1.72,34.68],[-2.11,34.94],[-2.12,35.07],[-2.66,35.07],[-2.82,35.13],[-2.83,35.26]]]},"properties":{"NAME":"Morocco","C":4,"name":"Morocco","start_year":1769,"end_year":1860,"capital":"","type":"polity","region":"","event":"","source":"Cliopatria / Seshat Global History Databank (CC BY 4.0)","wikipedia":"Morocco","wikidata":"Q1028","_a":79,"_c":[-6.6,31.85],"_nz":"摩洛哥","_sz":""}},
{"type":"Feature","geometry":{"type":"Polygon","coordinates":[[[39.11,15.91],[39.03,15.91],[38.6,16.16],[38.45,16.1],[38.29,15.71],[38.14,15.65],[37.96,14.94],[37.66,14.88],[37.5,14.49],[37.35,14.43],[37.41,14.24],[37.26,13.98],[36.58,13.59],[36.19,12.89],[36.25,12.5],[36.1,12.37],[36.09,12.05],[35.87,12.11],[35.71,11.86],[35.41,11.6],[35.25,11.15],[35.24,10.64],[35.45,10.51],[35.89,10.57],[36.11,10.64],[36.64,11.15],[36.86,11.09],[36.85,10.76],[37.06,10.51],[36.98,10.38],[37.28,10.38],[37.62,9.61],[38.12,9.29],[38.85,9.22],[39.14,9.41],[39.81,9.67],[39.82,9.8],[40.03,9.74],[40.11,9.99],[40.19,10.06],[40.2,10.51],[40.28,10.51],[40.22,10.89],[40.24,11.47],[40.1,11.6],[40.11,11.79],[39.96,11.86],[39.83,12.24],[40,12.76],[39.85,12.82],[39.73,13.46],[39.81,13.59],[39.96,13.59],[39.9,13.91],[39.98,14.24],[39.55,14.36],[39.56,14.62],[39.43,14.88],[39.51,15.07],[39.36,15.14],[39.37,15.33],[39.11,15.91]]]},"properties":{"NAME":"Ethiopian Empire","C":11,"name":"Ethiopian Empire","start_year":1769,"end_year":1889,"capital":"","type":"polity","region":"","event":"","source":"Cliopatria / Seshat Global History Databank (CC BY 4.0)","wikipedia":"Ethiopian Empire","wikidata":"Q207521","_a":35,"_c":[37.77,12.69],"_nz":"埃塞俄比亚帝国","_sz":""}},
{"type":"Feature","geometry":{"type":"Polygon","coordinates":[[[41.99,42.04],[41.93,41.72],[41.75,41.59],[41.81,41.46],[42.44,41.46],[42.62,41.59],[42.66,41.78],[42.39,42.04],[41.92,42.11],[41.99,42.04]]]},"properties":{"NAME":"Principality of Guria","C":3,"name":"Principality of Guria","start_year":1772,"end_year":1827,"capital":"","type":"polity","region":"","event":"","source":"Cliopatria / Seshat Global History Databank (CC BY 4.0)","wikipedia":"Principality of Guria","wikidata":"Q2195101","_a":1,"_c":[42.21,41.79],"_nz":"古里亚公国","_sz":""}},
{"type":"Feature","geometry":{"type":"Polygon","coordinates":[[[108.99,-0.04],[108.93,-0.55],[109.22,-0.61],[109.22,-0.74],[109.51,-0.68],[109.58,-0.23],[108.99,0.03],[108.99,-0.04]]]},"properties":{"NAME":"Pontianak Kadriyah Sultanate","C":3,"name":"Pontianak Kadriyah Sultanate","start_year":1772,"end_year":1824,"capital":"","type":"polity","region":"","event":"","source":"Cliopatria / Seshat Global History Databank (CC BY 4.0)","wikipedia":"Pontianak Sultanate","wikidata":"Q3048747","_a":1,"_c":[109.26,-0.35],"_nz":"坤甸苏丹国","_sz":""}},
{"type":"Feature","geometry":{"type":"Polygon","coordinates":[[[102.1,3.05],[102.1,2.92],[101.72,2.54],[101.71,2.41],[101.92,2.28],[102.43,2.28],[102.58,2.41],[102.67,2.73],[102.39,2.99],[102.1,3.05]]]},"properties":{"NAME":"Negeri Sembilan","C":11,"name":"Negeri Sembilan","start_year":1775,"end_year":1872,"capital":"","type":"polity","region":"","event":"","source":"Cliopatria / Seshat Global History Databank (CC BY 4.0)","wikipedia":"Negeri Sembilan","wikidata":"Q213893","_a":1,"_c":[102.19,2.67],"_nz":"森美兰","_sz":""}},
{"type":"Feature","geometry":{"type":"Polygon","coordinates":[[[101.72,2.54],[102.1,2.92],[102.1,3.05],[101.89,3.18],[101.84,3.63],[101.7,3.76],[101.4,3.69],[101.26,3.82],[101.11,3.69],[100.98,3.89],[100.75,3.82],[100.81,3.56],[101.23,3.18],[101.22,2.79],[101.64,2.54],[101.72,2.54]]]},"properties":{"NAME":"Sultanate of Selangor","C":7,"name":"Sultanate of Selangor","start_year":1775,"end_year":1872,"capital":"","type":"polity","region":"","event":"","source":"Cliopatria / Seshat Global History Databank (CC BY 4.0)","wikipedia":"Sultan of Selangor","wikidata":"Q7636765","_a":2,"_c":[101.43,3.22],"_nz":"雪兰莪苏丹国","_sz":""}},
{"type":"Feature","geometry":{"type":"Polygon","coordinates":[[[100.66,19.51],[100.46,19.7],[100.49,19.89],[100.7,20.28],[100.94,20.41],[101.46,20.41],[101.43,20.66],[101.76,20.86],[101.8,21.11],[101.36,21.18],[101.32,21.37],[101.18,21.44],[100.69,21.18],[100.64,20.86],[100.24,20.66],[100.13,20.41],[99.83,20.41],[99.41,20.09],[99.19,20.09],[98.92,19.76],[98.1,19.76],[97.94,19.64],[97.87,18.67],[97.77,18.54],[97.47,18.48],[97.6,18.35],[97.84,17.96],[98.29,18.03],[98.64,18.41],[99.58,18.29],[99.61,18.48],[99.76,18.48],[100.19,18.86],[100.57,18.93],[100.59,19.06],[100.75,19.12],[100.63,19.31],[100.66,19.51]]]},"properties":{"NAME":"Chiangmai","C":11,"name":"Chiangmai","start_year":1783,"end_year":1852,"capital":"","type":"polity","region":"","event":"","source":"Cliopatria / Seshat Global History Databank (CC BY 4.0)","wikipedia":"Chiang Mai","wikidata":"Q52028","_a":15,"_c":[99.66,19.7],"_nz":"清迈","_sz":""}},
{"type":"Feature","geometry":{"type":"Polygon","coordinates":[[[104.56,18.93],[104.31,19.19],[103.96,19.31],[104.08,19.64],[104.69,19.7],[104.95,19.96],[104.98,20.15],[104.65,20.41],[104.5,20.41],[104.82,20.99],[104.69,21.11],[104.73,21.37],[104.59,21.37],[104.56,21.69],[104.42,21.69],[104.45,21.89],[104.07,22.27],[103.96,22.53],[103.77,22.72],[103.32,22.72],[103.22,22.53],[102.92,22.53],[102.87,22.66],[102.58,22.72],[102.15,22.4],[101.72,22.46],[101.64,22.01],[101.88,21.63],[101.8,21.11],[101.76,20.86],[101.43,20.66],[101.46,20.41],[100.94,20.41],[100.7,20.28],[100.49,19.89],[100.46,19.7],[100.66,19.51],[101.18,19.57],[101.31,19.44],[101.28,19.25],[101.4,19.06],[101.35,18.74],[101.18,18.61],[101.13,18.29],[101.27,18.22],[101.02,17.51],[101.31,17.51],[102.33,18.35],[102.55,18.86],[102.71,18.93],[102.68,19.19],[103.12,19.19],[103.76,18.54],[104.45,18.67],[104.56,18.93]]]},"properties":{"NAME":"Kingdom of Luang Phrabang","C":6,"name":"Kingdom of Luang Phrabang","start_year":1791,"end_year":1827,"capital":"","type":"polity","region":"","event":"","source":"Cliopatria / Seshat Global History Databank (CC BY 4.0)","wikipedia":"Luang Prabang","wikidata":"Q190165","_a":24,"_c":[102.72,20.12],"_nz":"琅勃拉邦王国","_sz":""}},
{"type":"Feature","geometry":{"type":"Polygon","coordinates":[[[7.92,34.42],[8,34.55],[8.15,34.55],[8.46,35.19],[8.37,35.71],[8.3,35.71],[8.37,36.35],[8.21,36.55],[8.59,36.8],[8.59,36.93],[7.74,36.87],[7.66,37],[7.35,37.06],[7.19,36.87],[6.8,36.87],[6.33,37.06],[6.1,36.93],[6.11,36.8],[5.64,36.8],[5.56,36.67],[5.1,36.67],[4.86,36.87],[4.24,36.93],[3.85,36.8],[3.46,36.87],[3.23,36.74],[2.84,36.74],[2.69,36.61],[2.38,36.67],[1.53,36.48],[1.22,36.55],[0.91,36.35],[0.38,36.22],[0.08,35.84],[-0.46,35.84],[-0.53,35.71],[-0.92,35.71],[-1.14,35.45],[-1.36,35.26],[-2.12,35.07],[-2.11,34.94],[-1.72,34.68],[-1.58,33.46],[-1.5,33.46],[-0.68,34.04],[-0.54,34.16],[-0.47,34.36],[0.3,34.36],[0.45,34.49],[0.68,34.42],[1.29,34.61],[2.45,34.61],[2.92,34.36],[3.46,34.49],[3.84,34.42],[4.45,34.61],[5.15,34.55],[5.38,34.68],[6.15,34.68],[6.46,34.55],[6.92,34.61],[7.15,34.49],[7.61,34.55],[7.92,34.42]]]},"properties":{"NAME":"Regency of Algiers","C":5,"name":"Regency of Algiers","start_year":1792,"end_year":1829,"capital":"","type":"polity","region":"","event":"","source":"Cliopatria / Seshat Global History Databank (CC BY 4.0)","wikipedia":"Regency of Algiers","wikidata":"Q3045696","_a":39,"_c":[3.24,35.26],"_nz":"阿尔及尔摄政国","_sz":""}},
{"type":"Feature","geometry":{"type":"Polygon","coordinates":[[[104.56,18.93],[104.45,18.67],[103.76,18.54],[103.12,19.19],[102.68,19.19],[102.71,18.93],[102.55,18.86],[102.33,18.35],[101.31,17.51],[101.47,17.06],[101.61,17.06],[101.73,16.87],[102.1,16.87],[103.23,16.55],[103.06,16.36],[103.05,15.78],[103.23,15.52],[103.29,14.81],[103.68,14.43],[104.92,14.43],[104.98,14.3],[105.28,14.3],[105.61,14.62],[105.65,14.94],[105.52,15.01],[105.68,15.65],[105.4,15.78],[105.43,15.97],[106.01,15.91],[106.19,16.1],[106.47,16.04],[106.73,16.29],[107.02,16.29],[106.97,16.42],[106.69,16.49],[106.61,16.94],[105.21,18.35],[105.25,18.61],[104.56,18.93]]]},"properties":{"NAME":"Vientiane","C":7,"name":"Vientiane","start_year":1796,"end_year":1824,"capital":"","type":"polity","region":"","event":"","source":"Cliopatria / Seshat Global History Databank (CC BY 4.0)","wikipedia":"Vientiane","wikidata":"Q9326","_a":28,"_c":[104.17,16.75],"_nz":"万象","_sz":""}},
{"type":"Feature","geometry":{"type":"Polygon","coordinates":[[[11.54,33.14],[11.16,33.2],[11.08,33.59],[10.7,33.52],[10.54,33.71],[10.24,33.71],[10.01,33.91],[10.08,34.23],[10,34.29],[10.54,34.55],[10.85,34.81],[10.85,34.94],[11.08,35],[11.01,35.39],[11.08,35.58],[10.46,35.9],[10.54,36.35],[10.46,36.42],[11.01,36.8],[11.01,37],[10.46,36.74],[10.23,36.8],[10.23,37.06],[10.23,37.25],[9.99,37.19],[9.6,37.32],[9.06,37.06],[8.9,37.13],[8.59,36.93],[8.59,36.8],[8.21,36.55],[8.37,36.35],[8.3,35.71],[8.37,35.71],[8.46,35.19],[8.15,34.55],[8,34.55],[7.92,34.42],[8.08,34.23],[8.31,34.29],[8.93,34.16],[9.08,34.04],[9.08,33.91],[9.24,33.84],[9.32,33.59],[9.62,33.46],[9.55,33.33],[9.63,33.14],[10.08,33.14],[10.01,33.01],[10.39,33.01],[11.46,32.49],[11.54,32.49],[11.54,33.14]]]},"properties":{"NAME":"Beylik of Tunis","C":10,"name":"Beylik of Tunis","start_year":1796,"end_year":1829,"capital":"","type":"polity","region":"","event":"","source":"Cliopatria / Seshat Global History Databank (CC BY 4.0)","wikipedia":"Beylik of Tunis","wikidata":"Q4899891","_a":17,"_c":[9.73,34.91],"_nz":"突尼斯贝伊国","_sz":""}},
{"type":"Feature","geometry":{"type":"Polygon","coordinates":[[[107.51,14.56],[107.62,14.81],[107.56,14.88],[107.69,15.33],[107.3,15.65],[107.5,16.04],[107.02,16.29],[106.73,16.29],[106.47,16.04],[106.19,16.1],[106.01,15.91],[105.43,15.97],[105.4,15.78],[105.68,15.65],[105.52,15.01],[105.65,14.94],[105.61,14.62],[105.28,14.3],[105.26,14.17],[105.9,13.98],[106.12,13.98],[106.09,14.36],[106.48,14.56],[106.63,14.56],[106.82,14.3],[107.51,14.56]]]},"properties":{"NAME":"Kingdom of Champasak","C":3,"name":"Kingdom of Champasak","start_year":1796,"end_year":1827,"capital":"","type":"polity","region":"","event":"","source":"Cliopatria / Seshat Global History Databank (CC BY 4.0)","wikipedia":"Champasak","wikidata":"Q403369","_a":6,"_c":[106.48,15.14],"_nz":"占巴塞王国","_sz":""}},
{"type":"Feature","geometry":{"type":"Polygon","coordinates":[[[103.6,11.09],[103.62,11.28],[103.78,11.41],[103.86,12.18],[104.11,12.5],[104.34,13.21],[104.5,13.34],[104.79,13.34],[104.84,13.14],[105.14,13.21],[105.16,13.34],[105.47,13.46],[105.5,13.79],[105.81,13.85],[105.9,13.98],[105.26,14.17],[105.28,14.3],[104.98,14.3],[104.92,14.43],[103.68,14.43],[103.29,14.81],[103.23,15.52],[103.05,15.78],[103.06,16.36],[103.23,16.55],[102.1,16.87],[101.73,16.87],[101.61,17.06],[101.47,17.06],[101.31,17.51],[101.02,17.51],[101.27,18.22],[101.13,18.29],[101.18,18.61],[101.35,18.74],[101.4,19.06],[101.28,19.25],[101.31,19.44],[101.18,19.57],[100.66,19.51],[100.63,19.31],[100.75,19.12],[100.59,19.06],[100.57,18.93],[100.19,18.86],[99.76,18.48],[99.61,18.48],[99.58,18.29],[98.64,18.41],[98.29,18.03],[97.84,17.96],[97.8,17.71],[97.94,17.64],[97.92,17.51],[98.63,16.81],[98.64,16.36],[98.93,16.36],[98.91,16.16],[98.67,16.04],[98.67,15.52],[98.26,15.2],[98.23,14.94],[98.48,14.62],[98.47,14.49],[99.13,13.85],[99.24,13.59],[99.28,13.27],[99.17,12.89],[99.43,12.56],[99.47,12.24],[99.66,11.99],[99.54,11.54],[98.98,10.96],[98.77,10.31],[98.53,10.06],[98.53,9.99],[98.13,8.71],[98.21,7.74],[98.43,7.81],[98.38,8.13],[98.47,8.32],[98.62,8.32],[98.67,8.06],[98.95,7.94],[98.94,7.68],[99.22,7.61],[99.28,7.29],[99.49,7.29],[99.48,7.1],[99.63,7.1],[99.61,6.84],[99.95,6.52],[100.03,6.52],[100.33,6.65],[100.39,6.52],[100.68,6.46],[101.09,6.07],[101,5.69],[101.14,5.62],[101.45,5.88],[101.73,5.75],[101.88,5.75],[102.05,6.26],[102.06,6.33],[101.77,6.46],[101.72,6.71],[101.51,6.91],[100.85,6.91],[100.65,7.16],[100.51,7.16],[100.53,7.49],[100.47,7.68],[100.34,7.87],[100.3,8.39],[100.09,8.45],[99.96,8.71],[99.93,9.29],[99.64,9.35],[99.34,9.22],[99.29,9.54],[99.16,9.67],[99.31,10.64],[99.48,10.83],[99.6,11.41],[99.85,11.73],[99.88,11.99],[100.03,12.05],[100.1,13.4],[100.56,13.53],[100.99,13.46],[100.83,12.63],[101.55,12.56],[101.79,12.69],[102.11,12.31],[102.26,12.31],[102.22,11.99],[102.44,11.99],[102.6,12.11],[102.74,12.05],[102.73,11.92],[102.87,11.86],[102.84,11.6],[103.05,11.47],[103.06,10.83],[103.36,10.83],[103.53,11.09],[103.6,11.09]]]},"properties":{"NAME":"Rattanakosin Kingdom","C":2,"name":"Rattanakosin Kingdom","start_year":1796,"end_year":1821,"capital":"","type":"polity","region":"","event":"","source":"Cliopatria / Seshat Global History Databank (CC BY 4.0)","wikipedia":"Rattanakosin Kingdom (1782–1932)","wikidata":"Q1155700","_a":113,"_c":[101.85,12.6],"_nz":"拉达那哥欣王国","_sz":""}},
{"type":"Feature","geometry":{"type":"Polygon","coordinates":[[[11.54,32.49],[11.77,32.43],[11.77,32.3],[12.46,32.36],[13.07,32.3],[13.83,32.11],[14.59,31.66],[14.58,31.53],[15.19,31.08],[15.18,30.89],[15.49,30.95],[16.7,30.69],[17.91,30.18],[18.73,29.99],[19.5,30.12],[20.19,30.44],[20.51,30.95],[20.29,31.4],[20.31,31.72],[20.39,31.91],[21.01,32.36],[21.24,32.3],[21.55,32.49],[21.78,32.49],[21.78,32.36],[22.24,32.43],[22.84,32.17],[22.91,31.98],[23.59,31.85],[23.74,31.72],[23.96,31.72],[24.2,31.91],[24.13,32.04],[23.15,32.24],[23.09,32.62],[22.11,32.94],[21.57,32.88],[21.41,32.75],[21.11,32.81],[20.87,32.62],[20.33,32.49],[20.25,32.24],[20.09,32.11],[20,31.59],[20.21,31.27],[20.12,30.76],[19.66,30.37],[18.97,30.24],[18.9,30.37],[18.59,30.37],[18.22,30.76],[17.85,30.95],[16.86,31.21],[16.18,31.21],[15.65,31.4],[15.58,31.59],[15.42,31.66],[15.21,32.36],[14.75,32.43],[14.67,32.56],[14.44,32.49],[14.22,32.69],[13.76,32.75],[13.76,32.88],[13.45,32.81],[13.3,32.94],[12.84,32.88],[12.84,32.75],[12.53,32.75],[12.23,32.81],[11.62,33.14],[11.54,33.14],[11.54,32.49]]]},"properties":{"NAME":"Karamanli Dynasty","C":6,"name":"Karamanli Dynasty","start_year":1796,"end_year":1835,"capital":"","type":"polity","region":"","event":"","source":"Cliopatria / Seshat Global History Databank (CC BY 4.0)","wikipedia":"Karamanli dynasty","wikidata":"Q1929987","_a":40,"_c":[17.87,31.57],"_nz":"卡拉曼利王朝","_sz":""}},
{"type":"Feature","geometry":{"type":"MultiPolygon","coordinates":[[[[123.72,24.39],[123.69,24.26],[123.91,24.26],[123.96,24.46],[123.72,24.39]]],[[[125.41,24.91],[125.26,24.91],[125.22,24.71],[125.44,24.71],[125.41,24.91]]],[[[127.91,26.39],[128.38,26.71],[128.42,26.84],[127.93,26.71],[127.87,26.52],[127.68,26.39],[127.65,26],[127.82,26.07],[127.91,26.39]]],[[[129.8,28.57],[129.19,28.32],[129.15,28.19],[129.35,28.12],[129.74,28.38],[129.8,28.57]]],[[[128.88,32.81],[128.65,32.81],[128.57,32.62],[128.77,32.56],[128.88,32.81]]],[[[129.4,34.29],[129.17,34.29],[129.11,34.16],[129.31,34.1],[129.4,34.29]]],[[[130.44,30.5],[130.36,30.31],[130.62,30.18],[130.72,30.44],[130.44,30.5]]],[[[130.92,30.76],[130.82,30.5],[131.02,30.44],[131.17,30.82],[130.92,30.76]]],[[[129.99,32.56],[129.93,32.24],[130.13,32.17],[130.37,32.36],[130.53,32.56],[129.99,32.56]]],[[[133.43,36.35],[133.2,36.35],[133.1,36.16],[133.33,36.16],[133.43,36.35]]],[[[142.09,39.64],[141.97,39.71],[142.07,39.97],[141.78,40.48],[141.44,40.68],[141.53,40.81],[141.38,40.94],[141.54,41.39],[140.92,41.52],[140.69,41.2],[140.34,41.26],[140.18,40.81],[139.9,40.74],[139.77,40.55],[139.99,40.29],[139.66,39.9],[139.89,39.9],[140.04,39.64],[139.95,39.26],[139.32,38.09],[138.77,37.84],[138.51,37.38],[137.63,37.06],[137.25,36.8],[137.1,36.8],[137.15,37.19],[137.37,37.58],[136.72,37.38],[136.57,37.13],[136.71,36.8],[136.45,36.48],[136,36.22],[135.91,35.9],[136.08,35.77],[135.71,35.52],[135.28,35.58],[135.38,35.77],[133.47,35.52],[132.96,35.58],[132.69,35.52],[132.56,35.26],[131.48,34.61],[131.41,34.49],[130.92,34.42],[130.8,34.16],[130.86,33.97],[130.42,33.84],[130.33,33.65],[129.92,33.59],[129.83,33.39],[129.6,33.39],[129.56,33.14],[129.68,33.07],[129.75,32.88],[129.7,32.75],[129.79,32.62],[130,32.75],[130.1,32.62],[130.33,32.62],[130.44,32.88],[130.57,32.81],[130.52,32.36],[130.21,32.17],[130.1,31.91],[130.27,31.59],[130.14,31.27],[130.47,31.14],[130.72,31.21],[130.79,31.01],[131.2,31.27],[131.18,31.4],[131.41,31.4],[131.6,31.85],[131.58,32.17],[131.78,32.62],[132.08,32.94],[132.09,33.14],[131.64,33.33],[131.82,33.71],[131.1,33.65],[131.09,33.97],[131.94,33.97],[132.19,33.84],[132.32,34.29],[133.25,34.29],[134.47,34.74],[134.94,34.61],[134.63,34.29],[134.2,34.36],[133.63,34.29],[133.51,34.04],[133.12,34.04],[132.88,34.16],[132.56,33.65],[132.08,33.46],[132.36,33.39],[132.45,33.26],[132.43,32.88],[132.66,32.88],[132.68,32.75],[133.03,32.69],[133.16,33.14],[133.54,33.46],[133.85,33.46],[133.99,33.26],[134.22,33.26],[134.37,33.59],[134.66,33.71],[134.78,33.97],[134.72,34.16],[134.91,34.23],[135.21,34.68],[135.44,34.68],[135.34,34.49],[135.02,34.29],[135.15,34.1],[135.03,33.84],[135.35,33.71],[135.41,33.52],[135.81,33.39],[136.45,34.23],[136.91,34.23],[136.97,34.36],[136.79,34.61],[136.6,34.68],[136.73,34.94],[136.94,34.74],[137.24,34.74],[137.07,34.55],[138.26,34.61],[138.42,34.94],[138.8,35.07],[138.68,34.68],[138.95,34.61],[139.23,35],[139.14,35.13],[139.21,35.26],[139.72,35.19],[139.78,35.32],[139.7,35.45],[139.96,35.64],[140.08,35.58],[139.7,34.87],[140.41,35.19],[140.54,35.58],[140.91,35.84],[140.67,35.97],[140.61,36.42],[140.79,36.87],[141.13,37.32],[141.04,37.45],[141.12,37.58],[140.96,37.71],[141.04,37.84],[140.92,38.03],[141.08,38.29],[141.51,38.35],[141.63,38.8],[141.83,39],[142.04,39.45],[142.09,39.64]]],[[[138.14,37.96],[138.34,37.77],[138.61,38.09],[138.34,38.29],[138.14,37.96]]],[[[143.24,41.98],[143.69,42.69],[144.21,42.95],[144.77,42.95],[144.82,43.02],[145.14,43.02],[145.55,43.34],[145.33,43.47],[145.4,43.67],[145.1,43.8],[145.41,44.19],[145.4,44.39],[145.24,44.39],[145.2,44.12],[144.68,43.67],[144.35,43.67],[143.86,43.34],[143.72,43.47],[143.27,43.41],[142.84,42.95],[142.41,43.02],[141.93,43.02],[141.67,42.89],[140.24,42.69],[140.12,42.3],[139.9,42.11],[140.12,41.98],[139.88,41.52],[140.11,41.39],[140.44,41.52],[140.58,41.72],[141.13,41.72],[141.23,41.85],[141.16,41.98],[140.82,42.17],[140.39,42.24],[140.33,42.37],[140.47,42.56],[140.71,42.56],[140.69,42.43],[141,42.3],[141.43,42.56],[141.8,42.63],[142.1,42.5],[142.08,42.37],[142.55,42.24],[142.5,42.17],[142.88,42.04],[143.24,41.98]]]]},"properties":{"NAME":"Tokugawa Shogunate","C":9,"name":"Tokugawa Shogunate","start_year":1799,"end_year":1821,"capital":"","type":"polity","region":"","event":"","source":"Cliopatria / Seshat Global History Databank (CC BY 4.0)","wikipedia":"Tokugawa shogunate","wikidata":"Q205662","_a":440,"_c":[134.62,34.33],"_nz":"德川幕府","_sz":""}},
{"type":"Feature","geometry":{"type":"MultiPolygon","coordinates":[[[[100.6,5.17],[100.68,5.17],[100.91,5.36],[101,5.69],[101.09,6.07],[100.68,6.46],[100.39,6.52],[100.33,6.65],[100.03,6.52],[100.02,6.46],[100.28,5.94],[100.26,5.56],[100.55,5.49],[100.53,5.17],[100.6,5.17]]],[[[99.65,6.33],[99.87,6.26],[99.88,6.52],[99.65,6.33]]]]},"properties":{"NAME":"Sultanate of Kedah","C":9,"name":"Sultanate of Kedah","start_year":1800,"end_year":1821,"capital":"","type":"polity","region":"","event":"","source":"Cliopatria / Seshat Global History Databank (CC BY 4.0)","wikipedia":"Kedah Sultanate","wikidata":"Q1317579","_a":2,"_c":[100.34,5.91],"_nz":"吉打苏丹国","_sz":""}},
{"type":"Feature","geometry":{"type":"Polygon","coordinates":[[[66.81,41],[66.98,42.56],[66.86,42.69],[66.92,42.89],[66.8,43.02],[66.79,43.47],[66.53,43.67],[66.57,43.8],[66.27,44.12],[65.99,44.25],[65.98,44.45],[65.73,44.45],[65.61,44.58],[65.62,44.84],[65.52,45.04],[65.34,45.24],[65.18,45.24],[64.88,45.56],[63.45,45.69],[62.74,46.28],[61.37,46.09],[61.25,45.69],[61.34,45.43],[61.72,45.37],[61.58,44.91],[61.02,44.65],[60.78,44.12],[60.6,44.06],[60.5,43.73],[60.11,43.47],[59.12,43.41],[58.71,43.67],[58.34,43.47],[58.19,43.8],[57.96,43.86],[58.07,44.84],[58.52,45.56],[56.2,45.1],[56,44.97],[56.04,44.52],[55.92,44.06],[52.79,42.82],[52.68,42.37],[52.44,42.04],[52.72,41.52],[52.8,41.52],[52.81,41.91],[53.19,42.17],[53.91,42.17],[54.09,41.59],[54.73,41.26],[54.67,41],[54.4,40.87],[54.37,40.74],[53.4,40.68],[53.34,40.74],[52.94,40.74],[52.79,40.42],[52.71,40.42],[52.79,40.03],[53.5,40.03],[53.52,39.38],[53.99,39],[53.84,38.29],[53.92,38.29],[54.83,38.16],[56.01,38.55],[56.87,38.55],[57.87,38.09],[58.55,37.96],[58.79,37.64],[59.17,37.58],[59.41,37.25],[59.92,37.13],[59.97,37],[60.29,37],[60.71,36.8],[61.18,36.8],[61.2,36.55],[61.5,36.48],[61.54,36.67],[61.92,37],[61.88,37.51],[61.44,37.96],[61.5,38.22],[62.08,38.67],[62.38,39.26],[62.89,39.38],[63.28,39.71],[64.16,40.03],[65.34,40.29],[65.77,40.68],[66.68,40.81],[66.81,41]]]},"properties":{"NAME":"Khanate of Khiva","C":10,"name":"Khanate of Khiva","start_year":1800,"end_year":1821,"capital":"","type":"polity","region":"","event":"","source":"Cliopatria / Seshat Global History Databank (CC BY 4.0)","wikipedia":"Khanate of Khiva","wikidata":"Q491106","_a":142,"_c":[59.71,41.38],"_nz":"希瓦汗国","_sz":""}},
{"type":"Feature","geometry":{"type":"MultiPolygon","coordinates":[[[[-6.29,53.73],[-6.33,54.07],[-5.9,54.07],[-5.5,54.34],[-5.55,54.75],[-5.73,54.75],[-6.15,55.29],[-7.01,55.23],[-7.12,55.36],[-7.82,55.36],[-7.89,55.23],[-8.41,55.23],[-8.56,55.09],[-8.53,54.89],[-8.87,54.82],[-8.84,54.61],[-8.64,54.48],[-8.7,54.27],[-9.5,54.41],[-10.08,54.27],[-9.83,53.8],[-9.98,53.66],[-10.23,53.6],[-10.21,53.46],[-9.47,53.12],[-9.44,52.92],[-9.75,52.72],[-9.73,52.59],[-9.97,52.52],[-9.94,52.32],[-10.53,52.25],[-10.45,51.78],[-9.92,51.65],[-9.81,51.45],[-9.64,51.45],[-8.48,51.65],[-8.42,51.78],[-8.08,51.78],[-7.61,52.12],[-6.43,52.18],[-6.23,52.65],[-6.09,52.86],[-6.15,53.33],[-6.09,53.53],[-6.29,53.73]]],[[[-7.12,57.7],[-7.56,57.7],[-7.44,57.49],[-7.12,57.7]]],[[[-6.21,58.18],[-6.26,58.53],[-6.79,58.46],[-6.85,58.32],[-7.28,58.18],[-7.07,57.97],[-7.13,57.77],[-6.52,57.9],[-6.39,58.18],[-6.21,58.18]]],[[[14.34,35.84],[14.57,35.77],[14.57,35.97],[14.34,36.03],[14.34,35.84]]],[[[3.83,39.9],[4.3,39.84],[4.22,40.1],[3.74,40.1],[3.83,39.9]]],[[[-4.86,54.07],[-4.36,54.21],[-4.38,54.41],[-4.81,54.34],[-4.86,54.07]]],[[[-2.08,57.28],[-1.82,57.42],[-1.85,57.7],[-3.73,57.77],[-4.12,57.97],[-3.43,58.18],[-3.02,58.53],[-3.14,58.74],[-3.68,58.74],[-4.02,58.6],[-5.2,58.67],[-5.17,58.46],[-5.42,58.32],[-5.46,57.97],[-5.73,57.97],[-5.89,57.83],[-5.92,57.42],[-6.32,57.77],[-6.47,57.56],[-6.82,57.49],[-6.41,57.14],[-6.06,57.14],[-5.95,57.01],[-5.91,56.73],[-6.34,56.66],[-6.23,56.52],[-6.29,56.32],[-5.68,56.39],[-5.66,56.18],[-5.92,56.18],[-6.07,55.98],[-6.51,55.98],[-6.63,55.63],[-6.13,55.77],[-5.69,55.77],[-5.92,55.5],[-5.89,55.29],[-5.63,55.29],[-5.38,55.43],[-5.12,55.43],[-5.16,55.77],[-5.43,55.77],[-5.44,55.91],[-5,55.84],[-4.79,55.63],[-4.77,55.43],[-5.33,55.02],[-5.21,54.75],[-4.95,54.82],[-4.42,54.75],[-3.57,54.89],[-3.72,54.68],[-3.59,54.27],[-3.32,54.21],[-3.3,54.07],[-3.1,53.73],[-3.15,53.46],[-3.32,53.39],[-4.16,53.26],[-4.27,53.46],[-4.7,53.46],[-4.67,53.19],[-4.49,53.12],[-4.81,52.92],[-4.79,52.79],[-4.3,52.92],[-4.16,52.45],[-4.39,52.25],[-4.89,52.18],[-5.3,51.98],[-5.26,51.71],[-5.08,51.58],[-4.42,51.71],[-4.31,51.51],[-3.89,51.58],[-3.7,51.38],[-3.28,51.38],[-3.09,51.25],[-4.2,51.31],[-4.43,51.05],[-4.68,51.05],[-4.66,50.85],[-4.82,50.78],[-4.88,50.58],[-5.13,50.58],[-5.28,50.38],[-5.77,50.25],[-5.75,50.05],[-5.15,49.98],[-4.93,50.25],[-4.35,50.38],[-4.09,50.25],[-3.58,50.25],[-3.46,50.65],[-3.13,50.71],[-2.79,50.71],[-2.61,50.58],[-1.52,50.71],[-1.51,50.58],[-1.18,50.58],[-1.11,50.78],[-1.37,50.85],[0.49,50.78],[1.31,51.11],[1.38,51.38],[0.86,51.51],[0.84,51.78],[1.18,51.78],[1.17,51.98],[1.43,51.98],[1.59,52.12],[1.74,52.38],[1.62,52.86],[1.09,53.06],[0.49,53.06],[0.34,52.86],[0.07,52.99],[0.32,53.12],[0.3,53.39],[0.02,53.6],[0,53.8],[-0.18,53.94],[-0.2,54.21],[-0.67,54.61],[-1.29,54.68],[-1.49,54.95],[-1.73,55.7],[-2.02,55.91],[-2.66,56.11],[-2.79,56.52],[-2.53,56.59],[-2.21,56.87],[-2.08,57.28]]],[[[-3.44,59.02],[-3.42,58.81],[-2.79,58.88],[-2.81,59.02],[-3.38,59.22],[-3.44,59.02]]],[[[-0.81,60.63],[-0.83,60.84],[-1.28,60.77],[-1.63,60.63],[-1.67,60.21],[-1.2,60.07],[-1.16,60.56],[-0.81,60.63]]]]},"properties":{"NAME":"Kingdom of Great Britain","C":4,"name":"Kingdom of Great Britain","start_year":1800,"end_year":1819,"capital":"","type":"polity","region":"","event":"","source":"Cliopatria / Seshat Global History Databank (CC BY 4.0)","wikipedia":"Great Britain","wikidata":"Q23666","_a":629,"_c":[2.02,48.31],"_nz":"大不列颠王国","_sz":""}},
{"type":"Feature","geometry":{"type":"Polygon","coordinates":[[[-3.92,13.46],[-3.85,13.72],[-3.41,14.04],[-3.41,14.17],[-3.05,14.49],[-2.98,14.75],[-2.76,14.88],[-2.76,15.2],[-2.69,15.39],[-2.55,15.39],[-2.62,15.71],[-2.48,15.91],[-2.64,16.61],[-2.86,16.74],[-3.38,16.74],[-3.74,16.61],[-4.11,16.29],[-4.91,15.91],[-5.2,15.59],[-5.49,15.59],[-5.42,15.46],[-5.49,15.26],[-5.63,15.2],[-5.77,14.81],[-5.92,14.75],[-5.92,14.62],[-6.21,14.3],[-6.34,13.34],[-5.75,12.95],[-5.38,12.95],[-4.21,13.34],[-4.07,13.53],[-3.92,13.46]]]},"properties":{"NAME":"Bamana Empire","C":2,"name":"Bamana Empire","start_year":1803,"end_year":1819,"capital":"","type":"polity","region":"","event":"","source":"Cliopatria / Seshat Global History Databank (CC BY 4.0)","wikipedia":"Bamana Empire","wikidata":"Q762084","_a":15,"_c":[-4.41,14.85],"_nz":"班巴拉帝国","_sz":""}},
{"type":"Feature","geometry":{"type":"MultiPolygon","coordinates":[[[[-0.19,5.56],[-0.04,5.56],[-0.04,5.75],[-0.11,5.75],[-0.19,5.56]]],[[[0.11,5.69],[0.25,5.69],[0.25,5.94],[0.11,5.94],[0.11,5.69]]],[[[79.9,11.21],[79.68,11.21],[79.66,11.02],[79.88,11.02],[79.9,11.21]]]]},"properties":{"NAME":"Danish India","C":4,"name":"Danish India","start_year":1803,"end_year":1848,"capital":"","type":"polity","region":"","event":"","source":"Cliopatria / Seshat Global History Databank (CC BY 4.0)","wikipedia":"Danish India","wikidata":"Q912382","_a":1510,"_c":[44.15,14.08],"_nz":"丹属印度","_sz":""}},
{"type":"Feature","geometry":{"type":"MultiPolygon","coordinates":[[[[103.98,10.44],[103.81,10.25],[103.94,10.06],[104.09,10.06],[104.12,10.44],[103.98,10.44]]],[[[104.42,10.44],[104.94,10.57],[105.12,10.89],[106.21,10.89],[106.16,11.09],[105.89,11.28],[105.85,11.6],[106.01,11.73],[106.37,11.73],[106.55,11.99],[106.77,11.99],[107.09,12.24],[107.54,12.37],[107.64,12.63],[107.52,12.89],[107.67,13.46],[107.62,13.66],[107.38,14.11],[107.51,14.56],[106.82,14.3],[106.63,14.56],[106.48,14.56],[106.09,14.36],[106.12,13.98],[105.9,13.98],[105.81,13.85],[105.5,13.79],[105.47,13.46],[105.16,13.34],[105.14,13.21],[104.84,13.14],[104.79,13.34],[104.5,13.34],[104.34,13.21],[104.11,12.5],[103.86,12.18],[103.78,11.41],[103.62,11.28],[103.6,11.09],[103.67,11.02],[103.64,10.76],[103.49,10.7],[103.55,10.51],[103.92,10.57],[104.42,10.44]]]]},"properties":{"NAME":"Khmer Empire","C":11,"name":"Khmer Empire","start_year":1803,"end_year":1858,"capital":"","type":"polity","region":"","event":"","source":"Cliopatria / Seshat Global History Databank (CC BY 4.0)","wikipedia":"Khmer Empire","wikidata":"Q201705","_a":19,"_c":[105.58,12.31],"_nz":"高棉帝国","_sz":""}},
{"type":"Feature","geometry":{"type":"Polygon","coordinates":[[[50.67,26.13],[50.69,26.26],[50.46,26.26],[50.43,25.94],[50.65,25.87],[50.67,26.13]]]},"properties":{"NAME":"House of Khalifa","C":3,"name":"House of Khalifa","start_year":1803,"end_year":1889,"capital":"","type":"polity","region":"","event":"","source":"Cliopatria / Seshat Global History Databank (CC BY 4.0)","wikipedia":"House of Khalifa","wikidata":"Q1158126","_a":0,"_c":[50.56,26.07],"_nz":"哈利法家族","_sz":""}},
{"type":"Feature","geometry":{"type":"Polygon","coordinates":[[[109.23,11.79],[109.09,11.79],[108.89,11.99],[108.84,12.18],[108.69,12.18],[108.62,11.54],[108.76,11.47],[108.81,11.28],[108.89,11.28],[109.23,11.73],[109.23,11.79]]]},"properties":{"NAME":"Đại Việt","C":8,"name":"Đại Việt","start_year":1803,"end_year":1829,"capital":"","type":"polity","region":"","event":"","source":"Cliopatria / Seshat Global History Databank (CC BY 4.0)","wikipedia":"Đại Việt","wikidata":"Q1317991","_a":1,"_c":[108.93,11.73],"_nz":"大越","_sz":""}},
{"type":"Feature","geometry":{"type":"Polygon","coordinates":[[[109.23,11.79],[109.23,12.37],[109.32,12.56],[109.47,12.56],[109.51,12.95],[109.33,13.27],[109.35,14.04],[109.18,14.36],[109.16,14.75],[108.97,15.01],[109.02,15.33],[108.68,15.52],[108.7,15.65],[108.37,15.91],[108.33,16.16],[108.14,16.36],[107.84,16.36],[107.86,16.49],[107.65,16.55],[107.67,16.68],[107.48,16.87],[107.33,16.87],[107.1,17.26],[106.75,17.39],[106.77,17.51],[106.52,17.77],[106.57,18.09],[106.29,18.22],[106.18,18.41],[105.73,18.86],[105.97,19.83],[106.54,20.15],[106.69,20.6],[106.83,20.6],[106.88,20.86],[107.42,20.99],[107.79,21.44],[108.1,21.5],[107.97,21.63],[107.59,21.56],[107.46,21.69],[107.24,21.69],[106.71,22.08],[106.61,22.34],[106.77,22.85],[106.71,22.91],[106.33,22.85],[106.2,22.98],[105.75,22.98],[105.44,23.3],[105.21,23.3],[104.96,23.11],[104.84,22.85],[104.52,22.72],[104.15,22.79],[103.96,22.53],[104.07,22.27],[104.45,21.89],[104.42,21.69],[104.56,21.69],[104.59,21.37],[104.73,21.37],[104.69,21.11],[104.82,20.99],[104.5,20.41],[104.65,20.41],[104.98,20.15],[104.95,19.96],[104.69,19.7],[104.08,19.64],[103.96,19.31],[104.31,19.19],[104.56,18.93],[105.25,18.61],[105.21,18.35],[106.61,16.94],[106.69,16.49],[106.97,16.42],[107.02,16.29],[107.5,16.04],[107.3,15.65],[107.69,15.33],[107.56,14.88],[107.62,14.81],[107.51,14.56],[107.38,14.11],[107.62,13.66],[107.67,13.46],[107.52,12.89],[107.64,12.63],[107.54,12.37],[107.09,12.24],[106.77,11.99],[106.55,11.99],[106.37,11.73],[106.01,11.73],[105.85,11.6],[105.89,11.28],[106.16,11.09],[106.21,10.89],[105.12,10.89],[104.94,10.57],[104.42,10.44],[104.54,10.19],[105.03,9.99],[104.79,9.74],[104.7,8.58],[104.98,8.51],[105.37,8.77],[105.62,9.16],[106.14,9.29],[106.23,9.48],[106.6,9.54],[106.55,9.8],[106.7,9.8],[106.64,9.99],[106.79,10.06],[106.82,10.31],[106.76,10.44],[106.98,10.51],[107.05,10.44],[107.34,10.38],[108.81,11.21],[108.81,11.28],[108.76,11.47],[108.62,11.54],[108.69,12.18],[108.84,12.18],[108.89,11.99],[109.09,11.79],[109.23,11.79]]]},"properties":{"NAME":"Nguyễn dynasty","C":6,"name":"Nguyễn dynasty","start_year":1803,"end_year":1833,"capital":"","type":"polity","region":"","event":"","source":"Cliopatria / Seshat Global History Databank (CC BY 4.0)","wikipedia":"Nguyen dynasty","wikidata":"Q6500483","_a":82,"_c":[106.74,15.91],"_nz":"阮朝","_sz":""}},
{"type":"Feature","geometry":{"type":"MultiPolygon","coordinates":[[[[107.99,-7.81],[108.28,-7.88],[108.56,-7.69],[108.78,-7.69],[109.45,-7.81],[109.45,-7.88],[109.89,-7.94],[110.02,-7.69],[110.01,-7.56],[109.49,-7.36],[109.4,-7.11],[108.67,-7.04],[108.17,-7.17],[107.99,-7.81]]],[[[100.26,2.47],[100.26,2.54],[99.9,2.73],[99.91,2.99],[99.7,3.11],[99.14,3.63],[98.71,3.76],[98.72,3.89],[98.29,4.08],[98.23,4.27],[98,4.21],[97.84,3.82],[97.91,3.82],[98.55,3.31],[98.61,3.05],[99.31,2.54],[99.31,2.41],[99.52,2.28],[99.52,2.15],[99.66,2.09],[99.65,1.96],[99.8,1.89],[99.79,1.76],[100.01,1.64],[100.07,1.38],[100.37,1.57],[100.3,1.76],[100.16,1.83],[100.25,2.21],[100.26,2.47]]]]},"properties":{"NAME":"Sultanate of Malacca","C":8,"name":"Sultanate of Malacca","start_year":1803,"end_year":1860,"capital":"","type":"polity","region":"","event":"","source":"Cliopatria / Seshat Global History Databank (CC BY 4.0)","wikipedia":"Malacca Sultanate","wikidata":"Q46652","_a":149,"_c":[103.94,-1.84],"_nz":"马六甲苏丹国","_sz":""}},
{"type":"Feature","geometry":{"type":"MultiPolygon","coordinates":[[[[19.27,-30.77],[19.04,-30.57],[18.58,-30.32],[17.75,-30.51],[17.59,-30.19],[16.98,-30.06],[17.06,-30.38],[18.09,-31.92],[18.18,-32.37],[18.04,-32.76],[17.73,-32.69],[17.67,-33.08],[17.82,-33.08],[17.91,-33.34],[18.22,-33.59],[18.17,-34.36],[18.4,-34.36],[18.4,-34.17],[18.55,-34.11],[18.64,-34.43],[19.18,-34.49],[19.19,-34.69],[19.42,-34.82],[19.96,-34.82],[20.26,-34.56],[20.79,-34.43],[21.64,-34.49],[21.79,-34.43],[21.86,-34.24],[22.16,-34.11],[23.24,-34.17],[23.31,-34.04],[23.77,-34.04],[24.25,-34.24],[24.55,-34.24],[24.92,-33.98],[25.62,-34.11],[25.53,-33.91],[25.68,-33.79],[26.6,-33.79],[27.27,-33.46],[26.86,-33.08],[26.85,-32.95],[26.32,-33.01],[26.01,-32.89],[25.99,-32.56],[25.91,-32.56],[25.96,-32.11],[25.7,-31.6],[25.67,-31.02],[25.13,-30.89],[24.82,-30.7],[24.59,-30.7],[24.22,-30.96],[24.16,-31.21],[23.86,-31.34],[23.25,-31.28],[23.16,-31.02],[22.93,-30.96],[22.49,-31.28],[22.35,-31.54],[22.44,-31.86],[22.21,-31.92],[22.05,-31.79],[21.21,-31.6],[21.2,-31.47],[20.89,-31.34],[20.05,-31.34],[19.97,-31.09],[19.27,-30.77]]],[[[-2.52,4.91],[-2.23,4.72],[-1.87,4.72],[-1.94,4.98],[-1.94,5.04],[-2.45,5.17],[-2.52,4.98],[-2.52,4.91]]],[[[-1.79,5.11],[-1.79,4.91],[-1.72,4.91],[-1.65,4.91],[-1.65,4.98],[-1.5,4.98],[-1.21,5.11],[-1.21,5.36],[-1.79,5.11]]],[[[-1.06,5.17],[-0.92,5.17],[-0.92,5.43],[-1.06,5.43],[-1.06,5.17]]],[[[-0.62,5.49],[-0.77,5.49],[-0.77,5.24],[-0.63,5.3],[-0.62,5.49]]],[[[-0.48,5.56],[-0.48,5.43],[-0.41,5.43],[-0.26,5.43],[-0.19,5.56],[-0.18,5.75],[-0.33,5.75],[-0.48,5.56]]]]},"properties":{"NAME":"Napoleonic Batavia Republic","C":2,"name":"Napoleonic Batavia Republic","start_year":1805,"end_year":1867,"capital":"","type":"polity","region":"","event":"","source":"Cliopatria / Seshat Global History Databank (CC BY 4.0)","wikipedia":"Dutch Cape Colony","wikidata":"Q4807130","_a":1209,"_c":[12.38,-14.53],"_nz":"拿破仑时期巴达维亚共和国","_sz":""}},
{"type":"Feature","geometry":{"type":"Polygon","coordinates":[[[48.02,29.54],[47.74,29.79],[47.48,29.47],[47.44,29.15],[47.86,28.83],[48.32,28.83],[48.19,29.09],[48.22,29.28],[48.02,29.54]]]},"properties":{"NAME":"Kuwait","C":11,"name":"Kuwait","start_year":1805,"end_year":1819,"capital":"","type":"polity","region":"","event":"","source":"Cliopatria / Seshat Global History Databank (CC BY 4.0)","wikipedia":"Kuwait","wikidata":"Q817","_a":1,"_c":[47.88,29.31],"_nz":"科威特","_sz":""}},
{"type":"Feature","geometry":{"type":"MultiPolygon","coordinates":[[[[-46.34,60.91],[-46.22,60.7],[-45.95,60.7],[-46.06,60.91],[-46.34,60.91]]],[[[-52.42,67],[-52.53,67.3],[-52.49,67.67],[-52.25,67.74],[-52.3,67.97],[-52.06,68.05],[-52.22,68.27],[-52.39,68.8],[-52.99,68.8],[-52.88,68.65],[-53.27,68.5],[-53.01,68.27],[-53.65,68.2],[-53.39,67.97],[-53.83,67.89],[-53.92,67.74],[-53.77,67.52],[-54.05,67.37],[-53.84,67.07],[-53.45,66.92],[-53.05,66.92],[-52.95,66.77],[-53.54,66.77],[-53.58,66.55],[-53.87,66.4],[-53.66,66.11],[-53.37,66.11],[-53.07,65.66],[-52.88,65.66],[-52.54,65.44],[-52.02,64.2],[-51.74,64.2],[-51.51,63.84],[-51.56,63.62],[-51.14,63.55],[-50.72,63.19],[-50.32,62.69],[-50.34,62.4],[-49.69,62.26],[-49.84,62.19],[-49.71,61.97],[-49.52,61.97],[-49.21,61.76],[-49.36,61.69],[-49.23,61.48],[-48.68,61.48],[-48.61,61.19],[-48.16,61.05],[-47.91,60.77],[-47.62,60.91],[-46.66,60.84],[-46.6,61.05],[-46.04,61.05],[-45.65,60.49],[-45.32,60.56],[-45.03,60.35],[-44.46,60.49],[-44.52,60.77],[-45.1,60.84],[-45.22,61.05],[-45.15,61.26],[-45.65,61.34],[-46.38,61.83],[-46.88,61.9],[-47.67,62.47],[-48.42,63.26],[-48.69,63.41],[-48.71,63.91],[-49.02,64.42],[-49.34,64.79],[-50,65.22],[-50.04,65.44],[-50.37,65.52],[-50.56,65.81],[-50.85,65.96],[-51.63,66.11],[-52.41,66.55],[-52.42,67]]],[[[-51.15,69.03],[-51.4,68.95],[-51.34,68.73],[-51.08,68.5],[-50.84,68.57],[-51,68.8],[-50.75,69.03],[-51.06,69.18],[-50.41,69.26],[-50.43,69.56],[-51.22,69.41],[-51.15,69.03]]],[[[-53.18,69.33],[-53.69,69.49],[-54.4,69.49],[-54.13,69.26],[-53.18,69.33]]],[[[-52.44,70.26],[-52.43,70.1],[-52.02,70.1],[-51.93,70.26],[-52.44,70.26]]],[[[-52.44,70.8],[-53.05,70.8],[-52.57,70.57],[-51.96,70.57],[-52.44,70.8]]],[[[-51.59,71.03],[-51.7,71.19],[-52.12,71.19],[-51.94,70.95],[-51.59,71.03]]],[[[-54.96,72.69],[-55.17,72.92],[-55.59,72.92],[-55.38,72.69],[-54.96,72.69]]]]},"properties":{"NAME":"Greenland","C":6,"name":"Greenland","start_year":1805,"end_year":1829,"capital":"","type":"polity","region":"","event":"","source":"Cliopatria / Seshat Global History Databank (CC BY 4.0)","wikipedia":"Greenland","wikidata":"Q223","_a":140,"_c":[-50.03,66.64],"_nz":"格陵兰","_sz":""}},
{"type":"Feature","geometry":{"type":"MultiPolygon","coordinates":[[[[4.86,8],[4.94,8],[4.86,8.06],[4.86,8]]],[[[10.75,13.4],[10.09,13.27],[9.65,12.82],[8.92,12.89],[8.7,13.08],[8.11,13.14],[7.89,13.21],[7.82,13.34],[7.6,13.27],[7.3,13.4],[6.86,13.4],[6.35,13.72],[5.91,13.79],[5.4,13.34],[4.74,13.34],[4.37,13.21],[4.15,13.34],[4.08,12.95],[3.64,12.44],[3.64,11.79],[3.86,11.86],[4.51,11.28],[4.59,10.89],[4.73,10.89],[4.73,10.64],[4.58,10.44],[4.72,9.09],[5.02,9.09],[5.53,8.71],[6.18,8.71],[6.47,8.58],[6.55,9.35],[6.7,9.48],[6.78,9.99],[7.29,10.06],[7.5,9.61],[7.5,9.41],[7.36,9.41],[7.28,8.96],[7.21,8.9],[6.99,8.51],[6.76,7.94],[7.56,7.87],[8.51,7.55],[8.8,7.55],[9.24,7.81],[9.61,7.74],[9.75,7.87],[10.63,7.94],[11.14,8.13],[11.65,8.06],[12.17,8.19],[12.24,8.06],[12.46,8.26],[12.75,8.26],[13.41,8.51],[14.29,8.45],[14.28,8.26],[14.43,8.13],[15.38,8.51],[15.46,8.77],[15.61,8.77],[15.54,9.03],[15.76,9.16],[15.83,9.48],[16.06,9.67],[16.28,9.61],[16.42,9.74],[16.5,10.12],[15.04,9.93],[14.97,10.06],[14.24,10.31],[13.81,11.02],[13.89,11.86],[13.82,11.86],[13.82,12.56],[13.54,13.08],[13.25,13.34],[12.81,13.4],[12.58,13.14],[12.14,13.08],[11.85,13.27],[10.75,13.4]]]]},"properties":{"NAME":"Sokoto Caliphate","C":6,"name":"Sokoto Caliphate","start_year":1809,"end_year":1819,"capital":"","type":"polity","region":"","event":"","source":"Cliopatria / Seshat Global History Databank (CC BY 4.0)","wikipedia":"Sokoto Caliphate","wikidata":"Q600524","_a":80,"_c":[10.07,10.67],"_nz":"索科托哈里发国","_sz":""}},
{"type":"Feature","geometry":{"type":"MultiPolygon","coordinates":[[[[124.38,-9.16],[123.94,-9.23],[123.81,-9.36],[123.97,-9.49],[124.26,-9.49],[124.38,-9.16]]],[[[124.92,-9.55],[125,-9.55],[125.26,-9.29],[125.84,-9.16],[126.62,-8.91],[126.68,-8.78],[126.9,-8.78],[127.17,-8.59],[127.23,-8.39],[126.64,-8.33],[126.51,-8.46],[125.2,-8.52],[124.71,-8.84],[124.72,-8.91],[124.8,-9.04],[125.02,-9.04],[125.04,-9.23],[124.83,-9.29],[124.92,-9.55]]],[[[122.93,-8.46],[122.82,-8.07],[122.61,-8.07],[122.63,-8.33],[122.48,-8.33],[122.28,-8.52],[122.29,-8.65],[122.66,-8.71],[122.71,-8.46],[122.93,-8.46]]],[[[73.8,15.46],[73.79,15.33],[73.93,15.26],[73.92,15.14],[74.24,14.62],[74.31,14.62],[74.55,14.81],[74.52,15.26],[74.1,15.52],[73.8,15.46]]],[[[113.42,22.14],[113.64,22.14],[113.69,22.4],[113.45,22.34],[113.42,22.14]]]]},"properties":{"NAME":"Portuguese Colonies","C":3,"name":"Portuguese Colonies","start_year":1809,"end_year":1819,"capital":"","type":"polity","region":"","event":"","source":"Cliopatria / Seshat Global History Databank (CC BY 4.0)","wikipedia":"Portuguese Empire","wikidata":"Q200464","_a":1736,"_c":[100.06,6.42],"_nz":"葡属殖民地","_sz":""}},
{"type":"Feature","geometry":{"type":"MultiPolygon","coordinates":[[[[-72.9,18.67],[-72.68,18.67],[-72.79,18.93],[-73.32,18.99],[-73.3,18.86],[-72.9,18.67]]],[[[-71.72,19.76],[-72.4,19.83],[-72.64,19.96],[-73.23,19.96],[-73.43,19.83],[-73.41,19.64],[-72.79,19.51],[-72.71,18.93],[-72.3,18.61],[-73.17,18.48],[-74.24,18.74],[-74.44,18.61],[-74.4,18.29],[-74.18,18.29],[-73.92,18.03],[-73.7,18.03],[-73.65,18.22],[-72.1,18.22],[-71.71,18.03],[-71.67,18.29],[-71.93,18.61],[-71.72,18.67],[-71.67,18.86],[-71.76,18.99],[-71.57,19.19],[-71.72,19.76]]]]},"properties":{"NAME":"Empire of Haiti","C":0,"name":"Empire of Haiti","start_year":1809,"end_year":1821,"capital":"","type":"polity","region":"","event":"","source":"Cliopatria / Seshat Global History Databank (CC BY 4.0)","wikipedia":"First Empire of Haiti","wikidata":"Q2006756","_a":6,"_c":[-73,19],"_nz":"海地帝国","_sz":""}},
{"type":"Feature","geometry":{"type":"MultiPolygon","coordinates":[[[[105.76,-4.15],[105.83,-4.15],[105.89,-3.76],[105.74,-3.7],[105.73,-3.57],[106.01,-3.25],[106.01,-3.06],[105.64,-2.8],[105.55,-2.41],[104.82,-2.29],[104.81,-2.03],[104.52,-1.96],[104.44,-1.64],[103.86,-1.77],[103.86,-1.84],[103.43,-2.09],[103.29,-2.41],[103.15,-2.41],[103.16,-2.74],[103.31,-2.86],[103.55,-3.51],[104.37,-4.09],[104.37,-4.15],[104.95,-4.02],[105.02,-3.83],[105.3,-3.7],[105.76,-4.15]]],[[[108.03,-2.54],[107.52,-2.54],[107.45,-2.61],[107.47,-3.19],[108.12,-3.19],[108.18,-2.67],[108.03,-2.54]]],[[[106.58,-2.74],[106.72,-2.61],[106.21,-2.41],[105.97,-1.51],[105.6,-1.51],[105.6,-1.64],[105.24,-1.51],[105.24,-1.84],[104.96,-1.96],[105.11,-2.16],[105.62,-2.16],[105.77,-2.41],[105.78,-2.8],[106.45,-3.19],[106.81,-3.06],[106.8,-2.86],[106.58,-2.86],[106.58,-2.74]]]]},"properties":{"NAME":"Sultanate of Palembang","C":7,"name":"Sultanate of Palembang","start_year":1809,"end_year":1819,"capital":"","type":"polity","region":"","event":"","source":"Cliopatria / Seshat Global History Databank (CC BY 4.0)","wikipedia":"Palembang Sultanate","wikidata":"Q3503555","_a":13,"_c":[105.67,-2.83],"_nz":"巨港苏丹国","_sz":""}},
{"type":"Feature","geometry":{"type":"Polygon","coordinates":[[[73.68,40.16],[72.19,39.71],[71.58,39.77],[70.91,39.38],[70.58,39.58],[69.46,39.51],[69.26,39.64],[69.35,39.97],[69.11,40.23],[68.88,40.23],[68.84,40.36],[68.28,40.36],[68.02,40.55],[67.79,40.55],[66.81,41],[66.68,40.81],[65.77,40.68],[65.34,40.29],[64.16,40.03],[63.28,39.71],[62.89,39.38],[62.38,39.26],[62.08,38.67],[61.5,38.22],[61.44,37.96],[61.88,37.51],[61.92,37],[61.54,36.67],[61.5,36.48],[61.2,36.55],[61.3,35.58],[61.8,35.39],[62.19,35.39],[62.3,35.19],[62.96,35.39],[63.16,35.58],[63.14,35.84],[64.3,36.16],[64.7,36.55],[64.83,37.13],[65.56,37.25],[65.71,37.51],[66.52,37.32],[67,37.38],[67.12,37.25],[67.75,37.25],[67.92,37],[68.15,37],[68.78,37.32],[69.01,37.32],[69.12,37.13],[69.35,37.13],[69.55,37.58],[70.08,37.51],[70.27,37.64],[70.16,37.84],[70.21,38.03],[70.71,38.42],[71.18,38.42],[71.36,38.22],[71.27,37.9],[71.57,37.84],[71.42,37],[71.58,36.74],[72.24,36.87],[73.33,37.45],[73.72,37.45],[73.83,37.25],[74.1,37.38],[74.8,37.38],[74.92,37.25],[75.03,37.64],[74.87,37.9],[74.87,38.42],[74.47,38.67],[73.89,38.55],[73.73,38.8],[73.79,39],[73.61,39.19],[73.69,39.45],[73.4,39.51],[73.68,40.16]]]},"properties":{"NAME":"Emirate of Bukhara","C":2,"name":"Emirate of Bukhara","start_year":1809,"end_year":1821,"capital":"","type":"polity","region":"","event":"","source":"Cliopatria / Seshat Global History Databank (CC BY 4.0)","wikipedia":"Emirate of Bukhara","wikidata":"Q746558","_a":80,"_c":[68.13,38.1],"_nz":"布哈拉埃米尔国","_sz":""}},
{"type":"Feature","geometry":{"type":"Polygon","coordinates":[[[73.38,42.11],[72.74,42.11],[72.31,42.24],[70.69,41.46],[70.37,41.46],[70.23,41.52],[70.42,41.85],[70.19,42.11],[70.24,42.5],[70.08,42.76],[69.95,43.54],[69.31,43.8],[68.75,43.8],[66.79,43.47],[66.8,43.02],[66.92,42.89],[66.86,42.69],[66.98,42.56],[66.81,41],[67.79,40.55],[68.02,40.55],[68.28,40.36],[68.84,40.36],[68.88,40.23],[69.11,40.23],[69.35,39.97],[69.26,39.64],[69.46,39.51],[70.58,39.58],[70.91,39.38],[71.58,39.77],[72.19,39.71],[73.68,40.16],[73.85,40.68],[73.73,40.81],[73.82,41.07],[73.63,41.46],[73.61,41.85],[73.38,42.11]]]},"properties":{"NAME":"Khanate of Kokand","C":9,"name":"Khanate of Kokand","start_year":1809,"end_year":1821,"capital":"","type":"polity","region":"","event":"","source":"Cliopatria / Seshat Global History Databank (CC BY 4.0)","wikipedia":"Khanate of Kokand","wikidata":"Q696241","_a":31,"_c":[70.32,41.59],"_nz":"浩罕汗国","_sz":""}},
{"type":"Feature","geometry":{"type":"Polygon","coordinates":[[[84.5,49.38],[83.68,49.58],[83.75,50.05],[81.67,50.25],[81.7,50.31],[81.1,50.45],[81.13,50.51],[79.68,50.65],[79.46,51.05],[78.85,51.18],[78.75,51.31],[78.41,51.31],[78.16,51.65],[77.8,51.78],[77.74,51.98],[77.38,52.12],[77.31,52.32],[77.14,52.32],[76.84,52.72],[76.91,52.86],[76.61,53.26],[76.11,53.46],[75.74,53.73],[75.72,53.87],[75.41,53.94],[74.86,53.87],[74.34,53.53],[74.08,53.53],[73.43,53.26],[68.55,52.92],[68.58,52.99],[67.89,52.99],[67.92,53.06],[66.7,53.19],[66.73,53.26],[66.27,53.39],[64.64,53.6],[64.41,53.66],[64.3,53.8],[63.87,54],[62.97,54.14],[62.57,54],[61.96,54],[60.94,53.39],[59.8,51.11],[59.15,50.71],[58.67,50.78],[58.45,51.11],[57.78,51.11],[57.62,50.91],[57.28,50.91],[57.1,51.11],[56.4,51.05],[56.19,51.18],[55.26,51.18],[54.95,51.25],[54.82,51.38],[54.5,51.45],[53.99,51.45],[53.59,51.51],[53.17,51.51],[53.13,51.65],[52.45,51.65],[52.24,51.51],[51.91,49.58],[52.02,49.38],[51.96,48.85],[52.05,48.59],[52.23,48.32],[52.26,48.13],[52.1,47.53],[52.18,47.53],[52.11,46.94],[53.11,47.01],[53.24,46.87],[53.27,46.35],[53.25,45.96],[53.07,45.89],[53.06,45.56],[53.42,45.37],[53.67,45.37],[53.88,45.56],[54.29,45.56],[54.22,45.3],[54.36,45.24],[54.3,44.97],[53.81,44.97],[53.88,45.24],[52.09,45.24],[51.88,45.37],[51.47,45.37],[51.06,45.04],[51.02,44.84],[51.47,44.71],[51.42,44.52],[50.86,44.52],[50.4,44.65],[50.22,44.58],[50.19,44.45],[50.88,44.25],[51.07,44.06],[51.04,43.93],[51.32,43.73],[51.31,43.34],[51.44,43.21],[51.77,43.28],[51.94,42.95],[52.42,42.95],[52.79,42.82],[55.92,44.06],[56.04,44.52],[56,44.97],[56.2,45.1],[58.52,45.56],[58.64,45.96],[59.31,46.02],[59.49,46.35],[59.84,46.41],[60.12,46.81],[60.53,46.81],[60.57,46.94],[61.64,46.94],[61.7,46.87],[61.37,46.09],[62.74,46.28],[63.45,45.69],[64.88,45.56],[65.08,45.43],[65.18,45.24],[65.34,45.24],[65.52,45.04],[65.61,44.58],[65.73,44.45],[65.98,44.45],[65.99,44.25],[66.27,44.12],[66.57,43.8],[66.53,43.67],[66.79,43.47],[68.75,43.8],[69.31,43.8],[69.95,43.54],[70.08,42.76],[70.24,42.5],[70.19,42.11],[70.42,41.85],[70.23,41.52],[70.37,41.46],[70.69,41.46],[72.31,42.24],[72.74,42.11],[73.38,42.11],[74.03,42.82],[74.33,43.41],[74.34,43.67],[74.23,43.8],[74.13,44.19],[74.12,44.58],[74.04,44.58],[74.05,45.04],[73.74,45.3],[73.33,45.5],[73.63,46.28],[73.87,46.28],[73.95,46.48],[74.44,46.68],[74.6,46.87],[76.32,46.87],[76.35,46.74],[76.73,46.68],[77.91,46.74],[78.1,46.61],[78.27,46.61],[78.43,46.81],[79.28,46.87],[79.39,47.14],[79.92,47.6],[80.1,47.99],[80.55,48.26],[81.94,48.39],[82.39,48.65],[83.84,48.72],[84.19,48.92],[84.5,49.38]],[[53.14,44.58],[53.42,45.04],[53.74,45.04],[53.33,44.39],[53.09,44.39],[53.14,44.58]]]},"properties":{"NAME":"Kazakh Khanate","C":6,"name":"Kazakh Khanate","start_year":1809,"end_year":1821,"capital":"","type":"polity","region":"","event":"","source":"Cliopatria / Seshat Global History Databank (CC BY 4.0)","wikipedia":"Kazakh Khanate","wikidata":"Q1433867","_a":435,"_c":[67.35,47.8],"_nz":"哈萨克汗国","_sz":""}},
{"type":"Feature","geometry":{"type":"MultiPolygon","coordinates":[[[[77.33,26.58],[77.22,26.58],[77.03,26.84],[76.08,26.97],[76.07,27.35],[75.94,27.48],[75.98,27.67],[76.14,27.74],[76.21,28.12],[75.95,28.38],[75.8,28.38],[75.71,28.7],[75.49,29.15],[75.18,29.09],[75.05,29.22],[74.45,29.22],[73.73,29.41],[73.69,29.6],[73.79,29.73],[73.58,29.79],[73.53,29.92],[73.19,29.34],[72.12,28.89],[71.68,28.51],[71.52,28.51],[70.59,27.87],[70.3,27.48],[70.08,26.52],[70.35,26.32],[70.62,25.62],[70.65,25.62],[72.44,25],[73.64,24.76],[74.93,25.28],[76.85,26.29],[77.33,26.58]],[[75.47,26],[75.44,26.26],[75.67,26.32],[75.78,26.07],[75.47,26]]],[[[77.11,28.51],[77.26,28.51],[77.43,28.64],[77.31,28.77],[77.15,28.7],[77.11,28.51]]]]},"properties":{"NAME":"Mughal Empire","C":0,"name":"Mughal Empire","start_year":1811,"end_year":1856,"capital":"","type":"polity","region":"","event":"","source":"Cliopatria / Seshat Global History Databank (CC BY 4.0)","wikipedia":"Mughal Empire","wikidata":"Q33296","_a":52,"_c":[73.76,26.36],"_nz":"莫卧儿帝国","_sz":""}},
{"type":"Feature","geometry":{"type":"Polygon","coordinates":[[[9.29,47.99],[9.45,48.13],[9.12,48.46],[8.87,48.46],[9.04,48.26],[8.96,47.99],[9.29,47.99]]]},"properties":{"NAME":"Principality of Hohenzollern-Sigmaringen","C":4,"name":"Principality of Hohenzollern-Sigmaringen","start_year":1811,"end_year":1848,"capital":"","type":"polity","region":"","event":"","source":"Cliopatria / Seshat Global History Databank (CC BY 4.0)","wikipedia":"Hohenzollern-Sigmaringen","wikidata":"Q157013","_a":0,"_c":[8.99,48.26],"_nz":"霍亨索伦-锡格马林根亲王国","_sz":""}},
{"type":"Feature","geometry":{"type":"MultiPolygon","coordinates":[[[[19.27,-30.77],[19.04,-30.57],[18.58,-30.32],[17.75,-30.51],[17.59,-30.19],[16.98,-30.06],[17.06,-30.38],[18.09,-31.92],[18.18,-32.37],[18.04,-32.76],[17.73,-32.69],[17.67,-33.08],[17.82,-33.08],[17.91,-33.34],[18.22,-33.59],[18.17,-34.36],[18.4,-34.36],[18.4,-34.17],[18.55,-34.11],[18.64,-34.43],[19.18,-34.49],[19.19,-34.69],[19.42,-34.82],[19.96,-34.82],[20.26,-34.56],[20.79,-34.43],[21.64,-34.49],[21.79,-34.43],[21.86,-34.24],[22.16,-34.11],[23.24,-34.17],[23.31,-34.04],[23.77,-34.04],[24.25,-34.24],[24.55,-34.24],[24.92,-33.98],[25.62,-34.11],[25.53,-33.91],[25.68,-33.79],[26.6,-33.79],[27.27,-33.46],[26.86,-33.08],[26.85,-32.95],[26.32,-33.01],[26.01,-32.89],[25.99,-32.56],[25.91,-32.56],[25.96,-32.11],[25.7,-31.6],[25.67,-31.02],[25.13,-30.89],[24.82,-30.7],[24.59,-30.7],[24.22,-30.96],[24.16,-31.21],[23.86,-31.34],[23.25,-31.28],[23.16,-31.02],[22.93,-30.96],[22.49,-31.28],[22.35,-31.54],[22.44,-31.86],[22.21,-31.92],[22.05,-31.79],[21.21,-31.6],[21.2,-31.47],[20.89,-31.34],[20.05,-31.34],[19.97,-31.09],[19.27,-30.77]]],[[[-1.79,5.11],[-1.94,5.04],[-1.94,4.79],[-1.87,4.79],[-1.72,4.85],[-1.79,5.11]]],[[[-2.52,4.98],[-2.67,5.24],[-2.89,5.17],[-2.96,4.98],[-2.52,4.91],[-2.52,4.98]]],[[[-1.21,5.36],[-1.21,5.11],[-1.06,5.17],[-1.06,5.36],[-1.21,5.36]]],[[[-0.92,5.43],[-0.92,5.17],[-0.77,5.24],[-0.77,5.43],[-0.92,5.43]]],[[[-0.63,5.3],[-0.41,5.36],[-0.48,5.56],[-0.62,5.49],[-0.63,5.3]]],[[[-12.73,8.45],[-12.66,8.71],[-12.73,8.84],[-13.1,8.77],[-13.17,8.71],[-13.1,8.51],[-13.32,8.51],[-13.31,8.32],[-12.95,8.13],[-12.95,8.26],[-12.73,8.45]]],[[[-17.39,14.88],[-17.45,14.69],[-17.16,14.62],[-17.09,14.94],[-17.39,14.88]]]]},"properties":{"NAME":"British Cape Colony","C":6,"name":"British Cape Colony","start_year":1811,"end_year":1819,"capital":"","type":"polity","region":"","event":"","source":"Cliopatria / Seshat Global History Databank (CC BY 4.0)","wikipedia":"Cape Colony","wikidata":"Q370736","_a":3627,"_c":[18.99,-9.94],"_nz":"英属开普殖民地","_sz":""}},
{"type":"Feature","geometry":{"type":"Polygon","coordinates":[[[42.34,43.15],[42.33,43.08],[42.52,42.82],[43.34,42.89],[43.28,43.02],[42.99,43.15],[42.44,43.21],[42.34,43.15]]]},"properties":{"NAME":"Principality of Svaneti","C":9,"name":"Principality of Svaneti","start_year":1811,"end_year":1829,"capital":"","type":"polity","region":"","event":"","source":"Cliopatria / Seshat Global History Databank (CC BY 4.0)","wikipedia":"Principality of Svaneti","wikidata":"Q2919545","_a":0,"_c":[42.84,43.02],"_nz":"斯瓦涅季公国","_sz":""}},
{"type":"Feature","geometry":{"type":"Polygon","coordinates":[[[75.73,32.36],[75.33,32.3],[75.21,32.43],[74.48,32.56],[73.51,33.01],[72.85,33.14],[72.16,33.14],[71.89,32.94],[71.75,32.69],[71.88,32.56],[71.82,32.3],[72.01,32.11],[72.31,32.11],[72.7,31.79],[73.19,31.59],[73.5,31.27],[73.47,31.14],[74.05,30.63],[74.78,31.21],[75.39,31.21],[75.58,31.01],[76.49,31.01],[76.38,31.21],[76.44,31.46],[76.12,31.4],[76.15,31.53],[75.72,31.98],[75.5,32.04],[75.73,32.36]]]},"properties":{"NAME":"Sikh Empire","C":9,"name":"Sikh Empire","start_year":1811,"end_year":1819,"capital":"","type":"polity","region":"","event":"","source":"Cliopatria / Seshat Global History Databank (CC BY 4.0)","wikipedia":"Sikh Empire","wikidata":"Q83572","_a":12,"_c":[74.13,31.89],"_nz":"锡克帝国","_sz":""}},
{"type":"Feature","geometry":{"type":"MultiPolygon","coordinates":[[[[39.37,15.33],[39.73,15.2],[39.74,15.39],[39.46,15.71],[39.41,16.04],[39.26,16.1],[39.11,15.91],[39.37,15.33]]],[[[37.54,18.61],[37.62,18.8],[37.34,19.12],[37.1,18.74],[37.24,18.61],[37.54,18.61]]],[[[33.6,31.08],[32.83,31.01],[32.77,31.14],[32.53,31.08],[32,31.08],[31.88,31.46],[31.27,31.46],[30.97,31.53],[30.81,31.46],[30.35,31.46],[30.34,31.27],[29.88,31.27],[29.79,31.01],[29.49,31.01],[29.4,30.82],[28.87,30.82],[28.5,31.01],[27.51,31.14],[27.15,31.4],[26.39,31.53],[25.48,31.53],[25.32,31.46],[25.38,31.14],[26.13,30.82],[27.63,30.5],[28.36,30.05],[28.46,29.09],[28.6,28.83],[28.47,27.74],[28.31,27.54],[28.22,27.16],[28.3,27.16],[28.27,26.58],[28.35,26.58],[28.24,25.94],[28.29,25.16],[28.57,24.65],[28.79,24.52],[28.78,24.39],[29.15,24.07],[29.14,23.94],[29.58,23.62],[29.57,23.49],[30.01,23.11],[30.16,23.11],[30.74,22.66],[31.32,22.4],[31.17,22.27],[31.23,22.01],[31.46,22.08],[31.69,22.34],[32.06,22.21],[33.62,22.27],[35.05,22.59],[35.66,22.98],[35.81,22.91],[35.55,23.69],[35.56,23.94],[35.85,23.88],[35.86,24.01],[35.15,24.65],[34.61,25.81],[34.46,25.87],[34.2,26.52],[34.05,26.58],[34.07,26.97],[33.93,27.03],[33.8,27.42],[33.59,27.61],[33.61,27.99],[33.11,28.38],[32.84,28.89],[32.69,28.96],[32.44,29.79],[32.59,29.73],[32.86,29.22],[33.15,29.02],[33.19,28.51],[33.4,28.32],[33.55,28.32],[33.62,28.12],[34.12,27.74],[34.35,27.74],[34.36,27.93],[34.52,28.06],[34.55,28.51],[34.71,28.7],[34.84,29.41],[34.91,29.41],[34.86,29.67],[34.68,30.31],[34.16,30.5],[33.88,30.82],[33.59,30.95],[33.6,31.08]]]]},"properties":{"NAME":"Muhammad Ali dynasty","C":6,"name":"Muhammad Ali dynasty","start_year":1811,"end_year":1821,"capital":"","type":"polity","region":"","event":"","source":"Cliopatria / Seshat Global History Databank (CC BY 4.0)","wikipedia":"History of Egypt under the Muhammad Ali dynasty","wikidata":"Q3057606","_a":238,"_c":[32.53,23.43],"_nz":"穆罕默德·阿里王朝","_sz":""}},
{"type":"Feature","geometry":{"type":"Polygon","coordinates":[[[9.46,47.6],[9.95,47.86],[9.86,48.46],[10.11,48.65],[10.11,48.99],[9.86,49.25],[8.78,49.25],[8.69,49.12],[8.44,49.12],[8.45,48.79],[8.2,48.79],[8.21,48.06],[8.54,48.13],[8.54,47.99],[8.87,47.99],[8.79,48.19],[9.04,48.26],[8.87,48.46],[9.12,48.46],[9.45,48.13],[9.29,47.99],[9.29,47.66],[9.37,47.66],[9.46,47.6]]]},"properties":{"NAME":"Kingdom of Württemberg","C":9,"name":"Kingdom of Württemberg","start_year":1811,"end_year":1863,"capital":"","type":"polity","region":"","event":"","source":"Cliopatria / Seshat Global History Databank (CC BY 4.0)","wikipedia":"Kingdom of Württemberg","wikidata":"Q159631","_a":3,"_c":[9.07,48.43],"_nz":"符腾堡王国","_sz":""}},
{"type":"Feature","geometry":{"type":"MultiPolygon","coordinates":[[[[-155.79,18.99],[-155.55,18.93],[-155.38,19.12],[-154.88,19.19],[-154.69,19.57],[-154.97,19.76],[-155.04,20.02],[-155.59,20.15],[-155.8,20.34],[-155.8,19.83],[-156,19.76],[-155.93,19.51],[-155.75,19.38],[-155.69,19.19],[-155.84,19.19],[-155.79,18.99]]],[[[-156.72,20.99],[-156.68,20.86],[-156.5,20.73],[-156.43,20.47],[-156.05,20.47],[-155.74,20.66],[-155.87,20.86],[-156.57,20.99],[-156.72,20.99]]],[[[-156.72,20.73],[-156.78,20.92],[-157,20.92],[-156.94,20.73],[-156.72,20.73]]],[[[-156.72,20.99],[-156.78,21.18],[-156.95,21.24],[-157.24,21.24],[-157.24,20.99],[-156.72,20.99]]],[[[-157.87,21.11],[-157.65,21.11],[-157.75,21.69],[-158.06,21.76],[-158.28,21.5],[-158.25,21.37],[-157.87,21.11]]],[[[-160.65,21.69],[-160.7,21.89],[-160.93,21.89],[-160.94,21.69],[-160.65,21.69]]],[[[-160.05,21.69],[-159.94,21.82],[-160.07,22.01],[-160.31,21.82],[-160.27,21.69],[-160.05,21.69]]],[[[-159.74,21.89],[-159.35,21.82],[-159.03,22.01],[-159.17,22.21],[-159.63,22.27],[-159.74,22.14],[-159.74,21.89]]]]},"properties":{"NAME":"Kingdom of Hawaï'i","C":2,"name":"Kingdom of Hawaï'i","start_year":1811,"end_year":1819,"capital":"","type":"polity","region":"","event":"","source":"Cliopatria / Seshat Global History Databank (CC BY 4.0)","wikipedia":"Hawaiian Kingdom","wikidata":"Q156418","_a":33,"_c":[-158.49,21.12],"_nz":"夏威夷王国","_sz":""}},
{"type":"Feature","geometry":{"type":"Polygon","coordinates":[[[76,36.42],[75.78,36.74],[75.41,36.8],[75.31,37],[74.55,37.06],[74.59,37.19],[74.92,37.25],[74.8,37.38],[74.1,37.38],[73.83,37.25],[73.72,37.45],[73.33,37.45],[72.24,36.87],[71.58,36.74],[71.42,37],[71.57,37.84],[71.27,37.9],[71.36,38.22],[71.18,38.42],[70.71,38.42],[70.21,38.03],[70.16,37.84],[70.27,37.64],[70.08,37.51],[69.55,37.58],[69.35,37.13],[69.12,37.13],[69.01,37.32],[68.78,37.32],[68.15,37],[67.92,37],[67.75,37.25],[67.12,37.25],[67,37.38],[66.52,37.32],[65.71,37.51],[65.56,37.25],[64.83,37.13],[64.7,36.55],[64.3,36.16],[63.14,35.84],[63.16,35.58],[62.96,35.39],[62.3,35.19],[62.19,35.39],[61.8,35.39],[61.3,35.58],[61.05,34.74],[60.78,34.55],[60.82,34.36],[60.57,34.23],[60.53,33.65],[60.89,33.52],[60.69,33.26],[60.62,32.88],[60.66,32.69],[60.88,32.24],[60.84,31.59],[61.12,31.4],[61.72,31.4],[61.92,31.21],[61.87,30.95],[61.39,30.31],[60.96,29.99],[60.93,29.79],[61.45,29.28],[61.49,29.02],[61.87,28.57],[62.8,28.19],[62.9,27.87],[62.82,27.29],[63.33,27.16],[63.28,26.77],[63.11,26.64],[62.43,26.58],[61.85,26.19],[61.66,25.16],[62.02,25.04],[62.18,25.16],[62.47,25.1],[62.56,25.23],[63.54,25.23],[63.63,25.36],[64.23,25.36],[64.28,25.23],[64.8,25.16],[64.82,25.29],[66.02,25.36],[66.35,25.55],[66.68,25.23],[66.63,24.84],[67.21,24.71],[67.25,24.39],[67.33,24.39],[67.29,24.07],[67.44,24.07],[67.49,23.88],[67.63,23.81],[68.16,23.81],[68.13,23.56],[68.42,23.56],[68.76,23.88],[69.36,23.94],[69.76,24.14],[71.02,24.07],[71.34,24.26],[71.22,24.46],[71.07,24.46],[71.11,24.78],[70.79,25.16],[70.75,25.49],[70.62,25.62],[70.35,26.32],[70.08,26.52],[70.3,27.48],[70.59,27.87],[71.52,28.51],[71.68,28.51],[72.12,28.89],[73.19,29.34],[73.53,29.92],[73.63,30.05],[73.94,30.12],[73.92,30.37],[74.05,30.63],[73.47,31.14],[73.5,31.27],[73.19,31.59],[72.7,31.79],[72.31,32.11],[72.01,32.11],[71.82,32.3],[71.88,32.56],[71.75,32.69],[71.89,32.94],[72.16,33.14],[72.85,33.14],[73.51,33.01],[74.48,32.56],[75.21,32.43],[75.33,32.3],[75.73,32.36],[75.81,32.36],[76.11,32.69],[76.1,32.94],[76.25,32.94],[76.47,33.2],[76.85,33.2],[77.32,32.94],[77.72,33.01],[77.84,32.88],[77.81,32.75],[78.09,32.62],[78.33,32.69],[78.51,32.49],[78.66,33.39],[78.59,33.39],[78.85,34.1],[78.68,34.04],[78.87,34.49],[78.23,34.68],[78.21,34.87],[78.04,34.81],[77.49,35.07],[77.31,35.26],[77.1,35.32],[77.09,35.58],[76.6,35.77],[76.58,35.97],[76.17,35.9],[75.99,36.1],[76,36.42]]]},"properties":{"NAME":"Durrani Empire","C":5,"name":"Durrani Empire","start_year":1811,"end_year":1819,"capital":"","type":"polity","region":"","event":"","source":"Cliopatria / Seshat Global History Databank (CC BY 4.0)","wikipedia":"Durrani Empire","wikidata":"Q467627","_a":273,"_c":[69.7,30.99],"_nz":"杜兰尼王朝","_sz":""}},
{"type":"Feature","geometry":{"type":"Polygon","coordinates":[[[14.95,14.36],[14.87,14.36],[14.22,14.94],[14.14,14.94],[14,15.2],[13.85,15.14],[12.97,15.52],[12.02,15.59],[11.43,15.33],[10.98,14.69],[10.75,13.46],[10.75,13.4],[11.85,13.27],[12.14,13.08],[12.58,13.14],[12.81,13.4],[13.25,13.34],[13.54,13.08],[13.82,12.56],[13.82,11.86],[13.89,11.86],[13.81,11.02],[14.24,10.31],[14.97,10.06],[15.04,9.93],[16.5,10.12],[16.79,10.12],[16.8,10.25],[17.09,10.31],[17.08,9.99],[17.16,9.99],[17.38,10.44],[17.68,10.44],[17.61,10.57],[17.83,10.76],[17.83,11.02],[17.55,11.6],[17.4,11.6],[17.04,11.92],[17.04,12.05],[16.61,12.37],[16.54,12.89],[15.89,13.46],[15.89,13.59],[14.95,14.36]]]},"properties":{"NAME":"Bornu Empire","C":0,"name":"Bornu Empire","start_year":1811,"end_year":1833,"capital":"","type":"polity","region":"","event":"","source":"Cliopatria / Seshat Global History Databank (CC BY 4.0)","wikipedia":"Kanem-Bornu Empire","wikidata":"Q1139762","_a":40,"_c":[14.29,12.76],"_nz":"博尔努帝国","_sz":""}},
{"type":"Feature","geometry":{"type":"Polygon","coordinates":[[[53.92,38.29],[53.83,37.84],[53.91,37.84],[53.91,37.45],[54.09,37.19],[54.03,36.87],[53.09,36.8],[52.19,36.55],[51.26,36.61],[50.53,36.87],[50.57,37.06],[50.32,37],[50,37.38],[49.09,37.51],[48.88,37.71],[48.84,38.35],[48.74,38.67],[48.92,39.19],[49.18,39.32],[49.03,39.38],[49,39.64],[48.78,39.71],[48.72,39.84],[48.09,39.84],[47.9,39.64],[47.49,39.58],[46.67,38.93],[46.19,38.87],[46.05,39],[46.08,39.19],[45.87,39.32],[45.78,39.71],[45.95,39.77],[45.92,40.03],[46.03,40.23],[45.59,40.42],[45.41,40.74],[44.91,40.61],[44.05,40.68],[44.09,40.42],[43.77,40.42],[43.67,40.29],[43.72,40.1],[44.42,40.03],[44.77,39.77],[44.52,39.71],[44.4,39.45],[44.07,39.38],[44.17,39],[44.31,38.93],[44.31,38.42],[44.45,38.35],[44.31,37.9],[44.59,37.71],[44.63,37.45],[44.77,37.38],[44.85,36.87],[45.06,36.67],[45.1,36.42],[45.38,36.22],[45.42,35.97],[45.65,35.97],[45.79,35.84],[46.25,35.84],[46.06,35.58],[46.15,35.13],[45.81,34.94],[45.69,34.61],[45.54,34.61],[45.5,34.36],[45.65,34.29],[45.44,33.91],[45.59,33.91],[46.14,33.39],[46.23,32.94],[46.68,32.88],[46.95,32.56],[47.32,32.49],[47.6,32.3],[47.58,32.17],[47.98,31.72],[47.8,31.46],[47.74,31.01],[48.1,30.89],[48.05,30.44],[48.28,30.44],[48.41,30.31],[48.39,30.12],[48.6,29.99],[48.99,30.05],[48.94,30.31],[49.59,29.99],[50.06,30.18],[50.24,29.73],[50.65,29.41],[50.62,29.15],[50.92,29.09],[50.81,28.83],[51.03,28.77],[51.07,28.44],[51.33,28.12],[51.32,27.99],[51.6,27.8],[52.05,27.8],[52.48,27.61],[52.74,27.22],[53.46,26.97],[53.66,26.71],[54.26,26.71],[54.46,26.52],[54.83,26.45],[55.24,26.77],[55.62,26.77],[55.71,26.97],[56.1,27.03],[56.19,27.16],[56.71,27.16],[57.05,26.84],[57.11,26.07],[57.38,25.74],[57.68,25.74],[57.74,25.62],[57.96,25.55],[58.78,25.55],[59.06,25.36],[60.63,25.36],[60.62,25.23],[60.92,25.23],[61.13,25.1],[61.66,25.16],[61.85,26.19],[62.43,26.58],[63.11,26.64],[63.28,26.77],[63.33,27.16],[62.82,27.29],[62.9,27.87],[62.8,28.19],[61.87,28.57],[61.49,29.02],[61.45,29.28],[60.93,29.79],[60.96,29.99],[61.39,30.31],[61.87,30.95],[61.92,31.21],[61.72,31.4],[61.12,31.4],[60.84,31.59],[60.88,32.24],[60.66,32.69],[60.62,32.88],[60.69,33.26],[60.89,33.52],[60.53,33.65],[60.57,34.23],[60.82,34.36],[60.78,34.55],[61.05,34.74],[61.3,35.58],[61.2,36.55],[61.18,36.8],[60.71,36.8],[60.29,37],[59.97,37],[59.92,37.13],[59.41,37.25],[59.17,37.58],[58.79,37.64],[58.55,37.96],[57.87,38.09],[56.87,38.55],[56.01,38.55],[54.83,38.16],[53.92,38.29]]]},"properties":{"NAME":"Qajar Dynasty","C":3,"name":"Qajar Dynasty","start_year":1811,"end_year":1821,"capital":"","type":"polity","region":"","event":"","source":"Cliopatria / Seshat Global History Databank (CC BY 4.0)","wikipedia":"Qajar dynasty","wikidata":"Q189326","_a":307,"_c":[53.5,32.92],"_nz":"卡扎尔王朝","_sz":""}},
{"type":"Feature","geometry":{"type":"Polygon","coordinates":[[[41.4,42.82],[41.61,42.63],[41.56,42.37],[42.09,42.63],[42.07,42.95],[42.33,43.08],[42.34,43.15],[42.44,43.21],[41.95,43.21],[40.74,43.6],[40.17,43.6],[40.22,43.41],[40.42,43.15],[40.97,43.08],[41.29,43.08],[41.43,42.95],[41.4,42.82]]]},"properties":{"NAME":"Principality of Abkhazia","C":4,"name":"Principality of Abkhazia","start_year":1812,"end_year":1827,"capital":"","type":"polity","region":"","event":"","source":"Cliopatria / Seshat Global History Databank (CC BY 4.0)","wikipedia":"Principality of Abkhazia","wikidata":"Q1760473","_a":3,"_c":[41.22,42.99],"_nz":"阿布哈兹公国","_sz":""}},
{"type":"Feature","geometry":{"type":"MultiPolygon","coordinates":[[[[-16.79,32.88],[-17.17,32.88],[-17.07,32.62],[-16.69,32.69],[-16.79,32.88]]],[[[-25.87,37.77],[-25.7,37.71],[-25.09,37.77],[-25.11,37.9],[-25.9,37.96],[-25.87,37.77]]],[[[-28.39,38.35],[-28.08,38.35],[-28.19,38.55],[-28.85,38.67],[-28.81,38.48],[-28.39,38.35]]],[[[-27.39,38.87],[-27.36,38.67],[-27.03,38.61],[-27.08,38.87],[-27.39,38.87]]],[[[-8.93,41.91],[-8.73,40.74],[-8.87,40.61],[-9.03,39.77],[-9.16,39.51],[-9.39,39.45],[-9.43,39.06],[-9.57,38.93],[-9.55,38.74],[-9.38,38.61],[-9.23,38.67],[-9.21,38.42],[-8.82,38.48],[-8.82,37.58],[-8.9,37.58],[-9,37],[-8.7,37.13],[-8.31,37.13],[-8.07,37],[-7.68,37],[-7.45,37.13],[-7.39,37.25],[-7.5,37.71],[-7.28,37.84],[-7.14,38.09],[-7,38.22],[-7.24,38.35],[-7.27,38.67],[-7.12,38.74],[-6.99,39],[-7.26,39.38],[-7.42,39.45],[-7.44,39.64],[-6.9,39.77],[-6.84,40.03],[-7,40.1],[-7.01,40.23],[-6.87,40.36],[-6.93,41],[-6.25,41.46],[-6.27,41.65],[-6.52,41.72],[-6.7,41.98],[-8.12,41.78],[-8.22,41.98],[-8.15,42.11],[-8.47,42.11],[-8.93,41.91]]]]},"properties":{"NAME":"Kingdom of Portugal","C":10,"name":"Kingdom of Portugal","start_year":1812,"end_year":1823,"capital":"","type":"polity","region":"","event":"","source":"Cliopatria / Seshat Global History Databank (CC BY 4.0)","wikipedia":"Kingdom of Portugal","wikidata":"Q45670","_a":214,"_c":[-17.55,37.36],"_nz":"葡萄牙王国","_sz":""}},
{"type":"Feature","geometry":{"type":"MultiPolygon","coordinates":[[[[39.67,-8.01],[39.82,-7.88],[39.81,-7.69],[39.67,-7.69],[39.52,-7.81],[39.53,-8.01],[39.67,-8.01]]],[[[39.4,-4.6],[39.89,-3.51],[39.89,-3.44],[40.18,-3.12],[40.1,-2.86],[40.17,-2.67],[40.61,-2.54],[40.83,-2.35],[40.82,-2.22],[40.39,-2.16],[39.81,-2.54],[39.67,-3.06],[38.96,-4.34],[38.74,-4.47],[38.25,-5.82],[38.18,-5.95],[38.18,-6.34],[38.48,-6.72],[38.41,-7.04],[38.56,-6.98],[38.64,-7.24],[38.73,-8.2],[38.66,-8.26],[39.04,-9.1],[39.21,-10],[39.51,-10.45],[39.66,-10.39],[39.96,-10.71],[40.1,-10.71],[40.17,-10.58],[40.32,-10.58],[40.39,-10.32],[39.72,-10],[39.55,-9.1],[39.41,-9.1],[39.4,-8.78],[39.25,-8.59],[39.38,-7.81],[39.23,-7.75],[39.23,-7.49],[39.44,-7.17],[39.43,-6.85],[39.21,-6.79],[39.21,-6.66],[38.77,-6.34],[38.76,-5.76],[39.04,-5.31],[39.11,-4.73],[39.4,-4.6]]],[[[39.35,-6.14],[39.34,-5.89],[39.27,-5.76],[39.12,-5.76],[39.06,-6.21],[39.43,-6.53],[39.49,-6.14],[39.35,-6.14]]],[[[39.55,-4.92],[39.55,-5.44],[39.7,-5.44],[39.77,-4.99],[39.55,-4.92]]]]},"properties":{"NAME":"Omani Slave Coast","C":7,"name":"Omani Slave Coast","start_year":1814,"end_year":1823,"capital":"","type":"polity","region":"","event":"","source":"Cliopatria / Seshat Global History Databank (CC BY 4.0)","wikipedia":"Omanis","wikidata":"Q4334533","_a":23,"_c":[39.47,-6.43],"_nz":"阿曼奴隶海岸","_sz":""}},
{"type":"Feature","geometry":{"type":"Polygon","coordinates":[[[-54.71,-25.69],[-54.49,-24.66],[-54.41,-24.66],[-54.41,-24.14],[-54.1,-24.02],[-53.87,-23.44],[-53.63,-23.31],[-53.52,-22.99],[-52.63,-22.41],[-52.59,-22.09],[-52.63,-21.76],[-52.91,-21.64],[-53.65,-21.64],[-54.49,-21.83],[-54.54,-21.64],[-54.83,-21.51],[-56.01,-21.51],[-56.37,-21.38],[-56.53,-21.51],[-56.76,-21.51],[-56.96,-21.31],[-57.57,-21.44],[-57.55,-21.31],[-57.91,-21.25],[-58.02,-22.09],[-57.98,-22.34],[-57.77,-22.47],[-57.97,-22.86],[-57.82,-22.86],[-57.71,-23.11],[-57.5,-23.24],[-57.41,-23.69],[-57.34,-23.69],[-57.34,-24.27],[-57.22,-24.47],[-57.26,-24.72],[-57.52,-24.98],[-57.65,-25.3],[-57.87,-25.3],[-58.06,-25.04],[-59.13,-24.72],[-59.18,-24.59],[-59.47,-24.53],[-59.94,-24.14],[-61.16,-23.82],[-61.54,-23.37],[-61.9,-23.24],[-62.41,-22.66],[-62.48,-24.14],[-62.12,-24.27],[-62,-24.47],[-61.58,-24.59],[-61.52,-24.72],[-61.16,-24.79],[-60.74,-24.98],[-60.62,-25.17],[-60.47,-25.17],[-60.08,-25.56],[-60.06,-25.88],[-59.8,-26.07],[-59.82,-26.2],[-59.56,-26.46],[-59.14,-26.59],[-59.02,-26.78],[-58.87,-26.78],[-58.68,-26.97],[-58.81,-27.29],[-58.14,-27.29],[-57.57,-27.49],[-56.9,-27.55],[-56.2,-27.42],[-56.12,-27.36],[-55.75,-27.42],[-55.63,-27.17],[-54.96,-26.78],[-54.76,-26.46],[-54.71,-25.69]]]},"properties":{"NAME":"Paraguay","C":2,"name":"Paraguay","start_year":1814,"end_year":1819,"capital":"","type":"polity","region":"","event":"","source":"Cliopatria / Seshat Global History Databank (CC BY 4.0)","wikipedia":"Paraguay","wikidata":"Q733","_a":63,"_c":[-57.5,-24.4],"_nz":"巴拉圭","_sz":""}},
{"type":"Feature","geometry":{"type":"MultiPolygon","coordinates":[[[[74.52,15.26],[74.6,15.33],[74.88,15.2],[75.14,14.88],[75.18,14.49],[75.03,14.43],[74.84,13.91],[75.18,13.59],[75.79,13.91],[76.19,14.3],[76.05,14.36],[76,14.56],[76.03,14.88],[76.19,15.07],[75.74,15.01],[75.61,15.14],[75.73,15.59],[75.67,15.78],[76.13,15.97],[76.09,16.23],[76.33,16.42],[76.54,17],[76.57,17.26],[76.44,17.45],[76.82,17.58],[76.78,17.84],[76.93,17.9],[76.95,18.03],[76.39,18.35],[76.35,18.61],[76.15,18.8],[76,18.8],[75.75,18.54],[75.79,18.22],[75.56,18.22],[75.51,18.35],[75.08,18.48],[74.97,18.86],[75.2,18.93],[75.18,19.38],[75.1,19.38],[75.23,19.89],[74.74,20.15],[74.85,20.41],[75.09,20.6],[75.62,20.73],[75.81,21.05],[76.19,21.11],[76.74,21.44],[77.27,21.5],[77.85,20.73],[78.21,20.66],[78.2,20.54],[78.77,20.34],[78.89,20.09],[79.19,20.15],[79.44,19.76],[79.8,19.7],[80,19.51],[79.91,19.31],[79.93,18.93],[80.14,18.8],[80.44,18.8],[80.76,18.41],[81.04,18.29],[81.09,18.09],[81.31,18.09],[81.47,18.22],[81.76,18.74],[81.91,18.74],[82.09,18.99],[82.04,19.83],[81.9,19.89],[81.92,20.02],[82.21,20.02],[82.34,19.83],[82.67,19.51],[83.12,19.57],[83.73,20.28],[84.16,20.21],[84.35,19.96],[84.75,20.15],[84.19,20.41],[84.2,20.54],[84.36,20.6],[84.3,20.73],[84.62,20.86],[84.63,20.99],[85.17,21.11],[85.18,21.76],[85.41,21.82],[85.51,22.01],[85.94,21.89],[86.68,22.4],[86.55,22.53],[86.59,22.85],[86.29,22.85],[85.74,23.17],[85.42,22.98],[85.19,22.98],[84.51,22.34],[84.21,22.27],[84,22.4],[84.22,22.91],[84,22.98],[83.99,23.43],[83.65,23.69],[83.67,23.81],[83.28,24.2],[83.11,24.07],[82.82,24.14],[82.64,23.88],[82.04,23.88],[81.98,24.01],[81.24,24.01],[80.7,23.88],[80.11,23.94],[80.14,24.14],[80.37,24.2],[80.39,24.33],[80.21,24.65],[80.62,24.91],[80.59,25.16],[80.75,25.23],[80.82,25.68],[80.48,25.87],[80.1,25.87],[79.96,25.94],[79.99,26.13],[79.56,26.26],[79.51,26.39],[79.36,26.39],[79.03,26.64],[78.79,26.58],[78.3,26.77],[78.29,26.71],[77.49,26.39],[75.86,25.1],[75.83,24.84],[75.6,24.78],[75.58,24.65],[75.19,24.52],[74.92,24.2],[74.29,23.94],[74.08,23.49],[74.02,22.98],[74.16,22.85],[74.13,22.66],[73.9,22.59],[74.04,22.46],[73.87,22.34],[73.9,21.95],[74.02,21.69],[74.24,21.63],[74.22,21.44],[73.73,21.05],[73.58,21.05],[73.41,20.86],[73.29,20.41],[72.99,20.41],[72.92,20.41],[72.76,20.34],[72.63,19.83],[72.76,19.64],[72.73,19.38],[72.87,19.25],[73.09,19.25],[72.91,18.99],[72.96,18.03],[73.3,17.06],[73.25,16.61],[73.54,15.78],[73.81,15.52],[73.8,15.46],[74.1,15.52],[74.52,15.26]],[[83.71,22.46],[83.75,22.21],[83.66,22.08],[83.5,22.01],[83.28,22.01],[83.15,22.14],[83.17,22.34],[83.49,22.46],[83.71,22.46]]],[[[72.19,21.95],[72.05,21.95],[71.98,22.08],[71.54,22.08],[71.49,22.34],[71.83,22.66],[72.06,22.72],[73.17,22.66],[73.11,22.85],[72.68,22.98],[72.7,23.11],[72.23,22.98],[72.19,23.24],[71.73,23.11],[71.75,23.3],[71.56,23.56],[71.48,23.56],[71.15,23.3],[71,23.3],[70.43,22.79],[70.28,22.79],[70.18,22.59],[69.5,22.46],[69.41,22.34],[68.98,22.46],[68.95,22.21],[69.35,21.76],[69.5,21.76],[69.9,21.37],[69.89,21.24],[70.3,20.86],[70.72,20.66],[71.32,20.73],[72.19,21.24],[72.2,21.31],[71.91,21.37],[71.94,21.63],[71.88,21.76],[72.11,21.82],[72.19,21.95]]],[[[75.47,26],[75.78,26.07],[75.67,26.32],[75.44,26.26],[75.47,26]]]]},"properties":{"NAME":"Maratha Empire","C":2,"name":"Maratha Empire","start_year":1814,"end_year":1819,"capital":"","type":"polity","region":"","event":"","source":"Cliopatria / Seshat Global History Databank (CC BY 4.0)","wikipedia":"Maratha Empire","wikidata":"Q83618","_a":234,"_c":[77.82,20.18],"_nz":"马拉塔帝国","_sz":""}},
{"type":"Feature","geometry":{"type":"Polygon","coordinates":[[[8.41,51.25],[8.5,51.25],[8.67,51.18],[8.83,51.31],[8.83,51.58],[8.75,51.58],[8.41,51.51],[8.41,51.25]]]},"properties":{"NAME":"Principality of Waldeck and Pyrmont","C":2,"name":"Principality of Waldeck and Pyrmont","start_year":1814,"end_year":1819,"capital":"","type":"polity","region":"","event":"","source":"Cliopatria / Seshat Global History Databank (CC BY 4.0)","wikipedia":"Principality of Waldeck and Pyrmont","wikidata":"Q165763","_a":0,"_c":[8.62,51.38],"_nz":"瓦尔德克-皮尔蒙特亲王国","_sz":""}},
{"type":"Feature","geometry":{"type":"Polygon","coordinates":[[[8.73,52.92],[8.73,52.99],[8.64,53.12],[8.47,53.12],[8.47,52.92],[8.73,52.92]]]},"properties":{"NAME":"Free City of Bremen","C":9,"name":"Free City of Bremen","start_year":1814,"end_year":1819,"capital":"","type":"polity","region":"","event":"","source":"Cliopatria / Seshat Global History Databank (CC BY 4.0)","wikipedia":"History of Bremen (city)","wikidata":"Q474779","_a":0,"_c":[8.6,53.02],"_nz":"不来梅自由市","_sz":""}},
{"type":"Feature","geometry":{"type":"MultiPolygon","coordinates":[[[[12.68,53.39],[13.2,53.33],[13.55,53.6],[13.46,53.73],[13.12,53.66],[13.03,53.73],[12.68,53.53],[12.68,53.39]]],[[[10.71,53.87],[10.71,53.8],[10.79,53.66],[11.05,53.73],[11.05,53.87],[11.22,54],[10.88,54.07],[10.79,54],[10.71,53.87]]]]},"properties":{"NAME":"Free City of Lübeck","C":11,"name":"Free City of Lübeck","start_year":1814,"end_year":1863,"capital":"","type":"polity","region":"","event":"","source":"Cliopatria / Seshat Global History Databank (CC BY 4.0)","wikipedia":"Free City of Lübeck","wikidata":"Q950240","_a":2,"_c":[12,53.7],"_nz":"吕贝克自由市","_sz":""}},
{"type":"Feature","geometry":{"type":"Polygon","coordinates":[[[7.95,53.53],[7.78,53.53],[7.61,53.26],[7.53,52.99],[7.79,52.92],[7.96,52.65],[8.13,52.86],[8.47,52.92],[8.47,53.12],[8.38,53.39],[8.38,53.66],[7.95,53.53]]]},"properties":{"NAME":"Duchy of Oldenburg","C":8,"name":"Duchy of Oldenburg","start_year":1814,"end_year":1819,"capital":"","type":"polity","region":"","event":"","source":"Cliopatria / Seshat Global History Databank (CC BY 4.0)","wikipedia":"Duchy of Oldenburg","wikidata":"Q697084","_a":1,"_c":[8,53.16],"_nz":"奥尔登堡公国","_sz":""}},
{"type":"Feature","geometry":{"type":"Polygon","coordinates":[[[11.13,53.26],[11.31,53.46],[11.56,53.39],[11.74,53.6],[12.17,53.39],[12.68,53.39],[12.68,53.53],[13.03,53.73],[12.95,53.87],[13.04,53.94],[12.78,54],[12.44,54.41],[11.57,54.21],[11.22,54],[11.05,53.87],[11.05,53.73],[10.79,53.66],[10.79,53.53],[10.62,53.39],[11.13,53.26]]]},"properties":{"NAME":"Duchy of Mecklenburg","C":5,"name":"Duchy of Mecklenburg","start_year":1814,"end_year":1833,"capital":"","type":"polity","region":"","event":"","source":"Cliopatria / Seshat Global History Databank (CC BY 4.0)","wikipedia":"Duchy of Mecklenburg","wikidata":"Q109252949","_a":3,"_c":[11.83,53.83],"_nz":"梅克伦堡公国","_sz":""}},
{"type":"Feature","geometry":{"type":"Polygon","coordinates":[[[48.79,-17.78],[48.71,-17.65],[48.85,-17.52],[48.74,-17.07],[48.81,-16.88],[48.58,-16.81],[48.57,-16.62],[48.11,-16.3],[47.74,-16.36],[47.77,-16.81],[48.08,-17.14],[48.04,-17.65],[47.91,-17.91],[47.54,-17.97],[47.31,-17.71],[47.09,-17.84],[46.95,-17.84],[46.86,-17.71],[46.5,-17.71],[46.21,-17.91],[45.83,-17.78],[45.72,-18.29],[45.42,-18.29],[45.45,-18.74],[45.31,-18.94],[45.33,-19.26],[45.49,-19.51],[45.71,-19.51],[45.68,-20.29],[45.76,-20.29],[45.78,-20.74],[45.71,-20.74],[45.66,-21.19],[46.18,-21.19],[46.31,-20.86],[46.61,-20.86],[46.77,-21.12],[47.14,-20.99],[47.22,-21.12],[47.51,-21.12],[47.7,-20.48],[47.74,-19.96],[48.26,-19.96],[48.31,-19.58],[48.59,-19.39],[48.51,-19.19],[48.57,-19],[48.4,-18.61],[48.46,-18.49],[48.76,-18.49],[48.9,-18.36],[48.66,-18.1],[48.65,-17.97],[48.87,-17.97],[48.79,-17.78]]]},"properties":{"NAME":"Merina Kingdom","C":5,"name":"Merina Kingdom","start_year":1814,"end_year":1819,"capital":"","type":"polity","region":"","event":"","source":"Cliopatria / Seshat Global History Databank (CC BY 4.0)","wikipedia":"Merina Kingdom","wikidata":"Q1071439","_a":18,"_c":[47.11,-18.74],"_nz":"梅里纳王国","_sz":""}},
{"type":"Feature","geometry":{"type":"Polygon","coordinates":[[[27.86,45.3],[28.12,45.43],[28.12,46.22],[28.24,46.61],[28.09,46.74],[28.11,46.87],[27.43,47.47],[27.23,47.93],[26.85,48.26],[26.27,48.19],[26.07,47.86],[26.31,47.8],[26.38,47.66],[25.96,47.6],[25.77,47.33],[25.45,47.47],[25.02,47.2],[25.67,47.14],[25.73,46.87],[25.97,46.81],[25.94,46.55],[26.48,46.15],[26.44,45.76],[26.1,45.63],[26.24,45.37],[26.42,45.5],[27.63,45.43],[27.86,45.3]]]},"properties":{"NAME":"Principality of Moldavia","C":8,"name":"Principality of Moldavia","start_year":1814,"end_year":1827,"capital":"","type":"polity","region":"","event":"","source":"Cliopatria / Seshat Global History Databank (CC BY 4.0)","wikipedia":"Moldavia","wikidata":"Q10957559","_a":10,"_c":[26.63,46.78],"_nz":"摩尔达维亚公国","_sz":""}},
{"type":"Feature","geometry":{"type":"MultiPolygon","coordinates":[[[[10.95,51.71],[10.95,51.58],[11.38,51.65],[11.38,51.78],[10.95,51.71]]],[[[12.31,51.65],[12.4,51.85],[12.14,51.92],[12.06,51.71],[11.46,51.58],[11.97,51.51],[12.31,51.65]]]]},"properties":{"NAME":"Duchy of Anhalt","C":6,"name":"Duchy of Anhalt","start_year":1814,"end_year":1819,"capital":"","type":"polity","region":"","event":"","source":"Cliopatria / Seshat Global History Databank (CC BY 4.0)","wikipedia":"Duchy of Anhalt","wikidata":"Q16550783","_a":1,"_c":[11.68,51.72],"_nz":"安哈尔特公国","_sz":""}},
{"type":"Feature","geometry":{"type":"MultiPolygon","coordinates":[[[[10.95,51.71],[10.87,51.92],[10.53,51.92],[10.19,52.18],[9.59,52.18],[9.68,52.05],[9.42,51.92],[9.17,51.98],[9.17,51.78],[10.1,51.78],[10.1,51.92],[10.53,51.85],[10.78,51.65],[10.95,51.71]]],[[[10.36,52.18],[10.7,52.38],[10.19,52.38],[10.36,52.18]]]]},"properties":{"NAME":"Duchy of Brunswick","C":4,"name":"Duchy of Brunswick","start_year":1814,"end_year":1819,"capital":"","type":"polity","region":"","event":"","source":"Cliopatria / Seshat Global History Databank (CC BY 4.0)","wikipedia":"Duchy of Brunswick","wikidata":"Q326029","_a":2,"_c":[10.06,52.09],"_nz":"不伦瑞克公国","_sz":""}},
{"type":"Feature","geometry":{"type":"Polygon","coordinates":[[[-53.53,-33.79],[-53.68,-33.46],[-53.57,-33.01],[-53.3,-32.82],[-53.24,-32.56],[-53.38,-32.5],[-53.49,-31.99],[-53.63,-31.92],[-53.69,-31.54],[-53.96,-31.02],[-53.97,-30.7],[-53.27,-27.87],[-53.53,-27.62],[-54.13,-27.62],[-54.31,-27.36],[-53.89,-27.1],[-53.77,-26.39],[-53.85,-26.39],[-53.96,-25.69],[-54.71,-25.69],[-54.76,-26.46],[-54.96,-26.78],[-55.63,-27.17],[-55.75,-27.42],[-56.12,-27.36],[-56.2,-27.42],[-56.9,-27.55],[-57.57,-27.49],[-58.14,-27.29],[-58.81,-27.29],[-59.1,-28],[-59.12,-28.52],[-59.63,-29.16],[-60.01,-29.16],[-60.13,-29.03],[-61.01,-28.9],[-61.29,-28.77],[-62.12,-29.48],[-62.15,-29.61],[-62.77,-29.99],[-63.12,-30.51],[-63.77,-31.02],[-63.76,-31.28],[-63.57,-31.41],[-63.56,-31.66],[-63.3,-31.86],[-63.6,-32.69],[-62.6,-32.69],[-60.89,-32.89],[-59.49,-33.4],[-59.25,-33.66],[-58.57,-33.98],[-58.47,-34.17],[-58.39,-34.17],[-58.09,-34.49],[-57.4,-34.49],[-57.13,-34.62],[-57.08,-34.75],[-56.56,-34.82],[-56.38,-35.01],[-56.04,-34.88],[-54.82,-34.94],[-54.03,-34.56],[-53.71,-34.24],[-53.53,-33.79]]]},"properties":{"NAME":"Federal League","C":2,"name":"Federal League","start_year":1815,"end_year":1819,"capital":"","type":"polity","region":"","event":"","source":"Cliopatria / Seshat Global History Databank (CC BY 4.0)","wikipedia":"Federal League (1815-1820)","wikidata":"Q2625228","_a":98,"_c":[-58.5,-30.35],"_nz":"联邦同盟","_sz":""}},
{"type":"Feature","geometry":{"type":"MultiPolygon","coordinates":[[[[-91.43,33.65],[-91.71,33.97],[-91.99,33.91],[-91.84,33.71],[-91.43,33.65]]],[[[-90.74,39],[-91.33,39.06],[-90.82,37.84],[-90.44,37.71],[-90.24,37.77],[-90.36,38.03],[-90.26,38.16],[-90.35,38.35],[-90.18,38.48],[-90.24,38.61],[-90.74,39]]],[[[-89.78,40.68],[-89.5,40.74],[-89.72,41],[-90,40.94],[-89.78,40.68]]],[[[-95.62,41.33],[-96.09,41.33],[-95.87,41.07],[-95.51,41.13],[-95.62,41.33]]],[[[-88.08,42.11],[-87.94,41.85],[-87.7,41.85],[-87.84,42.11],[-88.08,42.11]]],[[[-91.2,42.95],[-91.13,42.82],[-90.73,42.69],[-90.49,42.69],[-90.88,43.08],[-91.07,43.15],[-91.2,42.95]]],[[[-75.44,35.39],[-75.65,35.32],[-75.6,35.19],[-75.39,35.26],[-75.44,35.39]]],[[[-81.42,30.56],[-81.34,30.56],[-81.43,31.08],[-81.15,31.4],[-81.06,31.85],[-80.91,31.85],[-80.63,32.17],[-80.68,32.3],[-80.37,32.3],[-80.43,32.49],[-80.13,32.49],[-79.68,32.75],[-79.54,33.01],[-79.31,33.01],[-79.03,33.33],[-78.86,33.71],[-78.59,33.84],[-77.92,33.91],[-77.56,34.42],[-77.22,34.55],[-77.19,34.68],[-76.37,34.74],[-76.26,34.87],[-76.3,35],[-76.56,35.07],[-76.45,35.19],[-76.52,35.39],[-76.03,35.32],[-75.9,35.39],[-75.89,35.58],[-75.68,35.64],[-75.72,35.97],[-76.01,35.9],[-76.06,36.03],[-75.97,36.22],[-75.82,36.22],[-75.94,36.55],[-75.81,36.61],[-75.93,36.93],[-76.19,37],[-76.36,37.25],[-76.18,37.38],[-76.36,37.64],[-76.18,37.77],[-76.38,38.09],[-76.25,38.16],[-76.52,38.8],[-76.52,39],[-76.23,39.06],[-76.23,38.67],[-76.33,38.55],[-76.25,38.35],[-75.91,38.09],[-75.81,37.84],[-75.89,37.64],[-76.07,37.51],[-76,37.13],[-75.74,37.25],[-75.79,37.38],[-75.34,37.84],[-75.39,37.96],[-74.95,38.42],[-75.4,39.32],[-75.03,39.19],[-74.92,38.93],[-74.64,39],[-74.48,39.19],[-74.53,39.32],[-74.12,39.64],[-74.17,39.77],[-73.87,40.16],[-73.93,40.48],[-73.64,40.55],[-73.46,40.68],[-72.25,40.81],[-71.94,41],[-71.99,41.13],[-73.21,41],[-73.47,41.07],[-72.82,41.2],[-72.85,41.26],[-71.52,41.33],[-71.27,41.65],[-71.21,41.52],[-70.89,41.52],[-70.73,41.33],[-70.49,41.33],[-70.58,41.52],[-70.44,41.59],[-69.92,41.65],[-70.13,41.78],[-70.37,41.78],[-70.63,42.17],[-70.92,42.3],[-70.98,42.43],[-70.64,42.56],[-70.82,42.95],[-70.52,43.34],[-70.36,43.34],[-70.21,43.54],[-70.27,43.67],[-70.17,43.8],[-69.69,43.8],[-69.4,43.86],[-69.38,43.99],[-69.13,43.99],[-68.88,44.32],[-68.69,44.25],[-68.21,44.25],[-68.22,44.45],[-67.94,44.39],[-67.92,44.52],[-67.52,44.52],[-67.5,44.65],[-67.04,44.71],[-67.06,45.1],[-67.37,45.24],[-67.55,45.63],[-67.75,45.69],[-67.9,46.02],[-67.78,46.28],[-67.88,46.48],[-68.16,46.55],[-68.16,46.22],[-69.47,46.22],[-69.81,46.09],[-69.91,45.96],[-70.22,46.09],[-70.76,45.37],[-71.38,45.3],[-71.37,45.1],[-71.63,44.97],[-75.12,44.97],[-75.09,44.91],[-75.59,44.78],[-75.65,44.58],[-75.81,44.58],[-76,44.32],[-76.16,44.32],[-76.26,44.19],[-76.01,43.86],[-76.19,43.73],[-76.12,43.6],[-76.67,43.41],[-76.76,43.28],[-77.81,43.28],[-78.11,43.41],[-79.09,43.28],[-78.88,43.02],[-78.79,42.69],[-78.97,42.56],[-79.13,42.56],[-79.64,42.3],[-79.73,42.17],[-80.31,42.04],[-80.48,41.91],[-81.05,41.78],[-81.31,41.65],[-81.4,41.52],[-82.16,41.46],[-82.13,41.39],[-82.69,41.39],[-82.99,41.52],[-82.97,40.36],[-83.81,40.29],[-84.19,40.42],[-84.2,40.29],[-84.6,40.29],[-84.77,40.48],[-84.68,40.61],[-84.77,41.26],[-85.68,41.33],[-84.93,40.16],[-85.06,40.1],[-85.04,39.9],[-85.83,39.9],[-85.82,39.71],[-85.99,39.58],[-85.93,39.45],[-86.53,39.71],[-87.58,40.55],[-87.86,40.48],[-87.76,40.29],[-87.82,40.1],[-87.95,40.03],[-88.01,39.84],[-87.96,39.58],[-88.09,39.51],[-88.07,39.32],[-88.97,39.71],[-89.13,39.71],[-89.27,39.51],[-89.12,39.06],[-88.64,38.55],[-88.66,38.42],[-88.87,38.35],[-88.75,38.09],[-88.87,38.03],[-88.83,37.77],[-89.04,37.71],[-89.14,37.58],[-89.05,37.38],[-89.18,37.32],[-89.88,37.32],[-89.49,36.8],[-89.1,36.61],[-88.98,36.16],[-89.16,36.03],[-89.05,35.77],[-88.82,35.77],[-88.58,35.39],[-88.89,35.39],[-88.99,35.26],[-88.84,35.07],[-88.83,34.87],[-88.71,34.74],[-88.29,34.68],[-88.14,34.49],[-87.76,34.49],[-86.85,34.94],[-86.39,34.94],[-86.29,35.07],[-85.98,35.26],[-86.18,35.39],[-85.26,35.39],[-85.13,35.45],[-85.13,35.64],[-84.97,35.64],[-84.89,35.84],[-84.58,35.84],[-84.35,35.64],[-84.07,35.71],[-84.02,35.58],[-83.53,35.52],[-83.84,35.13],[-84.18,35],[-84.05,34.87],[-84.31,34.55],[-84.29,34.29],[-84.55,34.16],[-84.63,33.97],[-84.79,33.97],[-85.05,33.65],[-84.9,33.01],[-84.54,32.43],[-83.45,31.46],[-85.23,31.53],[-85.71,32.04],[-85.79,32.49],[-86.34,32.75],[-86.5,33.2],[-86.46,33.52],[-86.36,33.65],[-87.97,34.04],[-88.22,33.91],[-88.13,33.65],[-88.36,33.46],[-88.19,33.2],[-87.4,33.14],[-87.5,33.01],[-87.44,32.62],[-87.64,32.56],[-87.68,32.24],[-88.55,32.11],[-88.8,32.17],[-88.62,31.66],[-88.71,31.46],[-90.74,31.4],[-90.96,32.43],[-91.19,32.43],[-91.24,32.56],[-91.6,32.49],[-93.48,32.81],[-93.94,33.01],[-93.91,33.14],[-94.22,33.14],[-94.05,32.11],[-94.13,32.11],[-93.64,31.21],[-93.73,31.01],[-93.62,30.69],[-93.84,30.24],[-93.76,29.99],[-93.89,29.92],[-93.82,29.73],[-93.24,29.79],[-92.62,29.54],[-91.7,29.47],[-91.68,29.67],[-90.82,29.09],[-90.59,29.09],[-90.5,29.28],[-90.06,29.09],[-89.95,29.22],[-90.03,29.47],[-89.88,29.47],[-89.74,29.28],[-89.42,29.22],[-89.21,29.02],[-88.99,29.02],[-88.99,29.28],[-89.5,29.47],[-89.56,29.67],[-89.24,29.86],[-89.28,29.99],[-89.61,30.05],[-89.65,30.18],[-89.34,30.18],[-89.03,30.37],[-88.04,30.37],[-87.85,30.24],[-87.34,30.31],[-87.47,30.95],[-84.88,30.95],[-84.65,30.69],[-82.56,30.56],[-82.24,30.5],[-82.12,30.37],[-81.91,30.44],[-81.97,30.63],[-81.42,30.56]]],[[[-82.49,43.02],[-82.66,43.34],[-82.61,43.54],[-82.75,43.8],[-82.92,43.67],[-84.42,43.02],[-84.37,42.63],[-84.47,42.37],[-84.37,42.17],[-84.39,41.91],[-84.48,41.78],[-84.33,41.33],[-83.39,41.52],[-83.41,41.72],[-83.56,41.85],[-83.34,42.04],[-83.37,42.11],[-82.91,42.3],[-83.02,42.5],[-82.96,42.69],[-82.56,42.69],[-82.42,42.89],[-82.49,43.02]]],[[[-84.28,46.22],[-84.31,46.41],[-85,46.48],[-84.81,46.28],[-84.28,46.22]]]]},"properties":{"NAME":"United States of America","C":2,"name":"United States of America","start_year":1815,"end_year":1819,"capital":"","type":"polity","region":"","event":"","source":"Cliopatria / Seshat Global History Databank (CC BY 4.0)","wikipedia":"United States","wikidata":"Q30","_a":511,"_c":[-81.56,37.75],"_nz":"美利坚合众国","_sz":""}},
{"type":"Feature","geometry":{"type":"Polygon","coordinates":[[[-103.53,18.41],[-103.52,18.35],[-102.56,17.96],[-101.9,17.96],[-101.11,17.26],[-100.02,16.94],[-99.69,16.68],[-98.85,16.55],[-98.43,16.23],[-98.06,16.16],[-97.88,15.97],[-97.05,15.84],[-96.73,15.65],[-96.21,15.65],[-95.37,15.91],[-94.95,16.1],[-94.85,16.36],[-94.69,16.29],[-94.67,16.16],[-94.15,16.16],[-93.83,15.97],[-93.64,16.16],[-93.79,16.68],[-93.57,16.68],[-93.44,16.81],[-93.56,17.06],[-93.43,17.19],[-94.77,17.26],[-95.03,17.51],[-95.26,17.58],[-95.29,17.77],[-96,17.58],[-96.01,18.09],[-96.58,18.35],[-96.72,18.74],[-96.99,18.61],[-97.01,18.74],[-97.25,18.8],[-97.29,19.06],[-97.01,19.12],[-97.12,19.31],[-97.49,19.31],[-97.72,18.99],[-97.93,18.93],[-98.32,18.99],[-98.35,18.8],[-98.61,18.99],[-98.9,18.93],[-98.99,18.61],[-99.37,18.67],[-99.97,18.35],[-100.12,18.35],[-100.4,18.67],[-100.3,18.93],[-100.02,18.99],[-99.94,19.38],[-99.73,19.44],[-99.7,19.7],[-99.49,19.76],[-99.39,20.02],[-99.11,20.09],[-98.94,19.96],[-98.86,19.57],[-98.51,19.64],[-98.16,19.38],[-97.94,19.38],[-97.84,19.64],[-97.7,19.7],[-97.74,19.89],[-97.43,20.21],[-97.11,20.09],[-97.08,20.34],[-96.88,20.47],[-96.89,20.54],[-97.19,20.92],[-97.37,21.5],[-97.54,21.63],[-97.63,22.08],[-98.38,22.08],[-98.2,21.95],[-98.16,21.76],[-98.37,21.69],[-98.25,21.44],[-98.37,21.31],[-98.25,21.05],[-98.39,20.99],[-98.49,20.73],[-98.72,20.79],[-98.84,21.05],[-98.97,20.92],[-99.56,20.92],[-99.9,21.11],[-100.19,21.11],[-100.29,20.86],[-100.59,20.86],[-101.03,21.24],[-101.33,21.24],[-101.49,20.54],[-101.64,20.54],[-101.96,20.28],[-101.91,20.02],[-102.42,19.96],[-102.54,19.83],[-102.91,19.83],[-102.89,19.7],[-102.55,19.51],[-102.56,19.12],[-102.36,18.86],[-102.48,18.74],[-102.78,18.74],[-102.83,18.61],[-103.21,18.67],[-103.53,18.41]]]},"properties":{"NAME":"Mexicans","C":4,"name":"Mexicans","start_year":1815,"end_year":1819,"capital":"","type":"polity","region":"","event":"","source":"Cliopatria / Seshat Global History Databank (CC BY 4.0)","wikipedia":"Mexicans","wikidata":"Q1209676","_a":65,"_c":[-98.48,18.86],"_nz":"墨西哥人","_sz":""}},
{"type":"Feature","geometry":{"type":"Polygon","coordinates":[[[6.7,52.05],[6.95,52.25],[6.94,52.38],[6.68,52.52],[6.68,52.65],[7.02,52.72],[7.18,53.26],[7.09,53.26],[6.74,53.53],[5.54,53.39],[5.21,53.12],[5.39,52.99],[5.39,52.86],[5.14,52.79],[4.79,52.99],[4.53,52.86],[4.46,52.52],[4.22,52.32],[4.22,52.18],[3.81,51.92],[3.74,51.65],[3.4,51.65],[3.41,51.51],[3.16,51.45],[2.58,51.18],[2.49,51.18],[2.6,50.78],[3.11,50.78],[3.55,50.38],[3.97,50.38],[4.14,50.25],[4.15,49.98],[4.49,49.98],[4.74,50.11],[4.83,49.85],[5,49.85],[5.51,49.52],[6.35,49.52],[6.34,49.85],[6.17,49.91],[6.07,50.31],[5.99,50.31],[5.96,51.18],[6.2,51.51],[5.94,51.71],[5.94,51.85],[6.53,51.85],[6.61,51.98],[6.7,52.05]]]},"properties":{"NAME":"Netherlands","C":4,"name":"Netherlands","start_year":1815,"end_year":1819,"capital":"","type":"polity","region":"","event":"","source":"Cliopatria / Seshat Global History Databank (CC BY 4.0)","wikipedia":"Netherlands","wikidata":"Q55","_a":19,"_c":[4.84,51.53],"_nz":"荷兰","_sz":""}},
{"type":"Feature","geometry":{"type":"MultiPolygon","coordinates":[[[[-59.7,1.83],[-59.77,1.83],[-59.85,2.28],[-60.07,2.54],[-60.07,2.92],[-60.58,2.79],[-60.87,2.92],[-60.8,3.56],[-60.66,3.76],[-60.74,4.4],[-60.67,4.4],[-60.67,4.85],[-60.89,4.59],[-61.4,4.46],[-61.68,4.21],[-61.9,4.21],[-62.05,4.08],[-62.7,4.08],[-62.77,3.69],[-62.91,3.56],[-63.13,3.63],[-63.36,3.89],[-64.08,3.95],[-64.23,4.14],[-64.67,4.14],[-64.67,3.89],[-64.3,3.63],[-64.07,2.47],[-63.49,2.41],[-63.41,2.28],[-64.21,1.76],[-64.36,1.38],[-64.65,1.38],[-65.09,1.19],[-65.6,0.61],[-65.89,0.54],[-65.97,0.35],[-66.11,0.35],[-66.17,-0.23],[-66.47,-0.42],[-66.47,-0.94],[-66.4,-0.94],[-66.34,-1.84],[-65.98,-2.22],[-65.91,-2.67],[-66.65,-2.86],[-68.03,-2.86],[-68.62,-3.19],[-68.55,-3.31],[-68.63,-3.44],[-69.58,-3.57],[-69.8,-3.76],[-69.73,-3.96],[-69.95,-4.02],[-70.18,-4.34],[-70.39,-4.21],[-70.9,-4.21],[-71.35,-4.47],[-72.01,-4.54],[-72.98,-5.24],[-72.99,-5.5],[-73.22,-5.82],[-73.25,-6.53],[-73.78,-6.91],[-73.8,-7.24],[-63.73,-7.24],[-63.54,-7.94],[-63.77,-8.14],[-63.79,-8.52],[-64.03,-8.91],[-64.7,-9.04],[-65.02,-9.55],[-65.16,-9.55],[-65.23,-9.42],[-65.45,-9.49],[-65.47,-9.81],[-65.34,-10],[-65.51,-10.39],[-65.44,-11.41],[-65.24,-11.8],[-65.1,-11.86],[-65.11,-11.99],[-64.83,-12.06],[-64.49,-12.44],[-64.13,-12.57],[-63.69,-12.51],[-63.56,-12.7],[-63.19,-12.7],[-62.99,-12.96],[-62.27,-13.15],[-62.07,-13.34],[-62.08,-13.47],[-61.8,-13.6],[-61.13,-13.54],[-60.78,-13.66],[-60.58,-13.92],[-60.29,-13.99],[-59.87,-14.95],[-59.36,-15.08],[-59.24,-15.27],[-58.67,-15.46],[-58.19,-15.85],[-57.69,-16.04],[-57.46,-16.69],[-57.32,-16.75],[-57.31,-17.33],[-57.14,-17.78],[-57.18,-18.16],[-57.11,-18.16],[-57.27,-18.94],[-57.61,-19.32],[-57.91,-19.96],[-58.15,-20.09],[-58.19,-20.48],[-57.94,-20.86],[-57.91,-21.25],[-57.55,-21.31],[-57.57,-21.44],[-56.96,-21.31],[-56.76,-21.51],[-56.53,-21.51],[-56.37,-21.38],[-56.01,-21.51],[-54.83,-21.51],[-54.54,-21.64],[-54.49,-21.83],[-53.65,-21.64],[-52.91,-21.64],[-52.63,-21.76],[-52.59,-22.09],[-52.63,-22.41],[-53.52,-22.99],[-53.63,-23.31],[-53.87,-23.44],[-54.1,-24.02],[-54.41,-24.14],[-54.41,-24.66],[-54.49,-24.66],[-54.71,-25.69],[-53.96,-25.69],[-53.85,-26.39],[-53.77,-26.39],[-53.89,-27.1],[-54.31,-27.36],[-54.13,-27.62],[-53.53,-27.62],[-53.27,-27.87],[-53.97,-30.7],[-53.96,-31.02],[-53.69,-31.54],[-53.63,-31.92],[-53.49,-31.99],[-53.38,-32.5],[-53.24,-32.56],[-53.3,-32.82],[-53.57,-33.01],[-53.68,-33.46],[-53.53,-33.79],[-53.45,-33.79],[-52.67,-33.08],[-52.44,-32.44],[-52.23,-32.18],[-52.08,-32.18],[-51.45,-31.73],[-50.88,-31.21],[-50.35,-30.44],[-50.05,-29.67],[-49.87,-29.54],[-49.74,-29.22],[-48.88,-28.64],[-48.65,-27.68],[-48.49,-27.68],[-48.45,-27.42],[-48.68,-27.42],[-48.56,-27.17],[-48.7,-27.1],[-48.66,-26.84],[-48.8,-26.72],[-48.76,-26.46],[-48.6,-26.39],[-48.72,-26.2],[-48.48,-25.56],[-48.53,-25.37],[-48.24,-25.43],[-47.98,-25.17],[-48.03,-25.04],[-47.62,-24.72],[-47.23,-24.59],[-46.88,-24.21],[-46.34,-24.08],[-46.09,-23.82],[-45.57,-23.89],[-45.59,-24.02],[-45.37,-24.02],[-45.34,-23.76],[-45.48,-23.69],[-44.92,-23.37],[-44.7,-23.37],[-44.74,-23.05],[-43.83,-22.99],[-43.85,-23.11],[-43.4,-23.11],[-43.24,-22.99],[-42.12,-22.99],[-42.03,-22.79],[-42.08,-22.6],[-41.93,-22.54],[-41.91,-22.41],[-41.14,-22.15],[-41.04,-21.83],[-41.07,-21.38],[-40.9,-21.19],[-40.88,-20.93],[-40.41,-20.61],[-40.2,-19.9],[-39.8,-19.58],[-39.77,-18.36],[-39.59,-18.04],[-39.28,-17.78],[-39.29,-17.01],[-39.02,-16.43],[-38.95,-15.46],[-39.14,-14.95],[-39.01,-14.11],[-39.03,-13.28],[-38.88,-13.09],[-38.36,-13.02],[-38.13,-12.83],[-37.73,-12.19],[-37.64,-11.8],[-37.48,-11.67],[-37.47,-11.41],[-37.25,-11.29],[-37.24,-11.09],[-36.78,-10.64],[-36.26,-10.39],[-35.71,-9.55],[-35.41,-9.36],[-35.17,-8.71],[-35.02,-8.59],[-34.92,-7.49],[-34.84,-7.49],[-34.9,-6.79],[-35.03,-6.34],[-35.18,-6.27],[-35.17,-5.82],[-35.37,-5.31],[-35.81,-5.05],[-36.68,-5.11],[-37.26,-4.86],[-37.33,-4.73],[-37.69,-4.6],[-38.55,-3.7],[-38.91,-3.57],[-39.13,-3.31],[-39.27,-3.31],[-39.42,-3.12],[-39.92,-2.86],[-40.94,-2.8],[-41.6,-2.93],[-41.89,-2.74],[-42.32,-2.8],[-43.19,-2.35],[-43.56,-2.35],[-44.07,-2.54],[-44.14,-2.41],[-44.43,-2.41],[-44.43,-2.22],[-44.65,-2.16],[-44.57,-1.84],[-44.86,-1.71],[-44.93,-1.45],[-45.29,-1.45],[-45.44,-1.64],[-45.51,-1.32],[-46.6,-1],[-46.67,-0.81],[-47.25,-0.74],[-47.25,-0.61],[-47.54,-0.55],[-47.55,-0.74],[-48.27,-0.74],[-48.42,-0.87],[-48.42,-1.13],[-48.64,-1.32],[-48.64,-1.51],[-48.93,-1.51],[-48.56,-0.81],[-48.49,-0.23],[-49.51,-0.1],[-49.59,0.09],[-49.81,0.35],[-50.25,0.35],[-50.1,0.48],[-50.1,0.67],[-50.39,0.74],[-50.24,0.99],[-49.95,1.12],[-50.02,1.19],[-49.95,1.7],[-50.09,1.83],[-50.38,1.89],[-50.46,2.15],[-50.6,2.15],[-51.04,3.05],[-51.27,4.21],[-51.56,4.4],[-51.63,4.14],[-51.7,4.14],[-51.99,3.56],[-52.35,3.31],[-52.5,2.79],[-52.86,2.28],[-53.29,2.15],[-53.51,2.28],[-54.02,2.28],[-54.31,2.09],[-54.61,2.34],[-54.97,2.54],[-55.33,2.54],[-55.55,2.41],[-56.06,2.47],[-56.21,2.34],[-56.21,2.15],[-55.99,1.96],[-56.13,1.83],[-57.44,1.96],[-57.59,1.76],[-58.46,1.51],[-58.9,1.19],[-59.34,1.38],[-59.7,1.7],[-59.7,1.83]]],[[[-24.29,14.75],[-24.23,15.07],[-24.45,15.07],[-24.36,14.75],[-24.29,14.75]]],[[[-23.42,15.14],[-23.58,15.33],[-23.73,15.33],[-23.78,14.94],[-23.41,14.88],[-23.42,15.14]]],[[[-22.99,15.2],[-23.06,15.33],[-23.28,15.26],[-23.2,15.07],[-22.99,15.2]]],[[[-24.37,16.49],[-24.08,16.55],[-24.08,16.68],[-24.38,16.68],[-24.37,16.49]]],[[[-24.97,16.74],[-24.82,16.74],[-24.83,16.94],[-24.91,17],[-24.99,17.26],[-25.29,17.19],[-25.35,17.06],[-25.27,16.87],[-25.05,16.94],[-24.97,16.74]]],[[[32.62,-25.37],[32.48,-25.69],[32.19,-25.88],[32.2,-26.07],[32.36,-26.2],[32.66,-26.2],[32.5,-26.01],[32.77,-25.56],[32.92,-25.56],[33.5,-25.17],[34.83,-24.79],[35.19,-24.53],[35.19,-24.4],[35.47,-24.08],[35.46,-23.89],[35.23,-23.76],[35.44,-23.37],[35.48,-22.79],[35.4,-22.47],[35.24,-22.34],[35.22,-21.76],[34.97,-21.19],[35.04,-20.93],[34.87,-20.61],[34.65,-20.54],[34.7,-19.9],[34.92,-19.9],[35.77,-19],[36.28,-18.81],[36.35,-18.61],[36.85,-18.23],[36.84,-17.97],[37.13,-17.91],[37.41,-17.59],[37.78,-17.52],[38.13,-17.26],[38.94,-17.07],[39.22,-16.75],[39.51,-16.69],[39.57,-16.49],[39.72,-16.49],[39.79,-16.3],[40.21,-15.91],[40.21,-15.79],[40.49,-15.59],[40.55,-15.14],[40.69,-15.01],[40.75,-14.69],[40.24,-14.76],[40.17,-14.95],[40.32,-15.08],[40.33,-15.27],[40.19,-15.34],[40.2,-15.53],[39.91,-15.72],[39.91,-15.85],[39.49,-16.17],[39.49,-16.3],[39.28,-16.49],[38.99,-16.56],[38.85,-16.75],[38.42,-16.94],[37.83,-17.14],[37.77,-17.26],[37.54,-17.26],[37.48,-17.39],[37.26,-17.39],[37.12,-17.65],[36.68,-17.78],[36.55,-18.16],[35.91,-18.74],[35.76,-18.81],[35.05,-19.45],[34.9,-19.45],[34.83,-19.58],[34.61,-19.45],[34.31,-19.51],[34.26,-20.03],[34.41,-20.16],[34.43,-20.67],[34.74,-20.93],[34.67,-21.06],[34.83,-21.38],[34.85,-21.96],[35.1,-22.54],[35.13,-23.31],[34.93,-23.82],[35.03,-24.27],[34.74,-24.53],[34.08,-24.79],[33.49,-24.92],[32.62,-25.37]]],[[[13.99,-11.86],[14.14,-11.74],[14.06,-10.96],[13.77,-10.32],[13.62,-10.13],[13.4,-9.55],[13.62,-8.71],[13.47,-8.52],[13.25,-8.46],[13.25,-8.71],[12.89,-8.91],[12.89,-9.23],[13.03,-9.36],[13.03,-9.74],[13.25,-10],[13.25,-10.26],[13.47,-10.45],[13.7,-10.9],[13.7,-11.74],[13.33,-12.51],[12.89,-12.64],[12.82,-13.02],[13.55,-12.83],[13.63,-12.51],[13.85,-12.38],[13.99,-12.12],[13.99,-11.86]]],[[[6.38,0.03],[6.66,0.16],[6.67,0.41],[6.3,0.35],[6.38,0.03]]],[[[-16.28,11.79],[-16.14,11.86],[-16.06,11.73],[-15.62,11.73],[-15.55,11.86],[-15.63,12.05],[-16.07,12.05],[-15.92,12.18],[-16.08,12.76],[-16.6,12.82],[-16.59,12.63],[-16.81,12.63],[-16.81,12.37],[-16.58,12.18],[-16.36,12.18],[-16.28,11.79]]],[[[-22.88,16.23],[-22.94,15.97],[-22.65,15.97],[-22.58,16.16],[-22.88,16.23]]]]},"properties":{"NAME":"Portuguese Empire","C":11,"name":"Portuguese Empire","start_year":1815,"end_year":1819,"capital":"","type":"polity","region":"","event":"","source":"Cliopatria / Seshat Global History Databank (CC BY 4.0)","wikipedia":"Portuguese Empire","wikidata":"Q200464","_a":5848,"_c":[-16.52,-8.26],"_nz":"葡萄牙帝国","_sz":""}},
{"type":"Feature","geometry":{"type":"MultiPolygon","coordinates":[[[[55.83,23.69],[55.89,23.43],[56.17,23.3],[56.23,23.04],[56.44,22.91],[56.63,22.53],[56.85,22.46],[57.34,22.08],[57.79,22.21],[58.01,22.14],[58.02,22.27],[58.24,22.27],[58.74,21.95],[59.28,21.31],[59.86,22.08],[59.9,22.53],[59.54,22.66],[59.27,22.91],[59.28,23.04],[59.07,23.17],[59.08,23.3],[58.81,23.62],[57.71,23.81],[57.06,24.07],[56.66,24.52],[56.48,24.97],[56.4,24.97],[56.07,24.59],[56.01,24.01],[55.85,23.88],[55.83,23.69]]],[[[56.39,25.62],[56.54,26.26],[56.48,26.39],[56.33,26.39],[56.07,26.13],[56.07,26.07],[56.28,26],[56.25,25.68],[56.39,25.62]]],[[[56.32,27.03],[56.02,27.03],[56.02,26.97],[55.79,26.97],[55.54,26.71],[55.31,26.71],[55.29,26.52],[56.06,26.71],[56.31,26.9],[56.32,27.03]]]]},"properties":{"NAME":"Sultanate of Oman","C":11,"name":"Sultanate of Oman","start_year":1815,"end_year":1819,"capital":"","type":"polity","region":"","event":"","source":"Cliopatria / Seshat Global History Databank (CC BY 4.0)","wikipedia":"Oman","wikidata":"Q842","_a":26,"_c":[57.6,24.17],"_nz":"阿曼苏丹国","_sz":""}},
{"type":"Feature","geometry":{"type":"Polygon","coordinates":[[[9.84,53.53],[10.19,53.39],[10.36,53.46],[10.36,53.6],[10.01,53.73],[9.84,53.53]]]},"properties":{"NAME":"Free City of Hamburg","C":8,"name":"Free City of Hamburg","start_year":1815,"end_year":1819,"capital":"","type":"polity","region":"","event":"","source":"Cliopatria / Seshat Global History Databank (CC BY 4.0)","wikipedia":"Hamburg","wikidata":"Q1055","_a":0,"_c":[10.1,53.56],"_nz":"汉堡自由市","_sz":""}},
{"type":"Feature","geometry":{"type":"Polygon","coordinates":[[[13.91,42.95],[13.75,43.08],[13.75,43.28],[13.36,43.67],[12.87,43.8],[12.31,44.19],[12.15,44.45],[12.16,44.84],[12.24,44.84],[12.24,44.97],[11.35,44.97],[11.35,44.84],[11.1,44.71],[11.02,44.45],[10.86,44.39],[10.86,44.25],[11.51,44.39],[11.75,44.06],[11.99,44.06],[12.31,43.86],[12.31,43.6],[12.14,43.47],[12.06,42.76],[11.66,42.56],[11.57,42.37],[11.73,42.17],[12.13,42.04],[12.13,41.91],[12.6,41.52],[12.92,41.46],[13,41.33],[13.4,41.33],[13.79,41.2],[14.04,41.52],[13.96,41.72],[13.8,41.85],[13.41,41.85],[13.33,41.98],[13.01,42.04],[12.86,42.5],[13.18,42.76],[13.5,42.76],[13.58,42.89],[13.91,42.95]]]},"properties":{"NAME":"Papal States","C":4,"name":"Papal States","start_year":1815,"end_year":1847,"capital":"","type":"polity","region":"","event":"","source":"Cliopatria / Seshat Global History Databank (CC BY 4.0)","wikipedia":"Papal States","wikidata":"Q170174","_a":12,"_c":[12.45,43.09],"_nz":"教皇国","_sz":""}},
{"type":"Feature","geometry":{"type":"MultiPolygon","coordinates":[[[[109.86,18.35],[110.18,18.48],[110.19,18.54],[110.51,18.67],[110.68,19.25],[110.85,19.38],[110.88,19.57],[111.03,19.57],[111.09,19.89],[110.91,20.15],[110.61,20.15],[110.59,20.02],[110.16,20.09],[109.25,19.96],[109.2,19.7],[108.7,19.38],[108.64,18.54],[108.76,18.41],[109.12,18.35],[109.25,18.22],[109.84,18.22],[109.86,18.35]]],[[[121.38,22.91],[121.55,23.36],[122.01,25.04],[121.77,25.29],[121.47,25.29],[120.96,25.04],[120.91,24.84],[120.52,24.46],[120.35,24.01],[120.17,23.88],[120.12,23.3],[120.01,23.11],[120.14,23.04],[120.2,22.59],[120.44,22.34],[120.59,22.34],[120.67,21.95],[120.89,21.95],[121,22.53],[121.38,22.91]]],[[[122.27,30.18],[122.05,30.18],[121.98,29.99],[122.28,29.99],[122.27,30.18]]],[[[130.69,42.43],[130.9,42.63],[131.23,42.63],[131.75,43.28],[131.78,43.08],[132.1,43.08],[132.21,42.89],[133,42.76],[133.27,42.69],[134.22,43.02],[135.11,43.47],[135.99,44.45],[136.15,44.45],[136.72,45.1],[137.86,45.96],[138.43,46.68],[138.42,46.87],[138.63,47.14],[138.9,47.27],[139.36,47.93],[140.02,48.32],[140.25,48.59],[140.19,48.72],[140.59,49.65],[140.44,49.85],[140.74,50.18],[140.49,50.18],[140.55,50.51],[140.48,50.71],[140.78,51.11],[140.65,51.25],[140.93,51.45],[140.96,51.65],[141.46,51.98],[141.35,52.05],[141.56,52.25],[141.2,52.32],[141.35,52.72],[141.11,52.99],[141.46,53.33],[140.92,53.46],[140.99,53.53],[140.77,53.73],[140.21,53.94],[140.25,54.14],[140.03,54.34],[138.73,54.34],[138.1,53.73],[137.27,53.6],[135.11,53.6],[134.7,53.53],[134.42,53.6],[134.1,53.53],[133.48,53.6],[133.02,53.39],[131.81,53.39],[131.95,53.53],[131.71,53.73],[131.76,53.87],[130.94,54],[131.06,54.21],[130.68,54.61],[130.74,55.02],[130.62,55.16],[130.83,55.36],[130.72,55.43],[130.84,55.63],[129.71,55.29],[129.39,55.5],[128.34,55.5],[126.27,55.7],[125.85,55.63],[125.46,55.77],[124.75,55.77],[124.67,56.05],[124.02,56.18],[123.23,54.82],[122.8,54.55],[122.39,54.48],[121.64,54.14],[121.31,54.34],[121.12,54.14],[121.14,53.87],[121.54,53.73],[121.5,53.6],[121.7,53.53],[121.43,53.33],[121.09,53.33],[120.42,53.06],[119.9,52.65],[120.53,52.59],[120.5,52.45],[120.67,52.25],[120.67,52.05],[120.19,51.78],[119.65,51.11],[119.73,51.11],[119.15,50.38],[119.33,50.18],[119.01,49.98],[118.54,49.91],[117.83,49.52],[116.68,49.78],[116.5,49.98],[115.36,49.91],[115.41,49.98],[115,50.11],[114.85,50.25],[114.01,50.25],[113.26,49.91],[112.73,49.52],[111.22,49.38],[110.75,49.18],[109.75,49.18],[109.42,49.32],[108.38,49.38],[108.26,49.58],[107.97,49.65],[107.9,49.91],[107.78,49.98],[107.32,50.05],[106.46,50.38],[104.9,50.45],[104.05,50.18],[103.3,50.18],[103.22,50.31],[102.88,50.31],[102.8,50.45],[102.3,50.58],[102.31,50.85],[102.06,51.11],[102.16,51.25],[101.91,51.51],[101.32,51.51],[100.94,51.58],[100.78,51.71],[100.1,51.71],[100.14,51.78],[99.39,51.92],[99.31,52.05],[98.8,52.18],[98.68,52.38],[98.84,52.86],[98.76,52.99],[97.81,52.99],[97.86,53.06],[96.81,53.39],[96.85,53.46],[96.43,53.6],[96.11,53.26],[94.52,53.06],[93.86,52.32],[93.14,51.85],[92.71,51.71],[91.1,51.58],[90.72,51.65],[90.63,51.78],[90.29,51.78],[90.09,51.58],[89.17,51.31],[89.39,50.98],[89.95,50.78],[90.09,50.58],[89.98,50.38],[89.57,50.25],[89.45,50.05],[89.64,49.78],[89.49,49.65],[89,49.52],[88.33,49.52],[87.9,49.18],[87.42,49.05],[87.2,49.12],[87.19,49.25],[86.74,49.52],[84.94,49.58],[84.5,49.38],[84.19,48.92],[83.84,48.72],[82.39,48.65],[81.94,48.39],[80.55,48.26],[80.1,47.99],[79.92,47.6],[79.39,47.14],[79.28,46.87],[79.25,46.61],[79.09,46.61],[78.97,46.35],[78.46,46.28],[77.8,46.28],[77.83,46.35],[77.36,46.41],[77.39,46.48],[75.45,46.55],[75.32,46.41],[74.88,46.35],[74.75,46.02],[74.32,45.96],[74.12,45.43],[74.25,45.37],[74.13,45.04],[74.05,45.04],[74.04,44.58],[74.12,44.58],[74.13,44.19],[74.23,43.8],[74.34,43.67],[74.33,43.41],[74.03,42.82],[73.38,42.11],[73.61,41.85],[73.63,41.46],[73.82,41.07],[73.73,40.81],[73.85,40.68],[73.68,40.16],[73.4,39.51],[73.69,39.45],[73.61,39.19],[73.79,39],[73.73,38.8],[73.89,38.55],[74.47,38.67],[74.87,38.42],[74.87,37.9],[75.03,37.64],[74.92,37.25],[74.59,37.19],[74.55,37.06],[75.31,37],[75.41,36.8],[75.78,36.74],[76,36.42],[76.24,36.42],[76.28,36.29],[76.8,36.22],[76.81,35.97],[76.93,35.84],[77.59,35.71],[77.65,35.64],[77.52,35.45],[77.98,35.45],[78.09,35.58],[78.42,35.64],[78.48,35.84],[78.98,35.97],[79.44,35.97],[79.74,35.64],[80.22,35.45],[80.17,35],[80.02,34.74],[79.59,34.55],[79.45,34.04],[78.98,34.04],[78.93,33.52],[78.83,33.46],[79.24,33.26],[79.51,32.81],[79.46,32.62],[79.11,32.43],[78.88,32.43],[78.71,32.69],[78.54,32.62],[78.46,32.3],[78.8,31.79],[78.77,31.34],[79,31.34],[79.16,31.4],[79.59,30.95],[79.97,30.95],[80.26,30.56],[80.84,30.44],[81.01,30.18],[81.3,30.12],[81.59,30.37],[82.04,30.37],[82.47,29.92],[83.31,29.6],[83.43,29.47],[83.45,29.22],[83.66,29.15],[83.84,29.28],[84.14,29.28],[84.27,29.15],[84.22,28.96],[84.41,28.77],[84.82,28.57],[85.2,28.57],[85.16,28.38],[85.35,28.25],[85.75,28.32],[85.98,27.99],[86.23,28.12],[86.28,27.99],[86.9,28.06],[87.45,27.8],[88.14,27.87],[88.48,28.06],[88.78,28.06],[88.95,27.8],[88.8,27.42],[88.95,27.42],[89.73,28.25],[90.27,28.32],[90.44,28.06],[91.57,28.06],[91.75,27.87],[91.67,27.48],[92.09,27.35],[92.11,27.42],[93.04,27.54],[94.39,28.19],[94.77,28.51],[95.58,28.77],[96.19,28.77],[96.38,28.64],[96.4,28.38],[96.86,28.44],[97.34,28.25],[97.42,28.25],[97.56,28.51],[97.98,28.38],[98.16,28.19],[98.26,27.67],[98.56,27.67],[98.74,27.48],[98.74,26.84],[98.84,26.58],[98.67,25.81],[98.17,25.55],[98.13,25.36],[97.87,25.16],[97.82,24.91],[97.65,24.78],[97.59,24.46],[97.79,24.33],[97.65,23.94],[98.88,24.14],[98.73,23.75],[98.87,23.69],[98.94,23.24],[99.57,22.98],[99.29,22.14],[99.94,22.08],[100.07,21.95],[100.03,21.69],[100.22,21.5],[100.74,21.5],[101.16,21.76],[101.18,21.44],[101.32,21.37],[101.36,21.18],[101.8,21.11],[101.88,21.63],[101.64,22.01],[101.72,22.46],[102.15,22.4],[102.58,22.72],[102.87,22.66],[102.92,22.53],[103.22,22.53],[103.32,22.72],[103.77,22.72],[103.96,22.53],[104.15,22.79],[104.52,22.72],[104.84,22.85],[104.96,23.11],[105.21,23.3],[105.44,23.3],[105.75,22.98],[106.2,22.98],[106.33,22.85],[106.71,22.91],[106.77,22.85],[106.61,22.34],[106.71,22.08],[107.24,21.69],[107.46,21.69],[107.59,21.56],[107.97,21.63],[108.1,21.5],[108.56,21.56],[108.65,21.69],[109.09,21.63],[109.12,21.37],[109.81,21.5],[109.87,21.44],[109.7,20.86],[109.77,20.86],[109.79,20.54],[109.93,20.47],[109.88,20.21],[110.03,20.21],[110.57,20.34],[110.62,20.6],[110.36,20.86],[110.48,21.11],[110.72,21.18],[110.74,21.31],[110.98,21.44],[111.66,21.5],[111.86,21.76],[112.44,21.69],[112.77,21.89],[113.07,21.89],[113.11,22.08],[113.42,22.14],[113.45,22.34],[113.69,22.4],[113.6,22.72],[113.75,22.72],[113.79,22.53],[114,22.46],[114,22.08],[114.37,22.08],[114.53,22.14],[114.64,22.72],[114.75,22.53],[114.9,22.53],[115.17,22.79],[115.37,22.66],[115.67,22.66],[115.7,22.79],[116.54,22.91],[116.59,23.17],[116.81,23.17],[116.78,23.36],[116.89,23.56],[117.18,23.49],[117.47,23.81],[117.69,23.81],[117.72,23.94],[118.08,24.2],[118.15,24.52],[118.76,24.59],[118.82,24.84],[119.07,24.97],[119.03,25.1],[119.34,25.16],[119.47,25.36],[119.87,25.49],[119.9,25.62],[119.53,25.62],[119.78,26],[119.59,26.13],[119.94,26.32],[119.84,26.52],[120.16,26.58],[120.25,26.9],[120.39,27.16],[120.55,27.16],[120.73,27.54],[120.71,27.74],[120.87,27.99],[121.15,28.19],[121.65,28.32],[121.65,28.57],[121.74,29.09],[121.54,29.15],[121.59,29.54],[121.8,29.47],[121.71,29.22],[121.94,29.22],[121.93,29.41],[122.02,29.67],[121.86,29.67],[122.03,29.92],[121.62,30.05],[121.48,30.31],[121.1,30.31],[120.81,30.12],[120.68,30.18],[121.05,30.56],[121.2,30.56],[121.52,30.82],[121.9,30.82],[122,31.08],[121.74,31.4],[121.91,31.46],[121.96,31.59],[121.96,31.98],[121.5,32.17],[121.4,32.49],[120.92,32.62],[120.93,33.2],[120.55,33.59],[120.49,34.16],[120.34,34.36],[119.73,34.55],[119.71,34.68],[119.23,34.81],[119.62,35.52],[119.99,35.64],[120.32,36.03],[120.66,36.1],[120.73,36.42],[120.96,36.42],[120.98,36.61],[121.21,36.61],[121.91,36.93],[122.39,36.8],[122.57,37],[122.47,37.13],[122.71,37.45],[122.12,37.51],[122.15,37.58],[121.5,37.51],[121.48,37.64],[121.17,37.64],[121.11,37.84],[120.75,37.9],[120.19,37.71],[120.2,37.58],[119.83,37.45],[119.7,37.19],[119.16,37.19],[118.98,37.32],[119.24,37.84],[119.46,37.96],[118.77,38.16],[118.58,38.09],[118.07,38.16],[118.05,38.29],[117.77,38.35],[117.6,38.48],[117.58,38.74],[117.78,39.13],[118.05,39.19],[118.06,39.06],[118.45,39.06],[118.99,39.19],[119.22,39.32],[119.38,39.77],[120.5,40.23],[120.65,40.48],[121,40.68],[121.11,40.87],[121.82,40.87],[121.83,40.74],[122.11,40.68],[122.23,40.48],[121.78,39.97],[121.5,39.9],[121.44,39.64],[121.21,39.51],[121.3,39.38],[121.69,39.38],[121.52,39.06],[121.2,39.06],[121.03,38.74],[121.42,38.74],[121.72,39],[121.95,39],[122.17,39.26],[122.94,39.64],[123.6,39.84],[124.23,39.84],[124.27,39.9],[124.57,40.29],[126.11,41],[126.83,41.78],[127.07,41.78],[127.11,41.59],[127.34,41.46],[128.1,41.39],[128.34,41.65],[128.07,41.98],[128.84,42.04],[129.17,42.3],[129.7,42.5],[129.84,42.95],[130.2,42.89],[130.3,42.56],[130.69,42.43]],[[78.04,42.17],[77.29,42.11],[77,42.17],[76.51,42.37],[76.53,42.63],[78.66,42.76],[78.58,42.56],[78.04,42.17]]]]},"properties":{"NAME":"Qing Dynasty","C":5,"name":"Qing Dynasty","start_year":1815,"end_year":1819,"capital":"","type":"polity","region":"","event":"","source":"Cliopatria / Seshat Global History Databank (CC BY 4.0)","wikipedia":"Qing dynasty","wikidata":"Q8733","_a":2588,"_c":[107.47,37.2],"_nz":"清","_sz":""}},
{"type":"Feature","geometry":{"type":"Polygon","coordinates":[[[7.31,43.8],[7.55,43.8],[7.47,43.86],[7.31,43.8]]]},"properties":{"NAME":"Kingdom of Monaco","C":9,"name":"Kingdom of Monaco","start_year":1815,"end_year":1847,"capital":"","type":"polity","region":"","event":"","source":"Cliopatria / Seshat Global History Databank (CC BY 4.0)","wikipedia":"Monaco","wikidata":"Q235","_a":0,"_c":[7.39,43.83],"_nz":"摩纳哥王国","_sz":""}},
{"type":"Feature","geometry":{"type":"Polygon","coordinates":[[[9.04,48.26],[8.79,48.19],[8.87,47.99],[8.54,47.99],[8.54,48.13],[8.21,48.06],[8.2,48.79],[8.45,48.79],[8.44,49.12],[8.69,49.12],[8.78,49.25],[9.86,49.25],[9.69,49.58],[9.44,49.58],[9.27,49.71],[9.02,49.45],[8.77,49.45],[8.69,49.58],[8.6,49.58],[8.35,49.58],[8.28,49.18],[8.11,48.99],[8.12,48.85],[7.71,48.52],[7.56,47.6],[7.97,47.53],[8.47,47.6],[8.55,47.73],[9.29,47.66],[9.29,47.99],[8.96,47.99],[9.04,48.26]]]},"properties":{"NAME":"Grand Duchy of Baden","C":2,"name":"Grand Duchy of Baden","start_year":1815,"end_year":1819,"capital":"","type":"polity","region":"","event":"","source":"Cliopatria / Seshat Global History Databank (CC BY 4.0)","wikipedia":"Grand Duchy of Baden","wikidata":"Q186320","_a":5,"_c":[8.71,48.62],"_nz":"巴登大公国","_sz":""}},
{"type":"Feature","geometry":{"type":"Polygon","coordinates":[[[56.07,26.07],[56.06,26],[55.64,25.62],[55.41,25.55],[55.14,25.1],[54.74,24.84],[54.56,24.46],[54.32,24.26],[54.1,24.33],[54.08,24.14],[53.11,24.14],[52.6,24.26],[52.28,24.01],[51.84,24.07],[51.85,24.26],[51.63,24.26],[51.41,24.33],[51.52,24.78],[51.69,24.97],[51.72,25.29],[51.57,25.36],[51.7,25.87],[51.42,26.13],[51.12,26.13],[50.95,25.94],[50.92,25.62],[50.77,25.55],[50.73,25.1],[50.65,25.1],[50.61,25.42],[50.33,25.62],[50.21,26],[50.25,26.45],[50.12,26.58],[50.13,26.77],[49.36,27.29],[49.24,27.61],[48.87,27.67],[48.97,27.93],[48.56,28.32],[48.58,28.51],[48.44,28.57],[48.32,28.83],[47.86,28.83],[47.44,29.15],[47.48,29.47],[47.74,29.79],[47.31,29.99],[47.25,30.12],[45.68,30.31],[45.55,30.5],[45.4,30.5],[45.3,30.31],[44.83,30.18],[44.42,29.86],[44.03,29.73],[43.75,29.99],[43.6,29.99],[43.4,30.24],[43.25,30.24],[43.04,30.5],[42.89,30.5],[42.69,30.76],[42.54,30.76],[42.34,31.01],[42.19,31.01],[42.06,31.21],[41.24,31.46],[40.9,31.79],[40.31,32.04],[39.49,32.17],[39.18,32.17],[38.93,31.98],[38.08,31.79],[38,31.79],[37.31,30.89],[37.19,30.44],[37.22,29.86],[37.68,28.96],[37.96,28.7],[38.01,28.44],[38.23,28.32],[38.42,27.87],[38.7,27.61],[38.76,27.35],[38.91,27.29],[38.9,27.16],[39.31,26.71],[39.44,26.32],[39.58,26.26],[39.78,25.81],[39.92,25.74],[40.52,24.52],[40.87,24.14],[41.27,23.3],[41.55,23.04],[41.54,22.79],[41.83,22.66],[41.82,22.53],[42.31,22.01],[42.78,21.18],[43.14,20.92],[43.27,20.6],[43.49,20.47],[43.72,20.6],[43.8,20.79],[44.03,20.92],[44.05,21.18],[44.51,21.5],[44.52,21.69],[44.68,21.76],[44.78,22.21],[44.94,22.4],[44.95,22.66],[45.51,23.24],[46.72,23.49],[47.19,23.75],[47.55,23.69],[48.17,23.94],[48.39,23.88],[48.56,24.2],[48.8,24.33],[49.47,24.39],[51.18,24.2],[51.17,24.07],[51.82,23.88],[51.88,23.69],[53.97,23.69],[54.58,23.88],[55.03,23.88],[55.54,23.75],[55.53,23.62],[55.83,23.69],[55.85,23.88],[56.01,24.01],[56.07,24.59],[56.4,24.97],[56.46,25.55],[56.39,25.62],[56.25,25.68],[56.28,26],[56.07,26.07]]]},"properties":{"NAME":"Emirate of Diriyah","C":2,"name":"Emirate of Diriyah","start_year":1815,"end_year":1819,"capital":"","type":"polity","region":"","event":"","source":"Cliopatria / Seshat Global History Databank (CC BY 4.0)","wikipedia":"Emirate of Diriyah","wikidata":"Q146871","_a":237,"_c":[46.85,26.03],"_nz":"德拉伊耶埃米尔国","_sz":""}},
{"type":"Feature","geometry":{"type":"MultiPolygon","coordinates":[[[[10.46,42.69],[10.46,42.89],[10.13,42.89],[10.21,42.69],[10.46,42.69]]],[[[18.78,42.63],[18.71,42.82],[18.39,42.69],[18.08,43.02],[17.6,42.95],[17.36,43.15],[17.36,42.95],[17.83,42.89],[18.46,42.5],[18.7,42.5],[18.7,42.63],[18.78,42.63]]],[[[11.57,42.37],[11.66,42.56],[12.06,42.76],[12.14,43.47],[12.31,43.6],[12.31,43.86],[11.99,44.06],[11.75,44.06],[11.51,44.39],[10.86,44.25],[10.78,44.25],[10.62,44.12],[10.54,44.12],[10.54,43.86],[10.21,43.93],[10.37,43.67],[10.54,43.08],[11.02,42.82],[11.02,42.63],[11.18,42.63],[11.26,42.43],[11.49,42.37],[11.57,42.37]]],[[[14.5,44.52],[14.51,44.91],[14.27,44.97],[14.26,44.58],[14.5,44.52]]],[[[26.27,48.19],[26.14,48.59],[25.9,48.72],[25.84,48.92],[25.85,49.85],[25.7,49.98],[25.72,50.18],[25.3,50.11],[25.07,50.38],[24.57,50.38],[24.34,50.65],[24,50.65],[23.76,50.78],[23.01,50.78],[22.66,50.65],[22.15,50.65],[22,50.85],[21.75,50.85],[21.74,50.71],[21.48,50.65],[21.03,50.25],[20.69,50.25],[20.25,49.98],[19.82,49.85],[19.24,49.85],[18.81,49.65],[18.49,49.91],[17.74,50.05],[17.75,50.25],[16.92,50.45],[16.82,50.18],[16.49,50.18],[16.24,50.38],[16.34,50.65],[15.42,50.78],[15.26,50.98],[14.58,50.91],[14.33,51.05],[14.15,50.85],[13.39,50.71],[12.8,50.38],[12.38,50.38],[12.12,50.25],[12.21,50.18],[12.37,49.98],[12.37,49.71],[12.53,49.52],[13.77,48.79],[13.77,48.65],[13.43,48.59],[13.26,48.32],[12.77,48.19],[12.76,47.99],[12.93,47.93],[12.92,47.73],[13.09,47.6],[12.84,47.53],[12.76,47.66],[11.93,47.66],[11.02,47.4],[10.86,47.53],[10.45,47.6],[10.37,47.33],[10.12,47.33],[9.95,47.53],[9.62,47.53],[9.62,47.4],[9.63,47.14],[9.96,46.87],[10.45,46.94],[10.45,46.68],[10.04,46.61],[10.04,46.28],[9.3,46.48],[8.98,45.89],[8.57,46.15],[8.41,45.89],[8.41,45.63],[8.58,45.56],[8.58,45.24],[9.23,45.04],[9.32,45.17],[9.8,45.17],[10.45,44.97],[11.35,44.97],[12.24,44.97],[12.24,44.84],[12.4,45.04],[12.16,45.17],[12.16,45.5],[12.65,45.56],[12.82,45.69],[13.06,45.63],[13.14,45.82],[13.71,45.76],[13.71,45.5],[13.55,45.5],[13.54,45.3],[13.71,45.24],[13.78,44.91],[13.95,45.04],[14.19,45.04],[14.2,45.37],[14.6,45.37],[14.52,45.1],[14.92,44.97],[14.91,44.58],[15.15,44.39],[15.22,44.06],[15.62,43.93],[15.86,43.8],[16.01,43.6],[15.93,43.47],[16.58,43.6],[16.73,43.54],[16.73,43.34],[17.05,43.41],[17.12,43.15],[17.37,43.21],[16.98,43.67],[16.82,43.67],[16.43,44.06],[16.27,44.06],[16.2,44.39],[15.8,44.71],[15.82,45.24],[15.98,45.24],[16.22,45.04],[16.47,45.24],[17.12,45.24],[17.76,45.04],[18.58,45.1],[18.89,44.84],[19.14,44.97],[19.3,44.84],[19.62,44.91],[19.86,44.71],[20.02,44.71],[20.11,44.97],[20.28,45.04],[20.52,44.97],[20.59,44.78],[20.75,44.71],[21.41,44.84],[21.88,44.65],[21.95,44.52],[22.28,44.52],[22.53,44.71],[22.65,45.24],[23.14,45.24],[23.47,45.37],[23.48,45.5],[25.04,45.63],[25.35,45.37],[25.44,45.5],[25.85,45.5],[26.1,45.63],[26.44,45.76],[26.48,46.15],[25.94,46.55],[25.97,46.81],[25.73,46.87],[25.67,47.14],[25.02,47.2],[25.45,47.47],[25.77,47.33],[25.96,47.6],[26.38,47.66],[26.31,47.8],[26.07,47.86],[26.27,48.19]]]]},"properties":{"NAME":"Austrian Empire","C":3,"name":"Austrian Empire","start_year":1815,"end_year":1819,"capital":"","type":"polity","region":"","event":"","source":"Cliopatria / Seshat Global History Databank (CC BY 4.0)","wikipedia":"Austrian Empire","wikidata":"Q131964","_a":158,"_c":[17.45,46.68],"_nz":"奥地利帝国","_sz":""}},
{"type":"Feature","geometry":{"type":"Polygon","coordinates":[[[-61.29,-28.77],[-61.28,-28.71],[-61.9,-28.45],[-61.94,-28.26],[-62.1,-28.32],[-62.49,-28],[-62.64,-28],[-63.14,-27.49],[-63.11,-27.36],[-63.36,-27.1],[-63.44,-26.72],[-63.67,-26.33],[-63.63,-26.14],[-63.76,-26.01],[-63.74,-25.49],[-63.44,-25.49],[-63.41,-25.3],[-62.6,-24.47],[-62.48,-24.14],[-62.41,-22.66],[-62.74,-22.34],[-62.72,-22.21],[-62.94,-22.15],[-62.99,-22.02],[-63.66,-22.02],[-64.12,-22.15],[-64.36,-22.73],[-64.51,-22.79],[-64.61,-22.41],[-64.87,-22.15],[-65.84,-22.15],[-66.31,-21.83],[-66.43,-22.15],[-66.58,-22.15],[-67.26,-22.73],[-67.08,-23.05],[-67.38,-24.02],[-68.26,-24.34],[-68.61,-24.66],[-68.66,-24.92],[-68.53,-25.04],[-68.7,-25.56],[-68.48,-26.01],[-68.67,-26.59],[-68.42,-26.84],[-68.46,-27.04],[-68.95,-27.23],[-69.34,-28],[-69.73,-28.39],[-69.9,-29.09],[-70.08,-29.22],[-70.16,-29.54],[-70.13,-29.74],[-70.01,-29.87],[-70.06,-30.06],[-69.96,-30.25],[-70.36,-30.64],[-70.41,-31.09],[-70.69,-31.28],[-70.68,-31.79],[-70.43,-31.99],[-70.45,-32.31],[-70.25,-32.44],[-70.29,-32.82],[-70.1,-32.95],[-70.19,-33.27],[-69.93,-33.4],[-69.91,-33.59],[-70.05,-34.04],[-69.95,-34.24],[-70.24,-34.43],[-70.65,-35.46],[-70.52,-35.52],[-70.5,-35.46],[-69.77,-34.88],[-68.98,-34.82],[-68.76,-34.62],[-67.86,-34.43],[-64.35,-34.3],[-63.56,-34.49],[-63.6,-34.62],[-63.06,-34.62],[-62.37,-34.36],[-62.06,-34.36],[-62.1,-34.24],[-61.93,-34.17],[-61.72,-34.24],[-61.61,-34.11],[-61.37,-34.11],[-61.01,-33.91],[-60.63,-33.91],[-60.07,-34.11],[-59.77,-34.43],[-59.07,-34.69],[-58.81,-35.14],[-58.52,-35.2],[-58.48,-35.33],[-57.35,-35.72],[-57.28,-35.2],[-58.38,-34.69],[-58.6,-34.36],[-58.47,-34.17],[-58.57,-33.98],[-59.25,-33.66],[-59.49,-33.4],[-60.89,-32.89],[-62.6,-32.69],[-63.6,-32.69],[-63.3,-31.86],[-63.56,-31.66],[-63.57,-31.41],[-63.76,-31.28],[-63.77,-31.02],[-63.12,-30.51],[-62.77,-29.99],[-62.15,-29.61],[-62.12,-29.48],[-61.29,-28.77]]]},"properties":{"NAME":"Río de la Plata","C":2,"name":"Río de la Plata","start_year":1815,"end_year":1819,"capital":"","type":"polity","region":"","event":"","source":"Cliopatria / Seshat Global History Databank (CC BY 4.0)","wikipedia":"Río de la Plata","wikidata":"Q35827","_a":187,"_c":[-64.01,-28.77],"_nz":"拉普拉塔","_sz":""}},
{"type":"Feature","geometry":{"type":"Polygon","coordinates":[[[7.92,50.38],[7.58,50.51],[7.66,50.85],[7.49,51.05],[7.07,50.78],[7.08,50.45],[7.17,50.25],[7.33,50.25],[7.76,49.85],[8.18,49.85],[8.26,50.11],[7.92,50.31],[7.92,50.38]]]},"properties":{"NAME":"Duchy of Nassau","C":7,"name":"Duchy of Nassau","start_year":1815,"end_year":1819,"capital":"","type":"polity","region":"","event":"","source":"Cliopatria / Seshat Global History Databank (CC BY 4.0)","wikipedia":"Duchy of Nassau","wikidata":"Q836680","_a":1,"_c":[7.67,50.45],"_nz":"拿骚公国","_sz":""}},
{"type":"Feature","geometry":{"type":"Polygon","coordinates":[[[19.3,44.84],[19.11,44.32],[19.5,44.06],[19.4,43.73],[20.34,43.28],[20.75,43.34],[21.37,43.08],[21.79,43.28],[22.11,43.28],[22.18,43.15],[22.67,43.28],[22.68,43.41],[22.37,43.6],[22.4,43.99],[22.66,44.19],[22.5,44.32],[22.53,44.71],[22.28,44.52],[21.95,44.52],[21.88,44.65],[21.41,44.84],[20.75,44.71],[20.59,44.78],[20.52,44.97],[20.28,45.04],[20.11,44.97],[20.02,44.71],[19.86,44.71],[19.62,44.91],[19.3,44.84]]]},"properties":{"NAME":"Serbs","C":1,"name":"Serbs","start_year":1815,"end_year":1847,"capital":"","type":"polity","region":"","event":"","source":"Cliopatria / Seshat Global History Databank (CC BY 4.0)","wikipedia":"Serbs","wikidata":"Q127885","_a":7,"_c":[20.9,44.06],"_nz":"塞尔维亚人","_sz":""}},
{"type":"Feature","geometry":{"type":"Polygon","coordinates":[[[88.93,27.35],[88.8,27.09],[88.99,26.9],[89.5,26.84],[89.7,26.71],[90,26.71],[90.34,26.9],[90.57,26.9],[90.69,26.77],[91.82,26.77],[92.07,26.9],[92.09,27.35],[91.67,27.48],[91.75,27.87],[91.57,28.06],[90.44,28.06],[90.27,28.32],[89.73,28.25],[88.95,27.42],[88.93,27.35]]]},"properties":{"NAME":"Kingdom of Bhutan","C":2,"name":"Kingdom of Bhutan","start_year":1815,"end_year":1821,"capital":"","type":"polity","region":"","event":"","source":"Cliopatria / Seshat Global History Databank (CC BY 4.0)","wikipedia":"Bhutan","wikidata":"Q917","_a":5,"_c":[90.45,27.52],"_nz":"不丹王国","_sz":""}},
{"type":"Feature","geometry":{"type":"Polygon","coordinates":[[[43.82,13.08],[43.83,13.14],[44.34,13.21],[44.35,13.34],[44.58,13.53],[45.02,13.59],[45.1,13.79],[45.48,13.98],[45.08,14.81],[44.94,14.88],[45.04,15.39],[44.89,15.39],[45,16.04],[44.86,16.23],[44.8,16.42],[44.81,16.61],[44.45,16.74],[44.39,16.94],[44.24,16.87],[43.75,17.32],[43.6,17.32],[43.46,17.51],[42.55,17],[42.55,16.94],[42.82,16.61],[42.78,15.84],[42.71,15.84],[42.75,15.14],[42.89,15.07],[43.06,13.98],[43.26,13.72],[43.25,13.4],[43.61,13.34],[43.68,13.14],[43.82,13.08]]]},"properties":{"NAME":"Imamate of Yemen","C":3,"name":"Imamate of Yemen","start_year":1815,"end_year":1869,"capital":"","type":"polity","region":"","event":"","source":"Cliopatria / Seshat Global History Databank (CC BY 4.0)","wikipedia":"Imams of Yemen","wikidata":"Q1042069","_a":13,"_c":[44.02,15.3],"_nz":"也门伊玛目国","_sz":""}},
{"type":"Feature","geometry":{"type":"MultiPolygon","coordinates":[[[[9.5,41.2],[9.02,41.26],[8.55,40.87],[8.15,40.94],[8.16,40.55],[8.32,40.48],[8.4,40.29],[8.32,39.97],[8.48,39.9],[8.41,39.51],[8.33,39.51],[8.34,39],[8.73,38.87],[8.97,38.87],[9.12,39.19],[9.59,39.13],[9.67,39.64],[9.75,39.64],[9.67,40.29],[9.82,40.36],[9.82,40.74],[9.5,41.2]]],[[[9.23,45.04],[8.58,45.24],[8.58,45.56],[8.41,45.63],[8.41,45.89],[8.57,46.15],[8.49,46.35],[8.32,46.41],[8,46.02],[7.92,46.02],[7.1,45.89],[6.86,46.02],[6.85,46.28],[6.68,46.41],[6.27,46.41],[6.03,46.22],[5.63,45.89],[5.48,45.56],[5.81,45.43],[5.9,45.17],[6.23,45.1],[6.64,44.84],[6.57,44.58],[6.81,44.32],[6.41,44.19],[6.42,44.06],[6.74,43.93],[6.67,43.67],[6.91,43.54],[6.99,43.54],[7.39,43.93],[7.63,43.8],[8.03,43.93],[8.19,44.19],[8.59,44.45],[9.16,44.45],[9.73,44.12],[9.97,44.12],[9.56,44.39],[9,44.58],[8.99,44.71],[9.24,44.84],[9.23,45.04]]]]},"properties":{"NAME":"Kingdom of Sardinia","C":1,"name":"Kingdom of Sardinia","start_year":1815,"end_year":1847,"capital":"","type":"polity","region":"","event":"","source":"Cliopatria / Seshat Global History Databank (CC BY 4.0)","wikipedia":"Kingdom of Sardinia (1720-1861)","wikidata":"Q2577303","_a":34,"_c":[7.73,42.64],"_nz":"撒丁王国","_sz":""}},
{"type":"Feature","geometry":{"type":"MultiPolygon","coordinates":[[[[10.95,50.71],[11.2,50.71],[10.95,50.91],[10.95,50.71]]],[[[10.36,50.71],[10.61,50.65],[10.36,50.98],[10.36,50.71]]],[[[11.29,50.91],[11.29,50.78],[11.71,50.85],[11.79,50.85],[11.96,50.91],[11.96,51.05],[11.46,51.05],[11.46,50.98],[11.29,50.91]]],[[[12.3,50.98],[12.55,50.91],[12.47,51.18],[12.3,51.11],[12.3,50.98]]]]},"properties":{"NAME":"Saxe-Altenburg","C":0,"name":"Saxe-Altenburg","start_year":1815,"end_year":1819,"capital":"","type":"polity","region":"","event":"","source":"Cliopatria / Seshat Global History Databank (CC BY 4.0)","wikipedia":"Saxe-Altenburg","wikidata":"Q158151","_a":1,"_c":[11.46,50.92],"_nz":"萨克森-阿尔滕堡","_sz":""}},
{"type":"Feature","geometry":{"type":"MultiPolygon","coordinates":[[[[-73.29,-41.14],[-73.23,-41.01],[-73.33,-40.88],[-73.22,-40.62],[-72.98,-40.43],[-72.98,-40.23],[-72.55,-39.78],[-72.81,-39.65],[-72.68,-39.52],[-72.71,-39.39],[-72.4,-39.2],[-72.42,-39.07],[-72.87,-39],[-73.05,-39.26],[-73.37,-39.26],[-73.53,-39.84],[-73.82,-39.97],[-74.14,-41.27],[-74.04,-41.4],[-74.09,-41.53],[-73.88,-41.59],[-73.89,-41.79],[-74.13,-41.79],[-74.37,-42.31],[-74.27,-42.44],[-74.54,-43.35],[-73.88,-43.48],[-73.64,-43.15],[-73.57,-42.83],[-73.72,-42.63],[-73.43,-42.18],[-73.63,-41.92],[-73.28,-41.85],[-73.06,-41.53],[-73.22,-41.53],[-73.18,-41.27],[-73.29,-41.14]]],[[[-81.69,7.49],[-81.7,7.68],[-81.91,7.61],[-81.9,7.36],[-81.61,7.36],[-81.69,7.49]]],[[[-78.88,8.26],[-78.81,8.45],[-78.96,8.45],[-79.03,8.32],[-78.88,8.26]]],[[[-88.25,18.48],[-88.04,18.54],[-87.91,18.22],[-87.7,18.29],[-87.73,18.48],[-87.45,19.06],[-87.49,19.31],[-87.37,19.44],[-87.39,19.57],[-87.55,19.64],[-87.29,19.89],[-87.35,20.21],[-86.71,20.86],[-86.75,21.5],[-86.92,21.63],[-87.22,21.63],[-87.34,21.5],[-88.48,21.63],[-89.18,21.37],[-89.98,21.31],[-90.17,21.11],[-90.32,21.11],[-90.42,20.41],[-90.49,20.41],[-90.43,20.02],[-90.74,19.7],[-90.81,19.25],[-91.35,18.93],[-91.3,18.61],[-91.45,18.61],[-91.5,18.48],[-91.79,18.48],[-91.84,18.74],[-92.5,18.74],[-92.62,18.54],[-93.49,18.48],[-94.04,18.22],[-94.48,18.22],[-94.69,18.54],[-95.09,18.74],[-95.77,18.8],[-96.25,19.44],[-96.3,19.7],[-96.81,20.47],[-96.88,20.47],[-97.08,20.34],[-97.11,20.09],[-97.43,20.21],[-97.74,19.89],[-97.7,19.7],[-97.84,19.64],[-97.94,19.38],[-98.16,19.38],[-98.51,19.64],[-98.86,19.57],[-98.94,19.96],[-99.11,20.09],[-99.39,20.02],[-99.49,19.76],[-99.7,19.7],[-99.73,19.44],[-99.94,19.38],[-100.02,18.99],[-100.3,18.93],[-100.4,18.67],[-100.12,18.35],[-99.97,18.35],[-99.37,18.67],[-98.99,18.61],[-98.9,18.93],[-98.61,18.99],[-98.35,18.8],[-98.32,18.99],[-97.93,18.93],[-97.72,18.99],[-97.49,19.31],[-97.12,19.31],[-97.01,19.12],[-97.29,19.06],[-97.25,18.8],[-97.01,18.74],[-96.99,18.61],[-96.72,18.74],[-96.58,18.35],[-96.01,18.09],[-96,17.58],[-95.29,17.77],[-95.26,17.58],[-95.03,17.51],[-94.77,17.26],[-93.43,17.19],[-93.56,17.06],[-93.44,16.81],[-93.57,16.68],[-93.79,16.68],[-93.64,16.16],[-93.83,15.97],[-93.82,15.91],[-92.75,15.14],[-92.47,14.69],[-91.35,13.91],[-90.47,13.91],[-89.91,13.53],[-89.24,13.46],[-88.85,13.21],[-87.74,13.14],[-87.76,13.34],[-87.47,13.34],[-87.44,13.08],[-87.66,13.08],[-87.55,12.69],[-86.92,12.31],[-86.58,11.79],[-85.72,11.09],[-85.85,10.96],[-85.84,10.76],[-85.68,10.64],[-85.89,10.44],[-85.78,9.99],[-85.48,9.86],[-85.24,9.61],[-84.88,9.67],[-84.83,9.99],[-84.57,9.48],[-84.28,9.48],[-84.12,9.29],[-83.67,9.09],[-83.59,8.9],[-83.73,8.77],[-83.71,8.45],[-83.26,8.32],[-83.19,8.39],[-82.96,8.19],[-82.46,8.32],[-82.23,8.19],[-81.94,8.19],[-81.47,7.61],[-81.18,7.61],[-81.05,7.87],[-80.94,7.16],[-80.58,7.16],[-80.37,7.36],[-80,7.42],[-80.02,7.74],[-80.32,7.94],[-80.41,8.26],[-79.98,8.32],[-79.77,8.51],[-79.64,8.9],[-79.06,8.96],[-78.53,8.58],[-78.52,8.45],[-78.23,8.45],[-78.29,8.13],[-78.51,8.13],[-78.5,7.94],[-78.33,7.55],[-78.03,7.23],[-77.95,7.23],[-77.75,7.61],[-77.46,7.55],[-77.18,7.94],[-77.19,8.13],[-77.42,8.39],[-77.37,8.71],[-77.74,8.9],[-77.99,9.29],[-78.51,9.48],[-78.95,9.48],[-78.96,9.61],[-79.69,9.61],[-79.96,9.29],[-80.53,9.16],[-81.03,8.84],[-81.47,8.84],[-81.78,9.16],[-81.84,8.96],[-82.21,9.03],[-82.31,9.48],[-82.61,9.61],[-82.84,9.8],[-82.85,9.93],[-83.23,10.19],[-83.56,10.7],[-83.58,10.96],[-83.82,11.15],[-83.77,11.47],[-83.57,11.66],[-83.65,12.56],[-83.51,12.63],[-83.4,12.95],[-83.47,13.66],[-83.09,14.24],[-83.3,14.81],[-83.09,14.88],[-83.12,15.07],[-83.37,15.33],[-83.83,15.46],[-83.84,15.59],[-84.1,15.84],[-84.54,15.84],[-84.63,15.97],[-85.36,15.91],[-85.67,16.04],[-85.96,16.04],[-86.02,15.91],[-86.44,15.78],[-87.25,15.78],[-87.49,15.91],[-87.93,15.91],[-87.99,15.78],[-88.21,15.78],[-88.3,15.91],[-88.82,15.91],[-89.11,15.91],[-89.11,17.39],[-89.03,17.39],[-89.18,17.84],[-89.05,17.96],[-88.76,17.96],[-88.39,18.48],[-88.25,18.48]]],[[[-71.71,18.03],[-71.59,17.71],[-71.28,17.58],[-70.99,18.22],[-70.72,18.35],[-70.55,18.22],[-69.96,18.22],[-69.84,18.41],[-69.1,18.41],[-68.56,18.22],[-68.43,18.41],[-68.29,18.41],[-68.24,18.67],[-68.56,18.86],[-68.58,18.99],[-69.49,19.12],[-69.06,19.25],[-69.08,19.38],[-69.74,19.38],[-69.86,19.7],[-70.23,19.7],[-70.78,19.96],[-71.67,19.96],[-71.72,19.76],[-71.57,19.19],[-71.76,18.99],[-71.67,18.86],[-71.72,18.67],[-71.93,18.61],[-71.67,18.29],[-71.71,18.03]]],[[[-86.67,20.6],[-87.02,20.47],[-86.99,20.28],[-86.7,20.34],[-86.67,20.6]]],[[[-77.52,21.89],[-77.64,22.14],[-78,22.08],[-78.57,22.4],[-79.25,22.46],[-79.78,22.91],[-80.47,23.04],[-80.57,23.17],[-81.08,23.11],[-81.1,23.24],[-82.29,23.24],[-82.78,23.04],[-83.23,23.04],[-84,22.79],[-84.38,22.4],[-84.32,22.08],[-84.76,22.01],[-84.8,21.82],[-84.44,21.89],[-84.27,21.76],[-84.08,21.95],[-83.92,21.89],[-83.81,22.14],[-83.23,22.21],[-83.18,22.34],[-83.03,22.34],[-82.91,22.53],[-82.64,22.66],[-81.74,22.66],[-81.64,22.46],[-82.08,22.46],[-82.05,22.27],[-80.89,22.01],[-80.37,22.01],[-79.95,21.69],[-79.65,21.69],[-79.25,21.5],[-78.66,21.56],[-78.24,20.79],[-77.93,20.66],[-77.19,20.66],[-77.14,20.34],[-77.55,20.15],[-77.68,20.02],[-77.65,19.83],[-76.91,19.83],[-76.49,19.96],[-75.75,19.96],[-75.21,19.83],[-74.07,20.15],[-74.1,20.34],[-74.32,20.34],[-74.75,20.73],[-75.5,20.79],[-75.63,21.18],[-75.99,21.11],[-76.24,21.31],[-76.77,21.37],[-76.79,21.5],[-77.03,21.56],[-77.06,21.76],[-77.52,21.89]]],[[[-82.66,21.95],[-83.04,21.95],[-83.09,21.82],[-82.95,21.44],[-82.5,21.44],[-82.49,21.82],[-82.66,21.95]]],[[[-78.42,22.4],[-78.2,22.4],[-78.23,22.59],[-78.6,22.53],[-78.42,22.4]]],[[[-97.63,22.08],[-97.75,22.66],[-97.6,23.04],[-97.69,23.81],[-97.62,23.81],[-97.78,24.52],[-97.63,24.52],[-97.56,24.84],[-97.68,25.36],[-97.17,25.42],[-97.09,26],[-97.45,25.94],[-97.64,26.07],[-98.01,26.07],[-98.29,26.26],[-99.02,26.45],[-99.33,27.03],[-99.4,27.54],[-100.17,28.32],[-100.57,29.09],[-101.42,29.79],[-102.07,29.92],[-102.63,29.79],[-102.66,29.67],[-102.87,29.6],[-102.85,29.34],[-103.03,29.22],[-103.04,29.02],[-103.62,29.15],[-104.5,29.73],[-104.81,30.56],[-106.18,31.53],[-106.23,31.85],[-106.06,31.98],[-106.69,32.56],[-107.07,33.26],[-106.99,33.26],[-106.99,33.59],[-106.83,33.59],[-107.11,34.36],[-106.97,34.55],[-106.97,34.87],[-106.41,35],[-106.35,34.87],[-106.09,34.81],[-105.62,34.81],[-105.47,35.13],[-105.19,35.19],[-105.3,35.58],[-105.73,35.84],[-105.92,36.22],[-106.36,36.48],[-106.67,36.48],[-106.99,36.03],[-106.93,35.9],[-107.02,35.77],[-106.89,35.52],[-107.07,35.26],[-107.23,35.26],[-107.41,35],[-107.37,34.74],[-107.49,34.68],[-107.46,34.29],[-107.26,33.84],[-107.49,33.52],[-107.56,33.33],[-107.47,33.14],[-108.4,33.33],[-108.35,33.2],[-108.54,32.94],[-108.69,32.94],[-109.32,33.33],[-109.6,33.26],[-109.67,33.07],[-109.9,33.07],[-110.4,33.33],[-110.7,33.33],[-110.85,33.14],[-111,33.14],[-111.16,33.33],[-111.95,33.2],[-112.53,33.46],[-112.62,33.33],[-112.85,33.33],[-112.58,33.07],[-112.57,32.88],[-113.03,32.88],[-113.96,32.75],[-114.16,32.69],[-114.48,32.88],[-114.76,32.81],[-114.7,32.69],[-114.98,32.3],[-114.89,32.11],[-115.09,32.04],[-115.03,31.91],[-114.33,31.53],[-113.72,31.53],[-113.54,31.27],[-113.13,31.21],[-113.05,31.01],[-113.15,30.89],[-112.36,29.28],[-112.49,29.22],[-112.5,28.83],[-112.17,28.77],[-112.11,29.02],[-111.68,28.44],[-111.29,28.19],[-111.22,27.99],[-110.57,27.87],[-110.42,27.16],[-109.95,27.09],[-109.85,26.77],[-109.26,26.58],[-109.18,26.32],[-109.43,26.13],[-109.39,25.74],[-109.05,25.62],[-109.02,25.49],[-108.79,25.49],[-108.5,25.23],[-108.11,25.16],[-107.87,24.52],[-107.72,24.52],[-107.59,24.33],[-106.98,23.94],[-106.44,23.24],[-105.9,22.85],[-105.7,22.59],[-105.53,21.82],[-105.13,21.31],[-105.32,21.11],[-105.29,20.99],[-105.49,20.86],[-105.46,20.73],[-105.22,20.66],[-105.63,20.47],[-105.54,20.02],[-105.05,19.38],[-103.83,18.8],[-103.54,18.48],[-103.53,18.41],[-103.21,18.67],[-102.83,18.61],[-102.78,18.74],[-102.48,18.74],[-102.36,18.86],[-102.56,19.12],[-102.55,19.51],[-102.89,19.7],[-102.91,19.83],[-102.54,19.83],[-102.42,19.96],[-101.91,20.02],[-101.96,20.28],[-101.64,20.54],[-101.49,20.54],[-101.33,21.24],[-101.03,21.24],[-100.59,20.86],[-100.29,20.86],[-100.19,21.11],[-99.9,21.11],[-99.56,20.92],[-98.97,20.92],[-98.84,21.05],[-98.72,20.79],[-98.49,20.73],[-98.39,20.99],[-98.25,21.05],[-98.37,21.31],[-98.25,21.44],[-98.37,21.69],[-98.16,21.76],[-98.2,21.95],[-98.38,22.08],[-97.63,22.08]]],[[[-87.34,30.31],[-87.07,30.44],[-86.6,30.37],[-86.34,30.5],[-86.18,30.24],[-85.61,30.12],[-85.4,29.92],[-85.32,29.67],[-84.66,29.73],[-84.22,30.05],[-83.75,29.99],[-83.26,29.34],[-82.71,29.02],[-82.61,28.64],[-82.85,28.12],[-82.74,27.74],[-82.52,27.74],[-82.68,27.48],[-82.5,27.35],[-82.3,26.84],[-82.07,26.84],[-81.98,26.45],[-81.81,26.39],[-81.82,26.07],[-81.3,25.74],[-81.25,25.55],[-81.08,25.42],[-81.19,25.23],[-81.01,25.1],[-80.5,25.16],[-80.32,25.04],[-80.3,25.29],[-80.15,25.29],[-80.11,25.81],[-79.99,25.94],[-80.01,26.71],[-79.94,26.71],[-80.06,27.22],[-80.63,28.32],[-80.7,28.57],[-80.55,28.57],[-80.62,28.83],[-81.14,29.6],[-81.29,30.12],[-81.21,30.12],[-81.42,30.56],[-81.97,30.63],[-81.91,30.44],[-82.12,30.37],[-82.24,30.5],[-82.56,30.56],[-84.65,30.69],[-84.88,30.95],[-87.47,30.95],[-87.34,30.31]]],[[[-115.16,28.06],[-115.03,28.12],[-115.12,28.38],[-115.28,28.38],[-115.24,28.06],[-115.16,28.06]]],[[[-97.14,28.77],[-97.42,28.7],[-97.27,28.44],[-96.98,28.51],[-97.14,28.77]]],[[[-98.26,29.41],[-98.5,29.67],[-98.8,29.67],[-98.76,29.54],[-98.86,29.41],[-99.01,29.41],[-98.93,29.15],[-98.58,29.02],[-98.54,28.89],[-98.24,28.89],[-98.02,29.15],[-98.11,29.41],[-98.26,29.41]]],[[[-113.02,29.02],[-113.39,29.6],[-113.62,29.6],[-113.27,29.09],[-113.02,29.02]]],[[[-119.49,34.61],[-120.21,34.68],[-120.44,35.39],[-120.99,35.84],[-121.28,36.35],[-121.36,36.35],[-121.58,36.61],[-121.46,36.67],[-121.54,36.93],[-121.34,37.13],[-121.45,37.32],[-122.23,37.58],[-122.39,37.84],[-122.54,37.84],[-122.58,37.64],[-122.2,37],[-121.77,36.8],[-121.97,36.61],[-121.83,36.22],[-121.45,35.97],[-121.27,35.64],[-120.97,35.52],[-120.68,35.13],[-120.57,34.49],[-119.62,34.42],[-119.14,34.1],[-118.57,34.04],[-118.41,33.71],[-118.1,33.71],[-117.42,33.26],[-117.04,32.3],[-116.71,31.91],[-116.56,31.4],[-116.35,31.27],[-116.26,30.89],[-116.08,30.82],[-115.76,29.86],[-115.51,29.6],[-114.65,29.15],[-114.04,28.51],[-114.02,28.25],[-114.2,28.12],[-114.26,27.87],[-115.09,27.87],[-115.05,27.74],[-113.58,26.71],[-113.13,26.71],[-112.71,26.32],[-112.28,26.13],[-112.05,25.62],[-112.07,25.42],[-112.17,25.23],[-112.09,24.97],[-112.3,24.91],[-112.16,24.65],[-111.99,24.59],[-111.87,24.39],[-111.58,24.46],[-110.69,23.88],[-110.66,23.75],[-110.12,23.36],[-109.94,22.91],[-109.64,22.91],[-109.6,23.04],[-109.45,23.04],[-109.27,23.24],[-109.33,23.49],[-109.6,23.69],[-109.69,24.07],[-109.93,24.14],[-110.15,24.39],[-110.26,24.26],[-110.58,24.33],[-110.67,24.97],[-110.49,24.84],[-110.48,25.1],[-110.73,25.16],[-110.77,25.04],[-111.5,26.77],[-111.61,26.9],[-111.84,26.9],[-111.85,27.16],[-112,27.16],[-112.39,27.67],[-112.56,27.74],[-112.83,28.51],[-113.01,28.57],[-113.22,28.96],[-113.47,29.02],[-113.59,29.34],[-113.84,29.6],[-114.45,29.99],[-114.58,30.31],[-114.53,30.56],[-114.83,31.27],[-114.68,31.46],[-114.77,31.66],[-115.16,31.85],[-116.44,31.98],[-116.71,32.24],[-116.86,32.56],[-116.7,32.56],[-116.95,33.07],[-117.53,33.65],[-118.09,33.84],[-118.47,34.29],[-119.12,34.36],[-119.49,34.61]]],[[[-99.84,30.89],[-100.05,30.82],[-99.87,30.56],[-99.59,30.63],[-99.76,30.89],[-99.84,30.89]]],[[[-94.16,31.79],[-94.36,31.72],[-94.19,31.46],[-93.91,31.53],[-94.08,31.79],[-94.16,31.79]]],[[[-94.79,31.85],[-95,31.79],[-94.83,31.53],[-94.55,31.59],[-94.79,31.85]]],[[[-117.71,34.16],[-117.51,33.91],[-117.23,33.97],[-117.44,34.23],[-117.71,34.16]]],[[[-58.44,-51.52],[-57.99,-51.65],[-57.81,-51.45],[-58.37,-51.39],[-58.44,-51.52]]],[[[-62.76,-40.62],[-63,-40.62],[-63.34,-40.88],[-62.7,-41.08],[-62.57,-40.95],[-62.76,-40.62]]],[[[-60.67,4.85],[-60.6,5.04],[-60.68,5.24],[-61.28,5.75],[-61.36,6.01],[-61.07,6.26],[-61.15,6.59],[-61.01,6.71],[-60.36,6.91],[-60.29,7.1],[-60.59,7.23],[-60.67,7.61],[-60.25,7.94],[-60.1,7.94],[-59.96,8.13],[-60.12,8.32],[-60.63,8.45],[-60.71,8.58],[-61.15,8.58],[-61.15,8.71],[-61.01,8.77],[-61.03,9.09],[-60.74,9.29],[-60.83,9.54],[-61.34,9.67],[-61.43,9.86],[-61.79,9.8],[-61.95,9.99],[-62.23,9.93],[-62.3,9.8],[-62.47,10.25],[-62.62,10.38],[-62.84,10.38],[-62.85,10.51],[-61.98,10.57],[-61.91,10.76],[-64.03,10.7],[-64.09,10.51],[-64.38,10.44],[-64.38,10.31],[-64.6,10.31],[-64.8,10.12],[-65.09,10.06],[-65.25,10.19],[-65.84,10.31],[-66.15,10.64],[-66.37,10.7],[-67.17,10.64],[-67.46,10.51],[-68.19,10.51],[-68.31,11.21],[-68.46,11.34],[-68.99,11.54],[-69.57,11.47],[-69.66,11.66],[-69.8,11.6],[-69.79,11.47],[-70.09,11.54],[-70.15,11.41],[-71.16,11.15],[-71.5,10.83],[-71.65,10.83],[-71.59,11.09],[-71.82,11.21],[-71.92,11.6],[-71.85,11.66],[-71.56,11.66],[-71.07,11.99],[-71.18,12.37],[-71.84,12.44],[-71.9,12.31],[-72.12,12.31],[-72.24,11.92],[-72.81,11.73],[-73.15,11.41],[-74.17,11.34],[-74.36,10.89],[-74.52,11.09],[-74.89,11.15],[-74.71,10.7],[-74.91,10.31],[-74.81,9.99],[-74.96,9.93],[-74.94,9.74],[-74.79,9.61],[-74.85,9.41],[-74.62,9.29],[-74.54,9.03],[-74.24,8.96],[-74.16,8.77],[-73.79,8.64],[-73.67,7.81],[-73.45,7.61],[-73,7.55],[-72.69,6.97],[-72.25,6.84],[-72.18,7.04],[-70.5,7.04],[-69.91,6.78],[-69.68,6.33],[-69.38,6.07],[-68.29,6.14],[-68,6.26],[-67.49,6.2],[-67.61,5.62],[-67.83,5.43],[-67.82,5.11],[-67.89,5.11],[-67.8,4.01],[-68.31,4.01],[-68.38,3.82],[-68.74,3.76],[-68.89,3.56],[-69.47,3.56],[-69.76,3.44],[-69.98,3.24],[-69.97,2.92],[-70.12,2.86],[-71.72,2.86],[-72.95,2.47],[-73.17,2.21],[-73.68,2.21],[-73.82,1.44],[-74.11,1.44],[-74.62,1.76],[-74.7,2.15],[-74.85,2.28],[-74.7,2.66],[-74.92,2.86],[-75.07,2.86],[-75.14,2.66],[-75.36,2.54],[-76.08,1.38],[-76.66,1.51],[-76.81,1.96],[-76.59,2.02],[-76.59,2.15],[-76.08,2.28],[-76.23,2.47],[-76.23,2.73],[-76.53,3.05],[-76.75,3.05],[-76.89,2.86],[-77.25,2.86],[-77.62,3.18],[-77.69,3.18],[-77.91,2.6],[-78.49,2.54],[-78.78,2.34],[-78.7,1.83],[-79.14,1.76],[-79.14,1.57],[-78.99,1.51],[-79.06,1.25],[-80.23,0.86],[-80.16,0.22],[-80.3,0.09],[-80.29,-0.04],[-80.58,-0.23],[-80.66,-0.81],[-81.03,-0.94],[-81.03,-1.19],[-80.96,-1.39],[-80.9,-2.09],[-81.12,-2.16],[-81.12,-2.29],[-80.55,-2.67],[-80.33,-2.67],[-80.41,-3.06],[-80.19,-3.06],[-80.19,-2.86],[-80.04,-2.86],[-80.05,-3.12],[-80.94,-3.7],[-80.95,-3.83],[-81.17,-3.96],[-81.47,-4.41],[-81.42,-4.86],[-81.28,-4.92],[-81.29,-5.31],[-81.01,-5.63],[-81.02,-5.82],[-81.32,-5.89],[-81.33,-6.14],[-80.75,-6.34],[-79.98,-6.91],[-79.85,-7.24],[-79.71,-7.3],[-79.59,-7.75],[-78.98,-8.46],[-78.86,-8.97],[-78.34,-9.87],[-78.36,-10.06],[-77.77,-11.03],[-77.8,-11.35],[-77.32,-11.67],[-77.28,-12.12],[-76.94,-12.38],[-76.89,-12.64],[-76.75,-12.7],[-76.64,-13.09],[-76.38,-13.41],[-76.35,-13.79],[-76.42,-13.79],[-76.46,-14.18],[-76.19,-14.37],[-76.08,-14.69],[-75.47,-15.14],[-75.22,-15.53],[-74.8,-15.66],[-74.74,-15.79],[-74.31,-15.91],[-73.99,-16.24],[-73.21,-16.49],[-73.01,-16.69],[-72.44,-16.81],[-72.05,-17.2],[-71.62,-17.33],[-71.64,-17.46],[-71.5,-17.52],[-71.33,-17.91],[-70.98,-18.04],[-70.59,-18.42],[-70.44,-18.42],[-70.51,-18.94],[-70.43,-18.94],[-70.38,-19.58],[-70.3,-19.58],[-70.26,-19.84],[-70.37,-20.61],[-70.3,-20.61],[-70.3,-21.12],[-70.22,-21.12],[-70.18,-21.38],[-70.4,-22.79],[-70.51,-23.05],[-70.75,-23.18],[-70.81,-23.5],[-70.53,-23.63],[-70.62,-23.76],[-70.74,-24.85],[-70.57,-25.17],[-70.62,-25.43],[-70.78,-25.49],[-70.84,-25.82],[-70.86,-26.27],[-70.78,-26.27],[-71.18,-27.81],[-71.26,-27.81],[-71.32,-28.39],[-71.65,-28.84],[-71.73,-29.16],[-71.49,-29.42],[-71.5,-29.74],[-71.42,-29.74],[-71.63,-30.25],[-71.8,-30.32],[-71.94,-30.83],[-71.86,-30.83],[-71.83,-31.54],[-71.71,-31.66],[-71.76,-32.11],[-71.61,-32.37],[-71.63,-32.69],[-71.92,-33.4],[-71.81,-33.53],[-71.91,-33.85],[-72.1,-33.98],[-72.42,-35.2],[-72.76,-35.52],[-72.98,-36.36],[-73.34,-36.94],[-73.08,-36.88],[-73.12,-37.2],[-72.83,-37.46],[-71.78,-37.58],[-71.59,-37.91],[-71.35,-37.91],[-71.2,-37.26],[-71.28,-37.26],[-71.29,-36.88],[-71.08,-36.49],[-70.93,-36.49],[-70.7,-36.3],[-70.52,-35.52],[-70.65,-35.46],[-70.24,-34.43],[-69.95,-34.24],[-70.05,-34.04],[-69.91,-33.59],[-69.93,-33.4],[-70.19,-33.27],[-70.1,-32.95],[-70.29,-32.82],[-70.25,-32.44],[-70.45,-32.31],[-70.43,-31.99],[-70.68,-31.79],[-70.69,-31.28],[-70.41,-31.09],[-70.36,-30.64],[-69.96,-30.25],[-70.06,-30.06],[-70.01,-29.87],[-70.13,-29.74],[-70.16,-29.54],[-70.08,-29.22],[-69.9,-29.09],[-69.73,-28.39],[-69.34,-28],[-68.95,-27.23],[-68.46,-27.04],[-68.42,-26.84],[-68.67,-26.59],[-68.48,-26.01],[-68.7,-25.56],[-68.53,-25.04],[-68.66,-24.92],[-68.61,-24.66],[-68.26,-24.34],[-67.38,-24.02],[-67.08,-23.05],[-67.26,-22.73],[-66.58,-22.15],[-66.43,-22.15],[-66.31,-21.83],[-65.84,-22.15],[-64.87,-22.15],[-64.61,-22.41],[-64.51,-22.79],[-64.36,-22.73],[-64.12,-22.15],[-63.66,-22.02],[-62.99,-22.02],[-62.94,-22.15],[-62.72,-22.21],[-62.74,-22.34],[-62.41,-22.66],[-61.9,-23.24],[-61.54,-23.37],[-61.16,-23.82],[-59.94,-24.14],[-59.47,-24.53],[-59.18,-24.59],[-59.13,-24.72],[-58.06,-25.04],[-57.87,-25.3],[-57.65,-25.3],[-57.52,-24.98],[-57.26,-24.72],[-57.22,-24.47],[-57.34,-24.27],[-57.34,-23.69],[-57.41,-23.69],[-57.5,-23.24],[-57.71,-23.11],[-57.82,-22.86],[-57.97,-22.86],[-57.77,-22.47],[-57.98,-22.34],[-58.02,-22.09],[-57.91,-21.25],[-57.94,-20.86],[-58.19,-20.48],[-58.15,-20.09],[-57.91,-19.96],[-57.61,-19.32],[-57.27,-18.94],[-57.11,-18.16],[-57.18,-18.16],[-57.14,-17.78],[-57.31,-17.33],[-57.32,-16.75],[-57.46,-16.69],[-57.69,-16.04],[-58.19,-15.85],[-58.67,-15.46],[-59.24,-15.27],[-59.36,-15.08],[-59.87,-14.95],[-60.29,-13.99],[-60.58,-13.92],[-60.78,-13.66],[-61.13,-13.54],[-61.8,-13.6],[-62.08,-13.47],[-62.07,-13.34],[-62.27,-13.15],[-62.99,-12.96],[-63.19,-12.7],[-63.56,-12.7],[-63.69,-12.51],[-64.13,-12.57],[-64.49,-12.44],[-64.83,-12.06],[-65.11,-11.99],[-65.1,-11.86],[-65.24,-11.8],[-65.44,-11.41],[-65.51,-10.39],[-65.34,-10],[-65.47,-9.81],[-65.45,-9.49],[-65.23,-9.42],[-65.16,-9.55],[-65.02,-9.55],[-64.7,-9.04],[-64.03,-8.91],[-63.79,-8.52],[-63.77,-8.14],[-63.54,-7.94],[-63.73,-7.24],[-73.8,-7.24],[-73.78,-6.91],[-73.25,-6.53],[-73.22,-5.82],[-72.99,-5.5],[-72.98,-5.24],[-72.01,-4.54],[-71.35,-4.47],[-70.9,-4.21],[-70.39,-4.21],[-70.18,-4.34],[-69.95,-4.02],[-69.73,-3.96],[-69.8,-3.76],[-69.58,-3.57],[-68.63,-3.44],[-68.55,-3.31],[-68.62,-3.19],[-68.03,-2.86],[-66.65,-2.86],[-65.91,-2.67],[-65.98,-2.22],[-66.34,-1.84],[-66.4,-0.94],[-66.47,-0.94],[-66.47,-0.42],[-66.17,-0.23],[-66.11,0.35],[-65.97,0.35],[-65.89,0.54],[-65.6,0.61],[-65.09,1.19],[-64.65,1.38],[-64.36,1.38],[-64.21,1.76],[-63.41,2.28],[-63.49,2.41],[-64.07,2.47],[-64.3,3.63],[-64.67,3.89],[-64.67,4.14],[-64.23,4.14],[-64.08,3.95],[-63.36,3.89],[-63.13,3.63],[-62.91,3.56],[-62.77,3.69],[-62.7,4.08],[-62.05,4.08],[-61.9,4.21],[-61.68,4.21],[-61.4,4.46],[-60.89,4.59],[-60.67,4.85]]],[[[8.54,3.76],[8.46,3.5],[8.31,3.44],[8.31,3.24],[8.68,3.18],[8.9,3.56],[8.83,3.82],[8.54,3.76]]],[[[117.09,8.32],[117.24,8.32],[117.4,8.51],[118.01,8.84],[118.02,8.96],[118.73,9.48],[118.77,9.86],[119.07,9.99],[119.14,9.99],[119.32,10.25],[120,10.51],[120.02,10.64],[119.72,10.57],[119.58,10.7],[119.57,11.21],[119.34,11.15],[119.19,10.44],[118.89,10.38],[118.22,9.48],[117.28,8.84],[117.09,8.32]]],[[[-63.76,10.96],[-63.84,11.21],[-64.05,11.02],[-64.35,11.09],[-64.26,10.89],[-63.97,10.83],[-63.76,10.96]]],[[[120.07,11.73],[120.09,11.92],[119.87,11.92],[119.85,11.79],[120.07,11.73]]],[[[-69.85,12.24],[-70.14,12.24],[-70.28,12.11],[-70.24,11.6],[-69.73,11.66],[-69.76,12.11],[-69.85,12.24]]],[[[119.95,11.99],[120.32,11.99],[120.34,12.18],[119.84,12.31],[119.82,12.11],[119.95,11.99]]],[[[120.34,13.34],[120.67,13.08],[120.7,12.76],[120.84,12.69],[120.95,12.37],[121.29,12.18],[121.55,12.5],[121.56,13.14],[121.42,13.21],[121.44,13.34],[121.31,13.46],[120.74,13.59],[120.37,13.53],[120.34,13.34]]],[[[-65.52,18.16],[-65.55,18.41],[-66.16,18.54],[-67.26,18.48],[-67.12,17.96],[-66.23,17.9],[-65.72,17.96],[-65.52,18.16]]],[[[-18,27.87],[-18.06,27.67],[-17.9,27.61],[-17.85,27.87],[-18,27.87]]],[[[-15.36,27.8],[-15.3,28.12],[-15.76,28.19],[-15.83,28.06],[-15.73,27.74],[-15.36,27.8]]],[[[-17.25,27.99],[-17.03,28.06],[-17.12,28.25],[-17.35,28.19],[-17.25,27.99]]],[[[-16.65,27.93],[-16.36,28.06],[-16.37,28.19],[-16.08,28.44],[-16.09,28.57],[-16.91,28.38],[-16.65,27.93]]],[[[-14.07,28.7],[-14.12,28.38],[-14.26,28.32],[-14.32,28.06],[-13.81,28.25],[-13.77,28.77],[-14.07,28.7]]],[[[-18,28.83],[-17.99,28.64],[-17.9,28.51],[-17.67,28.51],[-17.71,28.89],[-18,28.83]]],[[[-13.86,28.96],[-13.85,28.83],[-13.47,28.89],[-13.42,29.22],[-13.65,29.22],[-13.86,28.96]]],[[[124.82,9.03],[124.71,8.58],[124.27,8.64],[124.09,8.19],[123.87,8.19],[123.76,8.64],[123.34,8.77],[123.25,8.58],[122.95,8.51],[122.92,8.26],[122.77,8.13],[122.1,8],[122.06,7.55],[121.82,7.23],[121.8,6.97],[122.23,6.97],[122.34,7.42],[122.49,7.49],[122.59,7.74],[122.73,7.68],[122.76,7.23],[122.92,7.29],[122.93,7.49],[123.43,7.36],[123.38,7.61],[123.46,7.74],[123.68,7.74],[124.09,7.42],[123.9,6.84],[124,6.26],[124.7,5.81],[124.99,5.81],[125.15,6.01],[125.12,5.62],[125.33,5.49],[125.65,5.88],[125.68,6.33],[125.41,6.59],[125.52,7.04],[125.67,7.1],[125.68,7.23],[125.83,7.23],[126.02,6.84],[125.99,6.46],[126.2,6.39],[126.24,6.84],[126.55,7.1],[126.59,7.61],[126.53,7.81],[126.39,7.87],[126.5,8.19],[126.37,8.45],[126.17,8.58],[126.18,8.71],[126.33,8.77],[126.35,8.96],[126.21,9.03],[126.24,9.29],[126.02,9.29],[125.96,9.48],[125.42,9.86],[125.31,9.54],[125.48,9.03],[124.82,9.03]]],[[[124.82,9.03],[124.77,9.29],[124.55,9.22],[124.82,9.03]]],[[[123.75,9.22],[123.68,9.35],[123.54,9.35],[123.44,9.09],[123.58,9.03],[123.75,9.22]]],[[[125.92,9.74],[126.06,9.67],[126.15,9.86],[126.1,10.06],[125.94,9.99],[125.92,9.74]]],[[[123.78,9.54],[124.59,9.67],[124.62,9.93],[124.5,10.19],[123.98,10.12],[123.74,9.86],[123.78,9.54]]],[[[122.79,10.57],[122.81,10.12],[122.36,9.99],[122.33,9.67],[122.59,9.35],[122.87,9.22],[122.85,9.03],[123.22,9.03],[123.31,9.29],[123.15,9.8],[123.35,10.38],[123.51,10.51],[123.56,10.96],[123.06,11.02],[122.9,10.89],[122.79,10.57]]],[[[125.5,9.93],[125.71,9.86],[125.7,10.44],[125.47,10.38],[125.5,9.93]]],[[[124,10.25],[124.11,11.28],[123.89,11.21],[123.66,10.51],[123.41,10.25],[123.28,9.67],[123.26,9.48],[123.48,9.48],[123.6,9.99],[123.85,10.25],[124,10.25]]],[[[122.79,10.57],[122.74,10.83],[122.84,11.02],[123.14,11.09],[123.12,11.54],[122.54,11.6],[122.42,11.79],[121.93,11.99],[121.82,11.73],[122.03,11.66],[121.95,10.89],[121.87,10.89],[121.9,10.44],[122.5,10.64],[122.47,10.38],[122.62,10.38],[122.79,10.57]]],[[[125.03,10.96],[125.19,11.09],[125.77,11.02],[125.78,11.15],[125.65,11.28],[125.48,11.66],[125.55,12.24],[125.34,12.31],[125.36,12.5],[124.27,12.56],[124.36,12.11],[124.64,11.99],[124.82,11.73],[124.97,11.73],[124.71,11.34],[124.57,11.47],[124.61,11.73],[124.31,11.73],[124.37,11.6],[124.25,11.21],[124.43,10.83],[124.65,10.89],[124.76,10.57],[124.72,10.19],[124.92,9.99],[125.07,9.99],[125.02,10.25],[125.24,10.25],[125.27,10.51],[125.03,10.96]]],[[[123.77,12.63],[123.6,12.5],[123.24,12.5],[123.17,11.99],[123.55,12.11],[123.81,11.79],[124.09,11.73],[124.07,12.11],[123.73,12.31],[123.83,12.56],[123.77,12.63]]],[[[121.94,12.11],[122.09,12.11],[122.13,12.44],[121.9,12.37],[121.94,12.11]]],[[[122.72,12.44],[122.51,12.56],[122.41,12.37],[122.54,12.24],[122.69,12.24],[122.72,12.44]]],[[[121.75,13.46],[121.86,13.21],[122.16,13.21],[122.2,13.53],[121.75,13.46]]],[[[144.97,13.66],[144.65,13.53],[144.61,13.27],[144.84,13.34],[144.97,13.66]]],[[[124.43,13.72],[124.47,13.98],[124.12,14.11],[124.11,13.53],[124.25,13.46],[124.43,13.72]]],[[[121.81,14.88],[121.86,14.69],[122.07,14.62],[122.13,15.01],[121.84,15.07],[121.81,14.88]]],[[[122.26,16.23],[122.64,17.13],[122.5,17.19],[122.54,17.39],[122.22,17.64],[122.29,18.03],[122.43,18.41],[122.39,18.54],[122.16,18.54],[122.05,18.35],[121.68,18.35],[121.44,18.61],[120.61,18.54],[120.35,17.51],[120.46,17.32],[120.31,16.49],[120.39,16.49],[120.4,16.1],[120.11,16.16],[120.01,16.42],[119.78,16.36],[119.73,16.1],[119.77,15.91],[119.91,15.84],[119.86,15.52],[120.03,15.2],[120.04,14.81],[120.31,14.69],[120.35,14.43],[120.64,14.43],[120.62,14.75],[120.97,14.62],[120.95,14.49],[120.62,14.3],[120.62,13.79],[120.85,13.85],[121.04,13.59],[121.4,13.59],[121.5,13.79],[121.82,13.91],[122.01,13.72],[122.16,13.72],[122.48,13.4],[122.52,13.21],[122.74,13.21],[122.52,13.72],[122.69,13.85],[122.8,13.59],[123.27,13.27],[123.24,13.08],[122.96,13.14],[122.93,12.95],[123.06,12.82],[123.34,12.76],[123.23,13.01],[123.45,13.01],[123.65,12.82],[123.79,12.82],[123.9,12.5],[124.12,12.5],[124.14,13.21],[123.84,13.21],[123.81,13.46],[123.61,13.59],[123.92,13.72],[123.87,13.91],[123.58,13.91],[123.52,14.04],[123.24,14.11],[123.27,13.79],[123.12,13.79],[123.04,14.24],[122.76,14.36],[122.4,14.36],[122.19,13.98],[122.08,14.24],[121.84,14.11],[121.67,14.43],[121.79,14.75],[121.59,14.88],[121.49,15.14],[121.6,15.84],[121.87,16.1],[122.26,16.23]]]]},"properties":{"NAME":"Spanish Empire","C":0,"name":"Spanish Empire","start_year":1815,"end_year":1819,"capital":"","type":"polity","region":"","event":"","source":"Cliopatria / Seshat Global History Databank (CC BY 4.0)","wikipedia":"History of Spain (1808–1874)","wikidata":"Q80702","_a":23943,"_c":[11.2,-6.9],"_nz":"西班牙帝国","_sz":""}},
{"type":"Feature","geometry":{"type":"MultiPolygon","coordinates":[[[[-88.25,18.48],[-88.39,18.48],[-88.76,17.96],[-89.05,17.96],[-89.18,17.84],[-89.03,17.39],[-89.11,17.39],[-89.11,15.91],[-88.82,15.91],[-88.82,15.97],[-88.31,16.49],[-88.24,16.49],[-88.21,16.81],[-88.14,16.81],[-88.19,17.64],[-88.03,18.03],[-88.08,18.35],[-88.25,18.48]]],[[[-77.37,17.84],[-77.27,17.71],[-77.05,17.71],[-77.07,17.84],[-76.86,17.9],[-76.48,17.84],[-76.12,17.9],[-76.23,18.16],[-77.01,18.48],[-78.06,18.54],[-78.39,18.29],[-78.3,18.16],[-78.08,18.16],[-77.74,17.84],[-77.37,17.84]]],[[[-77.4,23.81],[-77.48,24.26],[-77.86,24.26],[-77.92,24.2],[-77.76,23.75],[-77.4,23.81]]],[[[-75.43,24.07],[-75.28,24.07],[-75.24,24.26],[-75.35,24.46],[-75.49,24.39],[-75.43,24.07]]],[[[-78.09,24.33],[-77.79,24.33],[-77.62,24.59],[-77.88,25.16],[-78.19,25.23],[-78.19,24.84],[-78.24,24.71],[-78.39,24.71],[-78.35,24.52],[-78.12,24.46],[-78.09,24.33]]],[[[-76.09,24.78],[-76.05,24.97],[-76.26,24.91],[-76.09,24.78]]],[[[-76.97,26.52],[-77.35,26.9],[-77.67,26.97],[-77.64,26.84],[-77.19,26.52],[-77.33,26.13],[-77.29,25.94],[-77.07,25.94],[-77.11,26.13],[-76.94,26.39],[-76.97,26.52]]],[[[-78.6,26.77],[-78.68,26.45],[-78.17,26.52],[-77.98,26.71],[-78.6,26.77]]],[[[-84.51,46.61],[-84.51,46.48],[-84.02,46.48],[-84.22,46.68],[-84.51,46.61]]],[[[-97.12,49.98],[-96.92,50.05],[-97.21,50.31],[-97.49,50.25],[-97.39,50.11],[-97.22,50.11],[-97.12,49.98]]],[[[-98.35,50.38],[-98.63,50.31],[-98.35,50.05],[-98.06,50.11],[-98.35,50.38]]],[[[-101.84,50.85],[-102.12,50.78],[-101.82,50.51],[-101.54,50.58],[-101.84,50.85]]],[[[-115.41,53.66],[-115.6,53.6],[-115.24,53.33],[-114.97,53.39],[-115.41,53.66]]],[[[-97.83,54.07],[-98.12,54],[-97.8,53.73],[-97.51,53.8],[-97.83,54.07]]],[[[-94.56,54.89],[-94.85,54.82],[-94.52,54.55],[-94.23,54.61],[-94.56,54.89]]],[[[-92.42,56.94],[-92.55,57.08],[-92.41,57.21],[-93.26,58.81],[-94.52,58.81],[-94.84,58.95],[-94.62,58.53],[-94.8,58.25],[-94.65,57.9],[-94.16,57.28],[-93.67,56.94],[-89.44,55.63],[-85.01,54.48],[-84.39,54.14],[-84.14,53.8],[-83.81,53.6],[-82.51,52.05],[-82.02,51.71],[-81.61,51.25],[-81.13,50.91],[-79.6,50.51],[-79.06,50.58],[-79.02,50.78],[-78.72,50.85],[-78.2,51.85],[-78.16,52.05],[-77.92,52.32],[-78.54,53.46],[-78.46,53.46],[-78.67,54],[-78.88,54.41],[-78.81,54.55],[-78.05,54.82],[-78.1,54.89],[-77.59,55.02],[-77.09,55.29],[-77.07,55.5],[-76.73,55.63],[-76.57,55.77],[-76.55,55.98],[-76.37,55.98],[-76.27,56.32],[-76.27,56.66],[-76.14,56.73],[-76.26,57.01],[-76.29,57.28],[-76.77,57.9],[-78.63,58.88],[-78.7,58.74],[-77.19,57.97],[-76.7,57.35],[-76.72,57.14],[-76.57,56.59],[-76.8,56.32],[-76.9,55.98],[-77.23,55.84],[-77.34,55.63],[-78.48,55.16],[-78.43,55.09],[-79.11,54.95],[-79.06,54.89],[-79.79,54.82],[-79.86,54.68],[-79.63,54.48],[-79.51,54.21],[-79.13,53.8],[-79.3,53.8],[-79.04,53.19],[-79.16,53.12],[-78.66,52.52],[-78.6,52.32],[-78.81,52.25],[-78.96,51.85],[-79.13,51.85],[-78.95,51.45],[-79.55,51.71],[-79.84,51.38],[-79.87,51.18],[-80.18,51.38],[-80.43,51.38],[-80.53,51.65],[-80.8,51.92],[-81.63,52.25],[-81.5,52.32],[-81.69,52.59],[-82.29,53.06],[-82.13,53.19],[-82.11,53.39],[-82.22,53.66],[-82.1,53.73],[-82.46,54.21],[-82.47,54.34],[-82.18,54.75],[-82.32,55.16],[-83.87,55.36],[-84.96,55.29],[-85.96,55.77],[-87.65,56.11],[-87.88,56.39],[-89.06,56.94],[-89.83,57.01],[-90.78,57.28],[-91.67,57.28],[-91.61,57.21],[-92.37,57.08],[-92.42,56.94]]],[[[-107.49,55.63],[-107.77,55.57],[-107.41,55.29],[-107.13,55.36],[-107.49,55.63]]],[[[-100.1,55.7],[-100.39,55.63],[-100.05,55.36],[-99.76,55.43],[-100.1,55.7]]],[[[-60.64,-51.52],[-60.54,-51.65],[-60.56,-51.86],[-60.3,-51.86],[-60.1,-51.45],[-60.57,-51.39],[-60.64,-51.52]]],[[[-60.94,10.31],[-61.03,10.57],[-60.89,10.83],[-61.55,10.83],[-61.61,10.64],[-61.46,10.51],[-61.45,10.31],[-61.67,10.25],[-61.73,10.06],[-61,10.06],[-60.94,10.31]]],[[[-60.84,11.09],[-60.62,11.09],[-60.56,11.34],[-60.7,11.34],[-60.84,11.09]]],[[[-61.71,12.24],[-61.78,12.05],[-61.55,11.99],[-61.57,12.24],[-61.71,12.24]]],[[[-61.19,13.14],[-61.05,13.14],[-61.07,13.4],[-61.28,13.34],[-61.19,13.14]]],[[[-60.81,13.91],[-60.82,14.04],[-61.04,14.04],[-60.94,13.66],[-60.8,13.72],[-60.81,13.91]]],[[[-61.46,15.46],[-61.37,15.2],[-61.15,15.2],[-61.26,15.65],[-61.48,15.65],[-61.46,15.46]]],[[[-61.87,17.19],[-61.76,16.94],[-61.62,16.94],[-61.64,17.19],[-61.87,17.19]]],[[[-64.89,17.84],[-64.87,17.64],[-64.58,17.71],[-64.67,17.84],[-64.89,17.84]]],[[[-72.97,21.24],[-73.49,21.24],[-73.69,21.11],[-73.66,20.92],[-73,20.99],[-72.97,21.24]]],[[[-73.7,22.66],[-73.94,22.72],[-73.9,22.46],[-74.05,22.46],[-74.15,22.21],[-73.67,22.46],[-73.7,22.66]]],[[[-74.74,23.11],[-74.98,23.17],[-75.02,23.43],[-75.17,23.43],[-75.12,23.11],[-74.71,22.91],[-74.74,23.11]]],[[[-67.06,45.1],[-66.25,45.1],[-66.15,45.24],[-65.58,45.24],[-65.21,45.5],[-64.97,45.5],[-64.88,45.3],[-64.6,45.24],[-65.49,45.04],[-65.67,44.91],[-65.74,44.71],[-65.99,44.71],[-66.24,44.39],[-66.18,44.25],[-66.34,44.06],[-66.19,43.73],[-65.43,43.47],[-65.36,43.67],[-64.95,43.67],[-64.78,43.99],[-64.43,44.12],[-64.44,44.32],[-64.09,44.45],[-64.07,44.58],[-63.52,44.45],[-63.5,44.58],[-62.45,44.78],[-62.08,45.04],[-61.62,45.1],[-61.65,45.17],[-61.08,45.17],[-61.08,45.37],[-61.33,45.56],[-60.51,45.56],[-60.3,45.63],[-60.14,45.82],[-59.79,45.96],[-59.9,46.22],[-60.45,46.35],[-60.26,46.68],[-60.6,47.07],[-60.82,47.01],[-61.32,46.28],[-61.48,46.28],[-61.64,46.09],[-61.55,45.69],[-61.79,45.69],[-61.96,45.89],[-62.69,45.69],[-62.75,45.82],[-63.87,45.96],[-63.91,46.22],[-64.51,46.28],[-64.9,46.94],[-64.83,47.14],[-65.03,47.2],[-64.67,47.66],[-64.74,47.8],[-65.43,47.86],[-65.69,47.73],[-65.91,47.99],[-66.47,48.13],[-65.16,47.99],[-65.06,48.13],[-64.53,48.39],[-64.28,48.39],[-64.18,48.52],[-64.31,48.79],[-64.25,48.99],[-65.08,49.32],[-66.17,49.32],[-66.51,49.18],[-67.41,48.99],[-67.38,48.92],[-68.22,48.79],[-68.48,48.65],[-68.58,48.52],[-68.83,48.52],[-68.97,48.32],[-69.4,48.19],[-69.42,48.06],[-69.76,47.93],[-69.74,47.73],[-69.91,47.73],[-70.02,47.47],[-70.18,47.47],[-70.25,47.27],[-70.54,47.2],[-70.66,47.27],[-71.15,47.27],[-71.25,47.14],[-71.58,47.14],[-71.69,46.87],[-71.9,46.81],[-73.1,46.74],[-73.06,46.68],[-73.65,46.55],[-73.89,46.22],[-74.39,46.09],[-74.49,45.96],[-74.73,45.96],[-74.96,45.76],[-76.59,45.76],[-76.32,45.1],[-76.17,44.97],[-76.41,44.65],[-78.67,44.32],[-78.97,44.58],[-79.06,44.91],[-80.02,45.17],[-79.84,44.84],[-80,44.84],[-79.94,44.58],[-80.03,44.45],[-80.36,44.45],[-81.14,44.84],[-81.24,44.58],[-81.42,44.32],[-80.57,44.25],[-80.55,44.06],[-80.25,43.8],[-80.34,43.67],[-80.61,43.86],[-80.98,43.8],[-81.11,43.6],[-81.27,43.6],[-81.33,43.41],[-81.5,43.28],[-81.91,43.28],[-81.92,43.15],[-82.49,43.02],[-82.42,42.89],[-82.56,42.69],[-82.44,42.3],[-83.07,42.3],[-83.05,42.11],[-82.54,42.04],[-82.53,42.17],[-81.99,42.37],[-81.98,42.5],[-81.74,42.5],[-81.6,42.69],[-80.44,42.63],[-80.51,42.76],[-80.18,42.89],[-79.21,42.89],[-79.09,42.95],[-79.19,43.15],[-79.09,43.28],[-79.7,43.21],[-79.87,43.54],[-79.71,43.54],[-79.65,43.73],[-79.4,43.86],[-78.26,43.99],[-78.29,44.06],[-77.04,43.99],[-77.26,44.25],[-76.2,44.39],[-76.16,44.32],[-76,44.32],[-75.81,44.58],[-75.65,44.58],[-75.59,44.78],[-75.09,44.91],[-75.12,44.97],[-71.63,44.97],[-71.37,45.1],[-71.38,45.3],[-70.76,45.37],[-70.22,46.09],[-70.42,46.48],[-70.08,46.94],[-69.91,46.94],[-69.65,47.4],[-69.19,47.47],[-69.05,47.66],[-68.67,47.73],[-67.73,47.66],[-67.68,47.4],[-67.78,47.27],[-67.8,46.48],[-67.88,46.48],[-67.78,46.28],[-67.9,46.02],[-67.75,45.69],[-67.55,45.63],[-67.37,45.24],[-67.06,45.1]]],[[[-63.09,46.22],[-63,46.02],[-62.81,45.96],[-62.48,45.96],[-62.47,46.28],[-61.95,46.41],[-62.01,46.55],[-63.29,46.48],[-63.52,46.61],[-63.84,46.61],[-63.96,46.68],[-64.06,47.07],[-64.51,46.81],[-64.42,46.61],[-64.17,46.61],[-64.08,46.41],[-63.83,46.41],[-63.74,46.22],[-63.09,46.22]]],[[[-64.4,49.78],[-64.03,49.71],[-63.5,49.32],[-63.1,49.18],[-62.28,49.05],[-61.73,49.12],[-61.86,49.38],[-62.43,49.52],[-63.1,49.85],[-64.59,49.98],[-64.4,49.78]]],[[[-61.34,56.25],[-61.69,56.25],[-61.86,56.66],[-61.33,56.66],[-61.46,56.87],[-61.32,56.94],[-61.45,57.14],[-61.81,57.28],[-61.94,57.49],[-62.43,57.7],[-62.7,57.7],[-62.56,57.35],[-62.25,57.28],[-62.12,57.08],[-62.83,56.94],[-62.13,56.11],[-61.57,55.77],[-60.92,55.57],[-60.63,55.23],[-60.36,55.23],[-60.27,55.36],[-60.47,55.84],[-61.13,55.91],[-61.03,56.18],[-61.34,56.25]]],[[[-37.33,-54.42],[-36.83,-54.49],[-36.8,-54.62],[-36.32,-54.76],[-36.16,-55.03],[-35.76,-54.89],[-35.9,-54.55],[-36.08,-54.55],[-36.18,-54.35],[-36.52,-54.35],[-36.62,-54.15],[-37.64,-54.08],[-37.96,-54.01],[-38.01,-54.15],[-37.45,-54.28],[-37.33,-54.42]]],[[[166.33,-50.59],[165.81,-50.65],[166.03,-50.92],[166.39,-50.72],[166.33,-50.59]]],[[[147.45,-43.09],[147.19,-42.76],[146.95,-42.76],[146.94,-42.96],[147.2,-43.28],[147.39,-43.22],[147.45,-43.09]]],[[[173.75,-35.01],[173.52,-35.01],[173.9,-35.46],[174.37,-35.59],[174.19,-35.2],[173.75,-35.01]]],[[[150.52,-34.62],[150.56,-34.82],[150.79,-34.82],[150.72,-34.56],[150.52,-34.62]]],[[[151.19,-33.59],[150.72,-33.59],[150.6,-33.79],[150.73,-34.17],[151.08,-34.24],[151.05,-34.04],[151.2,-34.04],[151.28,-33.91],[151.19,-33.59]]],[[[152.45,-32.37],[152.04,-32.31],[152.08,-32.69],[152.52,-32.5],[152.45,-32.37]]],[[[55.08,-20.99],[55.1,-21.25],[55.41,-21.44],[55.63,-21.44],[55.77,-21.31],[55.59,-20.86],[55.22,-20.86],[55.08,-20.99]]],[[[57.67,-20.03],[57.45,-19.96],[57.18,-20.35],[57.19,-20.54],[57.57,-20.54],[57.7,-20.35],[57.67,-20.03]]],[[[101.71,-3.12],[101.64,-2.99],[101.42,-3.06],[101.5,-3.31],[101.65,-3.31],[101.72,-3.19],[101.71,-3.12]]],[[[108.03,-2.54],[107.52,-2.54],[107.45,-2.61],[107.47,-3.19],[108.12,-3.19],[108.18,-2.67],[108.03,-2.54]]],[[[-54.06,5.75],[-54.21,5.94],[-54.94,6.07],[-55.09,6.07],[-55.16,5.94],[-55.89,6.01],[-55.96,5.81],[-56.54,6.01],[-57.12,5.94],[-57.28,6.33],[-57.5,6.33],[-57.8,6.71],[-58.24,6.91],[-58.61,6.84],[-58.6,6.59],[-58.74,6.39],[-58.79,5.49],[-59.01,5.43],[-59.08,5.24],[-58.92,4.79],[-58.7,4.59],[-58.76,3.76],[-58.55,3.69],[-58.47,3.18],[-58.61,3.05],[-58.39,2.86],[-58.39,2.41],[-58.46,2.15],[-58.83,1.83],[-59.19,1.83],[-59.19,1.7],[-59.7,1.83],[-59.7,1.7],[-59.34,1.38],[-58.9,1.19],[-58.46,1.51],[-57.59,1.76],[-57.44,1.96],[-56.13,1.83],[-55.99,1.96],[-56.21,2.15],[-56.21,2.34],[-56.06,2.47],[-55.55,2.41],[-55.33,2.54],[-54.97,2.54],[-54.61,2.34],[-54.46,2.41],[-54.24,2.79],[-54.24,3.24],[-54.1,3.37],[-54.1,3.69],[-54.32,3.82],[-54.47,4.14],[-54.48,4.98],[-54.41,5.17],[-54.12,5.36],[-54.06,5.75]]],[[[100.38,5.04],[100.53,5.17],[100.55,5.49],[100.26,5.56],[100.3,4.98],[100.38,5.04]]],[[[-59.44,13.21],[-59.52,13.34],[-59.67,13.34],[-59.57,13.01],[-59.36,13.08],[-59.44,13.21]]],[[[-56.22,50.18],[-56.61,50.11],[-56.16,50.58],[-56.17,50.78],[-55.92,50.78],[-55.71,51.05],[-55.95,51.38],[-55.53,51.38],[-55.46,51.58],[-56.17,51.65],[-56.28,51.51],[-56.89,51.38],[-57.13,50.85],[-57.43,50.78],[-57.74,50.38],[-57.68,50.25],[-58.07,49.85],[-57.95,49.58],[-58.33,49.52],[-58.35,49.38],[-58.15,49.12],[-58.56,49.12],[-58.77,48.85],[-59.26,48.65],[-59.2,48.52],[-58.59,48.46],[-59.35,48.13],[-59.51,47.93],[-59.36,47.6],[-57.99,47.66],[-56.61,47.53],[-56.22,47.6],[-56.2,47.73],[-55.87,47.73],[-55.84,47.47],[-55.48,47.4],[-55.42,47.27],[-56.08,47.07],[-56,46.87],[-55.34,46.87],[-55.37,46.94],[-55.01,47.07],[-55.01,47.27],[-54.49,47.4],[-54.11,47.86],[-53.91,47.4],[-54.27,47.07],[-54.25,46.81],[-53.75,46.81],[-53.68,46.61],[-53.02,46.61],[-52.85,46.81],[-52.62,47.47],[-52.76,47.8],[-52.92,47.8],[-53.06,47.53],[-53.23,47.53],[-53.22,47.73],[-52.86,48.06],[-52.92,48.19],[-53.17,48.19],[-53.33,47.99],[-53.64,47.93],[-53.83,48.19],[-53.5,48.19],[-53.25,48.39],[-52.95,48.46],[-53.06,48.72],[-53.25,48.59],[-53.53,48.65],[-53.56,48.52],[-53.8,48.52],[-54,48.79],[-53.84,48.99],[-53.67,48.99],[-53.48,49.32],[-53.9,49.52],[-54.46,49.45],[-54.52,49.58],[-54.77,49.58],[-54.96,49.45],[-54.98,49.32],[-55.23,49.32],[-55.41,49.52],[-55.74,49.52],[-55.89,49.65],[-55.51,49.91],[-55.57,50.05],[-56.16,50.05],[-56.22,50.18]]],[[[-56.19,51.85],[-56.02,51.85],[-55.68,52.18],[-55.76,52.52],[-55.99,52.79],[-55.85,52.86],[-56.04,53.06],[-55.73,53.12],[-55.91,53.46],[-56.19,53.66],[-56.53,53.66],[-56.69,53.8],[-57.26,53.73],[-57.27,53.6],[-57.03,53.46],[-56.35,53.33],[-56.54,53.19],[-56.4,52.92],[-56.79,52.86],[-56.81,52.72],[-56.67,52.45],[-56.29,52.38],[-56.2,52.05],[-56.37,52.05],[-56.78,51.85],[-56.88,51.71],[-57.09,51.78],[-57.09,51.45],[-56.7,51.51],[-56.55,51.71],[-56.29,51.71],[-56.19,51.85]]],[[[-61.09,53.94],[-60.45,53.12],[-59.85,53.12],[-59.84,53.26],[-58.64,53.73],[-58.2,53.87],[-58.14,54.07],[-58.43,54.14],[-58.51,54.27],[-59.61,54.07],[-61.09,53.94]]]]},"properties":{"NAME":"British Colonial Empire","C":2,"name":"British Colonial Empire","start_year":1815,"end_year":1819,"capital":"","type":"polity","region":"","event":"","source":"Cliopatria / Seshat Global History Databank (CC BY 4.0)","wikipedia":"British Empire","wikidata":"Q8680","_a":33051,"_c":[29.39,1.96],"_nz":"大英殖民帝国","_sz":""}},
{"type":"Feature","geometry":{"type":"Polygon","coordinates":[[[88.14,27.87],[87.45,27.8],[86.9,28.06],[86.28,27.99],[86.23,28.12],[85.98,27.99],[85.75,28.32],[85.35,28.25],[85.16,28.38],[85.2,28.57],[84.82,28.57],[84.41,28.77],[84.22,28.96],[84.27,29.15],[84.14,29.28],[83.84,29.28],[83.66,29.15],[83.45,29.22],[83.43,29.47],[83.31,29.6],[82.47,29.92],[82.04,30.37],[81.59,30.37],[81.3,30.12],[81.01,30.18],[80.47,29.79],[80.1,28.77],[80.3,28.64],[80.68,28.64],[80.96,28.51],[81.19,28.19],[81.88,27.87],[82.54,27.74],[82.94,27.48],[83.29,27.35],[84.43,27.42],[84.76,27.16],[85,26.84],[85.27,26.71],[85.74,26.77],[85.79,26.64],[86.31,26.64],[86.65,26.45],[87.11,26.52],[87.24,26.39],[87.99,26.39],[88.16,26.52],[88.21,26.77],[88.04,27.03],[88.14,27.87]]]},"properties":{"NAME":"Nepal","C":4,"name":"Nepal","start_year":1815,"end_year":1819,"capital":"","type":"polity","region":"","event":"","source":"Cliopatria / Seshat Global History Databank (CC BY 4.0)","wikipedia":"Nepal","wikidata":"Q837","_a":32,"_c":[84.16,28.38],"_nz":"尼泊尔","_sz":""}},
{"type":"Feature","geometry":{"type":"Polygon","coordinates":[[[9.27,49.71],[9.35,50.05],[10.02,50.51],[10.19,50.51],[10.44,50.25],[11.11,50.31],[11.37,50.38],[11.12,50.51],[11.12,50.71],[10.95,50.71],[10.95,50.91],[10.86,50.91],[10.86,50.71],[10.61,50.65],[10.36,50.71],[10.36,50.98],[10.36,51.11],[10.02,51.18],[9.85,50.85],[9.35,50.78],[9.26,50.65],[8.93,50.65],[8.76,50.45],[8.26,50.38],[8.18,50.18],[8.26,50.11],[8.26,49.98],[8.6,49.98],[8.69,49.58],[8.77,49.45],[9.02,49.45],[9.27,49.71]]]},"properties":{"NAME":"Grand Duchy of Berg","C":8,"name":"Grand Duchy of Berg","start_year":1815,"end_year":1819,"capital":"","type":"polity","region":"","event":"","source":"Cliopatria / Seshat Global History Databank (CC BY 4.0)","wikipedia":"Grand Duchy of Berg","wikidata":"Q249428","_a":7,"_c":[9.77,50.48],"_nz":"贝格大公国","_sz":""}},
{"type":"Feature","geometry":{"type":"MultiPolygon","coordinates":[[[[123.81,-9.36],[123.74,-9.36],[123.42,-9.87],[123.51,-10.13],[123.22,-10.13],[123.17,-10.39],[123.83,-10.39],[124.11,-10.26],[124.4,-10.19],[124.46,-10.06],[124.93,-9.61],[124.92,-9.55],[124.83,-9.29],[125.04,-9.23],[125.02,-9.04],[124.8,-9.04],[124.72,-8.91],[124.52,-9.1],[124.38,-9.16],[124.26,-9.49],[123.97,-9.49],[123.81,-9.36]]],[[[118.54,-8.33],[118.39,-8.26],[118.5,-8.84],[119.08,-8.78],[118.9,-8.26],[118.54,-8.33]]],[[[122.93,-8.46],[123.15,-8.46],[123.16,-8.65],[123.52,-8.59],[123.51,-8.46],[123.73,-8.39],[123.78,-8.2],[123.28,-8.26],[123.21,-8.33],[122.91,-8.26],[122.93,-8.46]]],[[[125.02,-8.2],[124.36,-8.14],[124.37,-8.26],[124,-8.2],[123.8,-8.39],[123.96,-8.59],[124.17,-8.52],[124.97,-8.46],[125.02,-8.2]]],[[[114.3,-8.33],[114.41,-7.81],[114.26,-7.69],[113.09,-7.75],[112.71,-7.56],[112.69,-7.24],[113.28,-7.3],[113.78,-7.17],[113.91,-6.85],[112.52,-6.85],[112.16,-6.91],[111.94,-6.79],[111.64,-6.79],[111.49,-6.59],[111.05,-6.66],[110.89,-6.4],[110.53,-6.46],[110.34,-6.91],[109.17,-6.85],[108.58,-6.79],[108.34,-6.34],[108.11,-6.27],[107.53,-6.21],[107.37,-6.01],[107,-5.89],[106.85,-5.89],[106.79,-6.08],[105.91,-5.89],[105.7,-6.08],[105.65,-6.46],[105.5,-6.46],[105.36,-6.66],[105.37,-6.85],[105.89,-6.85],[106.33,-7.04],[106.28,-7.43],[107.16,-7.49],[107.91,-7.81],[107.99,-7.81],[108.17,-7.17],[108.67,-7.04],[109.4,-7.11],[109.49,-7.36],[110.01,-7.56],[110.02,-7.69],[110.1,-7.69],[110.31,-7.62],[110.23,-7.43],[110.29,-7.24],[110.94,-7.24],[111.03,-7.43],[110.96,-7.49],[110.59,-7.43],[110.67,-7.56],[110.82,-7.56],[110.69,-7.88],[110.79,-8.26],[111.89,-8.33],[112.27,-8.46],[112.85,-8.46],[112.99,-8.33],[113.21,-8.33],[113.74,-8.65],[114.18,-8.65],[114.27,-8.84],[114.49,-8.84],[114.3,-8.33]]],[[[121.83,-5.05],[121.68,-5.11],[121.77,-5.44],[121.99,-5.37],[121.9,-5.05],[121.83,-5.05]]],[[[119.35,-5.05],[119.21,-5.11],[119.23,-5.5],[119.53,-5.76],[119.82,-5.63],[120.32,-5.56],[120.31,-5.31],[119.65,-5.31],[119.7,-4.73],[119.47,-4.54],[119.35,-5.05]]],[[[122.81,-4.41],[122.68,-4.6],[122.46,-4.6],[122.18,-4.79],[122.14,-5.44],[122.43,-5.44],[122.44,-5.63],[122.81,-5.69],[122.8,-5.5],[123.09,-5.44],[122.91,-4.92],[123.12,-4.73],[123.03,-4.41],[122.81,-4.41]]],[[[105.76,-4.15],[105.3,-3.7],[105.02,-3.83],[104.95,-4.02],[104.37,-4.15],[104.09,-4.34],[103.43,-4.34],[102.91,-4.02],[102.68,-3.7],[102.46,-3.7],[101.86,-3.25],[101.57,-3.31],[102.1,-3.7],[102.18,-4.02],[103.09,-4.79],[103.23,-4.79],[103.76,-5.18],[103.92,-5.5],[104.14,-5.56],[104.15,-5.69],[104.45,-5.95],[104.6,-5.95],[104.51,-5.56],[104.81,-5.76],[105.17,-5.76],[105.23,-5.56],[105.39,-5.82],[105.76,-5.82],[105.73,-5.24],[105.8,-5.24],[105.78,-4.73],[105.85,-4.73],[105.76,-4.15]]],[[[106.58,-2.74],[106.72,-2.61],[106.21,-2.41],[105.97,-1.51],[105.6,-1.51],[105.6,-1.64],[105.24,-1.51],[105.24,-1.84],[104.96,-1.96],[105.11,-2.16],[105.62,-2.16],[105.77,-2.41],[105.78,-2.8],[106.45,-3.19],[106.81,-3.06],[106.8,-2.86],[106.58,-2.86],[106.58,-2.74]]],[[[101.18,-2.35],[101.1,-1.96],[100.87,-1.51],[100.65,-1.39],[100.57,-1.06],[100.56,-0.74],[99.97,-0.29],[99.67,0.29],[99.38,0.35],[99.31,0.48],[99.09,0.35],[99.23,0.09],[99.46,0.03],[99.61,-0.1],[99.68,-0.42],[100.2,-0.87],[100.28,-1.32],[100.73,-1.9],[100.74,-2.35],[101.42,-3.12],[101.56,-2.99],[101.48,-2.74],[101.11,-2.41],[101.18,-2.35]]],[[[101.92,2.28],[101.92,2.21],[102.28,2.09],[102.35,2.09],[102.5,2.09],[102.43,2.21],[102.43,2.28],[101.92,2.28]]],[[[93.51,7.23],[93.65,7.23],[93.7,6.78],[93.92,6.84],[93.86,7.04],[93.87,7.23],[93.73,7.23],[93.74,7.42],[93.51,7.36],[93.51,7.23]]],[[[93.48,7.94],[93.49,8.06],[93.27,8.06],[93.26,7.87],[93.48,7.94]]],[[[79.88,11.02],[79.9,11.21],[79.68,11.21],[79.66,11.02],[79.88,11.02]]],[[[80.14,12.44],[80.31,12.76],[80.02,12.69],[80,12.5],[80.14,12.44]]],[[[80.3,13.46],[80.15,13.4],[80.13,13.21],[80.34,13.08],[80.41,13.08],[80.38,13.46],[80.3,13.46]]],[[[130.86,-8.14],[130.59,-8.39],[130.95,-8.33],[131.01,-8.14],[130.86,-8.14]]],[[[127.87,-8.2],[127.79,-8.07],[127.64,-8.07],[127.66,-8.26],[127.87,-8.2]]],[[[129.74,-7.81],[129.44,-7.75],[129.46,-8.01],[129.76,-8.07],[129.74,-7.81]]],[[[126.54,-7.94],[126.67,-7.81],[126.51,-7.56],[125.71,-7.69],[125.67,-8.01],[126.4,-8.01],[126.54,-7.94]]],[[[131.28,-7.88],[131.55,-7.69],[131.58,-7.11],[131.36,-7.11],[131.16,-7.36],[130.97,-7.69],[131,-8.07],[131.22,-8.07],[131.28,-7.88]]],[[[131.03,-7.56],[131.02,-7.36],[130.87,-7.36],[130.81,-7.56],[131.03,-7.56]]],[[[128.53,-7.24],[128.59,-7.04],[128.37,-7.11],[128.53,-7.24]]],[[[134.18,-5.63],[134.21,-6.08],[133.92,-6.14],[133.95,-6.53],[133.87,-6.53],[133.97,-6.91],[134.33,-6.85],[134.38,-6.53],[134.68,-6.59],[134.53,-5.44],[134.31,-5.44],[134.32,-5.56],[134.18,-5.63]]],[[[132.82,-6.01],[132.95,-5.76],[132.5,-5.69],[132.52,-5.95],[132.82,-6.01]]],[[[133.01,-5.63],[133.07,-5.44],[132.86,-5.5],[133.01,-5.63]]],[[[127.8,-3.57],[127.81,-3.83],[128.25,-3.7],[128.24,-3.51],[127.8,-3.57]]],[[[127.21,-3.44],[127.06,-3.19],[126.83,-3.06],[125.89,-3.12],[125.91,-3.51],[126.36,-3.83],[126.65,-3.89],[127.15,-3.7],[127.21,-3.44]]],[[[128.96,-3.44],[129.76,-3.38],[129.91,-3.57],[130.73,-3.89],[130.79,-3.51],[130.56,-3.38],[130.55,-3.12],[130.4,-2.99],[129.96,-2.99],[129.66,-2.8],[128.28,-2.8],[127.78,-2.99],[127.71,-3.19],[127.72,-3.44],[127.87,-3.44],[127.93,-3.25],[128.38,-3.51],[128.53,-3.51],[128.67,-3.31],[128.96,-3.44]]],[[[126.07,-1.96],[126.14,-1.77],[125.26,-1.77],[125.27,-1.9],[125.7,-1.96],[125.79,-2.41],[126.01,-2.48],[125.92,-1.96],[126.07,-1.96]]],[[[129.7,-1.77],[129.64,-1.96],[129.86,-2.09],[130.22,-2.09],[130.29,-1.84],[130.28,-1.64],[130.06,-1.64],[129.7,-1.77]]],[[[124.24,-1.64],[124.25,-2.03],[125.19,-1.9],[125.11,-1.71],[124.53,-1.64],[124.24,-1.64]]],[[[127.65,-1.32],[127.22,-1.45],[127.3,-1.77],[128.03,-1.77],[128.02,-1.51],[127.65,-1.39],[127.65,-1.32]]],[[[125.18,1.38],[125.12,1.7],[124.76,1.7],[124.61,1.51],[124.96,1.25],[125.18,1.38]]]]},"properties":{"NAME":"Dutch East Indies","C":11,"name":"Dutch East Indies","start_year":1815,"end_year":1819,"capital":"","type":"polity","region":"","event":"","source":"Cliopatria / Seshat Global History Databank (CC BY 4.0)","wikipedia":"Dutch East Indies","wikidata":"Q188161","_a":1832,"_c":[107.17,6.26],"_nz":"荷属东印度","_sz":""}},
{"type":"Feature","geometry":{"type":"Polygon","coordinates":[[[9.97,43.99],[10.21,43.93],[10.54,43.86],[10.54,44.12],[9.97,44.12],[9.97,43.99]]]},"properties":{"NAME":"Grand Duchy of Tuscany","C":7,"name":"Grand Duchy of Tuscany","start_year":1815,"end_year":1847,"capital":"","type":"polity","region":"","event":"","source":"Cliopatria / Seshat Global History Databank (CC BY 4.0)","wikipedia":"Grand Duchy of Tuscany","wikidata":"Q154849","_a":0,"_c":[10.26,43.99],"_nz":"托斯卡纳大公国","_sz":""}},
{"type":"Feature","geometry":{"type":"MultiPolygon","coordinates":[[[[-51.7,4.14],[-51.78,4.66],[-52,4.66],[-52.15,4.79],[-52.59,5.04],[-52.89,5.49],[-53.99,5.75],[-54.06,5.75],[-54.12,5.36],[-54.41,5.17],[-54.48,4.98],[-54.47,4.14],[-54.32,3.82],[-54.1,3.69],[-54.1,3.37],[-54.24,3.24],[-54.24,2.79],[-54.46,2.41],[-54.61,2.34],[-54.31,2.09],[-54.02,2.28],[-53.51,2.28],[-53.29,2.15],[-52.86,2.28],[-52.5,2.79],[-52.35,3.31],[-51.99,3.56],[-51.7,4.14]]],[[[-60.81,14.75],[-60.97,14.88],[-61.19,14.88],[-61.08,14.49],[-60.78,14.43],[-60.81,14.75]]],[[[-61.74,15.97],[-61.58,15.91],[-61.46,16.16],[-61.17,16.23],[-61.35,16.49],[-61.48,16.36],[-61.77,16.29],[-61.74,15.97]]],[[[-3.62,5.11],[-3.54,5.11],[-3.18,5.11],[-3.32,5.36],[-3.61,5.24],[-3.62,5.11]]],[[[-16.25,16.1],[-16.47,16.16],[-16.6,15.65],[-16.24,15.78],[-16.17,15.91],[-16.25,16.1]]],[[[9.57,42.76],[9.49,43.02],[9.25,43.02],[9.17,42.76],[8.77,42.69],[8.53,42.5],[8.54,42.11],[8.78,41.72],[8.78,41.52],[9.1,41.33],[9.26,41.39],[9.5,41.78],[9.58,41.98],[9.57,42.76]]],[[[18.7,42.63],[18.62,42.43],[18.85,42.37],[18.78,42.63],[18.7,42.63]]],[[[7.56,47.6],[7.71,48.52],[8.12,48.85],[8.11,48.99],[6.69,49.18],[6.35,49.52],[5.51,49.52],[5,49.85],[4.83,49.85],[4.74,50.11],[4.49,49.98],[4.15,49.98],[4.14,50.25],[3.97,50.38],[3.55,50.38],[3.11,50.78],[2.6,50.78],[2.49,51.18],[1.66,51.05],[1.42,50.71],[1.45,50.25],[1.05,49.98],[0.22,49.85],[-0.01,49.65],[0.01,49.38],[-1.25,49.45],[-1.36,49.78],[-2.03,49.78],[-1.91,49.38],[-1.65,49.25],[-1.72,49.05],[-1.6,48.65],[-2.52,48.72],[-2.76,48.59],[-3.12,48.92],[-3.46,48.92],[-3.85,48.72],[-4.6,48.72],[-4.91,48.52],[-4.89,48.32],[-4.64,48.32],[-4.69,47.99],[-4.42,47.8],[-3.93,47.86],[-3.76,47.73],[-3.34,47.73],[-3.16,47.47],[-2.58,47.47],[-2.56,47.27],[-2.23,47.27],[-2.14,47.14],[-2.19,46.81],[-2.01,46.61],[-1.67,46.35],[-1.25,46.28],[-1.21,45.76],[-1.05,45.69],[-1.03,45.5],[-1.19,45.43],[-1.25,45.17],[-1.21,44.52],[-1.35,44.25],[-1.32,43.86],[-1.46,43.54],[-1.69,43.34],[-1.44,43.28],[-1.43,43.08],[-1.03,43.08],[-0.53,42.82],[-0.21,42.82],[0.04,42.69],[1.07,42.82],[1.49,42.63],[1.81,42.56],[2.46,42.37],[3.09,42.5],[3.01,42.56],[2.98,43.15],[3.85,43.6],[4.17,43.6],[4.18,43.47],[4.58,43.54],[5.39,43.41],[5.39,43.28],[5.63,43.28],[5.8,43.15],[6.52,43.21],[6.59,43.41],[6.91,43.54],[6.67,43.67],[6.74,43.93],[6.42,44.06],[6.41,44.19],[6.81,44.32],[6.57,44.58],[6.64,44.84],[6.23,45.1],[5.9,45.17],[5.81,45.43],[5.48,45.56],[5.63,45.89],[6.03,46.22],[6.1,46.61],[6.51,46.87],[6.83,47.14],[6.99,47.27],[6.98,47.53],[7.4,47.47],[7.56,47.6]]]]},"properties":{"NAME":"Bourbon Kingdom of France","C":6,"name":"Bourbon Kingdom of France","start_year":1815,"end_year":1819,"capital":"","type":"polity","region":"","event":"","source":"Cliopatria / Seshat Global History Databank (CC BY 4.0)","wikipedia":"Bourbon Restoration in France","wikidata":"Q207162","_a":5402,"_c":[-36.17,26.64],"_nz":"波旁法兰西王国","_sz":""}},
{"type":"Feature","geometry":{"type":"Polygon","coordinates":[[[20.25,49.98],[19.84,50.11],[19.17,50.05],[19.24,49.85],[19.82,49.85],[20.25,49.98]]]},"properties":{"NAME":"Free City of Krakow","C":1,"name":"Free City of Krakow","start_year":1815,"end_year":1829,"capital":"","type":"polity","region":"","event":"","source":"Cliopatria / Seshat Global History Databank (CC BY 4.0)","wikipedia":"Free City of Cracow","wikidata":"Q501303","_a":0,"_c":[19.7,49.98],"_nz":"克拉科夫自由市","_sz":""}},
{"type":"Feature","geometry":{"type":"Polygon","coordinates":[[[8.57,46.15],[8.98,45.89],[9.3,46.48],[10.04,46.28],[10.04,46.61],[10.45,46.68],[10.45,46.94],[9.96,46.87],[9.63,47.14],[9.46,47.27],[9.62,47.4],[9.62,47.53],[9.37,47.66],[9.29,47.66],[8.55,47.73],[8.47,47.6],[7.97,47.53],[7.56,47.6],[7.4,47.47],[6.98,47.53],[6.99,47.27],[6.83,47.14],[7.08,46.94],[6.51,46.87],[6.1,46.61],[6.03,46.22],[6.27,46.41],[6.68,46.41],[6.85,46.28],[6.86,46.02],[7.1,45.89],[7.92,46.02],[8,46.02],[8.32,46.41],[8.49,46.35],[8.57,46.15]]]},"properties":{"NAME":"Swiss Confederation","C":2,"name":"Swiss Confederation","start_year":1815,"end_year":1847,"capital":"","type":"polity","region":"","event":"","source":"Cliopatria / Seshat Global History Databank (CC BY 4.0)","wikipedia":"Switzerland","wikidata":"Q39","_a":8,"_c":[8.24,46.81],"_nz":"瑞士邦联","_sz":""}},
{"type":"Feature","geometry":{"type":"MultiPolygon","coordinates":[[[[-123.22,45.63],[-123.41,45.56],[-123.12,45.3],[-122.85,45.37],[-123.22,45.63]]],[[[-123.68,45.89],[-123.41,45.96],[-123.76,46.28],[-124.03,46.22],[-124.01,46.09],[-123.68,45.89]]],[[[-115.11,47.66],[-115.39,47.6],[-115.09,47.33],[-114.81,47.4],[-115.11,47.66]]],[[[-117.8,48.13],[-118,48.06],[-117.69,47.8],[-117.42,47.86],[-117.8,48.13]]],[[[-120.21,48.52],[-120.49,48.46],[-120.18,48.19],[-119.9,48.26],[-120.21,48.52]]],[[[-120.59,50.51],[-120.86,50.45],[-120.53,50.18],[-120.25,50.25],[-120.59,50.51]]],[[[-114.65,52.72],[-114.84,52.65],[-114.49,52.38],[-114.21,52.45],[-114.65,52.72]]],[[[-118.3,53.12],[-118.58,53.06],[-118.22,52.79],[-117.95,52.86],[-118.3,53.12]]],[[[-115.27,53.87],[-115.55,53.8],[-115.19,53.53],[-114.91,53.6],[-115.27,53.87]]],[[[-124.77,54.34],[-125.04,54.27],[-124.66,54],[-124.39,54.07],[-124.77,54.34]]],[[[-122.85,55.43],[-123.12,55.36],[-122.73,55.09],[-122.46,55.16],[-122.85,55.43]]],[[[-111.27,55.91],[-111.55,55.84],[-111.18,55.57],[-110.9,55.63],[-111.27,55.91]]],[[[-121.43,56.73],[-121.7,56.66],[-121.3,56.39],[-121.03,56.46],[-121.43,56.73]]],[[[-123.92,58.53],[-124.1,58.46],[-123.68,58.18],[-123.4,58.25],[-123.92,58.53]]],[[[-116.8,58.67],[-117.08,58.6],[-116.67,58.32],[-116.39,58.39],[-116.8,58.67]]],[[[-110.78,59.09],[-111.07,59.02],[-110.67,58.74],[-110.38,58.81],[-110.78,59.09]]],[[[-114.33,62.4],[-113.95,62.47],[-114.4,62.76],[-114.68,62.69],[-114.33,62.4]]],[[[-117.1,63.34],[-117.38,63.26],[-116.92,62.98],[-116.64,63.05],[-117.1,63.34]]],[[[72.11,21.82],[71.88,21.76],[71.94,21.63],[71.91,21.37],[72.2,21.31],[72.28,21.37],[72.32,21.76],[72.11,21.82]]],[[[71.56,23.56],[71.75,23.3],[71.73,23.11],[72.19,23.24],[72.23,22.98],[72.7,23.11],[72.68,22.98],[73.11,22.85],[73.17,22.66],[72.06,22.72],[71.83,22.66],[71.49,22.34],[71.54,22.08],[71.98,22.08],[72.05,21.95],[72.19,21.95],[72.34,21.95],[72.38,22.27],[72.53,22.27],[72.54,21.76],[72.75,21.63],[72.56,21.24],[72.9,20.92],[72.84,20.41],[72.92,20.41],[72.99,20.41],[73.29,20.41],[73.41,20.86],[73.58,21.05],[73.73,21.05],[74.22,21.44],[74.24,21.63],[74.02,21.69],[73.9,21.95],[73.87,22.34],[74.04,22.46],[73.9,22.59],[74.13,22.66],[74.16,22.85],[74.02,22.98],[73.88,23.04],[73.7,23.43],[73.05,23.56],[72.79,23.88],[72.51,24.01],[72.06,24.01],[72.04,23.88],[71.71,23.62],[71.56,23.56]]],[[[-77.06,46.48],[-77.35,46.41],[-77.12,46.15],[-76.83,46.22],[-77.06,46.48]]],[[[-89.25,48.52],[-89.13,48.59],[-88.59,48.52],[-88.67,48.65],[-89.43,48.79],[-89.71,48.59],[-89.45,48.32],[-89.29,48.32],[-89.25,48.52]]],[[[-96.68,48.59],[-96.44,48.59],[-96.58,48.79],[-97.08,48.79],[-96.8,48.52],[-96.68,48.59]]],[[[-93.24,48.65],[-93.59,48.92],[-93.88,48.85],[-93.65,48.52],[-93.24,48.65]]],[[[-99.64,49.98],[-99.92,49.91],[-99.63,49.65],[-99.35,49.71],[-99.64,49.98]]],[[[-97.12,49.98],[-97.17,50.05],[-97.56,50.11],[-97.27,49.85],[-97.12,49.98]]],[[[-100.08,50.45],[-100.37,50.38],[-100.07,50.11],[-99.79,50.18],[-100.08,50.45]]],[[[-96.28,50.65],[-96,50.38],[-95.71,50.45],[-96,50.71],[-96.28,50.65]]],[[[-101.84,50.85],[-102.14,51.11],[-102.42,51.05],[-102.12,50.78],[-101.84,50.85]]],[[[-105.64,52.32],[-105.92,52.25],[-105.6,51.98],[-105.32,52.05],[-105.64,52.32]]],[[[-110.01,52.52],[-110.2,52.45],[-109.87,52.18],[-109.59,52.25],[-110.01,52.52]]],[[[-101.26,53.26],[-101.54,53.19],[-101.22,52.92],[-100.93,52.99],[-101.26,53.26]]],[[[-110.03,54.07],[-109.96,54],[-109.47,53.94],[-109.97,54.27],[-110.25,54.21],[-110.03,54.07]]],[[[-108.27,55.98],[-108.55,55.91],[-108.19,55.63],[-107.91,55.7],[-108.27,55.98]]],[[[81.92,7.42],[81.77,7.49],[81.65,7.94],[81.45,8.13],[81.4,8.51],[80.99,8.96],[81,9.09],[80.85,9.16],[80.86,9.29],[80.72,9.35],[80.73,9.48],[80.44,9.54],[80.45,9.74],[79.88,9.86],[79.86,9.67],[80.08,9.61],[79.99,9.41],[80.05,9.16],[79.81,8.77],[79.76,8.06],[79.62,8.06],[79.61,7.87],[79.74,7.68],[79.76,6.65],[79.95,6.14],[80.23,5.88],[80.67,5.88],[81.34,6.14],[81.88,6.71],[81.92,7.42]]],[[[74.31,14.62],[74.31,14.56],[74.66,13.59],[74.75,12.82],[75.06,12.18],[75.34,11.92],[75.58,11.28],[75.73,11.21],[75.9,10.57],[76.23,10.06],[76.21,9.67],[76.26,9.35],[76.33,9.29],[76.59,8.71],[77.07,8.19],[77.28,8.06],[77.57,8.06],[78.18,8.45],[78.28,8.96],[78.59,9.16],[78.96,9.22],[78.99,9.67],[79.3,9.93],[79.32,10.25],[79.9,10.25],[79.88,11.02],[79.66,11.02],[79.68,11.21],[79.9,11.21],[79.83,11.28],[79.88,11.99],[80.14,12.37],[80.14,12.44],[80,12.5],[80.02,12.69],[80.31,12.76],[80.34,13.08],[80.13,13.21],[80.15,13.4],[80.3,13.46],[80.16,13.53],[80.25,13.66],[80.26,14.62],[80.09,15.07],[80.38,15.71],[80.61,15.84],[81.12,15.78],[81.32,16.29],[82.07,16.36],[82.38,16.55],[82.45,17.13],[83.15,17.45],[83.56,17.77],[83.67,18.03],[84.05,18.16],[84.38,18.41],[84.75,18.99],[85.41,19.57],[85.37,19.83],[85.52,19.83],[85.5,19.64],[85.65,19.64],[86.42,19.89],[86.44,20.02],[86.84,20.28],[86.79,20.47],[87.03,20.6],[86.96,21.18],[87.07,21.44],[87.76,21.63],[88.1,21.95],[88.18,21.95],[88.13,21.63],[88.35,21.56],[88.51,21.69],[88.64,22.08],[88.72,22.08],[88.73,21.63],[89.1,21.63],[89.12,21.76],[89.71,21.76],[89.87,21.82],[89.9,22.01],[90.23,21.76],[90.43,22.08],[90.65,22.08],[90.86,22.01],[90.94,22.53],[91.5,22.79],[91.37,22.46],[91.74,22.4],[91.76,22.08],[91.89,21.95],[91.83,21.5],[92.19,21.44],[92.38,21.69],[92.47,22.34],[92.36,22.59],[92.44,23.11],[92.36,23.56],[92.16,23.69],[92.3,24.07],[92.25,24.26],[92.11,24.33],[92.45,24.97],[92.18,25.16],[90.31,25.16],[89.96,25.29],[90.12,25.74],[90.94,25.74],[91.18,25.81],[91.29,26],[90.77,26],[90.63,26.07],[90.77,26.39],[89.97,26.52],[89.82,26.52],[89.18,26.71],[89.12,26.77],[88.6,26.84],[88.93,27.35],[88.95,27.42],[88.8,27.42],[88.95,27.8],[88.78,28.06],[88.48,28.06],[88.14,27.87],[88.04,27.03],[88.21,26.77],[88.16,26.52],[87.99,26.39],[87.24,26.39],[87.11,26.52],[86.65,26.45],[86.31,26.64],[85.79,26.64],[85.74,26.77],[85.27,26.71],[85,26.84],[84.76,27.16],[84.43,27.42],[83.29,27.35],[82.94,27.48],[82.54,27.74],[81.88,27.87],[81.19,28.19],[80.96,28.51],[80.68,28.64],[80.3,28.64],[80.1,28.77],[80.47,29.79],[81.01,30.18],[80.84,30.44],[80.26,30.56],[79.97,30.95],[79.59,30.95],[79.16,31.4],[79,31.34],[79.1,31.14],[78.72,31.14],[78.51,31.21],[78.34,31.46],[78.05,31.53],[77.92,31.27],[77.29,31.21],[77.26,31.08],[77.39,30.95],[77.28,30.82],[76.74,30.76],[76.63,30.95],[76.49,31.01],[75.58,31.01],[75.39,31.21],[74.78,31.21],[74.05,30.63],[73.92,30.37],[73.94,30.12],[73.63,30.05],[73.53,29.92],[73.58,29.79],[73.79,29.73],[73.69,29.6],[73.73,29.41],[74.45,29.22],[75.05,29.22],[75.18,29.09],[75.49,29.15],[75.71,28.7],[75.8,28.38],[75.95,28.38],[76.21,28.12],[76.14,27.74],[75.98,27.67],[75.94,27.48],[76.07,27.35],[76.08,26.97],[77.03,26.84],[77.22,26.58],[77.33,26.58],[77.44,26.58],[77.79,26.84],[78.3,26.77],[78.79,26.58],[79.03,26.64],[79.36,26.39],[79.51,26.39],[79.56,26.26],[79.99,26.13],[79.96,25.94],[80.1,25.87],[80.48,25.87],[80.82,25.68],[80.75,25.23],[80.59,25.16],[80.62,24.91],[80.21,24.65],[80.39,24.33],[80.37,24.2],[80.14,24.14],[80.11,23.94],[80.7,23.88],[81.24,24.01],[81.98,24.01],[82.04,23.88],[82.64,23.88],[82.82,24.14],[83.11,24.07],[83.28,24.2],[83.67,23.81],[83.65,23.69],[83.99,23.43],[84,22.98],[84.22,22.91],[84,22.4],[84.21,22.27],[84.51,22.34],[85.19,22.98],[85.42,22.98],[85.74,23.17],[86.29,22.85],[86.59,22.85],[86.55,22.53],[86.68,22.4],[85.94,21.89],[85.51,22.01],[85.41,21.82],[85.18,21.76],[85.17,21.11],[84.63,20.99],[84.62,20.86],[84.3,20.73],[84.36,20.6],[84.2,20.54],[84.19,20.41],[84.75,20.15],[84.35,19.96],[84.16,20.21],[83.73,20.28],[83.12,19.57],[82.67,19.51],[82.34,19.83],[82.21,20.02],[81.92,20.02],[81.9,19.89],[82.04,19.83],[82.09,18.99],[81.91,18.74],[81.76,18.74],[81.47,18.22],[81.31,18.09],[81.09,18.09],[81.04,18.29],[80.76,18.41],[80.44,18.8],[80.14,18.8],[79.93,18.93],[79.91,19.31],[80,19.51],[79.8,19.7],[79.44,19.76],[79.19,20.15],[78.89,20.09],[78.77,20.34],[78.2,20.54],[78.21,20.66],[77.85,20.73],[77.27,21.5],[76.74,21.44],[76.19,21.11],[75.81,21.05],[75.62,20.73],[75.09,20.6],[74.85,20.41],[74.74,20.15],[75.23,19.89],[75.1,19.38],[75.18,19.38],[75.2,18.93],[74.97,18.86],[75.08,18.48],[75.51,18.35],[75.56,18.22],[75.79,18.22],[75.75,18.54],[76,18.8],[76.15,18.8],[76.35,18.61],[76.39,18.35],[76.95,18.03],[76.93,17.9],[76.78,17.84],[76.82,17.58],[76.44,17.45],[76.57,17.26],[76.54,17],[76.33,16.42],[76.09,16.23],[76.13,15.97],[75.67,15.78],[75.73,15.59],[75.61,15.14],[75.74,15.01],[76.19,15.07],[76.03,14.88],[76,14.56],[76.05,14.36],[76.19,14.3],[75.79,13.91],[75.18,13.59],[74.84,13.91],[75.03,14.43],[75.18,14.49],[75.14,14.88],[74.88,15.2],[74.6,15.33],[74.52,15.26],[74.55,14.81],[74.31,14.62]],[[77.11,28.51],[77.15,28.7],[77.31,28.77],[77.43,28.64],[77.26,28.51],[77.11,28.51]]],[[[72.87,19.25],[72.91,18.99],[73.09,19.25],[72.87,19.25]]],[[[83.71,22.46],[83.49,22.46],[83.17,22.34],[83.15,22.14],[83.28,22.01],[83.5,22.01],[83.66,22.08],[83.75,22.21],[83.71,22.46]]],[[[91.06,22.34],[91.03,22.14],[91.26,22.21],[91.22,22.4],[91.06,22.34]]]]},"properties":{"NAME":"British Empire","C":5,"name":"British Empire","start_year":1815,"end_year":1819,"capital":"","type":"polity","region":"","event":"","source":"Cliopatria / Seshat Global History Databank (CC BY 4.0)","wikipedia":"British Empire","wikidata":"Q8680","_a":12498,"_c":[-16.29,34.61],"_nz":"英帝国","_sz":""}},
{"type":"Feature","geometry":{"type":"MultiPolygon","coordinates":[[[[10.61,50.65],[10.86,50.71],[10.86,50.91],[10.7,50.91],[10.7,51.18],[10.87,51.18],[10.53,51.25],[10.36,51.11],[10.36,50.98],[10.61,50.65]]],[[[10.95,50.91],[11.2,50.91],[11.29,50.91],[11.46,50.98],[11.46,51.05],[11.29,51.05],[11.2,51.25],[10.87,51.18],[10.86,50.91],[10.95,50.91]]]]},"properties":{"NAME":"Grand Duchy of Saxe-Weimar-Eisenach","C":2,"name":"Grand Duchy of Saxe-Weimar-Eisenach","start_year":1815,"end_year":1819,"capital":"","type":"polity","region":"","event":"","source":"Cliopatria / Seshat Global History Databank (CC BY 4.0)","wikipedia":"Saxe-Weimar-Eisenach","wikidata":"Q155570","_a":1,"_c":[10.91,50.95],"_nz":"萨克森-魏玛-艾森纳赫大公国","_sz":""}},
{"type":"Feature","geometry":{"type":"Polygon","coordinates":[[[6.83,47.14],[6.67,47.07],[6.51,46.87],[7,46.87],[7.08,46.94],[6.83,47.14]]]},"properties":{"NAME":"Kingdom of Prussia","C":11,"name":"Kingdom of Prussia","start_year":1815,"end_year":1833,"capital":"","type":"polity","region":"","event":"","source":"Cliopatria / Seshat Global History Databank (CC BY 4.0)","wikipedia":"Kingdom of Prussia","wikidata":"Q27306","_a":0,"_c":[6.79,47.01],"_nz":"普鲁士王国","_sz":""}},
{"type":"Feature","geometry":{"type":"Polygon","coordinates":[[[-77.95,7.23],[-77.73,7.04],[-77.41,6.52],[-77.54,6.07],[-77.32,5.88],[-77.53,5.69],[-77.42,4.27],[-77.57,4.27],[-77.56,4.08],[-77.41,3.82],[-77.27,3.82],[-77.26,3.63],[-77.48,3.5],[-77.62,3.18],[-77.25,2.86],[-76.89,2.86],[-76.75,3.05],[-76.53,3.05],[-76.23,2.73],[-76.23,2.47],[-76.08,2.28],[-76.59,2.15],[-76.59,2.02],[-76.81,1.96],[-76.66,1.51],[-76.08,1.38],[-75.36,2.54],[-75.14,2.66],[-75.07,2.86],[-74.92,2.86],[-74.7,2.66],[-74.85,2.28],[-74.7,2.15],[-74.62,1.76],[-74.11,1.44],[-73.82,1.44],[-73.68,2.21],[-73.17,2.21],[-72.95,2.47],[-71.72,2.86],[-70.12,2.86],[-69.97,2.92],[-69.98,3.24],[-69.76,3.44],[-69.47,3.56],[-68.89,3.56],[-68.74,3.76],[-68.38,3.82],[-68.31,4.01],[-67.8,4.01],[-67.89,5.11],[-67.82,5.11],[-67.83,5.43],[-67.61,5.62],[-67.49,6.2],[-68,6.26],[-68.29,6.14],[-69.38,6.07],[-69.68,6.33],[-69.91,6.78],[-70.5,7.04],[-72.18,7.04],[-72.25,6.84],[-72.69,6.97],[-73,7.55],[-73.45,7.61],[-73.67,7.81],[-73.79,8.64],[-74.16,8.77],[-74.24,8.96],[-74.54,9.03],[-74.62,9.29],[-74.85,9.41],[-74.79,9.61],[-74.94,9.74],[-74.96,9.93],[-74.81,9.99],[-74.91,10.31],[-74.71,10.7],[-74.89,11.15],[-74.96,11.15],[-75.24,10.89],[-75.23,10.76],[-75.44,10.7],[-75.58,10.51],[-75.5,10.38],[-75.64,10.31],[-75.66,9.48],[-76.09,9.41],[-76.29,9.03],[-76.93,8.64],[-76.83,8.19],[-77.13,8.39],[-77.3,8.71],[-77.37,8.71],[-77.42,8.39],[-77.19,8.13],[-77.18,7.94],[-77.46,7.55],[-77.75,7.61],[-77.95,7.23]]]},"properties":{"NAME":"New Granada","C":2,"name":"New Granada","start_year":1815,"end_year":1819,"capital":"","type":"polity","region":"","event":"","source":"Cliopatria / Seshat Global History Databank (CC BY 4.0)","wikipedia":"New Granada","wikidata":"Q1863715","_a":102,"_c":[-72.72,6.27],"_nz":"新格拉纳达","_sz":""}},
{"type":"Feature","geometry":{"type":"Polygon","coordinates":[[[9.56,44.39],[9.89,44.25],[10.05,44.39],[10.05,44.58],[10.21,44.58],[10.45,44.97],[9.8,45.17],[9.32,45.17],[9.23,45.04],[9.24,44.84],[8.99,44.71],[9,44.58],[9.56,44.39]]]},"properties":{"NAME":"Duchy of Parma and Piacenza","C":11,"name":"Duchy of Parma and Piacenza","start_year":1815,"end_year":1847,"capital":"","type":"polity","region":"","event":"","source":"Cliopatria / Seshat Global History Databank (CC BY 4.0)","wikipedia":"Duchy of Parma and Piacenza","wikidata":"Q165040","_a":1,"_c":[9.72,44.71],"_nz":"帕尔马和皮亚琴察公国","_sz":""}},
{"type":"Feature","geometry":{"type":"MultiPolygon","coordinates":[[[[24.16,35.52],[23.62,35.52],[23.68,35.26],[24.45,35.19],[24.76,35.19],[24.82,35],[26.14,35.07],[26.23,35.19],[25.68,35.13],[25.69,35.32],[24.3,35.32],[24.15,35.39],[24.16,35.52]]],[[[25.33,37],[25.56,37],[25.57,37.13],[25.34,37.13],[25.33,37]]],[[[24.99,37.71],[25.05,37.51],[25.29,37.51],[25.22,37.71],[24.99,37.71]]],[[[24.69,38.03],[24.68,37.84],[24.83,37.71],[25.07,37.77],[24.77,38.03],[24.69,38.03]]],[[[24.36,39],[24.36,38.87],[24.66,38.74],[24.67,38.93],[24.36,39]]],[[[24.97,39.84],[25.45,39.84],[25.46,40.03],[25.07,40.03],[24.97,39.84]]],[[[25.72,40.29],[25.7,40.1],[26.02,40.16],[26.04,40.29],[25.72,40.29]]],[[[24.49,40.81],[24.55,40.55],[24.79,40.61],[24.81,40.81],[24.49,40.81]]],[[[44.87,10.06],[45.1,10.31],[45.11,10.51],[44.88,10.44],[44.37,10.44],[44.08,10.57],[43.73,10.96],[43.67,11.21],[43.32,11.54],[43.17,11.54],[43.08,11.21],[43.23,11.15],[43.5,10.57],[43.71,10.44],[43.71,10.25],[44.87,10.06]]],[[[43.82,13.08],[43.68,13.14],[43.61,13.34],[43.25,13.4],[43.24,13.08],[43.45,12.89],[43.44,12.69],[43.82,13.01],[43.82,13.08]]],[[[41.99,42.04],[41.76,42.11],[41.78,41.78],[41.6,41.65],[41.57,41.46],[41.16,41.39],[41.05,41.2],[40.37,40.94],[39.74,40.94],[39.05,41.13],[38.78,40.94],[38.3,40.87],[38.16,41],[37.83,40.94],[37.77,41.07],[37.21,41.07],[36.77,41.33],[36.21,41.26],[35.95,41.72],[35.16,41.72],[35.12,42.04],[34.88,42.04],[34.78,41.91],[32.63,41.91],[32.69,41.78],[32.03,41.52],[31.53,41.39],[31.18,41.07],[30.62,41.07],[30.48,41.2],[28.96,41.13],[28.98,41.26],[28.51,41.33],[28.28,41.46],[28.22,41.65],[27.98,41.65],[27.94,42.04],[27.49,42.43],[27.51,42.63],[27.85,42.76],[27.8,43.15],[27.9,43.28],[28.23,43.34],[28.16,43.47],[28.48,43.47],[28.62,43.99],[28.54,43.99],[28.58,44.39],[28.84,44.58],[28.8,44.97],[29.05,44.97],[29.11,44.84],[29.53,44.91],[29.66,45.37],[29.58,45.43],[29.1,45.43],[28.51,45.24],[28.28,45.43],[28.12,45.43],[27.86,45.3],[27.85,45.17],[28,45.04],[27.97,44.78],[27.8,44.71],[27.94,44.52],[27.83,44.19],[27.49,44.06],[26.28,44.06],[25.85,43.73],[25.43,43.6],[24.88,43.73],[24.15,43.67],[23.6,43.86],[22.95,43.8],[22.89,44.12],[22.66,44.19],[22.4,43.99],[22.37,43.6],[22.68,43.41],[22.67,43.28],[22.18,43.15],[22.11,43.28],[21.79,43.28],[21.37,43.08],[20.75,43.34],[20.34,43.28],[19.4,43.73],[19.5,44.06],[19.11,44.32],[19.3,44.84],[19.14,44.97],[18.89,44.84],[18.58,45.1],[17.76,45.04],[17.12,45.24],[16.47,45.24],[16.22,45.04],[15.98,45.24],[15.82,45.24],[15.8,44.71],[16.2,44.39],[16.27,44.06],[16.43,44.06],[16.82,43.67],[16.98,43.67],[17.37,43.21],[17.36,43.15],[17.6,42.95],[18.08,43.02],[18.39,42.69],[18.71,42.82],[18.78,42.63],[18.78,42.56],[18.85,42.3],[19.54,41.78],[19.45,41.52],[19.44,41.26],[19.5,40.87],[19.25,40.74],[19.25,40.61],[19.49,40.61],[19.47,40.29],[19.63,40.29],[20.01,39.97],[19.92,39.71],[20.23,39.64],[20.45,39.26],[20.91,39.06],[20.74,38.8],[20.97,38.74],[21.19,38.42],[21.74,38.35],[21.73,38.16],[21.42,38.16],[21.24,37.84],[21.7,37.51],[21.68,37.19],[21.74,36.87],[21.9,36.87],[21.91,37.06],[22.22,37.06],[22.36,36.67],[22.51,36.67],[22.6,36.87],[22.83,36.87],[23.06,36.67],[22.85,37.25],[22.7,37.32],[22.71,37.58],[22.95,37.58],[23.18,37.45],[23.17,37.32],[23.4,37.32],[23.34,37.64],[23.11,37.64],[23.04,37.9],[23.21,38.03],[23.44,38.03],[23.98,37.84],[24,38.22],[24.16,38.22],[24.18,38.55],[24.03,38.67],[23.56,38.74],[23.63,38.48],[23.31,38.48],[23.17,38.67],[22.94,38.74],[23.03,38.93],[23.33,38.8],[23.49,38.87],[22.96,39.13],[22.8,39.06],[22.82,39.38],[23.14,39.45],[22.61,39.9],[22.54,40.1],[22.56,40.36],[22.65,40.61],[22.89,40.61],[22.88,40.48],[23.27,40.29],[23.74,40.23],[23.84,40.55],[23.68,40.61],[23.7,40.81],[24.01,40.74],[24.35,41],[25.38,41],[26.08,40.87],[26.14,40.61],[26.63,40.74],[26.92,40.48],[27.02,40.68],[27.53,41.07],[28.08,41],[28.17,41.13],[28.63,41],[29.12,41.07],[29.1,40.94],[29.25,40.81],[29.48,40.74],[28.91,40.61],[28.9,40.48],[29.05,40.36],[27.94,40.36],[27.7,40.29],[27.47,40.42],[26.67,40.36],[26.6,40.48],[26.27,40.29],[26.13,39.51],[26.85,39.58],[26.74,39.26],[26.89,39.19],[26.96,39],[26.85,38.61],[27.08,38.55],[27.06,38.35],[26.59,38.35],[26.54,38.61],[26.38,38.67],[26.43,38.22],[26.82,38.22],[26.89,38.09],[27.28,38.03],[27.16,37.58],[27.31,37.45],[27.54,37.38],[27.6,37.13],[28.07,37.13],[28.14,37.06],[28.03,36.67],[28.19,36.67],[28.36,36.87],[28.59,36.87],[28.74,36.74],[29.12,36.74],[29.24,36.22],[29.94,36.22],[30.03,36.35],[30.49,36.35],[30.62,36.93],[31.09,36.93],[32.07,36.61],[32.5,36.22],[32.56,36.03],[32.71,36.03],[33.27,36.22],[33.98,36.29],[34.25,36.67],[34.58,36.87],[34.89,36.87],[34.95,36.67],[35.11,36.74],[35.49,36.61],[35.83,36.93],[36.14,36.93],[36.29,36.8],[36.26,36.61],[35.84,36.29],[35.99,36.22],[35.84,35.58],[35.99,35.52],[35.93,34.87],[36.07,34.74],[36.05,34.55],[35.79,34.29],[35.64,34.36],[35.68,33.97],[35.45,33.91],[35.5,33.65],[35.35,33.65],[35.4,33.39],[35.22,33.07],[35.06,33.01],[35.02,32.62],[34.77,32.36],[34.81,31.98],[34.57,31.85],[34.64,31.72],[34.55,31.53],[34.31,31.4],[34.3,31.27],[33.6,31.08],[33.59,30.95],[33.88,30.82],[34.16,30.5],[34.68,30.31],[34.86,29.67],[34.91,29.41],[34.85,28.57],[34.61,28.25],[34.59,28.06],[35.05,28.12],[35.41,27.87],[35.47,27.61],[35.61,27.54],[35.67,27.29],[36.16,26.77],[36.43,26.19],[36.72,26],[36.77,25.68],[37.27,25.23],[37.33,24.97],[37.18,24.91],[37.17,24.78],[37.39,24.65],[37.44,24.33],[38.03,24.14],[38.6,23.62],[38.87,23.04],[38.86,22.85],[39.14,22.53],[39.03,21.76],[39.17,21.63],[39.15,21.18],[39.35,20.79],[39.84,20.28],[40.14,20.28],[40.56,19.83],[40.85,19.7],[40.84,19.51],[40.99,19.44],[41.04,19.12],[41.25,18.86],[41.24,18.61],[41.45,18.48],[41.78,17.84],[42.28,17.45],[42.34,17.13],[42.48,17.13],[42.55,17],[43.46,17.51],[43.64,18.03],[43.51,18.29],[44.13,18.8],[44.28,18.8],[44.44,19.06],[44.38,19.31],[44.24,19.44],[44.25,19.57],[44.19,19.76],[43.83,19.96],[43.48,20.41],[43.49,20.47],[43.27,20.6],[43.14,20.92],[42.78,21.18],[42.31,22.01],[41.82,22.53],[41.83,22.66],[41.54,22.79],[41.55,23.04],[41.27,23.3],[40.87,24.14],[40.52,24.52],[39.92,25.74],[39.78,25.81],[39.58,26.26],[39.44,26.32],[39.31,26.71],[38.9,27.16],[38.91,27.29],[38.76,27.35],[38.7,27.61],[38.42,27.87],[38.23,28.32],[38.01,28.44],[37.96,28.7],[37.68,28.96],[37.22,29.86],[37.19,30.44],[37.31,30.89],[38,31.79],[38.01,31.85],[38.64,32.88],[38.89,33.07],[38.91,33.26],[39.42,33.65],[39.81,33.71],[39.9,33.91],[40.93,34.1],[41.58,33.78],[42.06,33.33],[42.58,33.14],[42.71,32.94],[43.15,32.81],[44.46,31.59],[44.44,31.46],[44.66,31.34],[45.14,30.89],[45.12,30.76],[45.41,30.56],[45.4,30.5],[45.55,30.5],[45.68,30.31],[47.25,30.12],[47.31,29.99],[47.74,29.79],[48.02,29.54],[48.4,29.6],[48.37,29.92],[48.6,29.99],[48.39,30.12],[48.41,30.31],[48.28,30.44],[48.05,30.44],[48.1,30.89],[47.74,31.01],[47.8,31.46],[47.98,31.72],[47.58,32.17],[47.6,32.3],[47.32,32.49],[46.95,32.56],[46.68,32.88],[46.23,32.94],[46.14,33.39],[45.59,33.91],[45.44,33.91],[45.65,34.29],[45.5,34.36],[45.54,34.61],[45.69,34.61],[45.81,34.94],[46.15,35.13],[46.06,35.58],[46.25,35.84],[45.79,35.84],[45.65,35.97],[45.42,35.97],[45.38,36.22],[45.1,36.42],[45.06,36.67],[44.85,36.87],[44.77,37.38],[44.63,37.45],[44.59,37.71],[44.31,37.9],[44.45,38.35],[44.31,38.42],[44.31,38.93],[44.17,39],[44.07,39.38],[44.4,39.45],[44.52,39.71],[44.77,39.77],[44.42,40.03],[43.72,40.1],[43.67,40.29],[43.59,40.29],[43.77,40.87],[43.56,41],[43.58,41.13],[43.19,41.2],[42.86,41.59],[42.62,41.59],[42.44,41.46],[41.81,41.46],[41.75,41.59],[41.93,41.72],[41.99,42.04]],[[22.91,38.22],[22.97,37.96],[22.66,37.96],[22.59,38.16],[22.29,38.42],[22.6,38.42],[22.84,38.35],[22.91,38.22]]],[[[33.96,35.26],[34.53,35.58],[34.54,35.71],[34.31,35.71],[33.74,35.39],[32.89,35.39],[32.88,35.26],[32.55,35.13],[32.25,35.13],[32.23,34.94],[32.37,34.74],[33.04,34.55],[33.13,34.68],[33.52,34.74],[33.7,34.94],[34.09,35],[33.96,35.26]]],[[[27.69,36.29],[27.74,35.9],[28.14,36.03],[28.25,36.48],[28.02,36.48],[27.69,36.29]]],[[[25.99,37.51],[26.3,37.58],[26.31,37.71],[26.08,37.71],[25.99,37.51]]],[[[25.9,38.48],[25.88,38.16],[26.11,38.16],[26.22,38.55],[25.91,38.67],[25.9,38.48]]],[[[26.09,39],[26.25,38.93],[26.64,39],[26.51,39.32],[26.04,39.38],[25.79,39.19],[26.1,39.13],[26.09,39]]]]},"properties":{"NAME":"Ottoman Empire","C":6,"name":"Ottoman Empire","start_year":1815,"end_year":1819,"capital":"","type":"polity","region":"","event":"","source":"Cliopatria / Seshat Global History Databank (CC BY 4.0)","wikipedia":"Ottoman Empire","wikidata":"Q12560","_a":1160,"_c":[32.2,27.75],"_nz":"奥斯曼帝国","_sz":""}},
{"type":"Feature","geometry":{"type":"Polygon","coordinates":[[[27.86,45.3],[27.63,45.43],[26.42,45.5],[26.24,45.37],[26.1,45.63],[25.85,45.5],[25.44,45.5],[25.35,45.37],[25.04,45.63],[23.48,45.5],[23.47,45.37],[23.14,45.24],[22.65,45.24],[22.53,44.71],[22.5,44.32],[22.66,44.19],[22.89,44.12],[22.95,43.8],[23.6,43.86],[24.15,43.67],[24.88,43.73],[25.43,43.6],[25.85,43.73],[26.28,44.06],[27.49,44.06],[27.83,44.19],[27.94,44.52],[27.8,44.71],[27.97,44.78],[28,45.04],[27.85,45.17],[27.86,45.3]]]},"properties":{"NAME":"Principality of Wallachia","C":11,"name":"Principality of Wallachia","start_year":1815,"end_year":1827,"capital":"","type":"polity","region":"","event":"","source":"Cliopatria / Seshat Global History Databank (CC BY 4.0)","wikipedia":"Wallachia","wikidata":"Q171393","_a":11,"_c":[25.25,44.62],"_nz":"瓦拉几亚公国","_sz":""}},
{"type":"Feature","geometry":{"type":"Polygon","coordinates":[[[13.79,41.2],[13.95,41.13],[14.1,40.87],[14.42,40.87],[14.42,40.68],[14.89,40.68],[15.04,40.23],[15.2,40.23],[15.43,40.03],[15.75,40.03],[15.67,39.9],[15.9,39.77],[16.27,38.74],[15.95,38.67],[15.86,38.29],[14.76,38.16],[14.6,38.03],[13.67,37.96],[13.35,38.16],[13.12,38.16],[13.04,38.03],[12.65,38.09],[12.49,37.9],[12.49,37.71],[13.19,37.58],[13.58,37.25],[14.28,37.13],[14.66,36.74],[15.05,36.74],[15.21,37.19],[15.06,37.25],[15.07,37.64],[15.39,38.16],[15.62,38.16],[15.7,37.96],[15.93,37.96],[16.49,38.42],[16.5,38.8],[17.14,39.06],[17.07,39.38],[16.92,39.51],[16.45,39.64],[16.46,39.97],[16.7,40.1],[16.62,40.29],[16.86,40.29],[17.03,40.55],[17.35,40.55],[17.42,40.36],[17.81,40.36],[18.11,39.9],[18.35,39.9],[18.36,40.29],[17.98,40.61],[17.51,40.74],[17.44,40.87],[16.73,41.2],[15.94,41.39],[15.87,41.72],[16.11,41.78],[16.12,41.91],[15.24,41.91],[15.17,42.04],[14.92,41.98],[14.37,42.24],[13.9,42.76],[13.91,42.95],[13.58,42.89],[13.5,42.76],[13.18,42.76],[12.86,42.5],[13.01,42.04],[13.33,41.98],[13.41,41.85],[13.8,41.85],[13.96,41.72],[14.04,41.52],[13.79,41.2]]]},"properties":{"NAME":"Kingdom of the Two Sicilies","C":2,"name":"Kingdom of the Two Sicilies","start_year":1815,"end_year":1819,"capital":"","type":"polity","region":"","event":"","source":"Cliopatria / Seshat Global History Databank (CC BY 4.0)","wikipedia":"Kingdom of the Two Sicilies","wikidata":"Q180393","_a":37,"_c":[15.47,39.85],"_nz":"两西西里王国","_sz":""}},
{"type":"Feature","geometry":{"type":"MultiPolygon","coordinates":[[[[-2.83,35.26],[-2.84,35.45],[-2.99,35.45],[-2.98,35.26],[-2.83,35.26]]],[[[1.66,39],[1.65,39.13],[1.26,39.13],[1.18,39.06],[1.27,38.8],[1.43,38.8],[1.66,39]]],[[[3.2,39.84],[3.19,39.97],[2.88,39.97],[2.34,39.64],[2.35,39.45],[2.66,39.51],[2.82,39.32],[3.3,39.32],[3.52,39.77],[3.2,39.84]]],[[[-1.69,43.34],[-3.3,43.34],[-3.47,43.47],[-4.99,43.41],[-5.57,43.54],[-7.18,43.54],[-7.28,43.73],[-8.24,43.73],[-8.39,43.6],[-8.37,43.41],[-8.85,43.41],[-9.3,43.15],[-9.08,42.56],[-8.66,42.37],[-8.96,42.17],[-8.93,41.91],[-8.47,42.11],[-8.15,42.11],[-8.22,41.98],[-8.12,41.78],[-6.7,41.98],[-6.52,41.72],[-6.27,41.65],[-6.25,41.46],[-6.93,41],[-6.87,40.36],[-7.01,40.23],[-7,40.1],[-6.84,40.03],[-6.9,39.77],[-7.44,39.64],[-7.42,39.45],[-7.26,39.38],[-6.99,39],[-7.12,38.74],[-7.27,38.67],[-7.24,38.35],[-7,38.22],[-7.14,38.09],[-7.28,37.84],[-7.5,37.71],[-7.39,37.25],[-6.84,37.25],[-6.59,37],[-6.43,37],[-6.06,36.22],[-5.83,36.22],[-5.66,36.03],[-5.23,36.48],[-4.69,36.55],[-4.47,36.74],[-2.68,36.74],[-2.53,36.87],[-2.06,36.8],[-1.86,37.32],[-1.71,37.45],[-0.7,37.64],[-0.8,38.03],[-0.66,38.29],[0.1,38.74],[-0.31,39.13],[-0.35,39.71],[-0.2,39.97],[0.18,40.16],[0.25,40.42],[0.47,40.61],[0.71,40.68],[0.7,40.94],[1.24,41.2],[2.11,41.33],[2.33,41.59],[2.89,41.72],[3.12,41.91],[3.18,42.37],[3.09,42.5],[2.46,42.37],[1.81,42.56],[1.58,42.43],[1.49,42.63],[1.07,42.82],[0.04,42.69],[-0.21,42.82],[-0.53,42.82],[-1.03,43.08],[-1.43,43.08],[-1.44,43.28],[-1.69,43.34]]],[[[3.83,39.9],[4.3,39.84],[4.22,40.1],[3.74,40.1],[3.83,39.9]]]]},"properties":{"NAME":"Kingdom of Spain","C":1,"name":"Kingdom of Spain","start_year":1815,"end_year":1833,"capital":"","type":"polity","region":"","event":"","source":"Cliopatria / Seshat Global History Databank (CC BY 4.0)","wikipedia":"Spain","wikidata":"Q29","_a":115,"_c":[-2.5,39.49],"_nz":"西班牙王国","_sz":""}},
{"type":"Feature","geometry":{"type":"MultiPolygon","coordinates":[[[[11.2,50.71],[11.12,50.71],[11.12,50.51],[11.37,50.38],[11.87,50.45],[11.96,50.58],[12.21,50.65],[12.21,50.78],[11.79,50.85],[11.71,50.85],[11.29,50.78],[11.29,50.91],[11.2,50.91],[11.2,50.71]]],[[[12.3,51.11],[12.22,51.05],[11.96,51.05],[11.96,50.91],[12.3,50.98],[12.3,51.11]]]]},"properties":{"NAME":"Principality of Reuss-Gera","C":1,"name":"Principality of Reuss-Gera","start_year":1815,"end_year":1819,"capital":"","type":"polity","region":"","event":"","source":"Cliopatria / Seshat Global History Databank (CC BY 4.0)","wikipedia":"Principality of Reuss-Gera","wikidata":"Q639100","_a":1,"_c":[11.71,50.75],"_nz":"罗伊斯-格拉亲王国","_sz":""}},
{"type":"Feature","geometry":{"type":"MultiPolygon","coordinates":[[[[15.07,55.02],[15.08,55.23],[14.64,55.29],[14.64,55.09],[15.07,55.02]]],[[[10.97,55.02],[10.88,54.75],[11.58,54.68],[12.1,54.75],[12.11,55.16],[12.37,55.23],[12.38,55.43],[12.2,55.57],[12.56,55.7],[12.56,56.11],[12.48,56.18],[11.33,56.05],[11.24,55.84],[10.89,55.77],[11.06,55.57],[10.97,55.29],[11.5,55.23],[11.67,55.09],[11.67,54.89],[10.97,55.02]]],[[[10.79,54],[11.05,54.21],[11.05,54.41],[9.93,54.55],[10.01,55.02],[10.54,55.02],[10.54,54.75],[10.71,54.75],[10.88,54.95],[10.8,55.43],[10.63,55.63],[9.75,55.57],[9.93,55.7],[9.93,55.84],[10.28,55.98],[10.54,56.18],[10.81,56.18],[10.9,56.52],[10.28,56.59],[10.28,57.08],[10.55,57.28],[10.46,57.77],[9.92,57.7],[9.83,57.56],[9.39,57.21],[8.5,57.21],[8.15,56.87],[8.24,56.73],[7.98,56.66],[7.99,56.11],[8.08,56.11],[8,55.63],[8.09,55.5],[8.35,55.5],[8.53,55.36],[8.44,55.23],[8.53,54.82],[8.8,54.61],[8.8,54.48],[8.54,54.41],[8.54,54.27],[8.8,54.21],[8.89,53.87],[9.24,53.87],[9.41,53.66],[9.84,53.53],[10.01,53.73],[10.36,53.6],[10.36,53.46],[10.45,53.46],[10.62,53.39],[10.79,53.53],[10.71,53.8],[10.71,53.87],[10.79,54]]],[[[10.45,55.98],[10.36,55.77],[10.63,55.77],[10.63,55.98],[10.45,55.98]]],[[[-7.32,62.33],[-7.28,62.05],[-6.69,61.9],[-6.66,62.26],[-6.96,62.4],[-7.32,62.33]]],[[[-20.4,65.74],[-20.54,65.59],[-20.97,65.74],[-21.38,65.52],[-21.48,66.11],[-22.61,66.55],[-23.17,66.48],[-23.28,66.25],[-23.67,66.25],[-23.91,66.11],[-23.8,65.81],[-24.21,65.88],[-24.13,65.66],[-24.37,65.52],[-24.03,65.37],[-23.28,65.44],[-23.31,65.52],[-22.06,65.52],[-22.03,65.44],[-22.59,65.37],[-22.61,65.15],[-24.16,64.93],[-23.98,64.71],[-22.58,64.79],[-22.5,64.57],[-22.1,64.49],[-22.02,64.28],[-22.33,64.06],[-22.9,64.06],[-22.8,63.77],[-21.15,63.91],[-20.53,63.77],[-20.37,63.55],[-19.81,63.55],[-19.39,63.41],[-18.16,63.41],[-17.7,63.77],[-16.58,63.84],[-16.6,63.91],[-16.07,64.06],[-16.09,64.13],[-15.46,64.28],[-14.8,64.28],[-14.74,64.42],[-14.47,64.49],[-14.43,64.71],[-13.88,64.79],[-13.93,65],[-13.47,65.08],[-13.7,65.59],[-14.29,65.66],[-14.33,65.81],[-14.64,65.88],[-14.7,66.11],[-14.99,66.11],[-15.07,66.4],[-15.61,66.25],[-15.79,66.55],[-16.67,66.55],[-16.66,66.18],[-17.46,66.25],[-17.59,66.03],[-18.04,66.25],[-19.2,66.25],[-19.57,66.18],[-19.55,65.81],[-20.01,66.03],[-20.05,66.18],[-20.54,66.18],[-20.4,65.74]]]]},"properties":{"NAME":"Denmark-Norway","C":9,"name":"Denmark-Norway","start_year":1815,"end_year":1847,"capital":"","type":"polity","region":"","event":"","source":"Cliopatria / Seshat Global History Databank (CC BY 4.0)","wikipedia":"Denmark-Norway","wikidata":"Q62651","_a":520,"_c":[-4.67,59.97],"_nz":"丹麦-挪威","_sz":""}},
{"type":"Feature","geometry":{"type":"MultiPolygon","coordinates":[[[[23.12,36.35],[22.89,36.42],[22.87,36.16],[23.11,36.16],[23.12,36.35]]],[[[20.93,37.9],[20.62,37.9],[20.61,37.71],[20.92,37.64],[20.93,37.9]]],[[[20.8,38.29],[20.57,38.42],[20.33,38.35],[20.32,38.16],[20.79,38.09],[20.8,38.29]]]]},"properties":{"NAME":"Septinsular Republic","C":0,"name":"Septinsular Republic","start_year":1815,"end_year":1819,"capital":"","type":"polity","region":"","event":"","source":"Cliopatria / Seshat Global History Databank (CC BY 4.0)","wikipedia":"Septinsular Republic","wikidata":"Q1077630","_a":12,"_c":[21.44,37.97],"_nz":"七岛共和国","_sz":""}},
{"type":"Feature","geometry":{"type":"MultiPolygon","coordinates":[[[[-122.9,38.16],[-122.74,38.16],[-122.66,38.29],[-123.03,38.74],[-123.7,38.93],[-122.9,38.16]]],[[[-169.19,53.06],[-169.54,53.06],[-169.25,52.86],[-168.66,52.92],[-168.51,53.06],[-168.54,53.26],[-168.3,53.39],[-167.78,53.39],[-167.62,53.46],[-168.26,53.73],[-168.7,53.73],[-168.76,53.6],[-168.63,53.33],[-169.15,53.33],[-169.19,53.06]]],[[[-166.4,53.94],[-166.76,54.07],[-167.45,54],[-167.25,53.87],[-167.5,53.8],[-167.09,53.39],[-166.49,53.39],[-166.68,53.53],[-166.62,53.66],[-166.1,53.66],[-166.4,53.94]]],[[[-166.12,54.34],[-166.46,54.34],[-166.06,54],[-165.38,54.07],[-165.39,54.14],[-165.78,54.41],[-166.12,54.34]]],[[[-164.79,54.68],[-165.13,54.68],[-164.74,54.41],[-164.24,54.55],[-163.22,54.68],[-163.43,54.89],[-163.08,54.89],[-163.56,55.16],[-164.45,55.23],[-164.49,54.95],[-164.91,54.89],[-164.79,54.68]]],[[[-135.14,56.66],[-135.15,56.46],[-134.8,56.18],[-134.53,56.25],[-134.7,56.66],[-134.61,56.87],[-135.05,57.35],[-135.31,57.56],[-135.94,57.49],[-136.11,57.14],[-135.93,57.01],[-135.58,57.08],[-135.14,56.66]]],[[[-153.56,56.87],[-153.77,57.08],[-153.14,57.01],[-153.25,57.14],[-152.56,57.28],[-152.76,57.42],[-152.22,57.42],[-152.15,57.56],[-152.58,57.97],[-153.76,58.04],[-154.18,57.9],[-153.87,57.7],[-153.95,57.63],[-154.66,57.63],[-154.99,57.49],[-154.45,56.94],[-154.09,56.87],[-153.56,56.87]]],[[[23.23,58.6],[22.25,58.67],[22.15,58.53],[21.88,58.53],[21.85,58.25],[22.02,58.18],[21.9,57.9],[22.08,57.9],[22.29,58.18],[23.12,58.39],[23.23,58.6]]],[[[22.2,59.02],[22.35,58.74],[22.9,58.81],[22.84,59.09],[22.49,59.16],[22.2,59.02]]],[[[-139.38,59.57],[-139.52,60],[-139.88,60],[-139.67,59.71],[-139.93,59.57],[-139.54,59.36],[-139.08,59.29],[-139.38,59.57]]],[[[-151.8,59.92],[-152.08,59.92],[-151.74,59.64],[-151.35,59.5],[-151,59.57],[-150.85,59.71],[-151.07,59.92],[-151.8,59.92]]],[[[19.95,60.07],[20.15,60.21],[20.17,60.42],[19.72,60.49],[19.68,60.14],[19.95,60.07]]],[[[-146.14,60.35],[-146.46,60.56],[-146.82,60.56],[-146.6,60.35],[-146.14,60.35]]],[[[-149.76,60.98],[-149.62,61.12],[-148.9,61.19],[-149.45,61.55],[-149.98,61.48],[-150.04,61.34],[-150.41,61.34],[-149.76,60.98]]],[[[40.97,43.08],[41.4,42.82],[41.43,42.95],[41.29,43.08],[40.97,43.08]]],[[[36.37,45.1],[36.42,45.43],[35.02,45.3],[34.99,45.63],[34.74,45.63],[34.54,45.96],[34.15,46.09],[33.74,46.02],[33.71,45.82],[33.04,45.69],[32.6,45.43],[32.92,45.43],[33.61,45.1],[33.52,44.45],[33.93,44.45],[34.38,44.78],[35.3,44.97],[35.41,45.17],[35.73,45.17],[35.88,45.04],[36.37,45.1]]],[[[35.56,65.22],[35.5,65],[36.09,65.08],[36.13,65.22],[35.56,65.22]]],[[[48.24,69.41],[48.11,68.88],[48.34,68.73],[48.84,68.73],[49.7,68.88],[50.32,69.33],[49.49,69.49],[48.61,69.56],[48.24,69.41]]],[[[78.57,72.84],[78.74,72.69],[79.36,72.69],[79.66,73],[79.18,73.16],[78.61,73],[78.57,72.84]]],[[[74.65,73.16],[74.12,73.16],[74.02,72.92],[74.58,72.84],[74.65,73.16]]],[[[86.21,74.63],[86.6,74.87],[86.06,74.87],[85.78,74.63],[86.21,74.63]]],[[[95.53,76.98],[96.42,76.98],[96.91,77.32],[96,77.24],[95.53,76.98]]],[[[155.17,50.25],[155.13,50.05],[155.84,50.25],[156.54,50.91],[155.82,50.71],[155.54,50.45],[155.22,50.38],[155.17,50.25]]],[[[172.93,53.12],[172.58,52.92],[172.84,52.79],[173.35,52.99],[172.93,53.12]]],[[[108.93,53.94],[108.6,53.73],[108.52,53.53],[108.87,53.53],[109.11,53.94],[108.93,53.94]]],[[[167.78,54.61],[167.87,54.89],[167.44,54.95],[167.26,54.75],[167.78,54.61]]],[[[137.96,55.09],[138.02,55.23],[137.5,55.23],[137.14,54.89],[137.41,54.82],[137.35,54.68],[137.63,54.61],[138.15,55.02],[137.96,55.09]]],[[[137.18,55.09],[136.9,55.16],[136.53,54.89],[136.87,54.89],[137.18,55.09]]],[[[165.97,55.43],[165.79,55.09],[166.05,55.02],[166.04,54.89],[166.47,54.75],[166.74,54.82],[166.48,54.95],[166.4,55.16],[166.22,55.16],[166.32,55.43],[165.97,55.43]]],[[[137.27,53.6],[137.86,54],[137.32,54.07],[137.69,54.34],[137.26,54.34],[136.98,54.07],[137.03,53.87],[136.68,53.87],[136.91,54.34],[136.92,54.68],[135.62,54.68],[135.34,54.75],[135.2,54.95],[137.43,55.98],[138.06,56.39],[138.67,57.01],[139.51,57.35],[140,57.7],[140.34,57.77],[140.9,58.39],[141.51,58.6],[142.45,59.22],[143.08,59.36],[145.07,59.43],[145.53,59.36],[145.89,59.22],[146.26,59.16],[146.43,59.36],[148.33,59.36],[148.61,59.22],[148.97,59.43],[149.15,59.71],[149.6,59.71],[150.42,59.57],[151.42,59.57],[151.68,59.36],[151.23,59.16],[151.05,59.02],[151.23,58.88],[152.04,58.88],[152.22,59.02],[152.85,58.88],[153.03,59.09],[153.4,59.22],[154.21,59.09],[154.4,59.22],[154.93,59.16],[155.22,59.43],[154.87,59.57],[154.14,59.5],[154.42,59.71],[154.25,59.85],[154.83,60.35],[155.49,60.56],[157.1,61.69],[158.98,61.9],[159.69,61.69],[160.28,61.9],[160.25,61.69],[159.82,61.34],[159.67,60.98],[160.23,61.05],[159.99,60.63],[160.74,60.77],[162.27,61.62],[162.73,61.62],[163,61.55],[163.42,61.83],[163.07,61.9],[163.24,62.26],[163.47,62.47],[163.3,62.55],[164.55,62.69],[164.61,62.55],[164.2,62.4],[163.86,62.12],[164.01,61.97],[163.64,61.55],[163.62,61.41],[163.88,61.34],[163.35,60.98],[163.06,60.91],[162.66,60.7],[161.99,60.56],[161.57,60.14],[160.87,59.71],[160.5,59.64],[159.53,58.95],[159.61,58.88],[159.23,58.6],[158.4,58.18],[157.67,58.04],[157.4,57.83],[156.86,57.9],[156.68,57.7],[156.94,57.49],[156.85,57.35],[155.7,56.52],[155.62,56.32],[155.71,56.18],[155.54,56.05],[155.63,55.84],[155.47,55.57],[155.56,55.43],[155.39,55.29],[155.5,55.02],[155.43,54.68],[155.61,54.68],[155.55,54.27],[155.73,54.27],[155.68,53.87],[155.77,53.8],[155.91,52.65],[156.17,52.59],[156.11,52.38],[156.22,52.25],[156.3,51.71],[156.41,51.58],[156.39,51.25],[156.61,50.98],[156.78,50.98],[158.3,51.98],[158.59,52.38],[158.47,52.65],[158.78,52.99],[159.52,53.26],[159.96,53.12],[160.13,53.26],[159.85,53.46],[160.06,54.21],[160.74,54.55],[161.7,54.48],[162.21,54.89],[162.12,55.09],[161.77,55.23],[161.86,55.57],[161.77,55.7],[161.95,55.98],[162.49,56.25],[162.57,56.05],[163.01,56.05],[163.46,56.39],[163.3,56.59],[163.31,56.8],[162.78,56.87],[162.89,57.21],[162.71,57.28],[163.38,57.83],[162.59,58.04],[162.4,57.9],[161.97,58.04],[161.98,58.18],[162.38,58.67],[163.26,59.22],[163.4,59.57],[163.22,59.57],[163.64,60],[164.57,60.07],[164.45,59.92],[164.79,59.78],[165.41,60.21],[166.19,60.49],[166.01,60],[166.07,59.78],[166.99,60.35],[168.42,60.63],[169.58,60.49],[169.63,60.28],[169.85,60.07],[170.28,59.92],[170.68,60.49],[171.16,60.56],[171.48,60.77],[172.07,60.91],[172.42,61.19],[172.85,61.41],[173.13,61.41],[173.58,61.69],[174.55,61.83],[177.06,62.62],[178.25,62.55],[178.13,62.47],[179,62.33],[179.61,62.69],[179.7,62.9],[179.26,62.98],[179.47,63.26],[179.4,63.34],[178.58,63.62],[178.89,63.91],[178.54,63.99],[178.7,64.13],[178.45,64.42],[177.84,64.35],[177.34,64.49],[177.53,64.71],[178.74,64.64],[180,65.08],[180,69.11],[179.64,69.18],[179.54,69.33],[178.99,69.41],[178.89,69.56],[177.83,69.64],[176.16,69.87],[176.31,69.95],[173.03,69.87],[172.87,70.1],[171.65,70.1],[170.68,70.18],[170.34,69.95],[170.5,69.87],[169.96,69.64],[170.62,69.56],[170.54,69.41],[170.96,69.26],[170.87,69.11],[170.45,68.88],[169.45,68.88],[169.63,69.03],[169.21,69.18],[169.35,69.26],[168.28,69.33],[168.35,69.64],[169.11,69.56],[169.54,69.79],[169.63,69.95],[168.2,70.1],[166.9,69.56],[164.25,69.72],[164.39,69.79],[160.89,69.64],[161.02,69.72],[159.78,69.87],[160.17,70.49],[160.15,70.64],[159.39,70.95],[158.1,71.03],[158.24,71.11],[157.25,71.19],[155.5,71.19],[153.21,70.88],[152.49,70.88],[152.01,70.95],[152.22,71.19],[151.67,71.34],[150.57,71.42],[150.74,71.58],[149.92,71.58],[150.09,71.74],[149.82,71.81],[150.1,71.97],[150.07,72.13],[149.62,72.29],[147.41,72.45],[145.88,71.81],[145.6,71.89],[146.01,72.13],[145.87,72.29],[146.5,72.29],[146.82,72.53],[145.91,72.61],[146.06,72.69],[141.2,72.84],[140.65,72.76],[140.69,72.61],[140.24,72.53],[139.64,72.61],[139,72.29],[139.05,72.13],[139.8,72.21],[139.41,71.97],[139.36,71.81],[139.83,71.66],[139.7,71.58],[138.98,71.58],[139.02,71.74],[138.07,71.66],[137.77,71.34],[137.4,71.5],[136.33,71.74],[135.71,71.74],[134.72,71.5],[133.49,71.5],[133.61,71.58],[132.88,71.97],[132.46,71.97],[131.84,71.5],[131.89,71.27],[131.1,70.88],[130.5,70.95],[130.04,71.27],[129.55,71.42],[129.39,71.66],[129.11,71.81],[128.31,71.97],[129.16,72.05],[129.63,72.29],[129.33,72.37],[129.47,72.53],[128.74,72.53],[129.22,72.76],[128.74,72.92],[129.12,73.16],[128.96,73.33],[127.95,73.49],[127.58,73.65],[126.26,73.49],[125.08,73.81],[123.46,73.73],[123.06,73.41],[123.36,73.33],[123.08,73],[122.78,73.08],[120.56,73],[120.15,73.08],[120.29,73.25],[118.69,73.16],[118.4,73.33],[118.9,73.73],[117.09,73.73],[114.44,73.73],[113.36,73.57],[113.6,73.81],[112.99,74.05],[112.53,73.73],[111.48,73.89],[111.72,74.14],[111.3,74.14],[110.4,73.65],[108.16,73.41],[107.84,73.25],[106.57,73.33],[107.43,73.65],[108.06,73.65],[108.72,73.97],[109.47,74.05],[109.92,74.22],[110.05,74.38],[110.5,74.54],[111.82,74.71],[113.31,75.12],[113.83,75.45],[113.77,75.62],[114.09,75.96],[113.57,76.04],[113.02,76.38],[112.2,76.55],[112.37,76.72],[112.07,76.81],[108.18,76.81],[107.91,76.64],[107.15,76.72],[107.59,77.06],[107.5,77.15],[105.8,77.06],[106.29,77.58],[104.97,77.67],[105.1,77.76],[103.41,77.76],[101.49,77.24],[100.97,76.89],[101.16,76.72],[100.8,76.55],[99.25,76.55],[98.91,76.46],[99.11,76.3],[98.33,76.3],[97.65,76.04],[96.22,76.04],[96.8,76.38],[95.91,76.38],[95.68,76.21],[94.14,76.21],[93.58,75.87],[92.6,75.79],[91.18,75.79],[91.07,75.71],[90.09,75.71],[89.88,75.54],[89.01,75.54],[88.17,75.2],[87.32,75.12],[86.84,74.71],[86.34,74.54],[86.08,74.22],[86.72,74.22],[87.06,74.14],[86.9,73.89],[85.92,73.97],[85.54,73.81],[84.05,73.81],[83.97,73.73],[80.89,73.73],[80.6,73.65],[80.18,73.33],[80.55,73.16],[80.67,72.84],[80.47,72.53],[80.74,72.37],[82.13,72.29],[82.22,72.05],[82.56,71.97],[82.52,71.81],[81.38,71.81],[81.45,71.89],[80.76,72.05],[80.81,72.21],[79.67,72.45],[78.31,72.45],[78.32,72.69],[77.48,72.69],[76.85,72.45],[76.71,72.29],[77.37,72.21],[77.23,72.05],[76.68,72.13],[76.09,72.05],[75.97,71.66],[76.15,71.5],[77.19,71.27],[75.4,71.34],[75.49,71.58],[75.27,71.81],[75.77,72.53],[75.66,72.76],[74.86,72.92],[74.79,72.61],[75.01,72.37],[74.87,72.21],[74.43,72.05],[73.64,71.97],[73.45,71.74],[72.89,71.42],[73.67,71.11],[73.65,70.95],[74,70.88],[74.22,70.64],[74.04,70.41],[73.72,70.26],[73.41,69.72],[73.79,69.41],[73.66,69.11],[74.96,69.11],[75.48,69.26],[76.63,69.18],[76.57,69.11],[77.59,68.88],[77.57,68.73],[77.88,68.35],[77.25,68.05],[77.4,68.5],[77.31,68.65],[76.73,68.8],[76.75,68.95],[76.47,69.11],[74.59,68.88],[74.32,68.65],[74.2,68.35],[74.76,67.89],[74.65,67.74],[74,67.52],[73.48,66.92],[72.3,66.62],[72.1,66.33],[70.4,66.4],[71.03,66.62],[71.52,66.62],[71.52,66.92],[71.87,67],[72.02,67.22],[72.42,67.37],[72.73,67.67],[73.03,67.82],[73.24,68.12],[73.1,68.2],[73.63,68.65],[72.5,69.03],[72.61,69.72],[72.78,69.95],[72.5,70.26],[72.84,70.57],[72.69,70.64],[72.89,71.03],[72.56,71.27],[72.15,71.27],[71.81,71.5],[72.25,71.66],[72.92,72.37],[72.94,72.76],[72.44,72.92],[71.78,73],[69.71,72.92],[70.05,73.08],[71.11,73.08],[71.41,73.33],[71.3,73.57],[70.13,73.57],[69.96,73.49],[69.67,73],[69.02,72.84],[68.33,71.81],[67.69,71.5],[67.01,71.42],[66.53,71.03],[66.57,70.8],[67.19,70.8],[67.02,70.41],[67.17,70.18],[66.81,70.1],[66.6,69.64],[68.01,69.49],[68.05,69.11],[68.35,68.95],[68.95,68.95],[68.49,68.27],[68.09,68.42],[67.99,68.57],[67.25,68.8],[67.3,68.88],[66.2,69.03],[66.25,69.11],[64.89,69.33],[64.79,69.49],[63.88,69.64],[63.93,69.72],[61.95,69.79],[61.19,69.87],[60.12,70.1],[59.33,70.49],[58.62,70.49],[58.34,70.18],[58.45,70.02],[59.11,69.95],[59.48,69.72],[60.09,69.72],[60.05,69.49],[60.41,69.41],[60.48,69.18],[60.83,69.11],[60.7,68.88],[59.96,68.8],[59.77,68.65],[59.74,68.42],[59.24,68.42],[59.13,68.57],[59.4,68.88],[59.09,69.03],[58.39,69.03],[58.2,68.88],[57.84,68.95],[57.18,68.65],[55.62,68.73],[55.04,68.57],[54.73,68.35],[53.3,68.27],[53.87,68.42],[53.79,68.65],[54.04,68.95],[53.28,69.03],[52.47,68.8],[52.25,68.57],[51.89,68.65],[51.52,68.5],[50.82,68.5],[49.29,67.97],[48.7,67.97],[48.7,67.74],[47.78,67.67],[47.82,67.52],[47.37,66.92],[45.81,66.92],[45.56,67.3],[44.93,67.44],[45.35,67.74],[46.66,67.82],[46.69,68.12],[46.45,68.27],[45.92,68.42],[45.61,68.65],[44.19,68.57],[44.22,68.65],[43.45,68.73],[43.46,68.5],[44.17,68.27],[43.94,67.67],[43.6,67.3],[43.74,67.15],[44.37,67],[44.13,66.62],[43.97,66.18],[43.61,66.25],[43.49,66.48],[41.96,66.55],[41.44,66.18],[40.4,65.96],[40.26,65.81],[39.61,65.59],[39.54,65.37],[39.88,65.22],[40.19,64.71],[39.43,64.71],[38.88,64.79],[38.21,64.79],[38.16,64.93],[36.92,65.3],[36.65,65],[36.32,64.86],[36.54,64.64],[37.13,64.35],[37.53,64.42],[37.89,64.35],[37.88,63.99],[37.39,63.91],[36.55,63.99],[36.25,64.28],[35.97,64.28],[35.82,64.42],[34.98,64.49],[34.9,64.93],[34.73,65],[34.79,65.22],[34.44,65.37],[34.67,65.52],[34.87,65.88],[34.56,66.18],[34.38,66.25],[33.63,66.33],[33.68,66.55],[33,66.55],[32.88,66.85],[32.51,66.92],[32.74,67.07],[33.06,66.77],[33.74,66.77],[34.11,66.7],[34.27,66.55],[34.95,66.55],[35.2,66.4],[35.57,66.33],[36.44,66.33],[36.42,66.25],[37.47,66.18],[38.68,66.03],[38.71,66.11],[39.8,66.18],[41.04,66.7],[41.39,67.15],[41.07,67.37],[41,67.74],[40.27,67.89],[39.97,68.2],[39.48,68.2],[38.91,68.27],[38.01,68.57],[37.96,68.73],[36.28,69.11],[36.13,69.26],[34.82,69.26],[34.46,69.41],[33.44,69.33],[33.48,69.49],[32.9,69.56],[33.06,69.79],[32.48,69.87],[32.31,70.02],[31.91,70.02],[31.55,69.79],[30.96,69.87],[30.68,69.56],[30.19,69.64],[29.94,69.41],[29.32,69.33],[29.17,69.11],[28.8,69.26],[29.27,69.56],[29.2,69.72],[28.51,69.79],[28.16,70.02],[26.52,69.95],[25.86,69.64],[25.76,69.11],[24.86,68.57],[24.4,68.8],[22.78,68.65],[22.79,68.73],[22.22,68.88],[21.77,69.26],[20.96,69.18],[21.12,68.88],[21.51,68.8],[21.87,68.57],[23.04,68.35],[23.58,68.05],[23.41,67.52],[23.69,67.44],[23.55,67.15],[23.9,66.92],[23.7,66.25],[24.06,66.03],[24.03,65.81],[24.5,65.74],[24.67,65.59],[25.23,65.52],[25.23,64.93],[24.56,64.93],[24.54,64.79],[24.01,64.42],[23.82,64.42],[23.28,63.99],[22.8,63.91],[22.78,63.77],[22.38,63.62],[22.37,63.48],[21.96,63.26],[21.5,63.34],[21.48,63.12],[21.28,63.05],[20.95,62.62],[21.21,62.47],[21.24,61.83],[21.5,61.69],[21.44,61.19],[21.23,60.98],[21.4,60.84],[21.38,60.63],[21.91,60.42],[22.36,60.42],[22.31,60],[23.05,60.07],[23.21,59.85],[24.05,60.07],[24.5,60],[24.61,60.14],[25.82,60.28],[26.4,60.49],[26.75,60.42],[27.05,60.56],[27.77,60.49],[28.54,60.7],[28.49,60.42],[28.99,60.14],[29.66,60.28],[30.16,60.07],[30.14,59.92],[29.77,59.92],[29.07,60.07],[28.85,59.85],[28.41,59.92],[28.29,59.78],[27.93,59.78],[27.88,59.5],[26.79,59.5],[26.45,59.64],[25.37,59.71],[25.35,59.57],[24.16,59.5],[23.96,59.36],[23.41,59.29],[23.41,58.53],[23.67,58.46],[23.82,58.25],[24.27,58.25],[24.23,57.28],[23.94,57.08],[23.58,57.01],[22.52,57.83],[21.6,57.63],[21.31,57.35],[21.28,57.08],[21,56.94],[20.84,56.18],[20.99,55.91],[21.25,55.84],[21.24,55.7],[21.64,55.36],[22.41,55.23],[22.81,54.89],[22.72,54.82],[22.66,54.27],[22.48,54.21],[22.52,53.73],[21.81,53.46],[21.29,53.46],[20.93,53.26],[20.67,53.26],[20.4,53.06],[19.97,53.12],[19.61,52.86],[19.18,52.86],[18.64,52.45],[18.3,52.45],[18.02,52.12],[17.68,52.05],[17.67,51.85],[17.91,51.58],[17.89,51.31],[18.3,50.98],[18.55,50.98],[18.86,50.58],[19.19,50.38],[19.17,50.05],[19.84,50.11],[20.25,49.98],[20.69,50.25],[21.03,50.25],[21.48,50.65],[21.74,50.71],[21.75,50.85],[22,50.85],[22.15,50.65],[22.66,50.65],[23.01,50.78],[23.76,50.78],[24,50.65],[24.34,50.65],[24.57,50.38],[25.07,50.38],[25.3,50.11],[25.72,50.18],[25.7,49.98],[25.85,49.85],[25.84,48.92],[25.9,48.72],[26.14,48.59],[26.27,48.19],[26.85,48.26],[27.23,47.93],[27.43,47.47],[28.11,46.87],[28.09,46.74],[28.24,46.61],[28.12,46.22],[28.12,45.43],[28.28,45.43],[28.51,45.24],[29.1,45.43],[29.58,45.43],[29.61,45.69],[29.86,45.69],[30.04,45.89],[30.3,45.96],[30.88,46.68],[31.61,46.61],[31.79,46.74],[32.19,46.68],[32.06,46.35],[32.68,46.09],[32.95,46.22],[33.59,46.15],[33.61,46.28],[34.02,46.28],[34.08,46.15],[34.74,46.15],[34.76,46.28],[35.25,46.28],[35.63,46.68],[36.8,46.81],[36.91,46.94],[37.52,47.14],[38.68,47.2],[39.2,47.33],[39.27,47.27],[39.13,46.94],[38.89,47.01],[38.79,46.87],[38.62,46.87],[38.49,46.61],[37.84,46.61],[37.9,46.48],[38.37,46.35],[38.33,46.15],[37.89,45.96],[37.76,45.63],[37.7,45.3],[36.97,45.3],[36.75,45.43],[36.78,45.1],[37.1,45.1],[37.25,44.97],[39.19,44.97],[39.81,45.24],[40.64,45.37],[40.81,44.91],[41.69,44.84],[41.73,44.65],[41.6,44.39],[41.98,44.25],[41.93,43.99],[41.73,43.73],[42.14,43.34],[42.11,43.21],[42.44,43.21],[42.99,43.15],[43.28,43.02],[43.34,42.89],[42.52,42.82],[42.33,43.08],[42.07,42.95],[42.09,42.63],[41.56,42.37],[41.92,42.11],[42.39,42.04],[42.66,41.78],[42.62,41.59],[42.86,41.59],[43.19,41.2],[43.58,41.13],[43.56,41],[43.77,40.87],[43.59,40.29],[43.67,40.29],[43.77,40.42],[44.09,40.42],[44.05,40.68],[44.91,40.61],[45.41,40.74],[45.59,40.42],[46.03,40.23],[45.92,40.03],[45.95,39.77],[45.78,39.71],[45.87,39.32],[46.08,39.19],[46.05,39],[46.19,38.87],[46.67,38.93],[47.49,39.58],[47.9,39.64],[48.09,39.84],[48.72,39.84],[48.78,39.71],[49,39.64],[49.03,39.38],[49.18,39.32],[49.27,39.38],[49.51,40.23],[49.69,40.36],[50.26,40.42],[50.05,40.55],[49.51,40.61],[49.24,40.87],[49.27,41],[49.06,41.13],[49.09,41.26],[47.93,42.24],[47.96,42.37],[47.68,42.56],[47.66,42.82],[47.38,43.02],[47.46,43.41],[47.34,43.6],[47.34,43.99],[47.01,44.32],[46.63,44.45],[46.69,44.71],[47.04,44.84],[47.33,45.43],[47.48,45.37],[47.47,45.69],[48.59,45.96],[48.64,46.15],[49.06,46.22],[49.3,46.55],[49.99,46.68],[50.3,46.94],[50.84,47.14],[51.58,47.14],[52.11,46.94],[52.18,47.53],[52.1,47.53],[52.26,48.13],[52.23,48.32],[52.05,48.59],[51.96,48.85],[52.02,49.38],[51.91,49.58],[52.24,51.51],[52.45,51.65],[53.13,51.65],[53.17,51.51],[53.59,51.51],[53.99,51.45],[54.5,51.45],[54.82,51.38],[54.95,51.25],[55.26,51.18],[56.19,51.18],[56.4,51.05],[57.1,51.11],[57.28,50.91],[57.62,50.91],[57.78,51.11],[58.45,51.11],[58.67,50.78],[59.15,50.71],[59.8,51.11],[60.94,53.39],[61.96,54],[62.57,54],[62.97,54.14],[63.87,54],[64.3,53.8],[64.41,53.66],[64.64,53.6],[66.27,53.39],[66.73,53.26],[66.7,53.19],[67.92,53.06],[67.89,52.99],[68.58,52.99],[68.55,52.92],[73.43,53.26],[74.08,53.53],[74.34,53.53],[74.86,53.87],[75.41,53.94],[75.72,53.87],[75.74,53.73],[76.11,53.46],[76.61,53.26],[76.91,52.86],[76.84,52.72],[77.14,52.32],[77.31,52.32],[77.38,52.12],[77.74,51.98],[77.8,51.78],[78.16,51.65],[78.41,51.31],[78.75,51.31],[78.85,51.18],[79.46,51.05],[79.68,50.65],[81.13,50.51],[81.1,50.45],[81.7,50.31],[81.67,50.25],[83.75,50.05],[83.68,49.58],[84.5,49.38],[84.94,49.58],[86.74,49.52],[87.19,49.25],[87.2,49.12],[87.42,49.05],[87.9,49.18],[88.33,49.52],[89,49.52],[89.49,49.65],[89.64,49.78],[89.45,50.05],[89.57,50.25],[89.98,50.38],[90.09,50.58],[89.95,50.78],[89.39,50.98],[89.17,51.31],[90.09,51.58],[90.29,51.78],[90.63,51.78],[90.72,51.65],[91.1,51.58],[92.71,51.71],[93.14,51.85],[93.86,52.32],[94.52,53.06],[96.11,53.26],[96.43,53.6],[96.85,53.46],[96.81,53.39],[97.86,53.06],[97.81,52.99],[98.76,52.99],[98.84,52.86],[98.68,52.38],[98.8,52.18],[99.31,52.05],[99.39,51.92],[100.14,51.78],[100.1,51.71],[100.78,51.71],[100.94,51.58],[101.32,51.51],[101.91,51.51],[102.16,51.25],[102.06,51.11],[102.31,50.85],[102.3,50.58],[102.8,50.45],[102.88,50.31],[103.22,50.31],[103.3,50.18],[104.05,50.18],[104.9,50.45],[106.46,50.38],[107.32,50.05],[107.78,49.98],[107.9,49.91],[107.97,49.65],[108.26,49.58],[108.38,49.38],[109.42,49.32],[109.75,49.18],[110.75,49.18],[111.22,49.38],[112.73,49.52],[113.26,49.91],[114.01,50.25],[114.85,50.25],[115,50.11],[115.41,49.98],[115.36,49.91],[116.5,49.98],[116.68,49.78],[117.83,49.52],[118.54,49.91],[119.01,49.98],[119.33,50.18],[119.15,50.38],[119.73,51.11],[119.65,51.11],[120.19,51.78],[120.67,52.05],[120.67,52.25],[120.5,52.45],[120.53,52.59],[119.9,52.65],[120.42,53.06],[121.09,53.33],[121.43,53.33],[121.7,53.53],[121.5,53.6],[121.54,53.73],[121.14,53.87],[121.12,54.14],[121.31,54.34],[121.64,54.14],[122.39,54.48],[122.8,54.55],[123.23,54.82],[124.02,56.18],[124.67,56.05],[124.75,55.77],[125.46,55.77],[125.85,55.63],[126.27,55.7],[128.34,55.5],[129.39,55.5],[129.71,55.29],[130.84,55.63],[130.72,55.43],[130.83,55.36],[130.62,55.16],[130.74,55.02],[130.68,54.61],[131.06,54.21],[130.94,54],[131.76,53.87],[131.71,53.73],[131.95,53.53],[131.81,53.39],[133.02,53.39],[133.48,53.6],[134.1,53.53],[134.42,53.6],[134.7,53.53],[135.11,53.6],[137.27,53.6]],[[105.4,52.12],[105.91,52.59],[106.49,52.79],[107.04,53.39],[108.12,54],[108.53,54.61],[109.01,55.09],[109.09,55.29],[108.97,55.36],[109.32,55.77],[109.99,55.84],[109.68,54.95],[109.74,54.82],[109.51,54.55],[109.66,54.41],[109.64,54.27],[108.83,53.26],[108.43,53.19],[107.9,52.72],[107.33,52.65],[106.82,52.32],[106.4,52.32],[106.01,51.78],[105.74,51.65],[104.83,51.45],[104.07,51.45],[103.57,51.58],[103.84,51.85],[104.91,51.92],[105.4,52.12]],[[34.04,61.83],[33.9,62.05],[34.02,62.55],[34.24,62.69],[34.5,62.62],[34.47,62.47],[34.88,62.26],[34.99,62.69],[34.76,62.9],[34.05,63.05],[34.12,63.34],[35.27,63.05],[35.42,62.9],[35.27,62.69],[35.29,62.4],[35.83,61.97],[36.02,61.97],[36.22,61.69],[36.08,61.12],[35.9,61.12],[35.57,60.91],[35.2,60.91],[35.41,61.41],[35.26,61.55],[34.04,61.83]],[[31.82,60.14],[31.1,60.21],[30.84,59.78],[30.38,59.78],[30.21,60.77],[29.8,61.05],[29.86,61.34],[30.16,61.48],[30.44,61.48],[30.56,61.62],[31.02,61.62],[31.09,61.48],[31.78,61.26],[31.89,60.91],[32.17,60.91],[32.09,60.56],[31.86,60.35],[31.82,60.14]]],[[[163.54,58.53],[164.48,58.88],[164.81,59.29],[164.26,59.22],[163.78,59.02],[163.76,58.88],[163.27,58.53],[163.54,58.53]]]]},"properties":{"NAME":"Russian Empire","C":5,"name":"Russian Empire","start_year":1815,"end_year":1823,"capital":"","type":"polity","region":"","event":"","source":"Cliopatria / Seshat Global History Databank (CC BY 4.0)","wikipedia":"Russian Empire","wikidata":"Q34266","_a":13842,"_c":[5.23,57.96],"_nz":"俄罗斯帝国","_sz":""}},
{"type":"Feature","geometry":{"type":"MultiPolygon","coordinates":[[[[18.23,57.83],[18.03,57.56],[18.08,56.94],[18.34,56.94],[18.45,57.21],[18.91,57.42],[18.84,57.7],[19.05,57.97],[18.6,57.97],[18.23,57.83]]],[[[30.96,69.87],[30.07,69.95],[29.7,70.1],[30.96,70.26],[31.03,70.57],[30.24,70.64],[30.07,70.8],[29.36,70.8],[29.29,70.95],[28.68,70.95],[28.41,71.11],[27.71,71.19],[27.26,71.03],[26.44,71.03],[25.88,70.8],[26.06,71.19],[25.87,71.27],[25.34,71.19],[25.3,70.95],[24.6,71.03],[24.27,70.95],[24.33,70.72],[23.63,70.8],[23.44,70.88],[22.41,70.8],[22.33,70.33],[21.43,70.41],[21.38,70.1],[20.77,70.02],[20.81,70.33],[20.29,70.26],[20.36,70.02],[19.84,69.87],[19.66,70.1],[18.86,70.18],[18.72,69.87],[18.82,69.79],[17.59,69.64],[17.27,69.49],[16.87,69.49],[17.04,69.11],[17.65,69.18],[17.52,68.88],[16.61,68.73],[16.62,68.88],[15.92,68.88],[15.94,69.11],[16.15,69.33],[15.75,69.33],[14.52,68.88],[14.4,68.5],[14.19,68.2],[14.98,68.27],[15.09,68.42],[15.58,68.27],[15.36,67.97],[15.07,67.97],[14.95,67.67],[14.55,67.52],[14.44,67.3],[14.13,67.07],[13.64,67.07],[13.63,66.77],[13.24,66.77],[12.94,66.62],[13.12,66.25],[12.35,66.25],[12.44,66.11],[12.34,65.88],[12.53,65.74],[12.14,65.59],[12.04,65.44],[12.13,65.15],[11.45,65],[11.35,64.86],[11.44,64.57],[10.87,64.64],[10.3,64.42],[10.3,64.28],[9.92,64.13],[9.92,63.99],[9.54,63.91],[9.54,63.62],[9.26,63.41],[8.98,63.48],[9.07,63.7],[8.5,63.7],[8.22,63.48],[7.84,63.55],[7.75,63.34],[8.22,63.34],[8.23,63.19],[7.95,63.05],[6.92,63.05],[6.92,62.83],[7.39,62.76],[7.4,62.62],[6.64,62.76],[6.56,62.47],[5.91,62.4],[5.44,62.4],[5.45,62.19],[5.08,62.26],[5.19,61.9],[4.91,61.76],[5.03,61.19],[4.95,61.05],[5.16,60.49],[4.89,60.42],[4.9,60.21],[5.26,60.28],[5.45,60.14],[5.18,60],[5.28,59.78],[5.21,59.29],[5.85,59.29],[5.95,59.02],[5.5,59.02],[5.51,58.6],[5.97,58.32],[6.52,58.25],[6.61,58.04],[7.6,57.97],[8.67,58.32],[9.11,58.74],[9.38,58.74],[9.65,59.02],[10.01,58.95],[10.19,59.16],[10.37,59.16],[10.47,59.43],[10.83,59.16],[11.1,59.16],[11.18,58.39],[11.45,58.32],[11.45,58.11],[11.71,58.11],[11.79,57.42],[12.06,57.35],[12.14,57.08],[12.41,56.94],[12.4,56.8],[12.75,56.66],[12.57,56.52],[12.48,56.32],[12.56,55.98],[12.91,55.77],[12.9,55.57],[12.72,55.43],[14.3,55.36],[14.23,55.91],[14.76,55.98],[14.77,56.18],[15.82,56.11],[16.09,56.25],[16.27,56.25],[16.63,56.39],[16.74,56.8],[16.92,56.94],[16.94,57.14],[17.12,57.28],[16.86,57.35],[16.76,57.08],[16.48,56.87],[16.5,57.28],[16.69,57.42],[16.63,57.9],[16.81,58.04],[16.85,58.6],[17.13,58.74],[17.49,58.74],[17.5,58.88],[17.95,58.88],[18.14,59.09],[18.41,59.09],[18.35,59.43],[18.63,59.5],[18.83,59.71],[19.01,59.71],[19.03,60],[18.78,60.21],[18.5,60.21],[18.61,60.42],[17.26,60.77],[17.19,60.98],[17.24,61.69],[17.51,61.69],[17.36,62.05],[17.56,62.33],[17.96,62.62],[17.98,62.83],[18.35,62.83],[18.47,63.12],[18.75,63.12],[19.14,63.26],[19.35,63.48],[19.73,63.48],[19.83,63.62],[20.41,63.7],[20.62,63.91],[20.81,63.91],[21.14,64.28],[21.54,64.42],[21.28,64.64],[21.21,64.93],[21.62,65.08],[21.76,65.44],[22.44,65.52],[22.38,65.81],[23.82,65.74],[24.03,65.81],[24.06,66.03],[23.7,66.25],[23.9,66.92],[23.55,67.15],[23.69,67.44],[23.41,67.52],[23.58,68.05],[23.04,68.35],[21.87,68.57],[21.51,68.8],[21.12,68.88],[20.96,69.18],[21.77,69.26],[22.22,68.88],[22.79,68.73],[22.78,68.65],[24.4,68.8],[24.86,68.57],[25.76,69.11],[25.86,69.64],[26.52,69.95],[28.16,70.02],[28.51,69.79],[29.2,69.72],[29.27,69.56],[28.8,69.26],[29.17,69.11],[29.32,69.33],[29.94,69.41],[30.19,69.64],[30.68,69.56],[30.96,69.87]]],[[[14.1,68.42],[13.7,68.42],[13.39,68.2],[13.59,68.12],[14.09,68.2],[14.1,68.42]]]]},"properties":{"NAME":"United Kingdoms of Sweden and Norway","C":5,"name":"United Kingdoms of Sweden and Norway","start_year":1815,"end_year":1819,"capital":"","type":"polity","region":"","event":"","source":"Cliopatria / Seshat Global History Databank (CC BY 4.0)","wikipedia":"Union between Sweden and Norway","wikidata":"Q62589","_a":417,"_c":[18.01,63.32],"_nz":"瑞典-挪威联合王国","_sz":""}},
{"type":"Feature","geometry":{"type":"MultiPolygon","coordinates":[[[[8.27,49.65],[8.6,49.58],[8.69,49.58],[8.6,49.98],[8.26,49.98],[8.27,49.65]]],[[[7.92,50.31],[8.18,50.18],[8.26,50.38],[8.76,50.45],[8.93,50.65],[8.84,50.78],[8.59,50.65],[8,50.58],[8.07,51.25],[8.41,51.25],[8.41,51.51],[8.32,51.85],[8.06,51.92],[7.72,51.85],[7.9,51.65],[7.39,51.51],[7.73,51.25],[7.74,51.05],[7.91,50.91],[7.92,50.38],[7.92,50.31]]]]},"properties":{"NAME":"Grand Duchy of Hesse","C":8,"name":"Grand Duchy of Hesse","start_year":1815,"end_year":1819,"capital":"","type":"polity","region":"","event":"","source":"Cliopatria / Seshat Global History Databank (CC BY 4.0)","wikipedia":"Grand Duchy of Hesse","wikidata":"Q20135","_a":4,"_c":[8.16,50.75],"_nz":"黑森大公国","_sz":""}},
{"type":"Feature","geometry":{"type":"Polygon","coordinates":[[[9.97,44.12],[10.29,44.19],[10.62,44.12],[10.78,44.25],[10.86,44.25],[10.86,44.39],[11.02,44.45],[11.1,44.71],[11.35,44.84],[11.35,44.97],[10.45,44.97],[10.21,44.58],[10.05,44.58],[10.05,44.39],[9.89,44.25],[9.97,44.12]]]},"properties":{"NAME":"Duchy of Modena and Reggio","C":0,"name":"Duchy of Modena and Reggio","start_year":1815,"end_year":1847,"capital":"","type":"polity","region":"","event":"","source":"Cliopatria / Seshat Global History Databank (CC BY 4.0)","wikipedia":"Duchy of Modena and Reggio","wikidata":"Q252580","_a":1,"_c":[10.62,44.55],"_nz":"摩德纳和雷焦公国","_sz":""}},
{"type":"Feature","geometry":{"type":"MultiPolygon","coordinates":[[[[98.09,10.83],[98.3,10.76],[98.25,10.96],[98.09,10.83]]],[[[98.61,11.73],[98.32,11.79],[98.3,11.6],[98.52,11.54],[98.61,11.73]]],[[[98.49,12.69],[98.27,12.69],[98.25,12.5],[98.46,12.44],[98.49,12.69]]],[[[98.53,10.06],[98.77,10.31],[98.98,10.96],[99.54,11.54],[99.66,11.99],[99.47,12.24],[99.43,12.56],[99.17,12.89],[99.28,13.27],[99.24,13.59],[99.13,13.85],[98.47,14.49],[98.48,14.62],[98.23,14.94],[98.26,15.2],[98.67,15.52],[98.67,16.04],[98.91,16.16],[98.93,16.36],[98.64,16.36],[98.63,16.81],[97.92,17.51],[97.94,17.64],[97.8,17.71],[97.84,17.96],[97.6,18.35],[97.47,18.48],[97.77,18.54],[97.87,18.67],[97.94,19.64],[98.1,19.76],[98.92,19.76],[99.19,20.09],[99.41,20.09],[99.83,20.41],[100.13,20.41],[100.24,20.66],[100.64,20.86],[100.69,21.18],[101.18,21.44],[101.16,21.76],[100.74,21.5],[100.22,21.5],[100.03,21.69],[100.07,21.95],[99.94,22.08],[99.29,22.14],[99.57,22.98],[98.94,23.24],[98.87,23.69],[98.73,23.75],[98.88,24.14],[97.65,23.94],[97.79,24.33],[97.59,24.46],[97.65,24.78],[97.82,24.91],[97.87,25.16],[98.13,25.36],[98.17,25.55],[98.67,25.81],[98.84,26.58],[98.74,26.84],[98.74,27.48],[98.56,27.67],[98.26,27.67],[98.16,28.19],[97.98,28.38],[97.56,28.51],[97.42,28.25],[97.34,27.93],[97,27.74],[96.94,27.48],[97.13,27.35],[97.16,27.16],[96.94,27.16],[96.89,27.29],[96.21,27.29],[95.58,26.77],[95.16,26.58],[95.08,26.19],[95.19,26],[94.88,25.55],[94.71,25.49],[94.74,24.84],[94.37,24.39],[94.21,23.94],[93.98,23.88],[93.85,24.01],[93.4,24.01],[93.41,23.56],[93.48,23.56],[93.42,23.17],[93.17,23.04],[93.19,22.14],[93.02,22.01],[92.73,22.08],[92.69,21.31],[92.33,21.37],[92.35,20.99],[92.25,20.79],[92.63,20.34],[92.85,20.34],[92.83,20.15],[93.06,20.21],[93.02,19.96],[93.4,20.02],[93.38,19.89],[93.6,19.89],[93.58,19.7],[93.8,19.7],[93.68,19.38],[93.51,19.25],[93.76,18.93],[93.54,18.93],[93.51,18.74],[93.8,18.67],[93.83,18.86],[94.12,18.86],[94.48,18.22],[94.49,17.77],[94.61,17.58],[94.43,16.81],[94.35,16.81],[94.24,15.97],[94.81,15.84],[94.87,15.71],[95.34,15.91],[95.31,15.71],[95.61,15.71],[95.81,16.16],[96.03,16.16],[96.35,16.36],[96.37,16.49],[96.67,16.49],[96.92,16.74],[96.93,17.32],[97.2,17.13],[97.16,16.87],[97.27,16.61],[97.4,16.49],[97.62,16.49],[97.55,15.97],[97.75,15.78],[97.77,14.81],[97.99,14.75],[97.88,14.49],[98.07,14.24],[98.04,13.98],[98.25,13.85],[98.28,13.53],[98.42,13.46],[98.65,12.82],[98.61,11.73],[98.76,11.73],[98.65,11.41],[98.7,11.09],[98.6,10.83],[98.45,10.76],[98.46,10.06],[98.53,10.06]]]]},"properties":{"NAME":"Konbaung Dynasty","C":5,"name":"Konbaung Dynasty","start_year":1815,"end_year":1819,"capital":"","type":"polity","region":"","event":"","source":"Cliopatria / Seshat Global History Databank (CC BY 4.0)","wikipedia":"Konbaung dynasty","wikidata":"Q1062422","_a":165,"_c":[96.72,19.29],"_nz":"贡榜王朝","_sz":""}},
{"type":"Feature","geometry":{"type":"MultiPolygon","coordinates":[[[[10.86,50.91],[10.87,51.18],[10.7,51.18],[10.7,50.91],[10.86,50.91]]],[[[19.24,49.85],[19.17,50.05],[19.19,50.38],[18.86,50.58],[18.55,50.98],[18.3,50.98],[17.89,51.31],[17.91,51.58],[17.67,51.85],[17.68,52.05],[18.02,52.12],[18.3,52.45],[18.64,52.45],[19.18,52.86],[19.61,52.86],[19.97,53.12],[20.4,53.06],[20.67,53.26],[20.93,53.26],[21.29,53.46],[21.81,53.46],[22.52,53.73],[22.48,54.21],[22.66,54.27],[22.72,54.82],[22.81,54.89],[22.41,55.23],[21.64,55.36],[21.24,55.7],[21.25,55.84],[20.99,55.91],[20.97,55.63],[21.2,55.36],[20.99,54.95],[20.73,54.95],[20.65,55.09],[19.95,55.02],[19.82,54.48],[19.56,54.48],[19.46,54.34],[18.69,54.41],[18.45,54.68],[18.46,54.89],[17.5,54.89],[16.44,54.61],[15.99,54.27],[15.04,54.21],[14.51,54],[14.5,53.73],[14.15,53.73],[14.17,54.07],[13.3,54.21],[13.74,54.27],[13.58,54.68],[13.23,54.75],[13.05,54.48],[12.44,54.48],[12.44,54.41],[12.61,54.14],[13.04,53.94],[12.95,53.87],[13.03,53.73],[13.12,53.66],[13.46,53.73],[13.55,53.6],[13.2,53.33],[12.68,53.39],[12.17,53.39],[11.74,53.6],[11.56,53.39],[11.31,53.46],[11.13,53.26],[10.62,53.39],[10.45,53.46],[10.36,53.46],[10.19,53.39],[9.84,53.53],[9.41,53.66],[9.24,53.87],[8.89,53.87],[8.46,53.94],[8.38,53.66],[8.38,53.39],[8.47,53.12],[8.56,53.12],[8.73,53.06],[8.73,52.92],[8.47,52.92],[8.13,52.86],[7.96,52.65],[7.79,52.92],[7.53,52.99],[7.61,53.26],[7.78,53.53],[7.95,53.53],[7.94,53.73],[7.08,53.73],[6.91,53.6],[6.92,53.39],[7.18,53.33],[7.18,53.26],[7.02,52.72],[6.68,52.65],[6.68,52.52],[6.94,52.38],[6.95,52.25],[6.7,52.05],[6.61,51.98],[6.53,51.85],[5.94,51.85],[5.94,51.71],[6.2,51.51],[5.96,51.18],[5.99,50.31],[6.07,50.31],[6.17,49.91],[6.34,49.85],[6.35,49.52],[6.69,49.18],[8.11,48.99],[8.28,49.18],[8.35,49.58],[8.27,49.65],[8.18,49.85],[7.76,49.85],[7.33,50.25],[7.17,50.25],[7.08,50.45],[7.07,50.78],[7.49,51.05],[7.66,50.85],[7.58,50.51],[7.92,50.38],[7.91,50.91],[7.74,51.05],[7.73,51.25],[7.39,51.51],[7.9,51.65],[7.72,51.85],[8.06,51.92],[8.32,51.85],[8.41,51.51],[8.75,51.58],[8.83,51.58],[9.34,51.71],[9.59,51.58],[9.43,51.38],[9.43,51.18],[9.93,51.38],[10.02,51.18],[10.36,51.11],[10.53,51.25],[10.87,51.18],[11.2,51.25],[11.29,51.05],[11.46,51.05],[11.96,51.05],[12.22,51.05],[12.3,51.11],[12.47,51.18],[12.55,50.91],[12.3,50.98],[11.96,50.91],[11.79,50.85],[12.21,50.78],[12.21,50.65],[11.96,50.58],[11.87,50.45],[11.87,50.38],[12.12,50.25],[12.38,50.38],[12.8,50.38],[13.39,50.71],[14.15,50.85],[14.33,51.05],[14.58,50.91],[15.26,50.98],[15.42,50.78],[16.34,50.65],[16.24,50.38],[16.49,50.18],[16.82,50.18],[16.92,50.45],[17.75,50.25],[17.74,50.05],[18.49,49.91],[18.81,49.65],[19.24,49.85]],[[12.31,51.65],[11.97,51.51],[11.46,51.58],[12.06,51.71],[12.14,51.92],[12.4,51.85],[12.31,51.65]],[[10.95,51.71],[10.78,51.65],[10.53,51.85],[10.1,51.92],[10.1,51.78],[9.17,51.78],[9.17,51.98],[9.42,51.92],[9.68,52.05],[9.59,52.18],[10.19,52.18],[10.53,51.92],[10.87,51.92],[10.95,51.71]],[[10.95,51.71],[11.38,51.78],[11.38,51.65],[10.95,51.58],[10.95,51.71]],[[10.36,52.18],[10.19,52.38],[10.7,52.38],[10.36,52.18]],[[8.65,52.12],[8.65,52.18],[8.74,52.18],[8.74,52.25],[8.91,52.25],[8.91,52.05],[8.83,51.85],[8.49,51.78],[8.4,52.05],[8.65,52.12]]]]},"properties":{"NAME":"German Confederation","C":11,"name":"German Confederation","start_year":1815,"end_year":1819,"capital":"","type":"polity","region":"","event":"","source":"Cliopatria / Seshat Global History Databank (CC BY 4.0)","wikipedia":"German Confederation","wikidata":"Q151624","_a":117,"_c":[14.38,52.45],"_nz":"德意志邦联","_sz":""}},
{"type":"Feature","geometry":{"type":"MultiPolygon","coordinates":[[[[8.93,50.65],[9.26,50.65],[9.35,50.78],[9.85,50.85],[10.02,51.18],[9.93,51.38],[9.43,51.18],[9.43,51.38],[9.59,51.58],[9.34,51.71],[8.83,51.58],[8.83,51.31],[8.67,51.18],[8.5,51.25],[8.41,51.25],[8.07,51.25],[8,50.58],[8.59,50.65],[8.84,50.78],[8.93,50.65]]],[[[8.83,52.05],[8.91,52.05],[8.91,52.25],[8.74,52.25],[8.66,52.05],[8.83,52.05]]]]},"properties":{"NAME":"Electorate of Hesse","C":11,"name":"Electorate of Hesse","start_year":1815,"end_year":1819,"capital":"","type":"polity","region":"","event":"","source":"Cliopatria / Seshat Global History Databank (CC BY 4.0)","wikipedia":"Electorate of Hesse","wikidata":"Q529605","_a":3,"_c":[9.01,51.42],"_nz":"黑森选侯国","_sz":""}},
{"type":"Feature","geometry":{"type":"MultiPolygon","coordinates":[[[[-69.11,12.18],[-68.95,12.05],[-68.66,11.99],[-68.74,12.18],[-69.12,12.37],[-69.11,12.18]]],[[[-68.16,12.24],[-68.39,12.31],[-68.29,12.05],[-68.15,12.05],[-68.16,12.24]]],[[[-62.93,18.09],[-63.16,18.22],[-63.14,18.03],[-62.93,18.09]]]]},"properties":{"NAME":"Netherlands Antilles","C":0,"name":"Netherlands Antilles","start_year":1815,"end_year":1819,"capital":"","type":"polity","region":"","event":"","source":"Cliopatria / Seshat Global History Databank (CC BY 4.0)","wikipedia":"Netherlands Antilles","wikidata":"Q25227","_a":44,"_c":[-66.47,15.11],"_nz":"荷属安的列斯","_sz":""}},
{"type":"Feature","geometry":{"type":"Polygon","coordinates":[[[1.49,42.63],[1.58,42.43],[1.81,42.56],[1.49,42.63]]]},"properties":{"NAME":"Principality of Andorra","C":0,"name":"Principality of Andorra","start_year":1815,"end_year":1835,"capital":"","type":"polity","region":"","event":"","source":"Cliopatria / Seshat Global History Databank (CC BY 4.0)","wikipedia":"Andorra","wikidata":"Q228","_a":0,"_c":[1.65,42.53],"_nz":"安道尔公国","_sz":""}},
{"type":"Feature","geometry":{"type":"Polygon","coordinates":[[[9.62,47.53],[9.95,47.53],[10.12,47.33],[10.37,47.33],[10.45,47.6],[10.86,47.53],[11.02,47.4],[11.93,47.66],[12.76,47.66],[12.84,47.53],[13.09,47.6],[12.92,47.73],[12.93,47.93],[12.76,47.99],[12.77,48.19],[13.26,48.32],[13.43,48.59],[13.77,48.65],[13.77,48.79],[12.53,49.52],[12.37,49.71],[12.37,49.98],[12.21,50.18],[11.87,50.38],[11.87,50.45],[11.37,50.38],[11.11,50.31],[10.44,50.25],[10.19,50.51],[10.02,50.51],[9.35,50.05],[9.27,49.71],[9.44,49.58],[9.69,49.58],[9.86,49.25],[10.11,48.99],[10.11,48.65],[9.86,48.46],[9.95,47.86],[9.46,47.6],[9.62,47.53]]]},"properties":{"NAME":"Kingdom of Bavaria","C":4,"name":"Kingdom of Bavaria","start_year":1815,"end_year":1819,"capital":"","type":"polity","region":"","event":"","source":"Cliopatria / Seshat Global History Databank (CC BY 4.0)","wikipedia":"Kingdom of Bavaria","wikidata":"Q154195","_a":14,"_c":[11.52,48.92],"_nz":"巴伐利亚王国","_sz":""}},
{"type":"Feature","geometry":{"type":"MultiPolygon","coordinates":[[[[8.65,52.12],[8.4,52.05],[8.49,51.78],[8.83,51.85],[8.91,52.05],[8.83,52.05],[8.66,52.05],[8.65,52.12]]],[[[8.65,52.12],[8.74,52.12],[8.74,52.18],[8.65,52.18],[8.65,52.12]]]]},"properties":{"NAME":"Principality of Lippe","C":11,"name":"Principality of Lippe","start_year":1815,"end_year":1819,"capital":"","type":"polity","region":"","event":"","source":"Cliopatria / Seshat Global History Databank (CC BY 4.0)","wikipedia":"Principality of Lippe","wikidata":"Q14551680","_a":0,"_c":[8.66,51.98],"_nz":"利珀亲王国","_sz":""}},
{"type":"Feature","geometry":{"type":"MultiPolygon","coordinates":[[[[44.94,-13.02],[45.09,-13.02],[45.15,-12.76],[44.93,-12.7],[44.94,-13.02]]],[[[43.52,-12.38],[43.74,-12.44],[43.74,-12.25],[43.52,-12.25],[43.52,-12.38]]],[[[44.18,-12.19],[44.33,-12.44],[44.48,-12.44],[44.47,-12.19],[44.18,-12.19]]],[[[43.06,-11.61],[43.14,-11.86],[43.36,-11.93],[43.34,-11.35],[43.12,-11.35],[43.06,-11.61]]]]},"properties":{"NAME":"French India","C":1,"name":"French India","start_year":1815,"end_year":1819,"capital":"","type":"polity","region":"","event":"","source":"Cliopatria / Seshat Global History Databank (CC BY 4.0)","wikipedia":"French India","wikidata":"Q646374","_a":3,"_c":[44.11,-12.18],"_nz":"法属印度","_sz":""}}
]}