{"type":"FeatureCollection", "features": [
{"type":"Feature","geometry":{"type":"Polygon","coordinates":[[[85.56,27.8],[85.36,27.93],[85.24,27.67],[85.45,27.61],[85.56,27.8]]]},"properties":{"NAME":"Kathmandu","C":5,"name":"Kathmandu","start_year":1202,"end_year":1743,"capital":"","type":"polity","region":"","event":"","source":"Cliopatria / Seshat Global History Databank (CC BY 4.0)","wikipedia":"Kathmandu","wikidata":"Q3037","_a":0,"_c":[85.4,27.77],"_nz":"加德满都","_sz":""}},
{"type":"Feature","geometry":{"type":"Polygon","coordinates":[[[79.8,9.57],[80.14,9.52],[79.97,9.28],[80.03,9.05],[79.7,9.11],[79.93,8.88],[81.17,8.49],[81.26,8.55],[80.79,9.33],[80.23,9.84],[80.01,9.83],[79.75,9.64],[79.8,9.57]]]},"properties":{"NAME":"Jaffna kingdom","C":5,"name":"Jaffna kingdom","start_year":1352,"end_year":1587,"capital":"","type":"polity","region":"","event":"","source":"Cliopatria / Seshat Global History Databank (CC BY 4.0)","wikipedia":"Jaffna kingdom","wikidata":"Q1311219","_a":2,"_c":[80.48,9.16],"_nz":"贾夫纳王国","_sz":""}},
{"type":"Feature","geometry":{"type":"Polygon","coordinates":[[[45.69,40.55],[46.61,40.36],[46.65,40.16],[46.88,40.1],[47,39.9],[47.31,39.9],[47.37,39.77],[48.72,39.84],[48.78,39.71],[49,39.64],[49.03,39.38],[49.18,39.32],[49.27,39.38],[49.51,40.23],[49.69,40.36],[50.26,40.42],[50.05,40.55],[49.51,40.61],[49.24,40.87],[49.27,41],[49.06,41.13],[49.09,41.26],[48.28,41.98],[48.17,41.85],[47.99,41.33],[47.5,41.26],[47.22,41.46],[47.11,41.33],[46.78,41.26],[46.48,40.94],[45.99,40.87],[45.69,40.55]]]},"properties":{"NAME":"Shirvan","C":9,"name":"Shirvan","start_year":1415,"end_year":1533,"capital":"","type":"polity","region":"","event":"","source":"Cliopatria / Seshat Global History Databank (CC BY 4.0)","wikipedia":"Shirvan","wikidata":"Q638064","_a":12,"_c":[47.97,40.65],"_nz":"希尔万","_sz":""}},
{"type":"Feature","geometry":{"type":"Polygon","coordinates":[[[17.51,42.82],[17.83,42.89],[18.14,42.63],[18.3,42.63],[18.31,42.69],[18.08,43.02],[17.52,43.02],[17.52,42.95],[17.51,42.82]]]},"properties":{"NAME":"Republic of Ragusa","C":0,"name":"Republic of Ragusa","start_year":1429,"end_year":1771,"capital":"","type":"polity","region":"","event":"","source":"Cliopatria / Seshat Global History Databank (CC BY 4.0)","wikipedia":"Republic of Ragusa","wikidata":"Q208169","_a":0,"_c":[17.95,42.79],"_nz":"拉古萨共和国","_sz":""}},
{"type":"Feature","geometry":{"type":"Polygon","coordinates":[[[-73.61,44.06],[-73.72,44.45],[-73.57,44.65],[-73.63,44.91],[-73.45,45.04],[-73.5,45.3],[-74.26,45.37],[-74.98,45.17],[-75.04,44.97],[-75.54,44.84],[-75.73,44.58],[-76.07,44.45],[-76.26,44.19],[-76.01,43.86],[-76.19,43.73],[-76.17,43.54],[-76.54,43.47],[-76.76,43.28],[-78.08,43.34],[-78.11,42.76],[-78.23,42.69],[-77.91,42.37],[-76.12,42.3],[-75.31,42.11],[-75.22,42.43],[-75.06,42.43],[-74.82,42.76],[-74.06,43.02],[-73.67,43.54],[-73.72,43.8],[-73.61,44.06]]]},"properties":{"NAME":"Haudenosaunee","C":5,"name":"Haudenosaunee","start_year":1450,"end_year":1571,"capital":"","type":"polity","region":"","event":"","source":"Cliopatria / Seshat Global History Databank (CC BY 4.0)","wikipedia":"Iroquois","wikidata":"Q68518","_a":16,"_c":[-75.78,43.77],"_nz":"易洛魁联盟","_sz":""}},
{"type":"Feature","geometry":{"type":"MultiPolygon","coordinates":[[[[7.02,49.58],[7.1,49.45],[7.36,49.25],[7.69,49.25],[8.03,48.99],[8.11,48.99],[8.27,49.25],[8.77,49.32],[8.61,49.45],[8.36,49.45],[8.27,49.71],[7.85,49.71],[7.76,49.91],[7.51,49.91],[7.6,49.58],[7.02,49.58]]],[[[11.28,49.18],[11.53,49.12],[11.69,48.92],[12.11,48.99],[12.36,48.85],[12.52,48.85],[12.61,49.12],[12.86,49.12],[13.03,49.25],[12.53,49.52],[12.37,49.71],[12.37,49.98],[12.12,50.18],[11.87,50.18],[11.7,49.91],[11.2,49.78],[11.28,49.52],[11.03,49.45],[11.03,49.25],[11.28,49.18]]]]},"properties":{"NAME":"Electorate of Trier","C":7,"name":"Electorate of Trier","start_year":1459,"end_year":1555,"capital":"","type":"polity","region":"","event":"","source":"Cliopatria / Seshat Global History Databank (CC BY 4.0)","wikipedia":"Electorate of Trier","wikidata":"Q1794352","_a":8,"_c":[10.02,49.49],"_nz":"特里尔选侯国","_sz":""}},
{"type":"Feature","geometry":{"type":"Polygon","coordinates":[[[4.8,44.12],[5.04,44.19],[4.88,44.25],[4.8,44.12]]]},"properties":{"NAME":"Principality of Orange","C":7,"name":"Principality of Orange","start_year":1459,"end_year":1563,"capital":"","type":"polity","region":"","event":"","source":"Cliopatria / Seshat Global History Databank (CC BY 4.0)","wikipedia":"Principality of Orange","wikidata":"Q2281221","_a":0,"_c":[4.92,44.19],"_nz":"奥兰治公国","_sz":""}},
{"type":"Feature","geometry":{"type":"Polygon","coordinates":[[[43.2,41.72],[43.23,41.85],[43.48,41.91],[43.7,42.24],[43.68,42.56],[43.78,42.69],[43.74,42.89],[43.43,42.95],[43.25,42.82],[42.62,42.89],[42.58,42.69],[42.71,42.5],[42.53,42.43],[42.39,42.04],[42.66,41.78],[42.62,41.59],[43.2,41.72]]]},"properties":{"NAME":"Kingdom of Imereti","C":9,"name":"Kingdom of Imereti","start_year":1468,"end_year":1578,"capital":"","type":"polity","region":"","event":"","source":"Cliopatria / Seshat Global History Databank (CC BY 4.0)","wikipedia":"Kingdom of Imereti","wikidata":"Q1069959","_a":2,"_c":[43.1,42.27],"_nz":"伊梅列季王国","_sz":""}},
{"type":"Feature","geometry":{"type":"Polygon","coordinates":[[[41.72,43.28],[41.41,43.34],[41.28,43.47],[40.74,43.6],[40.17,43.6],[40.22,43.41],[40.42,43.15],[40.82,43.15],[41.17,42.89],[41.33,42.89],[41.51,42.95],[41.72,43.28]]]},"properties":{"NAME":"Principality of Abkhazia","C":4,"name":"Principality of Abkhazia","start_year":1468,"end_year":1571,"capital":"","type":"polity","region":"","event":"","source":"Cliopatria / Seshat Global History Databank (CC BY 4.0)","wikipedia":"Principality of Abkhazia","wikidata":"Q1760473","_a":1,"_c":[40.87,43.25],"_nz":"阿布哈兹公国","_sz":""}},
{"type":"Feature","geometry":{"type":"Polygon","coordinates":[[[135.76,35],[136.06,35],[136.03,35.39],[135.84,35.32],[135.76,35]]]},"properties":{"NAME":"Ashikaga Shogunate","C":7,"name":"Ashikaga Shogunate","start_year":1468,"end_year":1539,"capital":"","type":"polity","region":"","event":"","source":"Cliopatria / Seshat Global History Databank (CC BY 4.0)","wikipedia":"Ashikaga shogunate","wikidata":"Q1154406","_a":0,"_c":[135.95,35.17],"_nz":"足利幕府","_sz":""}},
{"type":"Feature","geometry":{"type":"Polygon","coordinates":[[[98.16,28.19],[98.37,28.44],[98.57,28.32],[98.87,28.32],[99.03,29.22],[99.24,29.15],[99.4,29.47],[99.53,29.41],[99.41,28.96],[99.49,28.96],[99.43,28.44],[99.61,28.25],[99.7,28.32],[99.74,28.77],[99.98,28.83],[100.68,29.73],[101.1,31.66],[101.18,31.66],[101.87,33.52],[101.2,33.78],[100.86,33.91],[98.85,34.1],[98.32,34.36],[98.29,34.49],[97.72,34.61],[97.68,34.74],[97.45,34.74],[96.55,35.26],[95.77,35.45],[93.54,36.61],[92.6,36.8],[92.36,37],[91.79,36.93],[91.39,36.67],[91.25,36.48],[90.26,36.55],[89.83,36.42],[89.71,36.55],[88.67,36.67],[87.24,36.35],[86.8,36.42],[86.52,36.29],[86.24,35.9],[85.89,35.77],[85.7,35.9],[85,35.9],[84.63,35.71],[83.88,35.77],[83.28,35.58],[82.81,35.58],[82.74,35.84],[82.35,35.84],[82.02,35.52],[81.67,35.39],[81.48,35.52],[80.22,35.45],[80.17,35],[80.02,34.74],[79.59,34.55],[79.45,34.04],[78.98,34.04],[78.93,33.52],[79.03,33.33],[79.18,33.33],[79.42,33.07],[79.39,32.94],[79.57,32.75],[79.35,32.49],[79.02,32.36],[78.8,32.43],[78.7,32.62],[78.53,32.56],[78.56,32.04],[78.75,31.91],[78.75,31.59],[79.1,31.46],[79.45,31.01],[79.97,30.95],[80.26,30.56],[80.84,30.44],[81.07,30.12],[81.3,30.12],[81.59,30.37],[82.04,30.37],[82.47,29.92],[83.31,29.6],[83.43,29.47],[83.45,29.22],[83.66,29.15],[83.84,29.28],[84.14,29.28],[84.27,29.15],[84.22,28.96],[84.41,28.77],[84.7,28.7],[84.74,28.57],[85.2,28.57],[85.08,28.38],[85.28,28.25],[85.75,28.32],[85.97,27.93],[86.23,28.12],[86.34,27.93],[86.82,28.06],[87.37,27.8],[87.75,27.8],[88.21,27.87],[88.56,28.06],[88.84,27.99],[88.87,28.12],[89.19,28.19],[89.62,28.12],[89.97,28.32],[90.6,28.44],[92.13,28.51],[93.15,28.7],[93.51,28.64],[93.83,28.7],[94.66,29.28],[95.42,29.02],[95.55,29.22],[95.97,29.41],[96.2,29.41],[96.32,29.28],[96.21,29.15],[96.24,28.96],[97.3,28.96],[97.56,28.83],[97.56,28.51],[97.98,28.38],[98.16,28.19]]]},"properties":{"NAME":"Tibet","C":0,"name":"Tibet","start_year":1468,"end_year":1539,"capital":"","type":"polity","region":"","event":"","source":"Cliopatria / Seshat Global History Databank (CC BY 4.0)","wikipedia":"History of Tibet","wikidata":"Q521263","_a":215,"_c":[90.17,32.4],"_nz":"西藏","_sz":""}},
{"type":"Feature","geometry":{"type":"Polygon","coordinates":[[[42.39,42.04],[42.53,42.43],[42.71,42.5],[42.58,42.69],[42.62,42.89],[43.25,42.82],[43.43,42.95],[43.44,43.02],[42.53,43.28],[41.72,43.28],[41.51,42.95],[41.33,42.89],[41.32,42.82],[41.61,42.63],[41.48,42.37],[41.7,42.24],[41.76,42.11],[42.39,42.04]]]},"properties":{"NAME":"Principality of Mingrelia","C":7,"name":"Principality of Mingrelia","start_year":1468,"end_year":1571,"capital":"","type":"polity","region":"","event":"","source":"Cliopatria / Seshat Global History Databank (CC BY 4.0)","wikipedia":"Principality of Mingrelia","wikidata":"Q2907860","_a":3,"_c":[42.38,42.66],"_nz":"明格列尔公国","_sz":""}},
{"type":"Feature","geometry":{"type":"Polygon","coordinates":[[[47.22,41.46],[47.23,41.52],[46.67,41.91],[46.43,41.91],[46.23,42.11],[45.68,42.17],[45.68,42.56],[45.44,42.56],[45.16,42.76],[44.82,42.69],[44.76,42.37],[44.66,42.24],[44.5,41.85],[44.89,41.78],[45.42,41.2],[45.58,41.2],[45.77,40.94],[45.99,40.87],[46.48,40.94],[46.78,41.26],[47.11,41.33],[47.22,41.46]]]},"properties":{"NAME":"Kingdom of Kakheti","C":7,"name":"Kingdom of Kakheti","start_year":1468,"end_year":1578,"capital":"","type":"polity","region":"","event":"","source":"Cliopatria / Seshat Global History Databank (CC BY 4.0)","wikipedia":"Kingdom of Kakheti","wikidata":"Q1209822","_a":5,"_c":[45.86,41.82],"_nz":"卡赫季王国","_sz":""}},
{"type":"Feature","geometry":{"type":"Polygon","coordinates":[[[-14.2,13.79],[-14.86,13.79],[-15.45,13.91],[-16.55,13.91],[-16.62,13.85],[-16.54,13.46],[-16.83,13.4],[-16.75,13.01],[-16.82,13.01],[-16.81,12.37],[-16.58,12.18],[-16.36,12.18],[-16.28,11.79],[-16.14,11.86],[-16.06,11.73],[-15.62,11.73],[-15.48,11.86],[-15.39,11.28],[-14.96,11.41],[-14.81,11.28],[-14.37,11.6],[-13.57,11.41],[-13.19,10.96],[-13.19,10.57],[-12.97,10.19],[-12.16,9.99],[-11.87,10.06],[-11.13,9.86],[-10.92,9.93],[-10.33,9.67],[-10.04,9.74],[-9.82,9.74],[-9.74,9.54],[-8.06,9.54],[-8.06,9.67],[-7.62,9.8],[-7.33,10.19],[-6.97,10.76],[-6.76,11.79],[-6.47,12.05],[-6.47,12.11],[-6.55,12.24],[-6.84,12.31],[-7.14,12.63],[-8.75,12.76],[-8.97,12.95],[-10.74,13.34],[-14.2,13.79]]]},"properties":{"NAME":"Mali Empire","C":11,"name":"Mali Empire","start_year":1475,"end_year":1563,"capital":"","type":"polity","region":"","event":"","source":"Cliopatria / Seshat Global History Databank (CC BY 4.0)","wikipedia":"Mali Empire","wikidata":"Q184536","_a":45,"_c":[-11.65,11.73],"_nz":"马里帝国","_sz":""}},
{"type":"Feature","geometry":{"type":"MultiPolygon","coordinates":[[[[104.12,10.44],[103.91,10.44],[103.81,10.25],[103.94,10.06],[104.09,10.06],[104.12,10.44]]],[[[108.81,11.28],[108.64,11.66],[108.72,12.44],[108.87,12.44],[108.96,12.63],[108.75,12.69],[108.65,13.08],[108.45,13.27],[107.64,13.27],[107.62,13.66],[107.38,14.11],[107.51,14.56],[106.89,14.3],[106.63,14.56],[106.17,14.43],[106.03,13.91],[105.69,14.11],[105.26,14.17],[105.28,14.3],[104.98,14.3],[104.92,14.43],[103.81,14.36],[103.61,14.49],[103.45,14.36],[103.23,14.36],[102.9,14.11],[102.71,13.72],[102.39,13.53],[102.41,13.01],[102.84,12.31],[102.74,12.05],[102.87,11.86],[102.84,11.6],[103.05,11.47],[103.06,10.83],[103.36,10.83],[103.6,11.09],[103.64,10.76],[103.49,10.7],[103.55,10.51],[103.92,10.57],[104.12,10.44],[104.42,10.44],[104.54,10.19],[105.03,9.99],[104.79,9.74],[104.7,8.64],[104.76,8.51],[105.14,8.58],[105.62,9.16],[106.14,9.29],[106.23,9.48],[106.6,9.54],[106.55,9.8],[106.7,9.8],[106.64,9.99],[106.79,10.06],[106.82,10.31],[106.76,10.44],[106.98,10.51],[107.05,10.44],[107.34,10.38],[108.81,11.21],[108.81,11.28]]]]},"properties":{"NAME":"Khmer Empire","C":11,"name":"Khmer Empire","start_year":1475,"end_year":1539,"capital":"","type":"polity","region":"","event":"","source":"Cliopatria / Seshat Global History Databank (CC BY 4.0)","wikipedia":"Khmer Empire","wikidata":"Q201705","_a":40,"_c":[105.68,11.54],"_nz":"高棉帝国","_sz":""}},
{"type":"Feature","geometry":{"type":"MultiPolygon","coordinates":[[[[-2.11,55.91],[-2.66,56.11],[-2.79,56.52],[-2.53,56.59],[-2.21,56.87],[-2.08,57.28],[-1.82,57.42],[-1.85,57.7],[-3.73,57.77],[-4.12,57.97],[-3.43,58.18],[-3.02,58.53],[-3.14,58.74],[-3.68,58.74],[-4.02,58.6],[-5.2,58.67],[-5.17,58.46],[-5.42,58.32],[-5.46,57.97],[-5.73,57.97],[-5.89,57.83],[-5.92,57.42],[-6.32,57.77],[-6.47,57.56],[-6.82,57.49],[-6.41,57.14],[-6.06,57.14],[-5.95,57.01],[-5.91,56.73],[-6.34,56.66],[-6.23,56.52],[-6.29,56.32],[-5.68,56.39],[-5.66,56.18],[-5.92,56.18],[-6.07,55.98],[-6.51,55.98],[-6.63,55.63],[-6.13,55.77],[-5.69,55.77],[-5.92,55.5],[-5.89,55.29],[-5.63,55.29],[-5.38,55.43],[-5.12,55.43],[-5.16,55.77],[-5,55.84],[-4.79,55.63],[-4.77,55.43],[-5.33,55.02],[-5.11,54.68],[-4.95,54.82],[-4.42,54.75],[-3.74,54.82],[-3.4,54.95],[-3.14,54.95],[-2.56,55.23],[-2.24,55.5],[-2.27,55.77],[-2.11,55.91]]],[[[-7.56,57.7],[-7.44,57.49],[-7.11,57.63],[-7.56,57.7]]],[[[-6.26,58.53],[-6.79,58.46],[-6.85,58.32],[-7.28,58.18],[-7.07,57.97],[-7.13,57.77],[-6.52,57.9],[-6.39,58.18],[-6.21,58.18],[-6.26,58.53]]],[[[-3.53,59.02],[-3.42,58.81],[-2.79,58.88],[-2.81,59.02],[-3.38,59.22],[-3.53,59.02]]],[[[-0.83,60.84],[-1.28,60.77],[-1.63,60.63],[-1.67,60.21],[-1.2,60.07],[-1.16,60.56],[-0.81,60.63],[-0.83,60.84]]]]},"properties":{"NAME":"Kingdom of Scotland","C":4,"name":"Kingdom of Scotland","start_year":1475,"end_year":1551,"capital":"","type":"polity","region":"","event":"","source":"Cliopatria / Seshat Global History Databank (CC BY 4.0)","wikipedia":"Kingdom of Scotland","wikidata":"Q230791","_a":42,"_c":[-4.2,57.76],"_nz":"苏格兰王国","_sz":""}},
{"type":"Feature","geometry":{"type":"Polygon","coordinates":[[[108.96,12.63],[108.87,12.44],[108.72,12.44],[108.64,11.66],[108.81,11.28],[108.89,11.28],[109.21,11.6],[109.32,12.56],[109.19,12.69],[109.03,12.63],[108.96,12.63]]]},"properties":{"NAME":"Chámpa","C":6,"name":"Chámpa","start_year":1475,"end_year":1539,"capital":"","type":"polity","region":"","event":"","source":"Cliopatria / Seshat Global History Databank (CC BY 4.0)","wikipedia":"Champa","wikidata":"Q216786","_a":1,"_c":[108.98,11.99],"_nz":"占婆","_sz":""}},
{"type":"Feature","geometry":{"type":"Polygon","coordinates":[[[4.8,44.12],[4.73,43.8],[4.97,43.73],[5.05,43.93],[5.29,43.99],[5.11,44.52],[4.95,44.39],[4.71,44.45],[4.72,44.19],[4.8,44.12]]]},"properties":{"NAME":"Comtat Venaissin","C":2,"name":"Comtat Venaissin","start_year":1482,"end_year":1672,"capital":"","type":"polity","region":"","event":"","source":"Cliopatria / Seshat Global History Databank (CC BY 4.0)","wikipedia":"Comtat Venaissin","wikidata":"Q1122980","_a":1,"_c":[4.96,44.13],"_nz":"沃奈桑伯爵领地","_sz":""}},
{"type":"Feature","geometry":{"type":"Polygon","coordinates":[[[108.11,-6.27],[108.05,-6.46],[108.21,-6.72],[108.07,-6.79],[108.09,-7.11],[108.68,-7.24],[109.41,-7.24],[109.24,-6.85],[108.58,-6.79],[108.34,-6.34],[108.11,-6.27]]]},"properties":{"NAME":"Sultanate of Cirebon","C":0,"name":"Sultanate of Cirebon","start_year":1482,"end_year":1578,"capital":"","type":"polity","region":"","event":"","source":"Cliopatria / Seshat Global History Databank (CC BY 4.0)","wikipedia":"Sultanate of Cirebon","wikidata":"Q2077648","_a":1,"_c":[108.73,-6.75],"_nz":"井里汶苏丹国","_sz":""}},
{"type":"Feature","geometry":{"type":"Polygon","coordinates":[[[14.14,14.94],[14,15.2],[13.85,15.14],[12.97,15.52],[12.02,15.59],[11.43,15.33],[10.98,14.69],[10.75,13.4],[10.68,13.4],[11.11,12.44],[11.4,12.11],[12.28,11.79],[12.28,11.66],[13.01,11.66],[13.52,11.86],[14.11,11.92],[14.48,12.11],[14.7,12.05],[14.77,12.24],[15.14,12.24],[15.06,12.05],[15.06,11.86],[15.28,11.92],[15.28,11.79],[15.79,11.28],[16.22,11.21],[16.52,11.34],[16.67,11.6],[16.75,12.18],[16.61,12.37],[16.54,12.89],[15.45,13.98],[15.09,14.17],[14.22,14.94],[14.14,14.94]]]},"properties":{"NAME":"Bornu Empire","C":0,"name":"Bornu Empire","start_year":1487,"end_year":1578,"capital":"","type":"polity","region":"","event":"","source":"Cliopatria / Seshat Global History Databank (CC BY 4.0)","wikipedia":"Kanem-Bornu Empire","wikidata":"Q1139762","_a":27,"_c":[13.72,13.4],"_nz":"博尔努帝国","_sz":""}},
{"type":"Feature","geometry":{"type":"Polygon","coordinates":[[[76.86,19.25],[76.71,19.83],[76.37,20.09],[76.38,20.21],[76.18,20.41],[76.03,20.41],[75.7,20.73],[75.37,20.47],[74.83,20.28],[73.86,20.21],[73.32,20.02],[72.97,19.51],[72.74,19.44],[72.87,19.31],[72.93,18.48],[73.15,18.48],[73.17,18.61],[73.32,18.67],[74.22,18.74],[75.15,18.48],[75.63,18.16],[76.55,18.41],[76.5,18.67],[76.24,18.99],[76.26,19.19],[76.43,19.38],[76.86,19.25]]]},"properties":{"NAME":"Ahmadnagar Sultanate","C":3,"name":"Ahmadnagar Sultanate","start_year":1492,"end_year":1539,"capital":"","type":"polity","region":"","event":"","source":"Cliopatria / Seshat Global History Databank (CC BY 4.0)","wikipedia":"Ahmadnagar Sultanate","wikidata":"Q400998","_a":11,"_c":[74.8,19.45],"_nz":"艾哈迈德纳加尔苏丹国","_sz":""}},
{"type":"Feature","geometry":{"type":"Polygon","coordinates":[[[15.94,-5.76],[16.01,-5.69],[16.01,-5.44],[16.59,-5.11],[16.52,-4.79],[16.23,-4.6],[16.08,-4.28],[15.64,-4.34],[15.42,-4.6],[14.91,-4.47],[14.91,-4.6],[14.62,-4.79],[14.62,-4.99],[13.82,-5.18],[13.61,-5.56],[13.17,-5.69],[13.1,-5.82],[12.88,-5.82],[12.66,-6.01],[12.22,-6.01],[12.22,-6.46],[12.74,-7.04],[12.74,-7.36],[13.25,-8.46],[14.13,-8.2],[14.64,-8.26],[14.71,-8.07],[15.37,-7.94],[15.95,-7.49],[16.16,-6.98],[15.94,-5.76]]]},"properties":{"NAME":"Kingdom of Kongo","C":10,"name":"Kingdom of Kongo","start_year":1492,"end_year":1661,"capital":"","type":"polity","region":"","event":"","source":"Cliopatria / Seshat Global History Databank (CC BY 4.0)","wikipedia":"Kingdom of Kongo","wikidata":"Q796583","_a":18,"_c":[14.41,-6.37],"_nz":"刚果王国","_sz":""}},
{"type":"Feature","geometry":{"type":"Polygon","coordinates":[[[-77.96,0.03],[-78.19,0.22],[-78.77,0.29],[-79.06,0.54],[-79.65,0.8],[-79.72,0.99],[-80.23,0.86],[-80.16,0.22],[-80.3,0.09],[-80.29,-0.04],[-80.58,-0.23],[-80.66,-0.81],[-81.03,-0.94],[-81.03,-1.19],[-80.96,-1.39],[-80.9,-2.09],[-81.12,-2.16],[-81.12,-2.29],[-80.55,-2.67],[-80.33,-2.67],[-80.41,-3.06],[-80.19,-3.06],[-80.19,-2.86],[-80.04,-2.86],[-80.05,-3.12],[-80.94,-3.7],[-80.95,-3.83],[-81.17,-3.96],[-81.47,-4.41],[-81.42,-4.86],[-81.28,-4.92],[-81.29,-5.31],[-81.01,-5.63],[-81.02,-5.82],[-81.32,-5.89],[-81.33,-6.14],[-80.75,-6.34],[-79.98,-6.91],[-79.85,-7.24],[-79.71,-7.3],[-79.59,-7.75],[-78.98,-8.46],[-78.86,-8.97],[-78.34,-9.87],[-78.36,-10.06],[-77.77,-11.03],[-77.8,-11.35],[-77.32,-11.67],[-77.28,-12.12],[-76.94,-12.38],[-76.89,-12.64],[-76.75,-12.7],[-76.64,-13.09],[-76.38,-13.41],[-76.35,-13.79],[-76.42,-13.79],[-76.46,-14.18],[-76.19,-14.37],[-76.08,-14.69],[-75.47,-15.14],[-75.22,-15.53],[-74.8,-15.66],[-74.74,-15.79],[-74.31,-15.91],[-73.99,-16.24],[-73.21,-16.49],[-73.01,-16.69],[-72.44,-16.81],[-72.05,-17.2],[-71.62,-17.33],[-71.64,-17.46],[-71.5,-17.52],[-71.33,-17.91],[-70.98,-18.04],[-70.59,-18.42],[-70.44,-18.42],[-70.51,-18.94],[-70.43,-18.94],[-70.38,-19.58],[-70.26,-19.84],[-70.37,-20.61],[-70.3,-20.61],[-70.3,-21.12],[-70.18,-21.38],[-70.4,-22.79],[-70.51,-23.05],[-70.75,-23.18],[-70.81,-23.5],[-70.53,-23.63],[-70.62,-23.76],[-70.74,-24.85],[-70.57,-25.17],[-70.62,-25.43],[-70.88,-25.62],[-70.89,-26.07],[-70.78,-26.27],[-71.18,-27.81],[-71.26,-27.81],[-71.32,-28.39],[-71.65,-28.84],[-71.73,-29.16],[-71.49,-29.42],[-71.42,-29.74],[-71.63,-30.25],[-71.8,-30.32],[-71.94,-30.83],[-71.86,-30.83],[-71.83,-31.54],[-71.71,-31.66],[-71.76,-32.11],[-71.61,-32.37],[-71.63,-32.69],[-71.92,-33.4],[-71.81,-33.53],[-71.91,-33.85],[-72.1,-33.98],[-72.42,-35.2],[-72.41,-35.39],[-71.84,-35.52],[-71.72,-35.65],[-70.93,-35.59],[-70.81,-35.46],[-70.6,-35.52],[-70.42,-35.2],[-68.91,-34.11],[-68.64,-33.72],[-68.47,-33.66],[-67.74,-32.18],[-67.74,-31.92],[-67.31,-31.15],[-67.12,-31.02],[-66.74,-29.48],[-66.66,-29.48],[-66.53,-28.9],[-66.35,-28.77],[-66.34,-28.39],[-66.26,-28.39],[-65.76,-26.27],[-65.68,-26.27],[-65.68,-25.88],[-65.44,-25.37],[-65.27,-25.24],[-65.14,-24.47],[-65.07,-24.47],[-65.06,-23.95],[-64.84,-23.5],[-64.08,-22.86],[-63.92,-22.28],[-63.74,-22.09],[-63.81,-22.02],[-63.66,-21.44],[-63.55,-21.19],[-63.4,-21.19],[-63.43,-20.86],[-63.32,-20.61],[-63.18,-20.61],[-63.2,-20.22],[-63.13,-20.22],[-62.93,-19.26],[-63,-19.26],[-62.98,-18.49],[-62.58,-17.59],[-62.53,-16.49],[-63.12,-15.85],[-63.75,-15.53],[-63.8,-15.34],[-64.32,-15.34],[-64.87,-15.01],[-65.67,-14.89],[-66,-14.56],[-66.43,-14.44],[-66.76,-14.11],[-67.69,-13.79],[-67.82,-13.6],[-67.96,-13.6],[-68.09,-13.41],[-68.37,-13.28],[-68.74,-13.28],[-69.24,-13.15],[-69.38,-13.02],[-70.39,-12.89],[-70.67,-12.76],[-71.26,-12.76],[-71.64,-12.96],[-71.66,-13.09],[-71.88,-13.15],[-71.94,-13.02],[-72.16,-13.02],[-72.51,-12.83],[-73.45,-12.7],[-74.07,-12.25],[-74.06,-12.12],[-74.47,-11.8],[-74.46,-11.67],[-74.66,-11.48],[-75.17,-11.35],[-75.48,-10.71],[-75.53,-10.39],[-75.92,-9.74],[-75.91,-9.55],[-76.05,-9.49],[-76.24,-9.1],[-76.34,-8.39],[-76.56,-8.39],[-76.62,-8.2],[-76.97,-7.88],[-77.69,-6.27],[-77.61,-6.08],[-77.81,-5.69],[-77.72,-5.24],[-77.85,-4.92],[-77.82,-4.09],[-77.89,-4.09],[-77.87,-3.25],[-77.8,-3.25],[-77.79,-2.93],[-77.64,-2.93],[-77.62,-2.09],[-77.53,-0.81],[-77.68,-0.81],[-77.6,-0.55],[-77.82,-0.29],[-77.74,-0.04],[-77.96,0.03]]]},"properties":{"NAME":"Inca Empire","C":9,"name":"Inca Empire","start_year":1497,"end_year":1533,"capital":"","type":"polity","region":"","event":"","source":"Cliopatria / Seshat Global History Databank (CC BY 4.0)","wikipedia":"Inca Empire","wikidata":"Q28573","_a":694,"_c":[-72,-17.33],"_nz":"印加帝国","_sz":""}},
{"type":"Feature","geometry":{"type":"Polygon","coordinates":[[[121.24,14.94],[120.96,15.07],[120.72,14.94],[120.51,15.01],[120.19,14.81],[120.31,14.69],[120.35,14.43],[120.64,14.43],[120.62,14.75],[121.04,14.62],[121.35,14.75],[121.24,14.94]]]},"properties":{"NAME":"Tondo","C":6,"name":"Tondo","start_year":1497,"end_year":1563,"capital":"","type":"polity","region":"","event":"","source":"Cliopatria / Seshat Global History Databank (CC BY 4.0)","wikipedia":"Tondo (historical polity)","wikidata":"Q1642472","_a":1,"_c":[120.78,14.75],"_nz":"汤都","_sz":""}},
{"type":"Feature","geometry":{"type":"Polygon","coordinates":[[[123.27,9.61],[123.26,9.48],[123.48,9.48],[123.6,9.99],[123.85,10.25],[124,10.25],[124.11,11.28],[123.89,11.21],[123.66,10.51],[123.41,10.25],[123.27,9.61]]]},"properties":{"NAME":"Rajahnate of Cebu","C":4,"name":"Rajahnate of Cebu","start_year":1497,"end_year":1563,"capital":"","type":"polity","region":"","event":"","source":"Cliopatria / Seshat Global History Databank (CC BY 4.0)","wikipedia":"Cebu (historical polity)","wikidata":"Q4401071","_a":2,"_c":[123.69,10.38],"_nz":"宿务拉贾国","_sz":""}},
{"type":"Feature","geometry":{"type":"Polygon","coordinates":[[[-6.47,12.11],[-6.4,12.11],[-6.04,12.44],[-5.67,12.69],[-5.67,12.82],[-5.53,12.95],[-5.38,12.95],[-4.58,13.66],[-4.36,13.72],[-4.29,13.98],[-4.07,14.04],[-4.15,14.17],[-3.86,14.49],[-3.86,14.81],[-3.65,15.26],[-3.28,15.59],[-3.29,15.71],[-2.92,15.78],[-2.85,15.97],[-1.6,16.04],[-0.71,15.65],[-0.49,15.33],[-0.34,15.33],[-0.41,15.01],[-0.12,14.94],[-0.04,14.69],[0.18,14.62],[0.26,14.43],[1.21,14.43],[1.65,14.62],[1.72,15.33],[1.57,15.52],[1.26,16.94],[0.96,17.45],[0.44,17.84],[-0.44,18.03],[-3.32,17.77],[-4.86,17.45],[-5.97,17.45],[-6.12,17.58],[-7.3,17.64],[-8.92,17.51],[-9.22,17.45],[-9.21,17.32],[-10.54,17.13],[-10.91,17.19],[-10.9,17.06],[-11.34,16.87],[-11.48,16.55],[-12.06,16.29],[-12.35,16.29],[-12.28,16.16],[-12.5,16.1],[-12.64,15.91],[-13.22,15.71],[-13.29,15.59],[-14.09,15.2],[-14.08,14.94],[-14.23,14.88],[-14.15,14.62],[-14.5,14.24],[-14.35,14.17],[-14.2,13.79],[-10.74,13.34],[-8.97,12.95],[-8.75,12.76],[-7.14,12.63],[-6.84,12.31],[-6.55,12.24],[-6.47,12.11]]]},"properties":{"NAME":"Songhai Empire","C":9,"name":"Songhai Empire","start_year":1497,"end_year":1563,"capital":"","type":"polity","region":"","event":"","source":"Cliopatria / Seshat Global History Databank (CC BY 4.0)","wikipedia":"Songhai Empire","wikidata":"Q202687","_a":96,"_c":[-6.39,15.07],"_nz":"桑海帝国","_sz":""}},
{"type":"Feature","geometry":{"type":"Polygon","coordinates":[[[121.09,14.49],[120.87,14.49],[120.99,14.3],[121.21,14.3],[121.28,14.75],[121.12,14.69],[121.19,14.62],[121.09,14.49]]]},"properties":{"NAME":"Namayan","C":3,"name":"Namayan","start_year":1497,"end_year":1563,"capital":"","type":"polity","region":"","event":"","source":"Cliopatria / Seshat Global History Databank (CC BY 4.0)","wikipedia":"Namayan","wikidata":"Q4401026","_a":0,"_c":[121.07,14.53],"_nz":"纳马扬","_sz":""}},
{"type":"Feature","geometry":{"type":"Polygon","coordinates":[[[48.88,47.86],[48.22,48.19],[47.72,48.19],[47.52,48.39],[46.72,48.52],[46.08,48.99],[45.65,48.92],[45.42,48.65],[44.99,48.59],[44.68,48.32],[44.08,47.47],[43.8,47.27],[43.61,46.74],[43.48,46.55],[43.61,46.35],[43.38,46.02],[43.68,45.89],[43.65,45.76],[43.9,45.37],[45.35,44.91],[45.31,44.32],[45.33,43.99],[45.65,43.99],[45.78,43.86],[45.96,43.93],[46.47,43.67],[46.99,43.86],[47.32,43.86],[47.34,43.99],[47.01,44.32],[46.63,44.45],[46.69,44.71],[47.04,44.84],[47.47,45.69],[48.59,45.96],[48.64,46.15],[49.06,46.22],[49.3,46.55],[49.63,46.55],[50.29,46.87],[50.3,46.94],[50.04,47.2],[50.07,47.33],[49.95,47.53],[49.26,47.73],[49.13,47.86],[48.88,47.86]]]},"properties":{"NAME":"Astrakhan Khanate","C":3,"name":"Astrakhan Khanate","start_year":1502,"end_year":1555,"capital":"","type":"polity","region":"","event":"","source":"Cliopatria / Seshat Global History Databank (CC BY 4.0)","wikipedia":"Astrakhan Khanate","wikidata":"Q210163","_a":37,"_c":[46.84,46.33],"_nz":"阿斯特拉罕汗国","_sz":""}},
{"type":"Feature","geometry":{"type":"Polygon","coordinates":[[[53.02,54.61],[52.98,54.75],[53.18,54.82],[54.21,55.02],[54.42,55.36],[54.35,55.63],[53.9,55.84],[53.4,55.91],[53.36,56.05],[53.1,56.05],[52.8,56.18],[52.67,56.32],[52.66,56.52],[52.39,56.52],[51.85,56.73],[51.75,56.94],[51.34,57.28],[51.39,57.42],[51.23,57.7],[50.81,57.77],[49.93,57.56],[49.04,57.56],[49,57.7],[48.53,57.63],[48.19,57.42],[48.05,57.01],[47.83,56.87],[47.58,56.39],[47.71,56.25],[47.49,56.11],[47.62,55.98],[47.34,55.91],[47.52,55.63],[47.52,55.36],[47.1,55.43],[46.73,55.09],[46.12,55.09],[46.11,54.75],[46.39,54.55],[45.85,54.48],[45.99,54.07],[45.98,53.73],[46.2,53.6],[46.46,53.6],[46.31,53.39],[46.53,53.26],[46.29,52.72],[46.75,52.52],[46.86,52.32],[47.03,52.32],[47.13,52.05],[47.48,52.38],[48.58,52.65],[49.01,52.92],[49.07,53.12],[49.58,53.66],[50.32,54.07],[51.03,54.14],[51.62,54.34],[51.97,54.61],[53.02,54.61]]]},"properties":{"NAME":"Khanate of Kazan","C":0,"name":"Khanate of Kazan","start_year":1502,"end_year":1546,"capital":"","type":"polity","region":"","event":"","source":"Cliopatria / Seshat Global History Databank (CC BY 4.0)","wikipedia":"Khanate of Kazan","wikidata":"Q186537","_a":50,"_c":[50.08,54.91],"_nz":"喀山汗国","_sz":""}},
{"type":"Feature","geometry":{"type":"MultiPolygon","coordinates":[[[[2.07,51.11],[1.66,51.05],[1.58,50.91],[1.76,50.78],[2.01,50.78],[2.01,50.85],[2.07,51.11]]],[[[-3.4,54.95],[-3.65,54.82],[-3.59,54.27],[-3.32,54.21],[-3.1,53.73],[-3.15,53.46],[-4.16,53.26],[-4.27,53.46],[-4.7,53.46],[-4.67,53.19],[-4.49,53.12],[-4.81,52.92],[-4.79,52.79],[-4.3,52.92],[-4.16,52.45],[-4.55,52.18],[-5.22,52.05],[-5.26,51.71],[-4.91,51.58],[-4.42,51.71],[-4.31,51.51],[-3.89,51.58],[-3.7,51.38],[-3.28,51.38],[-3.09,51.25],[-4.2,51.31],[-4.43,51.05],[-4.68,51.05],[-4.66,50.85],[-4.82,50.78],[-4.88,50.58],[-5.13,50.58],[-5.28,50.38],[-5.77,50.25],[-5.75,50.05],[-5.15,49.98],[-4.93,50.25],[-4.35,50.38],[-4.09,50.25],[-3.58,50.25],[-3.46,50.65],[-3.13,50.71],[-2.1,50.58],[-2.03,50.71],[-1.52,50.71],[-1.51,50.58],[-1.18,50.58],[-1.11,50.78],[-1.37,50.85],[0.49,50.78],[1.31,51.11],[1.38,51.38],[0.86,51.51],[0.84,51.78],[1.18,51.78],[1.17,51.98],[1.43,51.98],[1.74,52.38],[1.72,52.72],[1.53,52.92],[1.09,53.06],[0.49,53.06],[0.34,52.86],[0.08,52.92],[0.32,53.12],[0.3,53.39],[0.02,53.6],[0,53.8],[-0.18,53.94],[-0.39,54.41],[-0.67,54.61],[-1.29,54.68],[-1.49,54.95],[-1.63,55.57],[-2.02,55.91],[-2.11,55.91],[-2.27,55.77],[-2.24,55.5],[-2.56,55.23],[-3.14,54.95],[-3.4,54.95]]],[[[-6.59,54.07],[-6.92,53.94],[-6.73,53.19],[-6.14,53.26],[-6.24,53.39],[-6.09,53.53],[-6.29,53.73],[-6.33,54.07],[-6.59,54.07]]],[[[-4.38,54.41],[-4.81,54.34],[-4.86,54.07],[-4.36,54.21],[-4.38,54.41]]]]},"properties":{"NAME":"Kingdom of England","C":9,"name":"Kingdom of England","start_year":1502,"end_year":1539,"capital":"","type":"polity","region":"","event":"","source":"Cliopatria / Seshat Global History Databank (CC BY 4.0)","wikipedia":"Kingdom of England","wikidata":"Q179876","_a":53,"_c":[-2.41,52.94],"_nz":"英格兰王国","_sz":""}},
{"type":"Feature","geometry":{"type":"Polygon","coordinates":[[[-2.12,35.07],[-2.66,35.07],[-2.82,35.13],[-2.83,35.26],[-4.75,35.19],[-5.24,35.52],[-5.24,35.58],[-5.71,35.58],[-5.85,35.32],[-6,35.39],[-6.29,35.07],[-6.33,34.55],[-6.47,34.36],[-6.7,34.29],[-6.61,34.16],[-6.9,33.91],[-8.4,33.39],[-8.4,33.33],[-8.24,33.2],[-8.36,32.81],[-8.8,32.56],[-8.86,32.24],[-9.38,32.11],[-9.38,32.04],[-9.73,31.72],[-9.78,31.34],[-9.86,31.34],[-9.88,30.56],[-9.65,30.5],[-9.63,30.18],[-9.83,29.79],[-10.05,29.67],[-10.04,29.54],[-10.33,29.34],[-10.47,29.09],[-10.98,28.83],[-11.62,28.25],[-10.47,27.93],[-8.66,27.93],[-8.01,28.38],[-7.56,28.51],[-7.35,28.77],[-7.2,28.77],[-6.18,29.54],[-5.88,29.54],[-5.88,29.67],[-5.59,29.92],[-5.44,29.92],[-4.87,30.5],[-4.57,30.56],[-4.65,30.69],[-4.21,31.01],[-4.21,31.14],[-3.92,31.4],[-3.78,31.59],[-3.56,31.66],[-3.64,31.79],[-3.42,31.91],[-3.35,32.11],[-2.83,32.49],[-2.84,32.62],[-2.54,32.75],[-1.88,33.33],[-1.58,33.46],[-1.72,34.68],[-2.11,34.94],[-2.12,35.07]]]},"properties":{"NAME":"Wattasid dynasty","C":11,"name":"Wattasid dynasty","start_year":1502,"end_year":1546,"capital":"","type":"polity","region":"","event":"","source":"Cliopatria / Seshat Global History Databank (CC BY 4.0)","wikipedia":"Wattasid dynasty","wikidata":"Q970799","_a":77,"_c":[-6.6,31.76],"_nz":"瓦塔斯王朝","_sz":""}},
{"type":"Feature","geometry":{"type":"Polygon","coordinates":[[[96.5,17.9],[96.53,18.09],[96.39,18.16],[96.41,18.29],[95.95,18.74],[95.81,18.74],[95.36,19.25],[94.83,19.64],[94.96,18.54],[95.16,18.35],[95.04,18.03],[95.06,17.64],[96.5,17.9]]]},"properties":{"NAME":"Prome Kingdom","C":4,"name":"Prome Kingdom","start_year":1502,"end_year":1539,"capital":"","type":"polity","region":"","event":"","source":"Cliopatria / Seshat Global History Databank (CC BY 4.0)","wikipedia":"Prome Kingdom","wikidata":"Q13576027","_a":3,"_c":[95.68,18.64],"_nz":"卑谬王国","_sz":""}},
{"type":"Feature","geometry":{"type":"Polygon","coordinates":[[[80.89,6.01],[81.34,6.14],[81.88,6.71],[81.92,7.42],[81.77,7.49],[81.65,7.94],[81.45,8.13],[81.4,8.51],[81.25,8.51],[81.25,8.55],[80.19,8.78],[79.89,8.96],[79.79,8.58],[79.79,8.51],[80.01,8.51],[80.07,8.39],[80.05,6.65],[80.33,6.33],[80.32,6.2],[80.83,6.14],[80.89,6.01]]]},"properties":{"NAME":"Portuguese Ceylon","C":7,"name":"Portuguese Ceylon","start_year":1507,"end_year":1581,"capital":"","type":"polity","region":"","event":"","source":"Cliopatria / Seshat Global History Databank (CC BY 4.0)","wikipedia":"Portuguese Ceylon","wikidata":"Q1709007","_a":6,"_c":[80.86,7.49],"_nz":"葡属锡兰","_sz":""}},
{"type":"Feature","geometry":{"type":"Polygon","coordinates":[[[10.21,43.93],[10.37,43.67],[10.54,43.08],[10.78,42.95],[10.78,43.34],[11.02,43.47],[11.26,43.47],[11.58,43.34],[11.66,43.15],[11.9,43.15],[11.82,43.34],[12.14,43.41],[12.23,43.6],[11.74,43.8],[11.67,44.25],[11.51,44.39],[10.86,44.25],[10.7,43.8],[10.21,43.93]]]},"properties":{"NAME":"Republic of Florence","C":5,"name":"Republic of Florence","start_year":1507,"end_year":1546,"capital":"","type":"polity","region":"","event":"","source":"Cliopatria / Seshat Global History Databank (CC BY 4.0)","wikipedia":"Republic of Florence","wikidata":"Q148540","_a":3,"_c":[11.22,43.67],"_nz":"佛罗伦萨共和国","_sz":""}},
{"type":"Feature","geometry":{"type":"MultiPolygon","coordinates":[[[[-2.3,5.11],[-2.52,5.11],[-2.6,4.91],[-2.31,4.85],[-2.3,5.11]]],[[[-24.29,14.75],[-24.23,15.07],[-24.45,15.07],[-24.36,14.75],[-24.29,14.75]]],[[[-23.42,15.14],[-23.58,15.33],[-23.73,15.33],[-23.78,14.94],[-23.41,14.88],[-23.42,15.14]]],[[[-23.13,15.07],[-22.99,15.2],[-23.06,15.33],[-23.28,15.26],[-23.13,15.07]]],[[[-22.58,16.16],[-22.88,16.23],[-22.94,15.97],[-22.65,15.97],[-22.58,16.16]]],[[[-24.37,16.49],[-24.08,16.55],[-24.08,16.68],[-24.38,16.68],[-24.37,16.49]]],[[[-24.97,16.74],[-24.82,16.74],[-24.99,17.26],[-25.29,17.19],[-25.35,17.06],[-25.27,16.87],[-25.05,16.94],[-24.97,16.74]]],[[[-8.4,33.33],[-8.47,33.33],[-9.2,32.75],[-9.33,32.49],[-9.31,32.17],[-9.38,32.11],[-8.86,32.24],[-8.8,32.56],[-8.36,32.81],[-8.24,33.2],[-8.4,33.33]]],[[[-5.24,35.58],[-5.34,35.84],[-5.88,35.77],[-6,35.39],[-5.85,35.32],[-5.71,35.58],[-5.24,35.58]]],[[[34.34,-20.16],[34.57,-20.29],[34.71,-20.16],[34.54,-19.58],[34.25,-19.84],[34.34,-20.16]]],[[[40.17,-14.95],[40.55,-15.34],[40.75,-14.69],[40.53,-14.76],[40.31,-14.69],[40.17,-14.95]]],[[[39.52,-7.81],[39.53,-8.01],[39.67,-8.01],[39.82,-7.88],[39.81,-7.69],[39.67,-7.69],[39.52,-7.81]]],[[[39.06,-6.21],[39.43,-6.53],[39.49,-6.14],[39.35,-6.14],[39.34,-5.89],[39.27,-5.76],[39.12,-5.76],[39.06,-6.21]]],[[[39.55,-5.44],[39.7,-5.44],[39.77,-4.99],[39.55,-4.92],[39.55,-5.44]]],[[[6.38,0.03],[6.66,0.16],[6.67,0.41],[6.3,0.35],[6.38,0.03]]],[[[8.31,3.44],[8.31,3.24],[8.68,3.18],[8.9,3.56],[8.83,3.82],[8.54,3.76],[8.46,3.5],[8.31,3.44]]],[[[-1.5,5.3],[-1.65,5.24],[-1.65,4.98],[-1.28,5.04],[-1.43,5.3],[-1.5,5.3]]],[[[54.49,12.44],[54.5,12.63],[54.22,12.76],[53.48,12.76],[53.32,12.5],[53.53,12.31],[54.19,12.31],[54.49,12.44]]]]},"properties":{"NAME":"Portuguese Africa","C":1,"name":"Portuguese Africa","start_year":1507,"end_year":1533,"capital":"","type":"polity","region":"","event":"","source":"Cliopatria / Seshat Global History Databank (CC BY 4.0)","wikipedia":"Portuguese Africa","wikidata":"Q16879646","_a":4482,"_c":[14.58,7.78],"_nz":"葡属非洲","_sz":""}},
{"type":"Feature","geometry":{"type":"Polygon","coordinates":[[[13.03,49.25],[12.86,49.12],[12.61,49.12],[12.52,48.85],[12.36,48.85],[12.11,48.99],[11.69,48.92],[11.53,49.12],[11.28,49.18],[10.94,48.85],[10.61,48.92],[10.36,49.25],[10.03,49.12],[10.03,48.99],[10.28,48.85],[10.44,48.59],[10.53,48.26],[10.53,48.19],[10.45,47.8],[10.69,47.73],[10.61,47.6],[11.19,47.4],[11.6,47.6],[12.51,47.66],[13,47.53],[12.92,47.73],[12.93,48.06],[13.18,48.06],[13.85,48.46],[13.77,48.59],[13.27,48.59],[13.19,48.85],[13.36,48.99],[13.03,49.25]]]},"properties":{"NAME":"Duchy of Bavaria","C":4,"name":"Duchy of Bavaria","start_year":1507,"end_year":1618,"capital":"","type":"polity","region":"","event":"","source":"Cliopatria / Seshat Global History Databank (CC BY 4.0)","wikipedia":"Duchy of Bavaria","wikidata":"Q47261","_a":7,"_c":[11.94,48.33],"_nz":"巴伐利亚公国","_sz":""}},
{"type":"Feature","geometry":{"type":"MultiPolygon","coordinates":[[[[36.26,45.43],[35.75,45.3],[35.02,45.3],[34.99,45.63],[34.74,45.63],[34.54,45.96],[34.15,46.09],[33.74,46.02],[33.71,45.82],[32.61,45.5],[33.22,45.24],[33.47,45.24],[33.61,45.1],[33.56,44.71],[34.03,44.65],[34.57,44.97],[35.4,45.1],[35.73,45.17],[35.88,45.04],[36.2,45.04],[36.38,45.17],[36.23,45.24],[36.26,45.43]]],[[[39.22,47.01],[38.62,46.87],[38.49,46.61],[37.84,46.61],[37.9,46.48],[38.37,46.35],[38.33,46.15],[37.89,45.96],[37.76,45.63],[37.7,45.3],[36.97,45.3],[36.75,45.43],[36.78,45.1],[37.26,45.04],[37.52,45.17],[37.85,45.17],[38.37,45.37],[38.83,45.69],[40.38,46.15],[40.6,46.02],[41.17,46.02],[41.07,45.89],[41.38,45.82],[41.63,45.43],[41.68,45.24],[42,45.24],[42.22,45.5],[42.34,46.15],[42.47,46.41],[41.81,46.81],[40.6,47.33],[39.39,47.47],[39.53,47.33],[39.48,47.07],[39.22,47.01]]],[[[37.73,47.93],[37.28,48.19],[37.29,48.26],[36.7,48.65],[36.08,48.92],[35.95,49.12],[35.71,49.18],[35.5,48.92],[35.43,48.52],[35.12,48.13],[35.19,48.06],[35.03,47.53],[34.78,47.53],[34.63,47.66],[34.04,47.53],[34.08,47.27],[33.69,46.87],[32.92,46.61],[32.35,46.68],[32.06,46.35],[32.68,46.09],[32.95,46.22],[33.59,46.15],[33.61,46.28],[34.02,46.28],[34.08,46.15],[34.74,46.15],[34.76,46.28],[35.25,46.28],[35.63,46.68],[36.8,46.81],[36.91,46.94],[37.52,47.14],[38.68,47.2],[39.21,47.4],[38.99,47.53],[38.42,47.6],[38.53,47.73],[37.73,47.93]]]]},"properties":{"NAME":"Crimean Khanate","C":11,"name":"Crimean Khanate","start_year":1507,"end_year":1551,"capital":"","type":"polity","region":"","event":"","source":"Cliopatria / Seshat Global History Databank (CC BY 4.0)","wikipedia":"Crimean Khanate","wikidata":"Q160440","_a":48,"_c":[37.15,46.92],"_nz":"克里米亚汗国","_sz":""}},
{"type":"Feature","geometry":{"type":"Polygon","coordinates":[[[119.49,-4.92],[119.21,-5.11],[119.31,-5.63],[119.66,-5.37],[119.56,-4.92],[119.49,-4.92]]]},"properties":{"NAME":"Sultanate of Gowa","C":2,"name":"Sultanate of Gowa","start_year":1512,"end_year":1661,"capital":"","type":"polity","region":"","event":"","source":"Cliopatria / Seshat Global History Databank (CC BY 4.0)","wikipedia":"Sultanate of Gowa","wikidata":"Q1408641","_a":0,"_c":[119.44,-5.21],"_nz":"戈瓦苏丹国","_sz":""}},
{"type":"Feature","geometry":{"type":"MultiPolygon","coordinates":[[[[100.6,5.17],[100.68,5.17],[100.91,5.36],[101,5.69],[101.09,6.07],[100.68,6.46],[100.39,6.52],[100.33,6.65],[100.03,6.52],[100.02,6.46],[100.28,5.94],[100.24,5.11],[100.38,4.98],[100.6,5.17]]],[[[99.65,6.33],[99.87,6.26],[99.88,6.52],[99.65,6.33]]]]},"properties":{"NAME":"Sultanate of Kedah","C":9,"name":"Sultanate of Kedah","start_year":1512,"end_year":1571,"capital":"","type":"polity","region":"","event":"","source":"Cliopatria / Seshat Global History Databank (CC BY 4.0)","wikipedia":"Kedah Sultanate","wikidata":"Q1317579","_a":3,"_c":[100.34,5.82],"_nz":"吉打苏丹国","_sz":""}},
{"type":"Feature","geometry":{"type":"Polygon","coordinates":[[[97.84,17.96],[98.29,18.03],[98.64,18.41],[99.58,18.29],[99.61,18.48],[99.76,18.48],[100.19,18.86],[100.57,18.93],[100.75,19.19],[100.63,19.31],[100.66,19.51],[100.46,19.7],[100.6,20.09],[100.54,20.21],[100.13,20.41],[99.83,20.41],[99.41,20.09],[99.19,20.09],[98.92,19.76],[98.1,19.76],[97.94,19.64],[97.87,18.67],[97.77,18.54],[97.47,18.48],[97.6,18.35],[97.77,18.03],[97.84,17.96]]]},"properties":{"NAME":"Lan Na Kingdom","C":1,"name":"Lan Na Kingdom","start_year":1512,"end_year":1555,"capital":"","type":"polity","region":"","event":"","source":"Cliopatria / Seshat Global History Databank (CC BY 4.0)","wikipedia":"Lan Na","wikidata":"Q1059707","_a":8,"_c":[99.1,19.19],"_nz":"兰纳王国","_sz":""}},
{"type":"Feature","geometry":{"type":"Polygon","coordinates":[[[97.78,15.46],[98.08,15.52],[98.19,15.78],[98.49,15.84],[98.91,16.16],[98.93,16.36],[98.64,16.36],[98.67,16.61],[98.63,16.81],[97.92,17.51],[97.94,17.64],[97.8,17.71],[97.84,17.96],[97.77,18.03],[97.16,17.9],[96.5,17.9],[95.06,17.64],[94.57,16.81],[94.43,16.81],[94.35,16.81],[94.24,15.97],[94.81,15.84],[94.87,15.71],[95.34,15.91],[95.31,15.71],[95.61,15.71],[95.81,16.16],[96.03,16.16],[96.35,16.36],[96.37,16.49],[96.67,16.49],[96.92,16.74],[96.93,17.32],[97.05,17.13],[97.2,17.13],[97.16,16.87],[97.27,16.61],[97.4,16.49],[97.62,16.49],[97.55,15.97],[97.69,15.91],[97.72,15.52],[97.78,15.46]]]},"properties":{"NAME":"Hanthawaddy Kingdom","C":2,"name":"Hanthawaddy Kingdom","start_year":1512,"end_year":1539,"capital":"","type":"polity","region":"","event":"","source":"Cliopatria / Seshat Global History Databank (CC BY 4.0)","wikipedia":"Hanthawaddy Kingdom","wikidata":"Q1572529","_a":12,"_c":[96.59,16.75],"_nz":"汉达瓦底王国","_sz":""}},
{"type":"Feature","geometry":{"type":"MultiPolygon","coordinates":[[[[118.06,5.81],[118.01,6.07],[117.64,5.94],[117.75,6.46],[117.26,6.78],[117.2,7.04],[116.9,6.91],[116.84,7.04],[116.69,7.04],[116.35,6.39],[116.05,6.2],[115.79,5.62],[115.5,5.62],[115.35,5.49],[115.26,5.3],[115.47,5.11],[115.31,4.98],[114.74,5.04],[114.28,4.66],[113.91,4.59],[113.66,4.01],[113.2,3.69],[113.11,3.37],[112.81,3.11],[111.71,2.92],[111.26,2.73],[111.25,2.41],[111.1,2.41],[111.16,2.15],[111.01,2.02],[110.92,1.51],[110.49,1.57],[110.28,1.83],[109.98,1.7],[109.63,1.89],[109.63,2.02],[109.34,2.02],[109.11,1.64],[109.4,1.7],[109.83,1.57],[110.04,1.38],[110.33,1.38],[110.91,1.12],[111.49,1.12],[111.38,1.96],[111.6,2.09],[111.62,2.54],[112.65,2.73],[114.73,3.63],[114.96,3.82],[115.2,4.34],[115.35,4.4],[115.6,4.91],[115.75,4.98],[115.84,5.3],[115.99,5.36],[116.41,6.07],[116.77,6.01],[116.82,5.75],[116.96,5.69],[117.68,4.27],[118.48,4.27],[118.57,4.53],[118.43,4.72],[118.14,4.79],[118.16,4.98],[119.03,4.98],[119.26,5.17],[119.27,5.36],[119.14,5.49],[118.56,5.62],[118.36,5.88],[118.06,5.81]]],[[[119.69,5.04],[120.14,5.17],[120.15,5.36],[119.7,5.17],[119.69,5.04]]],[[[121.35,5.81],[121.36,6.01],[120.85,6.07],[120.84,5.88],[121.35,5.81]]],[[[121.85,6.78],[121.76,6.46],[121.97,6.39],[122.19,6.46],[122.29,6.71],[121.85,6.78]]],[[[117.21,7.16],[117.23,7.36],[117.01,7.36],[116.99,7.1],[117.21,7.16]]],[[[126.39,7.87],[126.5,8.19],[126.37,8.45],[126.17,8.58],[126.18,8.71],[126.33,8.77],[126.35,8.96],[126.21,9.03],[126.24,9.29],[126.02,9.29],[125.96,9.48],[125.42,9.86],[125.31,9.54],[125.48,9.03],[124.82,9.03],[124.71,8.58],[124.27,8.64],[124.09,8.19],[123.87,8.19],[123.76,8.64],[123.34,8.77],[123.25,8.58],[122.95,8.51],[122.92,8.26],[122.77,8.13],[122.1,8],[122.06,7.55],[121.82,7.23],[121.8,6.97],[122.23,6.97],[122.34,7.42],[122.49,7.49],[122.59,7.74],[122.73,7.68],[122.76,7.23],[122.92,7.29],[122.93,7.49],[123.43,7.36],[123.38,7.61],[123.46,7.74],[123.68,7.74],[124.09,7.42],[123.9,6.84],[124,6.26],[124.7,5.81],[124.99,5.81],[125.15,6.01],[125.12,5.62],[125.33,5.49],[125.65,5.88],[125.68,6.33],[125.41,6.59],[125.52,7.04],[125.8,6.91],[125.83,7.23],[126.02,6.84],[125.99,6.46],[126.2,6.39],[126.24,6.84],[126.55,7.1],[126.59,7.61],[126.53,7.81],[126.39,7.87]]],[[[118.02,8.96],[118.73,9.48],[118.77,9.86],[119.14,9.99],[119.32,10.25],[120,10.51],[120.02,10.64],[119.72,10.57],[119.58,10.7],[119.57,11.21],[119.42,11.21],[119.32,10.96],[119.17,10.96],[119.19,10.44],[118.89,10.38],[118.22,9.48],[117.28,8.84],[117.09,8.32],[117.24,8.32],[117.4,8.51],[118.01,8.84],[118.02,8.96]]],[[[121.12,14.69],[120.97,14.62],[121.09,14.49],[121.18,14.56],[121.12,14.69]]]]},"properties":{"NAME":"Sultanate of Brunei","C":5,"name":"Sultanate of Brunei","start_year":1512,"end_year":1581,"capital":"","type":"polity","region":"","event":"","source":"Cliopatria / Seshat Global History Databank (CC BY 4.0)","wikipedia":"Bruneian Sultanate (1368-1888)","wikidata":"Q887803","_a":237,"_c":[117.85,7.9],"_nz":"文莱苏丹国","_sz":""}},
{"type":"Feature","geometry":{"type":"MultiPolygon","coordinates":[[[[103.15,-2.41],[103.16,-2.74],[103.31,-2.86],[103.55,-3.51],[104.15,-3.96],[104.29,-3.96],[104.37,-4.15],[104.88,-4.09],[105.02,-3.83],[105.3,-3.7],[105.53,-4.09],[105.76,-4.21],[105.89,-3.76],[105.74,-3.7],[105.73,-3.57],[106.01,-3.25],[106.01,-3.06],[105.64,-2.8],[105.55,-2.41],[104.82,-2.29],[104.81,-2.03],[104.52,-1.96],[104.44,-1.64],[103.86,-1.77],[103.43,-2.09],[103.29,-2.41],[103.15,-2.41]]],[[[108.03,-2.54],[107.52,-2.54],[107.45,-2.61],[107.47,-3.19],[108.12,-3.19],[108.18,-2.67],[108.03,-2.54]]],[[[106.58,-2.74],[106.72,-2.61],[106.21,-2.41],[105.97,-1.51],[105.6,-1.51],[105.6,-1.64],[105.24,-1.51],[105.24,-1.84],[104.96,-1.96],[105.11,-2.16],[105.62,-2.16],[105.77,-2.41],[105.78,-2.8],[106.45,-3.19],[106.81,-3.06],[106.8,-2.86],[106.58,-2.86],[106.58,-2.74]]]]},"properties":{"NAME":"Sultanate of Palembang","C":7,"name":"Sultanate of Palembang","start_year":1512,"end_year":1555,"capital":"","type":"polity","region":"","event":"","source":"Cliopatria / Seshat Global History Databank (CC BY 4.0)","wikipedia":"Palembang Sultanate","wikidata":"Q3503555","_a":14,"_c":[105.67,-2.86],"_nz":"巨港苏丹国","_sz":""}},
{"type":"Feature","geometry":{"type":"Polygon","coordinates":[[[120.23,-5.18],[120.28,-4.66],[120.13,-4.66],[119.92,-4.79],[119.94,-5.18],[120.16,-5.31],[120.23,-5.18]]]},"properties":{"NAME":"Sultanate of Bone","C":4,"name":"Sultanate of Bone","start_year":1512,"end_year":1669,"capital":"","type":"polity","region":"","event":"","source":"Cliopatria / Seshat Global History Databank (CC BY 4.0)","wikipedia":"Sultan","wikidata":"Q43292","_a":0,"_c":[120.1,-4.98],"_nz":"波尼苏丹国","_sz":""}},
{"type":"Feature","geometry":{"type":"Polygon","coordinates":[[[45.99,40.87],[45.77,40.94],[45.58,41.2],[45.42,41.2],[44.89,41.78],[44.5,41.85],[44.66,42.24],[44.76,42.37],[44.82,42.69],[44.69,42.82],[43.78,42.69],[43.68,42.56],[43.7,42.24],[43.48,41.91],[43.23,41.85],[43.2,41.72],[43.73,41.52],[43.93,40.87],[44.24,40.81],[44.29,40.68],[44.62,40.74],[44.76,40.61],[45.15,40.61],[45.29,40.48],[45.69,40.55],[45.99,40.87]]]},"properties":{"NAME":"Kingdom of Georgia","C":2,"name":"Kingdom of Georgia","start_year":1516,"end_year":1539,"capital":"","type":"polity","region":"","event":"","source":"Cliopatria / Seshat Global History Databank (CC BY 4.0)","wikipedia":"Kingdom of Georgia","wikidata":"Q154667","_a":7,"_c":[44.6,41.65],"_nz":"格鲁吉亚王国","_sz":""}},
{"type":"Feature","geometry":{"type":"MultiPolygon","coordinates":[[[[109.86,18.35],[110.18,18.48],[110.19,18.54],[110.51,18.67],[110.68,19.25],[110.85,19.38],[110.88,19.57],[111.03,19.57],[111.09,19.89],[110.91,20.15],[110.61,20.15],[110.59,20.02],[110.16,20.09],[109.25,19.96],[109.2,19.7],[108.7,19.38],[108.64,18.54],[108.76,18.41],[109.12,18.35],[109.25,18.22],[109.84,18.22],[109.86,18.35]]],[[[122.27,30.18],[122.05,30.18],[121.98,29.99],[122.28,29.99],[122.27,30.18]]],[[[124.73,40.42],[124.29,40.36],[124.37,40.61],[124.17,40.68],[124.04,40.87],[124.56,41.46],[124.36,41.52],[124.4,41.72],[124.21,42.04],[124.66,42.76],[124.35,42.89],[123.7,42.89],[123.66,42.82],[123.7,42.63],[123.57,42.43],[123.21,42.37],[122.81,42.11],[122.41,41.33],[122.01,41.33],[122.05,41.65],[121.93,41.72],[121.45,41.59],[119.36,40.03],[118.97,40.03],[118.79,40.42],[118.42,40.61],[117.79,40.61],[117.37,40.42],[117.2,40.55],[117.34,40.94],[116.99,40.87],[116.86,41.07],[116.45,41.2],[115.12,40.81],[114.68,40.42],[113.77,40.36],[113.64,40.55],[113.32,40.55],[113.02,40.29],[112.5,40.36],[112.26,40.03],[111.83,39.97],[111.65,39.77],[111.45,39.84],[111.16,39.58],[110.42,39.51],[110.29,39.26],[109.96,39.06],[109.75,38.61],[109.78,38.35],[109.6,38.29],[109.53,37.96],[109.42,37.9],[108.84,37.84],[108.75,37.96],[107.97,38.16],[107.9,38.35],[107.51,38.35],[107.44,38.55],[107.29,38.55],[107.65,39.32],[107.44,39.38],[107.33,39.64],[106.92,39.45],[106.59,38.74],[106.67,38.74],[106.51,38.22],[106.16,37.96],[105.43,37.9],[105.22,37.77],[104.46,37.64],[104.36,37.77],[103.76,37.84],[103.66,37.96],[103.61,38.03],[103.33,38.09],[103.3,38.22],[103.02,38.29],[103,38.42],[102.79,38.48],[102.85,38.61],[103.14,38.74],[102.88,38.87],[103.12,39.06],[103,39.13],[102.55,39.19],[102.36,38.93],[102.12,38.93],[101.63,39.06],[101.56,39.26],[101.17,39.26],[101.18,39.64],[100.5,39.71],[100.06,39.26],[99.9,38.87],[100,38.74],[100.41,38.61],[100.87,38.03],[101.24,37.96],[101.26,37.84],[101.55,37.77],[101.7,37.58],[102.1,37.77],[102.09,37.58],[102.25,37.38],[102.53,37.32],[102.69,37.13],[102.61,36.93],[102.84,36.74],[102.79,36.61],[102.92,36.35],[102.8,36.03],[102.62,35.97],[102.57,35.64],[102.24,35.58],[102.09,35.39],[102.09,35.19],[101.71,35],[101.74,34.87],[102.1,34.81],[102.03,34.61],[101.75,34.49],[101.23,34.74],[100.92,34.74],[100.85,34.55],[101.07,34.29],[101.53,34.29],[101.69,34.1],[101.53,33.84],[101.2,33.78],[101.87,33.52],[101.18,31.66],[101.1,31.66],[100.68,29.73],[99.98,28.83],[99.74,28.77],[99.7,28.32],[99.61,28.25],[99.43,28.44],[99.49,28.96],[99.41,28.96],[99.53,29.41],[99.4,29.47],[99.24,29.15],[99.03,29.22],[98.87,28.32],[98.57,28.32],[98.37,28.44],[98.16,28.19],[98.26,27.67],[98.56,27.67],[98.74,27.48],[98.76,26.58],[98.84,26.58],[98.67,25.81],[98.17,25.55],[98.13,25.36],[97.87,25.16],[97.82,24.91],[97.65,24.78],[97.59,24.46],[97.79,24.33],[97.65,23.94],[98.88,24.14],[98.73,23.75],[98.87,23.69],[98.94,23.24],[99.57,22.98],[99.29,22.14],[99.94,22.08],[100.07,21.95],[100.03,21.69],[100.22,21.5],[100.74,21.5],[101.16,21.76],[101.18,21.44],[101.32,21.37],[101.36,21.18],[101.81,21.18],[101.88,21.63],[101.64,22.01],[101.72,22.46],[102.15,22.4],[102.58,22.72],[102.87,22.66],[102.92,22.53],[103.22,22.53],[103.32,22.72],[103.77,22.72],[103.96,22.53],[104.15,22.79],[104.52,22.72],[104.84,22.85],[104.96,23.11],[105.21,23.3],[105.44,23.3],[105.75,22.98],[106.2,22.98],[106.33,22.85],[106.71,22.91],[106.77,22.85],[106.61,22.34],[106.71,22.08],[107.24,21.69],[107.46,21.69],[107.59,21.56],[107.97,21.63],[108.1,21.5],[108.56,21.56],[108.65,21.69],[109.09,21.63],[109.12,21.37],[109.81,21.5],[109.87,21.44],[109.7,20.86],[109.79,20.54],[109.93,20.47],[109.88,20.21],[110.49,20.28],[110.62,20.6],[110.36,20.86],[110.48,21.11],[110.72,21.18],[110.74,21.31],[110.98,21.44],[111.66,21.5],[111.86,21.76],[112.44,21.69],[112.77,21.89],[113.07,21.89],[113.11,22.08],[113.32,22.01],[113.42,22.14],[113.64,22.14],[113.7,22.46],[113.6,22.72],[113.75,22.72],[113.79,22.53],[114,22.46],[114,22.08],[114.37,22.08],[114.53,22.14],[114.64,22.72],[114.75,22.53],[114.9,22.53],[115.17,22.79],[115.37,22.66],[115.67,22.66],[115.7,22.79],[116.54,22.91],[116.59,23.17],[116.81,23.17],[116.78,23.36],[116.89,23.56],[117.18,23.49],[117.47,23.81],[117.69,23.81],[117.72,23.94],[118.08,24.2],[118.15,24.52],[118.76,24.59],[118.82,24.84],[119.07,24.97],[119.03,25.1],[119.34,25.16],[119.47,25.36],[119.87,25.49],[119.9,25.62],[119.53,25.62],[119.78,26],[119.59,26.13],[119.94,26.32],[119.84,26.52],[120.16,26.58],[120.25,26.9],[120.39,27.16],[120.55,27.16],[120.73,27.54],[120.71,27.74],[120.87,27.99],[121.15,28.19],[121.65,28.32],[121.65,28.57],[121.71,28.77],[121.71,29.22],[121.94,29.22],[122.02,29.67],[121.86,29.67],[122.03,29.92],[121.62,30.05],[121.48,30.31],[121.1,30.31],[120.81,30.12],[120.68,30.18],[121.05,30.56],[121.2,30.56],[121.52,30.82],[121.9,30.82],[122,31.08],[121.74,31.4],[121.91,31.46],[121.84,31.66],[121.99,31.85],[121.78,32.11],[121.5,32.17],[121.4,32.49],[120.92,32.62],[120.93,33.2],[120.55,33.59],[120.49,34.16],[120.34,34.36],[119.73,34.55],[119.71,34.68],[119.23,34.81],[119.62,35.52],[119.99,35.64],[120.32,36.03],[120.66,36.1],[120.73,36.42],[120.96,36.42],[120.98,36.61],[121.21,36.61],[121.91,36.93],[122.39,36.8],[122.57,37],[122.47,37.13],[122.71,37.45],[122.12,37.51],[122.15,37.58],[121.5,37.51],[121.48,37.64],[121.17,37.64],[121.11,37.84],[120.75,37.9],[120.19,37.71],[120.2,37.58],[119.83,37.45],[119.7,37.19],[119.16,37.19],[118.98,37.32],[119.24,37.84],[119.46,37.96],[118.77,38.16],[118.58,38.09],[118.07,38.16],[118.05,38.29],[117.6,38.48],[117.58,38.74],[117.89,39.19],[118.06,39.06],[118.45,39.06],[119.22,39.32],[119.38,39.77],[120.5,40.23],[120.65,40.48],[121,40.68],[121.11,40.87],[121.82,40.87],[121.83,40.74],[122.11,40.68],[122.23,40.48],[121.78,39.97],[121.5,39.9],[121.44,39.64],[121.21,39.51],[121.3,39.38],[121.69,39.38],[121.52,39.06],[121.2,39.06],[121.03,38.74],[121.42,38.74],[121.72,39],[121.95,39],[122.17,39.26],[122.94,39.64],[123.6,39.84],[124.23,39.84],[124.27,39.9],[124.73,40.42]]]]},"properties":{"NAME":"Ming Dynasty","C":5,"name":"Ming Dynasty","start_year":1516,"end_year":1546,"capital":"","type":"polity","region":"","event":"","source":"Cliopatria / Seshat Global History Databank (CC BY 4.0)","wikipedia":"Ming dynasty","wikidata":"Q9903","_a":670,"_c":[111.16,30.56],"_nz":"明","_sz":""}},
{"type":"Feature","geometry":{"type":"MultiPolygon","coordinates":[[[[126.7,33.26],[126.78,33.26],[127,33.59],[126.36,33.52],[126.14,33.2],[126.7,33.26]]],[[[124.27,39.9],[124.51,39.64],[124.86,39.71],[124.87,39.58],[125.31,39.51],[125.39,39.38],[124.79,38.29],[124.76,38.09],[125.08,38.09],[124.9,37.9],[125.21,37.9],[125.39,37.64],[125.68,37.9],[125.84,37.77],[126.35,37.84],[126.25,37.64],[126.6,37.58],[126.54,37.45],[126.7,37.32],[126.65,37.06],[126.3,37],[126.05,36.8],[126.26,36.61],[126.45,36.67],[126.43,36.16],[126.52,36.03],[126.68,36.03],[126.3,35.26],[126.2,34.87],[126.48,34.81],[126.12,34.36],[126.42,34.36],[126.63,34.29],[127.13,34.55],[127.22,34.42],[127.38,34.42],[127.76,34.74],[128.07,34.74],[128.08,34.94],[128.31,34.94],[128.33,34.81],[128.68,34.74],[128.81,35],[128.55,34.94],[128.53,35.07],[129.15,35.07],[129.62,35.71],[129.67,35.97],[129.58,36.1],[129.42,36.1],[129.4,36.35],[129.53,37.06],[129.47,37.25],[129.26,37.58],[129.1,37.58],[128.84,37.96],[128.36,38.8],[127.92,39],[127.8,39.19],[127.44,39.26],[127.67,39.64],[127.58,39.77],[127.93,39.97],[128.37,40.03],[128.68,40.29],[129.08,40.42],[129.24,40.68],[129.76,40.87],[129.88,41.2],[129.73,41.33],[129.81,41.46],[129.74,41.72],[130.32,42.24],[130.61,42.3],[130.74,42.5],[130.38,42.56],[130.28,42.89],[130.13,43.02],[129.76,42.95],[129.7,42.5],[129.21,42.37],[128.96,42.11],[128,41.98],[128.03,41.78],[128.31,41.72],[128.22,41.46],[127.31,41.52],[127.15,41.78],[126.87,41.85],[126.63,41.72],[125.99,40.94],[125.2,40.68],[124.73,40.42],[124.27,39.9]]]]},"properties":{"NAME":"Joseon","C":10,"name":"Joseon","start_year":1516,"end_year":1571,"capital":"","type":"polity","region":"","event":"","source":"Cliopatria / Seshat Global History Databank (CC BY 4.0)","wikipedia":"Joseon","wikidata":"Q28405","_a":64,"_c":[127.51,38.11],"_nz":"朝鲜王朝","_sz":""}},
{"type":"Feature","geometry":{"type":"Polygon","coordinates":[[[41.76,42.11],[41.82,41.98],[41.6,41.65],[41.58,41.52],[42.44,41.46],[42.62,41.59],[42.66,41.78],[42.39,42.04],[41.76,42.11]]]},"properties":{"NAME":"Principality of Guria","C":3,"name":"Principality of Guria","start_year":1516,"end_year":1546,"capital":"","type":"polity","region":"","event":"","source":"Cliopatria / Seshat Global History Databank (CC BY 4.0)","wikipedia":"Principality of Guria","wikidata":"Q2195101","_a":1,"_c":[42.12,41.79],"_nz":"古里亚公国","_sz":""}},
{"type":"Feature","geometry":{"type":"MultiPolygon","coordinates":[[[[-1.03,43.08],[-0.37,42.82],[0.04,42.69],[0.2,42.76],[0.35,42.89],[0.25,43.28],[-0.07,43.21],[-0.25,43.47],[-0.65,43.54],[-1.05,43.41],[-1.12,43.28],[-1.44,43.28],[-1.43,43.08],[-1.03,43.08]]],[[[1.73,42.63],[1.87,42.89],[1.39,42.95],[1.3,43.02],[1.28,43.54],[0.87,43.67],[0.64,43.41],[0.97,43.34],[0.81,43.21],[0.98,43.02],[0.99,42.82],[1.07,42.82],[1.41,42.63],[1.65,42.63],[1.73,42.63]]],[[[0.9,45.82],[0.84,45.56],[0.52,45.37],[0.53,45.24],[0.22,44.97],[-0.18,44.91],[-0.07,44.52],[1.07,44.45],[1.38,44.65],[1.45,44.84],[1.78,44.78],[2.1,44.78],[2.17,45.04],[2.4,45.24],[2.39,45.43],[2.06,45.63],[0.9,45.82]]]]},"properties":{"NAME":"County of Foix","C":3,"name":"County of Foix","start_year":1519,"end_year":1539,"capital":"","type":"polity","region":"","event":"","source":"Cliopatria / Seshat Global History Databank (CC BY 4.0)","wikipedia":"County of Foix","wikidata":"Q1481436","_a":12,"_c":[0.48,44.23],"_nz":"富瓦伯国","_sz":""}},
{"type":"Feature","geometry":{"type":"MultiPolygon","coordinates":[[[[27.54,58.53],[27.45,58.53],[27.37,59.16],[27.73,59.16],[28.03,59.29],[27.88,59.5],[26.79,59.5],[26.45,59.64],[25.37,59.71],[25.35,59.57],[24.16,59.5],[23.96,59.36],[23.41,59.29],[23.41,58.53],[23.67,58.46],[23.82,58.25],[24.27,58.25],[24.23,57.28],[23.94,57.08],[23.58,57.01],[22.52,57.83],[21.79,57.7],[21.41,57.49],[21.28,57.08],[21,56.94],[20.92,56.05],[21.19,56.11],[21.38,56.32],[21.74,56.39],[23.42,56.39],[24.11,56.25],[24.83,56.39],[25.07,56.18],[25.76,56.11],[25.83,55.98],[26.58,55.7],[26.87,55.84],[27.47,55.77],[27.97,56.18],[28.15,56.18],[28.12,56.59],[27.65,56.94],[27.8,57.35],[27.39,57.56],[27.72,57.97],[27.66,58.18],[27.48,58.18],[27.54,58.53]]],[[[21.85,58.25],[22.02,58.18],[21.9,57.9],[22.08,57.9],[22.29,58.18],[23.12,58.39],[23.23,58.6],[22.25,58.67],[22.15,58.53],[21.88,58.53],[21.85,58.25]]],[[[22.35,58.74],[22.9,58.81],[22.84,59.09],[22.49,59.16],[22.2,59.02],[22.35,58.74]]]]},"properties":{"NAME":"Livonian Conference","C":10,"name":"Livonian Conference","start_year":1519,"end_year":1555,"capital":"","type":"polity","region":"","event":"","source":"Cliopatria / Seshat Global History Databank (CC BY 4.0)","wikipedia":"Livonian language","wikidata":"Q33698","_a":29,"_c":[24.51,57.71],"_nz":"利沃尼亚联盟","_sz":""}},
{"type":"Feature","geometry":{"type":"Polygon","coordinates":[[[15.65,52.32],[15.81,52.12],[16.14,51.85],[16.13,51.71],[16.56,51.71],[16.72,51.58],[16.98,51.71],[17.32,51.71],[17.55,51.25],[17.97,51.25],[18.05,51.11],[18.71,50.85],[18.7,50.71],[19.03,50.58],[19.19,50.38],[19.17,50.05],[19.24,49.85],[18.88,49.52],[19.13,49.45],[19.47,49.58],[19.87,49.18],[20.21,49.38],[20.45,49.25],[20.7,49.25],[20.71,49.38],[21.8,49.38],[22.52,49.05],[22.78,49.12],[22.93,48.92],[23.67,48.79],[24.05,48.46],[24.38,48.39],[24.37,48.26],[24.69,48.13],[24.59,47.93],[24.91,47.8],[25.01,48.06],[25.54,48.39],[25.56,48.59],[25.25,48.79],[25.51,48.92],[25.98,48.65],[27.39,48.65],[27.54,48.46],[28.42,48.19],[28.56,47.93],[28.88,47.86],[29.03,47.73],[28.93,47.6],[28.98,47.33],[29.22,47.27],[29.39,47.33],[29.34,47.53],[29.51,47.6],[29.53,47.8],[29.8,47.93],[30.62,47.93],[30.89,48.06],[31.22,48.06],[31.57,48.19],[31.85,48.46],[32.29,48.59],[32.48,48.79],[33.01,48.99],[33.43,48.99],[33.46,49.18],[33.96,49.18],[34.14,49.32],[34.08,49.45],[34.4,49.85],[34.47,50.25],[34.16,50.45],[33.41,50.45],[33.09,50.58],[32.81,50.91],[32.32,51.05],[32.26,51.18],[31.75,51.18],[31.21,50.98],[31.11,50.85],[30.69,50.85],[30.54,50.98],[30.58,51.85],[30.87,52.05],[31.66,52.18],[31.5,52.79],[31.28,52.99],[31.31,53.19],[31.9,53.12],[32.11,53.33],[32.15,53.53],[32.02,53.8],[31.77,53.87],[31.8,54],[31.57,54.21],[31.24,54.27],[30.8,54.75],[30.97,55.23],[30.91,55.36],[31.22,55.63],[31.37,55.98],[31.22,56.11],[30.84,55.98],[30.41,56.05],[30.03,55.84],[29.4,55.77],[29.42,55.91],[29.12,56.18],[29.04,56.8],[28.67,56.66],[28.62,56.39],[28.4,56.11],[28.15,56.18],[27.97,56.18],[27.47,55.77],[26.87,55.84],[26.58,55.7],[25.83,55.98],[25.76,56.11],[25.07,56.18],[24.83,56.39],[24.11,56.25],[23.42,56.39],[21.74,56.39],[21.38,56.32],[21.19,56.11],[20.92,56.05],[20.99,55.91],[21.25,55.84],[21.24,55.7],[21.64,55.36],[22.41,55.23],[22.81,54.89],[22.7,54.68],[22.66,54.27],[22.48,54.21],[22.55,54],[22.42,53.6],[21.29,53.46],[20.93,53.26],[20.67,53.26],[20.4,53.06],[19.97,53.12],[19.73,53.33],[19.74,53.46],[19.31,53.46],[19.21,53.33],[18.7,53.39],[18.81,53.66],[18.98,53.66],[19.25,53.87],[19.27,54.07],[19.45,54.21],[19.87,54.07],[19.86,53.87],[20.1,53.66],[20.27,53.66],[20.83,54.07],[20.75,54.21],[20.5,54.27],[20.14,54.21],[19.81,54.34],[19.82,54.48],[19.56,54.48],[19.46,54.34],[18.69,54.41],[18.45,54.68],[18.46,54.89],[18.02,54.89],[17.91,54.48],[17.64,54.34],[17.62,54],[17.19,54],[17.08,53.6],[16.82,53.6],[16.66,53.8],[16.4,53.8],[16.48,53.6],[16.3,53.53],[16.02,53.12],[16.1,52.86],[15.57,52.65],[15.65,52.32]]]},"properties":{"NAME":"House of Jagiellon","C":2,"name":"House of Jagiellon","start_year":1519,"end_year":1539,"capital":"","type":"polity","region":"","event":"","source":"Cliopatria / Seshat Global History Databank (CC BY 4.0)","wikipedia":"Jagiellonian dynasty","wikidata":"Q194355","_a":181,"_c":[24.98,52.04],"_nz":"雅盖隆王朝","_sz":""}},
{"type":"Feature","geometry":{"type":"Polygon","coordinates":[[[114.3,-8.33],[114.41,-7.81],[114.26,-7.69],[113.38,-7.69],[113.09,-7.75],[112.71,-7.56],[112.52,-6.85],[112.16,-6.91],[111.64,-6.79],[111.5,-6.85],[111.51,-7.04],[111.74,-7.11],[111.75,-7.3],[111.9,-7.43],[112.28,-7.56],[112.29,-7.75],[112.52,-7.94],[112.41,-8.46],[113.21,-8.33],[113.74,-8.65],[114.18,-8.65],[114.27,-8.84],[114.49,-8.84],[114.3,-8.33]]]},"properties":{"NAME":"Blambangan Kingdom","C":6,"name":"Blambangan Kingdom","start_year":1519,"end_year":1618,"capital":"","type":"polity","region":"","event":"","source":"Cliopatria / Seshat Global History Databank (CC BY 4.0)","wikipedia":"Blambangan Kingdom","wikidata":"Q287996","_a":6,"_c":[113,-7.81],"_nz":"巴兰班甘王国","_sz":""}},
{"type":"Feature","geometry":{"type":"Polygon","coordinates":[[[36.95,17.06],[36.21,17.06],[35.93,17.39],[35.78,17.39],[35.5,17.64],[35.37,17.96],[35.22,18.03],[33.43,17.45],[31.5,17.32],[31.64,17.06],[31.47,16.42],[27.2,16.55],[27.3,14.75],[27.58,14.43],[27.72,14.04],[27.7,13.46],[27.32,12.95],[27.29,11.99],[27.44,11.79],[27.42,11.28],[27.79,11.34],[29.18,11.09],[31.45,11.28],[31.88,11.02],[32.25,11.02],[32.54,10.89],[33.34,10.89],[34.44,11.09],[35.03,11.02],[35.04,11.47],[35.2,11.92],[35.35,11.99],[35.66,12.56],[36.26,12.82],[36.28,13.34],[36.51,13.72],[36.53,14.17],[36.6,14.17],[36.49,15.07],[36.65,15.26],[36.91,16.1],[37.06,16.23],[37.01,16.74],[37.24,17],[36.95,17.06]]]},"properties":{"NAME":"Funj Sultanate","C":6,"name":"Funj Sultanate","start_year":1519,"end_year":1539,"capital":"","type":"polity","region":"","event":"","source":"Cliopatria / Seshat Global History Databank (CC BY 4.0)","wikipedia":"Funj Sultanate","wikidata":"Q1475713","_a":72,"_c":[32.22,14.46],"_nz":"丰吉苏丹国","_sz":""}},
{"type":"Feature","geometry":{"type":"Polygon","coordinates":[[[112.41,-8.46],[112.52,-7.94],[112.29,-7.75],[112.28,-7.56],[111.9,-7.43],[111.75,-7.3],[111.74,-7.11],[111.51,-7.04],[111.5,-6.85],[111.64,-6.79],[111.49,-6.59],[111.05,-6.66],[110.89,-6.4],[110.6,-6.4],[110.34,-6.91],[109.24,-6.85],[109.41,-7.24],[109.65,-7.49],[110.01,-7.56],[109.89,-7.94],[109.9,-8.01],[110.65,-8.26],[111.89,-8.33],[112.41,-8.46]]]},"properties":{"NAME":"Demak Sultanate","C":1,"name":"Demak Sultanate","start_year":1519,"end_year":1546,"capital":"","type":"polity","region":"","event":"","source":"Cliopatria / Seshat Global History Databank (CC BY 4.0)","wikipedia":"Demak Sultanate","wikidata":"Q49322","_a":7,"_c":[110.88,-7.43],"_nz":"淡目苏丹国","_sz":""}},
{"type":"Feature","geometry":{"type":"Polygon","coordinates":[[[1.73,42.63],[1.49,42.63],[1.49,42.56],[1.58,42.43],[1.81,42.5],[1.73,42.63]]]},"properties":{"NAME":"County of Urgell","C":10,"name":"County of Urgell","start_year":1519,"end_year":1555,"capital":"","type":"polity","region":"","event":"","source":"Cliopatria / Seshat Global History Databank (CC BY 4.0)","wikipedia":"County of Urgell","wikidata":"Q1514510","_a":0,"_c":[1.65,42.53],"_nz":"乌赫尔伯国","_sz":""}},
{"type":"Feature","geometry":{"type":"Polygon","coordinates":[[[114.3,-8.33],[114.98,-8.65],[115,-8.91],[115.34,-8.59],[115.63,-8.52],[115.61,-8.26],[115.3,-8.07],[114.36,-8.07],[114.3,-8.33]]]},"properties":{"NAME":"Balinese Kingdom","C":0,"name":"Balinese Kingdom","start_year":1519,"end_year":1608,"capital":"","type":"polity","region":"","event":"","source":"Cliopatria / Seshat Global History Databank (CC BY 4.0)","wikipedia":"Bali Kingdom","wikidata":"Q12491027","_a":1,"_c":[114.97,-8.49],"_nz":"巴厘王国","_sz":""}},
{"type":"Feature","geometry":{"type":"MultiPolygon","coordinates":[[[[5.82,47.86],[6.14,47.99],[6.31,47.93],[7.06,47.93],[7.13,48.32],[7.04,48.52],[6.87,48.65],[6.37,48.72],[6.45,48.85],[6.03,48.92],[6.04,48.79],[5.87,48.85],[5.79,48.79],[5.88,48.46],[5.46,48.59],[5.39,48.39],[5.48,48.06],[5.65,48.06],[5.82,47.86]],[[6.46,48.46],[6.71,48.52],[6.8,48.32],[6.64,48.19],[6.46,48.46]]],[[[7.53,49.12],[6.86,49.18],[6.86,49.05],[7.36,48.92],[7.53,49.12]]],[[[5.18,49.58],[4.94,49.18],[4.87,48.99],[4.88,48.65],[5.38,48.59],[5.46,48.79],[5.87,48.85],[5.95,48.92],[6.03,48.92],[5.86,48.99],[5.94,49.18],[5.86,49.18],[5.85,49.32],[5.61,49.18],[5.7,48.99],[5.36,48.99],[5.26,49.58],[5.18,49.58]]],[[[6.36,49.25],[6.53,49.12],[6.85,49.45],[7.1,49.45],[7.02,49.58],[6.35,49.58],[6.26,49.52],[6.36,49.25]]],[[[5.6,49.52],[5.85,49.32],[6.02,49.45],[6.01,49.52],[5.6,49.52]]]]},"properties":{"NAME":"Duchy of Lorraine","C":6,"name":"Duchy of Lorraine","start_year":1519,"end_year":1551,"capital":"","type":"polity","region":"","event":"","source":"Cliopatria / Seshat Global History Databank (CC BY 4.0)","wikipedia":"Duchy of Lorraine","wikidata":"Q155019","_a":5,"_c":[6.2,48.72],"_nz":"洛林公国","_sz":""}},
{"type":"Feature","geometry":{"type":"Polygon","coordinates":[[[80.36,18.8],[80.69,19.7],[80.48,19.76],[80.31,19.64],[79.8,19.64],[79.51,19.76],[79.55,20.02],[78.74,20.09],[78.85,20.41],[78.79,20.54],[78.88,20.66],[78.68,20.86],[78.7,21.05],[78.53,21.44],[78.18,21.69],[77.75,21.76],[76.69,21.63],[76.51,21.31],[75.96,21.05],[75.7,20.79],[75.7,20.73],[76.03,20.41],[76.18,20.41],[76.38,20.21],[76.37,20.09],[76.71,19.83],[76.86,19.25],[77.09,19.25],[77.25,19.38],[77.97,19.25],[78.43,19.38],[79.25,19.38],[79.31,19.25],[79.81,19.12],[80,18.86],[80.36,18.8]]]},"properties":{"NAME":"Berar Sultanate","C":7,"name":"Berar Sultanate","start_year":1519,"end_year":1563,"capital":"","type":"polity","region":"","event":"","source":"Cliopatria / Seshat Global History Databank (CC BY 4.0)","wikipedia":"Berar Sultanate","wikidata":"Q818666","_a":15,"_c":[78.19,20.28],"_nz":"贝拉尔苏丹国","_sz":""}},
{"type":"Feature","geometry":{"type":"MultiPolygon","coordinates":[[[[123.66,42.82],[123.43,43.08],[123.51,43.21],[123.32,43.41],[123.58,43.93],[123.5,43.93],[124.07,44.91],[124.04,45.1],[124.28,45.56],[124.33,45.76],[124.75,46.48],[124.67,46.48],[125.49,47.73],[125.47,47.93],[125.8,48.59],[125.71,48.59],[125.9,49.05],[125.96,49.45],[126.11,49.85],[126,49.91],[126.13,50.18],[126.13,50.38],[125.99,50.51],[126.1,50.65],[125.96,50.78],[126.07,50.91],[125.9,51.11],[125.74,51.71],[125.27,52.05],[124.36,52.18],[124.42,52.25],[123.57,52.45],[123.52,52.59],[122.82,52.86],[122.08,52.99],[121.6,53.12],[121.58,53.39],[121.15,53.39],[120.92,53.53],[120.35,53.66],[120.41,53.73],[119.9,53.94],[119.97,54],[119.19,54.21],[118.94,54.41],[117.36,54.68],[117.48,54.82],[116.85,54.89],[114.47,55.16],[114.53,55.23],[114.04,55.36],[113.02,55.5],[111.04,55.84],[110.72,55.98],[109.99,55.84],[109.68,54.95],[109.74,54.82],[109.51,54.55],[109.64,54.27],[108.83,53.26],[108.43,53.19],[107.9,52.72],[107.33,52.65],[106.82,52.32],[106.4,52.32],[106.01,51.78],[105.74,51.65],[104.83,51.45],[104.07,51.45],[103.57,51.58],[103.84,51.85],[103.27,52.12],[103.4,52.65],[103.24,52.79],[103.32,53.12],[103.12,53.33],[103.22,53.46],[102.94,53.66],[102.96,53.8],[102.64,54.07],[102.02,54.27],[101.74,54.48],[100.85,54.68],[100.69,54.82],[99.45,55.02],[99.5,55.09],[98.54,55.09],[96.56,54.89],[96.46,54.75],[94.4,54.41],[91.52,53.6],[89.97,52.65],[88.57,51.45],[88.4,51.45],[88.36,51.25],[87.96,50.98],[86.8,49.78],[86.63,49.78],[86.57,49.52],[86.19,49.25],[85.64,48.32],[85.48,47.99],[85.51,47.73],[85.29,47.6],[84.7,46.87],[84.26,46.81],[83.8,46.87],[83.86,47.01],[83.64,47.07],[83.04,47.01],[82.54,46.09],[82.21,45.89],[81.82,45.37],[79.95,44.97],[79.98,44.84],[80.41,44.71],[80.36,43.99],[80.74,43.54],[80.68,43.41],[80.79,43.28],[80.63,43.08],[80.47,43.08],[80.47,42.89],[80.29,42.82],[80.19,42.37],[80.53,42.43],[80.96,42.3],[82.06,42.24],[84.11,42.76],[85.79,42.76],[85.76,42.69],[87.28,42.5],[87.25,42.43],[88.85,42.24],[88.82,42.17],[90.35,41.85],[90.46,41.72],[90.49,41.07],[90.63,41],[90.7,40.81],[90.65,40.68],[90.75,40.55],[91.83,40.29],[92.69,39.71],[92.59,39.26],[92.49,39.19],[90.95,38.67],[90.88,38.48],[91.04,38.29],[90.94,38.03],[91.28,37.9],[91.45,37.71],[91.53,37.51],[91.46,37.32],[91,37.13],[90.94,36.93],[91.36,36.8],[91.39,36.67],[91.79,36.93],[92.36,37],[92.6,36.8],[93.54,36.61],[95.77,35.45],[96.55,35.26],[97.45,34.74],[97.68,34.74],[97.72,34.61],[98.29,34.49],[98.32,34.36],[98.85,34.1],[100.86,33.91],[101.2,33.78],[101.53,33.84],[101.69,34.1],[101.53,34.29],[101.07,34.29],[100.85,34.55],[100.92,34.74],[101.23,34.74],[101.75,34.49],[102.03,34.61],[102.1,34.81],[101.74,34.87],[101.71,35],[102.09,35.19],[102.09,35.39],[102.24,35.58],[102.57,35.64],[102.62,35.97],[102.8,36.03],[102.92,36.35],[102.79,36.61],[102.84,36.74],[102.61,36.93],[102.69,37.13],[102.53,37.32],[102.25,37.38],[102.09,37.58],[102.1,37.77],[101.7,37.58],[101.55,37.77],[101.26,37.84],[101.24,37.96],[100.87,38.03],[100.41,38.61],[100,38.74],[99.9,38.87],[100.06,39.26],[100.5,39.71],[101.18,39.64],[101.17,39.26],[101.56,39.26],[101.63,39.06],[102.12,38.93],[102.36,38.93],[102.55,39.19],[103,39.13],[103.12,39.06],[102.88,38.87],[103.14,38.74],[102.85,38.61],[102.79,38.48],[103,38.42],[103.02,38.29],[103.3,38.22],[103.33,38.09],[103.61,38.03],[103.66,37.96],[103.76,37.84],[104.36,37.77],[104.46,37.64],[105.22,37.77],[105.43,37.9],[106.16,37.96],[106.51,38.22],[106.67,38.74],[106.59,38.74],[106.92,39.45],[107.33,39.64],[107.44,39.38],[107.65,39.32],[107.29,38.55],[107.44,38.55],[107.51,38.35],[107.9,38.35],[107.97,38.16],[108.75,37.96],[108.84,37.84],[109.42,37.9],[109.53,37.96],[109.6,38.29],[109.78,38.35],[109.75,38.61],[109.96,39.06],[110.29,39.26],[110.42,39.51],[111.16,39.58],[111.45,39.84],[111.65,39.77],[111.83,39.97],[112.26,40.03],[112.5,40.36],[113.02,40.29],[113.32,40.55],[113.64,40.55],[113.77,40.36],[114.68,40.42],[115.12,40.81],[116.45,41.2],[116.86,41.07],[116.99,40.87],[117.34,40.94],[117.2,40.55],[117.37,40.42],[117.79,40.61],[118.42,40.61],[118.79,40.42],[118.97,40.03],[119.36,40.03],[121.45,41.59],[121.93,41.72],[122.05,41.65],[122.01,41.33],[122.41,41.33],[122.81,42.11],[123.21,42.37],[123.57,42.43],[123.7,42.63],[123.66,42.82]]],[[[109.02,53.94],[108.6,53.73],[108.52,53.53],[108.87,53.53],[109.02,53.94]]]]},"properties":{"NAME":"Mongol Khanate","C":4,"name":"Mongol Khanate","start_year":1521,"end_year":1546,"capital":"","type":"polity","region":"","event":"","source":"Cliopatria / Seshat Global History Databank (CC BY 4.0)","wikipedia":"Mongol khanate","wikidata":"Q19927420","_a":1025,"_c":[103.04,44.88],"_nz":"蒙古汗国","_sz":""}},
{"type":"Feature","geometry":{"type":"Polygon","coordinates":[[[63.73,42.43],[62.18,43.15],[62,43.34],[62.04,43.47],[61.98,43.54],[61.76,43.6],[61.1,44.39],[60.88,44.45],[60.78,44.12],[60.6,44.06],[60.5,43.73],[60.29,43.54],[59.12,43.41],[58.63,43.67],[58.34,43.47],[57.33,43.02],[57.19,42.5],[57.27,42.5],[57.23,42.04],[57.31,42.04],[57.42,41.52],[57.85,41.33],[57.83,41.26],[60,41.07],[60.13,40.94],[60.84,40.94],[62.38,41.33],[63.22,41.78],[63.73,42.43]]]},"properties":{"NAME":"Khanate of Khiva","C":10,"name":"Khanate of Khiva","start_year":1521,"end_year":1587,"capital":"","type":"polity","region":"","event":"","source":"Cliopatria / Seshat Global History Databank (CC BY 4.0)","wikipedia":"Khanate of Khiva","wikidata":"Q491106","_a":23,"_c":[60.46,42.7],"_nz":"希瓦汗国","_sz":""}},
{"type":"Feature","geometry":{"type":"Polygon","coordinates":[[[56.55,51.98],[56.59,52.32],[56.44,52.38],[56.43,52.59],[56.13,52.72],[55,52.65],[54.9,52.86],[54.66,52.92],[54.71,53.06],[54.38,53.33],[54.36,53.53],[54.08,53.46],[53.89,53.66],[53.61,53.6],[53.4,53.73],[53.26,54.07],[53.02,54.14],[53.12,54.41],[53.02,54.61],[51.97,54.61],[51.62,54.34],[51.03,54.14],[50.32,54.07],[49.58,53.66],[49.07,53.12],[49.01,52.92],[48.58,52.65],[47.48,52.38],[47.13,52.05],[47.07,51.85],[47.31,51.78],[47.17,51.58],[47.02,51.05],[46.14,49.91],[46.08,48.99],[46.72,48.52],[47.52,48.39],[47.72,48.19],[48.45,48.13],[48.88,47.86],[49.13,47.86],[49.26,47.73],[49.95,47.53],[50.07,47.33],[50.04,47.2],[50.3,46.94],[50.84,47.14],[51.58,47.14],[51.81,47.07],[51.86,46.94],[53.11,47.01],[53.24,46.87],[53.27,46.68],[54.02,47.01],[55.04,47.14],[55.06,47.8],[55.73,48.13],[55.62,48.59],[55.45,48.85],[55.49,48.99],[55.24,49.25],[55.51,49.58],[56.26,50.11],[56.31,50.51],[56,50.85],[56.24,51.31],[56.56,51.51],[56.55,51.98]]]},"properties":{"NAME":"Nogai Horde","C":2,"name":"Nogai Horde","start_year":1521,"end_year":1555,"capital":"","type":"polity","region":"","event":"","source":"Cliopatria / Seshat Global History Databank (CC BY 4.0)","wikipedia":"Nogai Horde","wikidata":"Q631210","_a":84,"_c":[51.36,50.65],"_nz":"诺盖帐","_sz":""}},
{"type":"Feature","geometry":{"type":"Polygon","coordinates":[[[126.39,7.87],[126.5,8.19],[126.37,8.45],[126.17,8.58],[126.18,8.71],[126.33,8.77],[126.35,8.96],[126.21,9.03],[126.24,9.29],[126.02,9.29],[125.96,9.48],[125.42,9.86],[125.31,9.54],[125.48,9.03],[124.82,9.03],[124.71,8.58],[124.27,8.64],[124.09,8.19],[123.87,8.19],[123.76,8.64],[123.34,8.77],[123.25,8.58],[122.95,8.51],[122.92,8.26],[122.77,8.13],[122.1,8],[122.06,7.55],[121.82,7.23],[121.8,6.97],[122.23,6.97],[122.34,7.42],[122.49,7.49],[122.59,7.74],[122.73,7.68],[122.76,7.23],[122.92,7.29],[122.93,7.49],[123.43,7.36],[123.38,7.61],[123.46,7.74],[123.68,7.74],[124.09,7.42],[123.9,6.84],[124,6.26],[124.7,5.81],[124.99,5.81],[125.15,6.01],[125.12,5.62],[125.33,5.49],[125.65,5.88],[125.68,6.33],[125.41,6.59],[125.52,7.04],[125.8,6.91],[125.83,7.23],[126.02,6.84],[125.99,6.46],[126.2,6.39],[126.24,6.84],[126.55,7.1],[126.59,7.61],[126.53,7.81],[126.39,7.87]]]},"properties":{"NAME":"Sultanate of Maguindanao","C":0,"name":"Sultanate of Maguindanao","start_year":1521,"end_year":1608,"capital":"","type":"polity","region":"","event":"","source":"Cliopatria / Seshat Global History Databank (CC BY 4.0)","wikipedia":"Sultanate of Maguindanao","wikidata":"Q248572","_a":21,"_c":[124.2,7.68],"_nz":"马京达瑙苏丹国","_sz":""}},
{"type":"Feature","geometry":{"type":"MultiPolygon","coordinates":[[[[44.61,12.76],[45.05,12.76],[45.29,13.01],[45.22,13.21],[44.78,13.21],[44.63,13.08],[44.61,12.76]]],[[[58.29,23.62],[58.27,23.43],[58.54,23.11],[58.91,23.04],[59.05,22.91],[59.27,22.98],[58.81,23.62],[58.29,23.62]]],[[[50.43,25.94],[50.65,25.87],[50.69,26.26],[50.46,26.26],[50.43,25.94]]],[[[49.36,27.29],[49.24,27.61],[48.87,27.67],[48.97,27.93],[48.56,28.32],[48.58,28.51],[48.44,28.57],[48.46,28.77],[48.32,28.83],[48.22,29.28],[48.08,29.41],[47.47,29.34],[47.45,29.22],[47.89,29.09],[47.93,28.77],[48.14,28.64],[48.21,28.51],[48.25,28.19],[48.47,28.12],[48.55,27.48],[49.06,27.29],[49.27,27.09],[49.25,26.97],[49.88,26.45],[49.67,25.87],[50.03,25.68],[50.48,24.78],[51.18,24.2],[51.17,24.07],[51.82,23.88],[51.88,23.69],[54.27,23.75],[54.81,23.94],[55.46,24.46],[55.55,24.65],[56.02,24.84],[56.05,25.23],[55.92,25.36],[55.87,25.68],[55.73,25.74],[55.41,25.55],[55.14,25.1],[54.74,24.84],[54.56,24.46],[54.32,24.26],[54.1,24.33],[54.08,24.14],[53.11,24.14],[52.6,24.26],[52.28,24.01],[51.91,24.01],[51.85,24.26],[51.41,24.33],[51.52,24.78],[51.69,24.97],[51.72,25.29],[51.57,25.36],[51.7,25.87],[51.42,26.13],[51.12,26.13],[50.95,25.94],[50.92,25.62],[50.77,25.55],[50.73,25.1],[50.65,25.1],[50.61,25.42],[50.33,25.62],[50.21,26],[50.25,26.45],[50.12,26.58],[50.13,26.77],[49.36,27.29]]],[[[-17.07,32.62],[-16.69,32.69],[-16.79,32.88],[-17.17,32.88],[-17.07,32.62]]],[[[-25.87,37.77],[-25.7,37.71],[-25.09,37.77],[-25.11,37.9],[-25.9,37.96],[-25.87,37.77]]],[[[-28.39,38.35],[-28.08,38.35],[-28.19,38.55],[-28.85,38.67],[-28.81,38.48],[-28.39,38.35]]],[[[-27.08,38.87],[-27.39,38.87],[-27.36,38.67],[-27.03,38.61],[-27.08,38.87]]],[[[-6.84,40.03],[-7.01,40.23],[-6.87,40.36],[-6.93,41],[-6.7,41.13],[-6.63,41.26],[-6.25,41.46],[-6.35,41.65],[-6.7,41.98],[-8.12,41.78],[-8.22,41.98],[-8.15,42.11],[-8.47,42.11],[-8.93,41.91],[-8.73,40.74],[-8.87,40.61],[-9.03,39.77],[-9.16,39.51],[-9.39,39.45],[-9.43,39.06],[-9.57,38.93],[-9.55,38.74],[-9.21,38.42],[-8.82,38.48],[-8.82,37.58],[-8.9,37.58],[-9,37],[-8.7,37.13],[-7.68,37],[-7.39,37.25],[-7.48,37.38],[-7.5,37.71],[-7.28,37.84],[-7.14,38.09],[-6.99,38.16],[-7.24,38.35],[-7.19,38.67],[-7.2,38.74],[-6.99,39.06],[-7.42,39.45],[-7.44,39.64],[-6.9,39.77],[-6.84,40.03]]]]},"properties":{"NAME":"Kingdom of Portugal","C":10,"name":"Kingdom of Portugal","start_year":1521,"end_year":1555,"capital":"","type":"polity","region":"","event":"","source":"Cliopatria / Seshat Global History Databank (CC BY 4.0)","wikipedia":"Kingdom of Portugal","wikidata":"Q45670","_a":2586,"_c":[15.21,27.44],"_nz":"葡萄牙王国","_sz":""}},
{"type":"Feature","geometry":{"type":"Polygon","coordinates":[[[4.45,34.61],[4.6,34.74],[4.67,35.07],[4.64,36.29],[4.56,36.35],[4.63,36.61],[4.39,36.8],[4.39,36.93],[3.85,36.8],[3.46,36.87],[3.23,36.74],[2.84,36.74],[2.69,36.61],[2.38,36.67],[1.53,36.48],[1.22,36.55],[0.91,36.35],[0.38,36.22],[0.08,35.84],[-0.53,35.77],[-0.53,35.71],[-0.45,35.58],[-0.67,35.45],[-0.91,35.52],[-0.91,35.64],[-1.22,35.64],[-1.14,35.45],[-1.36,35.26],[-2.12,35.07],[-2.11,34.94],[-1.72,34.68],[-1.58,33.46],[-1.5,33.46],[-0.68,34.04],[-0.54,34.16],[-0.47,34.36],[0.3,34.36],[0.45,34.49],[0.68,34.42],[1.29,34.61],[2.45,34.61],[2.92,34.36],[4.46,34.55],[4.45,34.61]]]},"properties":{"NAME":"Zayyanid dynasty","C":3,"name":"Zayyanid dynasty","start_year":1521,"end_year":1551,"capital":"","type":"polity","region":"","event":"","source":"Cliopatria / Seshat Global History Databank (CC BY 4.0)","wikipedia":"Kingdom of Tlemcen","wikidata":"Q307697","_a":24,"_c":[1.27,35.2],"_nz":"扎亚尼德王朝","_sz":""}},
{"type":"Feature","geometry":{"type":"Polygon","coordinates":[[[13.23,32.94],[12.84,32.88],[12.84,32.75],[12.53,32.75],[12.23,32.81],[11.46,33.2],[11.16,33.2],[11.08,33.59],[10.7,33.52],[10.54,33.71],[10.24,33.71],[10.01,33.91],[10.08,34.23],[10,34.29],[10.54,34.55],[10.85,34.81],[10.85,34.94],[11.08,35],[11.01,35.39],[11.08,35.58],[10.46,35.9],[10.54,36.35],[10.46,36.42],[11.01,36.8],[11.01,37],[10.46,36.74],[10.23,36.8],[10.31,37.06],[10.23,37.25],[9.99,37.19],[9.76,37.32],[9.37,37.25],[9.06,37.06],[8.9,37.13],[8.52,36.87],[7.74,36.87],[7.66,37],[7.35,37.06],[7.19,36.87],[6.8,36.87],[6.33,37.06],[6.1,36.93],[6.11,36.8],[5.64,36.8],[5.56,36.67],[4.55,36.67],[4.56,36.35],[4.64,36.29],[4.67,35.07],[4.6,34.74],[4.45,34.61],[6.92,34.61],[7.15,34.49],[7.85,34.49],[8,34.42],[8.08,34.23],[8.77,34.23],[9.08,34.04],[9.32,33.59],[9.62,33.46],[9.55,33.33],[9.63,33.14],[10.08,33.14],[10.01,33.01],[10.39,33.01],[11.16,32.69],[11.31,32.49],[11.77,32.43],[11.77,32.3],[12.46,32.36],[13.07,32.3],[13.83,32.11],[14.59,31.66],[14.58,31.53],[15.19,31.08],[15.18,30.89],[15.49,30.95],[16.7,30.69],[18.28,30.05],[18.81,29.99],[18.9,30.37],[18.59,30.37],[18,30.89],[17.47,31.08],[16.18,31.21],[15.65,31.4],[15.58,31.59],[15.42,31.66],[15.21,32.36],[14.75,32.43],[14.67,32.56],[14.44,32.49],[14.07,32.75],[13.76,32.75],[13.61,32.88],[13.61,32.69],[13.3,32.62],[13.23,32.94]]]},"properties":{"NAME":"Hafsid Dynasty","C":9,"name":"Hafsid Dynasty","start_year":1521,"end_year":1533,"capital":"","type":"polity","region":"","event":"","source":"Cliopatria / Seshat Global History Databank (CC BY 4.0)","wikipedia":"Hafsid dynasty","wikidata":"Q752662","_a":106,"_c":[11.68,33.66],"_nz":"哈夫斯王朝","_sz":""}},
{"type":"Feature","geometry":{"type":"Polygon","coordinates":[[[77.8,16.42],[77.9,16.68],[77.78,16.94],[77.82,17.26],[78.02,17.77],[78.04,18.54],[78.14,18.8],[77.97,19.25],[77.25,19.38],[77.09,19.25],[76.86,19.25],[76.43,19.38],[76.26,19.19],[76.24,18.99],[76.5,18.67],[76.55,18.41],[77.11,18.16],[77.16,17.96],[77.3,17.9],[77.27,17.58],[77.39,17.39],[77.45,16.55],[77.8,16.42]]]},"properties":{"NAME":"Bidar Sultanate","C":9,"name":"Bidar Sultanate","start_year":1521,"end_year":1546,"capital":"","type":"polity","region":"","event":"","source":"Cliopatria / Seshat Global History Databank (CC BY 4.0)","wikipedia":"Bidar Sultanate","wikidata":"Q669317","_a":6,"_c":[77.19,17.9],"_nz":"比达尔苏丹国","_sz":""}},
{"type":"Feature","geometry":{"type":"Polygon","coordinates":[[[39.86,53.73],[40.15,53.53],[40.33,53.53],[40.46,53.73],[40.95,53.6],[41.1,53.87],[41.05,54],[41.76,54.07],[42.05,54.55],[42.12,54.82],[42.32,55.23],[41.82,55.29],[41.71,55.57],[41.81,55.91],[40.45,55.77],[40.51,55.63],[40.33,55.29],[40.47,55.16],[40.3,54.48],[39.89,54.21],[39.86,53.73]]]},"properties":{"NAME":"Qasim Khanate","C":3,"name":"Qasim Khanate","start_year":1521,"end_year":1546,"capital":"","type":"polity","region":"","event":"","source":"Cliopatria / Seshat Global History Databank (CC BY 4.0)","wikipedia":"Qasim Khanate","wikidata":"Q836169","_a":6,"_c":[41.09,54.72],"_nz":"卡西姆汗国","_sz":""}},
{"type":"Feature","geometry":{"type":"Polygon","coordinates":[[[80.9,15.84],[81.12,15.78],[81.32,16.29],[82.22,16.42],[82.38,16.55],[82.42,16.87],[82.3,17.06],[81.34,17.13],[81.32,17.51],[81.18,17.64],[80.68,17.77],[80.65,18.16],[80.83,18.41],[80.36,18.8],[80,18.86],[79.81,19.12],[79.31,19.25],[79.25,19.38],[78.43,19.38],[77.97,19.25],[78.14,18.8],[78.04,18.54],[78.02,17.77],[77.82,17.26],[77.78,16.94],[77.9,16.68],[77.8,16.42],[77.86,16.29],[78.09,16.36],[78.3,16.23],[78.47,16.49],[78.7,16.55],[79.22,16.61],[79.21,16.49],[79.43,16.49],[79.9,16.74],[80.34,16.74],[80.76,16.49],[80.8,16.23],[80.94,16.16],[80.9,15.84]]]},"properties":{"NAME":"Golconda Sultanate","C":2,"name":"Golconda Sultanate","start_year":1521,"end_year":1571,"capital":"","type":"polity","region":"","event":"","source":"Cliopatria / Seshat Global History Databank (CC BY 4.0)","wikipedia":"Qutb Shahi dynasty","wikidata":"Q1148042","_a":17,"_c":[80.1,17.58],"_nz":"戈尔孔达苏丹国","_sz":""}},
{"type":"Feature","geometry":{"type":"MultiPolygon","coordinates":[[[[68.24,68.35],[68.29,68.42],[67.69,68.57],[67.74,68.65],[67.25,68.8],[67.05,68.95],[66.2,69.03],[66.25,69.11],[64.89,69.33],[64.79,69.49],[63.88,69.64],[63.93,69.72],[61.5,69.87],[60.83,69.95],[60.12,70.1],[60.16,70.18],[58.97,70.57],[58.43,70.33],[58.45,70.02],[59.11,69.95],[59.48,69.72],[60.09,69.72],[60.05,69.49],[60.41,69.41],[60.48,69.18],[60.83,69.11],[60.7,68.88],[59.96,68.8],[59.77,68.65],[59.74,68.42],[59.24,68.42],[59.13,68.57],[59.4,68.88],[59.09,69.03],[58.39,69.03],[58.2,68.88],[57.84,68.95],[57.18,68.65],[55.62,68.73],[55.04,68.57],[54.73,68.35],[53.3,68.27],[53.87,68.42],[53.79,68.65],[54.04,68.95],[53.28,69.03],[52.47,68.8],[52.25,68.57],[51.89,68.65],[51.52,68.5],[50.82,68.5],[49.29,67.97],[48.7,67.97],[48.7,67.74],[47.78,67.67],[47.82,67.52],[47.37,66.92],[45.81,66.92],[45.56,67.3],[44.93,67.44],[45.35,67.74],[46.66,67.82],[46.69,68.12],[46.45,68.27],[45.92,68.42],[45.61,68.65],[44.19,68.57],[44.22,68.65],[43.45,68.73],[43.46,68.5],[44.17,68.27],[43.94,67.67],[43.6,67.3],[43.74,67.15],[44.37,67],[44.13,66.62],[43.97,66.18],[43.61,66.25],[43.49,66.48],[41.96,66.55],[41.44,66.18],[40.4,65.96],[40.26,65.81],[39.61,65.59],[39.54,65.37],[39.88,65.22],[40.19,64.71],[39.43,64.71],[38.88,64.79],[38.21,64.79],[38.16,64.93],[36.92,65.3],[36.65,65],[36.32,64.86],[36.54,64.64],[37.13,64.35],[37.53,64.42],[37.89,64.35],[37.88,63.99],[37.39,63.91],[36.55,63.99],[36.25,64.28],[35.97,64.28],[35.82,64.42],[34.98,64.49],[34.9,64.93],[34.73,65],[34.79,65.22],[34.44,65.37],[34.67,65.52],[34.87,65.88],[34.38,66.25],[33.63,66.33],[33.68,66.55],[33,66.55],[32.88,66.85],[32.51,66.92],[32.74,67.07],[33.06,66.77],[33.74,66.77],[34.11,66.7],[34.27,66.55],[34.95,66.55],[35.2,66.4],[35.57,66.33],[36.44,66.33],[36.42,66.25],[37.47,66.18],[38.68,66.03],[38.71,66.11],[39.8,66.18],[41.04,66.7],[41.39,67.15],[41.07,67.37],[41,67.74],[40.27,67.89],[39.97,68.2],[38.91,68.27],[38.01,68.57],[37.96,68.73],[36.28,69.11],[36.13,69.26],[34.82,69.26],[34.46,69.41],[33.44,69.33],[33.48,69.49],[32.29,69.56],[29.81,67.97],[29.51,67.97],[29.31,67.52],[29.07,67.3],[28.97,66.85],[29.05,66.77],[29.87,66.03],[30.06,66.03],[30.31,65.81],[30.21,65.37],[29.86,65.08],[29.8,64.79],[29.58,64.64],[29.53,64.42],[29.3,64.2],[29.53,63.91],[29.48,63.7],[29.68,63.26],[29.84,63.12],[29.78,62.83],[29.91,62.55],[29.84,62.19],[29.29,61.76],[29.37,61.69],[29.29,61.26],[29.41,60.91],[29.64,60.7],[30,60.63],[29.93,60.28],[29.83,60.21],[30.16,60.07],[30.14,59.92],[29.77,59.92],[29.07,60.07],[28.85,59.85],[28.41,59.92],[28.29,59.78],[27.93,59.78],[27.88,59.5],[28.03,59.29],[27.73,59.16],[27.8,59.02],[27.72,58.53],[27.54,58.53],[27.48,58.18],[27.66,58.18],[27.94,58.25],[27.98,57.9],[27.72,57.97],[27.39,57.56],[27.8,57.35],[27.65,56.94],[28.12,56.59],[28.15,56.18],[28.4,56.11],[28.62,56.39],[28.67,56.66],[29.04,56.8],[29.12,56.18],[29.42,55.91],[29.4,55.77],[30.03,55.84],[30.41,56.05],[30.84,55.98],[31.22,56.11],[31.37,55.98],[31.22,55.63],[30.91,55.36],[30.97,55.23],[30.8,54.75],[31.24,54.27],[31.57,54.21],[31.8,54],[31.77,53.87],[32.02,53.8],[32.15,53.53],[32.11,53.33],[31.9,53.12],[31.31,53.19],[31.28,52.99],[31.5,52.79],[31.66,52.18],[30.87,52.05],[30.58,51.85],[30.54,50.98],[30.69,50.85],[31.11,50.85],[31.21,50.98],[31.75,51.18],[32.26,51.18],[32.32,51.05],[32.81,50.91],[33.09,50.58],[33.41,50.45],[34.16,50.45],[34.04,50.71],[34.1,51.05],[34.3,51.25],[34.25,51.45],[34.53,51.58],[34.87,51.58],[35.43,51.38],[35.56,51.18],[35.73,51.18],[36.09,50.85],[36.86,50.91],[37.45,51.31],[37.51,51.65],[37.82,51.92],[37.81,52.25],[38.11,52.45],[38.11,52.86],[38,53.12],[38.34,53.12],[38.28,53.26],[38.64,53.33],[38.89,53.26],[39.29,53.53],[39.62,53.46],[39.86,53.73],[39.89,54.21],[40.3,54.48],[40.47,55.16],[40.33,55.29],[40.51,55.63],[40.45,55.77],[41.81,55.91],[42.23,55.84],[42.21,56.11],[42.87,56.25],[43.16,56.66],[43.69,56.94],[44.77,57.01],[45.77,57.35],[46.3,57.35],[46.43,57.49],[47.77,57.49],[48.53,57.63],[49,57.7],[49.04,57.56],[49.93,57.56],[50.81,57.77],[51.23,57.7],[51.52,58.25],[51.33,58.46],[51.44,58.74],[51.91,59.02],[52.12,58.88],[52.75,58.88],[53.09,58.81],[53.41,58.95],[53.53,59.22],[55.25,59.22],[57,59.92],[58.31,60],[61.39,60.35],[62.48,60.7],[63.58,61.41],[63.99,61.83],[64.32,62.62],[64.2,62.9],[64.26,63.19],[64.11,63.26],[64.02,63.77],[64.27,64.57],[64.77,64.93],[64.89,65.15],[65.27,65.3],[65.53,65.74],[66.27,66.33],[66.45,66.62],[67.02,67.07],[67.84,68.05],[68.24,68.35]]],[[[36.09,65.08],[36.13,65.22],[35.46,65.22],[35.5,65],[36.09,65.08]]],[[[48.37,68.8],[48.84,68.73],[49.7,68.88],[50.32,69.33],[49.49,69.49],[48.61,69.56],[48.24,69.41],[48.11,68.88],[48.37,68.8]]]]},"properties":{"NAME":"Grand Principality of Moscow","C":7,"name":"Grand Principality of Moscow","start_year":1521,"end_year":1539,"capital":"","type":"polity","region":"","event":"","source":"Cliopatria / Seshat Global History Databank (CC BY 4.0)","wikipedia":"Principality of Moscow","wikidata":"Q170770","_a":823,"_c":[47.84,60.51],"_nz":"莫斯科大公国","_sz":""}},
{"type":"Feature","geometry":{"type":"Polygon","coordinates":[[[91.39,36.67],[91.36,36.8],[90.94,36.93],[91,37.13],[91.46,37.32],[91.53,37.51],[91.45,37.71],[91.28,37.9],[90.94,38.03],[91.04,38.29],[90.88,38.48],[90.95,38.67],[92.49,39.19],[92.59,39.26],[92.69,39.71],[91.83,40.29],[90.75,40.55],[90.65,40.68],[90.7,40.81],[90.63,41],[90.49,41.07],[90.46,41.72],[90.35,41.85],[88.82,42.17],[88.85,42.24],[87.25,42.43],[87.28,42.5],[85.76,42.69],[85.79,42.76],[84.11,42.76],[82.06,42.24],[80.96,42.3],[80.53,42.43],[80.19,42.37],[80.16,42.3],[80.14,42.04],[78.77,41.59],[77.31,40.61],[76.17,39.58],[75.3,39.06],[73.96,38.55],[73.75,38.61],[73.62,37.64],[73.65,37.45],[73.78,37.38],[73.69,37.06],[73.8,36.87],[75.23,37],[75.47,36.74],[75.9,36.61],[75.91,36.1],[76.15,35.84],[76.56,35.9],[76.52,35.77],[76.92,35.52],[77.98,35.45],[78.09,35.58],[78.33,35.58],[78.48,35.84],[78.65,35.9],[79.44,35.97],[79.74,35.64],[80.22,35.45],[81.48,35.52],[81.67,35.39],[82.02,35.52],[82.35,35.84],[82.74,35.84],[82.81,35.58],[83.28,35.58],[83.88,35.77],[84.63,35.71],[85,35.9],[85.7,35.9],[85.89,35.77],[86.24,35.9],[86.52,36.29],[86.8,36.42],[87.24,36.35],[88.67,36.67],[89.71,36.55],[89.83,36.42],[90.26,36.55],[91.25,36.48],[91.39,36.67]]]},"properties":{"NAME":"Eastern Moghulistan","C":9,"name":"Eastern Moghulistan","start_year":1521,"end_year":1546,"capital":"","type":"polity","region":"","event":"","source":"Cliopatria / Seshat Global History Databank (CC BY 4.0)","wikipedia":"Moghulistan","wikidata":"Q1191125","_a":141,"_c":[83.16,39.08],"_nz":"东莫卧儿斯坦","_sz":""}},
{"type":"Feature","geometry":{"type":"Polygon","coordinates":[[[78.3,16.23],[78.09,16.36],[77.86,16.29],[77.8,16.42],[77.45,16.55],[77.39,17.39],[77.27,17.58],[77.3,17.9],[77.16,17.96],[77.11,18.16],[76.55,18.41],[75.63,18.16],[75.15,18.48],[74.22,18.74],[73.32,18.67],[73.17,18.61],[73.15,18.48],[72.93,18.48],[73.01,17.84],[73.25,17.32],[73.25,16.61],[73.33,16.61],[73.42,16.04],[73.81,15.52],[73.8,15.46],[74.1,15.52],[74.52,15.26],[75.64,15.46],[76.96,15.39],[77.05,15.59],[77.45,15.84],[78.41,15.91],[78.3,16.23]]]},"properties":{"NAME":"Bijapur Sultanate","C":10,"name":"Bijapur Sultanate","start_year":1521,"end_year":1546,"capital":"","type":"polity","region":"","event":"","source":"Cliopatria / Seshat Global History Databank (CC BY 4.0)","wikipedia":"Adil Shahi dynasty","wikidata":"Q83821","_a":19,"_c":[75.67,17],"_nz":"比贾布尔苏丹国","_sz":""}},
{"type":"Feature","geometry":{"type":"Polygon","coordinates":[[[4.4,46.09],[4.08,45.96],[3.99,46.28],[3.73,46.55],[3.07,46.61],[2.98,46.81],[2.4,46.81],[2.35,46.35],[1.52,46.55],[0.94,46.55],[0.95,46.35],[1.21,46.22],[1.21,46.09],[0.97,46.02],[0.9,45.82],[2.06,45.63],[2.39,45.43],[2.4,45.24],[2.17,45.04],[2.1,44.78],[2.28,44.52],[2.52,44.58],[2.58,44.84],[2.75,44.84],[2.92,44.65],[3.16,44.71],[3.23,44.91],[3.47,44.91],[3.56,44.78],[3.97,44.78],[4.36,45.17],[4.52,45.04],[4.85,45.1],[4.84,45.3],[4.59,45.37],[4.58,45.69],[5.07,45.69],[5.06,45.89],[4.9,45.96],[4.4,46.09]]]},"properties":{"NAME":"House of Bourbon","C":2,"name":"House of Bourbon","start_year":1521,"end_year":1539,"capital":"","type":"polity","region":"","event":"","source":"Cliopatria / Seshat Global History Databank (CC BY 4.0)","wikipedia":"House of Bourbon","wikidata":"Q58389","_a":10,"_c":[2.99,45.67],"_nz":"波旁王朝","_sz":""}},
{"type":"Feature","geometry":{"type":"Polygon","coordinates":[[[84.74,50.18],[85.05,50.45],[85.81,51.51],[86.09,51.71],[86.04,51.78],[86.47,52.52],[87.05,53.19],[87.17,53.53],[87.68,54.21],[87.94,54.34],[88.03,54.61],[88.29,54.89],[88.07,55.09],[88.25,55.36],[87.91,55.63],[87.96,55.84],[87.61,56.11],[87.31,56.18],[87.13,56.32],[87.18,56.52],[87.01,56.8],[87.2,57.08],[87.47,57.21],[87.72,57.7],[88.29,58.39],[88.63,58.74],[88.81,58.74],[89.13,59.29],[90.37,60.7],[90.3,60.84],[90.48,61.19],[90.28,61.41],[90.39,61.55],[90.15,61.83],[90.19,62.12],[89.99,62.33],[89.81,62.69],[89.76,62.98],[89.63,63.05],[89.47,63.55],[89.17,63.77],[89.09,64.13],[88.59,64.57],[88.58,64.79],[88.32,64.93],[88.23,65.3],[88.04,65.3],[88.09,65.59],[87.83,65.74],[87.27,65.88],[86.37,65.96],[86.07,66.18],[85.39,66.77],[85.37,67],[85.2,67.15],[85.33,67.3],[85.16,67.44],[85.04,68.12],[84.76,68.5],[84.75,68.95],[84.58,69.11],[84.62,69.49],[84.45,69.64],[84.45,70.1],[84.59,70.26],[84.42,70.41],[84.61,70.95],[84.37,71.03],[84.18,71.27],[84.13,71.66],[83.83,71.89],[83.75,72.13],[83.33,72.13],[82.52,71.81],[81.38,71.81],[81.45,71.89],[80.76,72.05],[80.81,72.21],[79.67,72.45],[78.31,72.45],[78.32,72.69],[77.48,72.69],[76.85,72.45],[76.71,72.29],[77.37,72.21],[77.23,72.05],[76.68,72.13],[76.09,72.05],[75.97,71.66],[76.15,71.5],[76.66,71.5],[76.74,71.34],[75.4,71.34],[75.49,71.58],[75.27,71.81],[75.74,72.37],[75.66,72.76],[74.86,72.92],[74.79,72.61],[75.01,72.37],[74.87,72.21],[74.43,72.05],[73.64,71.97],[73.45,71.74],[72.89,71.42],[73.67,71.11],[73.65,70.95],[74,70.88],[74.22,70.64],[74.04,70.41],[73.72,70.26],[73.41,69.72],[73.79,69.41],[73.66,69.11],[74.96,69.11],[75.48,69.26],[76.63,69.18],[76.57,69.11],[77.59,68.88],[77.57,68.73],[77.88,68.35],[77.25,68.05],[77.4,68.5],[77.31,68.65],[76.73,68.8],[76.75,68.95],[76.47,69.11],[74.59,68.88],[74.32,68.65],[74.2,68.35],[74.76,67.89],[74.65,67.74],[74,67.52],[73.63,67],[72.74,66.7],[72.45,66.7],[72.1,66.33],[70.4,66.4],[71.03,66.62],[71.52,66.62],[71.52,66.92],[71.87,67],[72.02,67.22],[72.42,67.37],[72.73,67.67],[73.03,67.82],[73.24,68.12],[73.1,68.2],[73.63,68.65],[72.5,69.03],[72.61,69.72],[72.78,69.95],[72.5,70.26],[72.84,70.57],[72.69,70.64],[72.89,71.03],[72.56,71.27],[72.15,71.27],[71.81,71.5],[72.25,71.66],[72.66,72.05],[72.98,72.69],[71.78,73],[70.62,73],[70.55,72.92],[69.36,73],[69.02,72.84],[68.33,71.81],[68.11,71.66],[67.01,71.42],[66.64,71.19],[66.57,70.8],[67.19,70.8],[67.02,70.41],[67.17,70.18],[66.81,70.1],[66.6,69.64],[68.01,69.49],[68.05,69.11],[68.35,68.95],[68.95,68.95],[68.49,68.27],[68.24,68.35],[67.84,68.05],[67.02,67.07],[66.45,66.62],[66.27,66.33],[65.53,65.74],[65.27,65.3],[64.89,65.15],[64.77,64.93],[64.27,64.57],[64.02,63.77],[64.11,63.26],[64.26,63.19],[64.2,62.9],[64.32,62.62],[63.99,61.83],[63.58,61.41],[62.48,60.7],[61.39,60.35],[58.31,60],[58,59.71],[57.87,59.43],[57.48,59.16],[56.85,58.11],[56.93,58.11],[56.77,57.28],[56.85,57.28],[56.66,56.59],[56.93,56.39],[56.91,55.91],[57.06,55.84],[57.07,55.43],[57.19,55.29],[57.66,55.16],[57.67,54.95],[58.16,54.89],[58.43,54.68],[59.85,54.55],[59.8,54.41],[60.23,54.41],[61.59,54.34],[61.96,54],[63.23,54.14],[63.2,54.07],[63.87,54],[64.3,53.8],[64.41,53.66],[65.3,53.53],[65.27,53.46],[66.27,53.39],[66.38,53.26],[67.92,53.06],[67.89,52.99],[69.32,52.92],[73.43,53.26],[74.08,53.53],[74.34,53.53],[75.52,54.14],[76.87,54.55],[77.51,54.61],[77.66,54.41],[76.94,53.73],[76.57,53.19],[76.91,52.86],[76.84,52.72],[77.14,52.32],[77.31,52.32],[77.38,52.12],[77.74,51.98],[77.8,51.78],[78.16,51.65],[78.41,51.31],[79.33,51.11],[79.43,50.98],[80.21,51.18],[81.39,51.18],[81.36,51.11],[82.39,50.98],[82.48,50.85],[83.88,50.78],[84.22,50.31],[84.74,50.18]]]},"properties":{"NAME":"Khanate of Sibir","C":4,"name":"Khanate of Sibir","start_year":1521,"end_year":1555,"capital":"","type":"polity","region":"","event":"","source":"Cliopatria / Seshat Global History Databank (CC BY 4.0)","wikipedia":"Khanate of Sibir","wikidata":"Q190513","_a":772,"_c":[73.57,61.59],"_nz":"西伯利亚汗国","_sz":""}},
{"type":"Feature","geometry":{"type":"MultiPolygon","coordinates":[[[[19.39,41.91],[19.4,42.11],[19.16,42.17],[18.78,42.5],[18.71,42.82],[18.31,42.69],[18.3,42.63],[18.85,42.37],[19.31,41.91],[19.39,41.91]]],[[[15.15,44.39],[15.22,44.06],[15.62,43.93],[15.7,43.8],[15.94,43.73],[15.93,43.47],[16.58,43.6],[16.73,43.54],[16.73,43.34],[17.05,43.41],[17.12,43.15],[17.37,43.21],[17.05,43.47],[16.82,43.73],[16.58,43.73],[16.26,43.93],[15.7,44.06],[15.55,44.25],[15.15,44.39]]],[[[15.15,44.39],[15.15,44.45],[15.07,44.45],[15.15,44.39]]],[[[14.27,44.97],[14.26,44.58],[14.5,44.52],[14.51,44.91],[14.27,44.97]]],[[[14.03,45.04],[13.79,45.24],[14.12,45.5],[13.71,45.5],[13.55,45.5],[13.54,45.3],[13.71,45.24],[13.78,44.91],[14.03,45.04]]],[[[12.24,44.84],[12.4,45.04],[12.16,45.17],[12.16,45.5],[12.65,45.56],[12.82,45.69],[13.06,45.63],[13.14,45.82],[13.31,45.82],[13.31,46.09],[13.48,46.15],[13.4,46.35],[13.56,46.55],[12.09,46.68],[11.84,46.48],[11.84,46.22],[11.68,46.09],[11.35,46.09],[11.02,45.76],[10.7,45.69],[10.45,45.96],[10.53,46.28],[10.37,46.35],[10.12,46.02],[9.47,46.02],[9.31,45.89],[9.31,45.69],[9.47,45.56],[9.72,45.56],[9.88,45.3],[10.45,45.17],[10.45,45.37],[10.7,45.3],[11.59,44.91],[11.75,44.84],[11.83,44.97],[12.24,44.97],[12.24,44.84]]],[[[33.96,35.26],[34.53,35.58],[34.54,35.71],[34.31,35.71],[33.74,35.39],[32.89,35.39],[32.88,35.26],[32.55,35.13],[32.25,35.13],[32.23,34.94],[32.37,34.74],[33.04,34.55],[33.13,34.68],[33.52,34.74],[33.7,34.94],[34.09,35],[33.96,35.26]]],[[[24.16,35.52],[23.62,35.52],[23.68,35.26],[24.45,35.19],[24.76,35.19],[24.82,35],[26.14,35.07],[26.23,35.19],[25.68,35.13],[25.69,35.32],[24.3,35.32],[24.16,35.52]]],[[[22.87,36.16],[23.11,36.16],[23.12,36.35],[22.89,36.42],[22.87,36.16]]],[[[25.34,37.13],[25.33,37],[25.56,37],[25.57,37.13],[25.34,37.13]]],[[[25.05,37.51],[25.29,37.51],[25.22,37.71],[24.99,37.71],[25.05,37.51]]],[[[20.62,37.9],[20.61,37.71],[20.92,37.64],[20.93,37.9],[20.62,37.9]]],[[[24.69,38.03],[24.68,37.84],[24.83,37.71],[25.07,37.77],[24.77,38.03],[24.69,38.03]]],[[[20.32,38.16],[20.79,38.09],[20.8,38.29],[20.57,38.42],[20.33,38.35],[20.32,38.16]]],[[[24.36,39],[24.36,38.87],[24.66,38.74],[24.67,38.93],[24.36,39]]]]},"properties":{"NAME":"Republic of Venice","C":9,"name":"Republic of Venice","start_year":1526,"end_year":1563,"capital":"","type":"polity","region":"","event":"","source":"Cliopatria / Seshat Global History Databank (CC BY 4.0)","wikipedia":"Republic of Venice","wikidata":"Q4948","_a":306,"_c":[21.93,40.61],"_nz":"威尼斯共和国","_sz":""}},
{"type":"Feature","geometry":{"type":"MultiPolygon","coordinates":[[[[121.12,14.69],[120.97,14.62],[121.09,14.49],[121.18,14.56],[121.12,14.69]]],[[[123.69,24.26],[123.91,24.26],[123.96,24.46],[123.72,24.39],[123.69,24.26]]],[[[125.22,24.71],[125.44,24.71],[125.41,24.91],[125.26,24.91],[125.22,24.71]]],[[[128.42,26.84],[127.93,26.71],[127.87,26.52],[127.68,26.39],[127.65,26],[127.82,26.07],[127.91,26.39],[128.38,26.71],[128.42,26.84]]]]},"properties":{"NAME":"Maynila","C":9,"name":"Maynila","start_year":1526,"end_year":1571,"capital":"","type":"polity","region":"","event":"","source":"Cliopatria / Seshat Global History Databank (CC BY 4.0)","wikipedia":"Maynila (historical polity)","wikidata":"Q4401247","_a":92,"_c":[124.69,20.67],"_nz":"马尼拉","_sz":""}},
{"type":"Feature","geometry":{"type":"MultiPolygon","coordinates":[[[[10.79,54],[11.05,54.21],[11.05,54.41],[9.93,54.55],[10.01,55.02],[10.54,55.02],[10.54,54.75],[10.71,54.75],[10.88,54.95],[10.8,55.43],[10.63,55.63],[9.75,55.57],[9.93,55.7],[9.93,55.84],[10.28,55.98],[10.54,56.18],[10.81,56.18],[10.9,56.52],[10.28,56.59],[10.28,57.08],[10.55,57.28],[10.46,57.77],[9.92,57.7],[9.83,57.56],[9.39,57.21],[8.5,57.21],[8.15,56.87],[8.24,56.73],[7.98,56.66],[7.99,56.11],[8.08,56.11],[8,55.63],[8.09,55.5],[8.35,55.5],[8.53,55.36],[8.44,55.23],[8.53,54.82],[8.8,54.61],[8.8,54.48],[8.54,54.41],[8.54,54.27],[8.8,54.21],[8.89,53.87],[9.24,53.87],[9.58,53.6],[9.93,53.6],[10.01,53.73],[10.36,53.66],[10.36,53.87],[10.53,54],[10.79,54]]],[[[10.63,55.98],[10.45,55.98],[10.36,55.77],[10.63,55.77],[10.63,55.98]]],[[[-6.77,62.33],[-6.96,62.4],[-7.32,62.33],[-7.28,62.05],[-6.69,61.9],[-6.66,62.26],[-6.77,62.33]]],[[[-20.05,66.18],[-20.54,66.18],[-20.4,65.74],[-20.54,65.59],[-20.97,65.74],[-21.38,65.52],[-21.48,66.11],[-22.61,66.55],[-23.17,66.48],[-23.28,66.25],[-23.67,66.25],[-23.91,66.11],[-23.8,65.81],[-24.21,65.88],[-24.13,65.66],[-24.37,65.52],[-24.03,65.37],[-23.28,65.44],[-23.31,65.52],[-22.06,65.52],[-22.59,65.37],[-22.61,65.15],[-24.16,64.93],[-23.98,64.71],[-22.58,64.79],[-22.5,64.57],[-22.1,64.49],[-22.02,64.28],[-22.33,64.06],[-22.9,64.06],[-22.8,63.77],[-21.15,63.91],[-20.53,63.77],[-20.37,63.55],[-19.81,63.55],[-19.39,63.41],[-18.16,63.41],[-17.7,63.77],[-16.58,63.84],[-16.6,63.91],[-16.07,64.06],[-16.09,64.13],[-15.46,64.28],[-14.8,64.28],[-14.47,64.49],[-14.43,64.71],[-13.88,64.79],[-13.93,65],[-13.47,65.08],[-13.7,65.59],[-14.29,65.66],[-14.33,65.81],[-14.64,65.88],[-14.7,66.11],[-14.99,66.11],[-15.07,66.4],[-15.61,66.25],[-15.79,66.55],[-16.67,66.55],[-16.66,66.18],[-17.46,66.25],[-17.59,66.03],[-18.04,66.25],[-19.2,66.25],[-19.57,66.18],[-19.55,65.81],[-20.01,66.03],[-20.05,66.18]]],[[[14.64,55.29],[14.64,55.09],[15.07,55.02],[15.08,55.23],[14.64,55.29]]],[[[11.8,57.63],[11.79,57.42],[12.06,57.35],[12.14,57.08],[12.41,56.94],[12.4,56.8],[12.75,56.66],[12.57,56.52],[12.66,56.32],[12.48,56.18],[11.33,56.05],[11.24,55.84],[10.89,55.77],[11.06,55.57],[10.97,55.29],[11.5,55.23],[11.67,55.09],[11.67,54.89],[10.97,55.02],[10.88,54.75],[12.1,54.75],[12.11,55.16],[12.37,55.23],[12.38,55.43],[12.2,55.57],[12.56,55.7],[12.56,55.98],[12.91,55.77],[12.81,55.36],[14.3,55.36],[14.23,55.91],[14.32,55.98],[14.76,55.98],[14.77,56.18],[15.82,56.11],[16.1,56.39],[15.93,56.52],[13.99,56.59],[13.46,56.59],[13.29,56.94],[13.12,57.14],[12.33,57.77],[11.98,57.77],[11.8,57.63]]],[[[19.05,57.97],[18.6,57.97],[18.23,57.83],[18.03,57.56],[18.08,56.94],[18.34,56.94],[18.45,57.21],[18.91,57.42],[18.84,57.7],[19.05,57.97]]],[[[28.33,69.87],[28.58,70.1],[28.91,70.18],[30.21,70.1],[30.55,70.26],[30.96,70.26],[31.12,70.49],[30.24,70.64],[30.07,70.8],[29.36,70.8],[29.29,70.95],[28.68,70.95],[28.41,71.11],[27.71,71.19],[27.26,71.03],[26.44,71.03],[25.88,70.8],[26.06,71.19],[25.34,71.19],[25.21,71.03],[24.27,70.95],[24.33,70.72],[23.44,70.88],[22.41,70.8],[22.33,70.33],[21.43,70.41],[21.38,70.1],[20.77,70.02],[20.81,70.33],[20.29,70.26],[20.36,70.02],[19.84,69.87],[19.66,70.1],[18.86,70.18],[18.72,69.87],[18.82,69.79],[16.87,69.49],[17.04,69.11],[17.65,69.18],[17.52,68.88],[16.61,68.73],[16.62,68.88],[15.92,68.88],[15.94,69.11],[16.15,69.33],[15.75,69.33],[15.33,69.03],[14.42,68.8],[14.91,68.73],[14.9,68.57],[14.4,68.5],[14.19,68.2],[14.98,68.27],[15.09,68.42],[15.58,68.27],[15.36,67.97],[15.07,67.97],[14.95,67.67],[14.55,67.52],[14.44,67.3],[14.13,67.07],[13.64,67.07],[13.63,66.77],[13.24,66.77],[12.94,66.62],[13.12,66.25],[12.35,66.25],[12.44,66.11],[12.34,65.88],[12.53,65.74],[12.14,65.59],[12.04,65.44],[12.13,65.15],[11.45,65],[11.35,64.86],[11.44,64.57],[10.87,64.64],[10.3,64.42],[10.3,64.28],[9.92,64.13],[9.92,63.99],[9.54,63.91],[9.54,63.62],[9.26,63.41],[8.98,63.48],[9.07,63.7],[8.5,63.7],[8.22,63.48],[7.84,63.55],[7.75,63.34],[8.22,63.34],[8.23,63.19],[7.95,63.05],[6.92,63.05],[6.92,62.83],[7.39,62.76],[7.4,62.62],[6.64,62.76],[6.56,62.47],[5.91,62.4],[5.44,62.4],[5.45,62.19],[5.08,62.26],[5.19,61.9],[4.91,61.76],[5.03,61.19],[4.95,61.05],[5.16,60.49],[4.89,60.42],[4.9,60.21],[5.26,60.28],[5.45,60.14],[5.18,60],[5.28,59.78],[5.21,59.29],[5.85,59.29],[5.95,59.02],[5.5,59.02],[5.51,58.6],[5.7,58.46],[6.52,58.25],[6.61,58.04],[7.6,57.97],[8.67,58.32],[9.11,58.74],[9.38,58.74],[9.65,59.02],[10.01,58.95],[10.19,59.16],[10.37,59.16],[10.47,59.43],[10.83,59.16],[11.1,59.16],[11.18,58.39],[11.36,58.39],[11.45,58.11],[11.71,57.97],[11.89,57.97],[12.16,58.18],[12.09,58.88],[12,58.88],[12.01,59.43],[11.92,59.43],[11.92,59.92],[12.38,60.07],[12.57,60.35],[12.49,60.7],[12.31,60.77],[12.31,60.98],[12.78,61.19],[12.78,61.41],[12.6,61.48],[12.51,61.69],[13.45,61.9],[13.73,61.9],[14,61.69],[14.74,61.69],[14.75,61.97],[15.21,61.97],[15.23,62.19],[14.68,62.4],[14.69,62.62],[16.1,62.76],[16.59,63.12],[16.51,63.26],[15.77,63.48],[15.49,63.7],[15.5,63.84],[16.26,63.91],[16.46,64.06],[16.48,64.35],[15.93,64.57],[15.55,64.64],[15,65.08],[14.62,65.08],[14.34,65.22],[14.54,65.44],[14.57,66.11],[15.26,66.25],[15.78,66.77],[16.38,67.07],[16.4,67.3],[16.12,67.44],[16.23,67.59],[16.73,67.74],[17.05,68.05],[18.05,68.12],[18.09,68.57],[19.96,68.42],[20.21,68.8],[20.24,69.03],[20.85,69.11],[21.07,69.26],[21.77,69.26],[22.22,68.88],[22.79,68.73],[22.78,68.65],[24.4,68.8],[24.86,68.57],[25.76,69.11],[25.86,69.64],[26.21,69.87],[27.23,69.95],[27.25,70.02],[28.16,70.02],[28.33,69.87]]],[[[14.09,68.2],[14.1,68.42],[13.7,68.42],[13.39,68.2],[13.59,68.12],[14.09,68.2]]]]},"properties":{"NAME":"Denmark-Norway","C":9,"name":"Denmark-Norway","start_year":1526,"end_year":1563,"capital":"","type":"polity","region":"","event":"","source":"Cliopatria / Seshat Global History Databank (CC BY 4.0)","wikipedia":"Denmark-Norway","wikidata":"Q62651","_a":1034,"_c":[3.35,61.96],"_nz":"丹麦-挪威","_sz":""}},
{"type":"Feature","geometry":{"type":"MultiPolygon","coordinates":[[[[7.94,44.65],[7.94,44.71],[7.86,44.84],[7.7,44.84],[7.78,44.45],[7.94,44.65]]],[[[3.73,50.11],[2.55,50.11],[2.55,50.18],[1.87,50.38],[1.85,50.58],[2.01,50.78],[1.76,50.78],[1.58,50.91],[1.5,50.91],[1.45,50.25],[1.05,49.98],[0.22,49.85],[-0.01,49.65],[0.01,49.38],[-1.25,49.45],[-1.36,49.78],[-2.03,49.78],[-1.91,49.38],[-1.65,49.25],[-1.72,49.05],[-1.6,48.65],[-2.52,48.72],[-2.76,48.59],[-3.12,48.92],[-3.46,48.92],[-3.85,48.72],[-4.6,48.72],[-4.91,48.52],[-4.89,48.32],[-4.64,48.32],[-4.69,47.99],[-4.42,47.8],[-3.93,47.86],[-3.76,47.73],[-3.34,47.73],[-3.16,47.47],[-2.58,47.47],[-2.56,47.27],[-2.23,47.27],[-2.14,47.14],[-2.19,46.81],[-2.01,46.61],[-1.67,46.35],[-1.25,46.28],[-1.21,45.76],[-1.05,45.69],[-1.03,45.5],[-1.19,45.43],[-1.25,45.17],[-1.21,44.52],[-1.35,44.25],[-1.32,43.86],[-1.46,43.54],[-1.69,43.41],[-1.68,43.28],[-1.44,43.28],[-1.12,43.28],[-1.05,43.41],[-0.65,43.54],[-0.25,43.47],[-0.07,43.21],[0.25,43.28],[0.35,42.89],[0.2,42.76],[0.28,42.76],[0.52,42.69],[0.67,42.82],[0.99,42.82],[0.98,43.02],[0.81,43.21],[0.97,43.34],[0.64,43.41],[0.87,43.67],[1.28,43.54],[1.3,43.02],[1.39,42.95],[1.87,42.89],[1.73,42.63],[1.73,42.56],[1.97,42.56],[2.04,42.69],[2.52,42.82],[2.75,43.02],[2.99,43.02],[3.14,43.28],[3.62,43.41],[3.85,43.6],[4.17,43.6],[4.18,43.47],[4.58,43.54],[5.39,43.41],[5.39,43.28],[5.63,43.28],[5.8,43.15],[6.52,43.21],[6.59,43.41],[6.91,43.54],[6.67,43.67],[6.66,43.99],[6.9,44.19],[6.9,44.32],[6.97,44.78],[6.64,44.97],[6.63,45.1],[6.31,45.1],[6.13,45.56],[5.65,45.43],[5.48,45.69],[5.07,45.69],[4.58,45.69],[4.59,45.37],[4.84,45.3],[4.85,45.1],[4.52,45.04],[4.36,45.17],[3.97,44.78],[3.56,44.78],[3.47,44.91],[3.23,44.91],[3.16,44.71],[2.92,44.65],[2.75,44.84],[2.58,44.84],[2.52,44.58],[2.28,44.52],[2.1,44.78],[1.78,44.78],[1.45,44.84],[1.38,44.65],[1.07,44.45],[-0.07,44.52],[-0.18,44.91],[0.22,44.97],[0.53,45.24],[0.52,45.37],[0.84,45.56],[0.9,45.82],[0.97,46.02],[1.21,46.09],[1.21,46.22],[0.95,46.35],[0.94,46.55],[1.52,46.55],[2.35,46.35],[2.4,46.81],[2.98,46.81],[3.07,46.61],[3.73,46.55],[3.99,46.28],[4.23,46.35],[4.4,46.09],[4.9,45.96],[4.97,46.28],[5.37,46.35],[5.43,47.07],[5.59,47.14],[5.58,47.66],[5.82,47.73],[5.82,47.86],[5.65,48.06],[5.48,48.06],[5.39,48.39],[5.3,48.39],[4.88,48.59],[4.88,48.65],[4.87,48.99],[4.94,49.18],[4.68,49.45],[4.58,49.85],[4.49,49.98],[4.15,49.98],[4.15,50.05],[3.99,49.98],[3.73,50.11]]]]},"properties":{"NAME":"Kingdom of France","C":7,"name":"Kingdom of France","start_year":1526,"end_year":1539,"capital":"","type":"polity","region":"","event":"","source":"Cliopatria / Seshat Global History Databank (CC BY 4.0)","wikipedia":"Kingdom of France","wikidata":"Q207162","_a":107,"_c":[1.52,46.74],"_nz":"法兰西王国","_sz":""}},
{"type":"Feature","geometry":{"type":"MultiPolygon","coordinates":[[[[19.7,60.35],[19.68,60.14],[19.95,60.07],[20.15,60.21],[20.17,60.42],[19.72,60.49],[19.7,60.35]]],[[[29.05,66.77],[27.81,66.92],[27.83,67],[27.27,67.15],[26.93,67.44],[27.19,68.27],[27.29,68.27],[27.65,69.03],[27.75,69.03],[28.33,69.87],[28.16,70.02],[27.25,70.02],[27.23,69.95],[26.21,69.87],[25.86,69.64],[25.76,69.11],[24.86,68.57],[24.4,68.8],[22.78,68.65],[22.79,68.73],[22.22,68.88],[21.77,69.26],[21.07,69.26],[20.85,69.11],[20.24,69.03],[20.21,68.8],[19.96,68.42],[18.09,68.57],[18.05,68.12],[17.05,68.05],[16.73,67.74],[16.23,67.59],[16.12,67.44],[16.4,67.3],[16.38,67.07],[15.78,66.77],[15.26,66.25],[14.57,66.11],[14.54,65.44],[14.34,65.22],[14.62,65.08],[15,65.08],[15.55,64.64],[15.93,64.57],[16.48,64.35],[16.46,64.06],[16.26,63.91],[15.5,63.84],[15.49,63.7],[15.77,63.48],[16.51,63.26],[16.59,63.12],[16.1,62.76],[14.69,62.62],[14.68,62.4],[15.23,62.19],[15.21,61.97],[14.75,61.97],[14.74,61.69],[14,61.69],[13.73,61.9],[13.45,61.9],[12.51,61.69],[12.6,61.48],[12.78,61.41],[12.78,61.19],[12.31,60.98],[12.31,60.77],[12.49,60.7],[12.57,60.35],[12.38,60.07],[11.92,59.92],[11.92,59.43],[12.01,59.43],[12,58.88],[12.09,58.88],[12.16,58.18],[11.89,57.97],[11.71,57.97],[11.8,57.63],[11.98,57.77],[12.33,57.77],[13.12,57.14],[13.29,56.94],[13.46,56.59],[13.99,56.59],[15.93,56.52],[16.1,56.39],[16.27,56.25],[16.63,56.39],[16.74,56.8],[17.12,57.28],[16.95,57.42],[16.76,57.08],[16.48,56.87],[16.5,57.28],[16.69,57.42],[16.63,57.9],[16.81,58.04],[16.85,58.6],[17.13,58.74],[17.49,58.74],[17.5,58.88],[17.95,58.88],[18.14,59.09],[18.41,59.09],[18.35,59.43],[18.63,59.5],[18.83,59.71],[19.01,59.71],[19.03,60],[18.78,60.21],[18.5,60.21],[18.61,60.42],[17.26,60.77],[17.19,60.98],[17.24,61.69],[17.51,61.69],[17.36,62.05],[17.56,62.33],[17.96,62.62],[17.98,62.83],[18.35,62.83],[18.47,63.12],[18.75,63.12],[19.14,63.26],[19.35,63.48],[19.73,63.48],[19.83,63.62],[20.41,63.7],[20.62,63.91],[20.81,63.91],[21.14,64.28],[21.54,64.42],[21.28,64.64],[21.21,64.93],[21.62,65.08],[21.76,65.44],[22.44,65.52],[22.38,65.81],[23.82,65.74],[24.68,65.66],[25.23,65.52],[25.23,64.93],[24.56,64.93],[24.54,64.79],[24.01,64.42],[23.82,64.42],[23.28,63.99],[22.8,63.91],[22.78,63.77],[22.38,63.62],[22.16,63.34],[21.68,63.26],[21.28,63.05],[20.95,62.62],[21.21,62.47],[21.24,61.83],[21.5,61.69],[21.44,61.19],[21.25,61.12],[21.46,60.56],[21.74,60.56],[21.91,60.42],[22.36,60.42],[22.31,60],[23.05,60.07],[23.03,59.85],[23.76,59.92],[24.05,60.07],[24.5,60],[24.61,60.14],[25.82,60.28],[26.4,60.49],[26.75,60.42],[27.05,60.56],[27.77,60.49],[28.24,60.56],[28.99,60.14],[29.38,60.28],[29.83,60.21],[29.93,60.28],[30,60.63],[29.64,60.7],[29.41,60.91],[29.29,61.26],[29.37,61.69],[29.29,61.76],[29.84,62.19],[29.91,62.55],[29.78,62.83],[29.84,63.12],[29.68,63.26],[29.48,63.7],[29.53,63.91],[29.3,64.2],[29.53,64.42],[29.58,64.64],[29.8,64.79],[29.86,65.08],[30.21,65.37],[30.31,65.81],[30.06,66.03],[29.87,66.03],[29.05,66.77]]]]},"properties":{"NAME":"Kingdom of Sweden","C":0,"name":"Kingdom of Sweden","start_year":1526,"end_year":1563,"capital":"","type":"polity","region":"","event":"","source":"Cliopatria / Seshat Global History Databank (CC BY 4.0)","wikipedia":"Sweden","wikidata":"Q34","_a":256,"_c":[21.01,63.14],"_nz":"瑞典王国","_sz":""}},
{"type":"Feature","geometry":{"type":"MultiPolygon","coordinates":[[[[130.44,30.5],[130.36,30.31],[130.62,30.18],[130.72,30.44],[130.44,30.5]]],[[[130.92,30.76],[130.82,30.5],[131.02,30.44],[131.17,30.82],[130.92,30.76]]],[[[130.53,32.56],[130.39,32.24],[130.31,32.24],[130.1,31.91],[130.27,31.59],[130.14,31.27],[130.47,31.14],[130.72,31.21],[130.72,31.01],[131.2,31.27],[131.18,31.4],[131.41,31.4],[131.6,31.85],[131.56,32.11],[131.78,32.62],[131.99,32.75],[132.06,33.07],[131.92,33.26],[131.64,33.33],[131.82,33.71],[131.1,33.65],[131.02,33.95],[131.37,33.91],[131.94,33.97],[132.19,33.84],[132.32,34.29],[132.83,34.23],[133.05,34.36],[133.25,34.29],[133.62,34.42],[133.65,34.49],[133.96,34.49],[134.47,34.74],[134.94,34.61],[134.63,34.29],[134.2,34.36],[133.63,34.29],[133.51,34.04],[133.12,34.04],[132.88,34.16],[132.69,33.78],[132.08,33.46],[132.36,33.39],[132.45,33.26],[132.43,32.88],[132.66,32.88],[132.68,32.75],[133.03,32.69],[133.16,33.14],[133.54,33.46],[133.85,33.46],[133.99,33.26],[134.22,33.26],[134.37,33.59],[134.66,33.71],[134.78,33.97],[134.72,34.16],[134.91,34.23],[135.21,34.68],[135.44,34.68],[135.34,34.49],[135.02,34.29],[135.15,34.1],[135.03,33.84],[135.35,33.71],[135.41,33.52],[135.81,33.39],[136.45,34.23],[136.91,34.23],[136.97,34.36],[136.79,34.61],[136.6,34.68],[136.73,34.94],[136.94,34.74],[137.24,34.74],[137.07,34.55],[138.26,34.61],[138.28,34.81],[138.72,35.07],[138.68,34.68],[139.06,34.68],[139.23,35],[139.14,35.13],[139.21,35.26],[139.72,35.19],[139.66,35.39],[140.03,35.64],[139.7,34.87],[140.41,35.19],[140.54,35.58],[140.91,35.84],[140.67,35.97],[140.61,36.42],[140.79,36.87],[141.13,37.32],[141.04,37.45],[141.12,37.58],[140.96,37.71],[141.04,37.84],[140.92,38.03],[141.08,38.29],[141.51,38.35],[141.63,38.8],[141.95,39.19],[142.09,39.64],[141.97,39.71],[142.07,39.97],[141.85,40.23],[141.78,40.48],[141.44,40.68],[141.53,40.81],[141.38,40.94],[141.54,41.39],[140.92,41.52],[140.69,41.2],[140.34,41.26],[140.18,40.81],[139.9,40.74],[139.77,40.55],[139.99,40.29],[139.66,39.9],[139.89,39.9],[140.04,39.64],[140.04,39.51],[139.32,38.09],[138.77,37.84],[138.51,37.38],[137.63,37.06],[137.25,36.8],[137.1,36.8],[137.15,37.19],[137.37,37.58],[136.95,37.51],[136.72,37.38],[136.57,37.13],[136.7,36.93],[136.64,36.67],[136,36.22],[135.91,35.9],[136.04,35.71],[135.78,35.64],[135.71,35.52],[135.28,35.58],[135.38,35.77],[134.73,35.71],[134.27,35.58],[133.5,35.58],[133.47,35.52],[132.69,35.52],[132.31,35.07],[131.48,34.61],[131.41,34.49],[130.92,34.42],[130.8,34.16],[130.86,33.97],[130.52,33.91],[130.33,33.65],[129.92,33.59],[129.83,33.39],[129.6,33.39],[129.56,33.14],[129.68,33.07],[129.75,32.88],[129.7,32.75],[129.79,32.62],[130,32.75],[130.1,32.62],[130.33,32.62],[130.52,32.88],[130.53,32.56]],[[135.76,35],[135.84,35.32],[136.03,35.39],[136.06,35],[135.76,35]]],[[[130.53,32.56],[129.99,32.56],[129.93,32.24],[130.13,32.17],[130.37,32.36],[130.53,32.56]]],[[[128.88,32.81],[128.65,32.81],[128.57,32.62],[128.77,32.56],[128.88,32.81]]],[[[138.34,38.29],[138.14,37.96],[138.34,37.77],[138.61,38.09],[138.34,38.29]]],[[[140.31,41.46],[140.58,41.72],[140.21,41.65],[140.32,41.91],[140.12,41.98],[139.88,41.52],[139.95,41.39],[140.31,41.46]]]]},"properties":{"NAME":"Warring States Japan","C":8,"name":"Warring States Japan","start_year":1526,"end_year":1533,"capital":"","type":"polity","region":"","event":"","source":"Cliopatria / Seshat Global History Databank (CC BY 4.0)","wikipedia":"Sengoku period","wikidata":"Q204023","_a":160,"_c":[135.33,36.08],"_nz":"战国时代日本","_sz":""}},
{"type":"Feature","geometry":{"type":"Polygon","coordinates":[[[73.75,38.61],[73.96,38.55],[75.3,39.06],[76.17,39.58],[77.31,40.61],[78.77,41.59],[80.14,42.04],[80.16,42.3],[79.97,42.43],[79.44,42.5],[79.08,42.82],[78.39,42.89],[76.49,42.76],[75.81,42.63],[75.41,42.43],[74.93,42.43],[74.46,42.24],[74.27,42.37],[73.95,42.37],[73.9,42.24],[73.38,42.11],[73.61,41.85],[73.63,41.46],[73.82,41.07],[73.73,40.81],[73.85,40.68],[73.82,40.1],[73.95,40.03],[73.89,39.58],[73.69,39.45],[73.61,39.19],[73.79,39],[73.75,38.61]]]},"properties":{"NAME":"Western Moghulistan","C":11,"name":"Western Moghulistan","start_year":1526,"end_year":1546,"capital":"","type":"polity","region":"","event":"","source":"Cliopatria / Seshat Global History Databank (CC BY 4.0)","wikipedia":"Moghulistan","wikidata":"Q1191125","_a":29,"_c":[76.77,40.72],"_nz":"西莫卧儿斯坦","_sz":""}},
{"type":"Feature","geometry":{"type":"Polygon","coordinates":[[[114.89,-2.93],[114.59,-2.86],[114.52,-2.74],[114.08,-2.8],[113.57,-2.61],[112.4,-2.61],[111.61,-2.8],[111.71,-3.64],[111.85,-3.64],[112.06,-3.38],[112.65,-3.44],[113,-3.06],[113.08,-3.25],[113.44,-3.25],[113.52,-3.51],[113.82,-3.51],[113.88,-3.38],[114.18,-3.38],[114.18,-3.51],[114.4,-3.44],[114.5,-4.21],[114.86,-4.15],[114.93,-4.02],[115.79,-3.7],[115.63,-3.44],[114.96,-2.93],[114.89,-2.93]]]},"properties":{"NAME":"Sultanate of Banjar","C":0,"name":"Sultanate of Banjar","start_year":1526,"end_year":1858,"capital":"","type":"polity","region":"","event":"","source":"Cliopatria / Seshat Global History Databank (CC BY 4.0)","wikipedia":"Sultanate of Banjar","wikidata":"Q1660566","_a":7,"_c":[113.7,-3.41],"_nz":"班贾尔苏丹国","_sz":""}},
{"type":"Feature","geometry":{"type":"Polygon","coordinates":[[[19.82,54.48],[19.81,54.34],[20.14,54.21],[20.5,54.27],[20.75,54.21],[20.83,54.07],[20.27,53.66],[20.1,53.66],[19.86,53.87],[19.87,54.07],[19.45,54.21],[19.27,54.07],[19.25,53.87],[18.98,53.66],[18.81,53.66],[18.7,53.39],[19.21,53.33],[19.31,53.46],[19.74,53.46],[19.73,53.33],[19.97,53.12],[20.4,53.06],[20.67,53.26],[20.93,53.26],[21.29,53.46],[22.42,53.6],[22.55,54],[22.48,54.21],[22.66,54.27],[22.7,54.68],[22.81,54.89],[22.41,55.23],[21.64,55.36],[21.24,55.7],[21.25,55.84],[20.99,55.91],[20.97,55.63],[21.2,55.36],[20.99,54.95],[20.73,54.95],[20.65,55.09],[19.95,55.02],[19.82,54.48]]]},"properties":{"NAME":"Duchy of Prussia","C":11,"name":"Duchy of Prussia","start_year":1526,"end_year":1611,"capital":"","type":"polity","region":"","event":"","source":"Cliopatria / Seshat Global History Databank (CC BY 4.0)","wikipedia":"Duchy of Prussia","wikidata":"Q153091","_a":12,"_c":[20.76,54.49],"_nz":"普鲁士公国","_sz":""}},
{"type":"Feature","geometry":{"type":"Polygon","coordinates":[[[13.91,42.95],[13.75,43.08],[13.75,43.28],[13.36,43.67],[12.87,43.8],[12.31,44.19],[12.16,44.71],[11.99,44.65],[11.75,44.84],[11.59,44.91],[11.35,44.91],[11.18,44.78],[10.86,44.32],[10.86,44.25],[11.51,44.39],[11.67,44.25],[11.74,43.8],[12.23,43.6],[12.14,43.41],[11.82,43.34],[11.9,43.15],[11.98,43.15],[12.06,42.76],[11.74,42.63],[11.57,42.37],[11.73,42.17],[12.13,42.04],[12.13,41.91],[12.6,41.52],[12.92,41.46],[13,41.33],[13.4,41.33],[13.79,41.2],[14.04,41.52],[13.96,41.72],[13.8,41.85],[13.41,41.85],[13.33,41.98],[13.01,42.04],[12.86,42.5],[13.1,42.69],[13.34,42.69],[13.58,42.89],[13.91,42.95]]]},"properties":{"NAME":"Papal States","C":4,"name":"Papal States","start_year":1529,"end_year":1555,"capital":"","type":"polity","region":"","event":"","source":"Cliopatria / Seshat Global History Databank (CC BY 4.0)","wikipedia":"Papal States","wikidata":"Q170174","_a":12,"_c":[12.45,43.06],"_nz":"教皇国","_sz":""}},
{"type":"Feature","geometry":{"type":"Polygon","coordinates":[[[77.27,8.13],[77.41,8.09],[78.06,8.36],[78.2,8.92],[78.42,9.12],[79.16,9.29],[78.9,9.46],[79,9.7],[79.11,9.82],[79.18,9.92],[78.7,10.37],[78.73,10.75],[78.5,10.82],[78.61,11.07],[77.66,11.2],[77.27,10.37],[77.2,9.95],[77.27,9.33],[77.15,8.25],[77.27,8.13]]]},"properties":{"NAME":"Nayaks of Madurai","C":1,"name":"Nayaks of Madurai","start_year":1529,"end_year":1533,"capital":"","type":"polity","region":"","event":"","source":"Cliopatria / Seshat Global History Databank (CC BY 4.0)","wikipedia":"Madurai Nayak dynasty","wikidata":"Q1530838","_a":6,"_c":[78.17,9.65],"_nz":"马杜赖纳亚克","_sz":""}},
{"type":"Feature","geometry":{"type":"Polygon","coordinates":[[[61.96,54],[61.82,53.87],[61.11,53.6],[61.14,53.46],[60.8,53.26],[60.12,52.18],[59.9,52.05],[59.93,51.92],[58.92,51.71],[58.35,51.78],[58.39,51.65],[57.96,51.65],[57.84,51.78],[57.56,51.71],[57.44,51.85],[56.55,51.98],[56.56,51.51],[56.24,51.31],[56,50.85],[56.31,50.51],[56.26,50.11],[55.51,49.58],[55.24,49.25],[55.49,48.99],[55.45,48.85],[55.62,48.59],[55.73,48.13],[55.06,47.8],[55.04,47.14],[54.02,47.01],[53.27,46.68],[53.35,46.35],[53.25,45.96],[53.07,45.89],[53.06,45.56],[53.42,45.37],[53.67,45.37],[53.88,45.56],[54.29,45.56],[54.22,45.3],[54.36,45.24],[54.3,44.97],[53.81,44.97],[53.88,45.24],[52.09,45.24],[51.88,45.37],[51.47,45.37],[51.06,45.04],[51.02,44.84],[51.47,44.71],[51.42,44.52],[50.86,44.52],[50.4,44.65],[50.19,44.45],[50.88,44.25],[51.07,44.06],[51.04,43.93],[51.32,43.73],[51.31,43.34],[51.44,43.21],[51.77,43.28],[51.94,42.95],[52.42,42.95],[52.79,42.82],[52.74,42.63],[55.53,42.89],[55.99,42.82],[56.35,42.95],[57.33,43.02],[58.34,43.47],[58.19,43.8],[57.96,43.86],[58.07,44.25],[57.96,44.45],[58.27,45.24],[58.49,45.43],[58.64,45.96],[59.31,46.02],[59.49,46.35],[59.84,46.41],[60.12,46.81],[60.98,46.94],[61.64,46.94],[61.58,46.48],[61.25,45.96],[61.25,45.69],[61.34,45.43],[61.72,45.37],[61.58,44.91],[60.9,44.52],[60.88,44.45],[61.1,44.39],[61.76,43.6],[61.98,43.54],[62.04,43.47],[62,43.34],[62.18,43.15],[63.73,42.43],[68.28,40.36],[68.72,40.48],[69.37,41.07],[70.55,41.26],[70.75,41.39],[70.81,41.59],[72.31,42.24],[72.74,42.11],[73.38,42.11],[73.9,42.24],[73.95,42.37],[74.27,42.37],[74.46,42.24],[74.93,42.43],[75.41,42.43],[75.81,42.63],[76.49,42.76],[78.39,42.89],[79.08,42.82],[79.44,42.5],[79.97,42.43],[80.16,42.3],[80.19,42.37],[80.29,42.82],[80.47,42.89],[80.47,43.08],[80.63,43.08],[80.79,43.28],[80.68,43.41],[80.74,43.54],[80.36,43.99],[80.41,44.71],[79.98,44.84],[79.95,44.97],[81.82,45.37],[82.21,45.89],[82.54,46.09],[83.04,47.01],[83.64,47.07],[83.86,47.01],[83.8,46.87],[84.26,46.81],[84.7,46.87],[85.29,47.6],[85.51,47.73],[85.48,47.99],[85.64,48.32],[85.47,48.32],[85.52,48.59],[85.34,48.72],[85.3,48.99],[84.33,49.38],[84.37,49.45],[83.77,49.58],[83.92,49.71],[84.49,49.85],[84.74,50.18],[84.22,50.31],[83.88,50.78],[82.48,50.85],[82.39,50.98],[81.36,51.11],[81.39,51.18],[80.21,51.18],[79.43,50.98],[79.33,51.11],[78.41,51.31],[78.16,51.65],[77.8,51.78],[77.74,51.98],[77.38,52.12],[77.31,52.32],[77.14,52.32],[76.84,52.72],[76.91,52.86],[76.57,53.19],[76.94,53.73],[77.66,54.41],[77.51,54.61],[76.87,54.55],[75.52,54.14],[74.34,53.53],[74.08,53.53],[73.43,53.26],[69.32,52.92],[67.89,52.99],[67.92,53.06],[66.38,53.26],[66.27,53.39],[65.27,53.46],[65.3,53.53],[64.41,53.66],[64.3,53.8],[63.87,54],[63.2,54.07],[63.23,54.14],[61.96,54]]]},"properties":{"NAME":"Kazakh Khanate","C":6,"name":"Kazakh Khanate","start_year":1529,"end_year":1555,"capital":"","type":"polity","region":"","event":"","source":"Cliopatria / Seshat Global History Databank (CC BY 4.0)","wikipedia":"Kazakh Khanate","wikidata":"Q1433867","_a":505,"_c":[67.91,47.49],"_nz":"哈萨克汗国","_sz":""}},
{"type":"Feature","geometry":{"type":"Polygon","coordinates":[[[66.33,36.22],[66.36,36.67],[66.22,36.74],[66.17,37.19],[65.91,37.38],[65.94,37.51],[65.63,37.51],[65.24,37.84],[64.66,38.03],[64.37,38.42],[64.01,38.55],[63.84,38.8],[63.42,39],[63.25,39.26],[63.09,39.26],[62.65,39.71],[62.69,39.84],[62.32,40.23],[62.4,40.55],[62.3,40.74],[62.37,41],[62.38,41.33],[60.84,40.94],[60.13,40.94],[60,41.07],[57.83,41.26],[57.81,41.2],[57.03,40.61],[56.89,40.68],[56.39,39.9],[56.52,39.77],[56.47,39.58],[56.29,39.45],[56.08,38.87],[56.44,38.74],[56.37,38.42],[56.01,38.16],[55.54,38.16],[53.88,37.71],[53.91,37.45],[54.09,37.19],[54.03,36.87],[53.49,36.87],[52.59,36.61],[51.64,36.55],[50.53,36.87],[50.57,37.06],[50.32,37],[49.85,37.45],[49.09,37.51],[48.83,37.84],[48.82,38.67],[48.74,38.67],[48.92,39.19],[49.18,39.32],[49.03,39.38],[49,39.64],[48.78,39.71],[48.72,39.84],[47.37,39.77],[47.31,39.9],[47,39.9],[46.88,40.1],[46.65,40.16],[46.61,40.36],[45.69,40.55],[45.29,40.48],[45.15,40.61],[44.76,40.61],[44.62,40.74],[44.29,40.68],[44.24,40.81],[43.93,40.87],[43.9,40.68],[44.03,40.55],[43.63,40.03],[43.13,39.9],[42.75,39.97],[42.65,39.84],[42.26,39.9],[41.9,39.58],[41.58,39.58],[41.24,39.38],[41.08,38.87],[41,38.87],[40.98,38.16],[40.88,38.03],[39.48,38.03],[39.14,37.84],[38.9,37.84],[38.4,37.51],[38.08,37.51],[37.99,37.38],[37.96,37.13],[38.38,36.74],[38.26,36.35],[38.09,36.29],[38.13,35.97],[39.13,35.9],[39.88,35.71],[40.51,35.13],[40.55,34.81],[40.77,34.74],[40.96,34.42],[41.04,34.42],[41.43,33.78],[41.86,33.59],[42.06,33.33],[42.58,33.14],[42.71,32.94],[43.15,32.81],[44.46,31.59],[44.44,31.46],[44.66,31.34],[45.4,30.5],[45.55,30.5],[46.1,29.99],[46.53,29.79],[46.59,29.6],[46.75,29.67],[46.87,29.41],[47.1,29.47],[47.24,29.34],[47.77,29.34],[47.87,29.54],[48.4,29.6],[48.37,29.92],[48.9,29.99],[48.99,30.05],[48.94,30.31],[49.59,29.99],[50.06,30.18],[50.24,29.73],[50.65,29.41],[50.62,29.15],[50.92,29.09],[50.81,28.83],[51.03,28.77],[51.07,28.44],[51.45,27.87],[52.05,27.8],[52.48,27.61],[52.74,27.22],[53.46,26.97],[53.66,26.71],[54.26,26.71],[54.68,26.45],[54.99,26.52],[55.24,26.77],[55.62,26.77],[55.71,26.97],[56.1,27.03],[56.19,27.16],[56.71,27.16],[57.05,26.84],[57.18,25.94],[57.38,25.74],[57.68,25.74],[57.74,25.62],[57.96,25.55],[58.78,25.55],[59.06,25.36],[60.63,25.36],[60.62,25.23],[60.92,25.23],[61.13,25.1],[61.66,25.16],[61.72,25.04],[62.02,25.04],[62.18,25.16],[62.47,25.1],[62.56,25.23],[63.54,25.23],[63.63,25.36],[64.08,25.36],[64.02,25.55],[63.81,25.62],[63.76,25.81],[63.55,25.94],[63.52,26.32],[63.45,26.32],[63.58,27.87],[63.89,29.41],[64.6,32.49],[64.67,32.49],[64.76,32.94],[65.18,33.46],[66.33,36.22]]]},"properties":{"NAME":"Safavid Dynasty","C":8,"name":"Safavid Dynasty","start_year":1529,"end_year":1533,"capital":"","type":"polity","region":"","event":"","source":"Cliopatria / Seshat Global History Databank (CC BY 4.0)","wikipedia":"Safavid dynasty","wikidata":"Q161205","_a":463,"_c":[52.16,33.19],"_nz":"萨法维王朝","_sz":""}},
{"type":"Feature","geometry":{"type":"MultiPolygon","coordinates":[[[[8.43,44.52],[8.02,44.52],[7.94,44.65],[7.78,44.45],[7.7,44.52],[7.63,44.12],[8.19,44.12],[8.35,44.25],[8.43,44.45],[8.43,44.52]]],[[[6.97,44.78],[6.9,44.32],[7.22,44.19],[7.46,44.39],[7.37,44.71],[6.97,44.78]]],[[[8.34,45.24],[7.93,45.24],[7.61,45.3],[7.53,45.04],[7.7,44.84],[7.86,44.84],[7.94,44.78],[8.34,45.1],[8.34,45.24]]],[[[6.93,46.15],[7.26,46.35],[7.17,46.41],[6.93,46.28],[6.93,46.15]]],[[[6.83,47.07],[6.5,46.94],[6.51,46.87],[6.67,46.87],[6.75,46.81],[7.08,46.94],[6.83,47.14],[6.83,47.07]]],[[[6.46,48.46],[6.64,48.19],[6.8,48.32],[6.71,48.52],[6.46,48.46]]],[[[5.87,48.85],[5.46,48.79],[5.38,48.59],[4.88,48.65],[4.88,48.59],[5.3,48.39],[5.39,48.39],[5.46,48.59],[5.88,48.46],[5.79,48.79],[5.87,48.85]]],[[[6.03,48.92],[5.95,48.92],[5.87,48.85],[6.04,48.79],[6.03,48.92]]],[[[5.36,48.99],[5.7,48.99],[5.61,49.18],[5.85,49.32],[5.35,49.32],[5.36,48.99]]],[[[5.17,49.78],[5.17,49.85],[4.73,50.25],[4.39,50.25],[4.41,49.98],[4.58,49.85],[4.68,49.45],[4.94,49.18],[5.18,49.58],[5.17,49.78]]],[[[4.15,50.05],[4.06,50.31],[3.72,50.38],[3.73,50.11],[3.99,49.98],[4.15,50.05]]],[[[5.93,52.25],[5.75,52.32],[5.48,52.86],[5.14,52.79],[5.06,52.52],[4.89,52.45],[5.07,52.32],[5,52.05],[5.59,52.05],[5.93,52.25]]],[[[10.13,42.89],[10.21,42.69],[10.46,42.69],[10.46,42.89],[10.13,42.89]]],[[[10.78,42.95],[11.02,42.82],[11.02,42.63],[11.18,42.63],[11.26,42.43],[11.49,42.37],[11.57,42.37],[11.74,42.63],[12.06,42.76],[11.98,43.15],[11.9,43.15],[11.66,43.15],[11.58,43.34],[11.26,43.47],[11.02,43.47],[10.78,43.34],[10.78,42.95]]],[[[9.97,43.99],[10.21,43.93],[10.7,43.8],[10.86,44.25],[10.86,44.32],[11.18,44.78],[11.35,44.91],[11.59,44.91],[10.7,45.3],[10.45,45.37],[10.45,45.17],[10.45,45.1],[10.45,44.91],[10.05,44.65],[10.13,44.25],[9.97,44.19],[9.97,43.99]]],[[[12.24,44.84],[12.24,44.97],[11.83,44.97],[11.75,44.84],[11.99,44.65],[12.16,44.71],[12.24,44.84]]],[[[12.09,46.68],[11.52,46.61],[11.27,46.41],[11.19,46.61],[10.53,46.55],[10.53,46.48],[10.45,45.96],[10.7,45.69],[11.02,45.76],[11.35,46.09],[11.68,46.09],[11.84,46.22],[11.84,46.48],[12.09,46.68]]],[[[9.54,47.27],[9.46,47.27],[9.46,47.14],[9.63,47.14],[9.54,47.2],[9.54,47.27]]],[[[12.51,47.66],[12.51,47.4],[12.18,47.27],[12.18,47.07],[12.83,47.14],[13.08,47.01],[13.74,47.07],[13.66,47.27],[13.41,47.27],[13.42,47.66],[13.18,47.93],[13.18,48.06],[12.93,48.06],[12.92,47.73],[13,47.53],[12.51,47.66]]],[[[13.36,48.99],[13.19,48.85],[13.27,48.59],[13.77,48.59],[13.85,48.46],[14.1,48.65],[13.61,48.92],[13.36,48.99]]],[[[12.81,50.98],[12.55,50.91],[12.63,50.65],[12.72,50.71],[12.81,50.98]]],[[[7.56,47.53],[7.89,47.66],[7.64,47.8],[7.63,48.26],[7.79,48.32],[8.21,48.26],[8.21,48.13],[8.13,48.13],[8.22,47.66],[8.47,47.6],[8.55,47.73],[8.88,47.73],[8.96,47.99],[9.29,47.99],[9.29,47.8],[9.04,47.73],[9.62,47.53],[9.95,47.53],[10.12,47.33],[10.37,47.33],[10.45,47.6],[10.61,47.6],[10.69,47.73],[10.45,47.8],[10.53,48.19],[10.36,47.99],[10.12,48.06],[10.2,48.26],[10.53,48.26],[10.44,48.59],[10.28,48.85],[10.03,48.99],[10.03,49.12],[10.36,49.25],[10.61,48.92],[10.94,48.85],[11.28,49.18],[11.03,49.25],[11.03,49.45],[11.28,49.52],[11.2,49.78],[11.7,49.91],[11.87,50.18],[12.12,50.18],[12.12,50.25],[11.96,50.31],[11.96,50.71],[11.71,50.71],[11.54,50.51],[11.2,50.51],[11.28,50.25],[11.11,50.11],[10.69,50.05],[10.36,50.18],[10.36,50.51],[10.86,50.51],[11.03,50.71],[11.29,50.78],[11.12,51.05],[10.53,51.25],[10.36,51.11],[10.61,51.05],[10.78,50.85],[10.53,50.65],[10.36,50.85],[9.94,50.91],[10.1,51.18],[10.61,51.38],[11.12,51.31],[11.12,51.38],[11.21,51.51],[10.87,51.45],[10.87,51.65],[11.38,51.71],[11.54,51.51],[11.37,51.31],[11.88,51.31],[12.05,51.38],[11.97,51.58],[12.31,51.58],[12.4,51.85],[12.23,51.92],[12.15,52.12],[12.4,52.18],[12.58,52.45],[12.33,52.65],[11.13,52.52],[11.04,52.86],[11.22,53.06],[11.13,53.33],[11.31,53.46],[11.56,53.39],[11.74,53.6],[11.91,53.6],[12.17,53.39],[13.2,53.33],[13.55,53.66],[13.9,53.73],[14.32,53.39],[14.23,53.26],[14.48,53.06],[14.82,53.19],[15.26,53.26],[15.44,53.53],[15.78,53.46],[15.7,53.66],[15.97,53.73],[15.98,54.07],[16.41,54],[16.4,53.8],[16.66,53.8],[16.82,53.6],[17.08,53.6],[17.19,54],[17.62,54],[17.64,54.34],[17.91,54.48],[18.02,54.89],[16.62,54.68],[15.99,54.27],[15.04,54.21],[14.51,54],[14.5,53.73],[14.16,53.87],[14.17,54.07],[13.3,54.21],[13.74,54.27],[13.66,54.61],[13.41,54.75],[13.14,54.68],[13.05,54.48],[12.44,54.48],[12.09,54.27],[11.4,54.14],[11.4,54],[10.79,54],[10.53,54],[10.36,53.87],[10.36,53.66],[10.01,53.73],[9.93,53.6],[9.58,53.6],[9.24,53.87],[8.89,53.87],[8.46,53.94],[8.38,53.66],[7.94,53.73],[7.08,53.73],[6.91,53.6],[6.92,53.46],[6.23,53.53],[6.23,53.46],[6.16,53.06],[6.33,52.99],[6.34,52.79],[5.99,52.72],[6.09,52.38],[6.43,52.38],[6.51,52.52],[6.77,52.52],[6.94,52.38],[6.7,51.98],[6.53,51.85],[6.02,51.92],[5.94,51.71],[6.12,51.51],[5.78,51.51],[5.78,51.38],[5.37,51.25],[5.21,50.98],[5.22,50.71],[5.05,50.71],[5.06,50.45],[5.23,50.31],[5.73,50.45],[5.72,50.85],[5.79,51.25],[6.04,51.31],[5.97,50.78],[6.15,50.51],[6.07,50.25],[6.58,50.11],[6.59,49.98],[6.34,49.78],[6.35,49.58],[7.02,49.58],[7.6,49.58],[7.51,49.91],[7.76,49.91],[7.85,49.71],[8.27,49.71],[8.36,49.45],[8.61,49.45],[8.77,49.32],[8.27,49.25],[8.11,48.99],[8.03,48.99],[7.69,49.25],[7.36,49.25],[7.1,49.45],[6.85,49.45],[6.53,49.12],[6.36,49.25],[6.27,49.25],[5.94,49.18],[5.86,48.99],[6.03,48.92],[6.45,48.85],[6.37,48.72],[6.87,48.65],[7.04,48.52],[7.13,48.32],[7.06,47.93],[7.22,48.06],[7.47,48.06],[7.56,47.6],[7.56,47.53]],[[10.03,48.26],[9.78,48.32],[9.45,48.19],[9.45,48.46],[9.95,48.46],[10.03,48.26]],[[7.53,49.12],[7.36,48.92],[6.86,49.05],[6.86,49.18],[7.53,49.12]]],[[[12.22,51.05],[12.22,51.31],[12.05,51.31],[11.88,51.11],[12.22,51.05]]],[[[14.33,51.25],[14.26,51.58],[14.09,51.58],[13.91,51.38],[14.33,51.25]]],[[[12.9,51.45],[12.73,51.45],[12.64,51.38],[12.9,51.31],[12.9,51.45]]]]},"properties":{"NAME":"Holy Roman Empire Minor States","C":10,"name":"Holy Roman Empire Minor States","start_year":1529,"end_year":1539,"capital":"","type":"polity","region":"","event":"","source":"Cliopatria / Seshat Global History Databank (CC BY 4.0)","wikipedia":"Holy Roman Empire","wikidata":"Q12548","_a":180,"_c":[10.83,48.63],"_nz":"神圣罗马帝国诸小邦","_sz":""}},
{"type":"Feature","geometry":{"type":"MultiPolygon","coordinates":[[[[-34.93,-8.14],[-34.83,-7.17],[-34.97,-6.72],[-35.03,-6.34],[-35.18,-6.27],[-35.17,-5.82],[-35.37,-5.31],[-35.59,-5.11],[-36.1,-5.05],[-35.96,-5.31],[-35.67,-5.37],[-35.6,-5.5],[-35.47,-6.21],[-35.47,-6.4],[-35.32,-6.4],[-35.27,-7.04],[-35.12,-7.04],[-35.3,-8.01],[-35.45,-8.26],[-35.38,-8.46],[-35.46,-8.71],[-35.61,-8.84],[-35.7,-9.23],[-36.23,-9.61],[-36.47,-10.19],[-37.37,-10.71],[-37.77,-11.48],[-37.94,-11.93],[-38.26,-12.44],[-38.55,-12.51],[-38.69,-12.31],[-39.13,-12.44],[-39.33,-13.34],[-39.4,-13.34],[-39.48,-14.63],[-39.41,-14.63],[-39.39,-15.46],[-39.26,-15.66],[-39.31,-16.3],[-39.58,-16.94],[-39.57,-17.71],[-40.05,-18.23],[-40.16,-18.61],[-40.08,-18.61],[-40.17,-19.58],[-40.48,-19.77],[-40.7,-20.54],[-41.17,-20.86],[-41.26,-21.06],[-41.29,-21.38],[-41.47,-21.64],[-41.35,-21.96],[-42.12,-22.28],[-42.23,-22.6],[-42.16,-22.66],[-41.93,-22.54],[-41.83,-22.34],[-41.14,-22.15],[-41.04,-21.83],[-41.07,-21.38],[-40.9,-21.19],[-40.88,-20.93],[-40.41,-20.61],[-40.2,-19.9],[-39.8,-19.58],[-39.77,-18.36],[-39.59,-18.04],[-39.28,-17.78],[-39.29,-17.01],[-39.02,-16.43],[-38.95,-15.46],[-39.14,-14.95],[-39.01,-14.11],[-39.03,-13.28],[-38.88,-13.09],[-38.36,-13.02],[-38.13,-12.83],[-37.73,-12.19],[-37.64,-11.8],[-37.48,-11.67],[-37.47,-11.41],[-37.25,-11.29],[-37.24,-11.09],[-36.78,-10.64],[-36.26,-10.39],[-35.71,-9.55],[-35.41,-9.36],[-35.17,-8.71],[-35.02,-8.59],[-35.01,-8.14],[-34.93,-8.14]]],[[[80.89,6.01],[80.83,6.14],[80.32,6.2],[80.33,6.33],[80.05,6.65],[80.07,8.39],[80.01,8.51],[79.79,8.51],[79.76,8.06],[79.62,8.06],[79.61,7.87],[79.74,7.68],[79.71,7.04],[79.78,7.04],[79.76,6.65],[79.89,6.26],[80.23,5.88],[80.89,5.94],[80.89,6.01]]],[[[76.23,9.93],[76.36,9.8],[76.21,9.67],[76.26,9.35],[76.34,9.35],[76.56,9.41],[76.58,9.8],[76.45,9.99],[76.23,9.93]]],[[[75.59,11.34],[75.73,11.21],[75.86,10.96],[75.93,10.96],[75.88,11.34],[75.59,11.34]]],[[[75.34,11.92],[75.43,12.18],[75.29,12.31],[75.07,12.24],[75.34,11.92]]],[[[73.8,15.46],[73.79,15.33],[74.24,14.62],[74.31,14.62],[74.55,14.81],[74.52,15.26],[74.1,15.52],[73.8,15.46]]],[[[56.06,26.71],[56.31,26.9],[56.32,27.03],[56.02,27.03],[56.02,26.97],[55.79,26.97],[55.54,26.71],[55.31,26.71],[55.29,26.52],[56.06,26.71]]],[[[125.71,-8.52],[125.13,-8.59],[125.44,-8.84],[125.52,-8.84],[125.71,-8.52]]],[[[123,-8.39],[122.78,-8.39],[122.79,-8.59],[123.01,-8.52],[123,-8.39]]],[[[127.81,-3.83],[128.25,-3.7],[128.24,-3.51],[127.8,-3.57],[127.81,-3.83]]],[[[101.72,2.54],[101.71,2.41],[101.85,2.28],[102.35,2.02],[102.42,2.02],[102.58,2.41],[102.67,2.73],[102.39,2.99],[102.1,3.05],[102.02,2.79],[101.72,2.54]]],[[[80.3,13.46],[80.15,13.4],[80.13,13.21],[80.34,13.08],[80.41,13.08],[80.38,13.46],[80.3,13.46]]],[[[92.13,22.53],[91.84,22.59],[91.67,22.46],[91.78,22.21],[92.01,22.21],[92.13,22.53]]],[[[91.37,22.46],[91.59,22.4],[91.61,22.53],[91.4,22.66],[91.37,22.46]]]]},"properties":{"NAME":"Portuguese Empire","C":11,"name":"Portuguese Empire","start_year":1529,"end_year":1533,"capital":"","type":"polity","region":"","event":"","source":"Cliopatria / Seshat Global History Databank (CC BY 4.0)","wikipedia":"Portuguese Empire","wikidata":"Q200464","_a":8471,"_c":[43.01,2.19],"_nz":"葡萄牙帝国","_sz":""}},
{"type":"Feature","geometry":{"type":"Polygon","coordinates":[[[101.18,21.44],[101.16,21.76],[100.74,21.5],[100.22,21.5],[100.03,21.69],[100.07,21.95],[99.94,22.08],[99.29,22.14],[99.57,22.98],[98.94,23.24],[98.87,23.69],[98.73,23.75],[98.88,24.14],[97.65,23.94],[97.79,24.33],[97.59,24.46],[97.65,24.78],[97.82,24.91],[97.87,25.16],[98.13,25.36],[98.17,25.55],[98.67,25.81],[98.84,26.58],[98.76,26.58],[98.74,27.48],[98.56,27.67],[98.26,27.67],[98.16,28.19],[97.98,28.38],[97.56,28.51],[97.48,28.51],[97.34,27.93],[97,27.74],[96.94,27.48],[97.13,27.35],[97.16,27.16],[96.94,27.16],[96.89,27.29],[96.21,27.29],[95.58,26.77],[95.16,26.58],[95.08,26.19],[95.19,26],[94.88,25.55],[94.71,25.49],[94.74,24.84],[94.37,24.39],[94.13,23.88],[93.85,24.01],[93.4,24.01],[93.42,23.17],[94.07,23.04],[94.33,22.79],[94.33,20.79],[94.83,19.64],[95.36,19.25],[95.36,19.76],[95.29,19.76],[95.36,20.73],[95.85,21.05],[96.06,21.5],[96.51,21.5],[96.77,21.24],[96.92,21.24],[97.23,20.86],[97.21,20.73],[97.41,20.6],[97.42,20.15],[97.23,19.89],[96.89,18.54],[97.15,18.35],[97.16,17.9],[97.77,18.03],[97.6,18.35],[97.47,18.48],[97.77,18.54],[97.87,18.67],[97.94,19.64],[98.1,19.76],[98.92,19.76],[99.19,20.09],[99.41,20.09],[99.83,20.41],[100.13,20.41],[100.24,20.66],[100.64,20.86],[100.69,21.18],[101.18,21.44]]]},"properties":{"NAME":"Shan States","C":4,"name":"Shan States","start_year":1529,"end_year":1539,"capital":"","type":"polity","region":"","event":"","source":"Cliopatria / Seshat Global History Databank (CC BY 4.0)","wikipedia":"Shan States","wikidata":"Q4765854","_a":83,"_c":[97.29,23.21],"_nz":"掸邦","_sz":""}},
{"type":"Feature","geometry":{"type":"Polygon","coordinates":[[[97.39,5.11],[97.4,5.24],[97.04,5.3],[96.24,5.24],[95.6,5.69],[95.24,5.69],[95.09,5.56],[95.07,5.17],[95.34,4.85],[95.33,4.72],[96.24,3.95],[96.24,3.82],[96.6,3.76],[96.88,3.56],[96.84,4.14],[96.55,4.34],[97.01,4.66],[97.01,4.79],[97.24,4.85],[97.32,5.11],[97.39,5.11]]]},"properties":{"NAME":"Sultanate of Aceh","C":9,"name":"Sultanate of Aceh","start_year":1529,"end_year":1539,"capital":"","type":"polity","region":"","event":"","source":"Cliopatria / Seshat Global History Databank (CC BY 4.0)","wikipedia":"Aceh Sultanate","wikidata":"Q1061057","_a":5,"_c":[96.24,4.63],"_nz":"亚齐苏丹国","_sz":""}},
{"type":"Feature","geometry":{"type":"Polygon","coordinates":[[[102.74,12.05],[102.84,12.31],[102.41,13.01],[102.39,13.53],[102.71,13.72],[102.9,14.11],[103.23,14.36],[103.45,14.36],[103.61,14.49],[103.29,14.81],[103.23,15.52],[103.05,15.78],[103.06,16.36],[103.23,16.55],[102.1,16.87],[101.87,16.81],[101.61,17.06],[101.47,17.06],[101.31,17.51],[101.02,17.51],[101.27,18.22],[101.13,18.29],[101.18,18.61],[101.35,18.74],[101.4,19.06],[101.18,19.57],[100.66,19.51],[100.63,19.31],[100.75,19.19],[100.57,18.93],[100.19,18.86],[99.76,18.48],[99.61,18.48],[99.58,18.29],[98.64,18.41],[98.29,18.03],[97.84,17.96],[97.8,17.71],[97.94,17.64],[97.92,17.51],[98.63,16.81],[98.67,16.61],[98.64,16.36],[98.93,16.36],[98.91,16.16],[98.49,15.84],[98.19,15.78],[98.08,15.52],[97.78,15.46],[97.77,14.81],[97.99,14.75],[97.88,14.49],[98.07,14.24],[98.04,13.98],[98.25,13.85],[98.28,13.53],[98.42,13.46],[98.65,12.82],[98.61,11.73],[98.76,11.73],[98.65,11.41],[98.7,11.09],[98.6,10.83],[98.45,10.76],[98.51,9.8],[98.13,8.71],[98.21,7.74],[98.43,7.81],[98.38,8.13],[98.47,8.32],[98.62,8.32],[98.67,8.06],[98.95,7.94],[98.94,7.68],[99.22,7.61],[99.28,7.29],[99.49,7.29],[99.48,7.1],[99.63,7.1],[99.61,6.84],[99.95,6.52],[100.03,6.52],[100.33,6.65],[100.39,6.52],[100.68,6.46],[101.09,6.07],[101,5.69],[101.14,5.62],[101.45,5.88],[101.73,5.75],[101.88,5.75],[102.05,6.26],[102.06,6.33],[101.77,6.46],[101.72,6.71],[101.51,6.91],[100.85,6.91],[100.65,7.16],[100.51,7.16],[100.53,7.49],[100.47,7.68],[100.34,7.87],[100.3,8.39],[100.09,8.45],[99.96,8.71],[99.93,9.29],[99.27,9.29],[99.29,9.54],[99.16,9.67],[99.28,10.19],[99.21,10.31],[99.57,11.09],[99.6,11.41],[99.85,11.73],[99.88,11.99],[100.03,12.05],[100.1,13.4],[100.56,13.53],[100.99,13.46],[100.83,12.63],[101.55,12.56],[101.79,12.69],[102.11,12.31],[102.26,12.31],[102.22,11.99],[102.44,11.99],[102.6,12.11],[102.74,12.05]]]},"properties":{"NAME":"Ayutthaya Kingdom","C":9,"name":"Ayutthaya Kingdom","start_year":1529,"end_year":1546,"capital":"","type":"polity","region":"","event":"","source":"Cliopatria / Seshat Global History Databank (CC BY 4.0)","wikipedia":"Ayutthaya Kingdom","wikidata":"Q841364","_a":81,"_c":[100.69,12.6],"_nz":"阿瑜陀耶王国","_sz":""}},
{"type":"Feature","geometry":{"type":"MultiPolygon","coordinates":[[[[-81.7,7.68],[-81.91,7.61],[-81.9,7.36],[-81.61,7.36],[-81.69,7.49],[-81.7,7.68]]],[[[-78.8,8.26],[-78.81,8.45],[-78.96,8.45],[-79.03,8.32],[-78.8,8.26]]],[[[-73.65,11.21],[-73.5,11.15],[-73.44,11.34],[-74.17,11.34],[-74.36,10.89],[-74.49,10.7],[-74.06,10.76],[-73.71,11.02],[-73.65,11.21]]],[[[-69.73,11.66],[-69.79,11.47],[-70.09,11.54],[-70.15,11.41],[-70.37,11.41],[-70.21,11.15],[-69.62,11.09],[-69.2,11.34],[-69.14,11.54],[-69.57,11.47],[-69.58,11.6],[-69.73,11.66]]],[[[-68.66,11.99],[-68.74,12.18],[-69.12,12.37],[-69.11,12.18],[-68.95,12.05],[-68.66,11.99]]],[[[-91.21,18.99],[-91.29,18.99],[-91.3,18.61],[-91.45,18.61],[-91.5,18.48],[-91.79,18.48],[-91.84,18.74],[-92.5,18.74],[-92.62,18.54],[-93.49,18.48],[-94.04,18.22],[-94.48,18.22],[-94.77,18.61],[-95.77,18.8],[-96.18,19.44],[-96.25,19.44],[-96.51,20.09],[-97.08,20.73],[-97.35,21.37],[-98.57,21.18],[-98.35,20.79],[-98.39,20.6],[-98.71,20.73],[-99.38,20.73],[-99.43,20.6],[-99.81,20.66],[-99.84,20.02],[-100.06,20.02],[-100.64,20.34],[-101.15,20.28],[-101.13,20.21],[-100.39,19.83],[-100.3,19.31],[-100.37,19.31],[-100.35,18.8],[-100.49,18.74],[-100.43,18.41],[-100.69,18.22],[-101.56,18.16],[-101.59,17.9],[-101.73,17.84],[-101.72,17.77],[-101.11,17.26],[-100.02,16.94],[-99.69,16.68],[-98.85,16.55],[-98.43,16.23],[-98.06,16.16],[-97.88,15.97],[-97.05,15.84],[-96.73,15.65],[-96.21,15.65],[-95.37,15.91],[-94.95,16.1],[-94.77,16.36],[-94.67,16.16],[-94.15,16.16],[-93.98,15.97],[-93.83,15.97],[-92.75,15.14],[-92.47,14.69],[-91.35,13.91],[-90.47,13.91],[-89.91,13.53],[-89.24,13.46],[-88.85,13.21],[-87.74,13.14],[-87.76,13.34],[-87.47,13.34],[-87.44,13.08],[-87.66,13.08],[-87.55,12.69],[-86.92,12.31],[-86.58,11.79],[-85.72,11.09],[-85.85,10.96],[-85.84,10.76],[-85.68,10.64],[-85.89,10.44],[-85.78,9.99],[-85.48,9.86],[-85.24,9.61],[-84.88,9.67],[-84.83,9.99],[-84.57,9.48],[-84.28,9.48],[-84.12,9.29],[-83.67,9.09],[-83.59,8.9],[-83.73,8.77],[-83.71,8.45],[-83.26,8.32],[-83.19,8.39],[-82.96,8.19],[-82.46,8.32],[-82.23,8.19],[-81.94,8.19],[-81.47,7.61],[-81.18,7.61],[-81.05,7.87],[-80.94,7.16],[-80.58,7.16],[-80.37,7.36],[-80,7.42],[-80.02,7.74],[-80.32,7.94],[-80.41,8.26],[-79.98,8.32],[-79.7,8.64],[-79.71,8.84],[-79.43,8.96],[-78.91,8.9],[-78.53,8.58],[-78.52,8.45],[-78.23,8.45],[-78.29,8.13],[-78.51,8.13],[-78.34,7.68],[-78.13,7.94],[-77.85,8.13],[-77.26,8],[-77.25,7.87],[-76.82,8],[-76.83,8.19],[-77.13,8.39],[-77.22,8.64],[-77.51,8.71],[-77.99,9.29],[-78.51,9.48],[-78.95,9.48],[-78.96,9.61],[-79.69,9.61],[-79.96,9.29],[-80.53,9.16],[-81.03,8.84],[-81.47,8.84],[-81.78,9.16],[-81.84,8.96],[-82.21,9.03],[-82.31,9.48],[-82.61,9.61],[-82.84,9.8],[-82.85,9.93],[-83.23,10.19],[-83.56,10.7],[-83.58,10.96],[-83.74,11.09],[-84.03,11.02],[-84.11,11.15],[-84.26,11.15],[-84.42,11.34],[-84.44,11.6],[-84.58,11.54],[-84.68,11.79],[-84.47,11.86],[-84.48,11.99],[-84.63,12.05],[-84.68,12.56],[-84.75,12.56],[-84.78,12.89],[-84.64,12.89],[-84.73,13.14],[-84.67,13.21],[-85.03,13.85],[-85.18,13.85],[-85.5,14.11],[-85.71,14.04],[-86.17,14.24],[-86.6,14.11],[-86.9,14.17],[-87.67,13.85],[-87.98,13.98],[-88.41,13.91],[-88.91,14.36],[-89.86,14.36],[-90.11,14.56],[-90.13,14.75],[-90.28,14.75],[-90.55,15.14],[-90.8,15.33],[-90.73,15.91],[-90.43,15.91],[-90.41,16.23],[-90.45,16.49],[-90.6,16.55],[-90.58,16.87],[-90.63,17.19],[-90.55,17.19],[-90.61,17.58],[-90.54,17.58],[-90.64,18.67],[-91.07,18.99],[-91.21,18.99]]],[[[-86.44,15.78],[-87.93,15.91],[-87.99,15.78],[-87.68,15.65],[-87.57,15.39],[-86.4,15.46],[-85.85,15.71],[-85.88,15.97],[-86.44,15.78]]],[[[-77.27,17.71],[-77.05,17.71],[-77.07,17.84],[-76.86,17.9],[-76.48,17.84],[-76.12,17.9],[-76.23,18.16],[-77.01,18.48],[-78.06,18.54],[-78.39,18.29],[-78.3,18.16],[-78.08,18.16],[-77.74,17.84],[-77.37,17.84],[-77.27,17.71]]],[[[-69.08,19.38],[-69.66,19.31],[-69.86,19.7],[-70.23,19.7],[-70.77,19.89],[-70.78,19.96],[-71.67,19.96],[-71.72,19.76],[-72.4,19.83],[-72.64,19.96],[-73.23,19.96],[-73.43,19.83],[-73.41,19.64],[-72.79,19.51],[-72.71,18.93],[-72.3,18.61],[-73.17,18.48],[-74.24,18.74],[-74.44,18.61],[-74.4,18.29],[-74.18,18.29],[-73.92,18.03],[-73.7,18.03],[-73.65,18.22],[-72.1,18.22],[-71.71,18.03],[-71.59,17.71],[-71.28,17.58],[-70.99,18.22],[-70.72,18.35],[-70.55,18.22],[-69.96,18.22],[-69.84,18.41],[-69.1,18.41],[-68.56,18.22],[-68.43,18.41],[-68.29,18.41],[-68.24,18.67],[-68.56,18.86],[-68.58,18.99],[-69.49,19.12],[-69.12,19.19],[-69.08,19.38]]],[[[-72.68,18.67],[-72.79,18.93],[-73.32,18.99],[-73.3,18.86],[-72.9,18.67],[-72.68,18.67]]],[[[-86.74,20.6],[-87.02,20.47],[-86.99,20.28],[-86.7,20.34],[-86.74,20.6]]],[[[-77.64,22.14],[-78,22.08],[-78.57,22.4],[-79.25,22.46],[-79.78,22.91],[-80.47,23.04],[-80.57,23.17],[-81.08,23.11],[-81.1,23.24],[-82.29,23.24],[-82.78,23.04],[-83.23,23.04],[-84,22.79],[-84.38,22.4],[-84.32,22.08],[-84.76,22.01],[-84.8,21.82],[-84.44,21.89],[-84.27,21.76],[-84.08,21.95],[-83.92,21.89],[-83.81,22.14],[-83.23,22.21],[-83.18,22.34],[-83.03,22.34],[-82.91,22.53],[-82.64,22.66],[-81.74,22.66],[-81.64,22.46],[-82.08,22.46],[-82.05,22.27],[-80.89,22.01],[-80.37,22.01],[-79.95,21.69],[-79.65,21.69],[-79.25,21.5],[-78.66,21.56],[-78.24,20.79],[-77.93,20.66],[-77.19,20.66],[-77.14,20.34],[-77.55,20.15],[-77.68,20.02],[-77.65,19.83],[-76.91,19.83],[-76.49,19.96],[-75.75,19.96],[-75.21,19.83],[-74.07,20.15],[-74.1,20.34],[-74.32,20.34],[-74.75,20.73],[-75.5,20.79],[-75.63,21.18],[-75.99,21.11],[-76.24,21.31],[-76.77,21.37],[-76.79,21.5],[-77.03,21.56],[-77.06,21.76],[-77.52,21.89],[-77.64,22.14]]],[[[-83.04,21.95],[-83.09,21.82],[-82.95,21.44],[-82.5,21.44],[-82.49,21.82],[-82.66,21.95],[-83.04,21.95]]],[[[-78.35,22.4],[-78.2,22.4],[-78.23,22.59],[-78.6,22.53],[-78.35,22.4]]],[[[-64.09,10.51],[-64.52,10.31],[-64.37,10.12],[-64,10.19],[-64.07,10.06],[-63.7,10.06],[-63.57,10.25],[-63.14,10.38],[-63.01,10.7],[-64.03,10.7],[-64.09,10.51]]],[[[-63.84,11.21],[-64.05,11.02],[-64.35,11.09],[-64.26,10.89],[-63.97,10.83],[-63.76,10.96],[-63.84,11.21]]],[[[-68.38,12.24],[-68.29,12.05],[-68.15,12.05],[-68.16,12.24],[-68.38,12.24]]],[[[-65.55,18.41],[-66.16,18.54],[-67.26,18.48],[-67.12,17.96],[-66.23,17.9],[-65.72,17.96],[-65.52,18.16],[-65.55,18.41]]],[[[-15.3,28.12],[-15.76,28.19],[-15.83,28.06],[-15.73,27.74],[-15.36,27.8],[-15.3,28.12]]],[[[-17.18,27.99],[-17.03,28.06],[-17.12,28.25],[-17.35,28.19],[-17.18,27.99]]],[[[-16.36,28.06],[-16.37,28.19],[-16.08,28.44],[-16.09,28.57],[-16.91,28.38],[-16.65,27.93],[-16.36,28.06]]],[[[-14.12,28.38],[-14.26,28.32],[-14.32,28.06],[-13.81,28.25],[-13.77,28.77],[-14.07,28.7],[-14.12,28.38]]],[[[-17.99,28.64],[-17.9,28.51],[-17.67,28.51],[-17.71,28.89],[-18,28.83],[-17.99,28.64]]],[[[-13.85,28.83],[-13.47,28.89],[-13.42,29.22],[-13.65,29.22],[-13.86,29.02],[-13.85,28.83]]],[[[13.61,32.88],[13.3,32.88],[13.23,32.94],[13.3,32.62],[13.61,32.69],[13.61,32.88]]],[[[-2.83,35.26],[-2.84,35.45],[-2.99,35.45],[-2.98,35.26],[-2.83,35.26]]],[[[-0.91,35.64],[-0.91,35.52],[-0.67,35.45],[-0.45,35.58],[-0.53,35.71],[-0.91,35.64]]],[[[4.55,36.67],[4.86,36.67],[4.94,36.67],[5.02,36.8],[4.39,36.93],[4.55,36.67]]]]},"properties":{"NAME":"Spanish Empire","C":0,"name":"Spanish Empire","start_year":1529,"end_year":1533,"capital":"","type":"polity","region":"","event":"","source":"Cliopatria / Seshat Global History Databank (CC BY 4.0)","wikipedia":"Spanish Empire","wikidata":"Q80702","_a":3434,"_c":[-44.06,22.05],"_nz":"西班牙帝国","_sz":""}},
{"type":"Feature","geometry":{"type":"Polygon","coordinates":[[[76.34,9.35],[76.33,9.29],[76.72,8.51],[77.21,8.13],[77.27,8.13],[77.15,8.25],[77.27,9.33],[77.2,9.95],[77.27,10.37],[77.66,11.2],[78.61,11.07],[78.5,10.82],[78.73,10.75],[78.7,10.37],[79.18,9.92],[79.11,9.82],[79.3,9.93],[79.4,10.31],[79.9,10.25],[79.88,11.99],[80.3,12.63],[80.34,13.08],[80.13,13.21],[80.15,13.4],[80.3,13.46],[80.16,13.53],[80.25,13.66],[80.26,14.62],[80.19,14.62],[80.1,15.2],[80.38,15.71],[80.9,15.84],[80.94,16.16],[80.8,16.23],[80.76,16.49],[80.34,16.74],[79.9,16.74],[79.43,16.49],[79.21,16.49],[79.22,16.61],[78.7,16.55],[78.47,16.49],[78.3,16.23],[78.41,15.91],[77.45,15.84],[77.05,15.59],[76.96,15.39],[75.64,15.46],[74.52,15.26],[74.55,14.81],[74.31,14.62],[74.31,14.56],[74.66,13.59],[74.75,12.82],[75.07,12.31],[75.07,12.24],[75.29,12.31],[75.43,12.18],[75.34,11.92],[75.33,11.86],[75.59,11.41],[75.59,11.34],[75.88,11.34],[75.93,10.96],[75.86,10.96],[75.9,10.57],[76.23,9.99],[76.23,9.93],[76.45,9.99],[76.58,9.8],[76.56,9.41],[76.34,9.35]]]},"properties":{"NAME":"Vijayanagara Empire","C":6,"name":"Vijayanagara Empire","start_year":1529,"end_year":1533,"capital":"","type":"polity","region":"","event":"","source":"Cliopatria / Seshat Global History Databank (CC BY 4.0)","wikipedia":"Vijayanagara Empire","wikidata":"Q167639","_a":57,"_c":[77.63,12.43],"_nz":"毗奢耶那伽罗帝国","_sz":""}},
{"type":"Feature","geometry":{"type":"Polygon","coordinates":[[[107.51,14.56],[107.69,15.33],[107.3,15.65],[107.5,16.04],[107.15,16.16],[106.97,16.42],[106.69,16.49],[106.61,16.94],[105.21,18.35],[105.25,18.61],[105.12,18.74],[104.62,18.86],[104.51,19.06],[103.96,19.31],[104.08,19.64],[104.69,19.7],[104.95,19.96],[104.98,20.15],[104.65,20.41],[104.5,20.41],[104.82,20.99],[104.69,21.11],[104.73,21.37],[104.59,21.37],[104.56,21.69],[104.42,21.69],[104.45,21.89],[104.07,22.27],[103.96,22.53],[103.77,22.72],[103.32,22.72],[103.22,22.53],[102.92,22.53],[102.87,22.66],[102.58,22.72],[102.15,22.4],[101.72,22.46],[101.64,22.01],[101.88,21.63],[101.81,21.18],[101.36,21.18],[101.32,21.37],[101.18,21.44],[100.69,21.18],[100.64,20.86],[100.24,20.66],[100.13,20.41],[100.54,20.21],[100.6,20.09],[100.46,19.7],[100.66,19.51],[101.18,19.57],[101.4,19.06],[101.35,18.74],[101.18,18.61],[101.13,18.29],[101.27,18.22],[101.02,17.51],[101.31,17.51],[101.47,17.06],[101.61,17.06],[101.87,16.81],[102.1,16.87],[103.23,16.55],[103.06,16.36],[103.05,15.78],[103.23,15.52],[103.29,14.81],[103.61,14.49],[103.81,14.36],[104.92,14.43],[104.98,14.3],[105.28,14.3],[105.26,14.17],[105.69,14.11],[106.03,13.91],[106.17,14.43],[106.63,14.56],[106.89,14.3],[107.51,14.56]]]},"properties":{"NAME":"Lan Xang","C":5,"name":"Lan Xang","start_year":1529,"end_year":1533,"capital":"","type":"polity","region":"","event":"","source":"Cliopatria / Seshat Global History Databank (CC BY 4.0)","wikipedia":"Lan Xang","wikidata":"Q853477","_a":67,"_c":[103.91,18.31],"_nz":"澜沧王国","_sz":""}},
{"type":"Feature","geometry":{"type":"Polygon","coordinates":[[[106.65,-6.08],[106.64,-6.01],[105.91,-5.89],[105.7,-6.08],[105.71,-6.34],[105.43,-6.53],[105.37,-6.85],[105.89,-6.85],[106.18,-6.98],[106.32,-6.72],[106.23,-6.4],[106.59,-6.4],[106.57,-6.08],[106.65,-6.08]]]},"properties":{"NAME":"Sultanate of Banten","C":10,"name":"Sultanate of Banten","start_year":1529,"end_year":1555,"capital":"","type":"polity","region":"","event":"","source":"Cliopatria / Seshat Global History Databank (CC BY 4.0)","wikipedia":"Banten Sultanate","wikidata":"Q734867","_a":1,"_c":[106.01,-6.43],"_nz":"万丹苏丹国","_sz":""}},
{"type":"Feature","geometry":{"type":"Polygon","coordinates":[[[-90.8,15.33],[-90.21,15.33],[-90.07,15.91],[-90.01,16.04],[-89.99,16.42],[-89.81,16.68],[-89.1,16.87],[-88.72,17.26],[-88.42,17.26],[-88.55,17.58],[-88.17,17.51],[-88.08,18.35],[-87.91,18.22],[-87.7,18.29],[-87.73,18.48],[-87.45,19.06],[-87.49,19.31],[-87.37,19.44],[-87.39,19.57],[-87.55,19.64],[-87.29,19.89],[-87.35,20.21],[-86.71,20.86],[-86.75,21.5],[-86.92,21.63],[-87.64,21.5],[-88.48,21.63],[-89.18,21.37],[-89.98,21.31],[-90.17,21.11],[-90.32,21.11],[-90.42,20.41],[-90.49,20.41],[-90.43,20.02],[-90.74,19.7],[-90.81,19.25],[-91.23,19.06],[-91.21,18.99],[-91.07,18.99],[-90.64,18.67],[-90.54,17.58],[-90.61,17.58],[-90.55,17.19],[-90.63,17.19],[-90.58,16.87],[-90.6,16.55],[-90.45,16.49],[-90.41,16.23],[-90.43,15.91],[-90.73,15.91],[-90.8,15.33]]]},"properties":{"NAME":"Later Mayan City-States","C":2,"name":"Later Mayan City-States","start_year":1529,"end_year":1533,"capital":"","type":"polity","region":"","event":"","source":"Cliopatria / Seshat Global History Databank (CC BY 4.0)","wikipedia":"Maya civilization","wikidata":"Q28567","_a":28,"_c":[-88.97,18.48],"_nz":"后期玛雅城邦","_sz":""}},
{"type":"Feature","geometry":{"type":"MultiPolygon","coordinates":[[[[16.31,47.66],[16.14,47.53],[16.12,47.07],[16.03,46.81],[15.86,46.55],[15.94,46.41],[16.18,46.41],[16.44,46.61],[17.15,46.02],[17.55,45.89],[17.46,45.63],[17.04,45.3],[17.12,45.17],[17.36,45.17],[18.33,44.91],[18.4,44.78],[18.72,44.71],[18.96,44.52],[19.12,44.52],[19.13,44.71],[19.38,44.84],[19.39,45.04],[19.07,45.24],[19.08,45.37],[18.76,45.5],[17.89,46.22],[17.9,46.41],[17.27,46.94],[17.27,47.07],[16.56,47.66],[16.31,47.66]]],[[[24.91,47.8],[24.59,47.93],[24.69,48.13],[24.37,48.26],[24.38,48.39],[24.05,48.46],[23.67,48.79],[22.93,48.92],[22.78,49.12],[22.52,49.05],[21.8,49.38],[20.71,49.38],[20.7,49.25],[20.45,49.25],[20.21,49.38],[19.87,49.18],[19.47,49.58],[19.13,49.45],[18.88,49.52],[18.38,49.45],[17.94,48.99],[17.43,48.79],[17.01,48.79],[16.83,48.46],[16.99,48.32],[17.06,47.93],[17.38,47.73],[17.38,47.6],[17.78,47.27],[17.93,47.07],[18.41,46.74],[18.48,46.48],[19.27,45.82],[19.26,45.69],[19.58,45.56],[20.2,44.97],[20.52,44.97],[20.59,44.78],[20.75,44.71],[21.41,44.84],[21.88,44.65],[21.95,44.52],[22.28,44.52],[22.53,44.71],[22.74,45.3],[22.51,45.5],[22.34,45.5],[22.45,45.89],[22.38,46.09],[22.88,46.15],[22.98,46.35],[22.66,46.48],[22.61,46.87],[22.45,47.01],[22.95,47.07],[23.39,47.47],[23.81,47.6],[23.83,47.73],[24.23,47.6],[24.89,47.66],[24.91,47.8]]]]},"properties":{"NAME":"Kingdom of Hungary","C":10,"name":"Kingdom of Hungary","start_year":1529,"end_year":1533,"capital":"","type":"polity","region":"","event":"","source":"Cliopatria / Seshat Global History Databank (CC BY 4.0)","wikipedia":"Kingdom of Hungary","wikidata":"Q171150","_a":46,"_c":[20.38,47.05],"_nz":"匈牙利王国","_sz":""}},
{"type":"Feature","geometry":{"type":"MultiPolygon","coordinates":[[[[100.75,3.82],[100.81,3.56],[101.23,3.18],[101.22,2.79],[101.64,2.54],[101.72,2.54],[102.02,2.79],[102.1,3.05],[101.89,3.18],[101.84,3.63],[101.7,3.76],[101.4,3.69],[101.26,3.82],[101.11,3.69],[100.98,3.89],[100.75,3.82]]],[[[101.53,4.85],[101.69,4.98],[101.91,4.98],[102.19,4.91],[102.49,5.04],[102.35,5.17],[102.36,5.36],[102.22,5.43],[102.25,5.88],[102.4,6.01],[102.41,6.07],[102.13,6.26],[102.05,6.26],[101.88,5.75],[101.73,5.75],[101.78,5.3],[101.55,5.11],[101.53,4.85]]]]},"properties":{"NAME":"Sultanate of Malacca","C":8,"name":"Sultanate of Malacca","start_year":1529,"end_year":1551,"capital":"","type":"polity","region":"","event":"","source":"Cliopatria / Seshat Global History Databank (CC BY 4.0)","wikipedia":"Malacca Sultanate","wikidata":"Q46652","_a":6,"_c":[101.62,4.4],"_nz":"马六甲苏丹国","_sz":""}},
{"type":"Feature","geometry":{"type":"MultiPolygon","coordinates":[[[[4.4,46.09],[4.23,46.35],[3.99,46.28],[4.08,45.96],[4.4,46.09]]],[[[5.37,46.35],[5.38,46.28],[5.87,46.28],[5.87,46.35],[6.51,46.87],[6.5,46.94],[6.83,47.07],[6.83,47.2],[6.99,47.27],[6.98,47.53],[7.4,47.47],[7.56,47.6],[7.47,48.06],[7.22,48.06],[7.06,47.93],[6.31,47.93],[6.14,47.99],[5.82,47.86],[5.82,47.73],[5.58,47.66],[5.59,47.14],[5.43,47.07],[5.37,46.35]]],[[[8.21,48.13],[8.21,48.26],[7.79,48.32],[7.63,48.26],[7.64,47.8],[7.89,47.66],[7.56,47.53],[7.65,47.4],[8.06,47.33],[8.22,47.66],[8.13,48.13],[8.21,48.13]]],[[[6.35,49.58],[6.34,49.78],[6.59,49.98],[6.58,50.11],[6.07,50.25],[6.15,50.51],[5.97,50.78],[6.04,51.31],[5.79,51.25],[5.72,50.85],[5.73,50.45],[5.23,50.31],[5.06,50.45],[5.05,50.71],[5.22,50.71],[5.21,50.98],[5.37,51.25],[5.78,51.38],[5.78,51.51],[6.12,51.51],[5.94,51.71],[6.02,51.92],[6.53,51.85],[6.7,51.98],[6.95,52.25],[6.94,52.38],[6.77,52.52],[6.51,52.52],[6.43,52.38],[6.09,52.38],[5.99,52.72],[6.34,52.79],[6.33,52.99],[6.16,53.06],[6.23,53.46],[5.54,53.39],[5.21,53.12],[5.39,52.99],[5.48,52.72],[5.65,52.65],[5.75,52.32],[5.93,52.25],[5.59,52.05],[5,52.05],[5.07,52.32],[4.89,52.45],[5.06,52.52],[5.06,52.65],[4.79,52.99],[4.53,52.86],[4.46,52.52],[4.22,52.32],[4.22,52.18],[3.81,51.92],[3.74,51.65],[3.4,51.65],[3.41,51.51],[3.16,51.45],[2.58,51.18],[2.07,51.11],[2.01,50.85],[2.02,50.65],[1.85,50.58],[1.87,50.38],[2.55,50.11],[3.73,50.11],[3.72,50.38],[4.06,50.31],[4.15,50.05],[4.15,49.98],[4.41,49.98],[4.39,50.25],[4.73,50.25],[5.17,49.85],[5.17,49.78],[5.35,49.32],[5.69,49.32],[5.6,49.52],[5.93,49.58],[6.02,49.38],[5.85,49.32],[5.86,49.18],[6.27,49.25],[6.36,49.25],[6.26,49.52],[6.35,49.58]]],[[[9.04,47.73],[9.29,47.8],[9.29,47.99],[8.96,47.99],[8.88,47.73],[9.04,47.73]]],[[[10.53,48.19],[10.53,48.26],[10.2,48.26],[10.12,48.06],[10.36,47.99],[10.53,48.19]]],[[[10.03,48.26],[9.95,48.46],[9.45,48.46],[9.45,48.19],[9.78,48.32],[10.03,48.26]]]]},"properties":{"NAME":"Habsburg Monarchy","C":1,"name":"Habsburg Monarchy","start_year":1529,"end_year":1539,"capital":"","type":"polity","region":"","event":"","source":"Cliopatria / Seshat Global History Databank (CC BY 4.0)","wikipedia":"Habsburg Austria","wikidata":"Q66504140","_a":110,"_c":[9.17,49.71],"_nz":"哈布斯堡君主国","_sz":""}},
{"type":"Feature","geometry":{"type":"MultiPolygon","coordinates":[[[[26.22,38.55],[25.91,38.67],[25.88,38.16],[26.11,38.16],[26.22,38.55]]],[[[9.49,42.76],[9.49,43.02],[9.25,43.02],[9.17,42.76],[8.77,42.69],[8.53,42.5],[8.54,42.11],[8.78,41.72],[8.78,41.52],[9.1,41.33],[9.26,41.39],[9.58,41.98],[9.57,42.76],[9.49,42.76]]],[[[7.31,43.8],[8.11,43.99],[8.19,44.12],[7.63,44.12],[7.63,43.99],[7.39,43.93],[7.31,43.8]]],[[[8.43,44.45],[9.16,44.45],[9.73,44.12],[9.64,44.52],[9.32,44.71],[8.99,44.71],[8.91,44.58],[8.59,44.65],[8.43,44.52],[8.43,44.45]]]]},"properties":{"NAME":"Republic of Genoa","C":9,"name":"Republic of Genoa","start_year":1529,"end_year":1539,"capital":"","type":"polity","region":"","event":"","source":"Cliopatria / Seshat Global History Databank (CC BY 4.0)","wikipedia":"Republic of Genoa","wikidata":"Q174306","_a":124,"_c":[16.73,41.44],"_nz":"热那亚共和国","_sz":""}},
{"type":"Feature","geometry":{"type":"Polygon","coordinates":[[[10.45,45.17],[9.88,45.3],[9.72,45.56],[9.47,45.56],[9.31,45.69],[9.31,45.89],[9.47,46.02],[9.39,46.22],[9.22,46.22],[8.9,45.89],[8.65,46.15],[8.49,46.15],[8.49,46.35],[8.32,46.41],[7.92,45.96],[8.01,45.69],[8.33,45.76],[8.58,45.56],[8.58,45.3],[8.34,45.24],[8.34,45.1],[7.94,44.78],[7.94,44.71],[7.94,44.65],[8.02,44.52],[8.43,44.52],[8.59,44.65],[8.91,44.58],[8.99,44.71],[9.32,44.71],[9.24,44.78],[9.23,45.1],[9.32,45.17],[9.97,45.17],[10.37,44.97],[10.45,45.1],[10.45,45.17]]]},"properties":{"NAME":"Duchy of Milan","C":9,"name":"Duchy of Milan","start_year":1529,"end_year":1533,"capital":"","type":"polity","region":"","event":"","source":"Cliopatria / Seshat Global History Databank (CC BY 4.0)","wikipedia":"Duchy of Milan","wikidata":"Q153529","_a":5,"_c":[9.18,45.47],"_nz":"米兰公国","_sz":""}},
{"type":"Feature","geometry":{"type":"Polygon","coordinates":[[[73.33,34.49],[73.25,34.49],[71.65,34.87],[71.66,35.52],[71.04,36.16],[70.97,36.48],[70.99,37.13],[70.88,37.32],[70.15,37.51],[70.17,37.58],[69.55,37.58],[69.35,37.13],[69.12,37.13],[69.01,37.32],[68.51,37.19],[68.71,37.06],[68.68,36.93],[68.88,36.8],[68.62,36.1],[68.42,36.22],[67.38,36.1],[66.96,36.29],[66.33,36.22],[65.18,33.46],[64.76,32.94],[64.67,32.49],[64.6,32.49],[63.89,29.41],[63.97,29.41],[64.53,29.6],[65.12,29.54],[66.32,29.86],[66.62,30.31],[67.38,30.31],[67.74,30.63],[67.89,31.01],[68.3,31.14],[68.48,30.89],[68.63,30.89],[68.88,30.63],[69.07,29.99],[69.33,29.79],[69.32,29.28],[69.46,29.22],[69.41,28.96],[69.57,28.57],[69.61,27.87],[69.84,27.42],[70.14,27.42],[70.48,27.22],[73.29,26.9],[74.52,26.64],[76.65,26.77],[76.93,26.64],[76.77,26.13],[76.76,25.62],[77.03,25.42],[77.35,25.55],[77.57,25.49],[77.55,24.33],[77.93,23.81],[78.42,23.56],[79.3,23.49],[80.59,23.62],[81.67,23.88],[82.64,23.88],[82.82,24.14],[83.2,24.14],[83.37,24.78],[83.32,24.91],[83.48,25.04],[84.71,25.23],[84.79,25.23],[84.96,25.81],[84.9,25.87],[84.23,25.94],[84.26,26.07],[83.75,26.58],[83.47,26.71],[83.25,26.71],[82.69,26.97],[82.17,26.97],[81.68,27.16],[81.37,27.16],[81.49,27.35],[81.42,27.42],[80.3,27.87],[80.05,28.12],[79.76,28.19],[79.71,28.32],[79.49,28.32],[78.93,28.57],[78.54,28.89],[78.12,29.02],[77.8,29.34],[77.51,29.41],[77.48,29.6],[77.34,29.67],[77.23,29.86],[77.31,30.24],[77.52,30.5],[77.5,30.76],[77.72,31.08],[78.22,31.27],[78.45,31.59],[78.04,31.79],[77.3,31.91],[77.04,32.11],[76.52,32.17],[76.4,32.3],[75.33,32.3],[75.21,32.43],[74.4,32.56],[74.21,32.75],[73.63,32.88],[73.51,33.01],[73.42,33.91],[73.34,33.91],[73.33,34.49]]]},"properties":{"NAME":"Mughal Empire","C":0,"name":"Mughal Empire","start_year":1529,"end_year":1533,"capital":"","type":"polity","region":"","event":"","source":"Cliopatria / Seshat Global History Databank (CC BY 4.0)","wikipedia":"Mughal Empire","wikidata":"Q33296","_a":297,"_c":[74.43,30.53],"_nz":"莫卧儿帝国","_sz":""}},
{"type":"Feature","geometry":{"type":"Polygon","coordinates":[[[97.16,17.9],[97.15,18.35],[96.89,18.54],[97.23,19.89],[97.42,20.15],[97.41,20.6],[97.21,20.73],[97.23,20.86],[96.92,21.24],[96.77,21.24],[96.51,21.5],[96.06,21.5],[95.85,21.05],[95.36,20.73],[95.29,19.76],[95.36,19.76],[95.36,19.25],[95.81,18.74],[95.95,18.74],[96.41,18.29],[96.39,18.16],[96.53,18.09],[96.5,17.9],[97.16,17.9]]]},"properties":{"NAME":"First Toungoo Empire","C":1,"name":"First Toungoo Empire","start_year":1529,"end_year":1539,"capital":"","type":"polity","region":"","event":"","source":"Cliopatria / Seshat Global History Databank (CC BY 4.0)","wikipedia":"First Toungoo Empire","wikidata":"Q23039102","_a":8,"_c":[96.36,19.7],"_nz":"东吁第一帝国","_sz":""}},
{"type":"Feature","geometry":{"type":"Polygon","coordinates":[[[11.12,51.31],[10.61,51.38],[10.1,51.18],[9.94,50.91],[10.36,50.85],[10.53,50.65],[10.78,50.85],[10.61,51.05],[10.36,51.11],[10.53,51.25],[11.12,51.05],[11.29,50.78],[11.03,50.71],[10.86,50.51],[10.36,50.51],[10.36,50.18],[10.69,50.05],[11.11,50.11],[11.28,50.25],[11.2,50.51],[11.54,50.51],[11.71,50.71],[11.96,50.71],[11.96,50.31],[12.12,50.25],[12.38,50.38],[12.8,50.38],[13.05,50.58],[14.15,50.85],[14.33,50.98],[14.33,51.25],[13.91,51.38],[14.09,51.58],[14.26,51.58],[14.1,51.85],[13.76,51.85],[13.42,52.05],[12.4,52.18],[12.15,52.12],[12.23,51.92],[12.4,51.85],[12.31,51.58],[11.97,51.58],[12.05,51.38],[11.88,51.31],[11.37,51.31],[11.54,51.51],[11.38,51.71],[10.87,51.65],[10.87,51.45],[11.21,51.51],[11.12,51.38],[11.12,51.31]],[[12.64,51.38],[12.73,51.45],[12.9,51.45],[12.9,51.31],[12.64,51.38]],[[12.63,50.65],[12.55,50.91],[12.81,50.98],[12.72,50.71],[12.63,50.65]],[[12.22,51.05],[11.88,51.11],[12.05,51.31],[12.22,51.31],[12.22,51.05]],[[13.67,51.65],[13.24,51.71],[13.25,51.85],[13.5,51.85],[13.67,51.78],[13.67,51.65]]]},"properties":{"NAME":"Electorate of Saxony","C":1,"name":"Electorate of Saxony","start_year":1529,"end_year":1546,"capital":"","type":"polity","region":"","event":"","source":"Cliopatria / Seshat Global History Databank (CC BY 4.0)","wikipedia":"Electorate of Saxony","wikidata":"Q156199","_a":9,"_c":[12.14,51.11],"_nz":"萨克森选侯国","_sz":""}},
{"type":"Feature","geometry":{"type":"MultiPolygon","coordinates":[[[[27.74,35.9],[28.14,36.03],[28.25,36.48],[28.02,36.48],[27.69,36.29],[27.74,35.9]]],[[[25.99,37.51],[26.3,37.58],[26.31,37.71],[26.08,37.71],[25.99,37.51]]],[[[26.25,38.93],[26.64,39],[26.51,39.32],[26.04,39.38],[25.79,39.19],[26.1,39.13],[26.25,38.93]]],[[[24.97,39.84],[25.45,39.84],[25.46,40.03],[25.07,40.03],[24.97,39.84]]],[[[25.72,40.29],[25.7,40.1],[26.02,40.16],[26.04,40.29],[25.72,40.29]]],[[[24.49,40.81],[24.55,40.55],[24.79,40.61],[24.81,40.81],[24.49,40.81]]],[[[37.1,18.74],[37.24,18.61],[37.54,18.61],[37.62,18.8],[37.34,19.12],[37.1,18.74]]],[[[22.53,44.71],[22.28,44.52],[21.95,44.52],[21.88,44.65],[21.41,44.84],[20.75,44.71],[20.59,44.78],[20.52,44.97],[20.2,44.97],[19.58,45.56],[19.26,45.69],[19.27,45.82],[18.48,46.48],[18.41,46.74],[17.93,47.07],[17.78,47.27],[17.38,47.6],[17.38,47.73],[17.06,47.93],[16.99,48.32],[16.83,48.46],[16.17,48.52],[15.92,48.32],[15.91,47.99],[16.31,47.66],[16.56,47.66],[17.27,47.07],[17.27,46.94],[17.9,46.41],[17.89,46.22],[18.76,45.5],[19.08,45.37],[19.07,45.24],[19.39,45.04],[19.38,44.84],[19.13,44.71],[19.12,44.52],[18.96,44.52],[18.72,44.71],[18.4,44.78],[18.33,44.91],[17.36,45.17],[17.28,45.04],[16.54,45.04],[16.29,44.84],[16.29,44.58],[16.52,44.45],[16.52,44.32],[16.19,44.25],[15.88,44.71],[15.48,44.65],[15.23,44.45],[15.23,44.32],[15.55,44.25],[15.7,44.06],[16.82,43.73],[17.05,43.47],[17.37,43.21],[17.52,43.08],[17.52,43.02],[18.08,43.02],[18.31,42.69],[18.71,42.82],[18.78,42.5],[19.16,42.17],[19.4,42.11],[19.39,41.91],[19.54,41.78],[19.45,41.52],[19.44,41.26],[19.5,40.87],[19.25,40.74],[19.25,40.61],[19.49,40.61],[19.47,40.29],[19.63,40.29],[20.01,39.97],[19.92,39.71],[20.15,39.71],[20.3,39.38],[20.91,39.06],[20.74,38.8],[20.97,38.74],[21.19,38.42],[21.74,38.35],[21.73,38.16],[21.42,38.16],[21.24,37.84],[21.7,37.51],[21.68,37.19],[21.74,36.87],[21.9,36.87],[21.91,37.06],[22.22,37.06],[22.36,36.67],[22.51,36.67],[22.6,36.87],[22.83,36.87],[23.06,36.67],[22.85,37.25],[22.7,37.32],[22.71,37.58],[23.1,37.51],[23.17,37.32],[23.4,37.32],[23.34,37.64],[23.11,37.64],[23.04,37.9],[23.21,38.03],[23.44,38.03],[23.98,37.84],[24,38.22],[24.16,38.22],[24.18,38.55],[24.03,38.67],[23.56,38.74],[23.63,38.48],[23.31,38.48],[23.17,38.67],[22.94,38.74],[23.03,38.93],[23.33,38.8],[23.49,38.87],[22.96,39.13],[22.8,39.06],[22.82,39.38],[23.14,39.45],[22.61,39.9],[22.54,40.1],[22.56,40.36],[22.65,40.61],[22.89,40.61],[22.88,40.48],[23.27,40.29],[23.74,40.23],[23.84,40.55],[23.68,40.61],[23.7,40.81],[24.01,40.74],[24.35,41],[25.38,41],[26.08,40.87],[26.14,40.61],[26.63,40.74],[26.92,40.48],[27.02,40.68],[27.53,41.07],[28.08,41],[28.17,41.13],[28.63,41],[29.12,41.07],[29.1,40.94],[29.25,40.81],[29.48,40.74],[28.91,40.61],[28.9,40.48],[29.05,40.36],[27.94,40.36],[27.7,40.29],[27.47,40.42],[26.67,40.36],[26.6,40.48],[26.27,40.29],[26.13,39.51],[26.85,39.58],[26.74,39.26],[26.89,39.19],[26.96,39],[26.85,38.61],[27.08,38.55],[27.06,38.35],[26.59,38.35],[26.54,38.61],[26.38,38.67],[26.43,38.22],[26.82,38.22],[26.89,38.09],[27.28,38.03],[27.16,37.58],[27.31,37.45],[27.54,37.38],[27.6,37.13],[28.07,37.13],[28.14,37.06],[28.03,36.67],[28.19,36.67],[28.36,36.87],[28.59,36.87],[28.74,36.74],[29.12,36.74],[29.24,36.22],[29.94,36.22],[30.03,36.35],[30.49,36.35],[30.62,36.93],[31.09,36.93],[32.07,36.61],[32.5,36.22],[32.56,36.03],[32.71,36.03],[33.27,36.22],[33.98,36.29],[34.25,36.67],[34.58,36.87],[34.89,36.87],[34.95,36.67],[35.11,36.74],[35.33,36.61],[35.49,36.61],[35.83,36.93],[36.14,36.93],[36.29,36.8],[36.26,36.61],[35.84,36.29],[35.99,36.22],[35.84,35.58],[35.99,35.52],[35.93,34.87],[36.07,34.74],[36.05,34.55],[35.79,34.29],[35.64,34.36],[35.68,33.97],[35.45,33.91],[35.5,33.65],[35.35,33.65],[35.4,33.39],[35.22,33.07],[35.06,33.01],[35.02,32.62],[34.77,32.36],[34.81,31.98],[34.57,31.85],[34.63,31.66],[34.31,31.4],[34.3,31.27],[33.98,31.14],[32.83,31.01],[32.77,31.14],[32.53,31.08],[32,31.08],[31.88,31.46],[31.27,31.46],[30.97,31.53],[30.81,31.46],[30.35,31.46],[30.34,31.27],[29.88,31.27],[29.87,31.08],[29.63,30.95],[29.49,31.01],[29.4,30.82],[28.87,30.82],[28.5,31.01],[27.51,31.14],[27.3,31.34],[26.85,31.46],[25.25,31.46],[25.1,31.59],[25.11,31.79],[24.89,31.98],[24.13,31.98],[23.68,32.17],[23.3,32.17],[23.08,32.36],[23.09,32.62],[21.88,32.94],[21.41,32.75],[21.11,32.81],[20.87,32.62],[20.33,32.49],[20.25,32.24],[20.09,32.11],[20,31.59],[20.21,31.27],[20.13,31.14],[20.2,30.89],[19.97,30.69],[19.96,30.56],[19.66,30.37],[19.27,30.24],[18.89,30.31],[18.81,30.05],[19.5,30.12],[19.65,30.24],[20.95,30.56],[21.94,30.56],[22.54,30.44],[22.92,30.31],[23.51,29.99],[24.26,29.79],[24.33,29.67],[24.78,29.54],[24.85,29.34],[25,29.41],[25.15,29.28],[25.37,29.28],[25.59,28.96],[27.14,28.25],[28.15,27.35],[28.27,26.58],[28.35,26.58],[28.24,25.94],[28.29,25.16],[28.57,24.65],[28.79,24.52],[28.78,24.39],[29.15,24.07],[29.14,23.94],[29.58,23.62],[29.57,23.49],[30.01,23.11],[30.16,23.11],[30.74,22.66],[31.32,22.4],[31.17,22.27],[31.23,22.01],[31.46,22.08],[31.69,22.34],[32.06,22.21],[33.62,22.27],[35.05,22.59],[35.66,22.98],[35.81,22.91],[35.55,23.69],[35.56,23.94],[35.85,23.88],[35.86,24.01],[35.15,24.65],[34.61,25.81],[34.46,25.87],[34.2,26.52],[34.05,26.58],[34.07,26.97],[33.93,27.03],[33.8,27.42],[33.59,27.61],[33.61,27.99],[33.11,28.38],[32.84,28.89],[32.69,28.96],[32.44,29.79],[32.59,29.73],[32.86,29.22],[33.15,29.02],[33.19,28.51],[33.4,28.32],[33.55,28.32],[33.62,28.12],[34.12,27.74],[34.35,27.74],[34.36,27.93],[34.52,28.06],[34.75,29.28],[34.91,29.41],[34.85,28.57],[34.61,28.25],[34.59,28.06],[35.05,28.12],[35.41,27.87],[35.47,27.61],[35.61,27.54],[35.67,27.29],[36.16,26.77],[36.43,26.19],[36.72,26],[36.77,25.68],[37.27,25.23],[37.33,24.97],[37.18,24.91],[37.17,24.78],[37.39,24.65],[37.44,24.33],[38.03,24.14],[38.6,23.62],[38.87,23.04],[38.86,22.85],[39.14,22.53],[39.03,21.76],[39.17,21.63],[39.15,21.18],[39.35,20.79],[39.84,20.28],[40.14,20.28],[40.56,19.83],[40.85,19.7],[40.84,19.51],[40.99,19.44],[41.04,19.12],[41.25,18.86],[41.24,18.61],[41.45,18.48],[41.78,17.84],[42.28,17.45],[42.34,17.13],[42.82,16.61],[42.78,15.84],[42.71,15.84],[42.75,15.14],[42.89,15.07],[42.95,14.88],[43.06,13.98],[43.26,13.72],[43.24,13.08],[43.45,12.89],[43.44,12.69],[44.61,12.69],[44.61,12.76],[44.63,13.08],[44.78,13.21],[45.22,13.21],[45.29,13.01],[45.36,13.01],[45.74,13.34],[46.18,13.4],[46.12,13.53],[46.58,13.91],[47.06,14.69],[46.95,15.33],[46.74,15.59],[46.83,15.78],[46.61,15.84],[46.48,16.16],[46.49,16.36],[46.35,16.42],[46.16,16.94],[46.02,17],[45.82,17.39],[45.83,17.51],[45.34,18.03],[45.35,18.16],[44.79,18.67],[44.8,18.8],[44.58,18.93],[44.52,19.19],[44.38,19.25],[43.98,20.02],[43.83,19.96],[43.69,20.09],[43.69,20.21],[43.27,20.6],[43.14,20.92],[42.78,21.18],[42.45,21.82],[42.17,22.08],[42.17,22.21],[41.41,23.11],[40.87,24.14],[40.52,24.52],[40.39,24.91],[40.25,24.97],[39.92,25.74],[39.78,25.81],[39.58,26.26],[39.44,26.32],[39.04,27.09],[38.9,27.16],[38.91,27.29],[38.76,27.35],[38.7,27.61],[38.42,27.87],[38.36,28.06],[38.22,28.19],[38.23,28.32],[38.01,28.44],[37.97,28.83],[37.68,28.96],[37.22,29.86],[37.16,30.05],[37.31,30.89],[37.83,31.66],[38.07,31.72],[38.01,31.91],[38.91,33.2],[39.5,33.71],[40.96,34.36],[40.96,34.42],[40.77,34.74],[40.55,34.81],[40.51,35.13],[39.88,35.71],[39.13,35.9],[38.13,35.97],[38.09,36.29],[38.26,36.35],[38.38,36.74],[37.96,37.13],[37.99,37.38],[38.08,37.51],[38.4,37.51],[38.9,37.84],[39.14,37.84],[39.48,38.03],[40.88,38.03],[40.98,38.16],[41,38.87],[41.08,38.87],[41.24,39.38],[41.58,39.58],[41.9,39.58],[42.26,39.9],[42.65,39.84],[42.75,39.97],[43.13,39.9],[43.63,40.03],[44.03,40.55],[43.9,40.68],[43.93,40.87],[43.73,41.52],[43.2,41.72],[42.62,41.59],[42.44,41.46],[41.58,41.52],[41.31,41.33],[41.16,41.39],[41.05,41.2],[40.37,40.94],[39.74,40.94],[39.05,41.13],[38.78,40.94],[38.3,40.87],[38.16,41],[37.83,40.94],[37.77,41.07],[37.21,41.07],[36.77,41.33],[36.21,41.26],[35.95,41.72],[35.31,41.65],[35.09,41.78],[35.12,42.04],[34.88,42.04],[34.78,41.91],[32.63,41.91],[32.69,41.78],[32.03,41.52],[31.53,41.39],[31.18,41.07],[30.62,41.07],[30.48,41.2],[28.96,41.13],[28.98,41.26],[28.35,41.39],[28.22,41.65],[27.98,41.65],[28,41.91],[27.78,42.11],[27.8,42.24],[27.49,42.43],[27.51,42.63],[27.85,42.76],[27.8,43.15],[27.9,43.28],[28.23,43.34],[28.16,43.47],[28.48,43.47],[28.62,43.99],[28.54,43.99],[28.58,44.39],[28.84,44.58],[28.8,44.97],[29.05,44.97],[29.02,44.78],[29.53,44.91],[29.67,45.43],[29.61,45.69],[29.86,45.69],[30.4,46.09],[30.42,46.28],[30.27,46.41],[30.02,46.41],[29.65,46.74],[29.57,46.74],[28.89,46.48],[28.44,46.15],[28.51,46.02],[28.33,45.89],[28.31,45.69],[28.15,45.69],[28.12,45.43],[27.86,45.3],[27.85,45.17],[28,45.04],[27.97,44.78],[27.8,44.71],[27.94,44.52],[27.83,44.19],[27.49,44.06],[26.28,44.06],[25.85,43.73],[25.43,43.6],[24.88,43.73],[24.15,43.67],[23.6,43.86],[22.95,43.8],[22.89,44.12],[22.5,44.32],[22.53,44.71]]],[[[33.56,44.71],[33.52,44.45],[33.93,44.45],[34.38,44.78],[34.95,44.84],[35.39,45.04],[35.4,45.1],[34.57,44.97],[34.03,44.65],[33.56,44.71]]],[[[36.23,45.24],[36.38,45.17],[36.42,45.43],[36.26,45.43],[36.23,45.24]]],[[[39.22,47.01],[39.48,47.07],[39.53,47.33],[39.39,47.47],[39.3,47.47],[39.13,47.4],[39.27,47.27],[39.22,47.01]]]]},"properties":{"NAME":"Ottoman Empire","C":6,"name":"Ottoman Empire","start_year":1529,"end_year":1533,"capital":"","type":"polity","region":"","event":"","source":"Cliopatria / Seshat Global History Databank (CC BY 4.0)","wikipedia":"Ottoman Empire","wikidata":"Q12560","_a":1140,"_c":[31.15,30.61],"_nz":"奥斯曼帝国","_sz":""}},
{"type":"Feature","geometry":{"type":"Polygon","coordinates":[[[78.93,33.52],[78.85,33.52],[78.87,33.91],[79.02,34.16],[79.01,34.42],[78.17,34.74],[78.17,35],[78.06,35.45],[77.56,35.32],[76.88,34.81],[76.74,34.87],[75.73,34.55],[75.36,34.61],[75.29,34.94],[74.52,34.94],[74.49,35.13],[74.19,35.13],[74.15,35],[73.64,34.81],[73.61,34.68],[73.33,34.49],[73.34,33.91],[73.42,33.91],[73.51,33.01],[73.63,32.88],[74.21,32.75],[74.4,32.56],[75.21,32.43],[75.33,32.3],[76.4,32.3],[76.52,32.17],[77.04,32.11],[77.3,31.91],[78.04,31.79],[78.45,31.59],[78.75,31.59],[78.75,31.91],[78.56,32.04],[78.53,32.56],[78.7,32.62],[78.8,32.43],[79.02,32.36],[79.35,32.49],[79.57,32.75],[79.39,32.94],[79.42,33.07],[79.18,33.33],[79.03,33.33],[78.93,33.52]]]},"properties":{"NAME":"Kashmiri Sultanate","C":9,"name":"Kashmiri Sultanate","start_year":1529,"end_year":1539,"capital":"","type":"polity","region":"","event":"","source":"Cliopatria / Seshat Global History Databank (CC BY 4.0)","wikipedia":"Kashmir Sultanate","wikidata":"Q123027565","_a":24,"_c":[76.45,33.52],"_nz":"克什米尔苏丹国","_sz":""}},
{"type":"Feature","geometry":{"type":"Polygon","coordinates":[[[7.7,44.84],[7.53,45.04],[7.61,45.3],[7.93,45.24],[8.34,45.24],[8.58,45.3],[8.58,45.56],[8.33,45.76],[8.01,45.69],[7.92,45.96],[7.1,45.89],[6.94,45.96],[6.93,46.15],[6.93,46.28],[7.17,46.41],[7.09,46.55],[6.68,46.61],[6.75,46.81],[6.67,46.87],[6.51,46.87],[5.87,46.35],[5.87,46.28],[5.38,46.28],[5.37,46.35],[4.97,46.28],[4.9,45.96],[5.06,45.89],[5.07,45.69],[5.48,45.69],[5.65,45.43],[6.13,45.56],[6.31,45.1],[6.63,45.1],[6.64,44.97],[6.97,44.78],[7.37,44.71],[7.46,44.39],[7.22,44.19],[6.9,44.32],[6.9,44.19],[6.66,43.99],[6.67,43.67],[6.91,43.54],[7.23,43.8],[7.31,43.8],[7.39,43.93],[7.63,43.99],[7.63,44.12],[7.7,44.52],[7.7,44.84]]]},"properties":{"NAME":"County of Savoy","C":7,"name":"County of Savoy","start_year":1529,"end_year":1533,"capital":"","type":"polity","region":"","event":"","source":"Cliopatria / Seshat Global History Databank (CC BY 4.0)","wikipedia":"County of Savoy","wikidata":"Q1232887","_a":12,"_c":[6.74,45.21],"_nz":"萨伏依伯国","_sz":""}},
{"type":"Feature","geometry":{"type":"Polygon","coordinates":[[[109.41,-7.24],[108.68,-7.24],[108.09,-7.11],[108.07,-6.79],[108.21,-6.72],[108.05,-6.46],[108.11,-6.27],[107.53,-6.21],[107.37,-6.01],[107,-5.89],[106.86,-6.01],[106.65,-6.08],[106.57,-6.08],[106.59,-6.4],[106.23,-6.4],[106.32,-6.72],[106.18,-6.98],[106.33,-7.04],[106.28,-7.43],[106.43,-7.49],[107.16,-7.49],[108.14,-7.88],[108.78,-7.69],[109.82,-7.94],[109.89,-7.94],[110.01,-7.56],[109.65,-7.49],[109.41,-7.24]]]},"properties":{"NAME":"Sunda Kingdom","C":0,"name":"Sunda Kingdom","start_year":1529,"end_year":1571,"capital":"","type":"polity","region":"","event":"","source":"Cliopatria / Seshat Global History Databank (CC BY 4.0)","wikipedia":"Sunda Kingdom","wikidata":"Q1469742","_a":8,"_c":[108.1,-6.91],"_nz":"巽他王国","_sz":""}},
{"type":"Feature","geometry":{"type":"Polygon","coordinates":[[[22.74,45.3],[22.53,44.71],[22.5,44.32],[22.89,44.12],[22.95,43.8],[23.6,43.86],[24.15,43.67],[24.88,43.73],[25.43,43.6],[25.85,43.73],[26.28,44.06],[27.49,44.06],[27.83,44.19],[27.94,44.52],[27.8,44.71],[27.97,44.78],[28,45.04],[27.85,45.17],[27.86,45.3],[27.63,45.43],[26.42,45.5],[26.24,45.37],[26.1,45.63],[25.85,45.5],[25.44,45.5],[25.35,45.37],[25.04,45.63],[24.63,45.63],[24.14,45.5],[23.48,45.5],[23.47,45.37],[23.14,45.24],[22.74,45.3]]]},"properties":{"NAME":"Principality of Wallachia","C":11,"name":"Principality of Wallachia","start_year":1529,"end_year":1539,"capital":"","type":"polity","region":"","event":"","source":"Cliopatria / Seshat Global History Databank (CC BY 4.0)","wikipedia":"Wallachia","wikidata":"Q171393","_a":11,"_c":[25.25,44.62],"_nz":"瓦拉几亚公国","_sz":""}},
{"type":"Feature","geometry":{"type":"Polygon","coordinates":[[[29.22,47.27],[28.98,47.33],[28.93,47.6],[29.03,47.73],[28.88,47.86],[28.56,47.93],[28.42,48.19],[27.54,48.46],[27.39,48.65],[25.98,48.65],[25.51,48.92],[25.25,48.79],[25.56,48.59],[25.54,48.39],[25.01,48.06],[24.91,47.8],[24.89,47.66],[25.02,47.2],[25.67,47.14],[25.73,46.87],[25.97,46.81],[25.94,46.55],[26.48,46.15],[26.44,45.76],[26.1,45.63],[26.24,45.37],[26.42,45.5],[27.63,45.43],[27.86,45.3],[28.12,45.43],[28.15,45.69],[28.31,45.69],[28.33,45.89],[28.51,46.02],[28.44,46.15],[28.89,46.48],[29.57,46.74],[29.35,46.94],[29.36,47.07],[29.22,47.27]]]},"properties":{"NAME":"Principality of Moldavia","C":8,"name":"Principality of Moldavia","start_year":1529,"end_year":1539,"capital":"","type":"polity","region":"","event":"","source":"Cliopatria / Seshat Global History Databank (CC BY 4.0)","wikipedia":"Moldavia","wikidata":"Q10957559","_a":17,"_c":[27.24,47.11],"_nz":"摩尔达维亚公国","_sz":""}},
{"type":"Feature","geometry":{"type":"MultiPolygon","coordinates":[[[[119.69,5.04],[120.14,5.17],[120.15,5.36],[119.7,5.17],[119.69,5.04]]],[[[121.35,5.81],[121.36,6.01],[120.85,6.07],[120.84,5.88],[121.35,5.81]]],[[[121.85,6.78],[121.76,6.46],[121.97,6.39],[122.19,6.46],[122.29,6.71],[121.85,6.78]]]]},"properties":{"NAME":"Sultanate of Sulu","C":11,"name":"Sultanate of Sulu","start_year":1529,"end_year":1672,"capital":"","type":"polity","region":"","event":"","source":"Cliopatria / Seshat Global History Databank (CC BY 4.0)","wikipedia":"Sultanate of Sulu","wikidata":"Q422065","_a":5,"_c":[120.99,5.91],"_nz":"苏禄苏丹国","_sz":""}},
{"type":"Feature","geometry":{"type":"Polygon","coordinates":[[[15.65,52.32],[15.57,52.65],[16.1,52.86],[16.02,53.12],[16.3,53.53],[16.48,53.6],[16.4,53.8],[16.41,54],[15.98,54.07],[15.97,53.73],[15.7,53.66],[15.78,53.46],[15.44,53.53],[15.26,53.26],[14.82,53.19],[14.48,53.06],[14.23,53.26],[14.32,53.39],[13.9,53.73],[13.55,53.66],[13.2,53.33],[12.17,53.39],[11.91,53.6],[11.74,53.6],[11.56,53.39],[11.31,53.46],[11.13,53.33],[11.22,53.06],[11.04,52.86],[11.13,52.52],[12.33,52.65],[12.58,52.45],[12.4,52.18],[13.42,52.05],[13.43,52.18],[13.94,52.32],[14.36,52.12],[15.04,52.05],[15.13,52.25],[15.47,52.18],[15.65,52.32]]]},"properties":{"NAME":"Electorate of Brandenburg","C":11,"name":"Electorate of Brandenburg","start_year":1529,"end_year":1551,"capital":"","type":"polity","region":"","event":"","source":"Cliopatria / Seshat Global History Databank (CC BY 4.0)","wikipedia":"Margraviate of Brandenburg","wikidata":"Q148499","_a":12,"_c":[13.76,53],"_nz":"勃兰登堡选侯国","_sz":""}},
{"type":"Feature","geometry":{"type":"Polygon","coordinates":[[[10.53,46.55],[10.45,46.94],[9.96,46.87],[9.63,47.14],[9.54,47.14],[9.46,47.27],[9.62,47.47],[9.62,47.53],[9.04,47.73],[8.88,47.73],[8.55,47.73],[8.47,47.6],[8.22,47.66],[8.06,47.33],[7.65,47.4],[7.56,47.53],[7.56,47.6],[7.4,47.47],[6.98,47.53],[6.99,47.27],[6.83,47.2],[6.83,47.14],[7.08,46.94],[6.75,46.81],[6.68,46.61],[7.09,46.55],[7.17,46.41],[7.26,46.35],[6.93,46.15],[6.94,45.96],[7.1,45.89],[7.92,45.96],[8.32,46.41],[8.49,46.35],[8.49,46.15],[8.65,46.15],[8.9,45.89],[9.22,46.22],[9.39,46.22],[9.47,46.02],[10.12,46.02],[10.37,46.35],[10.53,46.28],[10.53,46.48],[10.53,46.55]]]},"properties":{"NAME":"Swiss Confederation","C":2,"name":"Swiss Confederation","start_year":1529,"end_year":1539,"capital":"","type":"polity","region":"","event":"","source":"Cliopatria / Seshat Global History Databank (CC BY 4.0)","wikipedia":"Switzerland","wikidata":"Q39","_a":7,"_c":[8.6,46.81],"_nz":"瑞士邦联","_sz":""}},
{"type":"Feature","geometry":{"type":"Polygon","coordinates":[[[40.32,11.79],[40.25,11.79],[40,12.76],[39.85,12.82],[39.79,13.01],[39.81,13.59],[39.67,13.72],[39.88,15.07],[39.73,15.2],[39.68,15.52],[39.46,15.71],[39.47,15.91],[39.27,16.23],[39.22,16.81],[39.08,16.94],[38.68,16.29],[38.53,16.23],[38.29,15.71],[38.14,15.65],[37.87,14.69],[37.56,14.17],[37.62,13.91],[37.31,13.34],[37.16,13.34],[37.22,13.14],[37,12.89],[36.91,12.44],[36.75,12.24],[36.8,11.41],[36.65,11.28],[36.71,11.09],[36.48,10.83],[36.48,10.64],[36.77,10.44],[37.28,10.38],[37.48,9.93],[37.47,9.61],[37.09,9.16],[37.15,8.77],[37.36,8.51],[37.28,8.32],[37.5,8.26],[37.49,8],[37.27,7.94],[37.18,7.36],[37.47,7.29],[37.54,7.16],[37.91,7.16],[37.98,7.04],[38.12,7.04],[38.27,7.23],[38.42,7.23],[38.49,7.1],[38.64,7.16],[38.7,6.84],[38.55,6.71],[39.06,6.46],[39.05,6.14],[39.19,6.07],[39.26,5.81],[39.61,5.56],[39.76,5.62],[39.83,5.43],[40.27,5.43],[40.71,5.81],[41,5.75],[41.22,5.56],[41.3,5.94],[40.8,6.33],[40.81,6.52],[40.95,6.52],[41.03,6.78],[41.18,6.84],[41.25,6.52],[41.6,6.2],[41.75,6.33],[41.68,6.52],[41.76,6.65],[42.05,6.65],[42.14,7.04],[42.29,7.16],[42.29,7.42],[42.08,7.61],[42.1,8.13],[42.26,8.58],[42.11,8.58],[41.96,8.39],[41.59,8.39],[41.23,8.51],[41.24,8.64],[41.03,8.84],[40.81,8.84],[39.54,8.06],[39.18,8.19],[39.26,8.51],[40.67,9.29],[40.61,9.54],[40.55,9.8],[40.52,11.09],[40.32,11.54],[40.32,11.79]]]},"properties":{"NAME":"Ethiopian Empire","C":11,"name":"Ethiopian Empire","start_year":1529,"end_year":1533,"capital":"","type":"polity","region":"","event":"","source":"Cliopatria / Seshat Global History Databank (CC BY 4.0)","wikipedia":"Ethiopian Empire","wikidata":"Q207521","_a":67,"_c":[39.39,11.19],"_nz":"埃塞俄比亚帝国","_sz":""}},
{"type":"Feature","geometry":{"type":"Polygon","coordinates":[[[109.32,12.56],[109.47,12.56],[109.51,12.95],[109.33,13.27],[109.35,14.04],[109.18,14.36],[109.16,14.75],[108.97,15.01],[109.02,15.33],[108.68,15.52],[108.7,15.65],[108.37,15.91],[108.33,16.16],[108.14,16.36],[107.84,16.36],[107.86,16.49],[107.65,16.55],[107.67,16.68],[107.48,16.87],[107.33,16.87],[107.1,17.26],[106.75,17.39],[106.77,17.51],[106.52,17.77],[106.57,18.09],[106.29,18.22],[106.18,18.41],[105.73,18.86],[105.97,19.83],[106.54,20.15],[106.69,20.6],[106.83,20.6],[106.88,20.86],[107.42,20.99],[107.79,21.44],[108.1,21.5],[107.97,21.63],[107.59,21.56],[107.46,21.69],[107.24,21.69],[106.71,22.08],[106.61,22.34],[106.77,22.85],[106.71,22.91],[106.33,22.85],[106.2,22.98],[105.75,22.98],[105.44,23.3],[105.21,23.3],[104.96,23.11],[104.84,22.85],[104.52,22.72],[104.15,22.79],[103.96,22.53],[104.07,22.27],[104.45,21.89],[104.42,21.69],[104.56,21.69],[104.59,21.37],[104.73,21.37],[104.69,21.11],[104.82,20.99],[104.5,20.41],[104.65,20.41],[104.98,20.15],[104.95,19.96],[104.69,19.7],[104.08,19.64],[103.96,19.31],[104.51,19.06],[104.62,18.86],[105.12,18.74],[105.25,18.61],[105.21,18.35],[106.61,16.94],[106.69,16.49],[106.97,16.42],[107.15,16.16],[107.5,16.04],[107.3,15.65],[107.69,15.33],[107.51,14.56],[107.38,14.11],[107.62,13.66],[107.64,13.27],[108.45,13.27],[108.65,13.08],[108.75,12.69],[108.96,12.63],[109.03,12.63],[109.34,12.69],[109.32,12.56]]]},"properties":{"NAME":"Đại Việt","C":8,"name":"Đại Việt","start_year":1529,"end_year":1533,"capital":"","type":"polity","region":"","event":"","source":"Cliopatria / Seshat Global History Databank (CC BY 4.0)","wikipedia":"Mạc dynasty","wikidata":"Q1317991","_a":60,"_c":[106.74,17.93],"_nz":"大越","_sz":""}},
{"type":"Feature","geometry":{"type":"Polygon","coordinates":[[[42.26,8.58],[42.4,8.58],[42.63,8.84],[43.67,9.29],[43.68,9.41],[43.9,9.48],[44.05,9.67],[44.49,9.8],[44.72,10.06],[44.87,10.06],[45.1,10.38],[45.11,10.51],[44.37,10.44],[44.08,10.57],[43.73,10.96],[43.67,11.21],[43.25,11.6],[42.73,11.6],[42.81,11.73],[43.48,11.99],[43.5,12.31],[43.22,12.63],[43.15,12.89],[42.86,12.95],[40.33,11.86],[40.32,11.79],[40.32,11.54],[40.52,11.09],[40.55,9.8],[40.61,9.54],[40.67,9.29],[39.26,8.51],[39.18,8.19],[39.54,8.06],[40.81,8.84],[41.03,8.84],[41.24,8.64],[41.23,8.51],[41.59,8.39],[41.96,8.39],[42.11,8.58],[42.26,8.58]]]},"properties":{"NAME":"Adal Sultanate","C":9,"name":"Adal Sultanate","start_year":1529,"end_year":1533,"capital":"","type":"polity","region":"","event":"","source":"Cliopatria / Seshat Global History Databank (CC BY 4.0)","wikipedia":"Adal Sultanate","wikidata":"Q2365048","_a":29,"_c":[42.15,10.51],"_nz":"阿达尔苏丹国","_sz":""}},
{"type":"Feature","geometry":{"type":"Polygon","coordinates":[[[101.7,3.76],[101.7,3.89],[101.57,4.21],[101.43,4.27],[101.53,4.85],[101.55,5.11],[101.78,5.3],[101.73,5.75],[101.45,5.88],[101.14,5.62],[101,5.69],[100.91,5.36],[100.68,5.17],[100.6,5.17],[100.38,5.04],[100.37,4.85],[100.51,4.79],[100.48,4.21],[100.68,3.82],[100.75,3.82],[100.98,3.89],[101.11,3.69],[101.26,3.82],[101.4,3.69],[101.7,3.76]]]},"properties":{"NAME":"Sultanate of Perak","C":7,"name":"Sultanate of Perak","start_year":1529,"end_year":1571,"capital":"","type":"polity","region":"","event":"","source":"Cliopatria / Seshat Global History Databank (CC BY 4.0)","wikipedia":"Sultan of Perak","wikidata":"Q2649311","_a":3,"_c":[101.08,4.79],"_nz":"霹雳苏丹国","_sz":""}},
{"type":"Feature","geometry":{"type":"Polygon","coordinates":[[[-101.13,20.21],[-101.21,20.21],[-101.76,20.41],[-103.77,20.41],[-104.1,20.21],[-104,19.7],[-103.79,19.38],[-103.39,19.25],[-103.36,19.44],[-103.22,19.51],[-102.99,19.44],[-102.86,19.19],[-102.7,19.12],[-103.07,18.74],[-102.97,18.54],[-102.65,18.41],[-102.6,18.54],[-102.18,18.67],[-102.2,18.41],[-102.41,18.35],[-102.51,18.09],[-102.26,17.9],[-101.9,17.96],[-101.73,17.84],[-101.59,17.9],[-101.56,18.16],[-100.69,18.22],[-100.43,18.41],[-100.49,18.74],[-100.35,18.8],[-100.37,19.31],[-100.3,19.31],[-100.39,19.83],[-101.13,20.21]]]},"properties":{"NAME":"Michoacán","C":1,"name":"Michoacán","start_year":1529,"end_year":1533,"capital":"","type":"polity","region":"","event":"","source":"Cliopatria / Seshat Global History Databank (CC BY 4.0)","wikipedia":"Michoacán","wikidata":"Q79861","_a":10,"_c":[-102.2,19.13],"_nz":"米却肯","_sz":""}},
{"type":"Feature","geometry":{"type":"MultiPolygon","coordinates":[[[[104.34,0.03],[104.34,-0.29],[104.12,-0.36],[104.13,-0.61],[104.42,-0.68],[104.49,-0.36],[104.92,-0.36],[104.92,-0.23],[104.55,0.03],[104.34,0.03]]],[[[104.44,-1.64],[104.44,-1.58],[104.21,-1],[103.62,-1],[103.33,-0.74],[103.32,-0.42],[103.61,-0.36],[103.61,-0.23],[103.39,-0.16],[103.75,-0.04],[103.6,0.35],[103.32,0.54],[103.1,0.54],[102.95,0.41],[102.96,0.8],[103.11,0.93],[102.83,1.12],[102.39,1.12],[102.41,1.57],[101.68,1.64],[101.7,2.09],[101.41,2.15],[101.26,2.02],[100.91,2.34],[100.69,2.34],[100.68,2.15],[100.39,2.21],[100.26,2.6],[100.04,2.6],[100.18,2.28],[100.09,1.89],[100.23,1.83],[100.29,1.51],[99.85,1.31],[99.99,1.19],[99.89,0.48],[100.04,0.35],[100.26,0.41],[100.61,0.22],[100.7,0.03],[100.63,-0.16],[100.78,-0.42],[101.37,-0.87],[101.66,-0.94],[101.74,-1.19],[102.1,-1.32],[102.7,-1.9],[102.99,-1.96],[103.15,-2.41],[103.29,-2.41],[103.43,-2.09],[103.86,-1.77],[104.44,-1.64]]],[[[103.18,0.86],[103.18,0.67],[103.39,0.67],[103.4,0.86],[103.18,0.86]]],[[[104.21,1.19],[104.13,0.93],[104.28,0.93],[104.34,0.8],[104.49,0.8],[104.57,1.12],[104.21,1.19]]],[[[103.77,1.12],[103.77,0.93],[104.06,0.99],[104.07,1.19],[103.92,1.25],[103.77,1.12]]],[[[104.06,2.92],[103.98,2.73],[104.2,2.73],[104.21,2.86],[104.06,2.92]]],[[[102.42,2.02],[102.63,1.76],[103.06,1.64],[103.28,1.44],[103.27,1.31],[103.56,1.38],[103.63,1.25],[103.85,1.25],[103.93,1.38],[104.22,1.38],[104.23,1.7],[103.95,2.09],[103.83,2.54],[103.4,2.86],[103.37,3.63],[103.48,4.4],[103.17,5.36],[102.48,6.01],[102.4,6.01],[102.25,5.88],[102.22,5.43],[102.36,5.36],[102.35,5.17],[102.49,5.04],[102.19,4.91],[101.91,4.98],[101.69,4.98],[101.53,4.85],[101.43,4.27],[101.57,4.21],[101.7,3.89],[101.7,3.76],[101.84,3.63],[101.89,3.18],[102.1,3.05],[102.39,2.99],[102.67,2.73],[102.58,2.41],[102.42,2.02]]],[[[108.04,3.82],[108.1,3.63],[108.32,3.69],[108.34,4.08],[107.98,4.14],[107.9,3.89],[108.04,3.82]]]]},"properties":{"NAME":"Sultanate of Johor","C":10,"name":"Sultanate of Johor","start_year":1529,"end_year":1608,"capital":"","type":"polity","region":"","event":"","source":"Cliopatria / Seshat Global History Databank (CC BY 4.0)","wikipedia":"Johor Sultanate","wikidata":"Q1150344","_a":71,"_c":[104.1,1.8],"_nz":"柔佛苏丹国","_sz":""}},
{"type":"Feature","geometry":{"type":"Polygon","coordinates":[[[73.69,39.45],[73.89,39.58],[73.95,40.03],[73.82,40.1],[73.85,40.68],[73.73,40.81],[73.82,41.07],[73.63,41.46],[73.61,41.85],[73.38,42.11],[72.74,42.11],[72.31,42.24],[70.81,41.59],[70.75,41.39],[70.55,41.26],[69.37,41.07],[68.72,40.48],[68.28,40.36],[63.73,42.43],[63.22,41.78],[62.38,41.33],[62.37,41],[62.3,40.74],[62.4,40.55],[62.32,40.23],[62.69,39.84],[62.65,39.71],[63.09,39.26],[63.25,39.26],[63.42,39],[63.84,38.8],[64.01,38.55],[64.37,38.42],[64.66,38.03],[65.24,37.84],[65.63,37.51],[65.94,37.51],[65.91,37.38],[66.17,37.19],[66.22,36.74],[66.36,36.67],[66.33,36.22],[66.96,36.29],[67.38,36.1],[68.42,36.22],[68.62,36.1],[68.88,36.8],[68.68,36.93],[68.71,37.06],[68.51,37.19],[69.01,37.32],[69.12,37.13],[69.35,37.13],[69.55,37.58],[70.17,37.58],[70.28,37.71],[70.16,37.84],[70.21,38.03],[70.39,38.09],[70.42,38.22],[70.71,38.42],[71.26,38.42],[71.61,38.55],[72.49,39.38],[73.1,39.32],[73.3,39.45],[73.69,39.45]]]},"properties":{"NAME":"Khanate of Bukhara","C":7,"name":"Khanate of Bukhara","start_year":1529,"end_year":1533,"capital":"","type":"polity","region":"","event":"","source":"Cliopatria / Seshat Global History Databank (CC BY 4.0)","wikipedia":"Khanate of Bukhara","wikidata":"Q577668","_a":74,"_c":[68.13,39.27],"_nz":"布哈拉汗国","_sz":""}},
{"type":"Feature","geometry":{"type":"Polygon","coordinates":[[[84.79,25.23],[84.78,25.16],[84.36,24.39],[84.01,24.07],[83.95,23.69],[84,22.98],[84.15,22.98],[84.28,22.85],[84.26,22.66],[84.99,22.01],[85.33,21.76],[85.39,21.11],[85.52,20.99],[85.97,20.99],[86.25,20.86],[86.12,20.41],[85.97,20.41],[85.55,20.02],[85.5,19.64],[86.42,19.89],[86.44,20.02],[86.84,20.28],[86.79,20.47],[87.03,20.6],[86.96,21.18],[86.98,21.37],[87.76,21.63],[88.1,21.95],[88.13,21.63],[88.35,21.56],[88.51,21.69],[88.64,22.08],[88.72,22.08],[88.73,21.63],[89.1,21.63],[89.12,21.76],[89.71,21.76],[89.87,21.82],[89.9,22.01],[90.23,21.76],[90.43,22.08],[90.65,22.08],[90.86,22.01],[90.94,22.53],[90.8,22.59],[90.64,23.04],[90.69,23.81],[90.61,23.81],[90.52,25.04],[90.36,25.42],[90.39,26],[90.02,26],[89.6,26.19],[89.15,26.19],[88.88,26.32],[88.35,26.32],[88.23,26.45],[87.24,26.39],[87.25,26.45],[86.65,26.45],[86.31,26.64],[85.79,26.64],[85.74,26.77],[85.27,26.71],[85,26.84],[84.9,25.87],[84.96,25.81],[84.79,25.23]]]},"properties":{"NAME":"Sultanate of Bengal","C":7,"name":"Sultanate of Bengal","start_year":1529,"end_year":1533,"capital":"","type":"polity","region":"","event":"","source":"Cliopatria / Seshat Global History Databank (CC BY 4.0)","wikipedia":"Bengal Sultanate","wikidata":"Q4083686","_a":51,"_c":[87.41,23.24],"_nz":"孟加拉苏丹国","_sz":""}},
{"type":"Feature","geometry":{"type":"Polygon","coordinates":[[[95.06,17.64],[95.04,18.03],[95.16,18.35],[94.96,18.54],[94.83,19.64],[94.33,20.79],[94.33,22.79],[94.07,23.04],[93.42,23.17],[93.34,23.17],[93.23,22.91],[93.19,22.14],[93.02,22.01],[92.73,22.08],[92.69,21.31],[92.33,21.37],[92.35,20.99],[92.25,20.79],[92.63,20.34],[92.85,20.34],[92.83,20.15],[93.06,20.21],[93.02,19.96],[93.4,20.02],[93.38,19.89],[93.6,19.89],[93.58,19.7],[93.8,19.7],[93.68,19.38],[93.51,19.25],[93.76,18.93],[93.54,18.93],[93.51,18.74],[93.8,18.67],[93.83,18.86],[94.12,18.86],[94.23,18.54],[94.36,18.48],[94.52,18.03],[94.53,17.58],[94.61,17.58],[94.43,16.81],[94.57,16.81],[95.06,17.64]]]},"properties":{"NAME":"Kingdom of Mrauk U","C":3,"name":"Kingdom of Mrauk U","start_year":1529,"end_year":1533,"capital":"","type":"polity","region":"","event":"","source":"Cliopatria / Seshat Global History Databank (CC BY 4.0)","wikipedia":"Kingdom of Mrauk U","wikidata":"Q10791211","_a":19,"_c":[93.71,19.99],"_nz":"妙乌王国","_sz":""}},
{"type":"Feature","geometry":{"type":"MultiPolygon","coordinates":[[[[1.66,39],[1.65,39.13],[1.26,39.13],[1.18,39.06],[1.27,38.8],[1.43,38.8],[1.66,39]]],[[[3.2,39.84],[3.19,39.97],[2.88,39.97],[2.34,39.64],[2.35,39.45],[2.66,39.51],[2.82,39.32],[3.3,39.32],[3.52,39.77],[3.2,39.84]]],[[[-1.68,43.28],[-1.77,43.41],[-3.3,43.34],[-3.47,43.47],[-4.99,43.41],[-5.65,43.54],[-7.18,43.54],[-7.28,43.73],[-8.24,43.73],[-8.39,43.6],[-8.37,43.41],[-8.85,43.41],[-9.3,43.15],[-9.08,42.56],[-8.66,42.37],[-8.96,42.17],[-8.93,41.91],[-8.47,42.11],[-8.15,42.11],[-8.22,41.98],[-8.12,41.78],[-6.7,41.98],[-6.35,41.65],[-6.25,41.46],[-6.63,41.26],[-6.7,41.13],[-6.93,41],[-6.87,40.36],[-7.01,40.23],[-6.84,40.03],[-6.9,39.77],[-7.44,39.64],[-7.42,39.45],[-6.99,39.06],[-7.19,38.67],[-7.24,38.35],[-6.99,38.16],[-7.14,38.09],[-7.28,37.84],[-7.5,37.71],[-7.48,37.38],[-7.39,37.25],[-6.84,37.25],[-6.59,37],[-6.43,37],[-6.06,36.22],[-5.83,36.22],[-5.58,36.03],[-5.52,36.16],[-5.29,36.22],[-5.23,36.48],[-4.69,36.55],[-4.47,36.74],[-2.68,36.74],[-2.53,36.87],[-2.06,36.8],[-1.86,37.32],[-1.71,37.45],[-0.7,37.64],[-0.8,38.03],[-0.66,38.29],[0.1,38.74],[-0.31,39.13],[-0.35,39.71],[-0.2,39.97],[0.18,40.16],[0.25,40.42],[0.47,40.61],[0.71,40.68],[0.7,40.94],[1.24,41.2],[2.11,41.33],[2.33,41.59],[2.57,41.59],[3.12,41.91],[3.18,42.37],[3.01,42.56],[2.99,43.02],[2.59,42.95],[2.52,42.82],[2.04,42.69],[1.66,42.43],[1.49,42.5],[1.4,42.69],[1.07,42.82],[0.99,42.82],[0.67,42.82],[0.68,42.76],[0.04,42.69],[-1.02,43.02],[-1.03,43.08],[-1.43,43.08],[-1.44,43.28],[-1.68,43.28]]],[[[3.83,39.9],[4.3,39.84],[4.22,40.1],[3.74,40.1],[3.83,39.9]]],[[[7.86,44.84],[7.7,44.84],[7.78,44.45],[7.94,44.65],[7.94,44.71],[7.86,44.84]]],[[[14.34,35.84],[14.57,35.77],[14.57,35.97],[14.34,36.03],[14.34,35.84]]],[[[13.79,41.2],[13.95,41.13],[14.1,40.87],[14.42,40.87],[14.42,40.68],[14.89,40.68],[15.04,40.23],[15.2,40.23],[15.43,40.03],[15.75,40.03],[15.67,39.9],[15.9,39.77],[16.27,38.74],[15.95,38.67],[15.86,38.29],[14.76,38.16],[14.6,38.03],[13.67,37.96],[13.35,38.16],[13.12,38.16],[13.04,38.03],[12.65,38.09],[12.49,37.9],[12.49,37.71],[13.19,37.58],[13.58,37.25],[14.28,37.13],[14.66,36.74],[15.05,36.74],[15.21,37.19],[15.06,37.25],[15.07,37.64],[15.39,38.16],[15.62,38.16],[15.7,37.96],[15.93,37.96],[16.49,38.42],[16.5,38.8],[17.14,39.06],[17.07,39.38],[16.92,39.51],[16.45,39.64],[16.46,39.97],[16.7,40.1],[16.62,40.29],[16.86,40.29],[17.03,40.55],[17.35,40.55],[17.42,40.36],[17.81,40.36],[18.11,39.9],[18.35,39.9],[18.36,40.29],[17.98,40.61],[17.51,40.74],[17.44,40.87],[16.73,41.2],[15.94,41.39],[15.87,41.72],[16.11,41.78],[16.12,41.91],[15.24,41.91],[15.17,42.04],[14.92,41.98],[14.37,42.24],[13.9,42.76],[13.91,42.95],[13.58,42.89],[13.34,42.69],[13.1,42.69],[12.86,42.5],[13.01,42.04],[13.33,41.98],[13.41,41.85],[13.8,41.85],[13.96,41.72],[14.04,41.52],[13.79,41.2]]],[[[9.82,40.74],[9.5,41.2],[9.02,41.26],[8.55,40.87],[8.15,40.94],[8.16,40.55],[8.32,40.48],[8.4,40.29],[8.32,39.97],[8.48,39.9],[8.41,39.51],[8.33,39.51],[8.34,39],[8.73,38.87],[8.97,38.87],[9.12,39.19],[9.59,39.13],[9.67,39.64],[9.75,39.64],[9.67,40.29],[9.82,40.36],[9.82,40.74]]],[[[18.88,49.52],[19.24,49.85],[19.17,50.05],[19.19,50.38],[19.03,50.58],[18.7,50.71],[18.71,50.85],[18.05,51.11],[17.97,51.25],[17.55,51.25],[17.32,51.71],[16.98,51.71],[16.72,51.58],[16.56,51.71],[16.13,51.71],[16.14,51.85],[15.81,52.12],[15.65,52.32],[15.47,52.18],[15.13,52.25],[15.04,52.05],[14.36,52.12],[13.94,52.32],[13.43,52.18],[13.42,52.05],[13.76,51.85],[14.1,51.85],[14.26,51.58],[14.33,51.25],[14.33,50.98],[14.15,50.85],[13.05,50.58],[12.8,50.38],[12.38,50.38],[12.12,50.25],[12.12,50.18],[12.37,49.98],[12.37,49.71],[12.53,49.52],[13.03,49.25],[13.36,48.99],[13.61,48.92],[14.1,48.65],[13.85,48.46],[13.18,48.06],[13.18,47.93],[13.42,47.66],[13.41,47.27],[13.66,47.27],[13.74,47.07],[13.08,47.01],[12.83,47.14],[12.18,47.07],[12.18,47.27],[12.51,47.4],[12.51,47.66],[11.6,47.6],[11.19,47.4],[10.61,47.6],[10.45,47.6],[10.37,47.33],[10.12,47.33],[9.95,47.53],[9.62,47.53],[9.62,47.47],[9.54,47.27],[9.54,47.2],[9.63,47.14],[9.96,46.87],[10.45,46.94],[10.53,46.55],[11.19,46.61],[11.27,46.41],[11.52,46.61],[12.09,46.68],[13.56,46.55],[13.4,46.35],[13.48,46.15],[13.31,46.09],[13.31,45.82],[13.71,45.76],[13.71,45.5],[14.12,45.5],[13.79,45.24],[14.03,45.04],[14.19,45.04],[14.2,45.37],[14.6,45.37],[14.6,45.17],[14.92,44.97],[14.91,44.58],[15.15,44.45],[15.23,44.45],[15.48,44.65],[15.88,44.71],[16.19,44.25],[16.52,44.32],[16.52,44.45],[16.29,44.58],[16.29,44.84],[16.54,45.04],[17.28,45.04],[17.36,45.17],[17.12,45.17],[17.04,45.3],[17.46,45.63],[17.55,45.89],[17.15,46.02],[16.44,46.61],[16.18,46.41],[15.94,46.41],[15.86,46.55],[16.03,46.81],[16.12,47.07],[16.14,47.53],[16.31,47.66],[15.91,47.99],[15.92,48.32],[16.17,48.52],[16.83,48.46],[17.01,48.79],[17.43,48.79],[17.94,48.99],[18.38,49.45],[18.88,49.52]]],[[[13.67,51.65],[13.67,51.78],[13.5,51.85],[13.25,51.85],[13.24,51.71],[13.67,51.65]]]]},"properties":{"NAME":"Kingdom of Spain","C":1,"name":"Kingdom of Spain","start_year":1529,"end_year":1533,"capital":"","type":"polity","region":"","event":"","source":"Cliopatria / Seshat Global History Databank (CC BY 4.0)","wikipedia":"Spain","wikidata":"Q29","_a":472,"_c":[4.97,44.05],"_nz":"西班牙王国","_sz":""}},
{"type":"Feature","geometry":{"type":"Polygon","coordinates":[[[26.1,45.63],[26.44,45.76],[26.48,46.15],[25.94,46.55],[25.97,46.81],[25.73,46.87],[25.67,47.14],[25.02,47.2],[24.89,47.66],[24.23,47.6],[23.83,47.73],[23.81,47.6],[23.39,47.47],[22.95,47.07],[22.45,47.01],[22.61,46.87],[22.66,46.48],[22.98,46.35],[22.88,46.15],[22.38,46.09],[22.45,45.89],[22.34,45.5],[22.51,45.5],[22.74,45.3],[23.14,45.24],[23.47,45.37],[23.48,45.5],[24.14,45.5],[24.63,45.63],[25.04,45.63],[25.35,45.37],[25.44,45.5],[25.85,45.5],[26.1,45.63]]]},"properties":{"NAME":"Eastern Hungarian Kingdom","C":2,"name":"Eastern Hungarian Kingdom","start_year":1529,"end_year":1539,"capital":"","type":"polity","region":"","event":"","source":"Cliopatria / Seshat Global History Databank (CC BY 4.0)","wikipedia":"Eastern Hungarian Kingdom","wikidata":"Q625380","_a":10,"_c":[24.41,46.49],"_nz":"东匈牙利王国","_sz":""}}
]}