{"type":"FeatureCollection", "features": [
{"type":"Feature","geometry":{"type":"Polygon","coordinates":[[[-87.69,13.34],[-87.75,13.85],[-88.49,13.91],[-88.9,14.3],[-89.28,14.43],[-89.43,14.43],[-89.68,14.04],[-89.96,13.98],[-90.08,13.72],[-90.07,13.66],[-89.76,13.46],[-89.24,13.46],[-88.85,13.21],[-87.74,13.14],[-87.69,13.34]]]},"properties":{"NAME":"Republic of El Salvador","C":10,"name":"Republic of El Salvador","start_year":1840,"end_year":1978,"capital":"","type":"polity","region":"","event":"","source":"Cliopatria / Seshat Global History Databank (CC BY 4.0)","wikipedia":"El Salvador","wikidata":"Q792","_a":3,"_c":[-88.86,13.79],"_nz":"萨尔瓦多共和国","_sz":""}},
{"type":"Feature","geometry":{"type":"Polygon","coordinates":[[[-53.53,-33.79],[-53.68,-33.46],[-53.57,-33.01],[-53.28,-32.76],[-53.53,-32.5],[-53.68,-32.5],[-53.71,-32.31],[-54.02,-31.99],[-54.45,-31.86],[-54.75,-31.47],[-55.39,-31.28],[-55.68,-30.89],[-55.85,-30.96],[-55.88,-31.09],[-56.11,-31.09],[-56.11,-30.77],[-56.36,-30.51],[-56.71,-30.38],[-56.88,-30.12],[-57.76,-30.32],[-57.94,-30.44],[-58.13,-31.6],[-58.05,-31.6],[-58.33,-32.11],[-58.22,-32.31],[-58.33,-32.76],[-58.21,-32.89],[-58.26,-33.08],[-58.43,-33.14],[-58.63,-33.91],[-58.47,-34.17],[-58.39,-34.17],[-58.09,-34.49],[-57.4,-34.49],[-57.13,-34.62],[-57.08,-34.75],[-56.56,-34.82],[-56.38,-35.01],[-56.04,-34.88],[-54.82,-34.94],[-54.03,-34.56],[-53.71,-34.24],[-53.53,-33.79]]]},"properties":{"NAME":"Oriental Republic of Uruguay","C":1,"name":"Oriental Republic of Uruguay","start_year":1866,"end_year":2023,"capital":"","type":"polity","region":"","event":"","source":"Cliopatria / Seshat Global History Databank (CC BY 4.0)","wikipedia":"Uruguay","wikidata":"Q77","_a":26,"_c":[-55.95,-32.56],"_nz":"乌拉圭东岸共和国","_sz":""}},
{"type":"Feature","geometry":{"type":"MultiPolygon","coordinates":[[[[-56.72,1.89],[-56.13,1.83],[-55.99,1.96],[-56.21,2.15],[-56.21,2.34],[-56.06,2.47],[-55.55,2.41],[-55.33,2.54],[-54.97,2.54],[-54.61,2.34],[-54.46,2.41],[-54.24,2.79],[-54.24,3.24],[-54.1,3.37],[-54.1,3.69],[-54.32,3.82],[-54.47,4.14],[-54.48,4.98],[-54.41,5.17],[-54.12,5.36],[-54.06,5.75],[-54.21,5.94],[-54.94,6.07],[-55.09,6.07],[-55.16,5.94],[-55.89,6.01],[-55.96,5.81],[-56.47,6.01],[-57.12,5.94],[-57.19,5.62],[-57.33,5.49],[-57.33,5.04],[-57.91,4.91],[-57.9,4.53],[-58.11,4.21],[-58.11,3.89],[-57.67,3.37],[-57.3,3.24],[-57.23,2.79],[-56.94,2.47],[-56.94,2.15],[-56.72,1.89]]],[[[-69.11,12.18],[-68.95,12.05],[-68.66,11.99],[-68.74,12.18],[-69.12,12.37],[-69.11,12.18]]],[[[-68.16,12.24],[-68.39,12.31],[-68.29,12.05],[-68.15,12.05],[-68.16,12.24]]],[[[-70.02,12.56],[-69.93,12.37],[-69.78,12.37],[-69.87,12.56],[-70.02,12.56]]],[[[-63.16,18.22],[-63.14,18.03],[-62.93,18.09],[-63.16,18.22]]]]},"properties":{"NAME":"Netherlands Antilles","C":0,"name":"Netherlands Antilles","start_year":1877,"end_year":2023,"capital":"","type":"polity","region":"","event":"","source":"Cliopatria / Seshat Global History Databank (CC BY 4.0)","wikipedia":"Netherlands Antilles","wikidata":"Q25227","_a":262,"_c":[-62.04,10.02],"_nz":"荷属安的列斯","_sz":""}},
{"type":"Feature","geometry":{"type":"MultiPolygon","coordinates":[[[[168.24,-16.36],[168.11,-16.11],[167.83,-16.17],[167.78,-16.3],[167.96,-16.43],[168.24,-16.36]]],[[[167.34,-16.62],[167.77,-16.56],[167.71,-16.3],[167.16,-15.85],[167.02,-15.85],[167.09,-16.17],[167.25,-16.24],[167.34,-16.62]]],[[[167.84,-15.27],[167.56,-15.34],[167.69,-15.59],[167.88,-15.46],[167.84,-15.27]]],[[[166.32,-14.69],[166.5,-15.21],[166.47,-15.4],[166.6,-15.66],[167.05,-15.66],[167.02,-15.53],[167.15,-15.46],[166.96,-14.95],[166.7,-15.08],[166.54,-14.69],[166.32,-14.69]]],[[[167.5,-14.37],[167.45,-14.11],[167.25,-14.18],[167.36,-14.37],[167.5,-14.37]]],[[[167.49,-13.92],[167.37,-13.66],[167.23,-13.73],[167.28,-13.99],[167.49,-13.92]]],[[[169.25,-19.71],[169.4,-19.71],[169.22,-19.32],[169.14,-19.32],[169.05,-19.51],[169.25,-19.71]]],[[[169.22,-19.06],[169.1,-18.61],[168.88,-18.61],[168.8,-18.87],[168.82,-18.94],[169.22,-19.06]]],[[[168.43,-17.71],[168.38,-17.52],[168.03,-17.59],[168.17,-17.84],[168.46,-17.84],[168.43,-17.71]]],[[[167.98,-16.81],[168.37,-16.88],[168.24,-16.69],[167.93,-16.62],[167.98,-16.81]]],[[[167.99,-15.59],[167.99,-15.91],[168.22,-15.98],[168.13,-15.59],[167.99,-15.59]]],[[[168.09,-15.08],[167.95,-15.08],[167.9,-15.21],[168.14,-15.27],[168.09,-15.08]]]]},"properties":{"NAME":"New Hebrides","C":2,"name":"New Hebrides","start_year":1890,"end_year":1978,"capital":"","type":"polity","region":"","event":"","source":"Cliopatria / Seshat Global History Databank (CC BY 4.0)","wikipedia":"New Hebrides","wikidata":"Q752431","_a":19,"_c":[167.86,-16.69],"_nz":"新赫布里底","_sz":""}},
{"type":"Feature","geometry":{"type":"Polygon","coordinates":[[[88.14,27.87],[87.45,27.8],[86.9,28.06],[86.28,27.99],[86.23,28.12],[85.98,27.99],[85.75,28.32],[85.35,28.25],[85.16,28.38],[85.2,28.57],[84.82,28.57],[84.41,28.77],[84.22,28.96],[84.27,29.15],[84.14,29.28],[83.84,29.28],[83.66,29.15],[83.45,29.22],[83.43,29.47],[83.31,29.6],[82.47,29.92],[82.04,30.37],[81.59,30.37],[81.3,30.12],[81.01,30.18],[80.47,29.79],[80.1,28.77],[80.3,28.64],[80.68,28.64],[80.96,28.51],[81.19,28.19],[81.88,27.87],[82.54,27.74],[83.08,27.42],[84.43,27.42],[84.76,27.16],[85,26.84],[85.27,26.71],[85.74,26.77],[85.79,26.64],[86.31,26.64],[86.65,26.45],[87.11,26.52],[87.24,26.39],[87.99,26.39],[88.16,26.52],[88.21,26.77],[88.04,27.03],[88.14,27.87]]]},"properties":{"NAME":"Nepal","C":4,"name":"Nepal","start_year":1890,"end_year":2023,"capital":"","type":"polity","region":"","event":"","source":"Cliopatria / Seshat Global History Databank (CC BY 4.0)","wikipedia":"Nepal","wikidata":"Q837","_a":32,"_c":[84.16,28.38],"_nz":"尼泊尔","_sz":""}},
{"type":"Feature","geometry":{"type":"Polygon","coordinates":[[[-83.1,14.94],[-83.11,15.01],[-83.37,15.33],[-83.88,15.33],[-83.83,15.46],[-84.01,15.78],[-84.54,15.84],[-84.63,15.97],[-85.36,15.91],[-85.96,16.04],[-86.02,15.91],[-86.44,15.78],[-87.25,15.78],[-87.49,15.91],[-87.93,15.91],[-87.99,15.78],[-88.21,15.78],[-88.19,15.65],[-88.34,15.65],[-88.86,15.14],[-88.93,15.14],[-89.14,15.01],[-89.09,14.69],[-89.28,14.43],[-88.9,14.3],[-88.49,13.91],[-87.75,13.85],[-87.69,13.34],[-87.47,13.34],[-87.45,13.14],[-87.28,12.95],[-86.99,13.01],[-86.81,13.34],[-86.66,13.34],[-86.64,13.79],[-86.27,13.79],[-86.15,13.98],[-85.69,13.85],[-85.1,14.43],[-85.11,14.56],[-84.91,14.75],[-84.31,14.62],[-83.54,14.94],[-83.1,14.94]]]},"properties":{"NAME":"Honduras","C":4,"name":"Honduras","start_year":1895,"end_year":1978,"capital":"","type":"polity","region":"","event":"","source":"Cliopatria / Seshat Global History Databank (CC BY 4.0)","wikipedia":"Honduras","wikidata":"Q783","_a":19,"_c":[-86.19,14.5],"_nz":"洪都拉斯","_sz":""}},
{"type":"Feature","geometry":{"type":"Polygon","coordinates":[[[-83.57,10.83],[-83.58,10.89],[-83.83,11.28],[-83.57,11.66],[-83.59,11.86],[-83.74,11.92],[-83.6,12.05],[-83.65,12.56],[-83.51,12.63],[-83.4,12.95],[-83.47,13.66],[-83.09,14.24],[-83.3,14.81],[-83.1,14.94],[-83.54,14.94],[-84.31,14.62],[-84.91,14.75],[-85.11,14.56],[-85.1,14.43],[-85.69,13.85],[-86.15,13.98],[-86.27,13.79],[-86.64,13.79],[-86.66,13.34],[-86.81,13.34],[-86.99,13.01],[-87.28,12.95],[-87.44,13.08],[-87.66,13.08],[-87.55,12.69],[-86.92,12.31],[-86.58,11.79],[-85.88,11.28],[-85.79,11.09],[-85.72,11.09],[-85.36,11.15],[-85.12,10.96],[-84.47,11.02],[-83.93,10.7],[-83.57,10.83]]]},"properties":{"NAME":"Republic of Nicaragua","C":10,"name":"Republic of Nicaragua","start_year":1898,"end_year":2023,"capital":"","type":"polity","region":"","event":"","source":"Cliopatria / Seshat Global History Databank (CC BY 4.0)","wikipedia":"Nicaragua","wikidata":"Q811","_a":19,"_c":[-85.37,12.82],"_nz":"尼加拉瓜共和国","_sz":""}},
{"type":"Feature","geometry":{"type":"MultiPolygon","coordinates":[[[[-59.83,8.45],[-59.83,8.51],[-60.2,8.71],[-60.49,8.58],[-60.93,8.64],[-61.07,8.51],[-61.15,8.71],[-61.01,8.77],[-61.03,9.09],[-60.74,9.29],[-60.83,9.54],[-61.34,9.67],[-61.43,9.86],[-61.79,9.8],[-61.95,9.99],[-62.23,9.93],[-62.3,9.8],[-62.47,10.25],[-62.62,10.25],[-62.62,10.38],[-62.84,10.38],[-62.85,10.51],[-61.98,10.57],[-61.91,10.76],[-64.03,10.7],[-64.09,10.51],[-64.38,10.44],[-64.38,10.31],[-64.6,10.31],[-64.95,10.06],[-65.84,10.31],[-66.15,10.64],[-66.37,10.7],[-68.04,10.51],[-68.27,10.64],[-68.31,11.21],[-68.99,11.54],[-69.57,11.47],[-69.58,11.6],[-69.73,11.66],[-69.79,11.47],[-70.09,11.54],[-70.15,11.41],[-70.37,11.41],[-70.51,11.28],[-71.02,11.21],[-71.5,10.83],[-71.65,10.83],[-71.59,11.09],[-71.82,11.21],[-71.92,11.54],[-72.06,11.54],[-72.12,11.34],[-72.68,10.89],[-72.93,10.31],[-72.97,9.8],[-73.31,9.29],[-73.23,9.16],[-73.01,9.22],[-72.71,8.96],[-72.61,8.58],[-72.47,8.51],[-72.46,8.32],[-72.3,8.19],[-72.51,7.81],[-72.49,7.49],[-72.12,7.23],[-71.96,6.97],[-70.5,7.04],[-70.06,6.91],[-69.76,6.59],[-69.68,6.33],[-69.53,6.26],[-69.52,6.14],[-69.38,6.07],[-68.29,6.14],[-68,6.26],[-67.49,6.2],[-67.61,5.62],[-67.83,5.43],[-67.82,5.11],[-67.89,5.11],[-67.8,4.08],[-67.72,3.82],[-67.43,3.63],[-67.43,3.31],[-67.86,2.99],[-67.86,2.86],[-67.35,2.54],[-67.13,1.7],[-66.98,1.51],[-67.05,1.25],[-66.69,0.86],[-66.4,0.74],[-66.18,0.74],[-65.96,0.93],[-65.67,0.99],[-65.6,0.86],[-65.67,0.67],[-65.53,0.67],[-65.09,1.19],[-64.65,1.38],[-64.36,1.38],[-64.21,1.76],[-64,1.96],[-63.49,2.15],[-63.41,2.28],[-63.49,2.41],[-64.07,2.47],[-64.3,3.63],[-64.67,3.89],[-64.67,4.14],[-64.23,4.14],[-64.08,3.95],[-63.36,3.89],[-63.13,3.63],[-62.91,3.56],[-62.77,3.69],[-62.7,4.08],[-62.05,4.08],[-61.54,4.27],[-61.4,4.46],[-60.89,4.59],[-60.68,4.91],[-60.68,5.17],[-61.27,5.69],[-61.36,6.01],[-61.14,6.2],[-61.15,6.59],[-60.94,6.78],[-60.65,6.78],[-60.36,6.97],[-60.37,7.1],[-60.67,7.36],[-60.67,7.61],[-59.89,8.13],[-59.83,8.45]]],[[[-64.26,10.89],[-63.97,10.83],[-63.76,10.96],[-63.84,11.21],[-64.05,11.02],[-64.35,11.09],[-64.26,10.89]]],[[[-69.73,11.66],[-69.76,12.11],[-69.85,12.24],[-70.14,12.24],[-70.28,12.11],[-70.24,11.6],[-69.73,11.66]]]]},"properties":{"NAME":"Venezuela","C":1,"name":"Venezuela","start_year":1900,"end_year":1986,"capital":"","type":"polity","region":"","event":"","source":"Cliopatria / Seshat Global History Databank (CC BY 4.0)","wikipedia":"Venezuela","wikidata":"Q717","_a":156,"_c":[-66.57,6.46],"_nz":"委内瑞拉","_sz":""}},
{"type":"Feature","geometry":{"type":"MultiPolygon","coordinates":[[[[-75.71,-0.1],[-75.78,0.03],[-76.08,0.09],[-76.3,0.35],[-76.52,0.35],[-76.66,0.22],[-77.32,0.29],[-77.54,0.41],[-77.54,0.61],[-77.75,0.8],[-78.41,0.99],[-78.99,1.44],[-79.14,1.19],[-79.43,1.19],[-79.72,0.99],[-80.23,0.86],[-80.16,0.22],[-80.3,0.09],[-80.29,-0.04],[-80.58,-0.23],[-80.66,-0.81],[-81.03,-0.94],[-81.03,-1.19],[-80.89,-1.32],[-80.96,-1.39],[-80.9,-2.09],[-81.12,-2.16],[-81.12,-2.29],[-80.55,-2.67],[-80.33,-2.67],[-80.41,-3.06],[-80.19,-3.06],[-80.19,-2.86],[-80.04,-2.86],[-80.13,-3.25],[-80.42,-3.31],[-80.42,-3.38],[-80.28,-3.51],[-80.22,-3.83],[-80.51,-4.02],[-80.53,-4.47],[-80.09,-4.34],[-79.59,-4.6],[-79.45,-4.92],[-79.16,-4.99],[-78.71,-4.41],[-78.61,-3.83],[-78.38,-3.44],[-78.16,-3.31],[-78.16,-3.19],[-77.64,-2.86],[-76.61,-2.54],[-75.95,-1.96],[-75.5,-1],[-75.35,-0.94],[-75.42,-0.42],[-75.71,-0.23],[-75.71,-0.1]]],[[[-89.54,-1],[-89.39,-0.74],[-89.68,-0.68],[-89.69,-1],[-89.54,-1]]],[[[-90.63,-0.49],[-90.7,-0.61],[-90.63,-0.81],[-90.34,-0.81],[-90.26,-0.49],[-90.63,-0.49]]],[[[-91.28,-0.61],[-91.65,-0.81],[-91.65,-1],[-91.07,-1.06],[-90.85,-0.87],[-90.99,-0.42],[-91.21,-0.29],[-91.28,-0.04],[-91.44,0.09],[-91.73,0.09],[-91.57,-0.23],[-91.72,-0.23],[-91.79,-0.42],[-91.58,-0.55],[-91.43,-0.36],[-91.28,-0.61]]],[[[-90.99,-0.29],[-90.63,-0.42],[-90.63,-0.23],[-90.99,-0.16],[-90.99,-0.29]]]]},"properties":{"NAME":"Republic of Ecuador","C":4,"name":"Republic of Ecuador","start_year":1905,"end_year":1949,"capital":"","type":"polity","region":"","event":"","source":"Cliopatria / Seshat Global History Databank (CC BY 4.0)","wikipedia":"Ecuador","wikidata":"Q736","_a":106,"_c":[-83.57,-1.77],"_nz":"厄瓜多尔共和国","_sz":""}},
{"type":"Feature","geometry":{"type":"Polygon","coordinates":[[[-82.61,9.61],[-82.61,9.67],[-83.23,10.19],[-83.57,10.83],[-83.93,10.7],[-84.47,11.02],[-85.12,10.96],[-85.36,11.15],[-85.72,11.09],[-85.85,10.96],[-85.84,10.76],[-85.68,10.64],[-85.89,10.44],[-85.78,9.99],[-85.48,9.86],[-85.24,9.61],[-84.95,9.61],[-84.83,9.99],[-84.57,9.48],[-84.28,9.48],[-84.12,9.29],[-83.67,9.09],[-83.59,8.9],[-83.73,8.77],[-83.71,8.45],[-83.26,8.32],[-83.28,8.58],[-83.2,8.58],[-83.12,8.32],[-83.04,8.32],[-82.83,8.45],[-82.79,8.96],[-82.89,9.41],[-82.61,9.61]]]},"properties":{"NAME":"Republic of Costa Rica","C":10,"name":"Republic of Costa Rica","start_year":1905,"end_year":1999,"capital":"","type":"polity","region":"","event":"","source":"Cliopatria / Seshat Global History Databank (CC BY 4.0)","wikipedia":"Costa Rica","wikidata":"Q800","_a":9,"_c":[-84.25,9.74],"_nz":"哥斯达黎加共和国","_sz":""}},
{"type":"Feature","geometry":{"type":"MultiPolygon","coordinates":[[[[-81.61,7.36],[-81.69,7.49],[-81.7,7.68],[-81.91,7.61],[-81.9,7.36],[-81.61,7.36]]],[[[-79.03,8.32],[-78.8,8.26],[-78.81,8.45],[-78.96,8.45],[-79.03,8.32]]],[[[-80.1,9.29],[-80.18,9.29],[-81.03,8.9],[-81.03,8.84],[-81.47,8.84],[-81.78,9.16],[-81.92,9.16],[-81.84,8.96],[-82.21,9.03],[-82.31,9.48],[-82.61,9.61],[-82.89,9.41],[-82.79,8.96],[-82.83,8.45],[-83.04,8.32],[-82.82,8.19],[-82.39,8.32],[-82.23,8.19],[-81.94,8.19],[-81.47,7.61],[-81.18,7.61],[-81.05,7.87],[-80.94,7.16],[-80.58,7.16],[-80.37,7.36],[-80,7.42],[-80.02,7.74],[-80.32,7.94],[-80.41,8.26],[-80.12,8.26],[-79.77,8.51],[-79.71,8.71],[-79.79,8.84],[-79.94,8.96],[-80.1,9.29]]],[[[-77.37,8.71],[-77.59,8.77],[-77.99,9.29],[-78.51,9.48],[-78.95,9.48],[-78.96,9.61],[-79.69,9.61],[-79.96,9.35],[-79.96,9.29],[-79.73,9.16],[-79.64,8.9],[-79.06,8.96],[-78.53,8.58],[-78.52,8.45],[-78.23,8.45],[-78.29,8.13],[-78.51,8.13],[-78.5,7.94],[-78.33,7.55],[-78.03,7.23],[-77.95,7.23],[-77.75,7.61],[-77.46,7.55],[-77.18,7.94],[-77.19,8.13],[-77.42,8.39],[-77.37,8.71]]]]},"properties":{"NAME":"Republic of Panama","C":9,"name":"Republic of Panama","start_year":1905,"end_year":1999,"capital":"","type":"polity","region":"","event":"","source":"Cliopatria / Seshat Global History Databank (CC BY 4.0)","wikipedia":"Panama","wikidata":"Q804","_a":14,"_c":[-80.11,8.39],"_nz":"巴拿马共和国","_sz":""}},
{"type":"Feature","geometry":{"type":"Polygon","coordinates":[[[-5.72,35.77],[-5.87,35.71],[-5.94,35.58],[-5.71,35.64],[-5.72,35.77]]]},"properties":{"NAME":"Tangier International Zone","C":6,"name":"Tangier International Zone","start_year":1912,"end_year":1955,"capital":"","type":"polity","region":"","event":"","source":"Cliopatria / Seshat Global History Databank (CC BY 4.0)","wikipedia":"Tangier International Zone","wikidata":"Q3497642","_a":0,"_c":[-5.82,35.67],"_nz":"丹吉尔国际区","_sz":""}},
{"type":"Feature","geometry":{"type":"Polygon","coordinates":[[[-88.82,15.91],[-89.11,15.91],[-89.11,17.39],[-89.03,17.39],[-89.17,17.77],[-90.94,17.77],[-90.94,17.32],[-91.07,17.19],[-91.29,17.19],[-91.27,17.06],[-90.62,16.68],[-90.33,16.23],[-90.53,16.04],[-91.63,16.04],[-92.12,15.33],[-92.01,15.07],[-92.24,14.56],[-92.23,14.49],[-91.35,13.91],[-90.47,13.91],[-90.15,13.72],[-90.08,13.72],[-89.96,13.98],[-89.68,14.04],[-89.43,14.43],[-89.28,14.43],[-89.09,14.69],[-89.14,15.01],[-88.93,15.14],[-88.86,15.14],[-88.34,15.65],[-88.19,15.65],[-88.21,15.78],[-88.22,15.84],[-88.82,15.91]]]},"properties":{"NAME":"Guatemala","C":9,"name":"Guatemala","start_year":1920,"end_year":1978,"capital":"","type":"polity","region":"","event":"","source":"Cliopatria / Seshat Global History Databank (CC BY 4.0)","wikipedia":"Guatemala","wikidata":"Q774","_a":16,"_c":[-90.21,15.75],"_nz":"危地马拉","_sz":""}},
{"type":"Feature","geometry":{"type":"Polygon","coordinates":[[[27.22,5.24],[26.85,5.04],[26.41,5.04],[26.27,5.17],[25.39,5.3],[25.24,5.04],[24.95,4.91],[24.3,5.04],[24.22,4.91],[23.34,4.59],[22.76,4.79],[22.46,4.14],[22.31,4.08],[21.8,4.27],[20.57,4.4],[20.14,4.91],[19.71,5.11],[19.27,5.11],[18.82,4.72],[18.75,4.46],[18.53,4.34],[18.58,3.18],[18.06,2.41],[17.97,1.76],[18.04,1.7],[17.81,1.12],[17.87,0.41],[17.65,0.09],[17.66,-0.42],[17.52,-0.68],[17.23,-0.87],[17.23,-1],[16.72,-1.26],[16.43,-1.9],[16.14,-2.09],[16.07,-2.61],[16.15,-2.61],[16.15,-3.25],[15.86,-3.89],[15.64,-3.96],[15.35,-4.28],[15.21,-4.28],[14.91,-4.54],[14.92,-4.66],[14.55,-4.92],[14.33,-4.86],[14.33,-4.34],[13.75,-4.47],[13.46,-4.86],[13.24,-4.86],[13.09,-4.66],[12.95,-4.66],[12.44,-4.99],[12.44,-5.63],[12.08,-5.82],[12.22,-6.01],[12.59,-6.01],[12.73,-5.89],[12.81,-5.89],[15.79,-5.89],[16.38,-5.89],[16.6,-6.08],[16.67,-6.66],[16.89,-6.98],[16.89,-7.3],[17.26,-7.94],[17.56,-8.14],[17.92,-8.14],[18.36,-7.94],[19.16,-8.07],[19.31,-7.94],[19.3,-7.56],[19.45,-7.43],[19.52,-7.04],[20.1,-7.04],[20.39,-6.91],[20.54,-7.3],[21.64,-7.3],[21.78,-7.43],[21.72,-8.2],[21.87,-8.39],[21.73,-9.55],[22.25,-10.39],[22.11,-11.16],[22.33,-11.22],[22.4,-11.09],[23.21,-11.09],[23.87,-10.96],[24.01,-10.9],[24.31,-11.16],[24.39,-11.48],[24.82,-11.29],[25.19,-11.29],[25.34,-11.74],[25.78,-11.8],[26.15,-11.99],[26.74,-11.99],[26.88,-11.74],[27.1,-11.67],[27.4,-11.99],[27.47,-12.25],[28.14,-12.38],[28.36,-12.57],[28.51,-12.96],[28.81,-13.15],[28.89,-13.41],[29.18,-13.41],[29.33,-13.28],[29.55,-13.28],[29.7,-13.41],[29.74,-12.25],[29.52,-12.19],[29.31,-12.44],[29.02,-12.44],[28.34,-11.8],[28.4,-10.96],[28.62,-10.58],[28.54,-10.19],[28.6,-9.68],[28.3,-9.23],[28.81,-8.84],[28.95,-8.46],[30.33,-8.26],[30.41,-8.14],[30.11,-7.88],[29.96,-7.3],[29.44,-6.98],[29.21,-6.34],[29.07,-6.21],[29.06,-5.76],[29.21,-5.69],[29.21,-5.56],[28.98,-5.31],[29.05,-4.41],[28.9,-4.34],[28.97,-3.31],[29.26,-3.44],[29.19,-3.7],[29.41,-3.96],[29.34,-4.15],[29.56,-4.34],[29.56,-4.41],[29.92,-4.28],[30.28,-3.64],[30.57,-3.44],[30.71,-2.99],[30.42,-2.93],[30.34,-2.54],[30.78,-2.22],[30.77,-1.71],[30.33,-1.13],[30.19,-1.13],[29.9,-1.45],[29.53,-1.32],[29.46,-0.87],[29.53,-0.87],[29.66,0.22],[29.88,0.54],[29.89,0.86],[31.15,1.96],[31.23,2.15],[30.72,2.41],[30.82,3.56],[30.6,3.56],[30.32,3.95],[30.03,4.01],[29.89,4.34],[29.53,4.66],[29.16,4.34],[28.87,4.46],[28.22,4.34],[27.86,4.53],[27.22,5.24]]]},"properties":{"NAME":"Belgian Congo","C":2,"name":"Belgian Congo","start_year":1922,"end_year":1952,"capital":"","type":"polity","region":"","event":"","source":"Cliopatria / Seshat Global History Databank (CC BY 4.0)","wikipedia":"Belgian Congo","wikidata":"Q213510","_a":358,"_c":[21.66,-4.05],"_nz":"比属刚果","_sz":""}},
{"type":"Feature","geometry":{"type":"MultiPolygon","coordinates":[[[[-86.7,20.34],[-86.67,20.6],[-87.02,20.47],[-86.99,20.28],[-86.7,20.34]]],[[[-88.25,18.48],[-88.04,18.54],[-87.91,18.22],[-87.7,18.29],[-87.73,18.48],[-87.45,19.06],[-87.49,19.31],[-87.37,19.44],[-87.39,19.57],[-87.55,19.64],[-87.29,19.89],[-87.35,20.21],[-87.04,20.6],[-86.83,20.66],[-86.85,20.79],[-86.66,20.99],[-86.75,21.5],[-86.92,21.63],[-87.22,21.63],[-87.34,21.5],[-88.48,21.63],[-89.18,21.37],[-89.98,21.31],[-90.17,21.11],[-90.32,21.11],[-90.42,20.41],[-90.49,20.41],[-90.48,19.89],[-90.74,19.7],[-90.81,19.25],[-91.35,18.93],[-91.3,18.61],[-91.45,18.61],[-91.5,18.48],[-91.79,18.48],[-91.84,18.74],[-92.5,18.74],[-92.62,18.54],[-93.49,18.48],[-94.04,18.22],[-94.48,18.22],[-94.77,18.61],[-95.77,18.8],[-96.25,19.44],[-96.51,20.09],[-97.19,20.92],[-97.37,21.5],[-97.54,21.63],[-97.75,22.66],[-97.6,23.04],[-97.58,23.3],[-97.69,23.81],[-97.62,23.81],[-97.69,24.14],[-97.62,24.14],[-97.78,24.52],[-97.63,24.52],[-97.63,24.84],[-97.56,24.84],[-97.68,25.36],[-97.17,25.42],[-97.09,26],[-97.17,26],[-97.92,26],[-98.61,26.32],[-99,26.39],[-99.31,26.97],[-99.38,27.48],[-100.15,28.25],[-100.55,29.02],[-101.4,29.73],[-102.35,29.86],[-102.84,29.54],[-102.83,29.28],[-103.01,29.15],[-102.97,29.02],[-103.17,28.96],[-103.69,29.15],[-104.48,29.67],[-104.91,30.63],[-105.49,30.95],[-106.51,31.79],[-108.11,31.79],[-108.16,31.34],[-108.28,31.27],[-110.95,31.27],[-114.66,32.43],[-114.77,32.69],[-117.13,32.49],[-116.71,31.91],[-116.56,31.4],[-116.35,31.27],[-116.26,30.89],[-116.08,30.82],[-115.76,29.86],[-115.51,29.6],[-114.65,29.15],[-114.04,28.51],[-114.02,28.25],[-114.2,28.12],[-114.07,27.74],[-114.26,27.87],[-115.09,27.87],[-115.05,27.74],[-113.58,26.71],[-113.13,26.71],[-112.71,26.32],[-112.28,26.13],[-112.05,25.62],[-112.07,25.42],[-112.17,25.23],[-112.09,24.97],[-112.24,24.97],[-112.27,24.78],[-112.16,24.65],[-111.99,24.59],[-111.87,24.39],[-111.58,24.46],[-110.69,23.88],[-110.66,23.75],[-110.12,23.36],[-110.03,22.98],[-109.64,22.91],[-109.27,23.24],[-109.33,23.49],[-109.6,23.69],[-109.69,24.07],[-109.93,24.14],[-110.15,24.39],[-110.26,24.26],[-110.58,24.33],[-110.67,24.97],[-110.56,24.84],[-110.43,24.91],[-110.58,25.16],[-110.73,25.16],[-110.95,25.42],[-110.91,25.55],[-111.08,25.62],[-111.15,25.87],[-110.94,25.94],[-111,26.13],[-111.21,26.07],[-111.5,26.77],[-111.61,26.9],[-111.84,26.9],[-111.85,27.16],[-112,27.16],[-112.39,27.67],[-112.56,27.74],[-112.83,28.51],[-113.01,28.57],[-113.22,28.96],[-113.47,29.02],[-113.59,29.34],[-113.84,29.6],[-114.45,29.99],[-114.58,30.31],[-114.53,30.56],[-114.83,31.27],[-114.68,31.46],[-114.77,31.66],[-114.64,31.72],[-114.15,31.46],[-113.72,31.53],[-113.54,31.27],[-113.13,31.21],[-113.05,31.01],[-113.15,30.89],[-112.36,29.28],[-112.49,29.22],[-112.5,28.83],[-112.17,28.77],[-112.19,29.02],[-112.11,29.02],[-111.68,28.44],[-111.29,28.19],[-111.22,27.99],[-110.57,27.87],[-110.42,27.16],[-109.95,27.09],[-109.85,26.77],[-109.26,26.58],[-109.18,26.32],[-109.43,26.13],[-109.39,25.74],[-109.05,25.62],[-109.02,25.49],[-108.79,25.49],[-108.5,25.23],[-108.11,25.16],[-107.87,24.52],[-107.72,24.52],[-107.59,24.33],[-106.98,23.94],[-106.44,23.24],[-105.7,22.59],[-105.53,21.82],[-105.13,21.31],[-105.32,21.11],[-105.29,20.99],[-105.49,20.86],[-105.46,20.73],[-105.22,20.66],[-105.63,20.47],[-105.54,20.02],[-104.87,19.25],[-103.83,18.8],[-103.52,18.35],[-103.19,18.16],[-102.26,17.9],[-101.9,17.96],[-101.11,17.26],[-100.02,16.94],[-99.69,16.68],[-98.85,16.55],[-98.43,16.23],[-98.06,16.16],[-97.72,15.91],[-97.05,15.84],[-96.73,15.65],[-96.21,15.65],[-94.95,16.1],[-94.85,16.36],[-94.69,16.29],[-94.67,16.16],[-94.15,16.16],[-92.75,15.14],[-92.65,14.88],[-92.31,14.56],[-92.24,14.56],[-92.01,15.07],[-92.12,15.33],[-91.63,16.04],[-90.53,16.04],[-90.33,16.23],[-90.62,16.68],[-91.27,17.06],[-91.29,17.19],[-91.07,17.19],[-90.94,17.32],[-90.94,17.77],[-89.17,17.77],[-89.05,17.96],[-88.76,17.96],[-88.39,18.48],[-88.25,18.48]]],[[[-115.28,28.38],[-115.24,28.06],[-115.03,28.12],[-115.12,28.38],[-115.28,28.38]]],[[[-113.27,29.09],[-113.04,29.09],[-113.39,29.6],[-113.62,29.6],[-113.27,29.09]]]]},"properties":{"NAME":"Mexico","C":1,"name":"Mexico","start_year":1922,"end_year":2023,"capital":"","type":"polity","region":"","event":"","source":"Cliopatria / Seshat Global History Databank (CC BY 4.0)","wikipedia":"Mexico","wikidata":"Q5062192","_a":552,"_c":[-101.89,23.63],"_nz":"墨西哥","_sz":""}},
{"type":"Feature","geometry":{"type":"Polygon","coordinates":[[[-71.71,18.03],[-71.59,17.71],[-71.28,17.58],[-70.99,18.22],[-70.72,18.35],[-70.57,18.35],[-70.55,18.22],[-69.96,18.22],[-69.84,18.41],[-69.1,18.41],[-68.56,18.22],[-68.43,18.41],[-68.29,18.41],[-68.24,18.67],[-68.56,18.86],[-68.58,18.99],[-69.49,19.12],[-69.06,19.25],[-69.08,19.38],[-69.74,19.38],[-69.86,19.7],[-70.23,19.7],[-70.78,19.96],[-71.67,19.96],[-71.72,19.76],[-71.57,19.19],[-71.76,18.99],[-71.67,18.86],[-71.72,18.67],[-71.93,18.61],[-71.67,18.29],[-71.71,18.03]]]},"properties":{"NAME":"Dominican Republic","C":6,"name":"Dominican Republic","start_year":1924,"end_year":2023,"capital":"","type":"polity","region":"","event":"","source":"Cliopatria / Seshat Global History Databank (CC BY 4.0)","wikipedia":"Dominican Republic","wikidata":"Q786","_a":9,"_c":[-70.09,18.77],"_nz":"多米尼加","_sz":""}},
{"type":"Feature","geometry":{"type":"MultiPolygon","coordinates":[[[[-79.78,22.91],[-80.47,23.04],[-80.57,23.17],[-81.08,23.11],[-81.1,23.24],[-82.29,23.24],[-82.78,23.04],[-83.23,23.04],[-84,22.79],[-84.38,22.4],[-84.32,22.08],[-84.76,22.01],[-84.8,21.82],[-84.44,21.89],[-84.41,21.76],[-84.27,21.76],[-84.08,21.95],[-83.92,21.89],[-83.81,22.14],[-83.23,22.21],[-83.18,22.34],[-83.03,22.34],[-82.91,22.53],[-82.64,22.66],[-81.74,22.66],[-81.64,22.46],[-82.08,22.46],[-82.05,22.27],[-80.89,22.01],[-80.37,22.01],[-79.95,21.69],[-79.65,21.69],[-79.25,21.5],[-78.66,21.56],[-78.24,20.79],[-77.93,20.66],[-77.19,20.66],[-77.14,20.34],[-77.55,20.15],[-77.68,20.02],[-77.65,19.83],[-76.91,19.83],[-76.49,19.96],[-75.75,19.96],[-75.21,19.83],[-74.07,20.15],[-74.1,20.34],[-74.32,20.34],[-74.75,20.73],[-75.5,20.79],[-75.63,21.18],[-75.99,21.11],[-76.24,21.31],[-76.77,21.37],[-76.79,21.5],[-77.03,21.56],[-77.06,21.76],[-77.66,21.82],[-77.52,21.89],[-77.64,22.14],[-78,22.08],[-78.57,22.4],[-79.25,22.46],[-79.78,22.91]]],[[[-82.5,21.44],[-82.49,21.82],[-82.66,21.95],[-83.04,21.95],[-83.09,21.82],[-82.95,21.44],[-82.5,21.44]]],[[[-78.6,22.53],[-78.42,22.4],[-78.2,22.4],[-78.23,22.59],[-78.6,22.53]]]]},"properties":{"NAME":"Republic of Cuba","C":10,"name":"Republic of Cuba","start_year":1926,"end_year":1957,"capital":"","type":"polity","region":"","event":"","source":"Cliopatria / Seshat Global History Databank (CC BY 4.0)","wikipedia":"Cuba","wikidata":"Q241","_a":37,"_c":[-79.43,21.53],"_nz":"古巴共和国","_sz":""}},
{"type":"Feature","geometry":{"type":"Polygon","coordinates":[[[-67.05,1.25],[-66.98,1.51],[-67.13,1.7],[-67.35,2.54],[-67.86,2.86],[-67.86,2.99],[-67.43,3.31],[-67.43,3.63],[-67.72,3.82],[-67.8,4.08],[-67.89,5.11],[-67.82,5.11],[-67.83,5.43],[-67.61,5.62],[-67.49,6.2],[-68,6.26],[-68.29,6.14],[-69.38,6.07],[-69.52,6.14],[-69.53,6.26],[-69.68,6.33],[-69.76,6.59],[-70.06,6.91],[-70.5,7.04],[-71.96,6.97],[-72.12,7.23],[-72.49,7.49],[-72.51,7.81],[-72.3,8.19],[-72.46,8.32],[-72.47,8.51],[-72.61,8.58],[-72.71,8.96],[-73.01,9.22],[-73.23,9.16],[-73.31,9.29],[-72.97,9.8],[-72.93,10.31],[-72.68,10.89],[-72.12,11.34],[-72.06,11.54],[-71.92,11.54],[-71.92,11.6],[-71.28,11.79],[-71.07,11.99],[-71.1,12.31],[-71.33,12.44],[-71.84,12.44],[-71.9,12.31],[-72.19,12.24],[-72.24,11.92],[-72.81,11.73],[-73.15,11.41],[-74.17,11.34],[-74.36,10.89],[-74.52,11.09],[-74.96,11.15],[-75.24,10.89],[-75.23,10.76],[-75.44,10.7],[-75.58,10.51],[-75.5,10.38],[-75.64,10.31],[-75.66,9.48],[-76.09,9.41],[-76.29,9.03],[-76.93,8.64],[-76.83,8.19],[-77.13,8.39],[-77.3,8.71],[-77.37,8.71],[-77.42,8.39],[-77.19,8.13],[-77.18,7.94],[-77.46,7.55],[-77.75,7.61],[-77.95,7.23],[-77.95,7.16],[-77.73,7.04],[-77.41,6.52],[-77.54,6.07],[-77.32,5.81],[-77.53,5.69],[-77.42,4.27],[-77.57,4.27],[-77.56,4.08],[-77.41,3.82],[-77.27,3.82],[-77.26,3.63],[-77.77,3.11],[-77.91,2.6],[-78.49,2.54],[-78.78,2.34],[-78.7,1.83],[-79.14,1.76],[-79.14,1.57],[-78.99,1.44],[-78.41,0.99],[-77.75,0.8],[-77.54,0.61],[-77.54,0.41],[-77.32,0.29],[-76.66,0.22],[-76.52,0.35],[-76.3,0.35],[-76.08,0.09],[-75.78,0.03],[-75.71,-0.1],[-74.91,-0.16],[-74.62,-0.42],[-74.33,-1],[-73.61,-1.45],[-73.54,-1.77],[-73.18,-2.03],[-73.12,-2.41],[-72.39,-2.54],[-71.88,-2.22],[-71.66,-2.22],[-71.44,-2.41],[-71.22,-2.29],[-70.86,-2.29],[-70.79,-2.41],[-70.35,-2.54],[-70.21,-2.67],[-70.22,-2.93],[-70.74,-3.57],[-70.75,-3.83],[-70.38,-3.83],[-70.17,-4.09],[-70.03,-4.09],[-69.87,-3.64],[-69.77,-2.54],[-69.7,-2.54],[-69.46,-1.13],[-69.67,-0.87],[-69.67,-0.61],[-69.96,-0.36],[-70.1,-0.36],[-70.19,0.41],[-70.04,0.61],[-69.24,0.74],[-69.24,0.93],[-69.38,1.06],[-69.82,1.06],[-69.97,1.19],[-69.97,1.7],[-68.44,1.7],[-68.29,1.89],[-67.85,1.76],[-67.49,2.09],[-67.27,1.89],[-67.2,1.25],[-67.05,1.25]]]},"properties":{"NAME":"Republic of Colombia","C":1,"name":"Republic of Colombia","start_year":1928,"end_year":2023,"capital":"","type":"polity","region":"","event":"","source":"Cliopatria / Seshat Global History Databank (CC BY 4.0)","wikipedia":"Colombia","wikidata":"Q739","_a":201,"_c":[-73.06,4.18],"_nz":"哥伦比亚共和国","_sz":""}},
{"type":"Feature","geometry":{"type":"Polygon","coordinates":[[[-70.03,-4.09],[-70.17,-4.09],[-70.38,-3.83],[-70.75,-3.83],[-70.74,-3.57],[-70.22,-2.93],[-70.21,-2.67],[-70.35,-2.54],[-70.79,-2.41],[-70.86,-2.29],[-71.22,-2.29],[-71.44,-2.41],[-71.66,-2.22],[-71.88,-2.22],[-72.39,-2.54],[-73.12,-2.41],[-73.18,-2.03],[-73.54,-1.77],[-73.61,-1.45],[-74.33,-1],[-74.62,-0.42],[-74.91,-0.16],[-75.71,-0.1],[-75.71,-0.23],[-75.42,-0.42],[-75.35,-0.94],[-75.5,-1],[-75.95,-1.96],[-76.61,-2.54],[-77.64,-2.86],[-78.16,-3.19],[-78.16,-3.31],[-78.38,-3.44],[-78.61,-3.83],[-78.71,-4.41],[-79.16,-4.99],[-79.45,-4.92],[-79.59,-4.6],[-80.09,-4.34],[-80.53,-4.47],[-80.51,-4.02],[-80.22,-3.83],[-80.28,-3.51],[-80.42,-3.38],[-80.49,-3.38],[-80.94,-3.7],[-80.95,-3.83],[-81.17,-3.96],[-81.47,-4.41],[-81.42,-4.86],[-81.28,-4.92],[-81.29,-5.31],[-81.01,-5.63],[-81.02,-5.82],[-81.32,-5.89],[-81.33,-6.14],[-80.75,-6.34],[-79.98,-6.91],[-79.85,-7.24],[-79.71,-7.3],[-79.59,-7.75],[-78.98,-8.46],[-78.86,-8.97],[-78.34,-9.87],[-78.36,-10.06],[-77.77,-11.03],[-77.8,-11.35],[-77.32,-11.67],[-77.28,-12.12],[-76.94,-12.38],[-76.89,-12.64],[-76.75,-12.7],[-76.64,-13.09],[-76.38,-13.41],[-76.35,-13.79],[-76.42,-13.79],[-76.46,-14.18],[-76.19,-14.37],[-76.21,-14.5],[-75.88,-14.89],[-75.74,-14.89],[-75.34,-15.27],[-75.22,-15.53],[-74.8,-15.66],[-74.74,-15.79],[-74.31,-15.91],[-73.99,-16.24],[-73.21,-16.49],[-73.01,-16.69],[-72.44,-16.81],[-72.05,-17.2],[-71.62,-17.33],[-71.64,-17.46],[-71.5,-17.52],[-71.33,-17.91],[-70.98,-18.04],[-70.86,-18.23],[-70.71,-18.23],[-70.51,-18.42],[-70.44,-18.42],[-69.96,-18.16],[-69.9,-17.71],[-69.59,-17.59],[-69.61,-17.2],[-69.09,-16.56],[-69.12,-16.17],[-69.42,-16.24],[-69.56,-16.17],[-69.47,-16.04],[-69.69,-15.98],[-69.74,-15.85],[-70.11,-15.85],[-70.09,-15.66],[-69.94,-15.66],[-69.98,-15.34],[-69.68,-15.34],[-69.49,-15.59],[-69.42,-15.59],[-69.3,-15.14],[-69.43,-15.01],[-69.4,-14.76],[-68.98,-14.24],[-68.96,-14.05],[-69.1,-13.92],[-68.99,-12.83],[-68.84,-12.76],[-68.75,-12.51],[-68.89,-12.44],[-69.19,-11.74],[-69.34,-11.67],[-69.32,-11.48],[-69.46,-11.41],[-69.57,-10.96],[-70.16,-10.96],[-70.32,-11.09],[-70.67,-10.96],[-70.64,-9.49],[-70.79,-9.49],[-71.26,-9.94],[-71.56,-10.06],[-72.14,-10.06],[-72.27,-9.74],[-72.54,-9.49],[-73.19,-9.42],[-73.09,-8.97],[-73.37,-8.78],[-73.5,-8.39],[-73.84,-8.07],[-73.83,-7.81],[-74.04,-7.69],[-74.03,-7.49],[-73.8,-7.36],[-73.78,-6.91],[-73.25,-6.53],[-73.22,-5.82],[-72.99,-5.5],[-72.98,-5.24],[-72.01,-4.54],[-71.35,-4.47],[-70.9,-4.21],[-70.39,-4.21],[-70.18,-4.34],[-70.03,-4.09]]]},"properties":{"NAME":"Republic of Peru","C":1,"name":"Republic of Peru","start_year":1929,"end_year":1949,"capital":"","type":"polity","region":"","event":"","source":"Cliopatria / Seshat Global History Databank (CC BY 4.0)","wikipedia":"Peru","wikidata":"Q419","_a":233,"_c":[-75.11,-9.26],"_nz":"秘鲁共和国","_sz":""}},
{"type":"Feature","geometry":{"type":"Polygon","coordinates":[[[23.24,-17.65],[21.55,-18.04],[20.52,-18.04],[20.22,-17.91],[18.89,-17.84],[18.6,-17.71],[18.3,-17.39],[13.94,-17.46],[13.43,-17.2],[13.28,-17.01],[12.84,-17.01],[12.47,-17.26],[11.58,-17.26],[11.58,-17.84],[11.66,-17.84],[11.73,-18.36],[12.32,-18.87],[12.55,-19.45],[12.7,-19.58],[12.7,-19.77],[13.14,-20.48],[13.22,-20.86],[13.52,-21.38],[13.66,-21.44],[13.89,-21.96],[14.11,-22.09],[14.34,-22.47],[14.35,-24.4],[14.65,-24.92],[14.81,-26.46],[14.96,-26.52],[14.97,-26.97],[15.12,-27.1],[15.12,-27.42],[15.58,-28.13],[16.12,-28.58],[16.34,-28.64],[16.5,-29.09],[16.73,-29.29],[17.06,-30.38],[18.09,-31.92],[18.18,-32.37],[18.04,-32.76],[17.73,-32.69],[17.67,-33.08],[17.82,-33.08],[17.91,-33.34],[18.22,-33.59],[18.17,-34.36],[18.4,-34.36],[18.4,-34.17],[18.55,-34.11],[18.64,-34.43],[19.18,-34.49],[19.19,-34.69],[19.34,-34.69],[19.42,-34.82],[19.96,-34.82],[20.41,-34.49],[21.64,-34.49],[21.79,-34.43],[21.86,-34.24],[22.16,-34.11],[23.24,-34.17],[23.31,-34.04],[23.77,-34.04],[24.25,-34.24],[24.55,-34.24],[24.92,-33.98],[25.62,-34.11],[25.53,-33.91],[25.68,-33.79],[26.6,-33.79],[27.05,-33.59],[27.78,-33.01],[27.93,-33.01],[28.14,-32.76],[28.3,-32.76],[28.58,-32.44],[28.8,-32.37],[28.8,-32.24],[29.09,-32.05],[29.08,-31.92],[30.24,-31.02],[30.23,-30.89],[30.51,-30.64],[30.71,-30.19],[30.93,-30.06],[31.05,-29.61],[31.48,-29.22],[31.47,-29.09],[32.21,-28.77],[32.41,-28.39],[32.39,-28.13],[32.47,-28.13],[32.77,-26.97],[32.77,-26.91],[32.02,-26.84],[31.87,-26.91],[31.82,-27.29],[31.59,-27.36],[30.99,-27.23],[30.98,-27.1],[30.74,-26.91],[30.72,-26.39],[31.06,-25.82],[31.74,-25.94],[31.95,-25.56],[31.85,-25.04],[31.9,-24.47],[31.83,-24.47],[31.73,-23.89],[31.49,-23.63],[31.48,-23.18],[31.15,-22.47],[31,-22.34],[30.93,-22.34],[30.03,-22.34],[29.81,-22.21],[29.14,-22.15],[28.7,-22.54],[28.26,-22.6],[27.61,-23.31],[27.31,-23.37],[26.8,-23.82],[26.8,-23.89],[26.67,-24.34],[26.3,-24.66],[25.79,-24.79],[25.65,-25.37],[25.44,-25.69],[24.47,-25.88],[24.17,-25.69],[23.56,-25.56],[23.33,-25.3],[22.96,-25.3],[22.74,-25.43],[22.53,-26.14],[21.65,-26.84],[20.52,-26.84],[20.51,-26.46],[20.73,-25.94],[20.33,-25.11],[19.88,-24.85],[19.91,-22.02],[20.8,-22.02],[20.95,-21.89],[20.89,-18.36],[23.1,-18.04],[23.41,-18.29],[23.41,-18.42],[23.63,-18.49],[24.14,-17.97],[24.58,-18.04],[24.72,-17.84],[25.02,-17.78],[24.86,-17.52],[23.83,-17.52],[23.24,-17.65]],[[28.96,-30.06],[28.88,-30.06],[28.21,-30.25],[27.93,-30.7],[27.71,-30.7],[27.23,-30.38],[27.22,-30.19],[26.89,-29.67],[27.26,-29.48],[27.53,-28.97],[28.13,-28.77],[28.2,-28.64],[28.57,-28.64],[29.29,-29.22],[29.3,-29.48],[29.09,-29.67],[28.96,-30.06]]]},"properties":{"NAME":"South Africa","C":5,"name":"South Africa","start_year":1932,"end_year":1972,"capital":"","type":"polity","region":"","event":"","source":"Cliopatria / Seshat Global History Databank (CC BY 4.0)","wikipedia":"South Africa","wikidata":"Q258","_a":377,"_c":[22.18,-25.91],"_nz":"南非","_sz":""}},
{"type":"Feature","geometry":{"type":"MultiPolygon","coordinates":[[[[-131.64,52.92],[-131.62,53.06],[-132.01,53.33],[-131.79,53.66],[-131.85,53.87],[-131.68,53.87],[-131.82,54.14],[-133.29,54.14],[-133.17,53.66],[-132.77,53.39],[-132.71,53.19],[-131.73,52.38],[-131.12,51.98],[-130.95,51.98],[-131.22,52.38],[-131.69,52.59],[-131.6,52.65],[-131.82,52.86],[-131.64,52.92]]],[[[-105.12,68.65],[-105.22,68.57],[-104.93,68.42],[-104.43,68.42],[-104.53,68.57],[-105.12,68.65]]],[[[-102.32,68.88],[-102.13,68.65],[-101.63,68.65],[-101.82,68.88],[-102.32,68.88]]],[[[-100.82,68.95],[-100.53,68.73],[-100.03,68.8],[-99.92,68.95],[-100.21,69.18],[-100.82,69.11],[-100.82,68.95]]],[[[-101.2,69.64],[-101.51,69.56],[-101.31,69.41],[-101.01,69.41],[-101.2,69.64]]],[[[-101.2,69.64],[-100.8,69.72],[-101.1,70.18],[-102.01,70.33],[-102.83,70.57],[-103.04,70.72],[-103.76,70.72],[-104.61,71.19],[-104.21,71.34],[-104.23,71.5],[-104.9,71.97],[-104.92,72.13],[-105.18,72.45],[-105.09,72.53],[-105.35,72.84],[-104.86,73],[-104.4,73.33],[-104.43,73.49],[-105.04,73.81],[-106.66,73.89],[-106.53,73.81],[-107.14,73.73],[-106.72,73.33],[-108.33,73.41],[-108.39,73.25],[-108.15,72.69],[-107.88,72.37],[-107.97,72.29],[-107.59,71.89],[-108.1,71.89],[-108.47,72.21],[-108.52,72.45],[-109.01,72.76],[-109.7,73],[-110.87,73.08],[-110.02,72.61],[-111.06,72.61],[-111.44,72.84],[-112.77,73.08],[-113.77,72.92],[-114.11,73.33],[-115.3,73.41],[-115.26,73.57],[-115.53,73.73],[-117.01,74.22],[-117.84,74.38],[-118.7,74.38],[-119.3,74.3],[-119.94,74.3],[-121.29,74.63],[-124.47,74.54],[-124.8,74.38],[-124.71,74.22],[-123.92,73.73],[-124.15,73.57],[-124.75,73.49],[-124.78,73.33],[-125.05,73.25],[-124.73,73],[-125.33,72.92],[-125.01,72.69],[-125.81,72.37],[-125.95,72.21],[-125.65,71.97],[-125.24,71.97],[-123.98,71.66],[-123.8,71.42],[-123.28,71.11],[-122.26,71.11],[-122.38,71.19],[-121.81,71.34],[-121.94,71.42],[-120.42,71.5],[-120.26,71.66],[-120.44,71.89],[-120.15,71.97],[-120.2,72.13],[-119.61,72.21],[-119.74,72.29],[-119.12,72.61],[-118.8,72.61],[-118.28,72.29],[-119.45,72.05],[-119,71.58],[-118.61,71.66],[-118.01,71.34],[-117.51,71.42],[-116.38,71.42],[-116.26,71.34],[-118.19,71.27],[-118.56,71.11],[-117.84,70.64],[-116.21,70.64],[-116.09,70.57],[-113.35,70.64],[-112.42,70.57],[-111.98,70.33],[-112.79,70.33],[-112.78,70.26],[-114.02,70.41],[-115.45,70.41],[-115.33,70.33],[-117.25,70.26],[-117.13,70.18],[-117.73,70.1],[-117.25,69.72],[-116.28,69.33],[-113.96,69.26],[-113.82,68.88],[-113.08,68.42],[-109.11,68.65],[-109.21,68.73],[-108.42,68.88],[-108.52,68.95],[-107.23,69.03],[-106.64,69.41],[-106.43,69.18],[-105.43,69.11],[-105.12,68.88],[-104.32,68.95],[-103.82,68.8],[-103.32,68.88],[-102.72,68.88],[-101.72,69.03],[-102.11,69.33],[-102.01,69.49],[-102.61,69.64],[-102.21,69.87],[-101.91,69.72],[-101.5,69.72],[-101.2,69.64]]],[[[-103.68,75.04],[-103.8,75.37],[-104.3,75.54],[-105.07,75.29],[-104.66,75.04],[-103.68,75.04]]],[[[-115.75,76.64],[-115.58,76.55],[-116.19,76.46],[-115.97,76.3],[-116.8,76.21],[-116.8,76.04],[-116.48,75.87],[-117.42,75.79],[-117.05,75.54],[-117.48,75.54],[-117.82,75.37],[-117.25,75.12],[-116.38,75.12],[-115.76,74.96],[-115.63,75.12],[-114.57,74.96],[-114.28,75.04],[-114.41,75.29],[-113.27,74.96],[-114.7,74.79],[-114.41,74.63],[-113.45,74.38],[-111.95,74.38],[-112.09,74.46],[-110.9,74.71],[-110.18,74.79],[-110.32,74.87],[-109.27,74.96],[-109.42,75.04],[-106.76,74.87],[-106.9,74.96],[-105.96,75.04],[-105.58,75.2],[-105.73,75.29],[-105.36,75.45],[-105.31,75.62],[-105.71,76.04],[-106.85,76.13],[-107.76,75.96],[-107.99,76.21],[-108.5,76.55],[-108.32,76.64],[-108.79,76.89],[-109.68,76.89],[-109.94,76.55],[-110.6,76.55],[-110.08,76.21],[-110.11,76.04],[-109.54,75.79],[-109.21,75.79],[-109.02,75.62],[-111.21,75.62],[-111.71,75.96],[-112.88,76.3],[-113.88,76.3],[-114.75,76.64],[-115.75,76.64]]],[[[-119.55,75.87],[-119.55,75.71],[-119.23,75.54],[-118.25,75.54],[-118.13,75.71],[-117.53,75.79],[-117.41,75.96],[-117.79,76.21],[-119.38,75.96],[-119.55,75.87]]],[[[-97.64,75.87],[-97.37,76.04],[-97.59,76.38],[-98.38,76.72],[-100.93,76.72],[-101.52,76.81],[-100.79,76.38],[-100.46,76.38],[-99.97,75.96],[-101.63,76.55],[-102.37,76.46],[-101.48,75.87],[-101.7,75.87],[-102.45,76.13],[-102.78,76.38],[-103.44,76.64],[-104.82,76.72],[-104.4,76.3],[-104.58,76.21],[-104.29,76.04],[-103.85,76.04],[-102.66,75.54],[-100.81,75.54],[-100.51,75.29],[-99.9,75.04],[-97.54,75.12],[-97.96,75.45],[-97.22,75.54],[-97.64,75.87]]],[[[-119.38,75.96],[-119.28,76.13],[-118.84,76.13],[-118.51,76.3],[-118.9,76.55],[-118.35,76.55],[-117.74,76.3],[-116.85,76.46],[-116.02,76.55],[-115.75,76.64],[-116.14,76.89],[-115.69,76.89],[-116.31,77.15],[-115.26,77.24],[-116.06,77.58],[-117.3,77.58],[-116.95,77.41],[-119.41,77.41],[-119.24,77.32],[-120.11,77.15],[-120.21,76.98],[-121.03,76.89],[-121.13,76.72],[-122.44,76.55],[-122.27,76.46],[-123.09,76.38],[-122.96,76.21],[-122.45,75.96],[-121.64,76.04],[-121.09,76.04],[-120.81,76.13],[-120.31,75.87],[-119.55,75.87],[-119.38,75.96]]],[[[-113.64,76.81],[-113.86,76.98],[-114.97,76.98],[-114.58,76.72],[-113.47,76.72],[-113.64,76.81]]],[[[-105.88,77.5],[-105.14,77.15],[-104.14,77.15],[-105.35,77.76],[-106.31,77.85],[-105.88,77.5]]],[[[-113.71,77.93],[-113.08,77.5],[-112.29,77.32],[-110.21,77.41],[-109.87,77.58],[-110.09,77.76],[-110.77,77.93],[-109.41,77.93],[-109.92,78.2],[-113.15,78.11],[-112.98,78.02],[-113.71,77.93]]],[[[-101.99,78.02],[-102.78,78.02],[-102.26,77.67],[-100.91,77.67],[-101.11,77.85],[-101.99,78.02]]],[[[-113.35,78.55],[-112.94,78.29],[-112.54,78.37],[-111.23,78.29],[-109.18,78.29],[-109.52,78.64],[-110.22,78.82],[-113.35,78.55]]],[[[-99.7,78.46],[-99.52,78.55],[-100.27,78.91],[-100.96,78.91],[-101.29,79.09],[-101.8,79.18],[-102.56,79.09],[-103.46,79.45],[-105.43,79.45],[-105.78,79.27],[-105.16,79],[-104.18,78.91],[-103.91,78.64],[-105.29,78.64],[-104.63,78.29],[-101.55,78.29],[-101.05,78.2],[-100.7,77.93],[-99.94,77.76],[-98.85,77.85],[-98.93,78.02],[-99.7,78.46]]],[[[-81.56,45.76],[-81.67,45.96],[-81.96,46.02],[-82.53,46.02],[-82.62,45.89],[-83.26,46.02],[-83.15,45.82],[-82.19,45.56],[-81.7,45.56],[-81.56,45.76]]],[[[-79.45,52.18],[-79.74,52.12],[-79.69,51.92],[-79.31,51.98],[-79.45,52.18]]],[[[-82.13,53.19],[-82.07,52.99],[-81.5,52.79],[-80.68,52.72],[-81.15,53.26],[-82.13,53.19]]],[[[-79.34,56.52],[-80.2,56.39],[-79.99,56.11],[-80.2,56.05],[-80.04,55.84],[-79.18,55.98],[-79.2,56.11],[-78.76,56.11],[-78.76,56.46],[-79.34,56.52]]],[[[-82.13,53.19],[-82.23,53.33],[-82.11,53.39],[-82.22,53.66],[-82.1,53.73],[-82.46,54.21],[-82.47,54.34],[-82.18,54.75],[-82.32,55.16],[-83.87,55.36],[-84.96,55.29],[-85.96,55.77],[-87.65,56.11],[-87.88,56.39],[-89.06,56.94],[-89.83,57.01],[-90.78,57.28],[-91.67,57.28],[-91.61,57.21],[-92.37,57.08],[-92.48,57.49],[-92.97,58.11],[-92.88,58.11],[-93.26,58.81],[-94.52,58.81],[-94.86,59.16],[-94.63,59.29],[-94.86,59.71],[-94.66,60.07],[-94.81,60.49],[-94.31,60.63],[-94.3,60.98],[-94.09,61.05],[-94.06,61.48],[-93.84,61.62],[-93.35,61.69],[-93.48,61.9],[-93.09,61.97],[-93.12,62.19],[-92.99,62.33],[-92.5,62.4],[-92.65,62.55],[-91.99,62.55],[-92.21,62.76],[-92.47,62.83],[-91.16,62.83],[-91.23,62.9],[-90.65,62.98],[-90.61,63.12],[-90.98,63.48],[-91.67,63.7],[-90.58,63.55],[-90.09,63.62],[-89.95,63.77],[-90.08,63.99],[-88.37,63.99],[-88.05,64.13],[-88.1,64.28],[-87.79,64.35],[-87.82,64.57],[-87.07,64.86],[-87.1,65.08],[-87.4,65.37],[-86.76,65.59],[-86.41,65.81],[-86.46,65.96],[-85.96,66.03],[-86.17,66.33],[-86.56,66.33],[-86.71,66.48],[-85.62,66.55],[-85.32,66.25],[-84.56,66.18],[-84.11,65.74],[-83.46,65.66],[-83.98,66.18],[-83.76,66.25],[-84.29,66.77],[-84.66,66.85],[-84.52,67],[-83.64,66.33],[-83.16,66.33],[-83.01,66.48],[-82.48,66.62],[-82.56,66.7],[-82.05,66.77],[-81.98,67],[-81.24,67.15],[-81.25,67.44],[-81.48,67.67],[-82,67.89],[-82.45,68.42],[-82.41,68.57],[-81.82,68.57],[-81.2,68.65],[-81.49,69.03],[-81.27,69.11],[-81.43,69.26],[-82.22,69.33],[-82.81,69.79],[-83.62,69.79],[-84.4,69.95],[-83.17,70.02],[-82.41,69.79],[-81.9,69.79],[-81.68,69.87],[-81.12,69.72],[-80.81,69.72],[-81.33,70.1],[-81.02,70.1],[-80.27,69.87],[-80.79,69.79],[-80.45,69.56],[-80.05,69.56],[-79.32,69.64],[-79.46,69.87],[-78.63,69.95],[-79.02,70.41],[-78.55,70.26],[-77.94,70.26],[-77.76,69.79],[-77.26,69.79],[-77.02,69.56],[-75.89,69.33],[-75.76,69.11],[-76.86,69.11],[-76.71,68.65],[-75.79,68.73],[-75.54,68.88],[-74.94,68.88],[-74.54,68.57],[-74.35,68.27],[-73.26,68.27],[-73.15,68.05],[-72.36,67.3],[-73.17,67],[-72.97,66.77],[-73.9,66.62],[-74.35,66.48],[-74.29,66.4],[-74.64,66.25],[-74.37,65.96],[-73.78,65.74],[-73.65,65.59],[-74.42,65.59],[-74.48,65.44],[-75.35,65.44],[-75.28,65.37],[-76.44,65.37],[-76.96,65.52],[-77.54,65.52],[-77.69,65.37],[-77.55,65.22],[-78.16,65.15],[-78.39,64.79],[-78.06,64.42],[-77.74,64.28],[-77,64.2],[-75.71,64.35],[-75.81,64.57],[-75.2,64.42],[-74.54,64.42],[-74.63,64.64],[-74.28,64.57],[-74.06,64.42],[-73.81,64.57],[-72.39,63.7],[-71.58,63.62],[-72.12,63.48],[-71.48,63.05],[-71.17,62.9],[-70.94,62.62],[-70.54,62.47],[-70.28,62.62],[-70.4,62.76],[-69.74,62.76],[-69.03,62.33],[-67.28,62.12],[-66.65,61.9],[-66,61.9],[-66.11,62.05],[-66.09,62.26],[-66.53,62.47],[-66.69,62.69],[-67.12,62.76],[-67.84,63.19],[-68.12,63.19],[-68.9,63.7],[-68.43,63.7],[-68.01,63.41],[-67.59,63.48],[-67.23,63.26],[-66.95,63.26],[-66.84,63.12],[-66.56,63.12],[-66.3,62.9],[-65.88,62.98],[-65.49,62.83],[-65.28,62.55],[-64.61,62.4],[-64.68,62.62],[-64.96,62.62],[-64.93,62.83],[-64.7,62.9],[-64.79,63.26],[-64.48,63.48],[-64.85,63.84],[-64.92,64.06],[-65.11,64.06],[-65.38,64.28],[-65.05,64.35],[-65.38,64.64],[-65.39,64.79],[-65.68,64.79],[-65.8,64.93],[-66.16,64.79],[-66.58,65.08],[-66.81,65],[-67.39,65.59],[-67.41,65.74],[-67.8,65.74],[-67.92,65.88],[-67.21,65.96],[-67.77,66.4],[-67.09,66.4],[-67.21,66.55],[-66.98,66.62],[-66.61,66.18],[-66.23,66.18],[-65.95,65.96],[-65.66,65.96],[-65.52,65.66],[-65.33,65.66],[-65.19,65.37],[-64.82,65.15],[-64.4,65.22],[-64.28,65.08],[-64,65.08],[-63.54,64.86],[-63.52,65.08],[-63.33,65.08],[-63.57,65.52],[-63.55,65.74],[-63.15,65.59],[-62.66,65.59],[-62.78,65.74],[-62.51,65.88],[-62.52,66.03],[-62.14,66.03],[-62.4,66.25],[-62.37,66.33],[-61.78,66.33],[-61.66,66.55],[-61.27,66.55],[-61.5,66.85],[-62.4,67],[-63.15,67.07],[-62.97,67.22],[-63.09,67.37],[-63.92,67.3],[-64.13,67.67],[-64.48,67.74],[-64.61,67.89],[-64.9,67.89],[-65,68.12],[-65.56,67.97],[-65.95,68.2],[-66.28,68.12],[-66.75,68.2],[-66.88,68.35],[-67.27,68.35],[-67.47,68.57],[-67.87,68.57],[-68.74,68.65],[-68.87,68.8],[-68.17,68.8],[-68.38,69.03],[-67.98,69.03],[-68.18,69.26],[-66.61,69.18],[-66.81,69.41],[-67.25,69.56],[-68.16,69.56],[-68.2,69.72],[-67.19,69.72],[-67.16,69.79],[-67.51,70.18],[-68.16,70.33],[-68.66,70.33],[-68.71,70.49],[-68.3,70.49],[-68.62,70.72],[-69.28,70.88],[-70.48,70.95],[-70.71,71.19],[-71.12,71.19],[-71.33,71.5],[-71.69,71.66],[-73.12,71.74],[-73.06,71.58],[-73.47,71.58],[-73.93,71.81],[-74.26,72.13],[-74.97,72.21],[-75.12,72.45],[-75.4,72.61],[-76.43,72.69],[-75.98,72.84],[-76.54,73.25],[-77.43,73.65],[-79.96,73.73],[-80.59,73.89],[-81.02,73.81],[-80.85,73.33],[-80.33,73.25],[-79.96,72.84],[-79.66,72.76],[-77.97,72.84],[-77.88,72.76],[-78.63,72.69],[-78.74,72.61],[-78.47,72.37],[-78.89,72.37],[-79.61,72.45],[-80.57,72.29],[-80.74,72.53],[-80.2,72.69],[-80.57,73],[-80.65,73.25],[-81.06,73.33],[-81.66,73.81],[-83.25,73.81],[-83.15,73.73],[-85.17,73.49],[-85.18,73.25],[-85.4,73.08],[-85.83,73],[-85.94,72.84],[-85.65,72.53],[-85.25,72.37],[-86.21,72.13],[-85.33,71.66],[-84.83,71.58],[-84.95,71.42],[-86.33,71.97],[-86.41,72.29],[-86.18,72.45],[-86.68,72.76],[-86.03,73.16],[-85.92,73.41],[-85.38,73.49],[-84.85,73.65],[-85.16,73.89],[-88.14,73.81],[-88.98,73.49],[-88.98,73.33],[-89.51,73.16],[-89.41,72.84],[-89.83,72.84],[-89.83,72.53],[-90.15,72.45],[-89.95,72.13],[-90.27,72.05],[-90.08,71.74],[-90.2,71.58],[-89.91,71.34],[-87.96,71.27],[-87.48,71.03],[-88.5,71.03],[-89.1,71.19],[-89.72,71.19],[-89.43,70.95],[-89.45,70.8],[-88.68,70.41],[-87.89,70.26],[-86.95,70.41],[-86.21,70.02],[-84.98,70.1],[-84.6,69.95],[-84.92,69.87],[-85.82,69.95],[-85.57,69.64],[-85.72,69.41],[-85.1,69.03],[-85.15,68.8],[-85.95,68.8],[-85.98,68.65],[-85.87,68.27],[-86.42,68.05],[-86.65,68.35],[-87.04,68.35],[-87.01,68.05],[-87.13,67.97],[-86.7,67.67],[-86.66,67.44],[-87.15,67.44],[-87.09,67.3],[-87.4,67.22],[-88.41,67.97],[-88.47,68.2],[-87.85,68.27],[-87.81,68.5],[-88.22,68.95],[-88.86,69.26],[-89.57,69.26],[-89.88,69.18],[-89.83,68.88],[-90.14,68.8],[-90,68.5],[-90.32,68.35],[-90.36,68.73],[-91.07,69.26],[-90.68,69.18],[-90.17,69.26],[-90.33,69.49],[-90.82,69.64],[-91.81,69.72],[-91.93,69.56],[-92.52,69.72],[-92.6,69.87],[-92.09,69.95],[-92.27,70.18],[-91.56,70.18],[-92.82,70.88],[-92.8,71.19],[-93.19,71.5],[-93.5,71.58],[-93.8,71.81],[-94.32,71.81],[-94.74,71.97],[-94.01,71.97],[-93.8,72.13],[-93.8,72.29],[-93.38,72.37],[-93.92,72.84],[-91.92,72.69],[-91.82,72.84],[-91.3,73.08],[-91.41,73.25],[-91.09,73.33],[-91.1,73.57],[-90.57,73.57],[-90.58,73.81],[-90.38,73.89],[-90.6,74.05],[-91.03,74.14],[-92.41,74.05],[-92.75,74.22],[-93.4,74.3],[-95.21,74.22],[-95.52,74.14],[-95.48,73.89],[-95.9,73.81],[-95.88,73.65],[-95.63,73.33],[-95.62,73.16],[-95.92,72.92],[-95.27,72.53],[-95.36,72.29],[-95.25,71.89],[-95.46,71.74],[-96.08,71.74],[-95.87,71.5],[-96.6,71.42],[-96.7,71.27],[-96.6,71.11],[-96.81,70.95],[-96.41,70.57],[-96.72,70.49],[-96.73,70.26],[-96.05,69.79],[-95.06,69.56],[-94.36,69.49],[-94.57,69.41],[-94.4,69.11],[-94.72,68.95],[-94.45,68.73],[-93.96,68.65],[-93.87,68.57],[-94.39,68.42],[-94.41,68.27],[-95.62,68.12],[-95.83,67.97],[-95.85,67.82],[-95.5,67.52],[-95.81,67.44],[-96.2,67.44],[-96.38,67.59],[-96.05,67.82],[-96.02,68.05],[-96.18,68.35],[-96.59,68.27],[-97.08,68.35],[-97.26,68.5],[-96.47,68.5],[-95.86,68.57],[-95.84,68.73],[-95.34,68.73],[-95.52,68.95],[-95.82,68.95],[-96.38,69.41],[-95.38,69.33],[-95.37,69.49],[-95.75,69.72],[-96.97,69.56],[-97.86,69.95],[-98.57,69.87],[-98.48,69.64],[-98.89,69.56],[-98.7,69.33],[-99.81,69.18],[-99.43,68.88],[-98.33,68.8],[-98.14,68.65],[-98.06,68.42],[-98.86,68.42],[-98.49,68.12],[-98.89,68.12],[-98.62,67.82],[-99.01,67.82],[-99.7,67.89],[-102.57,67.82],[-103.15,67.97],[-103.44,68.2],[-104.53,68.12],[-104.73,68.27],[-105.42,68.42],[-105.32,68.5],[-105.52,68.73],[-106.13,69.03],[-107.32,68.88],[-108.61,68.65],[-108.91,68.5],[-108.4,68.12],[-108.1,67.74],[-108.4,67.67],[-108.2,67.52],[-107.9,67.52],[-107.51,67.22],[-107.81,67.07],[-108.79,67.67],[-109.19,67.82],[-109.78,67.82],[-110.18,68.05],[-111.66,67.89],[-111.56,67.82],[-112.84,67.82],[-112.74,67.74],[-114.12,67.74],[-115.12,67.89],[-115.14,68.12],[-113.96,68.27],[-113.97,68.42],[-114.29,68.65],[-115.54,69.03],[-115.95,69.11],[-116.44,69.03],[-116.32,68.88],[-117.94,69.03],[-118.99,69.33],[-120.01,69.41],[-121.73,69.87],[-123.34,69.87],[-123.51,69.72],[-123.55,69.49],[-124.34,69.41],[-124.48,69.56],[-124.19,69.64],[-124.68,69.95],[-125.41,70.02],[-125.35,69.79],[-125.65,69.79],[-125.38,69.56],[-125.45,69.41],[-125.75,69.41],[-126.29,69.56],[-127.08,70.18],[-128.04,70.64],[-128.45,70.64],[-128.4,70.49],[-128.02,70.26],[-128.4,70.18],[-128.63,69.95],[-128.91,69.87],[-129.44,69.95],[-129.39,70.1],[-129.77,70.33],[-131.69,70.02],[-131.64,69.87],[-132.04,69.87],[-131.66,69.64],[-130.95,69.64],[-130.95,69.33],[-132.01,69.49],[-131.73,69.56],[-132.01,69.79],[-133.3,69.72],[-133.14,69.56],[-133.72,69.49],[-134.51,69.72],[-134.65,69.56],[-135.46,69.56],[-135.4,69.41],[-136.28,69.33],[-135.81,68.88],[-137.57,69.03],[-139.19,69.56],[-140.06,69.72],[-141.17,69.72],[-140.9,69.33],[-141.04,68.73],[-141.24,68.73],[-141.02,68.42],[-141.03,68.2],[-141.23,68.2],[-141.02,67.89],[-141.03,67.67],[-141.23,67.67],[-141.24,67.44],[-141.04,67.15],[-141.24,67.15],[-141.04,66.85],[-141.06,66.62],[-141.26,66.62],[-141.06,66.33],[-141.26,66.33],[-141.04,65.96],[-141.24,65.96],[-141.03,65.59],[-141.22,65.59],[-141.02,65.22],[-141.21,65.22],[-141,64.79],[-141.19,64.79],[-140.99,64.42],[-141.19,64.42],[-141,64.06],[-141.19,64.06],[-141,63.7],[-141.19,63.7],[-141.02,63.34],[-141.2,63.34],[-141.04,63.05],[-141.23,63.05],[-141.06,62.69],[-141.25,62.69],[-141.04,62.12],[-141.19,61.9],[-141.02,61.48],[-141.1,61.41],[-140.97,60.63],[-141.03,60.42],[-140.83,60.28],[-140.09,60.21],[-139.83,60.35],[-139.29,60.35],[-138.87,59.92],[-137.72,59.29],[-137.52,59.02],[-136.89,59.09],[-136.99,59.16],[-136.64,59.29],[-136.47,59.43],[-136.39,59.64],[-135.85,59.71],[-135.31,59.71],[-134.73,59.16],[-133.44,58.39],[-133.53,58.39],[-132.38,57.35],[-132.3,57.08],[-131.87,56.66],[-131,56.46],[-130.06,55.98],[-130.07,55.84],[-130.26,55.7],[-129.95,55.29],[-129.97,55.09],[-129.89,55.02],[-130.43,54.89],[-130.27,54.75],[-130.62,54.75],[-130.55,54.61],[-130.65,54.48],[-130.17,54.14],[-130.96,54.07],[-130.8,53.94],[-130.55,53.87],[-130.5,53.66],[-130.67,53.66],[-129.98,53.12],[-129.63,53.12],[-129.24,52.92],[-129.51,52.86],[-129.07,52.45],[-128.76,52.32],[-128.64,52.45],[-128.14,52.38],[-128,52.25],[-128.51,52.25],[-128.19,51.78],[-128.29,51.71],[-127.7,51.31],[-127.89,51.25],[-127.62,50.98],[-126.72,50.85],[-126.52,50.65],[-126.19,50.65],[-126.06,50.51],[-127.2,50.65],[-127.89,50.91],[-128.41,50.85],[-128.53,50.71],[-128.33,50.51],[-128.09,50.45],[-127.85,50.11],[-127.37,50.05],[-126.84,49.58],[-126.67,49.58],[-126.57,49.38],[-125.98,49.38],[-125.71,49.18],[-125.84,49.05],[-125.2,48.99],[-125.24,48.85],[-125.12,48.72],[-123.86,48.32],[-123.25,48.39],[-123.54,48.72],[-123.29,48.72],[-123.94,49.25],[-124.62,49.45],[-125.57,50.45],[-125.07,50.45],[-124.79,50.25],[-124.89,50.18],[-124.83,49.85],[-124.43,49.52],[-124.18,49.52],[-124.43,49.78],[-123.99,49.85],[-123.81,49.65],[-124.29,49.71],[-123.73,49.38],[-123.29,49.45],[-123.33,49.32],[-123.09,49.05],[-122.87,48.99],[-95.22,48.99],[-95.26,49.38],[-95.14,49.45],[-94.86,49.18],[-94.66,48.79],[-94.32,48.65],[-93.91,48.65],[-93.65,48.52],[-92.99,48.65],[-92.44,48.32],[-92.1,48.32],[-91.51,48.06],[-90.77,48.19],[-90.15,48.13],[-89.9,47.99],[-89.49,48.13],[-89.45,48.32],[-89.29,48.32],[-89.25,48.52],[-89.13,48.59],[-88.59,48.52],[-88.72,48.85],[-88.47,48.85],[-88.35,49.05],[-87.94,49.05],[-87.47,48.85],[-86.48,48.85],[-86.18,48.52],[-86.01,48.13],[-85.68,47.99],[-85.02,47.99],[-84.89,47.8],[-84.98,47.66],[-84.57,47.27],[-84.74,47.14],[-84.38,46.81],[-84.54,46.81],[-84.43,46.61],[-84.51,46.48],[-84.1,46.48],[-83.94,46.35],[-83.45,46.35],[-83.05,46.22],[-82.35,46.28],[-81.9,46.22],[-81.63,46.02],[-80.89,46.02],[-80.66,45.89],[-80.36,45.5],[-80.12,45.37],[-79.84,44.84],[-80,44.84],[-79.94,44.58],[-80.03,44.45],[-80.36,44.45],[-81.14,44.84],[-81.48,45.17],[-81.24,44.58],[-81.73,43.99],[-81.7,43.34],[-81.91,43.28],[-81.92,43.15],[-82.49,43.02],[-82.42,42.89],[-82.56,42.69],[-82.44,42.3],[-83.07,42.3],[-83.05,42.11],[-82.54,42.04],[-82.53,42.17],[-81.99,42.37],[-81.98,42.5],[-81.74,42.5],[-81.6,42.69],[-80.44,42.63],[-80.51,42.76],[-80.14,42.82],[-80.18,42.89],[-79.21,42.89],[-79.09,42.95],[-79.19,43.15],[-79.09,43.28],[-79.7,43.21],[-79.87,43.54],[-79.71,43.54],[-79.65,43.73],[-79.4,43.86],[-78.26,43.99],[-78.29,44.06],[-77.04,43.99],[-77.26,44.25],[-76.2,44.39],[-76.16,44.32],[-76,44.32],[-75.81,44.58],[-75.65,44.58],[-75.59,44.78],[-75.09,44.91],[-75.12,44.97],[-71.63,44.97],[-71.53,45.1],[-71.37,45.1],[-71.38,45.3],[-70.9,45.3],[-70.6,45.69],[-70.44,45.69],[-70.29,45.89],[-70.34,46.15],[-70.06,46.41],[-70.11,46.68],[-70.01,46.81],[-69.67,46.94],[-69.28,47.47],[-68.89,47.2],[-68.14,47.33],[-67.91,47.2],[-67.83,46.87],[-67.77,46.41],[-67.8,46.15],[-67.9,46.02],[-67.37,45.24],[-67.06,45.1],[-66.25,45.1],[-66.15,45.24],[-65.58,45.24],[-65.21,45.5],[-64.97,45.5],[-64.88,45.3],[-64.6,45.24],[-65.49,45.04],[-65.67,44.91],[-65.74,44.71],[-65.99,44.71],[-66.24,44.39],[-66.18,44.25],[-66.34,44.06],[-66.19,43.73],[-65.43,43.47],[-65.36,43.67],[-64.95,43.67],[-64.78,43.99],[-64.43,44.12],[-64.44,44.32],[-64.09,44.45],[-64.07,44.58],[-63.52,44.45],[-63.5,44.58],[-62.45,44.78],[-62.08,45.04],[-61.62,45.1],[-61.65,45.17],[-61.08,45.17],[-61.08,45.37],[-61.33,45.56],[-60.51,45.56],[-60.3,45.63],[-60.14,45.82],[-59.79,45.96],[-59.9,46.22],[-60.45,46.35],[-60.29,46.55],[-60.26,46.68],[-60.6,47.07],[-60.82,47.01],[-61.32,46.28],[-61.48,46.28],[-61.64,46.09],[-61.55,45.69],[-61.79,45.69],[-61.96,45.89],[-62.69,45.69],[-62.75,45.82],[-63.87,45.96],[-63.91,46.22],[-64.1,46.28],[-64.51,46.28],[-64.9,46.94],[-64.77,47.01],[-64.83,47.14],[-65.03,47.2],[-64.67,47.66],[-64.74,47.8],[-65.43,47.86],[-65.69,47.73],[-65.91,47.99],[-66.47,48.13],[-65.16,47.99],[-65.06,48.13],[-64.8,48.26],[-64.63,48.26],[-64.53,48.39],[-64.28,48.39],[-64.18,48.52],[-64.31,48.79],[-64.15,48.79],[-64.25,48.99],[-64.8,49.25],[-66.55,49.25],[-66.51,49.18],[-67.41,48.99],[-67.38,48.92],[-68.22,48.79],[-68.48,48.65],[-68.58,48.52],[-68.83,48.52],[-68.97,48.32],[-69.4,48.19],[-69.6,47.93],[-69.76,47.93],[-69.65,48.19],[-69.31,48.32],[-69.05,48.79],[-68.54,48.92],[-68.53,49.05],[-68.19,49.05],[-68.22,49.25],[-67.29,49.38],[-67.14,49.58],[-67.21,49.71],[-66.98,50.05],[-66.42,50.11],[-66.5,50.25],[-65.74,50.25],[-65.78,50.31],[-63.93,50.31],[-63.39,50.25],[-63.09,50.31],[-62.67,50.31],[-62.05,50.25],[-61.81,50.11],[-59.95,50.25],[-59.93,50.38],[-59.49,50.51],[-59.47,50.65],[-58.95,50.78],[-58.92,51.05],[-58.61,51.11],[-58.63,51.31],[-58.12,51.31],[-57.73,51.38],[-57.77,51.45],[-56.92,51.45],[-56.95,51.51],[-57.05,51.71],[-56.95,51.85],[-57,52.12],[-63.48,52.12],[-63.67,52.45],[-63.74,52.72],[-63.57,52.72],[-63.47,52.86],[-63.5,53.06],[-63.67,53.19],[-64.06,52.99],[-63.92,52.59],[-63.92,52.45],[-64.06,52.38],[-63.95,52.05],[-64.17,51.98],[-64.36,52.32],[-64.61,52.45],[-65.17,52.38],[-65.24,52.65],[-65.78,52.99],[-66.38,52.99],[-66.54,53.26],[-66.41,53.46],[-66.62,53.8],[-66.83,53.87],[-67.3,54.75],[-66.83,54.82],[-67.13,55.29],[-66.56,54.95],[-66.26,55.02],[-66.39,55.36],[-65.56,54.89],[-64.17,54.89],[-63.91,54.75],[-63.25,54.95],[-63.34,55.09],[-63.07,55.36],[-63.24,55.77],[-63.89,56.39],[-63.71,56.52],[-63.94,56.87],[-63.94,57.01],[-63.76,57.14],[-63.85,57.56],[-63.76,57.56],[-64.36,58.18],[-64.01,58.46],[-63.93,58.74],[-64.24,58.67],[-64.88,58.95],[-64.38,58.88],[-64.3,59.02],[-64.79,59.85],[-64.77,60.21],[-64.63,60.28],[-64.92,60.42],[-65.35,60],[-65.25,59.85],[-65.7,59.85],[-65.69,59.71],[-65.45,59.5],[-65.67,59.29],[-65.94,59.29],[-65.79,59.09],[-66.1,59.02],[-66,58.88],[-66.73,58.88],[-66.71,58.6],[-67.68,58.32],[-67.97,58.6],[-68.33,58.6],[-68.67,58.95],[-69.3,58.95],[-69.46,59.16],[-69.24,59.22],[-69.34,59.36],[-69.71,59.5],[-69.6,59.71],[-69.86,60.07],[-69.6,60.21],[-69.78,60.56],[-69.71,60.7],[-69.35,60.84],[-69.66,61.12],[-69.85,61.12],[-69.87,60.91],[-70.05,60.91],[-70.31,61.12],[-71.71,61.26],[-71.82,61.41],[-71.57,61.55],[-71.74,61.76],[-72.11,61.76],[-72.22,61.9],[-72.65,61.97],[-72.73,62.19],[-73.01,62.19],[-73.53,62.47],[-74.28,62.47],[-74.22,62.4],[-75.03,62.26],[-76.27,62.4],[-77.01,62.62],[-77.86,62.62],[-77.79,62.55],[-78.35,62.33],[-78.35,62.12],[-77.76,61.55],[-77.95,61.34],[-77.83,61.19],[-78.29,60.98],[-77.87,60.7],[-77.93,60.56],[-77.44,59.85],[-77.6,59.71],[-77.87,59.71],[-78.03,59.57],[-78.07,59.29],[-78.41,59.16],[-78.38,59.02],[-78.65,59.02],[-78.57,58.81],[-78.7,58.74],[-78.58,58.6],[-78.4,58.6],[-77.19,57.97],[-76.7,57.35],[-76.72,57.14],[-76.57,56.59],[-76.8,56.32],[-76.9,55.98],[-77.23,55.84],[-77.34,55.63],[-78.48,55.16],[-78.43,55.09],[-79.11,54.95],[-79.06,54.89],[-79.79,54.82],[-79.86,54.68],[-79.63,54.48],[-79.51,54.21],[-79.13,53.8],[-79.3,53.8],[-79.04,53.19],[-79.16,53.12],[-78.97,52.86],[-78.66,52.52],[-78.6,52.32],[-78.81,52.25],[-78.96,51.85],[-79.13,51.85],[-78.95,51.45],[-79.55,51.71],[-79.84,51.38],[-79.79,51.18],[-80.18,51.38],[-80.43,51.38],[-80.53,51.65],[-80.8,51.92],[-81.63,52.25],[-81.5,52.32],[-81.69,52.59],[-82.29,53.06],[-82.13,53.19]],[[-99.51,53.33],[-99.34,53.53],[-99.32,53.8],[-99.18,53.94],[-98.32,53.94],[-97.94,53.8],[-97.48,53.26],[-97.36,52.92],[-97.03,52.32],[-97.11,52.32],[-96.23,51.11],[-96.21,50.98],[-96.39,50.78],[-96.28,50.65],[-96.57,50.58],[-96.5,50.38],[-96.92,50.38],[-97.18,50.71],[-97.22,50.98],[-97.04,51.18],[-97.2,51.38],[-97.39,51.51],[-97.55,51.71],[-97.41,51.85],[-97.43,51.98],[-98,51.85],[-99.13,52.99],[-99.33,53.12],[-99.51,53.33]],[[-112.19,62.33],[-111.99,62.47],[-111.13,62.69],[-111.39,62.9],[-111.1,62.98],[-109.6,62.98],[-109.23,62.9],[-108.89,62.62],[-109.27,62.55],[-109.72,62.76],[-110.37,62.76],[-110.11,62.55],[-110.59,62.47],[-110.42,62.33],[-111.26,62.26],[-111.28,62.12],[-111.66,61.97],[-111.49,61.83],[-112.07,61.62],[-111.99,61.55],[-112.37,61.41],[-113.49,61.34],[-113.59,61.26],[-113.52,60.98],[-114.92,60.84],[-114.83,60.77],[-115.75,60.77],[-116.65,60.98],[-117.2,60.98],[-117.64,61.26],[-116.91,61.19],[-116.99,61.34],[-116.08,61.26],[-115.88,61.48],[-115.95,61.69],[-115.86,61.76],[-114.92,61.83],[-114.91,61.97],[-115.54,62.33],[-115.53,62.47],[-115.81,62.47],[-116.27,62.83],[-115.99,62.83],[-114.88,62.47],[-114.41,62.47],[-113.61,62.05],[-112.29,62.19],[-112.19,62.33]],[[-122.27,66.77],[-121.7,66.92],[-121.12,67],[-119.56,67.07],[-119.05,66.77],[-119.82,66.7],[-119.71,66.62],[-120.28,66.48],[-120.18,66.4],[-118.62,66.4],[-118.34,66.48],[-118.45,66.7],[-117.97,66.7],[-117.45,66.25],[-117.83,66.18],[-117.82,65.96],[-118.1,65.88],[-117.8,65.66],[-118.96,65.66],[-119.26,65.81],[-119.65,65.81],[-119.54,65.66],[-119.93,65.66],[-119.52,65.37],[-119.9,65.22],[-120.56,65.08],[-120.46,65],[-121.4,64.79],[-121.7,65],[-123.14,65],[-123.74,65.3],[-123.17,65.3],[-123.08,65.37],[-123.21,65.66],[-122.63,65.66],[-122.45,65.81],[-122.76,66.03],[-121.5,66.03],[-121.91,66.25],[-122.79,66.25],[-123.25,66.03],[-123.46,66.18],[-124.13,66.11],[-124.46,66.4],[-123.8,66.55],[-122.16,66.7],[-122.27,66.77]],[[-125.42,66.33],[-124.64,66.33],[-124.32,66.11],[-124.4,65.96],[-124.98,65.96],[-125.42,66.33]]],[[[-80.09,62.4],[-80.52,62.05],[-80.2,61.69],[-79.58,61.62],[-79.56,61.9],[-79.37,61.9],[-79.28,62.12],[-79.5,62.47],[-80.09,62.4]]],[[[-83.84,62.62],[-84.15,62.55],[-83.81,62.19],[-82.88,62.19],[-82.95,62.26],[-82.1,62.76],[-81.89,62.83],[-82.18,63.05],[-82.84,63.05],[-82.89,62.9],[-83.73,62.9],[-83.88,62.76],[-83.84,62.62]]],[[[-80.83,64.13],[-81.59,64.13],[-82.05,64.71],[-83.29,65],[-83.51,65.22],[-83.77,65.3],[-84.25,65.3],[-85.07,66.11],[-85.38,66.03],[-85.23,65.88],[-86.08,65.96],[-86.22,65.81],[-86.18,65.59],[-86.44,65.37],[-86.29,65.22],[-86.44,64.71],[-86.66,64.64],[-86.34,64.13],[-87.24,63.99],[-87.16,63.91],[-87.42,63.7],[-87.18,63.55],[-86.71,63.55],[-86.57,63.7],[-85.81,63.7],[-85.89,63.48],[-85.63,63.12],[-84.55,63.26],[-84.59,63.41],[-84.04,63.62],[-83.99,63.77],[-83.71,63.77],[-83.73,63.99],[-83.58,64.13],[-82.78,63.99],[-82.6,63.7],[-82.13,63.7],[-81.36,63.48],[-80.33,63.7],[-80.44,63.91],[-80.83,64.13]]],[[[-87.3,70.18],[-87.12,70.02],[-86.52,69.95],[-86.69,70.18],[-87.3,70.18]]],[[[-96.32,72.61],[-96.65,72.84],[-97.06,72.76],[-97.4,73.08],[-97.84,73.25],[-97.11,73.33],[-97.46,73.57],[-96.82,73.57],[-97.19,73.89],[-97.51,73.89],[-97.77,74.22],[-99.45,74.05],[-99.09,73.81],[-100.2,74.05],[-100.39,73.97],[-101.23,73.89],[-100.86,73.65],[-101.71,73.65],[-101.46,73.41],[-100.7,73.33],[-100.24,73.08],[-100.62,72.76],[-101.25,72.76],[-102.05,73.16],[-102.97,73],[-102.94,72.84],[-102.59,72.61],[-102.06,72.53],[-101.61,72.29],[-100.77,72.21],[-99.59,71.66],[-99.27,71.34],[-98.24,71.34],[-98.04,71.5],[-98.25,71.66],[-97.53,71.66],[-96.39,71.81],[-96.6,71.97],[-96.4,72.13],[-96.62,72.37],[-96.3,72.37],[-96.32,72.61]]],[[[-97.07,72.92],[-96.44,72.92],[-96.79,73.25],[-97.31,73.16],[-97.07,72.92]]],[[[-94.53,75.71],[-96.5,75.71],[-96.11,75.45],[-96.28,75.29],[-96.8,75.2],[-96.65,75.04],[-95.74,74.79],[-94.52,74.63],[-93.56,74.63],[-93.35,74.71],[-93.5,74.96],[-93.42,75.12],[-94.06,75.54],[-94.53,75.71]]],[[[-90.86,77.24],[-89.63,77.24],[-89.54,77.32],[-90.09,77.67],[-91.02,77.76],[-91.42,77.58],[-90.86,77.24]]],[[[-96.13,77.85],[-96.28,77.93],[-94.81,77.93],[-94.73,78.02],[-95.18,78.29],[-94.61,78.29],[-95.18,78.55],[-96.09,78.55],[-96.4,78.73],[-97.4,78.91],[-98.43,78.91],[-98.3,78.64],[-98.49,78.55],[-97.57,78.02],[-96.89,77.76],[-96.55,77.76],[-95.74,77.41],[-93.08,77.5],[-92.99,77.58],[-93.31,77.85],[-96.13,77.85]]],[[[-99.07,79.73],[-98.42,79.82],[-98.96,80.19],[-99.47,80.28],[-100.25,80.19],[-99.87,79.91],[-99.4,79.91],[-99.07,79.73]]],[[[-82.47,82.57],[-82.28,82.35],[-85.41,82.57],[-85.44,82.35],[-86.54,82.35],[-86.17,82.04],[-88.52,82.14],[-88.35,82.04],[-91.29,81.83],[-90.91,81.53],[-90.43,81.53],[-89.95,81.23],[-89.87,81.04],[-88.42,80.65],[-86.65,80.65],[-85.29,80.47],[-83.52,80.47],[-83.6,80.75],[-82.88,80.75],[-82.34,80.47],[-83.05,80.47],[-82.62,80.19],[-81.64,80],[-81.35,79.73],[-83.73,80.37],[-86.68,80.37],[-86.36,80.09],[-86.56,80],[-86.13,79.73],[-86.94,79.73],[-86.77,79.91],[-87.92,80.56],[-89.1,80.56],[-90.44,80.65],[-92.15,81.33],[-94.35,81.43],[-93.85,81.13],[-95.16,81.13],[-95.36,81.04],[-94.86,80.75],[-95.65,80.65],[-95.68,80.47],[-96.39,80.47],[-96.06,80.28],[-96.89,80.28],[-95.41,79.36],[-95.02,79.27],[-93.98,79.27],[-94.37,79.09],[-93.8,78.82],[-93.34,78.82],[-93.12,78.55],[-92.45,78.29],[-90.34,78.11],[-90.28,78.29],[-89.46,78.2],[-88.55,78.2],[-88.35,78.29],[-88.66,78.55],[-87.72,78.46],[-87.16,78.11],[-86.05,78.2],[-85.51,77.85],[-84.8,77.67],[-84.52,77.41],[-85.66,77.5],[-85.81,77.67],[-86.55,77.93],[-87.93,78.02],[-88.31,77.76],[-87.64,77.32],[-86.95,77.24],[-89.59,77.06],[-90.77,76.89],[-90.23,76.55],[-90.57,76.55],[-91.3,76.81],[-93.16,76.72],[-93.8,76.98],[-95.28,77.06],[-95.42,77.15],[-96.76,77.15],[-97.06,77.06],[-97.11,76.89],[-95.82,76.38],[-93.92,76.3],[-93.18,76.38],[-92.26,75.79],[-92.55,75.62],[-92.71,75.37],[-92.23,75.12],[-92.33,75.04],[-91.85,74.71],[-91.4,74.63],[-90.77,74.71],[-90,74.54],[-88.94,74.71],[-88.38,74.46],[-85.49,74.46],[-85.6,74.54],[-83.88,74.46],[-83.98,74.54],[-83.02,74.63],[-82.48,74.46],[-80.33,74.54],[-80.44,74.63],[-79.89,74.79],[-79.24,74.87],[-79.46,75.04],[-80.1,75.2],[-79.34,75.29],[-79.67,75.54],[-80,75.54],[-80.22,75.71],[-81.21,75.71],[-81.66,75.96],[-84.5,75.87],[-84.38,75.79],[-86.01,75.71],[-85.77,75.45],[-86.53,75.45],[-87.21,75.71],[-88.29,75.62],[-89.09,75.79],[-89.55,75.96],[-90.78,76.04],[-90.58,76.13],[-89.37,76.13],[-88.98,76.38],[-87.21,76.38],[-86.35,76.46],[-85.88,76.3],[-84.55,76.3],[-84.68,76.38],[-84.15,76.55],[-83.47,76.46],[-82.14,76.38],[-82.04,76.46],[-81.04,76.46],[-81.14,76.3],[-80.8,76.21],[-80.14,76.3],[-79.15,76.3],[-78.94,76.46],[-77.95,76.46],[-77.63,76.81],[-77.98,77.06],[-79.09,76.98],[-78.99,77.15],[-79.23,77.32],[-78.11,77.32],[-78.23,77.41],[-77.69,77.58],[-78.18,77.93],[-76.37,77.93],[-76.15,78.02],[-76.39,78.2],[-75.14,78.2],[-74.92,78.29],[-75.4,78.55],[-74.6,78.55],[-74.5,78.73],[-74.98,79],[-74.29,79],[-74.79,79.45],[-72.94,79.54],[-72.6,79.63],[-71.43,79.63],[-70.97,79.73],[-70.75,79.91],[-70.99,80.19],[-69.82,80.19],[-70.06,80.37],[-69.12,80.47],[-68.06,80.65],[-68.18,80.75],[-67.11,80.94],[-64.48,81.23],[-64.12,81.33],[-64.6,81.73],[-62.06,81.83],[-60.72,82.14],[-60.95,82.46],[-61.32,82.57],[-62.54,82.57],[-63.16,82.68],[-63.41,82.9],[-64.4,82.9],[-65.99,82.79],[-66.25,83.01],[-69.33,83.01],[-69.48,83.13],[-73.05,83.13],[-73.27,83.01],[-76.35,83.01],[-77.06,82.9],[-79.92,83.01],[-79.45,82.68],[-81.24,82.9],[-82.06,82.79],[-82.47,82.57]]],[[[-63.09,46.22],[-63,46.02],[-62.81,45.96],[-62.48,45.96],[-62.47,46.28],[-61.95,46.41],[-62.01,46.55],[-63.29,46.48],[-63.52,46.61],[-63.84,46.61],[-63.96,46.68],[-64.06,47.07],[-64.24,46.94],[-64.41,46.94],[-64.51,46.81],[-64.42,46.61],[-64.17,46.61],[-64.08,46.41],[-63.83,46.41],[-63.74,46.22],[-63.09,46.22]]],[[[-64.4,49.78],[-64.03,49.71],[-63.5,49.32],[-63.1,49.18],[-62.28,49.05],[-61.73,49.12],[-61.86,49.38],[-62.43,49.52],[-63.1,49.85],[-64.59,49.98],[-64.4,49.78]]],[[[-68.5,60.56],[-68.58,60.42],[-68.42,60.21],[-67.79,60.35],[-68,60.63],[-68.5,60.56]]],[[[-65.17,61.41],[-64.71,61.41],[-64.73,61.69],[-64.97,61.76],[-65.13,61.97],[-65.41,61.97],[-65.16,61.76],[-65.62,61.76],[-65.17,61.41]]],[[[-78.78,63.55],[-78.37,63.19],[-78.11,63.12],[-77.52,63.19],[-77.62,63.41],[-78.03,63.55],[-78.78,63.55]]],[[[-76.77,63.41],[-76.58,63.41],[-77.09,63.77],[-77.66,63.77],[-77.15,63.41],[-76.77,63.41]]],[[[-75,68.12],[-75.59,68.42],[-76.91,68.35],[-76.84,68.27],[-77.58,67.82],[-77.17,67.3],[-76.9,67.22],[-75.7,67.3],[-75.18,67.37],[-75,67.59],[-75.18,67.89],[-75,68.12]]],[[[-75,68.12],[-74.45,67.74],[-73.46,67.74],[-73.55,68.05],[-74.48,68.2],[-75,68.12]]],[[[-78.82,68.27],[-78.9,68.35],[-79.37,68.42],[-79.32,68.27],[-78.82,68.27]]],[[[-74.8,68.42],[-74.99,68.73],[-75.16,68.8],[-75.59,68.73],[-75.47,68.5],[-75.12,68.35],[-74.8,68.42]]],[[[-78.63,68.57],[-78.78,68.73],[-79.08,68.73],[-78.85,68.5],[-78.63,68.57]]],[[[-76.85,69.49],[-77.45,69.49],[-77.5,69.33],[-77.26,69.11],[-76.74,69.18],[-76.85,69.49]]],[[[-78.82,69.64],[-78.68,69.41],[-78.92,69.26],[-79.57,69.11],[-79.36,68.8],[-78.84,68.88],[-78.24,69.18],[-78.53,69.56],[-78.13,69.56],[-78.27,69.79],[-78.82,69.64]]],[[[-79.03,76.04],[-79.15,76.21],[-79.69,76.13],[-79.46,75.87],[-78.91,75.87],[-79.03,76.04]]]]},"properties":{"NAME":"Canada","C":10,"name":"Canada","start_year":1932,"end_year":1948,"capital":"","type":"polity","region":"","event":"","source":"Cliopatria / Seshat Global History Databank (CC BY 4.0)","wikipedia":"Canada","wikidata":"Q16","_a":3466,"_c":[-99.09,62.58],"_nz":"加拿大","_sz":""}},
{"type":"Feature","geometry":{"type":"Polygon","coordinates":[[[102.05,6.26],[102.06,6.33],[101.77,6.46],[101.72,6.71],[101.51,6.91],[100.85,6.91],[100.65,7.16],[100.51,7.16],[100.53,7.49],[100.38,7.49],[100.47,7.68],[100.34,7.87],[100.3,8.39],[100.09,8.45],[99.96,8.71],[99.93,9.29],[99.27,9.29],[99.29,9.54],[99.16,9.67],[99.28,10.19],[99.21,10.31],[99.57,11.09],[99.6,11.41],[99.85,11.73],[99.88,11.99],[100.03,12.05],[100.1,13.4],[100.56,13.53],[100.99,13.46],[100.83,12.63],[101.55,12.56],[101.79,12.69],[102.11,12.31],[102.26,12.31],[102.22,11.99],[102.44,11.99],[102.6,12.11],[102.74,12.05],[102.84,12.31],[102.41,13.01],[102.39,13.53],[102.71,13.72],[102.9,14.11],[103.46,14.43],[104.92,14.43],[104.98,14.3],[105.43,14.36],[105.61,14.62],[105.65,14.94],[105.52,15.01],[105.68,15.65],[105.4,15.78],[105.43,15.97],[105.3,16.1],[104.89,16.29],[104.78,16.55],[104.83,17.39],[104.44,17.71],[104.46,17.84],[104.02,18.29],[103.36,18.35],[102.92,17.9],[102.55,17.9],[102.5,18.03],[102.07,18.16],[101.31,17.51],[101.08,17.45],[101.07,17.84],[101.27,18.22],[101.13,18.29],[101.18,18.61],[101.35,18.74],[101.4,19.06],[101.28,19.25],[101.31,19.44],[101.18,19.57],[100.52,19.57],[100.54,20.21],[100.13,20.41],[99.83,20.41],[99.41,20.09],[99.19,20.09],[98.92,19.76],[98.1,19.76],[97.94,19.64],[97.87,18.67],[97.77,18.54],[97.47,18.48],[97.45,18.35],[97.73,18.22],[97.92,17.51],[98.63,16.81],[98.64,16.36],[98.93,16.36],[98.91,16.16],[98.67,16.04],[98.67,15.52],[98.26,15.2],[98.23,14.94],[98.48,14.62],[98.47,14.49],[99.13,13.85],[99.24,13.59],[99.21,13.27],[99.28,13.27],[99.17,12.89],[99.43,12.56],[99.47,12.24],[99.66,11.99],[99.54,11.54],[98.98,10.96],[98.77,10.31],[98.53,10.06],[98.53,9.99],[98.13,8.71],[98.21,7.74],[98.43,7.81],[98.38,8.13],[98.47,8.32],[98.62,8.32],[98.67,8.06],[98.95,7.94],[98.94,7.68],[99.22,7.61],[99.28,7.29],[99.49,7.29],[99.48,7.1],[99.63,7.1],[99.61,6.84],[99.95,6.52],[100.03,6.52],[100.33,6.65],[100.39,6.52],[100.68,6.46],[101.09,6.07],[101.01,5.88],[101.07,5.62],[101.52,5.88],[101.66,5.75],[101.88,5.75],[102.05,6.26]]]},"properties":{"NAME":"Kingdom of Thailand","C":11,"name":"Kingdom of Thailand","start_year":1932,"end_year":1955,"capital":"","type":"polity","region":"","event":"","source":"Cliopatria / Seshat Global History Databank (CC BY 4.0)","wikipedia":"Thailand","wikidata":"Q869","_a":122,"_c":[101.57,13.02],"_nz":"泰王国","_sz":""}},
{"type":"Feature","geometry":{"type":"MultiPolygon","coordinates":[[[[-64.07,-54.76],[-64.42,-54.76],[-64.72,-54.82],[-64.8,-54.96],[-64.24,-54.89],[-64.07,-54.76]]],[[[-66.93,-55.03],[-66.28,-55.1],[-66.02,-54.96],[-65.24,-54.96],[-65.07,-54.69],[-66.07,-54.62],[-66.03,-54.55],[-66.38,-54.42],[-66.91,-54.28],[-66.87,-54.21],[-67.43,-54.01],[-67.48,-53.81],[-67.92,-53.67],[-68.05,-53.47],[-67.97,-53.33],[-68.45,-53.27],[-68.28,-53],[-68.33,-52.8],[-68.59,-52.8],[-68.71,-53],[-68.62,-53.13],[-68.7,-53.54],[-68.61,-53.54],[-68.69,-53.94],[-68.6,-53.94],[-68.68,-54.62],[-68.68,-54.89],[-68.2,-54.96],[-66.93,-55.03]]],[[[-64.19,-42.44],[-64.51,-42.44],[-64.54,-42.5],[-64.32,-42.76],[-64.32,-42.96],[-63.74,-42.89],[-63.6,-42.57],[-63.63,-42.24],[-63.74,-42.11],[-64.32,-42.18],[-64.38,-42.31],[-64.19,-42.44]]],[[[-54.71,-25.69],[-54.76,-26.46],[-54.96,-26.78],[-55.63,-27.17],[-55.75,-27.42],[-56.12,-27.36],[-56.2,-27.42],[-56.9,-27.55],[-57.57,-27.49],[-58.14,-27.29],[-58.67,-27.36],[-58.7,-27.1],[-58.33,-26.72],[-58.25,-26.27],[-58,-26.07],[-57.67,-25.43],[-58.06,-25.04],[-59.13,-24.72],[-59.18,-24.59],[-59.68,-24.4],[-59.8,-24.21],[-61.16,-23.82],[-61.54,-23.37],[-61.9,-23.24],[-62.22,-22.92],[-62.21,-22.79],[-62.74,-22.34],[-62.72,-22.21],[-62.94,-22.15],[-62.99,-22.02],[-64.04,-22.09],[-64.22,-22.28],[-64.36,-22.73],[-64.51,-22.79],[-64.61,-22.41],[-64.87,-22.15],[-65.84,-22.15],[-66.31,-21.83],[-66.43,-22.15],[-66.58,-22.15],[-67.27,-22.79],[-67.08,-23.05],[-67.29,-23.89],[-67.55,-24.14],[-68.26,-24.34],[-68.61,-24.66],[-68.66,-24.92],[-68.53,-25.04],[-68.7,-25.56],[-68.48,-26.01],[-68.67,-26.59],[-68.42,-26.84],[-68.46,-27.04],[-68.95,-27.23],[-69.34,-28],[-69.73,-28.39],[-69.9,-29.09],[-70.08,-29.22],[-70.16,-29.54],[-70.13,-29.74],[-70.01,-29.87],[-70.06,-30.06],[-69.96,-30.25],[-70.36,-30.64],[-70.41,-31.09],[-70.69,-31.28],[-70.68,-31.79],[-70.43,-31.99],[-70.45,-32.31],[-70.25,-32.44],[-70.29,-32.82],[-70.1,-32.95],[-70.19,-33.27],[-69.93,-33.4],[-70.05,-34.04],[-69.93,-34.17],[-70.24,-34.43],[-70.65,-35.46],[-70.47,-35.84],[-70.48,-36.1],[-71.18,-36.55],[-71.32,-36.94],[-71.24,-36.94],[-71.22,-37.33],[-71.31,-37.78],[-71.17,-38.04],[-71.21,-38.17],[-71.08,-38.23],[-71.1,-38.49],[-70.97,-38.55],[-71.04,-38.75],[-71.43,-38.94],[-71.58,-39.52],[-71.79,-39.65],[-71.87,-39.84],[-71.71,-40.04],[-71.92,-40.36],[-71.79,-40.43],[-72.04,-40.82],[-71.93,-40.95],[-71.99,-41.27],[-71.91,-41.27],[-72.03,-41.72],[-71.83,-41.98],[-71.88,-42.11],[-72.18,-42.24],[-72.27,-42.44],[-72.14,-42.5],[-72.25,-43.09],[-71.96,-43.15],[-71.86,-43.28],[-71.98,-43.54],[-71.85,-43.61],[-71.89,-43.87],[-71.76,-43.94],[-71.94,-44.33],[-71.76,-44.46],[-71.36,-44.46],[-71.26,-44.59],[-71.35,-44.78],[-71.98,-44.92],[-71.55,-45.05],[-71.41,-45.24],[-71.39,-45.37],[-71.76,-45.64],[-71.85,-45.83],[-71.75,-45.96],[-71.92,-46.29],[-71.67,-46.62],[-71.93,-46.82],[-72.04,-47.34],[-72.23,-47.41],[-72.54,-48],[-72.31,-48.2],[-72.68,-48.73],[-72.7,-48.93],[-73.03,-49.06],[-73.57,-49.59],[-73.47,-49.85],[-73.58,-50.19],[-73.27,-50.52],[-73.34,-50.79],[-73.13,-50.85],[-72.88,-50.72],[-72.37,-50.72],[-72.24,-50.92],[-72.38,-51.59],[-72.03,-51.86],[-72.03,-51.99],[-71.77,-52.12],[-69.47,-52.12],[-69.3,-52.26],[-68.44,-52.39],[-68.44,-52.26],[-68.59,-51.92],[-68.76,-51.92],[-68.86,-51.65],[-69.11,-51.65],[-68.97,-51.25],[-69.11,-51.05],[-69.28,-51.05],[-69.1,-50.59],[-68.37,-50.19],[-67.92,-50.12],[-67.64,-49.59],[-67.7,-49.39],[-67.49,-48.99],[-66.38,-48.27],[-65.87,-48.07],[-65.81,-47.94],[-65.94,-47.87],[-65.69,-47.34],[-65.76,-47.14],[-66.72,-47.08],[-66.99,-46.95],[-67.11,-46.68],[-67.46,-46.55],[-67.66,-46.29],[-67.65,-46.09],[-67.36,-45.64],[-66.96,-45.31],[-66.61,-45.24],[-66.55,-45.11],[-65.63,-45.05],[-65.57,-44.92],[-65.75,-44.78],[-65.45,-44.65],[-65.28,-44.26],[-65.36,-44.26],[-65.27,-43.87],[-65.41,-43.81],[-65.32,-43.61],[-64.83,-43.22],[-64.49,-43.15],[-64.4,-42.96],[-64.81,-42.96],[-64.99,-42.83],[-64.94,-42.7],[-64.64,-42.57],[-64.59,-42.24],[-65.15,-42.05],[-65.02,-41.53],[-65.24,-41.27],[-65.16,-40.88],[-64.9,-40.82],[-64.79,-40.95],[-64.55,-40.95],[-64.02,-41.21],[-63.14,-41.21],[-62.7,-41.08],[-62.39,-40.88],[-62.29,-40.62],[-62.59,-40.36],[-62.13,-39.52],[-62.41,-39.2],[-62.32,-38.94],[-61.97,-39.07],[-61.03,-39.07],[-58.7,-38.68],[-57.7,-38.23],[-57.58,-37.84],[-56.78,-37],[-56.75,-36.36],[-57.28,-36.3],[-57.48,-35.91],[-57.31,-35.59],[-57.28,-35.2],[-58.38,-34.69],[-58.6,-34.36],[-58.47,-34.17],[-58.63,-33.91],[-58.43,-33.14],[-58.26,-33.08],[-58.21,-32.89],[-58.33,-32.76],[-58.22,-32.31],[-58.33,-32.11],[-58.05,-31.6],[-58.13,-31.6],[-57.94,-30.44],[-57.76,-30.32],[-57.35,-29.8],[-57,-29.61],[-56.38,-28.77],[-56.04,-28.58],[-55.82,-28.19],[-54.78,-27.49],[-53.89,-27.1],[-53.77,-26.39],[-53.85,-26.39],[-53.96,-25.69],[-54.71,-25.69]]]]},"properties":{"NAME":"Argentine Republic","C":5,"name":"Argentine Republic","start_year":1936,"end_year":2023,"capital":"","type":"polity","region":"","event":"","source":"Cliopatria / Seshat Global History Databank (CC BY 4.0)","wikipedia":"Argentina","wikidata":"Q414","_a":659,"_c":[-63.67,-38.47],"_nz":"阿根廷共和国","_sz":""}},
{"type":"Feature","geometry":{"type":"MultiPolygon","coordinates":[[[[58.77,20.6],[58.67,20.21],[58.82,20.21],[58.98,20.41],[59,20.66],[58.77,20.6]]],[[[58.37,23.69],[58.3,23.69],[57.35,23.94],[57.36,24.01],[57.06,24.07],[56.79,24.33],[56.48,24.97],[56.4,24.97],[56.23,24.78],[56.1,24.91],[55.95,24.97],[55.86,24.78],[55.82,24.39],[56.02,24.07],[55.56,23.94],[55.61,23.69],[55.35,23.3],[55.3,22.66],[55.49,22.27],[55.64,22.21],[55.63,22.08],[55.77,22.01],[55.3,20.79],[55.17,20.09],[54.71,19.83],[52.81,19.25],[52.13,18.93],[52.51,18.16],[52.5,17.96],[52.83,17.45],[52.83,17.39],[53.22,16.68],[53.89,16.81],[53.89,16.87],[54.07,17.26],[54.29,17.26],[54.42,17],[55.16,17],[55.31,17.13],[55.35,17.58],[55.59,17.84],[56.41,17.9],[56.64,18.09],[56.75,18.54],[57,18.8],[57.9,18.99],[57.87,19.51],[57.79,19.51],[57.93,20.28],[58.1,20.54],[58.25,20.54],[58.31,20.34],[58.61,20.41],[58.8,20.92],[59.44,21.44],[59.86,22.08],[59.9,22.53],[59.54,22.66],[59.27,22.91],[59.27,22.98],[59.05,22.91],[58.91,23.04],[58.54,23.11],[58.27,23.43],[58.37,23.69]]],[[[56.39,25.62],[56.54,26.26],[56.48,26.39],[56.33,26.39],[56.07,26.13],[56.07,26.07],[56.28,26],[56.25,25.68],[56.39,25.62]]]]},"properties":{"NAME":"Sultanate of Muscat and Oman","C":9,"name":"Sultanate of Muscat and Oman","start_year":1936,"end_year":1945,"capital":"","type":"polity","region":"","event":"","source":"Cliopatria / Seshat Global History Databank (CC BY 4.0)","wikipedia":"Muscat and Oman","wikidata":"Q157734","_a":75,"_c":[56.02,21.54],"_nz":"马斯喀特与阿曼苏丹国","_sz":""}},
{"type":"Feature","geometry":{"type":"Polygon","coordinates":[[[-54.71,-25.69],[-54.49,-24.66],[-54.41,-24.66],[-54.4,-24.02],[-54.53,-23.89],[-54.9,-23.89],[-55.3,-24.08],[-55.57,-23.89],[-55.65,-22.79],[-55.89,-22.34],[-56.12,-22.34],[-56.39,-22.15],[-56.69,-22.15],[-56.78,-22.28],[-57.37,-22.28],[-58.02,-22.09],[-57.89,-21.06],[-58.19,-20.48],[-58.15,-20.09],[-58.46,-19.64],[-59.24,-19.32],[-60.13,-19.32],[-61.05,-19.58],[-61.79,-19.64],[-62,-20.09],[-62.34,-20.48],[-62.38,-21.31],[-62.72,-22.21],[-62.74,-22.34],[-62.21,-22.79],[-62.22,-22.92],[-61.9,-23.24],[-61.54,-23.37],[-61.16,-23.82],[-59.8,-24.21],[-59.68,-24.4],[-59.18,-24.59],[-59.13,-24.72],[-58.06,-25.04],[-57.67,-25.43],[-58,-26.07],[-58.25,-26.27],[-58.33,-26.72],[-58.7,-27.1],[-58.67,-27.36],[-58.14,-27.29],[-57.57,-27.49],[-56.9,-27.55],[-56.2,-27.42],[-56.12,-27.36],[-55.75,-27.42],[-55.63,-27.17],[-54.96,-26.78],[-54.76,-26.46],[-54.71,-25.69]]]},"properties":{"NAME":"Paraguay","C":2,"name":"Paraguay","start_year":1936,"end_year":2023,"capital":"","type":"polity","region":"","event":"","source":"Cliopatria / Seshat Global History Databank (CC BY 4.0)","wikipedia":"Paraguay","wikidata":"Q733","_a":69,"_c":[-58.57,-23.43],"_nz":"巴拉圭","_sz":""}},
{"type":"Feature","geometry":{"type":"Polygon","coordinates":[[[-58.15,-20.09],[-57.99,-20.03],[-57.97,-19.9],[-58.18,-19.77],[-58.14,-19.45],[-57.8,-19.06],[-57.63,-18.16],[-57.8,-17.71],[-58.49,-17.26],[-58.46,-17.07],[-58.59,-16.88],[-58.46,-16.36],[-59.94,-16.36],[-60.28,-16.17],[-60.29,-15.53],[-60.57,-15.34],[-60.55,-15.14],[-60.31,-15.01],[-60.36,-14.69],[-60.54,-14.31],[-60.51,-13.99],[-60.78,-13.66],[-61.13,-13.54],[-61.8,-13.6],[-62.08,-13.47],[-62.07,-13.34],[-62.27,-13.15],[-62.99,-12.96],[-63.19,-12.7],[-63.56,-12.7],[-63.69,-12.51],[-64.35,-12.51],[-64.83,-12.06],[-65.11,-11.99],[-65.24,-11.67],[-65.31,-11.67],[-65.44,-11.41],[-65.46,-10.71],[-65.53,-10.71],[-65.51,-10.39],[-65.35,-10.19],[-65.4,-9.81],[-65.69,-9.74],[-66.57,-9.87],[-66.65,-9.87],[-66.96,-10.19],[-67.41,-10.32],[-67.72,-10.64],[-68.17,-10.71],[-68.25,-10.9],[-68.56,-11.09],[-69.57,-10.96],[-69.46,-11.41],[-69.32,-11.48],[-69.34,-11.67],[-69.19,-11.74],[-68.89,-12.44],[-68.75,-12.51],[-68.84,-12.76],[-68.99,-12.83],[-69.1,-13.92],[-68.96,-14.05],[-68.98,-14.24],[-69.4,-14.76],[-69.43,-15.01],[-69.3,-15.14],[-69.42,-15.59],[-69.35,-15.59],[-68.95,-15.98],[-69.05,-16.17],[-68.76,-16.24],[-68.94,-16.49],[-69.09,-16.56],[-69.61,-17.2],[-69.59,-17.59],[-69.42,-17.97],[-69.21,-18.1],[-69.24,-18.29],[-68.97,-19.06],[-68.58,-19.45],[-68.76,-19.64],[-68.79,-19.9],[-68.66,-20.03],[-68.83,-20.16],[-68.85,-20.35],[-68.8,-20.54],[-68.6,-20.67],[-68.64,-20.93],[-68.25,-21.38],[-68.24,-21.83],[-67.91,-22.6],[-67.95,-22.86],[-67.59,-22.92],[-67.27,-22.79],[-66.58,-22.15],[-66.43,-22.15],[-66.31,-21.83],[-65.84,-22.15],[-64.87,-22.15],[-64.61,-22.41],[-64.51,-22.79],[-64.36,-22.73],[-64.22,-22.28],[-64.04,-22.09],[-62.99,-22.02],[-62.94,-22.15],[-62.72,-22.21],[-62.38,-21.31],[-62.34,-20.48],[-62,-20.09],[-61.79,-19.64],[-61.05,-19.58],[-60.13,-19.32],[-59.24,-19.32],[-58.46,-19.64],[-58.15,-20.09]]]},"properties":{"NAME":"Bolivia","C":0,"name":"Bolivia","start_year":1936,"end_year":1952,"capital":"","type":"polity","region":"","event":"","source":"Cliopatria / Seshat Global History Databank (CC BY 4.0)","wikipedia":"Bolivia","wikidata":"Q750","_a":158,"_c":[-63.62,-16.33],"_nz":"玻利维亚","_sz":""}},
{"type":"Feature","geometry":{"type":"MultiPolygon","coordinates":[[[[46.97,17],[46.92,17.26],[45.44,17.26],[45.3,17.39],[43.9,17.32],[43.76,17.45],[43.31,17.45],[43.28,16.81],[43.04,16.49],[42.81,16.42],[42.71,15.78],[42.75,15.14],[42.89,15.07],[43.06,13.98],[43.26,13.72],[43.24,13.08],[43.51,12.69],[43.59,12.69],[43.59,12.89],[43.83,13.14],[44.34,13.27],[44.43,13.46],[45.02,13.66],[45.18,13.91],[45.56,14.04],[45.77,13.91],[46,14.04],[46.16,14.36],[45.6,14.81],[45.61,15.14],[46.38,15.71],[46.47,16.04],[46.62,16.1],[46.95,16.61],[46.97,17]]],[[[42.23,16.61],[42.17,16.81],[42.02,16.81],[42.01,16.61],[42.23,16.61]]]]},"properties":{"NAME":"North Yemen","C":11,"name":"North Yemen","start_year":1936,"end_year":1986,"capital":"","type":"polity","region":"","event":"","source":"Cliopatria / Seshat Global History Databank (CC BY 4.0)","wikipedia":"North Yemen","wikidata":"Q1998401","_a":24,"_c":[44.49,15.07],"_nz":"北也门","_sz":""}},
{"type":"Feature","geometry":{"type":"MultiPolygon","coordinates":[[[[-72.9,18.67],[-72.68,18.67],[-72.79,18.93],[-73.32,18.99],[-73.3,18.86],[-72.9,18.67]]],[[[-71.71,18.03],[-71.67,18.29],[-71.93,18.61],[-71.72,18.67],[-71.67,18.86],[-71.76,18.99],[-71.57,19.19],[-71.72,19.76],[-72.4,19.83],[-72.64,19.96],[-73.23,19.96],[-73.43,19.83],[-73.41,19.64],[-72.79,19.51],[-72.71,18.93],[-72.3,18.61],[-73.17,18.48],[-73.48,18.61],[-73.93,18.61],[-74.09,18.74],[-74.44,18.61],[-74.4,18.29],[-74.18,18.29],[-73.92,18.03],[-73.7,18.03],[-73.65,18.22],[-72.1,18.22],[-71.78,18.03],[-71.71,18.03]]]]},"properties":{"NAME":"Republic of Haiti","C":8,"name":"Republic of Haiti","start_year":1936,"end_year":2023,"capital":"","type":"polity","region":"","event":"","source":"Cliopatria / Seshat Global History Databank (CC BY 4.0)","wikipedia":"Haiti","wikidata":"Q790","_a":6,"_c":[-73,19],"_nz":"海地共和国","_sz":""}},
{"type":"Feature","geometry":{"type":"Polygon","coordinates":[[[-7.01,55.23],[-7.02,55.29],[-7.82,55.36],[-7.89,55.23],[-8.41,55.23],[-8.56,55.09],[-8.53,54.89],[-8.87,54.82],[-8.84,54.61],[-8.32,54.61],[-8.64,54.48],[-8.7,54.27],[-9.67,54.41],[-10.08,54.27],[-9.83,53.8],[-9.98,53.66],[-10.23,53.6],[-10.21,53.46],[-9.47,53.12],[-9.44,52.92],[-9.75,52.72],[-9.73,52.59],[-9.97,52.52],[-9.94,52.32],[-10.53,52.25],[-10.45,51.78],[-9.92,51.65],[-9.81,51.45],[-9.64,51.45],[-8.48,51.65],[-8.42,51.78],[-8.08,51.78],[-7.61,52.12],[-6.43,52.18],[-6.23,52.65],[-6.09,52.86],[-6.15,53.33],[-6.09,53.53],[-6.29,53.73],[-6.33,54.07],[-6.68,54.07],[-7.07,54.41],[-7.38,54.14],[-7.64,54.14],[-8.1,54.34],[-8.13,54.55],[-7.8,54.61],[-7.82,54.75],[-7.48,54.82],[-7.5,54.95],[-7.34,55.09],[-7.01,55.23]]]},"properties":{"NAME":"Éire","C":11,"name":"Éire","start_year":1938,"end_year":1972,"capital":"","type":"polity","region":"","event":"","source":"Cliopatria / Seshat Global History Databank (CC BY 4.0)","wikipedia":"Éire","wikidata":"Q5306909","_a":17,"_c":[-8.31,53.41],"_nz":"爱尔兰","_sz":""}},
{"type":"Feature","geometry":{"type":"MultiPolygon","coordinates":[[[[108.72,37.9],[108.63,37],[108.79,37],[108.78,36.8],[109.19,36.48],[109.7,36.42],[109.92,36.55],[110.18,36.8],[110.3,37.25],[110.53,37.77],[110.46,37.77],[110.61,38.29],[110.58,38.55],[111.11,39.32],[110.64,39.32],[110.04,39.06],[109.75,38.61],[109.84,38.48],[109.6,38.29],[109.53,37.96],[109.08,37.84],[108.72,37.9]]],[[[89.98,36.42],[90.26,36.55],[91.35,36.55],[91.36,36.8],[90.94,36.93],[91,37.13],[91.46,37.32],[91.53,37.51],[91.4,37.58],[91.45,37.71],[91.28,37.9],[90.94,38.03],[91.04,38.29],[90.88,38.48],[90.95,38.67],[93.3,39.45],[93.27,39.77],[93.09,39.9],[93.36,40.36],[93.36,40.55],[93.57,40.48],[93.79,40.61],[94.29,41.39],[94.84,41.72],[95.92,41.98],[96.15,42.63],[96.37,42.76],[96.21,43.08],[96.05,43.08],[96.03,43.21],[95.87,43.21],[95.77,43.34],[95.77,43.67],[95.53,43.99],[95.32,44.06],[95.34,44.25],[94.81,44.32],[94.71,44.45],[94.45,44.58],[93.95,44.71],[93.8,44.91],[93.59,44.97],[91.75,45.04],[91.79,45.1],[91.01,45.17],[90.91,45.3],[90.74,45.3],[90.59,45.5],[90.99,46.15],[90.91,46.15],[91.01,46.68],[90.17,47.8],[89.71,47.86],[89.61,47.99],[89.03,47.99],[88.94,48.13],[88.64,48.19],[88.62,48.32],[88.32,48.39],[88.31,48.52],[88.06,48.52],[87.9,48.85],[87.73,48.85],[87.78,49.12],[86.87,49.12],[86.65,48.85],[86.78,48.79],[86.6,48.59],[85.64,48.32],[85.46,47.8],[85.62,47.6],[85.55,47.47],[85.74,47.33],[85.68,47.2],[85.14,46.94],[83.91,46.94],[83.61,47.01],[83.37,47.2],[83.04,47.2],[82.31,45.56],[82.72,45.37],[82.55,45.17],[81.9,45.17],[81.8,45.3],[81.39,45.3],[79.95,44.97],[79.98,44.84],[80.41,44.71],[80.36,43.99],[80.74,43.54],[80.68,43.41],[80.79,43.28],[80.63,43.08],[80.47,43.08],[80.47,42.89],[80.29,42.82],[80.14,42.04],[78.77,41.59],[78.03,41.07],[76.89,41],[76.45,40.42],[76.27,40.36],[75.78,40.29],[75.64,40.36],[75.65,40.61],[75.49,40.61],[75.19,40.42],[74.89,40.48],[74.47,40.16],[73.93,39.97],[73.89,39.58],[73.71,39.51],[73.61,39.19],[73.79,39],[73.77,38.67],[73.96,38.55],[74.16,38.67],[74.47,38.67],[74.87,38.42],[74.87,37.9],[75.03,37.64],[74.92,37.25],[74.59,37.19],[74.55,37.06],[75.31,37],[75.41,36.8],[75.78,36.74],[76,36.42],[76.24,36.42],[76.28,36.29],[76.8,36.22],[76.81,35.97],[76.93,35.84],[77.59,35.71],[77.65,35.64],[77.52,35.45],[77.98,35.45],[78.09,35.58],[78.42,35.64],[78.48,35.84],[78.98,35.97],[79.44,35.97],[79.74,35.64],[80.15,35.45],[80.22,35.45],[81.48,35.52],[81.67,35.39],[82.02,35.52],[82.35,35.84],[82.74,35.84],[82.81,35.58],[83.28,35.58],[83.88,35.77],[84.63,35.71],[85,35.9],[85.7,35.9],[85.89,35.77],[86.24,35.9],[86.52,36.29],[86.8,36.42],[87.24,36.35],[88.67,36.67],[89.71,36.55],[89.98,36.42]]]]},"properties":{"NAME":"Communist Party of China","C":7,"name":"Communist Party of China","start_year":1938,"end_year":1945,"capital":"","type":"polity","region":"","event":"","source":"Cliopatria / Seshat Global History Databank (CC BY 4.0)","wikipedia":"Chinese Communist Party","wikidata":"Q17427","_a":515,"_c":[92.36,42.26],"_nz":"中国共产党","_sz":""}},
{"type":"Feature","geometry":{"type":"MultiPolygon","coordinates":[[[[-67.54,-55.85],[-67.28,-55.85],[-67.23,-55.64],[-67.41,-55.64],[-67.54,-55.85]]],[[[-68.37,-55.37],[-68.5,-55.57],[-67.98,-55.71],[-67.98,-55.44],[-68.37,-55.37]]],[[[-74.24,-44.39],[-74.08,-44.39],[-73.98,-44.2],[-74.22,-44.2],[-74.24,-44.39]]],[[[-74.19,-43.81],[-74.29,-44],[-74.05,-44],[-73.95,-43.81],[-74.19,-43.81]]],[[[-68.59,-52.8],[-68.56,-52.59],[-69.19,-52.66],[-69.2,-52.53],[-69.5,-52.46],[-69.3,-52.26],[-69.47,-52.12],[-71.77,-52.12],[-72.03,-51.99],[-72.03,-51.86],[-72.38,-51.59],[-72.24,-50.92],[-72.37,-50.72],[-72.88,-50.72],[-73.13,-50.85],[-73.34,-50.79],[-73.27,-50.52],[-73.58,-50.19],[-73.47,-49.85],[-73.57,-49.59],[-73.03,-49.06],[-72.7,-48.93],[-72.68,-48.73],[-72.31,-48.2],[-72.54,-48],[-72.23,-47.41],[-72.04,-47.34],[-71.93,-46.82],[-71.67,-46.62],[-71.92,-46.29],[-71.75,-45.96],[-71.85,-45.83],[-71.76,-45.64],[-71.39,-45.37],[-71.41,-45.24],[-71.55,-45.05],[-71.98,-44.92],[-71.35,-44.78],[-71.26,-44.59],[-71.36,-44.46],[-71.76,-44.46],[-71.94,-44.33],[-71.76,-43.94],[-71.89,-43.87],[-71.85,-43.61],[-71.98,-43.54],[-71.86,-43.28],[-71.96,-43.15],[-72.25,-43.09],[-72.14,-42.5],[-72.27,-42.44],[-72.18,-42.24],[-71.88,-42.11],[-71.83,-41.98],[-72.03,-41.72],[-71.91,-41.27],[-71.99,-41.27],[-71.93,-40.95],[-72.04,-40.82],[-71.79,-40.43],[-71.92,-40.36],[-71.71,-40.04],[-71.87,-39.84],[-71.79,-39.65],[-71.58,-39.52],[-71.43,-38.94],[-71.04,-38.75],[-70.97,-38.55],[-71.1,-38.49],[-71.08,-38.23],[-71.21,-38.17],[-71.17,-38.04],[-71.31,-37.78],[-71.22,-37.33],[-71.24,-36.94],[-71.32,-36.94],[-71.18,-36.55],[-70.48,-36.1],[-70.47,-35.84],[-70.65,-35.46],[-70.24,-34.43],[-69.93,-34.17],[-70.05,-34.04],[-69.93,-33.4],[-70.19,-33.27],[-70.1,-32.95],[-70.29,-32.82],[-70.25,-32.44],[-70.45,-32.31],[-70.43,-31.99],[-70.68,-31.79],[-70.69,-31.28],[-70.41,-31.09],[-70.36,-30.64],[-69.96,-30.25],[-70.06,-30.06],[-70.01,-29.87],[-70.13,-29.74],[-70.16,-29.54],[-70.08,-29.22],[-69.9,-29.09],[-69.73,-28.39],[-69.34,-28],[-68.95,-27.23],[-68.46,-27.04],[-68.42,-26.84],[-68.67,-26.59],[-68.48,-26.01],[-68.7,-25.56],[-68.53,-25.04],[-68.66,-24.92],[-68.61,-24.66],[-68.26,-24.34],[-67.55,-24.14],[-67.29,-23.89],[-67.08,-23.05],[-67.27,-22.79],[-67.59,-22.92],[-67.95,-22.86],[-67.91,-22.6],[-68.24,-21.83],[-68.25,-21.38],[-68.64,-20.93],[-68.6,-20.67],[-68.8,-20.54],[-68.85,-20.35],[-68.83,-20.16],[-68.66,-20.03],[-68.79,-19.9],[-68.76,-19.64],[-68.58,-19.45],[-68.97,-19.06],[-69.24,-18.29],[-69.21,-18.1],[-69.42,-17.97],[-69.59,-17.59],[-69.9,-17.71],[-69.96,-18.16],[-70.44,-18.42],[-70.51,-18.94],[-70.43,-18.94],[-70.38,-19.58],[-70.3,-19.58],[-70.34,-19.84],[-70.26,-19.84],[-70.34,-20.93],[-70.22,-21.12],[-70.26,-21.38],[-70.18,-21.38],[-70.4,-22.79],[-70.51,-23.05],[-70.75,-23.18],[-70.81,-23.5],[-70.53,-23.63],[-70.62,-23.76],[-70.74,-24.85],[-70.57,-25.17],[-70.62,-25.43],[-70.78,-25.49],[-70.92,-25.82],[-70.84,-25.82],[-70.86,-26.27],[-70.78,-26.27],[-71.18,-27.81],[-71.26,-27.81],[-71.32,-28.39],[-71.65,-28.84],[-71.73,-29.16],[-71.49,-29.42],[-71.5,-29.74],[-71.42,-29.74],[-71.63,-30.25],[-71.8,-30.32],[-71.94,-30.83],[-71.86,-30.83],[-71.83,-31.54],[-71.71,-31.66],[-71.76,-32.11],[-71.61,-32.37],[-71.71,-32.69],[-71.63,-32.69],[-71.92,-33.4],[-71.81,-33.53],[-71.91,-33.85],[-72.1,-33.98],[-72.42,-35.2],[-72.76,-35.52],[-72.98,-36.36],[-73.25,-36.68],[-73.33,-37.13],[-73.75,-37.2],[-73.76,-37.46],[-73.83,-37.84],[-73.62,-38.1],[-73.74,-38.42],[-73.63,-38.55],[-73.69,-38.68],[-73.42,-39],[-73.45,-39.46],[-73.58,-39.78],[-73.53,-39.84],[-73.82,-39.97],[-73.98,-40.36],[-73.9,-40.36],[-74.14,-41.27],[-74.04,-41.4],[-74.09,-41.53],[-73.88,-41.59],[-73.89,-41.79],[-74.13,-41.79],[-74.37,-42.31],[-74.27,-42.44],[-74.43,-42.96],[-74.35,-42.96],[-74.54,-43.35],[-73.88,-43.48],[-73.64,-43.15],[-73.55,-42.96],[-73.57,-42.83],[-73.72,-42.63],[-73.43,-42.18],[-73.61,-42.05],[-73.6,-41.85],[-73.28,-41.85],[-73.17,-41.59],[-72.93,-41.59],[-72.8,-41.66],[-73.02,-41.98],[-72.65,-42.05],[-72.71,-42.18],[-72.9,-42.24],[-72.91,-42.44],[-73.04,-42.89],[-72.91,-42.96],[-73.26,-43.54],[-73.07,-43.81],[-73.41,-44.2],[-73.27,-44.39],[-73.62,-44.78],[-73.69,-44.59],[-74.53,-44.65],[-74.54,-44.85],[-74.03,-44.78],[-74.15,-45.05],[-74.32,-45.05],[-74.5,-45.24],[-74.25,-45.24],[-74.15,-45.37],[-74.22,-45.5],[-74.55,-45.5],[-74.63,-45.83],[-75.15,-45.9],[-75.22,-46.03],[-74.97,-46.03],[-74.88,-46.16],[-75.47,-46.36],[-75.83,-46.88],[-75.73,-47.01],[-75.49,-47.01],[-75.38,-46.82],[-75.48,-46.68],[-75.11,-46.62],[-75.18,-46.75],[-75.09,-46.88],[-74.35,-46.88],[-74.16,-47.14],[-74.47,-47.28],[-74.83,-47.8],[-74.46,-47.87],[-74.6,-48.13],[-75.64,-48.07],[-75.71,-48.2],[-75.54,-48.33],[-75.8,-48.66],[-75.26,-48.73],[-75.41,-48.86],[-75.66,-48.86],[-75.78,-49.06],[-75.53,-49.06],[-75.76,-49.32],[-75.51,-49.32],[-75.65,-49.85],[-74.81,-49.85],[-74.93,-50.05],[-75.26,-50.05],[-75.43,-50.19],[-75.38,-50.39],[-75.58,-50.72],[-75.32,-50.85],[-75.12,-50.52],[-75.25,-50.45],[-74.92,-50.32],[-74.58,-50.32],[-74.49,-50.45],[-74.69,-50.65],[-74.95,-50.65],[-75.06,-50.99],[-74.76,-51.19],[-74.93,-51.32],[-75.27,-51.32],[-75.39,-51.65],[-75.1,-51.59],[-75.01,-51.45],[-74.8,-51.52],[-74.43,-51.19],[-74.25,-51.32],[-74.29,-51.52],[-73.95,-51.52],[-74.54,-51.79],[-74.88,-51.65],[-75.09,-52.12],[-74.71,-52.06],[-74.58,-51.86],[-74.41,-51.99],[-74.12,-51.92],[-74.33,-52.39],[-73.9,-52.39],[-73.98,-52.8],[-73.56,-52.8],[-73.21,-52.66],[-73.43,-53.13],[-74.11,-53],[-74.16,-53.2],[-73.77,-53.13],[-73.69,-53.27],[-73.69,-53.54],[-73.56,-53.6],[-73.61,-53.81],[-73.36,-54.08],[-72.75,-53.94],[-72.93,-54.21],[-72.41,-54.08],[-72.41,-54.21],[-71.63,-54.21],[-71.63,-54.35],[-71.02,-54.35],[-70.94,-54.21],[-70.76,-54.21],[-71.02,-54.49],[-71.59,-54.42],[-71.98,-54.49],[-72.07,-54.62],[-71.24,-54.69],[-71.07,-54.82],[-70.68,-54.76],[-70.99,-55.1],[-70.51,-55.17],[-70.25,-54.89],[-69.81,-54.89],[-70.08,-55.3],[-69.64,-55.3],[-69.73,-55.44],[-69.6,-55.51],[-69.25,-55.51],[-69.2,-55.3],[-68.94,-55.3],[-68.9,-55.51],[-68.64,-55.51],[-68.42,-55.3],[-68.37,-55.1],[-68.15,-55.17],[-68.24,-55.3],[-67.15,-55.37],[-66.93,-55.03],[-68.2,-54.96],[-68.72,-54.96],[-68.68,-54.89],[-68.68,-54.62],[-68.6,-53.94],[-68.69,-53.94],[-68.61,-53.54],[-68.7,-53.54],[-68.62,-53.13],[-68.71,-53],[-68.59,-52.8]]]]},"properties":{"NAME":"Republic of Chile","C":4,"name":"Republic of Chile","start_year":1939,"end_year":1972,"capital":"","type":"polity","region":"","event":"","source":"Cliopatria / Seshat Global History Databank (CC BY 4.0)","wikipedia":"Chile","wikidata":"Q298","_a":341,"_c":[-71.38,-36.72],"_nz":"智利共和国","_sz":""}},
{"type":"Feature","geometry":{"type":"Polygon","coordinates":[[[96.37,28.57],[96.64,28.77],[96.62,28.96],[96.25,29.02],[96.32,29.28],[96.2,29.41],[95.9,29.41],[95.44,29.09],[94.58,29.28],[93.92,28.77],[93.45,28.7],[93.18,28.51],[93.15,28.38],[92.73,28.19],[92.63,27.74],[92.22,27.61],[92.03,27.42],[91.67,27.48],[91.75,27.87],[91.57,28.06],[90.44,28.06],[90.27,28.32],[89.89,28.32],[89.55,28.12],[88.95,27.42],[88.8,27.09],[89.13,26.84],[89.5,26.84],[89.7,26.71],[90,26.71],[90.34,26.9],[90.57,26.9],[90.69,26.77],[91.82,26.77],[92.07,26.9],[92.11,27.42],[93.2,27.61],[93.56,27.87],[94.39,28.19],[94.77,28.51],[95.58,28.77],[96.19,28.77],[96.37,28.57]]]},"properties":{"NAME":"Kingdom of Bhutan","C":2,"name":"Kingdom of Bhutan","start_year":1939,"end_year":1946,"capital":"","type":"polity","region":"","event":"","source":"Cliopatria / Seshat Global History Databank (CC BY 4.0)","wikipedia":"Bhutan","wikidata":"Q917","_a":21,"_c":[92.72,28.06],"_nz":"不丹王国","_sz":""}},
{"type":"Feature","geometry":{"type":"MultiPolygon","coordinates":[[[[70.21,-49.52],[70.57,-49.39],[70.43,-49.06],[69.6,-49.26],[69.57,-48.99],[69.21,-48.93],[68.96,-48.73],[68.74,-48.79],[68.82,-48.99],[68.65,-48.99],[68.82,-49.79],[69.07,-49.79],[69.09,-49.66],[69.76,-49.66],[69.82,-49.79],[70.15,-49.79],[70.27,-49.66],[70.21,-49.52]]],[[[55.41,-21.44],[55.63,-21.44],[55.77,-21.31],[55.59,-20.93],[55.59,-20.86],[55.22,-20.86],[55.08,-20.99],[55.1,-21.25],[55.41,-21.44]]],[[[104.12,10.44],[103.91,10.44],[103.81,10.25],[103.94,10.06],[104.09,10.06],[104.12,10.44]]],[[[79.88,11.02],[79.73,10.89],[79.87,10.89],[79.88,11.02]]],[[[101.36,21.18],[101.18,21.44],[101.1,21.37],[100.69,21.18],[100.64,20.86],[100.24,20.66],[100.13,20.41],[100.54,20.21],[100.52,19.57],[101.18,19.57],[101.31,19.44],[101.28,19.25],[101.4,19.06],[101.35,18.74],[101.18,18.61],[101.13,18.29],[101.27,18.22],[101.07,17.84],[101.08,17.45],[101.31,17.51],[102.07,18.16],[102.5,18.03],[102.55,17.9],[102.92,17.9],[103.36,18.35],[104.02,18.29],[104.46,17.84],[104.44,17.71],[104.83,17.39],[104.78,16.55],[104.89,16.29],[105.3,16.1],[105.43,15.97],[105.4,15.78],[105.68,15.65],[105.52,15.01],[105.65,14.94],[105.61,14.62],[105.43,14.36],[104.98,14.3],[104.92,14.43],[103.46,14.43],[102.9,14.11],[102.71,13.72],[102.39,13.53],[102.41,13.01],[102.84,12.31],[102.74,12.05],[102.87,11.86],[102.84,11.6],[103.05,11.47],[103.06,10.83],[103.36,10.83],[103.6,11.09],[103.64,10.76],[103.49,10.7],[103.55,10.51],[103.92,10.57],[104.12,10.44],[104.42,10.44],[104.54,10.19],[105.03,9.99],[104.79,9.74],[104.7,8.64],[104.76,8.51],[105.14,8.58],[105.62,9.16],[106.14,9.29],[106.23,9.48],[106.6,9.54],[106.55,9.8],[106.7,9.8],[106.64,9.99],[106.79,10.06],[106.82,10.31],[106.76,10.44],[106.98,10.51],[107.05,10.44],[107.34,10.38],[108.03,10.7],[108.12,10.89],[108.57,11.02],[108.58,11.15],[108.73,11.15],[109.21,11.6],[109.23,11.79],[109.24,11.86],[109.23,12.37],[109.32,12.56],[109.47,12.56],[109.51,12.95],[109.33,13.27],[109.35,14.04],[109.18,14.36],[109.16,14.75],[108.97,15.01],[109.02,15.33],[108.68,15.52],[108.7,15.65],[108.37,15.91],[108.33,16.16],[108.14,16.36],[107.84,16.36],[107.86,16.49],[107.65,16.55],[107.67,16.68],[107.48,16.87],[107.33,16.87],[107.1,17.26],[106.75,17.39],[106.77,17.51],[106.52,17.77],[106.57,18.09],[106.29,18.22],[106.18,18.41],[106.03,18.41],[106.05,18.54],[105.73,18.86],[105.97,19.83],[106.54,20.15],[106.67,20.54],[106.15,20.47],[105.72,20.6],[105.6,20.79],[105.64,20.99],[105.36,21.11],[105.5,21.5],[106.62,22.4],[106.77,22.85],[106.71,22.91],[106.33,22.85],[106.2,22.98],[105.75,22.98],[105.44,23.3],[105.21,23.3],[104.96,23.11],[104.84,22.85],[104.52,22.72],[104.15,22.79],[104.04,22.53],[103.89,22.53],[103.77,22.72],[103.32,22.72],[103.22,22.53],[102.92,22.53],[102.87,22.66],[102.58,22.72],[102.15,22.4],[101.72,22.46],[101.64,22.01],[101.88,21.63],[101.81,21.18],[101.36,21.18]]],[[[88.44,22.79],[88.34,22.59],[88.49,22.59],[88.44,22.79]]],[[[167.69,-21.64],[168.01,-21.7],[168.01,-21.44],[167.62,-21.38],[167.69,-21.64]]],[[[166.85,-22.09],[166.52,-21.96],[166.39,-21.76],[165.86,-21.44],[165.78,-21.44],[165.42,-21.19],[165.17,-20.8],[164.74,-20.61],[164.44,-20.29],[163.89,-20.16],[164.09,-20.67],[165,-21.57],[165.85,-21.96],[166.09,-22.28],[166.87,-22.41],[166.85,-22.09]]],[[[167.06,-20.67],[166.91,-20.67],[166.91,-20.93],[167.05,-21.19],[167.33,-21.12],[167.26,-20.86],[167.06,-20.67]]],[[[110.41,21.11],[110.42,21.18],[110.72,21.18],[110.82,21.37],[110.64,21.56],[110.34,21.56],[110.2,21.18],[110.41,21.11]]],[[[117.06,39.26],[117.28,39.38],[117.36,39.38],[117.43,39.51],[117.31,39.58],[117.23,39.58],[117.05,39.38],[117.06,39.26]]]]},"properties":{"NAME":"French Indochina","C":9,"name":"French Indochina","start_year":1941,"end_year":1945,"capital":"","type":"polity","region":"","event":"","source":"Cliopatria / Seshat Global History Databank (CC BY 4.0)","wikipedia":"French Indochina","wikidata":"Q185682","_a":10093,"_c":[111.54,-5.11],"_nz":"法属印度支那","_sz":""}},
{"type":"Feature","geometry":{"type":"Polygon","coordinates":[[[61.66,25.16],[61.85,26.19],[62.43,26.58],[63.11,26.64],[63.28,26.77],[63.33,27.16],[62.82,27.29],[62.9,27.87],[62.83,27.87],[62.8,28.19],[61.87,28.57],[61.49,29.02],[61.45,29.28],[60.98,29.67],[61,29.79],[60.96,29.99],[61.39,30.31],[61.87,30.95],[61.92,31.21],[61.72,31.4],[61.12,31.4],[60.84,31.59],[60.88,32.24],[60.66,32.69],[60.62,32.88],[60.69,33.26],[60.89,33.52],[60.53,33.65],[60.57,34.23],[60.82,34.36],[60.78,34.55],[61.05,34.74],[61.3,35.58],[61.34,35.77],[61.22,35.9],[61.14,36.61],[60.44,36.61],[59.92,37.13],[59.41,37.25],[59.17,37.58],[58.4,37.64],[57.91,37.9],[57.52,37.9],[57.19,38.22],[56.9,38.29],[56.58,38.29],[56.31,38.09],[55.2,38.03],[54.83,37.77],[54.76,37.38],[55.32,37.06],[55.24,36.67],[54.88,36.42],[54.31,36.29],[54.11,36.03],[53.88,36.03],[53.53,35.84],[52.99,35.84],[53.01,35.52],[53.14,35.39],[52.99,34.94],[52.54,34.55],[51.39,34.1],[50.75,33.46],[50.45,32.49],[50.53,32.49],[50.61,31.4],[50.72,31.14],[50.66,30.69],[50.06,30.18],[50.24,29.73],[50.65,29.41],[50.62,29.15],[50.92,29.09],[50.81,28.83],[51.03,28.77],[51.07,28.44],[51.33,28.12],[51.32,27.99],[51.6,27.8],[52.05,27.8],[52.48,27.61],[52.74,27.22],[53.46,26.97],[53.66,26.71],[54.26,26.71],[54.46,26.52],[54.83,26.45],[55.24,26.77],[55.31,26.71],[55.29,26.52],[55.44,26.52],[55.6,26.64],[56.06,26.71],[56.31,26.9],[56.32,27.03],[56.19,27.16],[56.71,27.16],[57.05,26.84],[57.11,26.07],[57.38,25.74],[57.68,25.74],[57.74,25.62],[57.96,25.55],[58.78,25.55],[59.06,25.36],[60.63,25.36],[60.62,25.23],[60.92,25.23],[61.13,25.1],[61.66,25.16]]]},"properties":{"NAME":"Pahlavi Dynasty","C":11,"name":"Pahlavi Dynasty","start_year":1942,"end_year":1945,"capital":"","type":"polity","region":"","event":"","source":"Cliopatria / Seshat Global History Databank (CC BY 4.0)","wikipedia":"Pahlavi dynasty","wikidata":"Q207991","_a":175,"_c":[56.7,31.7],"_nz":"巴列维王朝","_sz":""}},
{"type":"Feature","geometry":{"type":"MultiPolygon","coordinates":[[[[-61.01,-52.06],[-60.81,-51.86],[-61.12,-51.79],[-61.23,-51.99],[-61.01,-52.06]]],[[[-60.57,-51.39],[-60.64,-51.52],[-60.54,-51.65],[-60.37,-51.65],[-60.91,-52.19],[-60.51,-52.26],[-60.24,-52.06],[-59.74,-51.92],[-59.22,-51.39],[-60.57,-51.39]]],[[[-60.94,10.31],[-61.03,10.57],[-60.89,10.83],[-61.55,10.83],[-61.61,10.64],[-61.46,10.51],[-61.45,10.31],[-61.67,10.25],[-61.73,10.06],[-61,10.06],[-60.94,10.31]]],[[[-60.7,11.34],[-60.84,11.09],[-60.62,11.09],[-60.56,11.34],[-60.7,11.34]]],[[[-61.57,12.24],[-61.71,12.24],[-61.78,12.05],[-61.55,11.99],[-61.57,12.24]]],[[[-59.44,13.21],[-59.52,13.34],[-59.67,13.34],[-59.57,13.01],[-59.36,13.08],[-59.44,13.21]]],[[[-61.19,13.14],[-61.05,13.14],[-61.07,13.4],[-61.28,13.34],[-61.19,13.14]]],[[[-60.81,13.91],[-60.82,14.04],[-61.04,14.04],[-60.94,13.66],[-60.8,13.72],[-60.81,13.91]]],[[[-61.47,15.52],[-61.37,15.2],[-61.15,15.2],[-61.26,15.65],[-61.48,15.65],[-61.47,15.52]]],[[[-61.64,17.19],[-61.87,17.19],[-61.76,16.94],[-61.62,16.94],[-61.64,17.19]]],[[[-89.17,17.77],[-89.03,17.39],[-89.11,17.39],[-89.11,15.91],[-88.82,15.91],[-88.82,15.97],[-88.31,16.49],[-88.24,16.49],[-88.21,16.81],[-88.14,16.81],[-88.19,17.64],[-88.03,18.03],[-88.08,18.35],[-88.25,18.48],[-88.39,18.48],[-88.76,17.96],[-89.05,17.96],[-89.17,17.77]]],[[[-64.89,17.84],[-64.87,17.64],[-64.58,17.71],[-64.67,17.84],[-64.89,17.84]]],[[[-77.37,17.84],[-77.27,17.71],[-77.05,17.71],[-77.07,17.84],[-76.86,17.9],[-76.48,17.84],[-76.12,17.9],[-76.23,18.16],[-77.01,18.48],[-78.06,18.54],[-78.39,18.29],[-78.3,18.16],[-78.08,18.16],[-77.74,17.84],[-77.37,17.84]]],[[[-73.01,21.05],[-72.97,21.24],[-73.49,21.24],[-73.69,21.11],[-73.66,20.92],[-73,20.99],[-73.01,21.05]]],[[[-72.22,21.69],[-72.08,21.76],[-72.1,21.89],[-72.32,21.89],[-72.22,21.69]]],[[[-73.7,22.66],[-73.94,22.72],[-73.9,22.46],[-74.05,22.46],[-74.15,22.21],[-73.67,22.46],[-73.7,22.66]]],[[[-74.74,23.11],[-74.98,23.17],[-75.02,23.43],[-75.17,23.43],[-75.12,23.11],[-74.71,22.91],[-74.74,23.11]]],[[[-77.48,23.81],[-77.4,23.81],[-77.48,24.26],[-77.86,24.26],[-77.92,24.2],[-77.76,23.75],[-77.48,23.81]]],[[[-74.51,23.94],[-74.3,24.01],[-74.32,24.14],[-74.55,24.14],[-74.51,23.94]]],[[[-75.43,24.07],[-75.28,24.07],[-75.24,24.26],[-75.35,24.46],[-75.49,24.39],[-75.43,24.07]]],[[[-78.09,24.33],[-77.79,24.33],[-77.62,24.59],[-77.88,25.16],[-78.19,25.23],[-78.19,24.84],[-78.24,24.71],[-78.39,24.71],[-78.35,24.52],[-78.12,24.46],[-78.09,24.33]]],[[[-76.09,24.78],[-76.05,24.97],[-76.26,24.91],[-76.23,24.78],[-76.09,24.78]]],[[[-76.6,25.49],[-76.48,25.29],[-76.35,25.36],[-76.6,25.49]]],[[[-77.11,26.13],[-76.94,26.39],[-76.97,26.52],[-77.35,26.9],[-77.67,26.97],[-77.64,26.84],[-77.19,26.52],[-77.18,26.45],[-77.33,26.13],[-77.29,25.94],[-77.07,25.94],[-77.11,26.13]]],[[[-78.6,26.77],[-78.65,26.64],[-78.8,26.64],[-78.68,26.45],[-78.17,26.52],[-77.97,26.64],[-77.98,26.71],[-78.6,26.77]]],[[[-56.95,51.51],[-56.87,51.51],[-56.02,51.85],[-55.83,51.98],[-55.68,52.18],[-55.76,52.52],[-55.99,52.79],[-55.85,52.86],[-56.04,53.06],[-55.73,53.12],[-55.91,53.46],[-56.19,53.66],[-57.12,53.8],[-57.56,54.27],[-58.16,54.27],[-57.98,54.41],[-57.32,54.48],[-57.44,54.68],[-57.91,54.75],[-57.94,54.95],[-58.68,54.89],[-59.27,55.29],[-60.32,55.29],[-60.47,55.84],[-61.13,55.91],[-61.16,56.25],[-61.69,56.25],[-61.86,56.52],[-61.86,56.66],[-61.33,56.66],[-61.46,56.87],[-61.32,56.94],[-61.45,57.14],[-61.81,57.28],[-61.8,57.42],[-62.03,57.77],[-61.98,57.97],[-62.48,58.04],[-62.75,58.32],[-62.61,58.39],[-62.89,58.67],[-63.31,59.16],[-63.49,59.16],[-63.63,59.36],[-64.1,59.64],[-63.96,59.71],[-64.11,59.92],[-64.43,60],[-64.69,60.49],[-64.92,60.42],[-64.63,60.28],[-64.77,60.21],[-64.79,59.85],[-64.3,59.02],[-64.38,58.88],[-64.88,58.95],[-64.24,58.67],[-63.93,58.74],[-64.01,58.46],[-64.36,58.18],[-63.76,57.56],[-63.85,57.56],[-63.76,57.14],[-63.94,57.01],[-63.94,56.87],[-63.71,56.52],[-63.89,56.39],[-63.24,55.77],[-63.07,55.36],[-63.34,55.09],[-63.25,54.95],[-63.91,54.75],[-64.17,54.89],[-65.56,54.89],[-66.39,55.36],[-66.26,55.02],[-66.56,54.95],[-67.13,55.29],[-66.83,54.82],[-67.3,54.75],[-66.83,53.87],[-66.62,53.8],[-66.41,53.46],[-66.54,53.26],[-66.38,52.99],[-65.78,52.99],[-65.24,52.65],[-65.17,52.38],[-64.61,52.45],[-64.36,52.32],[-64.17,51.98],[-63.95,52.05],[-64.06,52.38],[-63.92,52.45],[-63.92,52.59],[-64.06,52.99],[-63.67,53.19],[-63.5,53.06],[-63.47,52.86],[-63.57,52.72],[-63.74,52.72],[-63.67,52.45],[-63.48,52.12],[-57,52.12],[-56.95,51.85],[-57.05,51.71],[-56.95,51.51]]],[[[-37.45,-54.28],[-37.33,-54.42],[-36.83,-54.49],[-36.8,-54.62],[-36.32,-54.76],[-36.16,-55.03],[-35.76,-54.89],[-35.9,-54.55],[-36.08,-54.55],[-36.18,-54.35],[-36.52,-54.35],[-36.62,-54.15],[-37.64,-54.08],[-37.96,-54.01],[-38.01,-54.15],[-37.45,-54.28]]],[[[-59.23,-51.59],[-59.13,-51.72],[-59.54,-51.86],[-59.83,-52.26],[-59.53,-52.33],[-59.07,-52.26],[-59,-52.12],[-58.66,-52.12],[-58.59,-51.99],[-57.89,-51.79],[-57.81,-51.45],[-58.37,-51.39],[-58.34,-51.32],[-59.02,-51.32],[-59.23,-51.59]]],[[[137.5,-35.65],[136.72,-35.65],[136.75,-35.7],[137.5,-35.65]]],[[[57.7,-20.35],[57.67,-20.03],[57.45,-19.96],[57.18,-20.35],[57.19,-20.54],[57.57,-20.54],[57.62,-20.35],[57.7,-20.35]]],[[[150.83,-10.51],[150.69,-10.51],[150.64,-10.71],[150.93,-10.71],[150.83,-10.51]]],[[[150.14,-9.55],[150.35,-9.49],[150.37,-9.68],[150.59,-9.68],[150.61,-9.87],[150.77,-10],[150.87,-10.19],[151.23,-10.13],[151.2,-9.94],[150.76,-9.87],[150.79,-9.49],[150.71,-9.42],[150.26,-9.36],[150.17,-9.16],[149.95,-9.23],[149.97,-9.42],[150.14,-9.55]]],[[[145.33,-4.41],[144.96,-4.34],[144.88,-4.15],[144.58,-4.02],[144.35,-3.76],[143.91,-3.76],[143.53,-3.44],[143.09,-3.31],[142.43,-3.25],[141.68,-2.8],[140.87,-2.54],[140.87,-2.61],[140.96,-3.12],[140.89,-3.12],[140.96,-4.54],[140.89,-4.54],[140.96,-5.69],[140.89,-5.69],[140.93,-6.27],[140.73,-6.53],[140.75,-6.85],[140.91,-6.98],[140.96,-7.56],[140.88,-7.56],[140.96,-8.39],[140.89,-8.39],[140.89,-9.16],[140.89,-9.23],[142.14,-9.23],[142.66,-9.36],[143,-9.1],[143.28,-9.04],[143.34,-8.91],[143.25,-8.65],[143.55,-8.78],[143.53,-8.59],[143.37,-8.46],[142.94,-8.46],[142.92,-8.33],[143.5,-8.26],[143.48,-8.07],[143.78,-8.07],[143.83,-7.81],[144.19,-7.81],[144.39,-7.62],[144.69,-7.69],[144.7,-7.81],[144.85,-7.88],[145.74,-8.01],[146.14,-8.33],[146.51,-9.1],[146.73,-9.16],[146.84,-9.49],[147.3,-9.68],[147.33,-9.94],[147.57,-10.13],[149.65,-10.39],[149.91,-10.71],[150.56,-10.64],[150.43,-10.19],[149.75,-10],[149.73,-9.81],[149.95,-9.81],[149.92,-9.61],[149.18,-9.49],[149.2,-9.04],[149.12,-8.97],[148.47,-9.04],[148.36,-8.65],[148.13,-8.52],[148.08,-8.07],[147.78,-8.01],[146.99,-7.24],[146.88,-6.79],[147.82,-6.72],[147.71,-6.21],[147.39,-5.95],[146.96,-5.95],[146.8,-5.76],[146.35,-5.56],[145.68,-5.44],[145.72,-4.86],[145.33,-4.41]]],[[[147.75,-5.82],[147.83,-5.95],[147.97,-5.89],[147.95,-5.56],[147.58,-5.5],[147.59,-5.69],[147.75,-5.82]]],[[[146.98,-5.18],[146.84,-5.31],[147.08,-5.56],[147.13,-5.24],[146.98,-5.18]]],[[[151.65,-4.15],[151.37,-4.28],[151.55,-4.86],[151.05,-4.99],[150.92,-5.31],[150.64,-5.5],[150.06,-5.5],[149.97,-5.31],[149.76,-5.31],[149.77,-5.5],[149.48,-5.56],[148.38,-5.44],[148.16,-5.5],[148.26,-5.82],[148.71,-5.95],[148.94,-6.21],[149.3,-6.14],[149.47,-6.34],[150.34,-6.34],[150.69,-6.08],[151.12,-6.01],[151.39,-5.76],[151.38,-5.56],[152.03,-5.5],[151.92,-5.05],[152.28,-4.92],[152.32,-4.34],[152.09,-4.21],[151.8,-4.28],[151.65,-4.15]]],[[[149.82,-5.24],[149.9,-5.24],[150.11,-5.11],[150.1,-4.99],[149.82,-5.11],[149.82,-5.24]]],[[[145.7,-4.6],[145.79,-4.79],[146,-4.66],[145.92,-4.54],[145.7,-4.6]]],[[[150.34,-2.67],[150.33,-2.41],[149.89,-2.35],[149.82,-2.54],[150.12,-2.74],[150.34,-2.67]]],[[[146.96,-1.96],[146.45,-1.96],[146.39,-2.29],[147.12,-2.22],[147.26,-2.03],[146.96,-1.96]]],[[[149.64,-1.58],[149.64,-1.39],[149.42,-1.32],[149.42,-1.51],[149.64,-1.58]]],[[[103.93,1.38],[103.56,1.38],[103.56,1.31],[103.63,1.25],[103.85,1.25],[103.93,1.31],[103.93,1.38]]],[[[-56.72,1.89],[-56.94,2.15],[-56.94,2.47],[-57.23,2.79],[-57.3,3.24],[-57.67,3.37],[-58.11,3.89],[-58.11,4.21],[-57.9,4.53],[-57.91,4.91],[-57.33,5.04],[-57.33,5.49],[-57.19,5.62],[-57.12,5.94],[-57.28,6.33],[-57.5,6.33],[-57.8,6.71],[-58.46,6.91],[-58.48,7.49],[-59.31,8.26],[-59.76,8.45],[-59.83,8.45],[-59.89,8.13],[-60.67,7.61],[-60.67,7.36],[-60.37,7.1],[-60.36,6.97],[-60.65,6.78],[-60.94,6.78],[-61.15,6.59],[-61.14,6.2],[-61.36,6.01],[-61.27,5.69],[-60.68,5.17],[-60.1,5.17],[-60.02,4.85],[-60.16,4.72],[-60.16,4.53],[-59.72,4.34],[-59.72,4.08],[-59.57,3.95],[-59.64,3.76],[-59.86,3.63],[-59.85,3.37],[-60,3.24],[-60.07,2.47],[-59.85,2.21],[-59.77,1.76],[-59.34,1.38],[-58.9,1.19],[-58.46,1.51],[-57.59,1.76],[-57.44,1.96],[-56.72,1.89]]],[[[98.09,10.83],[98.3,10.76],[98.25,10.96],[98.1,10.96],[98.09,10.83]]],[[[98.61,11.73],[98.32,11.79],[98.3,11.6],[98.52,11.54],[98.61,11.73]]],[[[98.27,12.69],[98.25,12.5],[98.46,12.44],[98.49,12.69],[98.27,12.69]]],[[[50.06,30.18],[50.66,30.69],[50.72,31.14],[50.61,31.4],[50.53,32.49],[50.45,32.49],[50.75,33.46],[51.39,34.1],[52.54,34.55],[52.99,34.94],[53.14,35.39],[53.01,35.52],[52.99,35.84],[52.53,35.84],[51.33,36.1],[51.16,36.03],[49.93,36.55],[49.62,36.55],[49.34,36.74],[48.8,36.74],[47.86,36.22],[47.39,36.16],[46.88,35.9],[46.25,35.84],[46.06,35.58],[46.15,35.13],[45.81,34.94],[45.69,34.61],[45.54,34.61],[45.5,34.36],[45.65,34.29],[45.44,33.91],[45.59,33.91],[46.14,33.39],[46.23,32.94],[46.54,32.94],[46.95,32.56],[47.46,32.43],[47.58,32.17],[47.73,32.11],[47.71,31.98],[47.93,31.91],[47.96,31.59],[47.79,31.4],[47.74,31.01],[47.81,30.95],[48.1,30.89],[48.05,30.44],[48.2,30.44],[48.41,30.31],[48.39,30.12],[48.6,29.99],[48.99,30.05],[48.94,30.31],[49.59,29.99],[49.99,30.18],[50.06,30.18]]],[[[117.28,39.38],[116.83,39.13],[116.84,39],[116.97,38.93],[117.3,39.13],[117.36,39.38],[117.28,39.38]]],[[[-56.16,50.05],[-56.22,50.18],[-56.61,50.11],[-56.16,50.58],[-56.17,50.78],[-55.92,50.78],[-55.71,51.05],[-55.8,51.25],[-55.95,51.38],[-55.53,51.38],[-55.46,51.58],[-56.17,51.65],[-56.28,51.51],[-56.89,51.38],[-57.13,50.85],[-57.43,50.78],[-57.74,50.38],[-57.68,50.25],[-58.07,49.85],[-57.95,49.58],[-58.33,49.52],[-58.35,49.38],[-58.15,49.12],[-58.56,49.12],[-58.77,48.85],[-59.26,48.65],[-59.2,48.52],[-58.59,48.46],[-59.35,48.13],[-59.51,47.93],[-59.36,47.6],[-57.99,47.66],[-56.61,47.53],[-56.22,47.6],[-56.2,47.73],[-55.87,47.73],[-55.84,47.47],[-55.48,47.4],[-55.37,47.53],[-55.43,47.66],[-55.1,47.66],[-55.04,47.53],[-55.29,47.53],[-55.42,47.27],[-56.08,47.07],[-56,46.87],[-55.34,46.87],[-55.37,46.94],[-55.01,47.07],[-55.01,47.27],[-54.49,47.4],[-54.11,47.86],[-53.91,47.4],[-54.27,47.07],[-54.25,46.81],[-53.92,46.81],[-53.67,47.01],[-53.62,46.87],[-53.75,46.81],[-53.68,46.61],[-53.02,46.61],[-52.85,46.81],[-52.9,46.94],[-52.77,47.01],[-52.82,47.14],[-52.68,47.2],[-52.62,47.47],[-52.76,47.8],[-52.92,47.8],[-53.06,47.53],[-53.23,47.53],[-53.22,47.73],[-52.86,48.06],[-52.92,48.19],[-53.17,48.19],[-53.33,47.99],[-53.5,47.99],[-53.5,47.8],[-53.64,47.73],[-53.83,47.8],[-53.64,47.93],[-53.83,48.19],[-53.5,48.19],[-53.25,48.39],[-52.95,48.46],[-53.06,48.72],[-53.25,48.59],[-53.53,48.65],[-53.56,48.52],[-53.8,48.52],[-54,48.79],[-53.84,48.99],[-53.67,48.99],[-53.48,49.32],[-53.9,49.52],[-54.46,49.45],[-54.52,49.58],[-54.77,49.58],[-54.71,49.45],[-54.96,49.45],[-54.98,49.32],[-55.23,49.32],[-55.41,49.52],[-55.74,49.52],[-55.89,49.65],[-55.51,49.91],[-55.57,50.05],[-56.16,50.05]]],[[[166.33,-50.59],[165.81,-50.65],[166.03,-50.92],[166.29,-50.92],[166.22,-50.79],[166.39,-50.72],[166.33,-50.59]]],[[[167.59,-47.08],[167.41,-47.14],[167.54,-47.28],[168.23,-47.14],[167.85,-46.68],[167.59,-46.75],[167.59,-47.08]]],[[[173.74,-40.95],[173.1,-41.21],[172.92,-40.82],[172.65,-40.69],[172.75,-40.62],[172.64,-40.49],[172.19,-40.62],[171.99,-40.75],[172.03,-41.08],[171.88,-41.27],[171.89,-41.46],[171.67,-41.66],[171.25,-41.72],[171.16,-42.24],[171.08,-42.24],[170.99,-42.5],[171.05,-42.57],[170.77,-42.7],[170.81,-42.83],[170.19,-43.02],[170.13,-43.22],[169.69,-43.35],[169.75,-43.41],[169.39,-43.54],[169.45,-43.61],[169.01,-43.74],[169.07,-43.81],[168.1,-44.07],[168.16,-44.13],[167.8,-44.26],[167.84,-44.39],[167.66,-44.46],[167.7,-44.59],[167.44,-44.65],[167.48,-44.78],[167.04,-44.92],[167.16,-45.05],[166.82,-45.11],[166.99,-45.37],[166.68,-45.31],[166.56,-45.44],[166.71,-45.77],[166.27,-45.9],[166.65,-46.29],[167.28,-46.36],[167.48,-46.23],[167.67,-46.42],[168.08,-46.42],[168.2,-46.62],[168.61,-46.62],[168.82,-46.75],[169.77,-46.55],[169.82,-46.36],[170.26,-46.23],[170.23,-46.03],[170.76,-45.9],[170.64,-45.7],[170.81,-45.7],[170.85,-45.24],[171.12,-45.11],[171.08,-44.98],[171.2,-44.85],[171.24,-44.39],[171.78,-44.2],[171.82,-44.07],[172.24,-44],[172.52,-43.87],[172.66,-43.94],[173.14,-43.94],[172.97,-43.68],[172.83,-43.61],[172.68,-43.28],[173.34,-42.96],[173.32,-42.76],[173.48,-42.76],[173.47,-42.5],[173.93,-42.31],[173.96,-41.98],[174.22,-41.92],[173.99,-41.4],[174.03,-41.27],[174.27,-41.27],[174.12,-41.01],[173.86,-41.08],[173.74,-40.95]]],[[[173.74,-40.95],[173.95,-40.82],[173.68,-40.69],[173.74,-40.95]]],[[[172.52,-34.43],[172.57,-34.62],[173.02,-35.07],[172.87,-35.2],[172.96,-35.33],[173.87,-36.42],[173.99,-36.49],[174.01,-36.62],[174.57,-37.39],[174.46,-37.46],[174.66,-37.71],[174.52,-37.84],[174.64,-38.1],[174.48,-38.1],[174.47,-38.49],[174.36,-38.55],[174.46,-38.68],[174.33,-38.81],[174.35,-38.94],[173.67,-39.07],[173.51,-39.26],[173.78,-39.59],[174.67,-39.91],[174.97,-40.17],[175.11,-40.43],[174.84,-40.75],[174.81,-41.08],[174.43,-41.27],[174.54,-41.4],[175,-41.46],[175.17,-41.66],[175.79,-41.46],[175.76,-41.33],[176.02,-41.27],[176,-41.08],[176.16,-41.08],[176.15,-40.88],[176.3,-40.88],[176.31,-40.62],[176.57,-40.56],[176.59,-40.3],[176.85,-40.23],[176.86,-39.97],[177.04,-39.72],[176.87,-39.52],[176.9,-39.26],[177.1,-39.13],[177.58,-39.13],[177.74,-39.33],[177.89,-39.33],[177.78,-39],[177.89,-38.94],[177.78,-38.81],[178.26,-38.62],[178.18,-38.42],[178.34,-38.23],[178.24,-38.1],[178.46,-37.78],[178.18,-37.52],[177.84,-37.58],[177.47,-37.71],[177.49,-37.84],[176.89,-37.97],[176.06,-37.71],[175.92,-37.52],[175.53,-36.68],[175.25,-36.62],[175.19,-36.75],[175.32,-37.13],[175.05,-36.88],[174.69,-36.81],[174.62,-36.49],[174.8,-36.42],[174.32,-35.84],[174.55,-35.84],[174.19,-35.2],[173.4,-34.94],[173.31,-34.82],[173.12,-34.88],[172.83,-34.43],[172.52,-34.43]]],[[[178.01,-19],[177.97,-19.13],[178.25,-19.06],[178.21,-18.94],[178.01,-19]]],[[[178.07,-17.33],[177.85,-17.33],[177.36,-17.46],[177.14,-17.71],[177.19,-18.16],[177.35,-18.23],[178.18,-18.29],[178.65,-18.1],[178.41,-17.52],[178.07,-17.33]]],[[[179.08,-16.43],[178.79,-16.43],[178.75,-16.56],[178.34,-16.69],[178.39,-16.88],[178.79,-17.01],[178.92,-16.94],[179.09,-16.75],[179.2,-16.88],[179.83,-16.75],[179.84,-16.49],[179.67,-16.43],[179.86,-16.3],[179.83,-16.17],[179.53,-16.17],[179.08,-16.43]]],[[[160.19,-11.54],[160.07,-11.67],[160.22,-11.74],[160.24,-11.86],[160.46,-11.86],[160.19,-11.54]]],[[[153.4,-11.67],[153.62,-11.67],[153.6,-11.48],[153.06,-11.29],[153.18,-11.61],[153.4,-11.67]]],[[[165.77,-10.64],[165.64,-10.71],[165.66,-10.9],[166.08,-10.77],[166.07,-10.64],[165.77,-10.64]]],[[[152.62,-10.77],[152.68,-10.64],[152.53,-10.58],[152.47,-10.71],[152.62,-10.77]]],[[[162.19,-10.64],[161.94,-10.45],[161.4,-10.19],[161.11,-10.19],[161.12,-10.32],[161.45,-10.58],[161.46,-10.64],[161.7,-10.84],[162.3,-10.9],[162.19,-10.64]]],[[[160.67,-9.68],[160.51,-9.49],[159.84,-9.42],[159.67,-9.23],[159.45,-9.23],[159.42,-9.61],[159.82,-9.87],[160.26,-9.87],[160.5,-10],[160.71,-9.94],[160.67,-9.68]]],[[[152.58,-9.16],[152.66,-9.29],[152.81,-9.29],[152.85,-9.04],[152.48,-8.91],[152.42,-9.04],[152.58,-9.16]]],[[[160.86,-8.78],[160.93,-8.71],[160.82,-8.39],[160.44,-8.26],[160.61,-9.1],[161.27,-9.74],[161.49,-9.81],[161.46,-9.55],[161.23,-9.42],[161.19,-9.1],[160.86,-8.78]]],[[[157.17,-8.46],[157.12,-8.65],[157.27,-8.65],[157.31,-8.39],[157.17,-8.46]]],[[[150.98,-8.59],[151.03,-8.39],[150.89,-8.39],[150.84,-8.59],[150.98,-8.59]]],[[[156.76,-7.94],[156.85,-8.14],[157.07,-8.2],[157.09,-8.33],[157.38,-8.33],[157.39,-8.46],[157.71,-8.65],[157.8,-8.84],[157.95,-8.84],[157.98,-8.52],[157.84,-8.52],[157.49,-8.01],[157.27,-7.94],[157.13,-8.07],[157.04,-7.81],[156.82,-7.81],[156.76,-7.94]]],[[[159.71,-8.26],[159.31,-7.94],[158.86,-7.81],[158.62,-7.56],[158.33,-7.56],[158.58,-7.94],[159.28,-8.33],[159.29,-8.39],[159.74,-8.52],[159.71,-8.26]]],[[[156.37,-7.75],[156.54,-8.01],[156.68,-7.94],[156.57,-7.56],[156.35,-7.56],[156.37,-7.75]]],[[[155.59,-7.17],[155.81,-7.17],[155.72,-6.98],[155.57,-6.98],[155.59,-7.17]]],[[[157.35,-7.3],[157.04,-7.11],[157.03,-6.91],[156.79,-6.72],[156.27,-6.59],[156.37,-6.91],[156.6,-7.11],[156.68,-7.11],[156.77,-7.3],[156.91,-7.3],[157,-7.43],[157.36,-7.43],[157.35,-7.3]]],[[[154.62,-6.01],[155.01,-6.34],[155.11,-6.72],[155.27,-6.85],[155.85,-6.85],[155.83,-6.53],[155.5,-6.14],[155.36,-6.14],[155.1,-5.69],[154.65,-5.44],[154.62,-5.05],[154.47,-4.99],[154.43,-5.5],[154.58,-5.5],[154.62,-6.01]]],[[[152.56,-4.66],[152.71,-4.86],[152.86,-4.86],[153.06,-4.54],[153.03,-4.15],[152.73,-3.83],[152.43,-3.83],[152.43,-3.76],[152.19,-3.38],[151.6,-3.12],[151.37,-2.86],[151.15,-2.86],[150.99,-2.67],[150.7,-2.61],[150.71,-2.8],[151,-2.86],[151.38,-3.25],[152.28,-3.7],[152.52,-4.15],[152.56,-4.66]]],[[[152.4,-3.19],[152.62,-3.25],[152.54,-3.06],[152.39,-3.06],[152.4,-3.19]]]]},"properties":{"NAME":"British Colonial Empire","C":2,"name":"British Colonial Empire","start_year":1942,"end_year":1945,"capital":"","type":"polity","region":"","event":"","source":"Cliopatria / Seshat Global History Databank (CC BY 4.0)","wikipedia":"British Empire","wikidata":"Q8680","_a":31097,"_c":[45.35,2.77],"_nz":"大英殖民帝国","_sz":""}},
{"type":"Feature","geometry":{"type":"Polygon","coordinates":[[[42.86,11.02],[42.35,11.02],[42.05,10.89],[41.83,10.96],[41.86,11.73],[42.4,12.44],[42.19,12.63],[42.2,12.76],[41.27,13.53],[41.28,13.66],[40.29,14.43],[39.19,14.49],[39.12,14.62],[38.52,14.43],[37.95,14.81],[37.63,14.17],[37.41,14.24],[37.35,14.43],[37.05,14.3],[36.61,14.3],[36.52,13.79],[36.28,13.4],[36.18,12.76],[35.82,12.69],[35.44,12.31],[35.35,12.05],[35.21,11.99],[34.95,10.76],[34.73,10.7],[34.66,10.83],[34.51,10.83],[34.36,10.64],[34.34,10.12],[34.19,9.99],[34.18,9.74],[34.03,9.54],[34.09,9.09],[34.17,9.09],[34.15,8.64],[33.85,8.39],[33.27,8.45],[33.04,8.13],[33.04,7.87],[33.33,7.68],[33.69,7.68],[34.05,7.36],[34.11,7.1],[34.76,6.59],[35.09,5.56],[35.81,5.17],[35.73,4.79],[36.01,4.46],[37.1,4.34],[37.6,3.82],[38.18,3.56],[39.49,3.44],[39.56,3.63],[40.08,4.08],[40.6,4.27],[41.32,3.89],[41.76,3.95],[42.13,4.21],[42.64,4.21],[43.31,4.79],[43.68,4.91],[44.77,4.85],[45.21,5.11],[45.6,5.69],[46.65,6.65],[46.65,6.78],[47.32,7.29],[47.33,7.42],[47.85,7.81],[47.86,7.94],[46.84,8],[46.7,8.13],[43.81,9.09],[43.6,9.35],[43.38,9.41],[43.25,9.8],[43.04,9.93],[42.76,10.44],[42.86,11.02]]]},"properties":{"NAME":"Ethiopia","C":5,"name":"Ethiopia","start_year":1942,"end_year":1952,"capital":"","type":"polity","region":"","event":"","source":"Cliopatria / Seshat Global History Databank (CC BY 4.0)","wikipedia":"Ethiopia","wikidata":"Q115","_a":169,"_c":[40.45,9.13],"_nz":"埃塞俄比亚","_sz":""}},
{"type":"Feature","geometry":{"type":"Polygon","coordinates":[[[1.49,42.63],[1.58,42.43],[1.81,42.56],[1.73,42.63],[1.49,42.63]]]},"properties":{"NAME":"Principality of Andorra","C":0,"name":"Principality of Andorra","start_year":1943,"end_year":2023,"capital":"","type":"polity","region":"","event":"","source":"Cliopatria / Seshat Global History Databank (CC BY 4.0)","wikipedia":"Andorra","wikidata":"Q228","_a":0,"_c":[1.65,42.53],"_nz":"安道尔公国","_sz":""}},
{"type":"Feature","geometry":{"type":"Polygon","coordinates":[[[74.92,37.25],[74.8,37.38],[74.1,37.38],[73.83,37.25],[73.72,37.45],[73.33,37.45],[72.24,36.87],[71.58,36.74],[71.42,37],[71.57,37.84],[71.27,37.9],[71.36,38.22],[71.18,38.42],[70.71,38.42],[70.21,38.03],[70.16,37.84],[70.27,37.64],[70.08,37.51],[69.55,37.58],[69.35,37.13],[69.12,37.13],[69.01,37.32],[68.78,37.32],[68.15,37],[67.92,37],[67.75,37.25],[67.12,37.25],[67,37.38],[66.52,37.32],[65.71,37.51],[65.56,37.25],[64.83,37.13],[64.7,36.55],[64.3,36.16],[63.14,35.84],[63.16,35.58],[62.96,35.39],[62.3,35.19],[62.19,35.39],[61.8,35.39],[61.3,35.58],[61.05,34.74],[60.78,34.55],[60.82,34.36],[60.57,34.23],[60.53,33.65],[60.89,33.52],[60.69,33.26],[60.62,32.88],[60.66,32.69],[60.88,32.24],[60.84,31.59],[61.12,31.4],[61.72,31.4],[61.92,31.21],[61.87,30.95],[61.39,30.31],[60.96,29.99],[61,29.79],[62.3,29.41],[63.83,29.47],[64.12,29.41],[64.53,29.6],[65.12,29.54],[65.99,29.73],[66.34,29.99],[66.44,30.95],[66.88,31.27],[67.72,31.27],[67.61,31.53],[67.93,31.59],[68.12,31.79],[68.66,31.79],[68.78,31.66],[69.09,31.66],[69.29,31.91],[69.34,32.49],[69.55,32.75],[69.54,33.07],[70.26,33.2],[70.32,33.46],[70.18,33.52],[70.21,33.65],[69.93,33.78],[69.99,34.04],[70.73,33.91],[71.19,34.23],[71.16,34.42],[71.02,34.49],[71.05,34.61],[71.51,34.94],[71.68,35.32],[71.66,35.52],[71.52,35.58],[71.55,35.71],[71.23,35.97],[71.39,36.29],[71.98,36.48],[72.38,36.8],[74.11,36.87],[74.55,37.06],[74.59,37.19],[74.92,37.25]]]},"properties":{"NAME":"Kingdom of Afghanistan","C":0,"name":"Kingdom of Afghanistan","start_year":1943,"end_year":1946,"capital":"","type":"polity","region":"","event":"","source":"Cliopatria / Seshat Global History Databank (CC BY 4.0)","wikipedia":"Kingdom of Afghanistan","wikidata":"Q1138904","_a":130,"_c":[67.72,33.92],"_nz":"阿富汗王国","_sz":""}},
{"type":"Feature","geometry":{"type":"Polygon","coordinates":[[[44.96,29.22],[44.51,29.28],[43.96,29.79],[43.52,29.99],[42.62,30.76],[42.46,30.76],[42.26,31.01],[41.47,31.4],[41.39,31.4],[40.38,31.98],[39.55,32.04],[39.34,32.17],[38.85,31.91],[37.22,31.59],[37.13,31.4],[37.27,31.34],[37.26,31.21],[38.38,30.18],[38.37,30.05],[36.03,29.15],[34.91,29.34],[34.85,28.57],[34.61,28.25],[34.59,28.06],[35.05,28.12],[35.41,27.87],[35.47,27.61],[35.61,27.54],[35.67,27.29],[36.16,26.77],[36.43,26.19],[36.72,26],[36.77,25.68],[37.27,25.23],[37.33,24.97],[37.18,24.91],[37.17,24.78],[37.39,24.65],[37.44,24.33],[38.03,24.14],[38.6,23.62],[38.87,23.04],[38.86,22.85],[39.14,22.53],[39.03,21.76],[39.17,21.63],[39.15,21.18],[39.35,20.79],[39.84,20.28],[40.14,20.28],[40.56,19.83],[40.85,19.7],[40.84,19.51],[40.99,19.44],[41.04,19.12],[41.25,18.86],[41.24,18.61],[41.45,18.48],[41.78,17.84],[42.28,17.45],[42.34,17.13],[42.48,17.13],[42.82,16.49],[42.81,16.42],[43.04,16.49],[43.28,16.81],[43.31,17.45],[43.76,17.45],[43.9,17.32],[45.3,17.39],[45.44,17.26],[46.92,17.26],[46.97,17],[47.42,17.06],[48,18.09],[49,18.61],[52.13,18.93],[52.81,19.25],[54.71,19.83],[55.17,20.09],[55.3,20.79],[55.77,22.01],[55.63,22.08],[55.64,22.21],[55.49,22.27],[55.3,22.66],[54.92,22.53],[52.57,22.91],[52.36,23.11],[52.37,23.24],[52.15,23.36],[52.16,23.49],[51.88,23.69],[51.89,23.81],[51.68,23.94],[51.7,24.26],[51.41,24.33],[51.5,24.52],[51.36,24.59],[50.98,24.59],[50.79,24.97],[50.72,24.97],[50.61,25.42],[50.33,25.62],[50.21,26],[50.25,26.45],[50.12,26.58],[50.13,26.77],[49.36,27.29],[49.24,27.61],[48.87,27.67],[48.97,27.93],[48.76,28.06],[48.78,28.19],[48.09,28.12],[47.75,28.44],[47.84,28.57],[47.62,28.7],[47.64,28.89],[46.76,29.15],[46.46,29.09],[46.38,29.09],[45.59,28.77],[45.38,28.96],[45.09,29.02],[44.96,29.22]]]},"properties":{"NAME":"Kingdom of Saudi Arabia","C":6,"name":"Kingdom of Saudi Arabia","start_year":1943,"end_year":1945,"capital":"","type":"polity","region":"","event":"","source":"Cliopatria / Seshat Global History Databank (CC BY 4.0)","wikipedia":"Saudi Arabia","wikidata":"Q851","_a":334,"_c":[45.18,24.3],"_nz":"沙特阿拉伯王国","_sz":""}},
{"type":"Feature","geometry":{"type":"Polygon","coordinates":[[[-11.56,6.97],[-11.56,6.91],[-11.19,6.52],[-10.83,6.39],[-10.68,6.14],[-10.24,6.01],[-9.23,4.98],[-8.79,4.85],[-8.36,4.53],[-7.63,4.34],[-7.56,4.34],[-7.62,4.91],[-7.4,5.36],[-7.4,5.62],[-7.98,6.26],[-8.57,6.46],[-8.27,6.97],[-8.42,7.55],[-8.71,7.68],[-8.86,7.29],[-9.22,7.23],[-9.44,7.42],[-9.37,7.94],[-9.52,8.39],[-9.66,8.51],[-10.25,8.45],[-10.39,8.13],[-10.61,8],[-10.76,7.61],[-10.9,7.61],[-11.34,7.23],[-11.41,6.97],[-11.56,6.97]]]},"properties":{"NAME":"Republic of Liberia","C":9,"name":"Republic of Liberia","start_year":1943,"end_year":2023,"capital":"","type":"polity","region":"","event":"","source":"Cliopatria / Seshat Global History Databank (CC BY 4.0)","wikipedia":"Liberia","wikidata":"Q1014","_a":17,"_c":[-9.48,6.43],"_nz":"利比里亚共和国","_sz":""}},
{"type":"Feature","geometry":{"type":"Polygon","coordinates":[[[35.22,33.14],[35.45,33.07],[35.78,33.33],[36.02,33.52],[36.05,33.78],[36.29,33.84],[36.63,34.16],[36.37,34.68],[36.06,34.61],[36.05,34.55],[35.79,34.29],[35.64,34.36],[35.68,33.97],[35.45,33.91],[35.5,33.65],[35.35,33.65],[35.4,33.39],[35.22,33.14]]]},"properties":{"NAME":"Lebanon","C":9,"name":"Lebanon","start_year":1944,"end_year":1945,"capital":"","type":"polity","region":"","event":"","source":"Cliopatria / Seshat Global History Databank (CC BY 4.0)","wikipedia":"Lebanon","wikidata":"Q139708","_a":2,"_c":[35.92,33.88],"_nz":"黎巴嫩","_sz":""}},
{"type":"Feature","geometry":{"type":"MultiPolygon","coordinates":[[[[32.08,31.08],[31.94,31.27],[31.88,31.46],[31.27,31.46],[31.12,31.53],[31.2,31.66],[30.97,31.66],[30.97,31.53],[30.35,31.46],[30.34,31.27],[29.88,31.27],[29.8,31.14],[30.01,30.95],[30,30.76],[29.61,30.56],[29.55,30.82],[29.4,30.89],[28.87,30.82],[28.5,31.01],[27.51,31.14],[27.3,31.34],[26.85,31.46],[25.25,31.46],[25.1,31.59],[24.86,31.4],[24.98,30.69],[24.74,30.44],[24.72,29.92],[24.93,29.54],[24.94,27.8],[25.01,27.8],[25,27.42],[25.07,27.42],[25.06,21.95],[31.16,21.95],[31.46,22.08],[31.6,21.95],[36.96,21.95],[36.96,22.01],[36.25,22.72],[35.81,22.91],[35.55,23.69],[35.56,23.94],[35.85,23.88],[35.86,24.01],[35.15,24.65],[34.61,25.81],[34.46,25.87],[34.2,26.52],[34.05,26.58],[34.07,26.97],[33.93,27.03],[33.8,27.42],[33.59,27.61],[33.61,27.99],[33.11,28.38],[32.84,28.89],[32.69,28.96],[32.64,29.34],[32.43,29.6],[32.6,29.92],[32.47,30.24],[32.17,30.31],[32.04,30.56],[32.08,31.08]]],[[[34.3,31.27],[33.75,31.08],[32.91,31.01],[32.77,31.14],[32.38,31.08],[32.42,30.56],[32.78,30.24],[32.76,29.99],[32.6,29.86],[32.86,29.22],[33.21,28.89],[33.19,28.51],[33.4,28.32],[33.55,28.32],[33.62,28.12],[34.12,27.74],[34.35,27.74],[34.36,27.93],[34.52,28.06],[34.55,28.51],[34.71,28.7],[34.84,29.41],[34.91,29.41],[34.81,30.05],[34.67,30.18],[34.68,30.37],[34.54,30.5],[34.43,31.08],[34.3,31.27]]]]},"properties":{"NAME":"Kingdom of Egypt","C":3,"name":"Kingdom of Egypt","start_year":1944,"end_year":1945,"capital":"","type":"polity","region":"","event":"","source":"Cliopatria / Seshat Global History Databank (CC BY 4.0)","wikipedia":"Kingdom of Egypt","wikidata":"Q124943","_a":119,"_c":[30.84,26.81],"_nz":"埃及王国","_sz":""}},
{"type":"Feature","geometry":{"type":"Polygon","coordinates":[[[93.18,28.51],[93.02,28.77],[92.79,28.77],[92.61,28.96],[92.46,28.96],[92.51,29.15],[92.75,29.22],[92.78,29.34],[92.65,29.41],[92.63,29.67],[92.41,29.67],[92.42,30.31],[92.57,30.31],[92.61,30.44],[92.41,30.56],[92.47,30.76],[92.33,30.82],[92.27,31.14],[92.13,31.21],[92.17,31.34],[92.04,31.4],[92.03,31.66],[91.8,31.91],[91.8,32.17],[91.24,32.36],[91.3,32.56],[91.55,32.62],[91.68,32.81],[91.78,33.14],[91.63,33.39],[91.69,33.59],[91.27,33.71],[91.21,34.04],[90.94,33.91],[90.35,33.97],[89.83,34.55],[90.08,35.07],[89.96,35.19],[90.05,35.45],[89.89,35.45],[89.92,35.77],[89.84,35.77],[90.15,36.22],[89.98,36.42],[89.71,36.55],[88.67,36.67],[87.24,36.35],[86.8,36.42],[86.52,36.29],[86.24,35.9],[85.89,35.77],[85.7,35.9],[85,35.9],[84.63,35.71],[83.88,35.77],[83.28,35.58],[82.81,35.58],[82.74,35.84],[82.35,35.84],[82.02,35.52],[81.67,35.39],[81.48,35.52],[80.22,35.45],[80.17,35],[80.02,34.74],[79.59,34.55],[79.45,34.04],[78.98,34.04],[78.93,33.52],[79.09,33.26],[79.36,33.14],[79.33,33.01],[79.51,32.81],[79.46,32.62],[79.11,32.43],[78.88,32.43],[78.71,32.69],[78.54,32.62],[78.46,32.3],[78.8,31.79],[78.77,31.34],[79.16,31.4],[79.45,31.01],[79.97,30.95],[80.26,30.56],[80.84,30.44],[81.01,30.18],[81.3,30.12],[81.59,30.37],[82.04,30.37],[82.47,29.92],[83.31,29.6],[83.43,29.47],[83.45,29.22],[83.66,29.15],[83.84,29.28],[84.14,29.28],[84.27,29.15],[84.22,28.96],[84.41,28.77],[84.82,28.57],[85.2,28.57],[85.16,28.38],[85.35,28.25],[85.75,28.32],[85.98,27.99],[86.23,28.12],[86.28,27.99],[86.9,28.06],[87.45,27.8],[88.14,27.87],[88.48,28.06],[88.78,28.06],[88.95,27.8],[88.8,27.42],[88.95,27.42],[89.55,28.12],[89.89,28.32],[90.27,28.32],[90.44,28.06],[91.57,28.06],[91.75,27.87],[91.67,27.48],[92.03,27.42],[92.22,27.61],[92.63,27.74],[92.73,28.19],[93.15,28.38],[93.18,28.51]]]},"properties":{"NAME":"Tibet","C":0,"name":"Tibet","start_year":1944,"end_year":1946,"capital":"","type":"polity","region":"","event":"","source":"Cliopatria / Seshat Global History Databank (CC BY 4.0)","wikipedia":"Tibet","wikidata":"Q521263","_a":136,"_c":[85.82,32.05],"_nz":"西藏","_sz":""}},
{"type":"Feature","geometry":{"type":"MultiPolygon","coordinates":[[[[19.7,60.35],[19.68,60.14],[19.95,60.07],[20.15,60.21],[20.17,60.42],[19.72,60.49],[19.7,60.35]]],[[[24.03,65.81],[24.5,65.74],[24.67,65.59],[25.23,65.52],[25.23,64.93],[24.56,64.93],[24.54,64.79],[24.01,64.42],[23.82,64.42],[23.28,63.99],[22.8,63.91],[22.78,63.77],[22.38,63.62],[22.37,63.48],[21.96,63.26],[21.5,63.34],[21.48,63.12],[21.28,63.05],[21.26,62.9],[21.07,62.83],[20.95,62.62],[21.21,62.47],[21.24,61.83],[21.5,61.69],[21.44,61.19],[21.25,61.12],[21.23,60.98],[21.4,60.84],[21.38,60.63],[21.91,60.42],[22.36,60.42],[22.31,60],[23.05,60.07],[23.03,59.85],[23.76,59.92],[24.05,60.07],[24.5,60],[24.61,60.14],[25.82,60.28],[26.4,60.49],[26.75,60.42],[27.13,60.49],[27.97,60.56],[27.99,60.7],[28.3,60.91],[28.49,60.91],[29.32,61.41],[29.5,61.41],[31.22,62.55],[31.5,62.98],[30.93,63.41],[30.05,63.7],[30.08,63.84],[30.5,64.06],[30.55,64.28],[29.93,64.49],[30.09,64.79],[29.62,64.86],[29.79,65.22],[29.62,65.3],[29.66,65.52],[30,65.74],[30.03,65.88],[29.05,66.77],[29.13,67.15],[29.59,67.44],[29.79,67.44],[29.94,67.67],[29.61,67.97],[29.34,68.12],[28.77,68.2],[28.42,68.42],[28.63,68.95],[28.85,69.03],[28.8,69.26],[29.13,69.41],[29.29,69.64],[28.51,69.79],[28.53,69.87],[28.16,70.02],[27.25,70.02],[27.23,69.95],[26.21,69.87],[25.86,69.64],[25.76,69.11],[25.43,68.95],[24.86,68.57],[24.39,68.73],[24.4,68.8],[22.78,68.65],[22.79,68.73],[22.22,68.88],[21.77,69.26],[21.07,69.26],[20.95,69.11],[21.12,68.88],[21.51,68.8],[21.87,68.57],[23.04,68.35],[23.41,68.2],[23.58,68.05],[23.41,67.52],[23.69,67.44],[23.55,67.15],[23.9,66.92],[23.7,66.25],[24.06,66.03],[24.03,65.81]]]]},"properties":{"NAME":"Republic of Finland","C":5,"name":"Republic of Finland","start_year":1945,"end_year":2023,"capital":"","type":"polity","region":"","event":"","source":"Cliopatria / Seshat Global History Databank (CC BY 4.0)","wikipedia":"Finland","wikidata":"Q33","_a":120,"_c":[25.59,64.94],"_nz":"芬兰共和国","_sz":""}},
{"type":"Feature","geometry":{"type":"Polygon","coordinates":[[[10.45,46.87],[9.96,46.87],[9.63,47.14],[9.54,47.27],[9.62,47.53],[9.54,47.6],[8.96,47.73],[8.55,47.73],[8.47,47.6],[7.97,47.53],[7.48,47.6],[7.4,47.47],[6.98,47.53],[6.99,47.27],[6.67,47.07],[6.03,46.48],[6.03,46.22],[6.27,46.41],[6.68,46.41],[6.85,46.28],[6.94,45.96],[7.43,45.89],[7.92,46.02],[8,46.02],[8.08,46.22],[8.4,46.41],[8.49,46.15],[8.65,46.15],[8.98,45.89],[9.3,46.48],[10.04,46.28],[10.04,46.61],[10.37,46.61],[10.45,46.87]]]},"properties":{"NAME":"Swiss Confederation","C":2,"name":"Swiss Confederation","start_year":1945,"end_year":1945,"capital":"","type":"polity","region":"","event":"","source":"Cliopatria / Seshat Global History Databank (CC BY 4.0)","wikipedia":"Switzerland","wikidata":"Q39","_a":8,"_c":[8.24,46.81],"_nz":"瑞士邦联","_sz":""}},
{"type":"Feature","geometry":{"type":"MultiPolygon","coordinates":[[[[22.94,41.39],[22.9,41.91],[22.67,42.11],[22.51,42.11],[22.37,42.3],[22.54,42.5],[22.48,42.82],[22.9,43.08],[22.91,43.21],[22.37,43.6],[22.4,43.99],[22.65,44.12],[22.66,44.25],[22.5,44.32],[22.52,44.52],[22.69,44.65],[21.95,44.52],[21.88,44.65],[21.4,44.78],[21.43,45.17],[20.87,45.37],[20.81,45.76],[20.33,45.96],[20.26,46.15],[19.45,46.15],[18.45,45.76],[17.88,45.76],[17.15,46.02],[16.84,46.35],[16.59,46.41],[16.6,46.55],[16.28,46.81],[16.28,46.94],[16.04,46.94],[15.86,46.68],[15.45,46.61],[14.88,46.61],[14.63,46.35],[14.14,46.48],[13.56,46.48],[13.4,46.28],[13.56,46.22],[13.47,45.96],[13.64,45.89],[13.63,45.76],[13.71,45.5],[13.55,45.5],[13.54,45.3],[13.71,45.24],[13.78,44.91],[13.95,45.04],[14.19,45.04],[14.2,45.37],[14.6,45.37],[14.52,45.1],[14.92,44.97],[14.91,44.58],[15.15,44.39],[15.22,44.06],[15.62,43.93],[15.7,43.8],[15.86,43.8],[16.01,43.6],[15.93,43.47],[16.58,43.6],[16.73,43.54],[16.73,43.34],[17.05,43.41],[17.12,43.15],[17.37,43.21],[17.36,42.95],[17.99,42.82],[18.14,42.63],[18.85,42.37],[19.31,41.91],[19.39,41.91],[19.42,42.43],[19.67,42.63],[19.9,42.5],[20.06,42.56],[20.59,42.04],[20.58,41.72],[20.5,41.72],[20.54,41.13],[21.08,40.74],[22.05,41.13],[22.53,41.13],[22.94,41.39]]],[[[14.35,44.97],[14.27,44.97],[14.26,44.58],[14.5,44.52],[14.51,44.91],[14.35,44.97]]]]},"properties":{"NAME":"Yugoslavia","C":10,"name":"Yugoslavia","start_year":1945,"end_year":1945,"capital":"","type":"polity","region":"","event":"","source":"Cliopatria / Seshat Global History Databank (CC BY 4.0)","wikipedia":"Yugoslavia","wikidata":"Q83286","_a":59,"_c":[18.17,43.84],"_nz":"南斯拉夫","_sz":""}},
{"type":"Feature","geometry":{"type":"Polygon","coordinates":[[[5.97,50.78],[5.72,50.78],[5.71,51.18],[5.37,51.25],[5.02,51.45],[4.34,51.45],[4.01,51.25],[3.5,51.25],[3.41,51.45],[2.74,51.31],[2.49,51.18],[2.6,50.78],[3.11,50.78],[3.55,50.38],[3.97,50.38],[4.14,50.25],[4.15,49.98],[4.49,49.98],[4.74,50.11],[4.83,49.85],[5.25,49.71],[5.34,49.58],[5.84,49.58],[5.75,50.05],[6.08,50.18],[6.32,50.31],[6.32,50.45],[5.97,50.78]]]},"properties":{"NAME":"Kingdom of Belgium","C":7,"name":"Kingdom of Belgium","start_year":1945,"end_year":2023,"capital":"","type":"polity","region":"","event":"","source":"Cliopatria / Seshat Global History Databank (CC BY 4.0)","wikipedia":"Belgium","wikidata":"Q31","_a":7,"_c":[4.41,50.52],"_nz":"比利时王国","_sz":""}},
{"type":"Feature","geometry":{"type":"Polygon","coordinates":[[[5.84,49.58],[6.1,49.45],[6.35,49.52],[6.34,49.85],[6.17,49.91],[6.08,50.18],[5.75,50.05],[5.84,49.58]]]},"properties":{"NAME":"Luxembourg","C":2,"name":"Luxembourg","start_year":1945,"end_year":1949,"capital":"","type":"polity","region":"","event":"","source":"Cliopatria / Seshat Global History Databank (CC BY 4.0)","wikipedia":"Luxembourg","wikidata":"Q2719360","_a":0,"_c":[6.05,49.82],"_nz":"卢森堡","_sz":""}},
{"type":"Feature","geometry":{"type":"MultiPolygon","coordinates":[[[[10.79,54],[10.97,54.14],[11.05,54.41],[9.93,54.55],[9.93,54.82],[8.53,54.89],[8.53,54.82],[8.8,54.61],[8.8,54.48],[8.54,54.41],[8.54,54.27],[8.8,54.21],[8.89,53.87],[8.46,53.94],[8.38,53.66],[8.21,53.6],[7.94,53.73],[7.08,53.73],[6.91,53.6],[6.92,53.39],[7.18,53.33],[7.18,53.26],[7.02,52.72],[6.68,52.65],[6.68,52.52],[6.94,52.38],[6.95,52.25],[6.7,52.05],[6.7,51.98],[6.53,51.85],[5.94,51.85],[5.94,51.71],[6.2,51.51],[5.96,51.18],[5.97,50.78],[6.32,50.45],[6.74,50.45],[6.82,50.58],[6.99,50.58],[7.07,50.78],[7.4,51.05],[7.66,50.91],[8.07,51.25],[8.41,51.25],[8.49,51.58],[9,51.58],[9.17,51.71],[9.51,51.65],[9.59,51.51],[9.43,51.38],[9.43,51.18],[9.68,51.25],[9.68,51.38],[9.93,51.38],[10.27,51.65],[10.53,51.65],[10.53,52.25],[10.87,52.32],[10.96,52.45],[10.79,52.99],[11.39,53.06],[11.39,53.19],[10.62,53.39],[10.79,53.53],[10.71,53.87],[10.79,54]],[[8.73,52.92],[8.47,52.92],[8.47,53.12],[8.64,53.12],[8.73,52.92]]],[[[-4.86,54.07],[-4.36,54.21],[-4.38,54.41],[-4.81,54.34],[-4.86,54.07]]],[[[-2.21,56.87],[-2.08,57.28],[-1.82,57.42],[-1.85,57.7],[-3.73,57.77],[-4.12,57.97],[-3.43,58.18],[-3.02,58.53],[-3.14,58.74],[-3.68,58.74],[-4.02,58.6],[-5.2,58.67],[-5.17,58.46],[-5.42,58.32],[-5.46,57.97],[-5.73,57.97],[-5.89,57.83],[-5.92,57.42],[-6.32,57.77],[-6.5,57.77],[-6.47,57.56],[-6.82,57.49],[-6.41,57.14],[-6.06,57.14],[-5.95,57.01],[-5.91,56.73],[-6.34,56.66],[-6.23,56.52],[-6.29,56.32],[-5.68,56.39],[-5.66,56.18],[-5.92,56.18],[-6.07,55.98],[-6.51,55.98],[-6.63,55.63],[-6.13,55.77],[-5.69,55.77],[-5.92,55.5],[-5.89,55.29],[-5.63,55.29],[-5.57,55.57],[-5.38,55.43],[-5.12,55.43],[-5.16,55.77],[-5.43,55.77],[-5.44,55.91],[-5,55.84],[-4.98,55.7],[-4.79,55.63],[-4.77,55.43],[-5.33,55.02],[-5.21,54.75],[-4.95,54.82],[-4.42,54.75],[-3.57,54.89],[-3.72,54.68],[-3.59,54.27],[-3.32,54.21],[-3.3,54.07],[-2.97,54.14],[-3.2,53.87],[-3.1,53.73],[-3.15,53.46],[-3.32,53.39],[-4.16,53.26],[-4.27,53.46],[-4.7,53.46],[-4.67,53.19],[-4.49,53.12],[-4.81,52.92],[-4.79,52.79],[-4.3,52.92],[-4.16,52.45],[-4.39,52.25],[-4.89,52.18],[-5.3,51.98],[-5.26,51.71],[-5.08,51.58],[-4.42,51.71],[-4.31,51.51],[-3.89,51.58],[-3.7,51.38],[-3.28,51.38],[-3.09,51.25],[-4.2,51.31],[-4.43,51.05],[-4.68,51.05],[-4.66,50.85],[-4.82,50.78],[-4.88,50.58],[-5.13,50.58],[-5.28,50.38],[-5.77,50.25],[-5.75,50.05],[-5.15,49.98],[-4.93,50.25],[-4.35,50.38],[-4.19,50.38],[-4.09,50.25],[-3.58,50.25],[-3.46,50.65],[-3.13,50.71],[-2.79,50.71],[-2.61,50.58],[-1.52,50.71],[-1.51,50.58],[-1.18,50.58],[-1.11,50.78],[-1.37,50.85],[0.49,50.78],[1.31,51.11],[1.38,51.38],[0.86,51.51],[0.84,51.78],[1.18,51.78],[1.17,51.98],[1.43,51.98],[1.59,52.12],[1.74,52.38],[1.62,52.86],[1.09,53.06],[0.49,53.06],[0.34,52.86],[0.17,52.86],[0.07,52.99],[0.32,53.12],[0.3,53.39],[0.02,53.6],[0,53.8],[-0.18,53.94],[-0.2,54.21],[-0.67,54.61],[-1.29,54.68],[-1.49,54.95],[-1.52,55.29],[-1.61,55.29],[-1.73,55.7],[-2.02,55.91],[-2.66,56.11],[-3.26,56.05],[-3.1,56.18],[-2.67,56.25],[-2.79,56.52],[-2.53,56.59],[-2.21,56.87]]],[[[-7.01,55.23],[-7.34,55.09],[-7.5,54.95],[-7.48,54.82],[-7.82,54.75],[-7.8,54.61],[-8.13,54.55],[-8.1,54.34],[-7.64,54.14],[-7.38,54.14],[-7.07,54.41],[-6.68,54.07],[-6.33,54.07],[-5.9,54.07],[-5.67,54.34],[-5.42,54.41],[-5.55,54.75],[-5.73,54.75],[-6.15,55.29],[-7.01,55.23]]],[[[-7.6,57.35],[-7.47,57.08],[-7.29,57.08],[-7.32,57.28],[-7.6,57.35]]],[[[-7.12,57.7],[-7.56,57.7],[-7.44,57.49],[-7.11,57.63],[-7.12,57.7]]],[[[-6.21,58.18],[-6.26,58.53],[-6.79,58.46],[-6.85,58.32],[-7.28,58.18],[-7.07,57.97],[-7.13,57.77],[-6.52,57.9],[-6.39,58.18],[-6.21,58.18]]],[[[-3.38,59.22],[-3.42,58.81],[-2.79,58.88],[-2.81,59.02],[-3.38,59.22]]],[[[-0.81,60.63],[-0.83,60.84],[-1.28,60.77],[-1.63,60.63],[-1.67,60.21],[-1.2,60.07],[-1.16,60.56],[-0.81,60.63]]],[[[43.59,12.69],[44.39,12.63],[44.61,12.76],[45.05,12.76],[45.74,13.34],[46.84,13.4],[47.67,13.72],[47.75,13.91],[48.79,14.04],[49.41,14.69],[50.23,14.81],[50.76,15.07],[51.27,15.14],[51.88,15.46],[52.1,15.46],[52.26,15.59],[52.38,16.29],[53.21,16.61],[53.22,16.68],[52.83,17.39],[52.83,17.45],[52.5,17.96],[52.51,18.16],[52.13,18.93],[49,18.61],[48,18.09],[47.42,17.06],[46.97,17],[46.95,16.61],[46.62,16.1],[46.47,16.04],[46.38,15.71],[45.61,15.14],[45.6,14.81],[46.16,14.36],[46,14.04],[45.77,13.91],[45.56,14.04],[45.18,13.91],[45.02,13.66],[44.43,13.46],[44.34,13.27],[43.83,13.14],[43.59,12.89],[43.59,12.69]]],[[[54.42,17],[54.29,17.26],[54.07,17.26],[53.89,16.87],[54.2,17],[54.42,17]]],[[[59.27,22.98],[59.28,23.04],[59.07,23.17],[59.08,23.3],[58.81,23.62],[58.37,23.69],[58.27,23.43],[58.54,23.11],[58.91,23.04],[59.05,22.91],[59.27,22.98]]],[[[55.3,22.66],[55.35,23.3],[55.61,23.69],[55.56,23.94],[56.02,24.07],[55.82,24.39],[55.86,24.78],[55.95,24.97],[56.1,24.91],[56.23,24.78],[56.4,24.97],[56.46,25.55],[56.39,25.62],[56.25,25.68],[56.28,26],[56.07,26.07],[56.06,26],[55.64,25.62],[55.41,25.55],[55.14,25.1],[54.74,24.84],[54.56,24.46],[54.32,24.26],[54.1,24.33],[54.08,24.14],[53.11,24.14],[52.6,24.26],[52.28,24.01],[51.91,24.01],[51.78,24.26],[51.7,24.26],[51.68,23.94],[51.89,23.81],[51.88,23.69],[52.16,23.49],[52.15,23.36],[52.37,23.24],[52.36,23.11],[52.57,22.91],[54.92,22.53],[55.3,22.66]]],[[[51.5,24.52],[51.72,25.29],[51.57,25.36],[51.7,25.87],[51.42,26.13],[51.12,26.13],[50.95,25.94],[50.92,25.62],[50.77,25.55],[50.79,24.97],[50.98,24.59],[51.36,24.59],[51.5,24.52]]],[[[50.69,26.26],[50.46,26.26],[50.43,25.94],[50.65,25.87],[50.69,26.26]]],[[[34.09,35],[33.96,35.26],[34.53,35.58],[34.54,35.71],[34.31,35.71],[33.74,35.39],[32.89,35.39],[32.88,35.26],[32.55,35.13],[32.25,35.13],[32.23,34.94],[32.37,34.74],[33.04,34.55],[33.13,34.68],[33.52,34.74],[33.7,34.94],[34.09,35]]],[[[14.34,35.84],[14.57,35.77],[14.57,35.97],[14.34,36.03],[14.34,35.84]]],[[[13.56,46.48],[14.14,46.48],[14.63,46.35],[14.88,46.61],[15.45,46.61],[15.86,46.68],[16.04,46.94],[16.14,47.6],[16.06,47.66],[15.41,47.93],[15.08,47.93],[14.91,47.8],[14.66,47.86],[14.49,47.73],[14,47.73],[13.75,47.53],[13.42,47.47],[13.41,47.27],[13.74,47.2],[13.65,47.01],[13.08,47.01],[12.83,47.14],[12.18,47.07],[12.26,46.74],[13.56,46.48]]],[[[13.35,52.65],[13.27,52.65],[13.18,52.59],[13.44,52.59],[13.35,52.65]]]]},"properties":{"NAME":"Kingdom of Great Britain","C":4,"name":"Kingdom of Great Britain","start_year":1945,"end_year":1946,"capital":"","type":"polity","region":"","event":"","source":"Cliopatria / Seshat Global History Databank (CC BY 4.0)","wikipedia":"Great Britain","wikidata":"Q23666","_a":3250,"_c":[25.58,36.74],"_nz":"大不列颠王国","_sz":""}},
{"type":"Feature","geometry":{"type":"MultiPolygon","coordinates":[[[[81.45,8.13],[81.4,8.51],[81.26,8.64],[80.99,8.96],[81,9.09],[80.85,9.16],[80.86,9.29],[80.72,9.35],[80.73,9.48],[80.44,9.54],[80.52,9.67],[80.45,9.74],[79.88,9.86],[79.86,9.67],[80.08,9.61],[79.99,9.41],[80.05,9.16],[79.81,8.77],[79.76,8.06],[79.62,8.06],[79.61,7.87],[79.74,7.68],[79.76,6.65],[79.95,6.14],[80.23,5.88],[80.67,5.88],[81.34,6.14],[81.88,6.71],[81.92,7.42],[81.77,7.49],[81.65,7.94],[81.45,8.13]]],[[[61.66,25.16],[61.65,25.1],[62.02,25.04],[62.18,25.16],[62.47,25.1],[62.56,25.23],[63.54,25.23],[63.63,25.36],[64.23,25.36],[64.28,25.23],[64.8,25.16],[64.82,25.29],[66.02,25.36],[66.27,25.55],[66.49,25.49],[66.68,25.23],[66.63,24.84],[67.21,24.71],[67.25,24.39],[67.33,24.39],[67.29,24.07],[67.44,24.07],[67.49,23.88],[67.63,23.81],[68.16,23.81],[68.13,23.56],[68.35,23.56],[68.34,23.43],[68.55,23.36],[68.81,22.98],[69.45,22.72],[69.75,22.72],[70.07,22.91],[70.37,22.79],[70.18,22.59],[69.5,22.46],[69.41,22.34],[68.98,22.46],[68.95,22.21],[69.35,21.76],[69.5,21.76],[69.9,21.37],[69.89,21.24],[70.3,20.86],[70.72,20.66],[71.32,20.73],[71.41,20.86],[72.18,21.18],[72.32,21.76],[72.17,21.76],[72.11,21.89],[72.34,21.95],[72.38,22.27],[72.53,22.27],[72.54,21.76],[72.76,21.69],[72.56,21.24],[72.9,20.92],[72.84,20.34],[72.63,19.83],[72.76,19.64],[72.73,19.38],[72.87,19.31],[72.96,18.03],[73.25,17.32],[73.25,16.61],[73.33,16.61],[73.42,16.04],[73.81,15.52],[73.8,15.46],[74.1,15.52],[74.52,15.26],[74.55,14.81],[74.31,14.62],[74.31,14.56],[74.66,13.59],[74.75,12.82],[75.06,12.18],[75.34,11.92],[75.46,11.54],[75.68,11.6],[75.52,11.41],[75.86,10.96],[75.9,10.57],[76.23,10.06],[76.22,9.86],[76.36,9.8],[76.36,9.67],[76.21,9.67],[76.2,9.48],[76.34,9.35],[76.39,9.03],[76.53,8.96],[76.72,8.51],[77.14,8.13],[77.57,8.06],[77.87,8.19],[78.18,8.45],[78.28,8.96],[78.59,9.16],[78.96,9.22],[78.99,9.67],[79.3,9.93],[79.32,10.25],[79.9,10.25],[79.87,10.89],[79.73,10.89],[79.74,11.02],[79.88,11.02],[79.87,11.79],[79.72,11.79],[79.73,11.92],[79.96,11.99],[79.97,12.18],[80.3,12.63],[80.34,13.08],[80.41,13.08],[80.38,13.46],[80.16,13.53],[80.25,13.66],[80.26,14.62],[80.09,15.07],[80.38,15.71],[80.61,15.84],[81.12,15.78],[81.32,16.29],[82.07,16.36],[82.38,16.55],[82.41,16.74],[82.26,16.74],[82.27,16.87],[82.45,17.13],[83.15,17.45],[83.56,17.77],[83.67,18.03],[84.05,18.16],[84.38,18.41],[84.75,18.99],[85.41,19.57],[85.37,19.83],[85.52,19.83],[85.5,19.64],[85.65,19.64],[86.42,19.89],[86.44,20.02],[86.84,20.28],[86.79,20.47],[87.03,20.6],[86.96,21.18],[87.07,21.44],[87.76,21.63],[88.1,21.95],[88.18,21.95],[88.13,21.63],[88.35,21.56],[88.37,21.69],[88.51,21.69],[88.64,22.08],[88.72,22.08],[88.73,21.63],[89.1,21.63],[89.12,21.76],[89.71,21.76],[89.87,21.82],[89.9,22.01],[90.23,21.76],[90.43,22.08],[90.65,22.08],[90.63,21.95],[90.86,22.01],[90.94,22.53],[91.5,22.79],[91.37,22.46],[91.74,22.4],[91.76,22.08],[91.89,21.95],[91.83,21.5],[92.05,21.5],[92.01,21.18],[92.12,20.92],[92.39,20.73],[92.37,20.6],[92.63,20.34],[92.85,20.34],[92.83,20.15],[93.06,20.21],[93.02,19.96],[93.4,20.02],[93.38,19.89],[93.6,19.89],[93.58,19.7],[93.8,19.7],[93.68,19.38],[93.53,19.38],[93.51,19.25],[93.76,18.93],[93.54,18.93],[93.51,18.74],[93.8,18.67],[93.83,18.86],[94.12,18.86],[94.48,18.22],[94.49,17.77],[94.61,17.58],[94.43,16.81],[94.35,16.81],[94.24,15.97],[94.81,15.84],[94.87,15.71],[95.34,15.91],[95.31,15.71],[95.61,15.71],[95.81,16.16],[96.03,16.16],[96.35,16.36],[96.37,16.49],[96.67,16.49],[96.92,16.74],[96.93,17.32],[97.07,17.26],[97.05,17.13],[97.2,17.13],[97.16,16.87],[97.27,16.61],[97.4,16.49],[97.62,16.49],[97.55,15.97],[97.75,15.78],[97.77,14.81],[97.99,14.75],[97.88,14.49],[98.07,14.24],[98.04,13.98],[98.25,13.85],[98.28,13.53],[98.42,13.46],[98.65,12.82],[98.61,11.73],[98.76,11.73],[98.65,11.41],[98.7,11.09],[98.6,10.83],[98.45,10.76],[98.46,10.06],[98.53,10.06],[98.77,10.31],[98.98,10.96],[99.54,11.54],[99.66,11.99],[99.47,12.24],[99.43,12.56],[99.17,12.89],[99.28,13.27],[99.21,13.27],[99.24,13.59],[99.13,13.85],[98.47,14.49],[98.48,14.62],[98.23,14.94],[98.26,15.2],[98.67,15.52],[98.67,16.04],[98.91,16.16],[98.93,16.36],[98.64,16.36],[98.63,16.81],[97.92,17.51],[97.73,18.22],[97.45,18.35],[97.47,18.48],[97.77,18.54],[97.87,18.67],[97.94,19.64],[98.1,19.76],[98.92,19.76],[99.19,20.09],[99.41,20.09],[99.83,20.41],[100.13,20.41],[100.24,20.66],[100.64,20.86],[100.69,21.18],[101.18,21.44],[101.16,21.76],[100.74,21.5],[100.22,21.5],[100.03,21.69],[100.07,21.95],[99.94,22.08],[99.29,22.14],[99.57,22.98],[98.94,23.24],[98.87,23.69],[98.73,23.75],[98.88,24.14],[97.65,23.94],[97.79,24.33],[97.59,24.46],[97.65,24.78],[97.82,24.91],[97.87,25.16],[98.13,25.36],[98.17,25.55],[98.67,25.81],[98.84,26.58],[98.76,26.58],[98.74,26.84],[98.79,27.35],[98.56,27.67],[98.26,27.67],[98.16,28.19],[97.98,28.38],[97.56,28.51],[97.51,28.32],[97.27,28.25],[96.86,28.44],[96.4,28.38],[96.37,28.57],[96.19,28.77],[95.58,28.77],[94.77,28.51],[94.39,28.19],[93.56,27.87],[93.2,27.61],[92.11,27.42],[92.07,26.9],[91.82,26.77],[90.69,26.77],[90.57,26.9],[90.34,26.9],[90,26.71],[89.7,26.71],[89.5,26.84],[89.13,26.84],[88.8,27.09],[88.95,27.42],[88.8,27.42],[88.95,27.8],[88.78,28.06],[88.48,28.06],[88.14,27.87],[88.04,27.03],[88.21,26.77],[88.16,26.52],[87.99,26.39],[87.24,26.39],[87.11,26.52],[86.65,26.45],[86.31,26.64],[85.79,26.64],[85.74,26.77],[85.27,26.71],[85,26.84],[84.76,27.16],[84.43,27.42],[83.08,27.42],[82.54,27.74],[81.88,27.87],[81.19,28.19],[80.96,28.51],[80.68,28.64],[80.3,28.64],[80.1,28.77],[80.47,29.79],[81.01,30.18],[80.84,30.44],[80.26,30.56],[79.97,30.95],[79.45,31.01],[79.16,31.4],[78.77,31.34],[78.8,31.79],[78.46,32.3],[78.54,32.62],[78.56,32.69],[78.72,33.91],[79.02,34.16],[79.07,34.36],[78.17,34.74],[78.17,35],[78.06,35.45],[77.56,35.32],[76.8,34.81],[76.84,34.94],[77.1,35.07],[77.17,35.32],[77.05,35.45],[77.09,35.58],[76.6,35.77],[76.64,35.9],[76.17,35.9],[75.99,36.1],[76,36.42],[75.78,36.74],[75.41,36.8],[75.31,37],[74.55,37.06],[74.11,36.87],[72.38,36.8],[71.98,36.48],[71.39,36.29],[71.23,35.97],[71.55,35.71],[71.52,35.58],[71.66,35.52],[71.68,35.32],[71.51,34.94],[71.05,34.61],[71.02,34.49],[71.16,34.42],[71.19,34.23],[70.73,33.91],[69.99,34.04],[69.93,33.78],[70.21,33.65],[70.18,33.52],[70.32,33.46],[70.26,33.2],[69.54,33.07],[69.55,32.75],[69.34,32.49],[69.29,31.91],[69.09,31.66],[68.78,31.66],[68.66,31.79],[68.12,31.79],[67.93,31.59],[67.61,31.53],[67.72,31.27],[66.88,31.27],[66.44,30.95],[66.34,29.99],[65.99,29.73],[65.12,29.54],[64.53,29.6],[64.12,29.41],[63.83,29.47],[62.3,29.41],[61,29.79],[60.98,29.67],[61.45,29.28],[61.49,29.02],[61.87,28.57],[62.8,28.19],[62.83,27.87],[62.9,27.87],[62.82,27.29],[63.33,27.16],[63.28,26.77],[63.11,26.64],[62.43,26.58],[61.85,26.19],[61.66,25.16]],[[88.44,22.79],[88.49,22.59],[88.34,22.59],[88.44,22.79]],[[73.19,20.15],[72.96,20.09],[72.9,20.21],[73.19,20.15]]],[[[93.7,6.78],[93.92,6.84],[93.86,7.04],[93.87,7.23],[93.73,7.23],[93.74,7.42],[93.51,7.36],[93.51,7.23],[93.65,7.23],[93.7,6.78]]],[[[93.49,8.06],[93.27,8.06],[93.26,7.87],[93.48,7.87],[93.49,8.06]]],[[[92.29,10.57],[92.57,10.51],[92.61,10.89],[92.39,10.89],[92.29,10.57]]],[[[92.52,11.6],[92.73,11.54],[92.83,11.73],[92.79,12.11],[93.04,12.44],[93.06,12.69],[92.93,12.82],[93.1,13.08],[93.08,13.59],[92.85,13.53],[92.72,12.89],[92.72,12.18],[92.57,12.11],[92.52,11.6]]],[[[91.03,22.14],[91.26,22.21],[91.22,22.4],[91.07,22.4],[91.03,22.14]]]]},"properties":{"NAME":"British Raj","C":6,"name":"British Raj","start_year":1945,"end_year":1945,"capital":"","type":"polity","region":"","event":"","source":"Cliopatria / Seshat Global History Databank (CC BY 4.0)","wikipedia":"British Raj","wikidata":"Q129286","_a":1253,"_c":[81.08,21.47],"_nz":"英属印度","_sz":""}},
{"type":"Feature","geometry":{"type":"MultiPolygon","coordinates":[[[[9.5,41.2],[9.02,41.26],[8.55,40.87],[8.15,40.94],[8.16,40.55],[8.32,40.48],[8.4,40.29],[8.32,39.97],[8.48,39.9],[8.41,39.51],[8.33,39.51],[8.34,39],[8.73,38.87],[8.97,38.87],[9.12,39.19],[9.59,39.13],[9.67,39.64],[9.75,39.64],[9.67,40.29],[9.82,40.36],[9.82,40.74],[9.5,41.2]]],[[[7.55,43.8],[8.03,43.93],[8.19,44.19],[8.59,44.45],[9.16,44.45],[9.73,44.12],[9.97,44.12],[10.13,44.06],[10.37,43.67],[10.54,43.08],[11.02,42.82],[11.02,42.63],[11.18,42.63],[11.26,42.43],[11.42,42.43],[11.49,42.3],[11.65,42.37],[11.81,42.11],[12.13,42.04],[12.13,41.91],[13,41.33],[13.71,41.26],[13.79,41.13],[13.95,41.13],[14.1,40.87],[14.42,40.87],[14.42,40.68],[14.89,40.68],[15.04,40.23],[15.2,40.23],[15.43,40.03],[15.75,40.03],[15.67,39.9],[15.9,39.77],[16.12,39.06],[16.27,38.93],[16.27,38.74],[15.95,38.67],[15.86,38.29],[14.06,37.96],[13.67,37.96],[13.35,38.16],[13.12,38.16],[13.04,38.03],[12.65,38.09],[12.49,37.9],[12.49,37.71],[13.19,37.58],[13.58,37.25],[14.28,37.13],[14.66,36.74],[15.05,36.74],[15.21,37.19],[15.06,37.25],[15.07,37.64],[15.39,38.16],[15.62,38.16],[15.7,37.96],[15.93,37.96],[16.49,38.42],[16.5,38.8],[17.14,39.06],[17.07,39.38],[16.92,39.51],[16.45,39.64],[16.46,39.97],[16.7,40.1],[16.62,40.29],[16.86,40.29],[17.03,40.55],[17.35,40.55],[17.42,40.36],[17.81,40.36],[18.11,39.9],[18.35,39.9],[18.44,40.16],[17.98,40.61],[17.51,40.74],[17.2,41],[15.94,41.39],[15.87,41.72],[16.11,41.78],[16.12,41.91],[15.24,41.91],[15.17,42.04],[14.92,41.98],[14.61,42.11],[14.53,42.24],[14.37,42.24],[14.06,42.5],[13.9,42.76],[13.99,42.95],[13.75,43.08],[13.67,43.41],[13.36,43.67],[13.03,43.73],[12.87,43.8],[12.31,44.19],[12.15,44.45],[12.16,44.84],[12.4,44.78],[12.4,45.04],[12.16,45.17],[12.16,45.5],[12.65,45.56],[12.82,45.69],[13.06,45.63],[13.14,45.82],[13.63,45.76],[13.64,45.89],[13.47,45.96],[13.56,46.22],[13.4,46.28],[13.56,46.48],[12.26,46.74],[12.18,47.07],[11.19,47.01],[10.94,46.74],[10.45,46.87],[10.37,46.61],[10.04,46.61],[10.04,46.28],[9.3,46.48],[8.98,45.89],[8.65,46.15],[8.49,46.15],[8.4,46.41],[8.08,46.22],[8,46.02],[7.92,46.02],[7.43,45.89],[6.94,45.96],[6.78,45.82],[6.78,45.69],[7.11,45.5],[7.12,45.3],[6.71,45.17],[6.64,44.97],[6.97,44.84],[6.89,44.65],[6.98,44.25],[7.3,44.12],[7.63,44.19],[7.55,43.8]]],[[[10.46,42.89],[10.13,42.89],[10.21,42.69],[10.46,42.69],[10.46,42.89]]]]},"properties":{"NAME":"Kingdom of Italy","C":3,"name":"Kingdom of Italy","start_year":1945,"end_year":1945,"capital":"","type":"polity","region":"","event":"","source":"Cliopatria / Seshat Global History Databank (CC BY 4.0)","wikipedia":"Kingdom of Italy","wikidata":"Q172579","_a":1145,"_c":[62.07,41.91],"_nz":"意大利王国","_sz":""}},
{"type":"Feature","geometry":{"type":"MultiPolygon","coordinates":[[[[30.96,69.87],[30.07,69.95],[29.7,70.1],[30.96,70.26],[31.12,70.49],[31.03,70.57],[30.24,70.64],[30.07,70.8],[29.36,70.8],[29.29,70.95],[28.68,70.95],[28.41,71.11],[27.71,71.19],[27.26,71.03],[27.01,70.8],[26.68,70.72],[26.75,71.03],[26.44,71.03],[25.88,70.8],[26.06,71.19],[25.87,71.27],[25.34,71.19],[25.21,71.03],[24.27,70.95],[24.33,70.72],[23.63,70.8],[23.44,70.88],[22.41,70.8],[22.33,70.33],[21.43,70.41],[21.38,70.1],[21.79,70.1],[21.77,69.95],[20.77,70.02],[20.81,70.33],[20.29,70.26],[20.36,70.02],[19.84,69.87],[19.66,70.1],[18.86,70.18],[18.72,69.87],[18.82,69.79],[16.87,69.49],[17.04,69.11],[17.65,69.18],[17.52,68.88],[16.61,68.73],[16.62,68.88],[15.92,68.88],[15.94,69.11],[16.15,69.33],[15.75,69.33],[15.44,69.18],[15.52,68.8],[15.32,68.8],[15.33,69.03],[14.42,68.8],[14.41,68.65],[14.91,68.73],[14.9,68.57],[14.4,68.5],[14.19,68.35],[14.19,68.2],[14.98,68.27],[15.09,68.42],[15.88,68.35],[15.58,68.27],[15.36,67.97],[15.07,67.97],[14.95,67.67],[14.55,67.52],[14.44,67.3],[14.13,67.07],[13.64,67.07],[13.54,67],[13.63,66.77],[13.24,66.77],[13.23,66.62],[12.94,66.62],[13.12,66.25],[12.35,66.25],[12.44,66.11],[12.34,65.88],[12.53,65.74],[12.14,65.59],[12.04,65.44],[12.13,65.15],[11.84,65.22],[11.74,65.08],[11.45,65],[11.35,64.86],[11.44,64.57],[10.87,64.64],[10.3,64.42],[10.3,64.28],[9.92,64.13],[9.92,63.99],[9.54,63.91],[9.54,63.62],[9.35,63.62],[9.26,63.41],[8.98,63.48],[9.07,63.7],[8.5,63.7],[8.22,63.48],[7.84,63.55],[7.75,63.34],[8.22,63.34],[8.23,63.19],[7.94,63.19],[7.95,63.05],[6.92,63.05],[6.92,62.83],[7.39,62.76],[7.4,62.62],[6.64,62.76],[6.56,62.47],[5.91,62.4],[5.92,62.19],[5.73,62.19],[5.72,62.4],[5.44,62.4],[5.45,62.19],[5.08,62.26],[5.19,61.9],[4.91,61.76],[4.93,61.48],[5.03,61.19],[4.95,61.05],[5.16,60.49],[4.89,60.42],[4.9,60.21],[5.26,60.28],[5.45,60.14],[5.18,60],[5.28,59.78],[5.21,59.29],[5.85,59.29],[5.95,59.02],[5.5,59.02],[5.51,58.6],[5.7,58.46],[6.52,58.25],[6.61,58.04],[7.6,57.97],[8.67,58.32],[9.11,58.74],[9.38,58.74],[9.65,59.02],[10.01,58.95],[10.19,59.16],[10.37,59.16],[10.56,59.36],[10.83,59.16],[11.1,59.09],[11.64,58.95],[11.73,59.29],[11.74,59.71],[11.83,59.85],[12.38,60.07],[12.57,60.35],[12.49,60.7],[12.31,60.77],[12.31,60.98],[12.78,61.19],[12.78,61.41],[12.14,61.76],[12.25,62.4],[12.07,62.62],[12.18,63.19],[12.09,63.55],[12.19,63.77],[12.76,64.06],[14.1,64.13],[14.2,64.35],[13.64,64.71],[14.03,64.93],[14.04,65.08],[14.54,65.44],[14.57,66.11],[15.26,66.25],[15.78,66.77],[16.38,67.07],[16.4,67.3],[16.12,67.44],[16.23,67.59],[16.73,67.74],[17.05,68.05],[18.05,68.12],[18.09,68.57],[19.96,68.42],[20.21,68.8],[20.24,69.03],[20.95,69.11],[21.07,69.26],[21.77,69.26],[22.22,68.88],[22.79,68.73],[22.78,68.65],[24.4,68.8],[24.39,68.73],[24.86,68.57],[25.43,68.95],[25.76,69.11],[25.86,69.64],[26.21,69.87],[27.23,69.95],[27.25,70.02],[28.16,70.02],[28.53,69.87],[28.51,69.79],[29.29,69.64],[29.13,69.41],[28.8,69.26],[28.85,69.03],[29.17,69.11],[29.32,69.33],[29.94,69.41],[30.19,69.64],[30.68,69.56],[30.92,69.72],[30.96,69.87]]],[[[12.79,67.89],[13.19,67.97],[13.19,68.12],[12.89,68.12],[12.79,67.89]]],[[[14.09,68.2],[14.1,68.42],[13.7,68.42],[13.39,68.2],[13.59,68.12],[14.09,68.2]]],[[[-8.15,71.19],[-8.64,71.11],[-8.61,70.95],[-8.11,71.03],[-8.15,71.19]]],[[[20.09,79.18],[19.88,79.27],[19.07,79.27],[19,79.54],[18.09,79.63],[18.26,79.91],[16.98,80],[16.05,80],[15.66,79.73],[14.85,79.82],[14.26,79.73],[14.17,80],[12.41,79.91],[11.47,79.91],[11.46,79.73],[10.99,79.63],[10.97,79.36],[11.42,79.09],[11.73,78.64],[12.41,78.55],[12.4,78.37],[12.84,78.2],[13.97,78.2],[14.57,78.46],[14.71,78.64],[15.17,78.64],[15.26,78.46],[15.81,78.37],[14.99,78.2],[13.51,78.11],[13.59,77.76],[15.05,77.76],[15.04,77.67],[13.92,77.67],[13.89,77.41],[14.31,77.15],[14.64,77.06],[15.86,77.06],[15.72,76.81],[16.15,76.72],[16.24,76.55],[17.03,76.64],[17.45,77.24],[17.83,77.5],[18.28,77.5],[18.54,77.67],[18.6,78.02],[19.18,78.11],[19.25,78.46],[20.07,78.55],[20.83,78.37],[21.09,78.02],[21.53,77.93],[21.24,77.67],[20.88,77.58],[20.85,77.41],[22.44,77.5],[22.49,77.24],[22.94,77.24],[23.45,77.5],[23.76,77.41],[24.28,77.67],[24.73,77.67],[24.81,77.93],[23.36,78.02],[23.54,78.29],[22.4,78.29],[22.38,78.64],[21.6,78.73],[21.55,79],[20.63,79],[20.09,79.18]]],[[[11.06,79],[10.6,78.91],[10.81,78.64],[11.15,78.46],[11.93,78.2],[12.27,78.2],[12.17,78.46],[11.39,78.64],[11.06,79]]],[[[18.76,74.38],[19.19,74.38],[19.23,74.63],[18.8,74.63],[18.76,74.38]]],[[[29.15,79],[28.34,79],[28.28,78.82],[29.08,78.82],[29.15,79]]],[[[24,80.37],[23.58,80.56],[22.73,80.47],[22.51,80.09],[21.15,80.28],[20.62,80.56],[19.3,80.47],[19.26,80.28],[18.44,80.28],[18.47,79.82],[19.97,79.73],[20.03,79.45],[22.79,79.36],[22.98,79.18],[24.36,79.18],[24.88,79.36],[25.92,79.36],[26.18,79.45],[26.38,79.73],[27.35,79.82],[27.44,80.09],[27.27,80.28],[25.62,80.28],[25.65,80.37],[24,80.37]]],[[[32.6,80.37],[32.37,80.09],[32.95,80.09],[33.19,80.37],[32.6,80.37]]]]},"properties":{"NAME":"Kingdom of Norway","C":2,"name":"Kingdom of Norway","start_year":1945,"end_year":2023,"capital":"","type":"polity","region":"","event":"","source":"Cliopatria / Seshat Global History Databank (CC BY 4.0)","wikipedia":"Norway","wikidata":"Q20","_a":945,"_c":[12.27,69.27],"_nz":"挪威王国","_sz":""}},
{"type":"Feature","geometry":{"type":"MultiPolygon","coordinates":[[[[-16.91,21.31],[-13.05,21.31],[-12.91,21.44],[-13.05,22.91],[-12.62,23.3],[-12.17,23.36],[-11.88,23.56],[-11.93,26],[-8.71,26],[-8.57,26.26],[-8.73,27.8],[-8.65,27.8],[-8.7,28.57],[-9.14,28.44],[-9.13,28.32],[-10.1,28.12],[-10.78,28.12],[-11.33,28.44],[-11.41,28.44],[-11.99,28.12],[-12.96,27.99],[-13.37,27.42],[-13.49,26.9],[-14.5,26.19],[-14.82,25.42],[-14.93,24.71],[-15.86,23.94],[-15.77,23.69],[-15.9,23.43],[-16.12,23.3],[-16.18,22.98],[-16.32,22.91],[-16.38,22.46],[-16.6,22.4],[-16.94,21.95],[-16.99,21.37],[-16.91,21.31]]],[[[-15.76,28.19],[-15.83,28.06],[-15.73,27.74],[-15.36,27.8],[-15.3,28.12],[-15.76,28.19]]],[[[-17.03,28.06],[-17.12,28.25],[-17.35,28.19],[-17.25,27.99],[-17.03,28.06]]],[[[-16.37,28.19],[-16.08,28.44],[-16.09,28.57],[-16.91,28.38],[-16.65,27.93],[-16.36,28.06],[-16.37,28.19]]],[[[-14.26,28.32],[-14.32,28.06],[-13.81,28.25],[-13.77,28.77],[-14.07,28.7],[-14.12,28.38],[-14.26,28.32]]],[[[-17.9,28.51],[-17.67,28.51],[-17.71,28.89],[-18,28.83],[-17.99,28.64],[-17.9,28.51]]],[[[-13.47,28.89],[-13.42,29.22],[-13.65,29.22],[-13.86,29.02],[-13.85,28.83],[-13.47,28.89]]],[[[-9.63,30.24],[-9.7,30.05],[-9.83,29.86],[-9.39,29.99],[-9.4,30.24],[-9.63,30.24]]],[[[9.68,2.21],[9.6,1.76],[9.45,1.51],[9.23,1.38],[9.22,1.06],[9.44,0.99],[9.95,0.93],[11.19,1.06],[11.27,1.64],[11.21,2.15],[9.68,2.21]]],[[[8.31,3.44],[8.31,3.24],[8.68,3.18],[8.9,3.56],[8.83,3.82],[8.54,3.76],[8.46,3.5],[8.31,3.44]]],[[[-2.58,35.07],[-2.82,35.13],[-2.84,35.45],[-2.99,35.45],[-2.98,35.26],[-3.29,35.19],[-4.75,35.19],[-5.24,35.52],[-5.34,35.84],[-5.57,35.84],[-5.72,35.77],[-5.79,35.58],[-6.01,35.52],[-6,35.32],[-6.14,35.07],[-5.44,35.07],[-5.28,34.94],[-4.73,34.87],[-2.81,34.87],[-2.58,35.07]]],[[[1.43,38.8],[1.66,39],[1.65,39.13],[1.26,39.13],[1.18,39.06],[1.27,38.8],[1.43,38.8]]],[[[3.52,39.77],[3.2,39.84],[3.19,39.97],[2.88,39.97],[2.34,39.64],[2.35,39.45],[2.66,39.51],[2.82,39.32],[3.3,39.32],[3.52,39.77]]],[[[-1.69,43.34],[-3.3,43.34],[-3.47,43.47],[-4.99,43.41],[-5.65,43.54],[-7.18,43.54],[-7.34,43.6],[-7.28,43.73],[-8.24,43.73],[-8.39,43.6],[-8.37,43.41],[-8.85,43.41],[-9.3,43.15],[-9.08,42.56],[-8.66,42.37],[-8.96,42.17],[-8.93,41.91],[-8.47,42.11],[-8.15,42.11],[-8.22,41.98],[-8.12,41.78],[-6.7,41.98],[-6.52,41.72],[-6.27,41.65],[-6.25,41.46],[-6.93,41],[-6.87,40.36],[-7.01,40.23],[-7,40.1],[-6.84,40.03],[-6.9,39.77],[-7.44,39.64],[-7.42,39.45],[-7.26,39.38],[-6.99,39],[-7.12,38.74],[-7.27,38.67],[-7.24,38.35],[-7,38.22],[-7.14,38.09],[-7.28,37.84],[-7.5,37.71],[-7.39,37.25],[-6.84,37.25],[-6.59,37],[-6.43,37],[-6.06,36.22],[-5.83,36.22],[-5.66,36.03],[-5.23,36.48],[-4.69,36.55],[-4.47,36.74],[-2.68,36.74],[-2.53,36.87],[-2.06,36.8],[-1.86,37.32],[-1.62,37.32],[-1.71,37.45],[-0.7,37.64],[-0.8,38.03],[-0.66,38.29],[0.1,38.74],[-0.31,39.13],[-0.35,39.71],[-0.2,39.97],[0.18,40.16],[0.25,40.42],[0.47,40.61],[0.71,40.68],[0.7,40.94],[1.24,41.2],[2.11,41.33],[2.33,41.59],[2.89,41.72],[3.12,41.91],[3.18,42.37],[3.09,42.5],[2.46,42.37],[1.81,42.56],[1.58,42.43],[1.49,42.63],[1.07,42.82],[0.04,42.69],[-0.21,42.82],[-0.53,42.82],[-1.03,43.08],[-1.43,43.08],[-1.44,43.28],[-1.69,43.34]]],[[[3.74,40.1],[3.83,39.9],[4.3,39.84],[4.22,40.1],[3.74,40.1]]]]},"properties":{"NAME":"Francoist Spain","C":6,"name":"Francoist Spain","start_year":1945,"end_year":1957,"capital":"","type":"polity","region":"","event":"","source":"Cliopatria / Seshat Global History Databank (CC BY 4.0)","wikipedia":"Francoist Spain","wikidata":"Q13474305","_a":1255,"_c":[-3.39,22.33],"_nz":"佛朗哥西班牙","_sz":""}},
{"type":"Feature","geometry":{"type":"Polygon","coordinates":[[[7.15,43.73],[7.15,43.67],[7.15,43.6],[7.23,43.6],[7.23,43.67],[7.23,43.73],[7.15,43.73]]]},"properties":{"NAME":"Principality of Monaco","C":2,"name":"Principality of Monaco","start_year":1945,"end_year":2023,"capital":"","type":"polity","region":"","event":"","source":"Cliopatria / Seshat Global History Databank (CC BY 4.0)","wikipedia":"Monaco","wikidata":"Q235","_a":0,"_c":[7.19,43.67],"_nz":"摩纳哥公国","_sz":""}},
{"type":"Feature","geometry":{"type":"MultiPolygon","coordinates":[[[[120.01,-9.36],[118.99,-9.36],[118.78,-9.49],[118.95,-9.74],[119.46,-9.81],[120.02,-10.26],[120.54,-10.32],[120.74,-10.19],[120.72,-9.94],[120.48,-9.68],[120.18,-9.61],[120.01,-9.36]]],[[[116.65,-8.52],[116.67,-8.78],[116.6,-8.78],[116.62,-9.04],[116.85,-9.16],[117.43,-9.1],[117.57,-8.97],[118.07,-8.91],[118.13,-8.78],[118.28,-8.78],[118.29,-8.91],[118.72,-8.84],[118.72,-8.78],[119.08,-8.78],[118.9,-8.26],[118.54,-8.33],[118.31,-8.2],[118.17,-8.33],[118.01,-8.07],[117.35,-8.14],[117.37,-8.33],[117.58,-8.26],[118.05,-8.65],[117.76,-8.71],[117.52,-8.39],[116.86,-8.39],[116.65,-8.52]]],[[[116.65,-8.52],[116.64,-8.33],[116.48,-8.2],[116.12,-8.2],[115.91,-8.39],[115.94,-8.71],[115.72,-8.71],[115.73,-8.91],[116.47,-8.97],[116.45,-8.71],[116.65,-8.52]]],[[[119.29,-8.65],[119.51,-8.59],[119.42,-8.39],[119.27,-8.39],[119.21,-8.52],[119.29,-8.65]]],[[[110.89,-6.4],[110.53,-6.46],[110.34,-6.91],[109.17,-6.85],[108.58,-6.79],[108.34,-6.34],[108.11,-6.27],[107.53,-6.21],[107.37,-6.01],[107,-5.89],[106.85,-5.89],[106.79,-6.08],[105.91,-5.89],[105.7,-6.08],[105.65,-6.46],[105.43,-6.53],[105.37,-6.85],[105.89,-6.85],[106.33,-7.04],[106.28,-7.43],[106.43,-7.49],[107.16,-7.49],[108.14,-7.88],[108.78,-7.69],[109.89,-7.94],[110.65,-8.26],[111.89,-8.33],[112.27,-8.46],[112.85,-8.46],[112.99,-8.33],[113.21,-8.33],[113.74,-8.65],[114.18,-8.65],[114.27,-8.84],[114.49,-8.84],[114.47,-8.65],[114.32,-8.52],[114.37,-8.33],[114.98,-8.65],[114.93,-8.91],[115.08,-8.91],[115.34,-8.59],[115.63,-8.52],[115.61,-8.26],[115.3,-8.07],[114.43,-8.14],[114.35,-8.01],[114.41,-7.81],[114.26,-7.69],[113.09,-7.75],[112.71,-7.56],[112.69,-7.24],[113.28,-7.3],[113.78,-7.17],[113.85,-7.04],[113.99,-7.04],[113.91,-6.85],[112.74,-6.85],[112.53,-6.98],[112.52,-6.85],[112.16,-6.91],[111.94,-6.79],[111.64,-6.79],[111.49,-6.59],[111.05,-6.66],[110.89,-6.4]]],[[[115.08,-6.85],[115.16,-7.04],[115.38,-6.98],[115.29,-6.79],[115.08,-6.85]]],[[[102.23,-5.31],[102.02,-5.31],[102.1,-5.5],[102.32,-5.5],[102.23,-5.31]]],[[[107.52,-2.61],[107.45,-2.61],[107.47,-3.19],[108.12,-3.19],[108.18,-2.67],[108.03,-2.54],[107.52,-2.54],[107.52,-2.61]]],[[[100.03,-2.86],[100.11,-3.19],[100.33,-3.25],[100.4,-2.99],[100.25,-2.8],[100.1,-2.8],[99.95,-2.48],[99.87,-2.48],[99.81,-2.67],[99.89,-2.86],[100.03,-2.86]]],[[[105.78,-2.8],[106.45,-3.19],[106.81,-3.06],[106.8,-2.86],[106.58,-2.86],[106.58,-2.74],[106.72,-2.61],[106.21,-2.41],[105.97,-1.51],[105.6,-1.51],[105.6,-1.64],[105.24,-1.51],[105.24,-1.84],[104.96,-1.96],[105.11,-2.16],[105.62,-2.16],[105.77,-2.41],[105.78,-2.8]]],[[[99.58,-2.29],[99.65,-2.41],[99.8,-2.41],[99.64,-2.03],[99.35,-2.03],[99.36,-2.22],[99.58,-2.29]]],[[[108.66,-1.64],[108.88,-1.64],[108.88,-1.51],[108.66,-1.51],[108.66,-1.64]]],[[[98.46,-1.32],[98.84,-1.84],[99.2,-1.77],[99.12,-1.39],[98.82,-0.94],[98.46,-1],[98.46,-1.32]]],[[[104.92,-0.36],[104.92,-0.23],[104.55,-0.04],[104.54,0.16],[104.32,0.16],[104.34,-0.29],[104.12,-0.36],[104.13,-0.61],[104.42,-0.68],[104.49,-0.36],[104.92,-0.36]]],[[[98.45,-0.36],[98.37,0.03],[98.21,0.09],[98.16,-0.61],[98.38,-0.61],[98.45,-0.36]]],[[[99.14,3.63],[98.71,3.76],[98.58,4.01],[98.22,4.14],[98.24,4.53],[98.02,4.59],[97.83,5.04],[97.47,5.24],[97.48,5.3],[96.24,5.24],[95.6,5.69],[95.24,5.69],[95.09,5.56],[95.07,5.17],[95.34,4.85],[95.33,4.72],[96.24,3.95],[96.24,3.82],[96.6,3.76],[96.88,3.56],[97.15,2.99],[97.5,2.79],[97.56,2.28],[97.92,2.21],[98.63,1.7],[98.61,1.31],[98.81,0.74],[98.95,0.61],[98.94,0.22],[99.16,0.22],[99.23,0.09],[99.46,0.03],[99.61,-0.1],[99.68,-0.42],[100.2,-0.87],[100.28,-1.32],[100.73,-1.9],[100.74,-2.35],[100.9,-2.61],[101.27,-2.86],[101.43,-3.25],[102.1,-3.7],[102.18,-4.02],[103.09,-4.79],[103.23,-4.79],[103.76,-5.18],[103.76,-5.31],[104,-5.56],[104.14,-5.56],[104.3,-5.89],[104.6,-5.95],[104.51,-5.56],[104.81,-5.76],[105.17,-5.76],[105.23,-5.56],[105.39,-5.82],[105.69,-5.89],[105.78,-4.73],[105.85,-4.73],[105.76,-4.15],[105.89,-3.96],[105.73,-3.57],[105.95,-3.38],[106.01,-3.06],[105.64,-2.8],[105.48,-2.35],[104.82,-2.29],[104.81,-2.03],[104.52,-1.96],[104.36,-1.19],[104.21,-1],[103.62,-1],[103.33,-0.74],[103.32,-0.42],[103.61,-0.36],[103.61,-0.23],[103.39,-0.16],[103.75,-0.04],[103.6,0.35],[103.32,0.54],[103.1,0.54],[102.95,0.41],[102.96,0.8],[103.11,0.8],[103.11,0.93],[102.83,1.12],[102.39,1.12],[102.41,1.57],[101.68,1.64],[101.7,2.09],[101.41,2.15],[101.26,2.02],[100.91,2.34],[100.69,2.34],[100.68,2.15],[100.39,2.21],[100.26,2.6],[99.9,2.73],[99.91,2.99],[99.56,3.31],[99.42,3.31],[99.14,3.63]]],[[[98.35,0.09],[98.51,0.03],[98.73,0.03],[98.72,0.16],[98.43,0.22],[98.35,0.09]]],[[[103.18,0.67],[103.39,0.67],[103.4,0.86],[103.18,0.86],[103.18,0.67]]],[[[104.28,0.93],[104.34,0.8],[104.49,0.8],[104.57,1.12],[104.21,1.19],[104.13,0.93],[104.28,0.93]]],[[[97.57,0.54],[97.79,0.61],[97.8,1.12],[97.45,1.51],[97.02,1.44],[97.01,1.25],[97.15,1.06],[97.43,0.86],[97.57,0.54]]],[[[104.06,0.99],[104.07,1.19],[103.92,1.25],[103.77,1.12],[103.77,0.93],[104.06,0.99]]],[[[119.27,5.36],[119.14,5.49],[118.56,5.62],[118.36,5.88],[118.06,5.81],[118.01,6.07],[117.64,5.94],[117.75,6.46],[117.26,6.78],[117.2,7.04],[116.9,6.91],[116.84,7.04],[116.69,7.04],[116.35,6.39],[116.05,6.2],[115.79,5.62],[115.5,5.62],[115.35,5.49],[115.26,5.3],[115.47,5.11],[115.31,4.98],[114.74,5.04],[114.28,4.66],[113.91,4.59],[113.66,4.01],[113.2,3.69],[113.11,3.37],[112.81,3.11],[111.71,2.92],[111.26,2.73],[111.25,2.41],[111.1,2.41],[111.16,2.15],[111.01,2.02],[110.92,1.51],[110.49,1.57],[110.28,1.83],[109.98,1.7],[109.63,1.89],[109.63,2.02],[109.34,2.02],[109.19,1.89],[109.11,1.64],[108.88,1.51],[108.7,0.48],[108.98,0.09],[108.93,-0.55],[109.22,-0.61],[109.08,-0.87],[109.37,-0.94],[109.31,-1.32],[109.53,-1.32],[109.67,-1.13],[109.89,-1.32],[109.9,-1.64],[109.75,-1.71],[109.76,-1.9],[109.98,-2.03],[110.09,-3.06],[110.45,-2.93],[110.45,-3.06],[111.03,-3.12],[111.1,-2.99],[111.61,-2.93],[111.71,-3.64],[111.85,-3.64],[112.06,-3.38],[112.65,-3.44],[113,-3.06],[113.08,-3.25],[113.44,-3.25],[113.52,-3.51],[113.82,-3.51],[113.88,-3.38],[114.18,-3.38],[114.18,-3.51],[114.4,-3.44],[114.5,-4.21],[114.86,-4.15],[114.93,-4.02],[115.72,-3.76],[115.79,-3.64],[115.93,-3.64],[116.02,-4.09],[116.24,-3.96],[116.13,-2.99],[116.34,-2.8],[116.26,-2.54],[116.48,-2.54],[116.47,-2.29],[116.54,-2.16],[116.32,-2.16],[116.39,-2.03],[116.31,-1.71],[116.45,-1.71],[116.45,-1.51],[116.66,-1.39],[116.66,-1.26],[117.02,-1.19],[117.16,-0.94],[117.52,-0.81],[117.45,-0.68],[117.52,-0.49],[117.37,-0.42],[117.36,-0.04],[117.51,0.54],[117.66,0.74],[117.88,0.8],[117.89,0.93],[118.24,0.74],[118.9,0.86],[118.91,1.06],[117.78,1.89],[117.78,2.02],[118.01,2.15],[118.02,2.41],[117.6,2.79],[117.54,3.11],[117.62,3.24],[117.63,3.44],[117.27,3.5],[117.21,3.63],[117.79,3.63],[117.73,3.89],[117.88,4.01],[117.89,4.21],[117.6,4.21],[117.61,4.34],[118.56,4.34],[118.5,4.66],[118.14,4.79],[118.16,4.98],[119.03,4.98],[119.26,5.17],[119.27,5.36]]],[[[96.11,2.47],[96.17,2.34],[96.39,2.34],[96.4,2.54],[96.04,2.66],[95.98,2.86],[95.69,2.92],[95.61,2.73],[95.68,2.6],[96.11,2.47]]],[[[103.98,2.73],[104.2,2.73],[104.21,2.86],[104.06,2.92],[103.98,2.73]]],[[[108.25,3.69],[108.32,3.69],[108.34,4.08],[107.98,4.14],[107.9,3.89],[108.04,3.82],[108.1,3.63],[108.25,3.69]]],[[[100.03,6.52],[100.02,6.46],[100.28,5.94],[100.24,5.11],[100.51,4.79],[100.48,4.21],[100.81,3.56],[101.23,3.18],[101.22,2.79],[101.43,2.6],[101.72,2.54],[101.71,2.41],[101.99,2.15],[102.35,2.09],[102.63,1.76],[103.06,1.64],[103.28,1.44],[103.27,1.31],[104.14,1.31],[104.23,1.7],[103.95,2.09],[103.96,2.28],[103.83,2.54],[103.4,2.86],[103.37,3.63],[103.48,4.46],[103.41,4.46],[103.36,4.98],[103.17,5.36],[102.4,6.01],[102.34,6.2],[102.05,6.26],[101.88,5.75],[101.66,5.75],[101.52,5.88],[101.07,5.62],[101.01,5.88],[101.09,6.07],[100.68,6.46],[100.39,6.52],[100.33,6.65],[100.03,6.52]]],[[[99.58,6.39],[99.65,6.26],[99.87,6.26],[99.88,6.52],[99.58,6.39]]],[[[117.23,7.36],[117.01,7.36],[116.99,7.1],[117.21,7.16],[117.23,7.36]]],[[[104.12,10.44],[103.91,10.44],[103.81,10.25],[103.94,10.06],[104.09,10.06],[104.12,10.44]]],[[[108.64,18.54],[108.76,18.41],[109.12,18.35],[109.25,18.22],[109.84,18.22],[109.86,18.35],[110.18,18.48],[110.19,18.54],[110.51,18.67],[110.68,19.25],[110.85,19.38],[110.88,19.57],[111.03,19.57],[111.09,19.89],[110.91,20.15],[110.61,20.15],[110.59,20.02],[110.16,20.09],[109.25,19.96],[109.2,19.7],[108.7,19.38],[108.64,18.54]]],[[[116.15,22.85],[116.54,22.91],[116.59,23.17],[116.81,23.17],[116.78,23.36],[116.89,23.56],[116.97,23.56],[116.92,23.69],[116.62,23.69],[116.42,23.43],[116.35,23.43],[116.13,23.11],[116.15,22.85]]],[[[118.82,24.84],[118.71,25.04],[118.49,25.04],[118.21,24.78],[118.22,24.52],[118.67,24.52],[118.82,24.84]]],[[[119.57,26.07],[119.18,26],[118.89,25.74],[118.85,25.29],[118.99,25.23],[119.03,25.1],[119.27,25.16],[119.39,25.36],[119.87,25.49],[119.9,25.62],[119.53,25.62],[119.78,26],[119.57,26.07]]],[[[120.87,27.99],[120.94,27.99],[121.15,28.19],[121.65,28.32],[121.65,28.57],[121.52,28.64],[121.71,28.77],[121.74,29.09],[121.71,29.22],[121.94,29.22],[122.02,29.67],[121.86,29.67],[122.03,29.92],[121.62,30.05],[121.48,30.31],[121.1,30.31],[120.81,30.12],[120.68,30.18],[121.05,30.56],[121.2,30.56],[121.52,30.82],[121.9,30.82],[122,31.08],[121.74,31.4],[121.91,31.46],[121.96,31.59],[121.96,31.98],[121.5,32.17],[121.4,32.49],[120.92,32.62],[120.93,33.2],[120.55,33.59],[120.49,34.16],[120.34,34.36],[119.73,34.55],[119.71,34.68],[119.23,34.81],[119.62,35.52],[119.99,35.64],[120.32,36.03],[120.66,36.1],[120.73,36.42],[120.96,36.42],[120.98,36.61],[121.21,36.61],[121.91,36.93],[122.39,36.8],[122.57,37],[122.47,37.13],[122.71,37.45],[122.12,37.51],[122.15,37.58],[121.5,37.51],[121.48,37.64],[121.17,37.64],[121.11,37.84],[120.75,37.9],[120.19,37.71],[120.2,37.58],[119.83,37.45],[119.7,37.19],[119.16,37.19],[119.14,37.32],[118.98,37.32],[119.24,37.84],[119.39,37.84],[119.46,37.96],[118.77,38.16],[118.58,38.09],[118.07,38.16],[118.05,38.29],[117.77,38.35],[117.76,38.48],[117.6,38.48],[117.58,38.74],[117.78,39.13],[118.05,39.19],[118.06,39.06],[118.45,39.06],[118.99,39.19],[119.22,39.32],[119.38,39.77],[120.5,40.23],[120.65,40.48],[121,40.68],[121.11,40.87],[121.82,40.87],[121.83,40.74],[122.11,40.68],[122.23,40.48],[121.78,39.97],[121.5,39.9],[121.44,39.64],[121.28,39.64],[121.21,39.51],[121.3,39.38],[121.69,39.38],[121.52,39.06],[121.2,39.06],[121.03,38.74],[121.42,38.74],[121.72,39],[122.07,39.06],[122.17,39.26],[122.51,39.45],[123.32,39.77],[124.03,39.77],[124.34,39.9],[124.51,39.64],[124.86,39.71],[124.87,39.58],[125.31,39.51],[125.39,39.38],[124.79,38.29],[124.76,38.09],[125.08,38.09],[124.9,37.9],[125.21,37.9],[125.39,37.64],[125.68,37.9],[125.84,37.77],[126.35,37.84],[126.25,37.64],[126.6,37.58],[126.54,37.45],[126.7,37.32],[126.65,37.06],[126.3,37],[126.05,36.8],[126.26,36.61],[126.45,36.67],[126.43,36.16],[126.52,36.03],[126.68,36.03],[126.3,35.26],[126.38,35.26],[126.2,34.87],[126.48,34.81],[126.12,34.36],[126.42,34.36],[126.63,34.29],[127.13,34.55],[127.22,34.42],[127.38,34.42],[127.76,34.74],[128.07,34.74],[128.08,34.94],[128.31,34.94],[128.33,34.81],[128.68,34.74],[128.81,35],[128.55,34.94],[128.53,35.07],[129.15,35.07],[129.62,35.71],[129.67,35.97],[129.58,36.1],[129.42,36.1],[129.4,36.35],[129.53,37.06],[129.41,37.13],[129.47,37.25],[129.26,37.58],[129.1,37.58],[128.84,37.96],[128.36,38.8],[127.92,39],[127.8,39.19],[127.48,39.19],[127.67,39.64],[127.55,39.71],[127.93,39.97],[128.37,40.03],[128.68,40.29],[129.08,40.42],[129.24,40.68],[129.76,40.87],[129.88,41.2],[129.73,41.33],[129.81,41.46],[129.7,41.65],[130.32,42.24],[130.65,42.37],[130.69,42.43],[130.5,42.5],[130.56,42.82],[131,42.89],[131.27,43.28],[131.16,43.34],[131.28,43.86],[131.16,43.93],[131.14,44.12],[131.25,44.39],[130.91,44.71],[131.05,44.91],[131.34,44.97],[131.7,45.24],[132.74,45.1],[132.98,45.1],[133.91,46.35],[133.84,46.48],[134.05,46.74],[133.98,46.87],[134.1,47.14],[134.36,47.47],[134.68,47.66],[134.51,47.86],[134.64,48.13],[134.5,48.26],[134.52,48.39],[134.19,48.39],[133.56,48.13],[133.06,48.13],[132.12,47.66],[130.85,47.73],[130.62,47.86],[130.74,48.32],[130.5,48.65],[130.57,48.85],[130.05,48.92],[129.82,49.05],[129.81,49.25],[129.08,49.38],[129.14,49.45],[128.69,49.52],[128.02,49.52],[127.88,49.65],[127.48,49.78],[127.51,50.11],[127.25,50.31],[127.31,50.58],[127.02,50.85],[127.03,51.05],[126.86,51.05],[126.78,51.45],[126.45,51.85],[126.41,52.18],[126.25,52.38],[125.89,52.65],[125.9,52.86],[125.62,52.92],[125.66,53.06],[125.35,53.19],[124.75,53.19],[124.18,53.33],[123.79,53.46],[123.85,53.53],[121.9,53.46],[121.09,53.33],[120.42,53.06],[119.9,52.65],[120.53,52.59],[120.5,52.45],[120.67,52.25],[120.56,52.12],[120.67,52.05],[120.19,51.78],[119.65,51.11],[119.73,51.11],[119.15,50.38],[119.28,50.11],[118.54,49.91],[117.83,49.52],[116.68,49.78],[115.42,47.99],[115.58,47.86],[115.87,47.8],[116.16,47.86],[116.99,47.86],[117.31,47.73],[117.74,47.99],[118.48,47.99],[118.64,47.86],[119.04,47.73],[119.03,47.6],[119.32,47.53],[119.48,47.4],[119.47,47.27],[119.75,47.2],[119.74,47.07],[119.94,46.87],[119.8,46.68],[119.27,46.61],[119.11,46.74],[118.62,46.74],[117.42,46.55],[117.13,46.35],[116.72,46.35],[116.47,46.22],[116.13,45.69],[115.88,45.56],[115.19,45.37],[114.74,45.43],[113.69,44.78],[113.12,44.78],[112.95,44.91],[112.02,45.1],[111.78,44.97],[111.39,44.32],[111.55,44.32],[111.59,44.12],[111.75,44.12],[111.96,43.8],[111.89,43.67],[110.82,43.21],[110.28,42.69],[109.33,42.43],[107.81,42.43],[106.86,42.3],[105.81,41.98],[106.41,41.13],[106.29,40.74],[107.05,40.68],[107.55,40.42],[107.65,40.29],[107.53,39.9],[107.25,39.64],[107.44,39.38],[107.65,39.32],[107.29,38.55],[107.44,38.55],[107.51,38.35],[107.9,38.35],[107.97,38.16],[108.75,37.96],[108.72,37.9],[109.08,37.84],[109.53,37.96],[109.6,38.29],[109.84,38.48],[109.75,38.61],[110.04,39.06],[110.42,39.51],[111.16,39.58],[111.53,39.84],[111.62,39.71],[111.6,39.51],[111.39,39.26],[111.52,39.19],[111.16,38.93],[111,38.61],[111.04,38.35],[111.19,38.35],[111.26,38.16],[111.93,38.09],[111.68,37.38],[111.51,37],[111.59,37],[111.57,36.61],[111.28,36.29],[110.34,35.71],[110.02,35.32],[110,34.87],[110.41,34.55],[111.72,34.74],[113.21,34.81],[113.23,34.49],[113.46,34.49],[113.57,34.36],[113.51,34.23],[113.72,34.16],[113.67,34.04],[113.79,33.97],[113.87,33.39],[114.08,33.14],[114.03,32.81],[114.26,32.62],[114.07,32.11],[114.15,32.11],[114.11,31.79],[113.57,31.79],[113.22,31.66],[112.96,31.34],[112.99,31.21],[113.25,31.08],[113.7,31.08],[113.81,30.95],[113.48,30.44],[113.61,30.37],[113.41,29.99],[113.49,29.99],[113.44,29.6],[113.13,29.34],[112.76,28.64],[112.7,27.61],[111.1,25.42],[110.78,25.36],[109.92,24.84],[108.42,22.91],[108.18,22.79],[108.15,22.66],[107.91,22.53],[107.26,21.82],[107.04,21.82],[107.22,22.46],[107.16,22.53],[106.63,22.46],[106.77,22.85],[106.71,22.91],[106.33,22.85],[106.2,22.98],[105.75,22.98],[105.44,23.3],[105.21,23.3],[104.96,23.11],[104.84,22.85],[104.52,22.72],[104.15,22.79],[104.04,22.53],[103.89,22.53],[103.77,22.72],[103.32,22.72],[103.22,22.53],[102.92,22.53],[102.87,22.66],[102.58,22.72],[102.15,22.4],[101.72,22.46],[101.64,22.01],[101.88,21.63],[101.81,21.18],[101.36,21.18],[101.32,21.37],[101.18,21.44],[100.69,21.18],[100.64,20.86],[100.24,20.66],[100.13,20.41],[100.54,20.21],[100.52,19.57],[101.18,19.57],[101.31,19.44],[101.28,19.25],[101.4,19.06],[101.35,18.74],[101.18,18.61],[101.13,18.29],[101.27,18.22],[101.07,17.84],[101.08,17.45],[101.31,17.51],[102.07,18.16],[102.5,18.03],[102.55,17.9],[102.92,17.9],[103.36,18.35],[104.02,18.29],[104.46,17.84],[104.44,17.71],[104.83,17.39],[104.78,16.55],[104.89,16.29],[105.3,16.1],[105.43,15.97],[105.4,15.78],[105.68,15.65],[105.52,15.01],[105.65,14.94],[105.61,14.62],[105.43,14.36],[104.98,14.3],[104.92,14.43],[103.46,14.43],[102.9,14.11],[102.71,13.72],[102.39,13.53],[102.41,13.01],[102.84,12.31],[102.74,12.05],[102.87,11.86],[102.84,11.6],[103.05,11.47],[103.06,10.83],[103.36,10.83],[103.6,11.09],[103.64,10.76],[103.49,10.7],[103.55,10.51],[103.92,10.57],[104.12,10.44],[104.42,10.44],[104.54,10.19],[105.03,9.99],[104.79,9.74],[104.7,8.64],[104.76,8.51],[105.14,8.58],[105.62,9.16],[106.14,9.29],[106.23,9.48],[106.6,9.54],[106.55,9.8],[106.7,9.8],[106.64,9.99],[106.79,10.06],[106.82,10.31],[106.76,10.44],[106.98,10.51],[107.05,10.44],[107.34,10.38],[108.03,10.7],[108.12,10.89],[108.57,11.02],[108.58,11.15],[108.73,11.15],[109.21,11.6],[109.23,11.79],[109.24,11.86],[109.23,12.37],[109.32,12.56],[109.47,12.56],[109.51,12.95],[109.33,13.27],[109.35,14.04],[109.18,14.36],[109.16,14.75],[108.97,15.01],[109.02,15.33],[108.68,15.52],[108.7,15.65],[108.37,15.91],[108.33,16.16],[108.14,16.36],[107.84,16.36],[107.86,16.49],[107.65,16.55],[107.67,16.68],[107.48,16.87],[107.33,16.87],[107.1,17.26],[106.75,17.39],[106.77,17.51],[106.52,17.77],[106.57,18.09],[106.29,18.22],[106.18,18.41],[106.03,18.41],[106.05,18.54],[105.73,18.86],[105.97,19.83],[106.54,20.15],[106.69,20.6],[106.83,20.6],[106.88,20.86],[107.42,20.99],[107.79,21.44],[108.09,21.44],[108.1,21.5],[107.97,21.63],[107.59,21.56],[107.55,21.76],[108.68,22.72],[110,24.52],[110.45,24.84],[111.44,25.29],[112.1,26.19],[112.24,26.13],[112.18,25.87],[112.35,25.68],[112.32,25.55],[112.64,25.29],[112.61,25.16],[112.81,25.04],[112.78,24.91],[112.97,24.78],[112.95,24.65],[113.14,24.52],[113.11,24.39],[113.3,24.2],[113.2,23.75],[112.83,23.36],[112.74,22.91],[112.87,22.79],[112.72,22.4],[113,21.89],[113.11,22.08],[113.32,22.01],[113.42,22.14],[113.64,22.14],[113.7,22.46],[113.6,22.72],[113.75,22.72],[113.79,22.53],[114,22.46],[114,22.08],[114.53,22.14],[114.64,22.72],[114.72,22.72],[114.6,22.91],[114.39,22.98],[114.42,23.11],[114.11,23.43],[113.54,23.56],[113.68,24.26],[113.52,24.52],[113.5,24.78],[113.36,24.84],[113.39,24.97],[113.13,25.16],[113.16,25.29],[112.63,25.87],[112.66,26.32],[112.5,26.58],[112.57,26.84],[113.17,27.67],[113.22,28.64],[113.51,29.34],[113.74,29.6],[114.16,29.73],[114.69,29.73],[114.81,29.86],[115.53,29.99],[115.66,29.92],[115.59,29.22],[115.77,29.09],[116.07,29.09],[116.56,29.41],[117.19,30.18],[117.92,30.31],[118.18,30.18],[118.26,29.99],[118.73,29.79],[118.81,29.6],[118.97,29.6],[119.05,29.41],[119.2,29.41],[119.29,29.22],[119.44,29.22],[119.53,29.02],[119.68,29.02],[120.01,28.64],[120.16,28.64],[120.51,28.06],[120.87,27.99]],[[117.23,39.58],[117.31,39.58],[117.43,39.51],[117.36,39.38],[117.06,39.26],[117.05,39.38],[117.23,39.58]],[[114.08,34.29],[114.13,34.42],[113.85,34.49],[113.72,34.74],[115.09,34.68],[115.93,34.29],[116,34.1],[116.28,34.04],[116.41,33.78],[116.56,33.78],[116.76,33.52],[116.71,33.39],[117.04,33.07],[116.99,32.94],[117.17,32.81],[117.04,32.49],[116.72,32.24],[115.05,31.85],[114.59,31.85],[114.72,32.81],[114.59,32.88],[114.62,33.14],[114.49,33.2],[114.46,33.52],[114.33,33.59],[114.38,33.71],[114.26,33.78],[114.28,34.04],[114.08,34.29]]],[[[123.01,-10.9],[123,-10.84],[123.29,-10.77],[123.26,-10.51],[122.69,-10.71],[122.72,-10.96],[123.01,-10.9]]],[[[121.66,-10.58],[121.88,-10.58],[121.86,-10.39],[121.71,-10.39],[121.66,-10.58]]],[[[121.93,-8.78],[122.66,-8.71],[122.79,-8.59],[122.94,-8.59],[123,-8.46],[123.16,-8.59],[123.52,-8.59],[123.51,-8.46],[123.73,-8.39],[123.78,-8.2],[123.28,-8.26],[122.91,-8.26],[122.82,-8.07],[122.61,-8.07],[122.63,-8.33],[122.48,-8.33],[122.28,-8.59],[121.98,-8.46],[121.33,-8.52],[120.72,-8.26],[120.06,-8.26],[120,-8.39],[119.71,-8.46],[119.66,-8.65],[119.44,-8.71],[119.45,-8.84],[119.67,-8.78],[119.75,-8.91],[120.62,-8.84],[120.78,-8.97],[121.29,-8.97],[121.28,-8.84],[121.72,-8.91],[121.93,-8.78]]],[[[124.25,-8.52],[124.97,-8.46],[125.02,-8.2],[124.36,-8.14],[124.37,-8.26],[124,-8.2],[123.8,-8.39],[123.96,-8.59],[124.25,-8.52]]],[[[121.99,-5.37],[121.9,-5.05],[121.68,-5.11],[121.77,-5.44],[121.99,-5.37]]],[[[123.03,-4.41],[122.81,-4.41],[122.68,-4.6],[122.46,-4.6],[122.18,-4.79],[122.14,-5.44],[122.43,-5.44],[122.44,-5.63],[122.81,-5.69],[122.8,-5.5],[123.09,-5.44],[122.91,-4.92],[123.12,-4.73],[123.03,-4.41]]],[[[120.71,0.48],[120.92,0.35],[121.29,0.48],[122.67,0.48],[123.17,0.22],[123.76,0.22],[124.05,0.35],[124.13,0.35],[124.5,0.54],[124.65,0.86],[124.88,0.99],[125.04,1.38],[125.18,1.38],[125.12,1.7],[124.76,1.7],[124.6,1.44],[124.46,1.44],[124.37,1.19],[123.78,0.86],[123.13,0.99],[122.69,0.86],[122.19,1.06],[121.46,1.12],[121.32,1.31],[121.03,1.38],[120.67,1.31],[120.66,1.12],[120.43,0.86],[120.07,0.99],[119.84,0.54],[119.69,0.48],[119.69,-0.04],[119.47,0.03],[119.47,-0.16],[119.62,-0.23],[119.63,-0.61],[119.48,-0.68],[119.42,-0.94],[119.2,-1.13],[119.15,-2.03],[119.01,-2.09],[119.02,-2.35],[118.59,-2.74],[118.77,-3.64],[119.35,-3.51],[119.47,-4.6],[119.4,-4.6],[119.35,-5.05],[119.21,-5.11],[119.31,-5.63],[119.68,-5.76],[119.82,-5.63],[120.32,-5.56],[120.22,-4.92],[120.35,-4.66],[120.2,-2.93],[120.42,-2.74],[120.92,-2.74],[120.94,-3.12],[120.74,-3.51],[120.97,-3.83],[121.42,-4.09],[121.38,-4.79],[121.97,-4.92],[122.02,-4.54],[122.67,-4.47],[122.81,-4.21],[123.17,-4.21],[123.09,-3.96],[122.58,-4.09],[122.57,-3.83],[122.2,-3.64],[122.33,-3.25],[122.24,-2.93],[121.94,-2.67],[121.78,-2.29],[121.41,-1.96],[121.63,-1.96],[121.84,-1.71],[122.27,-1.58],[122.77,-0.94],[122.98,-0.87],[123.06,-1.06],[123.28,-1.06],[123.41,-0.68],[123.27,-0.55],[122.76,-0.55],[122.69,-0.74],[122.25,-0.68],[122.03,-0.74],[121.89,-0.94],[121.38,-0.81],[121.09,-1.06],[120.96,-1.39],[120.74,-1.39],[120.52,-1.26],[120.44,-0.94],[120.22,-0.94],[120.07,-0.81],[119.92,-0.49],[119.91,-0.1],[120.12,0.35],[120.35,0.48],[120.71,0.48]]],[[[124.53,-1.64],[124.24,-1.64],[124.25,-2.03],[125.19,-1.9],[125.11,-1.71],[124.53,-1.64]]],[[[122.93,-1.51],[123,-1.64],[123.15,-1.64],[123.43,-1.45],[123.43,-1.26],[123.14,-1.26],[122.99,-1.13],[122.7,-1.26],[122.71,-1.64],[122.86,-1.64],[122.93,-1.51]]],[[[121.59,-0.55],[121.74,-0.55],[121.81,-0.36],[121.59,-0.42],[121.59,-0.55]]],[[[119.93,5.3],[119.92,5.24],[119.7,5.17],[119.69,5.04],[120.14,5.17],[120.15,5.36],[119.93,5.3]]],[[[124.82,9.03],[124.77,9.29],[124.55,9.22],[124.68,9.09],[124.82,9.03]]],[[[123.74,9.16],[123.68,9.35],[123.54,9.35],[123.44,9.09],[123.58,9.03],[123.74,9.16]]],[[[123.98,10.12],[123.74,9.86],[123.78,9.54],[124.59,9.67],[124.62,9.93],[124.5,10.19],[123.98,10.12]]],[[[123.82,11.28],[123.67,11.21],[123.57,11.02],[123.79,11.02],[123.82,11.28]]],[[[124.28,11.47],[124.57,11.47],[124.6,11.66],[124.31,11.73],[124.36,11.54],[124.28,11.47]]],[[[125.06,11.21],[125.19,11.09],[125.77,11.02],[125.78,11.15],[125.65,11.28],[125.48,11.66],[125.55,12.24],[125.34,12.31],[125.36,12.5],[124.27,12.56],[124.36,12.11],[124.64,11.99],[124.82,11.73],[124.79,11.47],[125.06,11.21]]],[[[119.85,11.79],[120.07,11.73],[120.09,11.92],[119.87,11.92],[119.85,11.79]]],[[[119.96,12.05],[119.95,11.99],[120.32,11.99],[120.34,12.18],[119.84,12.31],[119.82,12.11],[119.96,12.05]]],[[[123.62,12.63],[123.6,12.5],[123.46,12.5],[123.18,12.63],[123.17,11.99],[123.55,12.11],[123.75,11.92],[123.74,11.86],[124.09,11.73],[124.07,12.11],[123.73,12.31],[123.83,12.56],[123.62,12.63]]],[[[121.95,12.18],[122.09,12.11],[122.13,12.44],[121.9,12.37],[121.95,12.18]]],[[[122.71,12.37],[122.72,12.44],[122.51,12.56],[122.41,12.37],[122.54,12.24],[122.69,12.24],[122.71,12.37]]],[[[121.99,12.5],[122.22,12.56],[122.24,12.69],[122.02,12.69],[121.99,12.5]]],[[[123.79,12.82],[123.78,12.69],[123.9,12.5],[124.12,12.5],[124.18,13.01],[124.11,13.01],[123.79,12.82]]],[[[123.06,12.82],[123.34,12.76],[123.36,12.89],[123.22,12.95],[123.18,13.14],[122.96,13.14],[122.93,12.95],[123.06,12.82]]],[[[122.16,13.21],[122.2,13.53],[121.75,13.46],[121.86,13.21],[122.16,13.21]]],[[[120.1,13.72],[120.31,13.66],[120.27,13.85],[120.12,13.85],[120.1,13.72]]],[[[124.42,13.66],[124.47,13.98],[124.12,14.11],[124.11,13.53],[124.25,13.46],[124.42,13.66]]],[[[121.28,13.79],[121.53,13.98],[121.5,14.24],[121.21,14.3],[121.01,13.91],[121.28,13.79]]],[[[121.82,14.94],[121.86,14.69],[122.07,14.62],[122.13,15.01],[121.84,15.07],[121.82,14.94]]],[[[121.99,16.81],[122.08,17.32],[121.88,17.84],[121.66,17.84],[121.38,17.51],[121.28,16.94],[121.35,16.94],[121.36,16.55],[121.41,16.42],[121.7,16.42],[121.99,16.81]]],[[[121.35,19.31],[121.56,19.25],[121.58,19.38],[121.45,19.44],[121.35,19.31]]],[[[120.44,22.34],[120.59,22.34],[120.67,21.95],[120.89,21.95],[121,22.53],[121.38,22.91],[121.55,23.36],[122.01,25.04],[121.77,25.29],[121.47,25.29],[120.96,25.04],[120.91,24.84],[120.52,24.46],[120.35,24.01],[120.17,23.88],[120.12,23.3],[120.01,23.11],[120.14,23.04],[120.2,22.59],[120.44,22.34]]],[[[119.87,26.64],[119.84,26.52],[120.16,26.58],[120.21,26.77],[119.87,26.64]]],[[[122.28,29.99],[122.27,30.18],[122.05,30.18],[121.98,29.99],[122.28,29.99]]],[[[124.46,-10.06],[124.87,-9.74],[124.85,-9.61],[125.06,-9.42],[125.76,-9.16],[125.84,-9.16],[126.62,-8.91],[126.68,-8.78],[126.9,-8.78],[127.17,-8.59],[127.23,-8.39],[126.64,-8.33],[126.51,-8.46],[124.98,-8.59],[124.52,-9.1],[123.94,-9.23],[123.67,-9.42],[123.68,-9.55],[123.42,-9.87],[123.51,-10.13],[123.22,-10.13],[123.17,-10.39],[123.83,-10.39],[124.11,-10.19],[124.4,-10.19],[124.46,-10.06]]],[[[131.01,-8.14],[130.86,-8.14],[130.59,-8.39],[130.95,-8.33],[131.01,-8.14]]],[[[127.66,-8.26],[127.88,-8.26],[127.79,-8.07],[127.64,-8.07],[127.66,-8.26]]],[[[129.76,-8.07],[129.74,-7.81],[129.44,-7.75],[129.46,-8.01],[129.76,-8.07]]],[[[125.67,-8.01],[126.4,-8.01],[126.54,-7.94],[126.53,-7.81],[126.67,-7.81],[126.51,-7.56],[126.22,-7.62],[125.71,-7.69],[125.67,-8.01]]],[[[131,-8.07],[131.22,-8.07],[131.28,-7.88],[131.55,-7.69],[131.58,-7.11],[131.36,-7.11],[131.16,-7.3],[131.16,-7.36],[130.97,-7.69],[131,-8.07]]],[[[130.81,-7.56],[131.03,-7.56],[131.02,-7.36],[130.87,-7.36],[130.81,-7.56]]],[[[132.67,-5.95],[132.82,-6.01],[132.95,-5.76],[132.5,-5.69],[132.52,-5.95],[132.67,-5.95]]],[[[127.95,-3.57],[127.8,-3.57],[127.81,-3.83],[128.25,-3.7],[128.24,-3.51],[127.95,-3.57]]],[[[127.15,-3.7],[127.21,-3.44],[127.06,-3.19],[126.83,-3.06],[125.89,-3.12],[125.91,-3.51],[126.36,-3.83],[126.65,-3.89],[127.15,-3.7]]],[[[128.67,-3.31],[128.96,-3.44],[129.76,-3.38],[129.91,-3.57],[130.73,-3.89],[130.79,-3.51],[130.56,-3.38],[130.55,-3.12],[130.4,-2.99],[129.96,-2.99],[129.66,-2.8],[128.28,-2.8],[127.78,-2.99],[127.71,-3.19],[127.72,-3.44],[127.87,-3.44],[127.93,-3.25],[128.08,-3.31],[128.38,-3.51],[128.53,-3.51],[128.67,-3.31]]],[[[132.22,-2.99],[132.45,-3.19],[132.45,-3.31],[132.6,-3.31],[132.79,-2.74],[131.99,-2.67],[131.85,-2.86],[132,-2.99],[132.22,-2.99]]],[[[126.01,-2.48],[125.92,-1.96],[126.07,-1.96],[126.14,-1.77],[125.26,-1.77],[125.27,-1.9],[125.49,-1.96],[125.7,-1.96],[125.79,-2.41],[126.01,-2.48]]],[[[130.28,-1.64],[130.06,-1.64],[129.7,-1.77],[129.64,-1.96],[129.86,-2.09],[130.22,-2.09],[130.29,-1.84],[130.28,-1.64]]],[[[128.02,-1.51],[127.65,-1.39],[127.65,-1.32],[127.22,-1.45],[127.3,-1.77],[128.03,-1.77],[128.02,-1.51]]],[[[131.49,-0.74],[131.2,-0.74],[131.14,-1],[130.77,-0.87],[130.77,-0.74],[130.55,-0.81],[130.56,-1.26],[130.86,-1.45],[131.29,-1.45],[131.29,-1.32],[131.43,-1.26],[131.49,-0.74]]],[[[127.56,-0.61],[127.48,-0.29],[127.19,-0.36],[127.12,-0.23],[126.97,-0.23],[126.91,-0.55],[127.12,-0.55],[127.27,-0.61],[127.28,-0.87],[127.79,-0.87],[127.78,-0.68],[127.56,-0.61]]],[[[130.54,-0.49],[130.83,-0.49],[130.83,-0.36],[131.2,-0.36],[131.12,-0.04],[130.39,0.03],[130.24,-0.1],[130.17,-0.29],[130.54,-0.49]]],[[[127.84,0.41],[128.71,0.22],[128.5,0.61],[128.21,0.67],[128.22,0.86],[128.59,0.99],[128.67,1.25],[128.6,1.31],[128.61,1.64],[128.25,1.57],[127.95,1.31],[127.96,1.76],[127.82,1.83],[127.99,2.21],[127.77,2.21],[127.54,2.02],[127.3,1.44],[127.4,0.35],[127.54,0.29],[127.48,-0.23],[127.85,-0.55],[127.86,-0.74],[128.15,-0.94],[128.3,-0.94],[128.29,-0.81],[128.15,-0.74],[127.92,-0.36],[127.84,0.41]]],[[[128.57,2.28],[128.52,2.66],[128.14,2.47],[128.12,1.96],[128.41,2.02],[128.57,2.28]]],[[[125.51,3.69],[125.36,3.56],[125.42,3.37],[125.64,3.31],[125.65,3.56],[125.51,3.69]]],[[[126.65,4.4],[126.62,4.01],[126.77,4.01],[126.87,4.46],[126.65,4.53],[126.65,4.4]]],[[[125.92,9.74],[126.06,9.67],[126.15,9.86],[126.1,10.06],[125.94,9.99],[125.92,9.74]]],[[[125.7,10.44],[125.47,10.38],[125.5,9.93],[125.71,9.86],[125.7,10.44]]],[[[129.27,28.12],[129.35,28.12],[129.74,28.38],[129.8,28.57],[129.19,28.32],[129.15,28.19],[129.27,28.12]]],[[[130.62,30.18],[130.72,30.44],[130.44,30.5],[130.36,30.31],[130.62,30.18]]],[[[131.07,30.56],[131.17,30.82],[130.92,30.76],[130.82,30.5],[131.02,30.44],[131.07,30.56]]],[[[130.29,32.36],[130.37,32.36],[130.53,32.56],[129.99,32.56],[129.93,32.24],[130.13,32.17],[130.29,32.36]]],[[[128.69,32.56],[128.77,32.56],[128.93,32.75],[128.65,32.81],[128.57,32.62],[128.69,32.56]]],[[[126.14,33.2],[126.78,33.26],[127,33.59],[126.36,33.52],[126.14,33.2]]],[[[129.17,34.29],[129.11,34.16],[129.31,34.1],[129.4,34.29],[129.17,34.29]]],[[[129.29,34.55],[129.23,34.42],[129.43,34.36],[129.44,34.55],[129.29,34.55]]],[[[160.19,-11.54],[160.07,-11.67],[160.22,-11.74],[160.24,-11.86],[160.46,-11.86],[160.19,-11.54]]],[[[165.77,-10.64],[165.64,-10.71],[165.66,-10.9],[166.08,-10.77],[166.07,-10.64],[165.77,-10.64]]],[[[162.19,-10.64],[161.94,-10.45],[161.4,-10.19],[161.11,-10.19],[161.12,-10.32],[161.45,-10.58],[161.46,-10.64],[161.7,-10.84],[162.3,-10.9],[162.19,-10.64]]],[[[160.67,-9.68],[160.51,-9.49],[159.84,-9.42],[159.67,-9.23],[159.45,-9.23],[159.42,-9.61],[159.82,-9.87],[160.26,-9.87],[160.5,-10],[160.71,-9.94],[160.67,-9.68]]],[[[160.86,-8.78],[160.93,-8.71],[160.82,-8.39],[160.44,-8.26],[160.61,-9.1],[161.27,-9.74],[161.49,-9.81],[161.46,-9.55],[161.23,-9.42],[161.19,-9.1],[160.86,-8.78]]],[[[157.17,-8.46],[157.12,-8.65],[157.27,-8.65],[157.31,-8.39],[157.17,-8.46]]],[[[156.76,-7.94],[156.85,-8.14],[157.07,-8.2],[157.09,-8.33],[157.38,-8.33],[157.39,-8.46],[157.71,-8.65],[157.8,-8.84],[157.95,-8.84],[157.98,-8.52],[157.84,-8.52],[157.49,-8.01],[157.27,-7.94],[157.13,-8.07],[157.04,-7.81],[156.82,-7.81],[156.76,-7.94]]],[[[159.71,-8.26],[159.31,-7.94],[158.86,-7.81],[158.62,-7.56],[158.33,-7.56],[158.58,-7.94],[159.28,-8.33],[159.29,-8.39],[159.74,-8.52],[159.71,-8.26]]],[[[156.37,-7.75],[156.54,-8.01],[156.68,-7.94],[156.57,-7.56],[156.35,-7.56],[156.37,-7.75]]],[[[155.59,-7.17],[155.81,-7.17],[155.72,-6.98],[155.57,-6.98],[155.59,-7.17]]],[[[157.35,-7.3],[157.04,-7.11],[157.03,-6.91],[156.79,-6.72],[156.27,-6.59],[156.37,-6.91],[156.6,-7.11],[156.68,-7.11],[156.77,-7.3],[156.91,-7.3],[157,-7.43],[157.36,-7.43],[157.35,-7.3]]],[[[140.73,-6.53],[140.86,-6.4],[140.86,-6.34],[140.26,-6.14],[140.18,-5.95],[139.33,-5.24],[137.02,-4.41],[136.95,-4.41],[136.06,-4.09],[135.6,-3.7],[135.52,-3.51],[135.3,-3.51],[135.3,-3.38],[135.08,-3.38],[134.74,-3.96],[134.52,-3.96],[134.53,-4.21],[134.76,-4.41],[135.06,-4.54],[135.79,-4.54],[136.54,-4.92],[136.9,-4.92],[136.98,-5.05],[137.58,-5.24],[137.74,-5.5],[137.89,-5.5],[137.9,-5.76],[138.05,-5.76],[138.13,-5.89],[138.24,-6.4],[138.55,-6.66],[138.43,-7.04],[138.66,-7.11],[138.61,-7.36],[138.03,-7.43],[137.69,-7.75],[137.51,-8.2],[137.53,-8.46],[138.26,-8.46],[138.4,-8.33],[138.55,-8.46],[138.85,-8.46],[138.76,-8.26],[138.97,-8.26],[139.04,-8.14],[139.84,-8.14],[139.86,-8.33],[140.32,-8.59],[140.5,-8.91],[140.81,-9.16],[140.89,-9.16],[140.89,-8.39],[140.96,-8.39],[140.88,-7.56],[140.96,-7.56],[140.91,-6.98],[140.75,-6.85],[140.73,-6.53]]],[[[134.32,-5.56],[134.18,-5.63],[134.21,-6.08],[133.92,-6.14],[133.95,-6.53],[133.87,-6.53],[133.97,-6.91],[134.33,-6.85],[134.38,-6.53],[134.68,-6.59],[134.53,-5.44],[134.31,-5.44],[134.32,-5.56]]],[[[154.62,-5.05],[154.4,-5.05],[154.43,-5.5],[154.65,-5.5],[154.62,-5.05]]],[[[152.32,-4.34],[151.87,-4.21],[151.81,-4.34],[151.89,-4.47],[151.96,-4.47],[152.33,-4.54],[152.32,-4.34]]],[[[152.56,-4.66],[152.71,-4.86],[152.86,-4.86],[153.06,-4.54],[153.03,-4.15],[152.73,-3.83],[152.43,-3.83],[152.43,-3.76],[152.19,-3.38],[151.6,-3.12],[151.37,-2.86],[151.15,-2.86],[150.99,-2.67],[150.7,-2.61],[150.71,-2.8],[151,-2.86],[151.38,-3.25],[152.28,-3.7],[152.52,-4.15],[152.56,-4.66]]],[[[152.4,-3.19],[152.62,-3.25],[152.54,-3.06],[152.39,-3.06],[152.4,-3.19]]],[[[150.34,-2.67],[150.33,-2.41],[149.89,-2.35],[149.82,-2.54],[150.12,-2.74],[150.34,-2.67]]],[[[146.96,-1.96],[146.45,-1.96],[146.39,-2.29],[147.12,-2.22],[147.26,-2.03],[146.96,-1.96]]],[[[149.64,-1.58],[149.64,-1.39],[149.42,-1.32],[149.42,-1.51],[149.64,-1.58]]],[[[133.1,36.16],[133.33,36.16],[133.43,36.35],[133.2,36.35],[133.1,36.16]]],[[[141.83,39],[142.04,39.45],[142.09,39.64],[141.97,39.71],[142.07,39.97],[141.78,40.48],[141.63,40.61],[141.44,40.68],[141.53,40.81],[141.38,40.94],[141.54,41.39],[140.92,41.52],[140.69,41.2],[140.34,41.26],[140.18,40.81],[139.9,40.74],[139.77,40.55],[139.99,40.29],[139.66,39.9],[139.89,39.9],[140.04,39.64],[139.87,39.26],[139.95,39.26],[139.32,38.09],[138.77,37.84],[138.51,37.38],[137.63,37.06],[137.25,36.8],[137.1,36.8],[137.12,37],[136.96,37.13],[137.15,37.19],[137.37,37.58],[136.72,37.38],[136.57,37.13],[136.58,37],[136.71,36.8],[136.45,36.48],[136,36.22],[135.91,35.9],[136.08,35.77],[135.71,35.52],[135.28,35.58],[135.38,35.77],[133.47,35.52],[132.96,35.58],[132.69,35.52],[132.56,35.26],[131.48,34.61],[131.41,34.49],[130.92,34.42],[130.8,34.16],[130.86,33.97],[130.42,33.84],[130.33,33.65],[129.92,33.59],[129.83,33.39],[129.6,33.39],[129.56,33.14],[129.68,33.07],[129.63,32.94],[129.75,32.88],[129.7,32.75],[129.79,32.62],[130,32.75],[130.1,32.62],[130.33,32.62],[130.44,32.88],[130.57,32.81],[130.52,32.36],[130.21,32.17],[130.1,31.91],[130.27,31.59],[130.14,31.27],[130.47,31.14],[130.72,31.21],[130.64,31.01],[130.79,31.01],[131.2,31.27],[131.18,31.4],[131.41,31.4],[131.6,31.85],[131.52,31.85],[131.58,32.17],[131.78,32.62],[132.08,32.94],[132.09,33.14],[131.64,33.33],[131.82,33.71],[131.1,33.65],[131.09,33.97],[131.94,33.97],[132.19,33.84],[132.32,34.29],[133.25,34.29],[134.47,34.74],[134.94,34.61],[134.63,34.29],[134.2,34.36],[133.63,34.29],[133.51,34.04],[133.12,34.04],[133.03,34.16],[132.88,34.16],[132.56,33.65],[132.08,33.46],[132.02,33.33],[132.36,33.39],[132.45,33.26],[132.43,32.88],[132.66,32.88],[132.68,32.75],[133.03,32.69],[133.16,33.14],[133.54,33.46],[133.85,33.46],[133.99,33.26],[134.22,33.26],[134.37,33.59],[134.66,33.71],[134.78,33.97],[134.72,34.16],[134.91,34.23],[135.21,34.68],[135.44,34.68],[135.34,34.49],[135.02,34.29],[135.15,34.1],[135.03,33.84],[135.35,33.71],[135.41,33.52],[135.81,33.39],[136.45,34.23],[136.91,34.23],[136.97,34.36],[136.79,34.61],[136.6,34.68],[136.73,34.94],[136.94,34.74],[137.24,34.74],[137.07,34.55],[138.26,34.61],[138.42,34.94],[138.8,35.07],[138.68,34.68],[138.95,34.61],[139.23,35],[139.14,35.13],[139.21,35.26],[139.72,35.19],[139.78,35.32],[139.7,35.45],[139.96,35.64],[140.08,35.58],[139.7,34.87],[140.41,35.19],[140.54,35.58],[140.91,35.84],[140.67,35.97],[140.74,36.1],[140.62,36.16],[140.61,36.42],[140.79,36.87],[141.13,37.32],[141.04,37.45],[141.12,37.58],[140.96,37.71],[141.04,37.84],[140.92,37.9],[140.92,38.03],[141.08,38.29],[141.51,38.35],[141.63,38.8],[141.83,39]]],[[[138.49,38.16],[138.61,38.35],[138.34,38.29],[138.14,37.96],[138.34,37.77],[138.61,38.09],[138.49,38.16]]],[[[144.5,44.06],[144.39,44.12],[143.79,44.19],[143.57,44.32],[143.62,44.39],[143.16,44.52],[142.94,44.65],[142.96,44.78],[142.69,44.84],[142.68,45.04],[142.26,45.43],[141.99,45.5],[141.66,45.5],[141.48,45.17],[141.77,44.71],[141.61,44.19],[141.69,44.19],[141.24,43.6],[141.39,43.47],[141.27,43.21],[140.37,43.41],[140.23,43.21],[140.4,43.02],[140.26,42.82],[139.97,42.76],[139.69,42.37],[139.78,42.17],[140.06,42.11],[140.12,41.98],[139.88,41.52],[139.95,41.39],[140.31,41.46],[140.58,41.72],[141.13,41.72],[141.23,41.85],[141.16,41.98],[140.82,42.17],[140.39,42.24],[140.33,42.37],[140.47,42.56],[140.71,42.56],[140.69,42.43],[141,42.3],[141.43,42.56],[141.8,42.63],[142.1,42.5],[142.08,42.37],[142.55,42.24],[142.5,42.17],[142.88,42.04],[143.24,41.98],[143.69,42.69],[144,42.89],[145.14,43.02],[145.55,43.34],[145.39,43.34],[145.33,43.47],[145.4,43.67],[145.1,43.8],[145.41,44.19],[145.4,44.39],[145.24,44.39],[144.85,43.99],[144.5,44.06]]],[[[146.74,43.73],[146.98,43.93],[146.74,43.93],[146.5,43.73],[146.74,43.73]]],[[[146.13,44.58],[145.29,43.73],[145.53,43.73],[145.74,43.99],[146.51,44.45],[146.13,44.58]]],[[[148.96,45.56],[148.64,45.56],[148.18,45.3],[147.88,45.43],[147.8,45.24],[147.44,45.1],[146.91,44.65],[146.78,44.39],[147.13,44.52],[147.61,44.91],[148.8,45.37],[148.96,45.56]]],[[[141.03,45.1],[141.27,45.1],[141.34,45.3],[141.18,45.3],[141.03,45.1]]],[[[150.55,46.28],[150.31,46.28],[149.89,46.09],[149.51,45.82],[149.37,45.56],[149.81,45.69],[150.5,46.22],[150.55,46.28]]],[[[152.34,47.2],[151.96,47.14],[151.58,46.81],[151.83,46.81],[152.34,47.2]]],[[[142.05,50.05],[142.09,49.91],[141.97,49.78],[142.08,49.71],[141.92,49.45],[142.03,49.38],[141.75,48.79],[141.83,48.79],[141.9,48.39],[142.15,48.19],[142.09,47.93],[141.81,47.6],[141.81,47.4],[142,47.14],[141.66,46.41],[141.74,46.41],[141.89,45.89],[142.05,45.89],[142.53,46.68],[142.67,46.55],[143.24,46.55],[143.38,46.41],[143.3,46.22],[143.46,46.22],[143.62,46.41],[143.65,46.55],[143.48,46.74],[143.51,46.87],[143.1,46.87],[143.04,47.4],[142.91,47.53],[142.63,47.6],[142.58,47.93],[142.5,47.93],[142.73,48.39],[142.65,48.39],[142.97,48.85],[143.02,49.18],[143.36,49.38],[143.99,49.25],[144.02,49.18],[144.31,49.05],[144.43,49.18],[144.24,49.25],[144.19,49.65],[144.08,49.71],[143.93,50.18],[142.05,50.05]]],[[[144.38,48.85],[144.46,48.65],[144.62,48.65],[144.74,48.79],[144.61,48.92],[144.38,48.85]]],[[[154.81,49.65],[154.42,49.25],[154.73,49.32],[154.81,49.65]]],[[[155.54,50.45],[155.22,50.38],[155.13,50.05],[155.84,50.25],[156.54,50.91],[155.82,50.71],[155.54,50.45]]]]},"properties":{"NAME":"Empire of Japan","C":1,"name":"Empire of Japan","start_year":1945,"end_year":1945,"capital":"","type":"polity","region":"","event":"","source":"Cliopatria / Seshat Global History Databank (CC BY 4.0)","wikipedia":"Empire of Japan","wikidata":"Q188712","_a":4643,"_c":[130.57,20.84],"_nz":"大日本帝国","_sz":""}},
{"type":"Feature","geometry":{"type":"MultiPolygon","coordinates":[[[[-155.75,19.38],[-155.69,19.19],[-155.84,19.19],[-155.79,18.99],[-155.55,18.93],[-155.38,19.12],[-154.88,19.19],[-154.69,19.57],[-154.97,19.76],[-155.04,20.02],[-155.59,20.15],[-155.8,20.34],[-155.8,19.83],[-156,19.76],[-155.93,19.51],[-155.75,19.38]]],[[[-156.72,20.99],[-156.68,20.86],[-156.5,20.73],[-156.43,20.47],[-156.05,20.47],[-155.74,20.66],[-155.87,20.86],[-156.57,20.99],[-156.72,20.99]]],[[[-156.98,20.86],[-156.94,20.73],[-156.72,20.73],[-156.78,20.92],[-156.98,20.86]]],[[[-156.72,20.99],[-156.78,21.18],[-156.95,21.24],[-157.24,21.24],[-157.24,20.99],[-156.72,20.99]]],[[[-158.06,21.76],[-158.28,21.5],[-158.25,21.37],[-157.87,21.11],[-157.65,21.11],[-157.75,21.69],[-158.06,21.76]]],[[[-160.91,21.82],[-160.94,21.69],[-160.65,21.69],[-160.7,21.89],[-160.91,21.82]]],[[[-160.07,22.01],[-160.31,21.82],[-160.27,21.69],[-160.05,21.69],[-159.94,21.82],[-160.07,22.01]]],[[[-159.17,22.21],[-159.63,22.27],[-159.74,22.14],[-159.74,21.89],[-159.35,21.82],[-159.03,22.01],[-159.17,22.21]]],[[[-169.29,53.12],[-169.54,53.06],[-169.25,52.86],[-168.66,52.92],[-168.51,53.06],[-168.54,53.26],[-168.19,53.26],[-168.3,53.39],[-167.78,53.39],[-167.62,53.46],[-168.26,53.73],[-168.7,53.73],[-168.76,53.6],[-168.63,53.33],[-169.15,53.33],[-169.13,53.19],[-169.29,53.12]]],[[[-166.1,53.66],[-166.4,53.94],[-166.76,54.07],[-167.45,54],[-167.25,53.87],[-167.5,53.8],[-167.28,53.53],[-167.09,53.39],[-166.49,53.39],[-166.68,53.53],[-166.62,53.66],[-166.1,53.66]]],[[[-166.12,54.34],[-166.46,54.34],[-166.06,54],[-165.38,54.07],[-165.39,54.14],[-165.78,54.41],[-166.12,54.34]]],[[[-133.37,55.09],[-133.3,54.95],[-132.97,54.68],[-132.63,54.68],[-132.95,54.95],[-133.19,55.23],[-133.37,55.09]]],[[[-160.42,55.16],[-160.22,54.95],[-159.89,55.09],[-160.09,55.29],[-160.42,55.16]]],[[[-161.06,55.36],[-160.86,55.16],[-160.52,55.23],[-160.71,55.36],[-161.06,55.36]]],[[[-154.47,56.46],[-154.77,56.66],[-155.02,56.59],[-154.81,56.39],[-154.47,56.46]]],[[[-154.16,56.73],[-154.32,56.66],[-154.13,56.52],[-153.97,56.66],[-154.16,56.73]]],[[[-153.25,57.14],[-152.56,57.28],[-152.76,57.42],[-152.14,57.49],[-152.15,57.56],[-152.46,57.77],[-152.38,57.83],[-152.95,58.04],[-152.59,58.04],[-152.71,58.18],[-151.99,58.18],[-152,58.25],[-152.62,58.67],[-152.89,58.67],[-152.58,58.46],[-153.04,58.53],[-153.37,58.39],[-153.44,58.25],[-152.94,57.97],[-153.76,58.04],[-153.54,57.83],[-154,57.9],[-154.16,57.83],[-153.87,57.7],[-153.95,57.63],[-154.66,57.63],[-154.99,57.49],[-154.45,56.94],[-154.09,56.87],[-153.56,56.87],[-153.77,57.08],[-153.14,57.01],[-153.25,57.14]]],[[[-167.02,60.42],[-166.96,60.28],[-167.69,60.28],[-167.34,60.07],[-166.41,59.78],[-165.55,59.92],[-165.77,60.28],[-166.31,60.49],[-167.02,60.42]]],[[[-147.25,60.42],[-147.51,60.35],[-147.29,60.14],[-146.94,60.21],[-147.25,60.42]]],[[[-146.33,60.35],[-146.46,60.56],[-146.82,60.56],[-146.6,60.35],[-146.33,60.35]]],[[[-141.17,69.72],[-141.27,69.72],[-143.11,70.18],[-143.86,70.26],[-144.43,70.18],[-144.29,70.1],[-145.51,70.1],[-146,70.26],[-147.52,70.26],[-149.02,70.57],[-151.72,70.49],[-152.23,70.64],[-152.64,70.95],[-153.61,71.03],[-154.48,70.95],[-154.95,71.19],[-155.57,71.19],[-156.19,71.34],[-157.07,71.42],[-157.37,71.27],[-157.21,71.19],[-157.92,71.03],[-158.11,70.88],[-159.18,70.8],[-160.06,70.88],[-160.3,70.8],[-159.93,70.57],[-160.64,70.57],[-161.34,70.41],[-162.36,70.41],[-162.76,70.26],[-162.83,69.95],[-163.28,69.87],[-163.12,69.64],[-163.62,69.49],[-163.61,69.33],[-163.9,69.18],[-164.65,69.11],[-164.95,68.95],[-166.25,68.95],[-166.43,68.65],[-166.83,68.5],[-165.97,68.12],[-164.54,67.74],[-163.92,67.37],[-164.07,67.3],[-163.78,67.15],[-162.91,67],[-161.89,66.4],[-161.77,66.18],[-161.93,66.11],[-164,66.18],[-163.85,66.25],[-163.83,66.55],[-164.11,66.7],[-164.55,66.62],[-166.02,66.48],[-166.07,66.4],[-165.85,66.18],[-167.21,66.18],[-167.31,66.03],[-167.75,65.96],[-167.96,65.81],[-168.39,65.74],[-167.32,65.37],[-166.55,65.37],[-166.41,65.3],[-167.14,65.22],[-166.55,64.86],[-166.44,64.64],[-165.69,64.49],[-163.73,64.57],[-162.7,64.42],[-162.58,64.57],[-161.8,64.71],[-161.93,64.79],[-161.1,64.86],[-160.97,64.79],[-161.63,64.57],[-161.3,64.28],[-161.01,63.84],[-161.04,63.7],[-161.35,63.55],[-162.17,63.48],[-162.77,63.55],[-162.99,63.41],[-162.86,63.34],[-163.61,63.12],[-164.08,63.34],[-164.65,63.34],[-164.8,63.26],[-164.64,63.12],[-165.08,63.05],[-165.17,62.83],[-164.88,62.62],[-165.66,62.47],[-165.54,62.4],[-165.94,62.26],[-165.97,62.12],[-165.81,61.97],[-166.25,61.9],[-166.46,61.76],[-165.97,61.48],[-166.13,61.41],[-165.1,60.91],[-165.29,60.7],[-165.54,60.63],[-164.95,60.28],[-164.77,60.28],[-164.16,59.85],[-162.89,59.85],[-163,59.92],[-162.39,60],[-161.89,59.57],[-161.94,59.43],[-162.28,59.36],[-162.23,59.22],[-161.99,59.02],[-161.84,58.81],[-162.11,58.81],[-161.87,58.6],[-161.35,58.67],[-161.13,58.53],[-160.86,58.53],[-160.81,58.67],[-161.14,58.88],[-160.46,59.02],[-160.04,58.81],[-159.7,58.88],[-159.03,58.39],[-158.76,58.39],[-158.71,58.53],[-158.96,58.81],[-158.7,58.88],[-158.36,58.6],[-157.82,58.6],[-157.88,58.46],[-157.65,58.25],[-157.9,58.18],[-157.95,57.97],[-157.78,57.63],[-158.47,57.49],[-158.61,57.35],[-158.51,57.28],[-158.93,57.14],[-158.78,56.87],[-159.4,56.87],[-159.73,56.73],[-159.63,56.66],[-160.38,56.46],[-160.7,56.25],[-160.58,56.11],[-160.64,55.98],[-160.91,55.98],[-161.1,56.05],[-162.42,56.05],[-162.55,55.84],[-162.42,55.63],[-162.94,55.57],[-163,55.43],[-163.35,55.43],[-163.24,55.29],[-163.67,55.29],[-163.56,55.16],[-164.45,55.23],[-164.49,54.95],[-164.91,54.89],[-164.79,54.68],[-165.13,54.68],[-164.74,54.41],[-164.25,54.61],[-163.22,54.68],[-163.43,54.89],[-163.28,55.02],[-162.22,54.95],[-162.33,55.09],[-161.89,55.09],[-162.1,55.29],[-161.06,55.36],[-161.17,55.5],[-160.74,55.5],[-160.15,55.63],[-160.17,55.77],[-159.63,55.7],[-159.57,55.84],[-159.4,55.91],[-158.7,55.91],[-158.54,55.98],[-158.66,56.18],[-158.22,56.18],[-158.53,56.46],[-158,56.46],[-158.02,56.59],[-157.41,56.59],[-157.62,56.8],[-157.09,56.8],[-157.11,56.94],[-156.67,56.94],[-156.69,57.08],[-156.35,57.14],[-156.57,57.35],[-156.49,57.42],[-155.72,57.56],[-155.82,57.63],[-155.67,57.77],[-155.25,57.9],[-155.01,58.04],[-154.22,58.11],[-154.33,58.25],[-154,58.39],[-153.96,58.6],[-153.43,58.67],[-153.28,58.81],[-153.61,59.09],[-154.27,59.22],[-153.76,59.36],[-153.65,59.64],[-153.1,59.64],[-153.08,59.92],[-152.62,59.92],[-152.57,60.07],[-152.78,60.21],[-152.34,60.28],[-152.32,60.56],[-151.62,60.7],[-151.46,60.42],[-151.65,60.42],[-151.69,60.21],[-151.84,60.07],[-152.09,60],[-152.06,59.85],[-151.63,59.57],[-152.24,59.43],[-151.82,59.16],[-150.59,59.36],[-150.8,59.5],[-150,59.57],[-150.12,59.71],[-149.76,59.71],[-149.88,59.85],[-149.51,59.85],[-149.63,60],[-148.52,59.92],[-148.17,60],[-147.77,59.78],[-147.42,59.85],[-147.35,60],[-147.56,60.14],[-147.91,60.07],[-148.34,60.35],[-147.68,60.28],[-148.63,60.84],[-148.19,60.91],[-147.89,60.84],[-146.91,60.98],[-146.49,60.7],[-146.11,60.63],[-145.9,60.49],[-144.47,60.21],[-144.16,60],[-142.82,60.14],[-141.61,60],[-140.85,59.71],[-140.12,59.71],[-139.77,59.85],[-139.67,59.71],[-139.93,59.64],[-139.73,59.43],[-138.24,59.02],[-137.58,58.53],[-136.58,58.18],[-136.75,58.04],[-135.76,57.35],[-136.02,57.35],[-136.11,57.14],[-135.93,57.01],[-135.58,57.08],[-135.14,56.66],[-135.15,56.46],[-134.8,56.18],[-134.53,56.25],[-134.7,56.66],[-134.61,56.73],[-134.26,56.46],[-134.45,56.25],[-134.28,56.11],[-133.92,56.18],[-134,56.32],[-133.65,56.46],[-133.29,56.46],[-132.44,55.98],[-132.27,55.77],[-132.96,56.05],[-133.29,56.39],[-133.74,56.39],[-133.57,56.18],[-134.01,56.11],[-133.85,55.91],[-133.59,55.84],[-133.09,55.43],[-133.35,55.43],[-132.28,54.68],[-131.93,54.68],[-132.06,55.09],[-132.05,55.23],[-132.56,55.5],[-132.21,55.5],[-131.64,55.02],[-131.29,55.02],[-131.52,55.36],[-131.17,55.29],[-131.03,55.02],[-131.13,54.89],[-130.97,54.75],[-130.26,54.89],[-130.16,54.95],[-130.24,55.02],[-129.97,55.09],[-129.95,55.29],[-130.26,55.7],[-130.07,55.84],[-130.06,55.98],[-131,56.46],[-131.87,56.66],[-132.3,57.08],[-132.38,57.35],[-133.53,58.39],[-133.44,58.39],[-134.73,59.16],[-135.31,59.71],[-135.85,59.71],[-136.39,59.64],[-136.47,59.43],[-136.64,59.29],[-136.99,59.16],[-136.89,59.09],[-137.52,59.02],[-137.72,59.29],[-138.87,59.92],[-139.29,60.35],[-139.83,60.35],[-140.09,60.21],[-140.83,60.28],[-141.03,60.42],[-140.97,60.63],[-141.1,61.41],[-141.02,61.48],[-141.19,61.9],[-141.04,62.12],[-141.25,62.69],[-141.06,62.69],[-141.23,63.05],[-141.04,63.05],[-141.2,63.34],[-141.02,63.34],[-141.19,63.7],[-141,63.7],[-141.19,64.06],[-141,64.06],[-141.19,64.42],[-140.99,64.42],[-141.19,64.79],[-141,64.79],[-141.21,65.22],[-141.02,65.22],[-141.22,65.59],[-141.03,65.59],[-141.24,65.96],[-141.04,65.96],[-141.26,66.33],[-141.06,66.33],[-141.26,66.62],[-141.06,66.62],[-141.04,66.85],[-141.24,67.15],[-141.04,67.15],[-141.24,67.44],[-141.23,67.67],[-141.03,67.67],[-141.02,67.89],[-141.23,68.2],[-141.03,68.2],[-141.02,68.42],[-141.24,68.73],[-141.04,68.73],[-140.9,69.33],[-141.17,69.72]]],[[[-170.04,63.55],[-170.34,63.41],[-170.26,63.26],[-169.74,62.98],[-169.38,63.19],[-168.72,63.19],[-169.02,63.41],[-170.04,63.55]]],[[[-170.06,66.25],[-170.31,66.18],[-169.88,65.96],[-169.64,66.03],[-170.06,66.25]]],[[[-79.64,8.9],[-79.73,9.16],[-79.96,9.29],[-80.1,9.29],[-79.94,8.96],[-79.79,8.84],[-79.64,8.9]]],[[[-65.72,17.96],[-65.52,18.16],[-65.55,18.41],[-66.16,18.54],[-67.26,18.48],[-67.12,17.96],[-66.23,17.9],[-65.72,17.96]]],[[[-118.45,33.33],[-118.25,33.39],[-118.55,33.52],[-118.45,33.33]]],[[[-120.19,34.04],[-120.12,33.91],[-119.89,33.91],[-119.99,34.1],[-120.19,34.04]]],[[[-75.45,35.19],[-75.44,35.39],[-75.65,35.32],[-75.6,35.19],[-75.45,35.19]]],[[[-82.49,43.02],[-82.66,43.34],[-82.61,43.54],[-82.89,44.06],[-83.18,43.99],[-83.28,43.73],[-83.44,43.73],[-83.53,43.6],[-83.93,43.6],[-84.08,43.86],[-83.94,44.06],[-83.66,44.12],[-83.56,44.39],[-83.35,44.45],[-83.34,44.71],[-83.56,45.1],[-83.43,45.17],[-83.5,45.3],[-84.26,45.63],[-84.91,45.76],[-85.08,45.63],[-85.01,45.37],[-85.38,45.3],[-85.35,44.97],[-85.76,44.97],[-86.04,44.91],[-86.26,44.58],[-86.23,44.25],[-86.49,43.99],[-86.38,43.8],[-86.47,43.54],[-86.16,42.82],[-86.24,42.82],[-86.18,42.43],[-86.59,41.85],[-86.78,41.91],[-86.76,41.72],[-86.92,41.72],[-87.01,41.59],[-87.48,41.59],[-87.51,41.78],[-87.7,41.85],[-87.76,42.11],[-87.98,42.5],[-87.77,42.56],[-87.96,42.89],[-88.06,43.21],[-87.97,43.34],[-88.05,43.47],[-87.92,43.54],[-88,43.67],[-87.7,43.99],[-87.78,44.12],[-87.61,44.25],[-87.72,44.58],[-88.04,44.58],[-88.16,44.78],[-88.03,44.97],[-87.74,45.04],[-87.31,45.82],[-86.54,45.76],[-86.54,45.89],[-86.29,46.02],[-85.8,46.02],[-85.63,46.15],[-85.22,46.15],[-84.86,45.96],[-84.77,46.09],[-84.2,46.09],[-84.35,46.35],[-84.06,46.41],[-85,46.48],[-85.16,46.74],[-86.19,46.68],[-86.44,46.55],[-86.4,46.48],[-87.22,46.48],[-87.99,46.94],[-88.44,46.87],[-88.57,47.07],[-89.14,46.94],[-89.39,46.81],[-90.33,46.61],[-90.9,46.61],[-91.03,46.81],[-92.01,46.68],[-92.14,46.87],[-91.94,47.07],[-91.57,47.14],[-91.57,47.27],[-91.41,47.4],[-90.76,47.66],[-90.8,47.73],[-89.94,47.93],[-89.9,47.99],[-90.15,48.13],[-90.77,48.19],[-91.51,48.06],[-92.1,48.32],[-92.44,48.32],[-92.99,48.65],[-93.65,48.52],[-93.91,48.65],[-94.32,48.65],[-94.66,48.79],[-94.86,49.18],[-95.14,49.45],[-95.26,49.38],[-95.22,48.99],[-122.87,48.99],[-122.54,48.52],[-122.67,48.39],[-122.86,48.32],[-122.91,48.19],[-123.66,48.19],[-124.55,48.46],[-124.85,48.32],[-124.72,47.99],[-124.4,47.53],[-124.12,47.01],[-124.23,46.94],[-124.01,46.68],[-124.17,46.48],[-123.87,46.22],[-124.09,46.09],[-123.98,45.96],[-124.12,45.82],[-123.96,45.63],[-124.12,45.43],[-124.13,45.24],[-124.02,44.91],[-124.25,44.58],[-124.15,44.25],[-124.29,44.12],[-124.18,43.99],[-124.32,43.86],[-124.22,43.73],[-124.39,43.54],[-124.29,43.41],[-124.65,43.15],[-124.55,43.02],[-124.66,42.95],[-124.44,42.56],[-124.53,42.37],[-124.29,42.04],[-124.35,41.91],[-124.1,41.46],[-124.27,41.26],[-124.13,41.07],[-124.45,40.61],[-124.42,40.36],[-123.78,39.64],[-123.76,39.38],[-123.83,39.26],[-123.62,38.8],[-122.98,38.29],[-123.05,38.16],[-122.97,38.03],[-122.58,37.9],[-122.5,37.77],[-122.58,37.64],[-122.2,37],[-121.81,36.87],[-121.97,36.61],[-121.98,36.48],[-121.83,36.22],[-121.45,35.97],[-121.27,35.64],[-120.97,35.52],[-120.68,35.13],[-120.57,34.49],[-119.62,34.42],[-119.14,34.1],[-118.57,34.04],[-118.41,33.71],[-118.1,33.71],[-117.42,33.26],[-117.13,32.49],[-114.77,32.69],[-114.66,32.43],[-110.95,31.27],[-108.28,31.27],[-108.16,31.34],[-108.11,31.79],[-106.51,31.79],[-105.49,30.95],[-104.91,30.63],[-104.48,29.67],[-103.69,29.15],[-103.17,28.96],[-102.97,29.02],[-103.01,29.15],[-102.83,29.28],[-102.84,29.54],[-102.35,29.86],[-101.4,29.73],[-100.55,29.02],[-100.15,28.25],[-99.38,27.48],[-99.31,26.97],[-99,26.39],[-98.61,26.32],[-97.92,26],[-97.17,26],[-97.26,26.07],[-97.31,26.52],[-97.51,26.97],[-97.36,26.97],[-97.32,27.09],[-97.39,27.35],[-97.28,27.48],[-97.07,27.54],[-97.32,27.87],[-97.01,27.87],[-96.9,27.99],[-96.94,28.12],[-96.66,28.19],[-96.72,28.38],[-96.34,28.38],[-96.5,28.64],[-95.95,28.57],[-95.74,28.64],[-95.71,28.77],[-95.14,28.89],[-94.94,29.22],[-94.74,29.28],[-94.94,29.67],[-94.79,29.67],[-94.74,29.54],[-94.21,29.54],[-93.82,29.73],[-93.24,29.79],[-92.62,29.54],[-91.7,29.47],[-91.68,29.67],[-90.82,29.09],[-90.59,29.09],[-90.5,29.28],[-90.06,29.09],[-89.95,29.22],[-90.03,29.47],[-89.88,29.47],[-89.74,29.28],[-89.42,29.22],[-89.21,29.02],[-88.99,29.02],[-88.99,29.28],[-89.5,29.47],[-89.56,29.67],[-89.24,29.86],[-89.28,29.99],[-89.61,30.05],[-89.65,30.18],[-89.34,30.18],[-89.03,30.37],[-88.04,30.37],[-87.85,30.24],[-87.19,30.31],[-87.07,30.44],[-86.6,30.37],[-86.34,30.5],[-86.18,30.24],[-85.61,30.12],[-85.4,29.92],[-85.32,29.67],[-84.66,29.73],[-84.22,30.05],[-83.84,30.05],[-83.26,29.34],[-82.82,29.15],[-82.61,28.64],[-82.85,28.12],[-82.74,27.74],[-82.52,27.74],[-82.57,27.93],[-82.42,27.93],[-82.43,27.67],[-82.7,27.54],[-82.5,27.35],[-82.4,26.97],[-82.3,26.84],[-82.07,26.84],[-81.98,26.45],[-81.81,26.39],[-81.82,26.07],[-81.71,25.94],[-81.3,25.74],[-81.25,25.55],[-81.08,25.42],[-81.19,25.23],[-81.01,25.1],[-80.5,25.16],[-80.47,25.04],[-80.32,25.04],[-80.3,25.29],[-80.15,25.29],[-80.11,25.81],[-79.99,25.94],[-80.01,26.71],[-79.94,26.71],[-80.06,27.22],[-80.63,28.32],[-80.7,28.57],[-80.55,28.57],[-80.62,28.83],[-81.14,29.6],[-81.29,30.12],[-81.21,30.12],[-81.42,30.56],[-81.34,30.56],[-81.43,31.08],[-81.15,31.4],[-81.06,31.85],[-80.91,31.85],[-80.63,32.17],[-80.68,32.3],[-80.37,32.3],[-80.43,32.49],[-80.13,32.49],[-79.87,32.62],[-79.83,32.75],[-79.68,32.75],[-79.54,33.01],[-79.31,33.01],[-79.03,33.33],[-78.86,33.71],[-78.59,33.84],[-77.92,33.91],[-77.56,34.42],[-77.22,34.55],[-77.19,34.68],[-76.37,34.74],[-76.26,34.87],[-76.3,35],[-76.56,35.07],[-76.45,35.19],[-76.52,35.39],[-76.03,35.32],[-75.9,35.39],[-75.89,35.58],[-75.68,35.64],[-75.72,35.97],[-76.01,35.9],[-76.06,36.03],[-75.97,36.22],[-75.82,36.22],[-75.94,36.55],[-75.81,36.61],[-75.93,36.93],[-76.19,37],[-76.36,37.25],[-76.34,37.38],[-76.18,37.38],[-76.36,37.64],[-76.18,37.77],[-76.38,38.09],[-76.25,38.16],[-76.52,38.8],[-76.52,39],[-76.36,39],[-76.47,39.26],[-76.34,39.32],[-76.23,39.06],[-76.23,38.67],[-76.33,38.55],[-76.25,38.35],[-75.91,38.09],[-75.81,37.84],[-75.94,37.77],[-75.89,37.64],[-76.07,37.51],[-76,37.32],[-76,37.13],[-75.85,37.13],[-75.74,37.25],[-75.79,37.38],[-75.34,37.84],[-75.39,37.96],[-74.95,38.42],[-75.4,39.32],[-75.03,39.19],[-74.92,38.93],[-74.64,39],[-74.48,39.19],[-74.53,39.32],[-74.12,39.64],[-74.17,39.77],[-73.87,40.16],[-73.93,40.48],[-74.09,40.48],[-74.14,40.61],[-73.64,40.55],[-73.46,40.68],[-72.25,40.81],[-71.94,41],[-71.99,41.13],[-73.21,41],[-73.47,41.07],[-72.82,41.2],[-72.85,41.26],[-71.52,41.33],[-71.27,41.65],[-71.21,41.52],[-70.89,41.52],[-70.71,41.65],[-70.73,41.33],[-70.49,41.33],[-70.58,41.52],[-70.44,41.59],[-69.92,41.65],[-69.95,41.91],[-70.11,41.91],[-70.13,41.78],[-70.37,41.78],[-70.63,42.17],[-70.92,42.3],[-70.98,42.43],[-70.64,42.56],[-70.82,42.95],[-70.52,43.34],[-70.36,43.34],[-70.21,43.54],[-70.27,43.67],[-70.17,43.8],[-69.69,43.8],[-69.4,43.86],[-69.38,43.99],[-69.13,43.99],[-68.88,44.32],[-68.69,44.25],[-68.21,44.25],[-68.22,44.45],[-67.94,44.39],[-67.92,44.52],[-67.52,44.52],[-67.5,44.65],[-67.04,44.71],[-67.06,45.1],[-67.37,45.24],[-67.9,46.02],[-67.8,46.15],[-67.77,46.41],[-67.83,46.87],[-67.91,47.2],[-68.14,47.33],[-68.89,47.2],[-69.28,47.47],[-69.67,46.94],[-70.01,46.81],[-70.11,46.68],[-70.06,46.41],[-70.34,46.15],[-70.29,45.89],[-70.44,45.69],[-70.6,45.69],[-70.9,45.3],[-71.38,45.3],[-71.37,45.1],[-71.53,45.1],[-71.63,44.97],[-75.12,44.97],[-75.09,44.91],[-75.59,44.78],[-75.65,44.58],[-75.81,44.58],[-76,44.32],[-76.16,44.32],[-76.26,44.19],[-76.01,43.86],[-76.19,43.73],[-76.17,43.54],[-76.54,43.47],[-76.76,43.28],[-77.81,43.28],[-78.11,43.41],[-79.09,43.28],[-78.88,43.02],[-78.79,42.69],[-78.95,42.69],[-78.97,42.56],[-79.13,42.56],[-79.64,42.3],[-79.73,42.17],[-80.07,42.04],[-80.62,42.04],[-80.48,41.91],[-81.05,41.78],[-81.31,41.65],[-81.4,41.52],[-82.69,41.39],[-83.46,41.65],[-83.44,41.78],[-83.56,41.85],[-83.33,42.17],[-83.09,42.17],[-83.07,42.3],[-82.91,42.3],[-83.02,42.5],[-82.89,42.56],[-82.96,42.69],[-82.56,42.69],[-82.42,42.89],[-82.49,43.02]]],[[[-85.4,45.63],[-85.6,45.82],[-85.65,45.63],[-85.4,45.63]]],[[[-83.47,45.96],[-83.67,46.15],[-83.72,45.96],[-83.47,45.96]]],[[[-89.11,48.06],[-89.24,47.99],[-89.15,47.86],[-88.66,47.99],[-88.7,48.19],[-88.95,48.19],[-89.11,48.06]]],[[[14.66,47.86],[14.42,47.99],[14.34,48.32],[13.77,48.52],[13.77,48.79],[13.44,49.05],[13.28,49.05],[13.11,49.25],[12.53,49.52],[12.53,49.65],[12.37,49.71],[12.37,49.98],[11.87,50.45],[11.37,50.45],[11.28,50.25],[10.44,50.25],[10.19,50.51],[10.02,50.51],[10.02,50.78],[9.85,50.78],[9.94,51.05],[9.93,51.38],[9.68,51.38],[9.68,51.25],[9.43,51.18],[9.43,51.38],[9.59,51.51],[9.51,51.65],[9.17,51.71],[9,51.58],[8.49,51.58],[8.41,51.25],[8.07,51.25],[7.66,50.91],[7.58,50.51],[7.92,50.31],[7.67,50.11],[7.76,49.85],[8.18,49.85],[8.35,49.58],[8.77,49.58],[8.77,49.45],[9.02,49.45],[9.19,49.58],[9.19,49.71],[9.77,49.52],[9.86,49.18],[10.11,48.99],[10.11,48.65],[9.86,48.46],[9.87,48.26],[10.03,48.13],[9.87,47.53],[10.12,47.33],[10.37,47.33],[10.45,47.6],[11.19,47.4],[11.6,47.6],[12.51,47.66],[12.51,47.4],[12.18,47.27],[12.18,47.07],[12.83,47.14],[13.08,47.01],[13.65,47.01],[13.74,47.2],[13.41,47.27],[13.42,47.47],[13.75,47.53],[14,47.73],[14.49,47.73],[14.66,47.86]]],[[[8.73,52.92],[8.64,53.12],[8.47,53.12],[8.47,52.92],[8.73,52.92]]],[[[-45.95,60.7],[-46.06,60.91],[-46.34,60.91],[-46.22,60.7],[-45.95,60.7]]],[[[-20.01,66.03],[-20.05,66.18],[-20.54,66.18],[-20.4,65.74],[-20.54,65.59],[-20.97,65.74],[-21.38,65.52],[-21.48,66.11],[-22.61,66.55],[-23.17,66.48],[-23.28,66.25],[-23.67,66.25],[-23.91,66.11],[-23.8,65.81],[-24.21,65.88],[-24.13,65.66],[-24.37,65.52],[-24.03,65.37],[-23.28,65.44],[-23.31,65.52],[-22.06,65.52],[-22.03,65.44],[-22.59,65.37],[-22.61,65.15],[-24.16,64.93],[-23.98,64.71],[-22.58,64.79],[-22.5,64.57],[-22.1,64.49],[-22.02,64.28],[-22.33,64.06],[-22.83,64.13],[-22.9,64.06],[-22.8,63.77],[-21.15,63.91],[-20.53,63.77],[-20.37,63.55],[-19.81,63.55],[-19.39,63.41],[-18.16,63.41],[-17.7,63.77],[-16.58,63.84],[-16.6,63.91],[-16.07,64.06],[-16.09,64.13],[-15.46,64.28],[-14.8,64.28],[-14.74,64.42],[-14.47,64.49],[-14.43,64.71],[-14.05,64.71],[-13.88,64.79],[-13.93,65],[-13.47,65.08],[-13.7,65.59],[-14.29,65.66],[-14.33,65.81],[-14.64,65.88],[-14.7,66.11],[-14.99,66.11],[-15.07,66.4],[-15.61,66.25],[-15.79,66.55],[-16.67,66.55],[-16.66,66.18],[-17.46,66.25],[-17.59,66.03],[-18.04,66.25],[-19.2,66.25],[-19.57,66.18],[-19.55,65.81],[-20.01,66.03]]],[[[-54.01,71.11],[-53.43,71.03],[-53.57,71.34],[-54.13,71.27],[-54.01,71.11]]],[[[-52.83,71.19],[-52.81,71.42],[-53.32,71.42],[-53.14,71.19],[-52.83,71.19]]],[[[-24.2,82.9],[-24.56,83.13],[-25.49,83.24],[-25.73,83.47],[-28.84,83.47],[-28.9,83.59],[-32.14,83.59],[-36.36,83.59],[-36.28,83.47],[-38.64,83.47],[-38.26,83.13],[-39.33,83.24],[-41.34,83.13],[-42.02,83.36],[-42.89,83.36],[-42.7,83.13],[-43.81,83.13],[-44.24,82.9],[-45,82.79],[-45.41,83.13],[-46.16,83.13],[-45.86,82.79],[-47.24,82.68],[-46.61,82.25],[-44.48,82.04],[-44.31,81.83],[-45.03,81.83],[-45.57,82.04],[-47,82.14],[-47.56,82.35],[-49,82.46],[-49.1,82.57],[-50.93,82.57],[-50.2,81.93],[-51.05,81.93],[-51.25,82.14],[-51.98,82.14],[-52.31,82.35],[-53.65,82.35],[-58.9,82.14],[-58.79,81.93],[-60.97,81.93],[-61.1,81.73],[-60.76,81.43],[-61.61,81.23],[-63.29,81.23],[-64.25,81.13],[-65.09,80.94],[-64.97,80.84],[-66.04,80.65],[-67.46,80.47],[-67.23,80.19],[-66.88,80.09],[-65.13,80],[-64.8,79.63],[-64.93,79.45],[-67.37,79.18],[-69.22,79.09],[-69.1,78.91],[-70.25,78.91],[-70.14,78.82],[-71.05,78.73],[-70.94,78.64],[-72.66,78.64],[-72.99,78.46],[-72.75,78.11],[-71.84,77.85],[-71.05,77.76],[-70.37,77.76],[-69.7,77.5],[-68.47,77.5],[-69.37,77.32],[-71.39,77.24],[-71.18,76.98],[-70.63,76.81],[-70.07,76.81],[-69.65,76.55],[-69.66,76.38],[-68.8,76.21],[-68.49,76.04],[-66.63,75.96],[-66.72,76.13],[-64.08,76.13],[-63.51,76.21],[-63.61,76.3],[-61.2,76.21],[-60.8,76.04],[-60.14,76.04],[-59.31,75.87],[-59.14,75.71],[-58.59,75.71],[-58.56,75.45],[-58.04,75.04],[-57.1,74.96],[-56.86,74.71],[-56.49,74.54],[-56.63,74.46],[-56.26,74.05],[-55.97,73.97],[-56.15,73.81],[-55.93,73.57],[-55.54,73.49],[-55.41,73.08],[-55.09,73.08],[-54.85,72.92],[-55.59,72.92],[-55.38,72.69],[-55.07,72.69],[-54.94,72.53],[-55.84,72.61],[-55.44,72.13],[-55.52,71.97],[-56.01,71.81],[-55.88,71.66],[-55.32,71.34],[-55.18,71.42],[-54.09,71.34],[-53.84,71.42],[-54.02,71.66],[-53.71,71.66],[-53.39,71.5],[-52.97,71.5],[-53.09,71.66],[-51.96,71.66],[-51.84,71.5],[-52.35,71.5],[-52.44,71.34],[-52.12,71.19],[-51.94,70.95],[-51.37,70.88],[-51.1,70.64],[-51.39,70.49],[-52.44,70.8],[-54.64,70.88],[-54.79,70.8],[-54.67,70.64],[-54.18,70.41],[-54.94,70.33],[-55.01,70.02],[-54.83,69.79],[-55.13,69.79],[-54.86,69.56],[-54.4,69.49],[-54.13,69.26],[-53.12,69.26],[-52.58,69.33],[-52.63,69.41],[-51.98,69.49],[-51.89,69.64],[-52.06,69.87],[-52.88,70.02],[-53.52,70.33],[-53.01,70.33],[-52.27,70.02],[-51.92,70.1],[-51.4,69.95],[-51.5,69.79],[-51.22,69.41],[-51.15,69.03],[-51.45,68.88],[-51.19,68.65],[-52.29,68.65],[-52.39,68.8],[-52.99,68.8],[-52.88,68.65],[-53.27,68.5],[-53.01,68.27],[-53.65,68.2],[-53.39,67.97],[-53.83,67.89],[-53.92,67.74],[-53.77,67.52],[-54.05,67.37],[-53.84,67.07],[-53.55,67.07],[-53.45,66.92],[-53.05,66.92],[-52.95,66.77],[-53.54,66.77],[-53.58,66.55],[-53.87,66.4],[-53.66,66.11],[-53.37,66.11],[-53.07,65.66],[-52.88,65.66],[-52.54,65.44],[-52.02,64.2],[-51.74,64.2],[-51.51,63.84],[-51.56,63.62],[-51.14,63.55],[-51.23,63.41],[-51.14,63.26],[-50.72,63.19],[-50.5,62.98],[-50.32,62.69],[-50.51,62.69],[-50.34,62.4],[-49.69,62.26],[-49.84,62.19],[-49.71,61.97],[-49.52,61.97],[-49.21,61.76],[-49.36,61.69],[-49.23,61.48],[-48.68,61.48],[-48.61,61.19],[-48.11,61.12],[-48.16,61.05],[-47.91,60.77],[-47.62,60.91],[-46.66,60.84],[-46.6,61.05],[-46.04,61.05],[-45.78,60.56],[-45.27,60.63],[-45.06,60.42],[-45.52,60.42],[-45.5,60.21],[-45.23,60.21],[-45.15,60.07],[-44.84,60],[-44.2,60],[-44.4,60.21],[-44.17,60.28],[-43.92,59.78],[-43.71,59.92],[-43.44,59.92],[-43.42,60.07],[-43.09,60.14],[-43.23,60.42],[-43.45,60.49],[-42.88,60.63],[-43.12,60.91],[-42.75,60.91],[-42.86,61.12],[-42.88,61.34],[-42.51,61.34],[-42.58,61.48],[-42.38,61.62],[-42.45,61.76],[-42.21,61.83],[-42.43,62.62],[-42.19,62.69],[-42.17,62.83],[-41.79,62.83],[-41.64,62.9],[-41.66,63.12],[-41.55,63.26],[-41.13,63.19],[-41.28,63.48],[-40.72,63.48],[-40.92,63.7],[-40.55,63.7],[-40.72,64.2],[-41.29,64.2],[-41.36,64.35],[-40.51,64.35],[-40.16,64.42],[-40.24,64.57],[-40.47,64.64],[-40.49,64.86],[-40.76,65],[-40.09,65],[-40.01,65.22],[-39.82,65.22],[-39.97,65.52],[-39.3,65.52],[-39.05,65.59],[-38.22,65.66],[-37.99,65.59],[-37.51,65.59],[-37.25,65.66],[-37.33,65.81],[-37.21,65.96],[-36.65,65.81],[-36.63,65.96],[-36.34,65.96],[-35.54,66.11],[-35.61,66.25],[-34.77,66.33],[-34.46,66.48],[-34.43,66.62],[-33.92,66.77],[-33.99,66.92],[-33.57,67.07],[-33.51,67.37],[-33.19,67.52],[-33.1,67.74],[-32.15,67.82],[-32.06,68.05],[-32.34,68.42],[-31.56,68.05],[-30.57,68.05],[-30.01,68.12],[-30.02,68.35],[-29.09,68.27],[-28.53,68.35],[-28.09,68.5],[-26.37,68.65],[-26.23,68.8],[-25.83,68.8],[-25.79,68.95],[-25.05,69.11],[-25.01,69.26],[-24.61,69.26],[-24.67,69.41],[-24.17,69.41],[-24.13,69.56],[-23.63,69.56],[-23.68,69.72],[-23.28,69.72],[-23.14,69.87],[-22.29,70.02],[-22.34,70.18],[-24.51,70.26],[-24.77,70.41],[-25.31,70.49],[-26.37,70.33],[-26.47,70.57],[-25.28,70.64],[-25.41,70.95],[-25.68,71.11],[-25.75,71.27],[-25.51,71.42],[-24.75,71.34],[-24.31,71.03],[-24.15,70.64],[-23.68,70.49],[-22.64,70.41],[-22.46,70.49],[-21.62,70.41],[-21.55,70.49],[-21.59,70.88],[-21.78,71.11],[-21.72,71.5],[-22.34,71.5],[-22.33,71.74],[-22.81,71.89],[-22.77,72.05],[-23.19,72.05],[-23.7,72.29],[-24.71,72.45],[-24.74,72.76],[-25.03,73.16],[-25.66,73.16],[-25.45,73.41],[-23.69,73.25],[-23.9,73.49],[-22.74,73.25],[-22.11,73.25],[-21.75,73.41],[-20.48,73.41],[-20.47,73.65],[-20.29,73.73],[-20.39,73.97],[-20.78,74.14],[-20.14,74.14],[-20.2,74.3],[-19.45,74.3],[-18.87,74.46],[-18.94,74.63],[-19.33,74.79],[-19.76,74.79],[-20,75.12],[-20.54,75.12],[-20.61,75.29],[-20.32,75.37],[-19.89,75.12],[-19.28,75.2],[-19.24,75.37],[-19.41,75.79],[-19.73,76.3],[-20.54,76.38],[-20.66,76.64],[-20.99,76.64],[-20.87,76.38],[-21.42,76.38],[-21.76,76.64],[-20.92,76.72],[-20.81,76.98],[-19.7,76.98],[-19.66,76.89],[-18.95,76.81],[-19.1,76.64],[-18.93,76.21],[-18.45,76.13],[-18.62,76.81],[-18.06,76.81],[-17.91,76.98],[-18.02,77.24],[-18.31,77.41],[-19.29,77.32],[-19.59,77.5],[-20.26,77.5],[-20.34,77.67],[-18.84,77.58],[-19.06,77.85],[-19.67,77.93],[-19.86,78.11],[-21.29,78.02],[-21.23,78.37],[-20.86,78.55],[-20.8,78.91],[-19.99,78.91],[-19.38,79.09],[-19.47,79.54],[-19.01,79.82],[-17.73,79.82],[-17.22,80],[-17.1,80.28],[-15.96,80.37],[-15.87,80.75],[-14.36,80.84],[-14.47,81.13],[-13.27,81.13],[-11.9,81.33],[-11.69,81.43],[-11.91,81.73],[-13.67,81.93],[-17.05,81.93],[-17.45,81.73],[-17.49,81.53],[-19.3,81.53],[-20.66,81.63],[-21.58,81.53],[-21.7,82.04],[-22.11,82.14],[-23.33,82.14],[-23.88,82.04],[-24.09,81.73],[-24.81,81.73],[-25.15,82.14],[-23.57,82.14],[-23.62,82.25],[-21.8,82.25],[-21.12,82.35],[-21.32,82.79],[-22.11,82.9],[-23.65,82.79],[-24.2,82.9]]],[[[-24.29,72.92],[-24.57,72.84],[-24.32,72.53],[-22.97,72.29],[-22.7,72.13],[-22.07,72.13],[-22.17,72.37],[-21.86,72.37],[-21.88,72.69],[-22.15,73.08],[-24.29,73.16],[-24.29,72.92]]],[[[-17.7,75.04],[-17.26,75.04],[-17.33,75.2],[-17.87,75.2],[-18.29,75.45],[-18.99,75.29],[-18.89,75.04],[-17.7,75.04]]],[[[-18.16,77.85],[-18.09,77.67],[-17.45,77.76],[-18.16,77.85]]],[[[-19.57,79],[-19.45,78.73],[-19.11,78.73],[-19.23,79],[-19.57,79]]],[[[-20.22,82.25],[-20.42,82.14],[-20.15,81.83],[-19.55,81.83],[-19.81,82.14],[-20.22,82.25]]],[[[154.65,-5.44],[154.62,-6.01],[155.01,-6.34],[155.11,-6.72],[155.27,-6.85],[155.85,-6.85],[155.82,-6.46],[155.5,-6.14],[155.36,-6.14],[155.1,-5.69],[154.65,-5.44]]],[[[120.84,5.94],[120.84,5.88],[121.35,5.81],[121.36,6.01],[120.85,6.07],[120.84,5.94]]],[[[122.04,6.39],[122.19,6.46],[122.29,6.71],[121.85,6.78],[121.76,6.46],[122.04,6.39]]],[[[134.44,7.29],[134.6,7.36],[134.62,7.61],[134.39,7.55],[134.38,7.36],[134.44,7.29]]],[[[124.82,9.03],[124.71,8.58],[124.27,8.64],[124.09,8.19],[123.87,8.19],[123.76,8.64],[123.34,8.77],[123.25,8.58],[122.95,8.51],[122.92,8.26],[122.77,8.13],[122.1,8],[122.06,7.55],[121.82,7.23],[121.8,6.97],[122.23,6.97],[122.34,7.42],[122.49,7.49],[122.59,7.74],[122.73,7.68],[122.76,7.23],[122.92,7.29],[122.93,7.49],[123.43,7.36],[123.38,7.61],[123.46,7.74],[123.68,7.74],[124.09,7.42],[123.9,6.84],[124,6.26],[124.7,5.81],[124.99,5.81],[125.15,6.01],[125.12,5.62],[125.33,5.49],[125.65,5.88],[125.68,6.33],[125.41,6.59],[125.52,7.04],[125.8,6.91],[125.81,7.04],[125.67,7.1],[125.68,7.23],[125.83,7.23],[126.02,6.84],[125.99,6.46],[126.2,6.39],[126.24,6.84],[126.55,7.1],[126.59,7.61],[126.53,7.81],[126.39,7.87],[126.5,8.19],[126.37,8.45],[126.17,8.58],[126.18,8.71],[126.33,8.77],[126.35,8.96],[126.21,9.03],[126.24,9.29],[126.02,9.29],[125.96,9.48],[125.42,9.86],[125.31,9.54],[125.48,9.03],[124.82,9.03]]],[[[117.24,8.32],[117.4,8.51],[118.01,8.84],[118.02,8.96],[118.73,9.48],[118.77,9.86],[119.14,9.99],[119.32,10.25],[120,10.51],[120.02,10.64],[119.72,10.57],[119.58,10.7],[119.57,11.21],[119.42,11.21],[119.32,10.96],[119.17,10.96],[119.19,10.44],[118.89,10.38],[118.22,9.48],[117.28,8.84],[117.09,8.32],[117.24,8.32]]],[[[122.79,10.57],[122.81,10.12],[122.36,9.99],[122.33,9.67],[122.59,9.35],[122.87,9.22],[122.85,9.03],[123.22,9.03],[123.31,9.29],[123.15,9.8],[123.35,10.38],[123.51,10.51],[123.56,10.96],[123.06,11.02],[122.9,10.89],[122.79,10.57]]],[[[124,10.25],[124.11,11.28],[123.89,11.21],[123.66,10.51],[123.41,10.25],[123.28,9.67],[123.26,9.48],[123.48,9.48],[123.6,9.99],[123.85,10.25],[124,10.25]]],[[[124.28,11.47],[124.25,11.21],[124.43,10.83],[124.65,10.89],[124.76,10.57],[124.72,10.19],[124.92,9.99],[125.07,9.99],[125.02,10.25],[125.24,10.25],[125.27,10.51],[125.08,10.76],[125.06,11.21],[124.79,11.47],[124.56,11.34],[124.28,11.47]]],[[[122.79,10.57],[122.74,10.83],[122.84,11.02],[123.14,11.09],[123.12,11.54],[122.54,11.6],[122.42,11.79],[121.93,11.99],[121.82,11.73],[122.03,11.66],[121.95,10.89],[121.87,10.89],[121.9,10.44],[122.5,10.64],[122.47,10.38],[122.62,10.38],[122.79,10.57]]],[[[120.37,13.53],[120.34,13.34],[120.67,13.08],[120.7,12.76],[120.84,12.69],[120.95,12.37],[121.22,12.18],[121.29,12.18],[121.55,12.5],[121.56,13.14],[121.42,13.21],[121.44,13.34],[121.31,13.46],[120.74,13.59],[120.37,13.53]]],[[[144.97,13.66],[144.65,13.53],[144.61,13.27],[144.84,13.34],[144.97,13.66]]],[[[124.11,13.01],[124.14,13.21],[123.84,13.21],[123.81,13.46],[123.61,13.59],[123.92,13.72],[123.87,13.91],[123.58,13.91],[123.52,14.04],[123.24,14.11],[123.27,13.79],[123.12,13.79],[123.04,14.24],[122.76,14.36],[122.4,14.36],[122.19,13.98],[122.08,14.24],[121.84,14.11],[121.67,14.43],[121.79,14.75],[121.59,14.88],[121.49,15.14],[121.6,15.84],[121.87,16.1],[122.26,16.23],[122.64,17.13],[122.5,17.19],[122.54,17.39],[122.22,17.64],[122.25,17.84],[122.43,18.41],[122.39,18.54],[122.16,18.54],[122.05,18.35],[121.68,18.35],[121.44,18.61],[120.78,18.67],[120.76,18.54],[120.61,18.54],[120.35,17.51],[120.46,17.32],[120.31,16.49],[120.39,16.49],[120.4,16.1],[120.11,16.16],[120.01,16.42],[119.78,16.36],[119.73,16.1],[119.77,15.91],[119.91,15.84],[119.86,15.52],[120.03,15.2],[120.04,14.81],[120.31,14.69],[120.35,14.43],[120.64,14.43],[120.62,14.75],[120.97,14.62],[120.95,14.49],[120.62,14.3],[120.62,13.79],[120.85,13.85],[121.04,13.59],[121.4,13.59],[121.5,13.79],[121.82,13.91],[122.01,13.72],[122.16,13.72],[122.48,13.4],[122.52,13.21],[122.74,13.21],[122.52,13.72],[122.54,13.85],[122.69,13.85],[122.8,13.59],[123.27,13.27],[123.23,13.01],[123.45,13.01],[123.72,12.82],[123.79,12.82],[124.11,13.01]],[[121.99,16.81],[121.7,16.42],[121.41,16.42],[121.36,16.55],[121.35,16.94],[121.28,16.94],[121.38,17.51],[121.66,17.84],[121.88,17.84],[122.08,17.32],[121.99,16.81]],[[121.28,13.79],[121.01,13.91],[121.21,14.3],[121.5,14.24],[121.53,13.98],[121.28,13.79]]],[[[123.84,24.26],[123.96,24.46],[123.72,24.39],[123.84,24.26]]],[[[125.22,24.71],[125.44,24.71],[125.41,24.91],[125.26,24.91],[125.22,24.71]]],[[[127.68,26.39],[127.65,26],[127.82,26.07],[127.91,26.39],[128.38,26.71],[128.42,26.84],[128.19,26.84],[128.17,26.77],[127.93,26.71],[127.87,26.52],[127.68,26.39]]],[[[179.57,51.85],[179.83,52.05],[179.57,52.05],[179.4,51.92],[179.57,51.85]]],[[[177.53,51.92],[177.7,52.12],[177.36,52.05],[177.11,51.78],[177.53,51.92]]],[[[172.84,52.79],[173.35,52.99],[172.93,53.12],[172.58,52.92],[172.58,52.79],[172.84,52.79]]]]},"properties":{"NAME":"United States of America","C":2,"name":"United States of America","start_year":1945,"end_year":1945,"capital":"","type":"polity","region":"","event":"","source":"Cliopatria / Seshat Global History Databank (CC BY 4.0)","wikipedia":"United States","wikidata":"Q30","_a":31711,"_c":[4.75,38.43],"_nz":"美利坚合众国","_sz":""}},
{"type":"Feature","geometry":{"type":"Polygon","coordinates":[[[19.92,39.71],[20.15,39.71],[20.32,39.77],[20.41,40.03],[20.65,40.16],[20.74,40.42],[20.99,40.55],[21.08,40.74],[20.54,41.13],[20.5,41.72],[20.58,41.72],[20.59,42.04],[20.06,42.56],[19.9,42.5],[19.67,42.63],[19.42,42.43],[19.39,41.91],[19.54,41.78],[19.45,41.52],[19.44,41.26],[19.5,40.87],[19.25,40.74],[19.25,40.61],[19.49,40.61],[19.47,40.29],[19.63,40.29],[20.01,39.97],[19.92,39.71]]]},"properties":{"NAME":"Albania","C":0,"name":"Albania","start_year":1945,"end_year":1945,"capital":"","type":"polity","region":"","event":"","source":"Cliopatria / Seshat Global History Databank (CC BY 4.0)","wikipedia":"Albania","wikidata":"Q222","_a":5,"_c":[20.17,41.17],"_nz":"阿尔巴尼亚","_sz":""}},
{"type":"Feature","geometry":{"type":"MultiPolygon","coordinates":[[[[147.75,-40.88],[147.35,-40.88],[147.37,-41.01],[147.13,-41.01],[146.03,-41.14],[145.19,-40.75],[145,-40.82],[144.63,-40.62],[144.45,-40.82],[144.68,-41.46],[144.6,-41.46],[145.17,-42.11],[145.19,-42.24],[144.99,-42.31],[145.06,-42.5],[145.93,-43.61],[146.87,-43.68],[147.06,-43.41],[146.96,-43.28],[147.36,-43.28],[147.28,-43.09],[148,-43.28],[147.93,-43.09],[148.04,-43.02],[147.8,-42.83],[148.05,-42.44],[147.98,-42.24],[148.38,-42.24],[148.21,-41.92],[148.32,-41.85],[148.33,-41.66],[148.23,-41.53],[148.34,-41.46],[148.26,-41.14],[147.97,-40.75],[147.73,-40.75],[147.75,-40.88]]],[[[143.91,-39.59],[143.75,-39.59],[143.61,-39.84],[143.74,-40.04],[143.75,-40.17],[143.99,-40.17],[144.09,-39.97],[143.91,-39.59]]],[[[137.5,-35.65],[136.45,-35.72],[136.36,-35.84],[136.46,-36.04],[136.73,-36.1],[137.51,-36.1],[137.51,-35.97],[138.02,-35.91],[137.95,-35.78],[137.57,-35.78],[137.5,-35.65]]],[[[144.05,-14.24],[143.94,-14.44],[143.63,-14.37],[143.27,-12.51],[143.19,-12.51],[143.01,-12.25],[143.11,-11.93],[142.81,-11.86],[142.7,-11.03],[142.54,-10.9],[142.52,-10.71],[142.3,-10.71],[141.97,-11.03],[142.01,-11.35],[141.84,-11.67],[141.88,-11.99],[141.59,-12.06],[141.62,-12.25],[141.43,-12.44],[141.45,-12.57],[141.67,-12.57],[141.57,-12.89],[141.43,-12.96],[141.55,-13.28],[141.44,-13.54],[141.31,-13.6],[141.47,-14.18],[141.36,-14.37],[141.48,-15.08],[141.28,-15.59],[141.21,-16.36],[141.07,-16.75],[140.93,-16.81],[140.91,-17.07],[140.78,-17.14],[140.76,-17.39],[140.37,-17.65],[140.01,-17.71],[139.11,-17.26],[138.95,-16.88],[138.11,-16.69],[137.56,-16.17],[137.26,-16.11],[136.91,-15.85],[136.63,-15.91],[136.61,-15.79],[136.11,-15.46],[136.09,-15.34],[135.35,-14.89],[135.33,-14.76],[135.59,-14.56],[135.57,-14.44],[135.7,-14.37],[135.68,-14.24],[135.82,-14.18],[135.98,-13.79],[135.96,-13.66],[135.73,-13.6],[135.86,-13.47],[135.83,-13.28],[136.42,-13.28],[136.4,-13.15],[136.53,-13.09],[136.42,-12.83],[136.57,-12.83],[136.82,-12.51],[136.78,-12.19],[136.48,-12.19],[136.45,-11.93],[136.08,-11.93],[136.03,-12.12],[136.14,-12.38],[136,-12.38],[135.89,-12.12],[135.74,-12.12],[135.71,-11.86],[135.42,-11.93],[135.44,-12.06],[135.22,-12.06],[135.16,-12.19],[134.87,-12.19],[134.69,-11.93],[134.27,-12.06],[133.8,-11.86],[133.78,-11.67],[133.5,-11.8],[133.34,-11.67],[133.05,-11.67],[132.86,-11.35],[132.59,-11.48],[132.53,-11.03],[132.32,-11.09],[132.34,-11.22],[131.81,-11.09],[131.69,-11.35],[131.93,-11.54],[132.37,-11.54],[132.46,-11.67],[132.45,-12.12],[132.3,-12.12],[132.24,-12.25],[131.36,-12.25],[131.2,-12.12],[130.91,-12.12],[130.86,-12.31],[130.71,-12.31],[130.73,-12.44],[130.36,-12.44],[130.39,-12.64],[130.24,-12.64],[130.19,-12.83],[129.93,-13.02],[130.12,-13.34],[129.63,-13.54],[129.61,-13.92],[129.34,-14.05],[129.29,-14.24],[129.16,-14.31],[129.27,-14.56],[129.42,-14.56],[129.52,-14.76],[129.5,-15.08],[129.24,-14.82],[129.09,-14.82],[129.04,-14.95],[128.71,-14.76],[128.42,-14.76],[128.28,-14.82],[128.31,-15.01],[128.09,-15.01],[128.03,-14.63],[127.26,-13.92],[127.04,-13.92],[126.87,-13.73],[126.65,-13.73],[126.69,-13.99],[126.56,-14.11],[125.87,-13.92],[125.82,-14.11],[125.82,-14.56],[125.65,-14.44],[125.15,-14.56],[125.03,-14.69],[125.15,-15.01],[124.86,-15.01],[124.75,-15.27],[124.53,-15.27],[124.49,-15.46],[124.2,-15.53],[124.26,-15.85],[124.45,-16.11],[124.23,-16.11],[124.27,-16.36],[124.03,-16.24],[123.74,-16.3],[123.72,-16.17],[123.43,-16.17],[123.54,-16.43],[123.33,-16.49],[123.36,-16.62],[123.55,-16.88],[123.7,-16.88],[123.72,-17.01],[123.41,-16.94],[123.49,-17.39],[123.04,-16.94],[122.93,-16.69],[122.94,-16.36],[122.8,-16.36],[122.64,-16.75],[122.36,-16.81],[121.98,-17.2],[122.05,-17.97],[122.22,-18.1],[122.03,-18.29],[121.75,-18.36],[121.44,-18.68],[121.5,-19],[121.06,-19.45],[120.32,-19.84],[120.03,-19.84],[119.83,-19.96],[118.86,-19.96],[118.63,-20.29],[118.11,-20.29],[117.51,-20.67],[116.53,-20.61],[116.35,-20.8],[116.05,-20.8],[115.81,-21.12],[115.66,-21.12],[115.29,-21.51],[114.52,-21.76],[114.27,-22.02],[114.11,-22.41],[113.99,-22.15],[114.01,-21.83],[113.78,-21.83],[113.47,-22.54],[113.65,-23.11],[113.62,-23.31],[113.18,-24.08],[113.47,-25.11],[114.01,-25.82],[114.05,-26.27],[113.86,-26.39],[113.79,-26.14],[113.64,-26.14],[113.43,-25.56],[113.2,-25.56],[113.34,-26.14],[113.51,-26.2],[113.67,-26.52],[113.53,-26.59],[113.3,-26.27],[113.07,-26.27],[113.14,-26.52],[113.76,-27.17],[113.97,-28.19],[114.28,-28.45],[114.62,-29.09],[114.81,-29.67],[114.73,-29.67],[114.75,-30.19],[114.86,-30.51],[115.57,-31.86],[115.6,-32.11],[115.46,-32.37],[115.54,-32.56],[115.36,-32.69],[115.54,-33.34],[115.21,-33.66],[114.75,-33.66],[114.7,-33.91],[114.88,-34.36],[115.37,-34.43],[115.77,-34.82],[116.34,-35.07],[117.84,-35.14],[117.81,-35.07],[118.24,-35.01],[118.31,-34.82],[118.59,-34.75],[118.79,-34.49],[119.41,-34.49],[119.42,-34.17],[119.98,-34.04],[119.95,-33.98],[120.72,-33.98],[120.69,-33.91],[121.15,-33.91],[121.13,-33.85],[121.92,-33.91],[121.98,-34.04],[122.49,-33.98],[122.77,-33.91],[122.98,-34.04],[123.49,-33.98],[124,-33.4],[123.95,-33.27],[124.09,-33.08],[124.8,-32.95],[125.98,-32.31],[127.08,-32.37],[127.91,-32.18],[128.14,-31.99],[129.15,-31.66],[130.82,-31.66],[130.92,-31.54],[131.15,-31.54],[132.16,-32.11],[132.56,-31.99],[133.06,-32.24],[133.49,-32.18],[133.7,-32.31],[133.74,-32.56],[134.05,-32.56],[133.86,-32.82],[134.11,-33.21],[134.42,-33.21],[134.66,-33.4],[134.77,-33.79],[134.96,-33.85],[135.21,-34.36],[135.2,-34.49],[134.94,-34.43],[134.95,-34.62],[135.11,-34.62],[135.32,-34.88],[135.8,-35.07],[135.97,-34.94],[135.76,-34.69],[135.85,-34.56],[136.17,-34.43],[136.4,-33.98],[136.68,-33.91],[136.69,-33.79],[137.2,-33.72],[137.27,-33.4],[137.5,-33.08],[137.64,-33.21],[137.75,-33.59],[137.66,-33.72],[137.51,-33.72],[137.28,-34.04],[137.37,-34.82],[137.28,-34.94],[136.74,-34.94],[136.65,-35.07],[136.71,-35.33],[137.02,-35.33],[137.1,-35.2],[137.64,-35.2],[137.73,-35.07],[137.66,-34.94],[137.79,-34.88],[137.73,-34.62],[137.99,-34.24],[138.36,-34.94],[138.27,-35.07],[138.34,-35.2],[138.21,-35.39],[138.06,-35.39],[138.05,-35.52],[137.89,-35.52],[137.88,-35.65],[138.54,-35.72],[138.5,-35.65],[138.86,-35.59],[138.99,-35.84],[139.3,-35.97],[139.69,-36.68],[139.53,-36.94],[139.52,-37.07],[139.79,-37.52],[140.33,-38.04],[140.96,-38.17],[141.27,-38.42],[142.29,-38.42],[143.09,-38.81],[143.6,-38.88],[143.98,-38.62],[143.98,-38.49],[144.6,-38.36],[144.8,-38.55],[145.04,-38.55],[145.23,-38.49],[145.36,-38.68],[145.63,-38.75],[145.76,-38.94],[146.08,-38.94],[146.25,-39.2],[146.41,-39.2],[146.35,-38.88],[146.15,-38.81],[146.93,-38.68],[147.23,-38.42],[147.22,-38.29],[147.6,-38.04],[148.03,-37.97],[147.99,-37.91],[149.44,-37.84],[149.55,-37.65],[149.89,-37.58],[149.97,-37.33],[149.8,-37.07],[150.03,-36.68],[149.95,-36.42],[150.07,-36.36],[150.03,-36.04],[150.23,-35.84],[150.15,-35.72],[150.43,-35.27],[150.66,-35.27],[150.59,-35.14],[150.82,-35.14],[150.63,-34.94],[150.79,-34.69],[150.61,-34.49],[150.84,-34.49],[150.92,-34.24],[151.01,-34.11],[151.28,-33.91],[151.19,-33.59],[151.34,-33.59],[151.31,-33.4],[151.4,-33.27],[151.55,-33.27],[151.68,-32.95],[152.03,-32.89],[152.08,-32.69],[152.52,-32.5],[152.44,-32.05],[152.64,-31.99],[152.85,-31.66],[152.85,-31.34],[152.97,-31.28],[152.95,-30.44],[153.12,-30.32],[153.06,-30.19],[153.2,-29.99],[153.19,-29.48],[153.32,-29.42],[153.26,-29.29],[153.38,-29.22],[153.33,-29.09],[153.45,-29.03],[153.4,-28.9],[153.51,-28.64],[152.95,-27.23],[153.08,-27.17],[153.08,-26.97],[152.93,-26.33],[153.09,-26.14],[152.81,-25.75],[152.81,-25.3],[152.47,-25.17],[152.35,-24.79],[151.99,-24.59],[151.69,-24.08],[151.19,-23.89],[151.08,-23.5],[150.71,-23.5],[150.63,-22.92],[150.71,-22.92],[150.56,-22.34],[150.33,-22.34],[150.22,-22.47],[149.91,-22.15],[149.76,-22.15],[149.84,-22.47],[149.7,-22.47],[149.5,-22.28],[149.3,-21.76],[149.37,-21.76],[149.38,-21.51],[149.23,-21.51],[149.11,-21.31],[149.02,-20.93],[148.71,-20.86],[148.63,-20.54],[148.78,-20.54],[148.72,-20.29],[148.47,-20.16],[148.44,-20.03],[148.16,-20.09],[147.77,-19.71],[147.57,-19.77],[147.4,-19.39],[147.03,-19.39],[147,-19.26],[146.45,-19.13],[146.19,-18.94],[146.29,-18.74],[146.24,-18.49],[146.12,-18.29],[145.97,-18.29],[145.93,-18.1],[146.08,-17.78],[145.91,-17.33],[145.88,-16.88],[145.66,-16.88],[145.36,-16.49],[145.32,-16.3],[145.44,-16.17],[145.16,-15.08],[145.29,-15.01],[145.27,-14.89],[144.96,-14.82],[144.62,-14.56],[144.42,-14.24],[144.05,-14.24]]],[[[130.89,-11.35],[130.21,-11.22],[130.02,-11.41],[129.92,-11.86],[130.66,-11.93],[131.03,-11.93],[131.36,-11.67],[131.38,-11.22],[131.02,-11.22],[130.89,-11.35]]],[[[142.43,-3.25],[141.23,-2.61],[140.8,-2.61],[140.57,-2.41],[139.55,-2.29],[137.99,-1.51],[137.41,-1.51],[136.98,-1.77],[136.99,-2.09],[136.2,-2.22],[136.13,-2.48],[136.28,-2.41],[137.32,-2.93],[138.49,-3.12],[140.04,-3.57],[140.19,-3.64],[140.5,-4.15],[140.87,-4.21],[140.88,-4.34],[141.61,-4.34],[141.76,-4.41],[141.69,-4.54],[142.13,-4.54],[142.35,-4.6],[142.36,-4.73],[142.57,-4.66],[143.09,-4.86],[143.1,-4.99],[144.07,-5.31],[144.23,-5.5],[144.68,-5.69],[144.91,-5.89],[144.85,-6.01],[145.14,-6.08],[145.31,-6.34],[145.45,-6.34],[146,-6.79],[146.01,-6.91],[145.81,-7.11],[144.34,-7.04],[143.83,-6.98],[143.89,-6.85],[142.8,-6.85],[142.79,-6.72],[142.5,-6.79],[140.94,-6.4],[140.86,-6.4],[140.73,-6.53],[140.75,-6.85],[140.91,-6.98],[140.96,-7.56],[140.88,-7.56],[140.96,-8.39],[140.89,-8.39],[140.89,-9.16],[140.89,-9.23],[142.14,-9.23],[142.66,-9.36],[143,-9.1],[143.28,-9.04],[143.34,-8.91],[143.25,-8.65],[143.55,-8.78],[143.53,-8.59],[143.37,-8.46],[142.94,-8.46],[142.92,-8.33],[143.5,-8.26],[143.48,-8.07],[143.78,-8.07],[143.83,-7.81],[144.19,-7.81],[144.39,-7.62],[144.69,-7.69],[144.7,-7.81],[144.85,-7.88],[145.74,-8.01],[146.14,-8.33],[146.51,-9.1],[146.73,-9.16],[146.84,-9.49],[147.3,-9.68],[147.33,-9.94],[147.57,-10.13],[149.65,-10.39],[149.91,-10.71],[150.56,-10.64],[150.43,-10.19],[149.75,-10],[149.73,-9.81],[149.95,-9.81],[149.92,-9.61],[149.18,-9.49],[149.2,-9.04],[149.12,-8.97],[148.47,-9.04],[148.36,-8.65],[148.13,-8.52],[148.08,-8.07],[147.78,-8.01],[147.07,-7.36],[146.88,-6.79],[147.82,-6.72],[147.79,-6.34],[147.39,-5.95],[146.96,-5.95],[146.8,-5.76],[146.35,-5.56],[145.68,-5.44],[145.72,-4.86],[145.56,-4.6],[145.33,-4.41],[144.96,-4.34],[144.88,-4.15],[144.58,-4.02],[144.35,-3.76],[143.91,-3.76],[143.53,-3.44],[143.16,-3.31],[142.43,-3.25]]],[[[145.7,-4.6],[145.79,-4.79],[146,-4.66],[145.92,-4.54],[145.7,-4.6]]],[[[136.4,-1.64],[135.37,-1.58],[135.38,-1.71],[135.67,-1.77],[136.19,-1.96],[136.69,-1.84],[136.69,-1.71],[136.4,-1.64]]],[[[134.7,-1],[134.63,-1.13],[134.85,-1.19],[134.85,-0.94],[134.7,-1]]],[[[133.7,-1.51],[133.99,-1.58],[134.21,-1.51],[134.12,-1.13],[134.05,-1.13],[133.97,-0.74],[133.17,-0.68],[132.72,-0.36],[132.07,-0.36],[131.57,-0.68],[131.71,-0.81],[132.59,-0.87],[133.25,-1.19],[133.33,-1.32],[133.62,-1.39],[133.7,-1.51]]],[[[135.36,-0.87],[135.65,-0.87],[135.64,-0.68],[135.28,-0.61],[135.21,-0.74],[135.36,-0.87]]],[[[148.18,-40.17],[148.2,-39.97],[147.83,-39.78],[147.68,-39.91],[148,-40.36],[148.06,-40.56],[148.38,-40.56],[148.18,-40.17]]],[[[153.4,-11.67],[153.62,-11.67],[153.6,-11.48],[153.06,-11.29],[153.18,-11.61],[153.4,-11.67]]],[[[152.62,-10.77],[152.68,-10.64],[152.53,-10.58],[152.47,-10.71],[152.62,-10.77]]],[[[150.83,-10.51],[150.69,-10.51],[150.64,-10.71],[150.93,-10.71],[150.83,-10.51]]],[[[150.14,-9.55],[150.35,-9.49],[150.37,-9.68],[150.59,-9.68],[150.61,-9.87],[150.77,-10],[150.87,-10.19],[151.23,-10.13],[151.2,-9.94],[150.76,-9.87],[150.79,-9.49],[150.71,-9.42],[150.26,-9.36],[150.17,-9.16],[149.95,-9.23],[149.97,-9.42],[150.14,-9.55]]],[[[152.58,-9.16],[152.66,-9.29],[152.81,-9.29],[152.85,-9.04],[152.48,-8.91],[152.42,-9.04],[152.58,-9.16]]],[[[150.98,-8.59],[151.03,-8.39],[150.89,-8.39],[150.84,-8.59],[150.98,-8.59]]],[[[147.75,-5.82],[147.83,-5.95],[147.97,-5.89],[147.95,-5.56],[147.58,-5.5],[147.59,-5.69],[147.75,-5.82]]],[[[146.98,-5.18],[146.84,-5.31],[147.08,-5.56],[147.13,-5.24],[146.98,-5.18]]],[[[151.65,-4.15],[151.37,-4.28],[151.55,-4.86],[151.05,-4.99],[150.92,-5.31],[150.64,-5.5],[150.06,-5.5],[149.97,-5.31],[149.76,-5.31],[149.77,-5.5],[149.48,-5.56],[148.38,-5.44],[148.16,-5.5],[148.26,-5.82],[148.71,-5.95],[148.94,-6.21],[149.3,-6.14],[149.47,-6.34],[150.34,-6.34],[150.69,-6.08],[151.12,-6.01],[151.39,-5.76],[151.38,-5.56],[152.03,-5.5],[151.92,-5.05],[152.28,-4.92],[152.33,-4.54],[151.96,-4.54],[151.81,-4.41],[151.88,-4.28],[151.65,-4.15]]],[[[149.82,-5.24],[149.9,-5.24],[150.11,-5.11],[150.1,-4.99],[149.82,-5.11],[149.82,-5.24]]]]},"properties":{"NAME":"Commonwealth of Australia","C":3,"name":"Commonwealth of Australia","start_year":1945,"end_year":1945,"capital":"","type":"polity","region":"","event":"","source":"Cliopatria / Seshat Global History Databank (CC BY 4.0)","wikipedia":"Australia","wikidata":"Q408","_a":2577,"_c":[142.82,-22.02],"_nz":"澳大利亚联邦","_sz":""}},
{"type":"Feature","geometry":{"type":"Polygon","coordinates":[[[105.81,41.98],[106.86,42.3],[107.81,42.43],[109.33,42.43],[110.28,42.69],[110.82,43.21],[111.89,43.67],[111.96,43.8],[111.75,44.12],[111.59,44.12],[111.55,44.32],[111.39,44.32],[111.78,44.97],[112.02,45.1],[112.95,44.91],[113.12,44.78],[113.69,44.78],[114.74,45.43],[115.19,45.37],[115.88,45.56],[116.13,45.69],[116.47,46.22],[116.72,46.35],[117.13,46.35],[117.42,46.55],[118.62,46.74],[119.11,46.74],[119.27,46.61],[119.8,46.68],[119.94,46.87],[119.74,47.07],[119.75,47.2],[119.47,47.27],[119.48,47.4],[119.32,47.53],[119.03,47.6],[119.04,47.73],[118.64,47.86],[118.48,47.99],[117.74,47.99],[117.31,47.73],[116.99,47.86],[116.16,47.86],[115.87,47.8],[115.58,47.86],[115.42,47.99],[116.68,49.78],[116.45,49.91],[116.5,49.98],[115.36,49.91],[115.41,49.98],[115,50.11],[114.85,50.25],[114.01,50.25],[113.26,49.91],[112.73,49.52],[111.22,49.38],[110.75,49.18],[108.59,49.32],[108.26,49.58],[107.97,49.65],[107.9,49.91],[107.78,49.98],[107.28,49.98],[107.32,50.05],[106.46,50.38],[104.9,50.45],[104.05,50.18],[103.3,50.18],[103.22,50.31],[102.88,50.31],[102.8,50.45],[102.3,50.58],[102.31,50.85],[102.06,51.11],[102.16,51.25],[101.91,51.51],[101.32,51.51],[100.94,51.58],[100.78,51.71],[100.1,51.71],[100.14,51.78],[99.39,51.92],[99.31,52.05],[98.93,52.12],[98.79,51.92],[98.14,51.58],[97.84,51.11],[97.88,50.78],[97.96,50.65],[98.3,50.38],[98.13,50.11],[97.43,49.78],[97.01,49.78],[96.92,49.91],[96.42,49.91],[96.46,49.98],[94.87,49.98],[94.91,50.05],[94.4,50.18],[94.23,50.31],[94.13,50.58],[93.12,50.58],[93.16,50.65],[92.27,50.85],[90.45,50.18],[90.2,50.18],[89.63,49.91],[89.61,49.71],[89,49.52],[88.33,49.52],[87.78,49.12],[87.73,48.85],[87.9,48.85],[88.06,48.52],[88.31,48.52],[88.32,48.39],[88.67,48.26],[88.64,48.19],[88.94,48.13],[89.03,47.99],[89.61,47.99],[89.71,47.86],[90.17,47.8],[91.01,46.68],[90.91,46.15],[90.99,46.15],[90.58,45.63],[90.59,45.5],[90.74,45.3],[90.91,45.3],[91.01,45.17],[91.79,45.1],[91.75,45.04],[93.59,44.97],[93.8,44.91],[93.95,44.71],[94.45,44.58],[94.71,44.45],[94.81,44.32],[95.34,44.25],[95.32,44.06],[95.53,43.99],[95.77,43.67],[95.71,43.54],[95.84,43.47],[95.77,43.34],[95.87,43.21],[96.03,43.21],[96.05,43.08],[96.21,43.08],[96.32,42.82],[96.48,42.82],[96.58,42.69],[97.73,42.76],[97.7,42.69],[98.15,42.63],[98.95,42.63],[98.92,42.56],[101.56,42.56],[101.81,42.43],[101.83,42.3],[102.32,42.17],[102.29,42.11],[103.26,41.98],[103.23,41.91],[103.75,41.85],[103.72,41.78],[104.47,41.85],[104.53,41.65],[104.81,41.59],[105.81,41.98]]]},"properties":{"NAME":"Mongolian People's Republic","C":7,"name":"Mongolian People's Republic","start_year":1945,"end_year":1945,"capital":"","type":"polity","region":"","event":"","source":"Cliopatria / Seshat Global History Databank (CC BY 4.0)","wikipedia":"Mongolian People's Republic","wikidata":"Q212056","_a":339,"_c":[103.84,46.86],"_nz":"蒙古人民共和国","_sz":""}},
{"type":"Feature","geometry":{"type":"MultiPolygon","coordinates":[[[[22.87,36.16],[23.11,36.16],[23.12,36.35],[22.89,36.42],[22.87,36.16]]],[[[24.2,37.64],[24.27,37.51],[24.43,37.58],[24.36,37.71],[24.2,37.64]]],[[[20.61,37.71],[20.92,37.64],[20.93,37.9],[20.62,37.9],[20.61,37.71]]],[[[24.69,38.03],[24.68,37.84],[24.83,37.71],[25.07,37.77],[24.77,38.03],[24.69,38.03]]],[[[20.33,38.35],[20.32,38.16],[20.79,38.09],[20.8,38.29],[20.57,38.42],[20.33,38.35]]],[[[24.36,38.87],[24.66,38.74],[24.67,38.93],[24.36,39],[24.36,38.87]]],[[[23.56,38.74],[23.63,38.48],[23.31,38.48],[23.17,38.67],[22.94,38.74],[23.03,38.93],[23.33,38.8],[23.49,38.87],[22.96,39.13],[22.8,39.06],[22.82,39.38],[23.14,39.45],[22.61,39.9],[22.7,40.1],[22.54,40.1],[22.57,40.55],[22.89,40.61],[22.96,40.42],[23.74,40.23],[23.84,40.55],[23.68,40.61],[23.7,40.81],[24.01,40.74],[24.35,41],[24.82,40.94],[25.38,41],[26.08,40.87],[26.08,40.81],[26.24,40.81],[26.34,41.13],[26.6,41.33],[26.61,41.52],[26.31,41.72],[26.07,41.72],[26.13,41.39],[25.72,41.26],[24.69,41.39],[24.55,41.59],[24.15,41.59],[23.18,41.33],[22.94,41.39],[22.53,41.13],[22.05,41.13],[21.08,40.74],[20.99,40.55],[20.74,40.42],[20.65,40.16],[20.41,40.03],[20.32,39.77],[20.15,39.71],[20.15,39.64],[20.45,39.26],[20.91,39.06],[20.74,38.8],[20.97,38.74],[21.19,38.42],[21.74,38.35],[21.73,38.16],[21.42,38.16],[21.24,37.84],[21.7,37.51],[21.6,37.19],[21.68,37.19],[21.74,36.87],[21.9,36.87],[21.91,37.06],[22.22,37.06],[22.36,36.67],[22.51,36.67],[22.6,36.87],[22.83,36.87],[23.06,36.67],[22.85,37.25],[22.7,37.32],[22.71,37.58],[22.95,37.58],[23.18,37.45],[23.17,37.32],[23.4,37.32],[23.34,37.64],[23.11,37.64],[23.04,37.9],[23.2,37.9],[23.21,38.03],[23.44,38.03],[23.98,37.84],[24,38.22],[24.16,38.22],[24.18,38.55],[24.03,38.67],[23.56,38.74]],[[22.91,38.22],[22.97,37.96],[22.66,37.96],[22.59,38.16],[22.44,38.22],[22.44,38.29],[22.29,38.42],[22.6,38.42],[22.51,38.22],[22.84,38.35],[22.91,38.22]]],[[[24.55,40.55],[24.79,40.61],[24.81,40.81],[24.49,40.81],[24.55,40.55]]],[[[24.16,35.52],[23.62,35.52],[23.68,35.26],[24.45,35.19],[24.76,35.19],[24.82,35],[26.14,35.07],[26.23,35.19],[25.68,35.13],[25.69,35.32],[24.3,35.32],[24.15,35.39],[24.16,35.52]]],[[[27.74,35.9],[28.14,36.03],[28.25,36.48],[28.02,36.48],[27.69,36.29],[27.74,35.9]]],[[[27.12,36.93],[27.04,36.93],[26.87,36.67],[27.19,36.8],[27.12,36.93]]],[[[25.34,37.13],[25.33,37],[25.56,37],[25.57,37.13],[25.34,37.13]]],[[[25.05,37.51],[25.29,37.51],[25.22,37.71],[24.99,37.71],[25.05,37.51]]],[[[26.08,37.71],[25.99,37.51],[26.3,37.58],[26.31,37.71],[26.08,37.71]]],[[[26.56,37.84],[26.62,37.64],[27.01,37.64],[27.03,37.84],[26.56,37.84]]],[[[25.88,38.16],[26.11,38.16],[26.22,38.55],[25.91,38.67],[25.88,38.16]]],[[[26.09,39],[26.25,38.93],[26.64,39],[26.51,39.32],[26.04,39.38],[25.79,39.19],[26.1,39.13],[26.09,39]]],[[[25.07,40.03],[24.97,39.84],[25.45,39.84],[25.46,40.03],[25.07,40.03]]]]},"properties":{"NAME":"Kingdom of Greece","C":9,"name":"Kingdom of Greece","start_year":1945,"end_year":1945,"capital":"","type":"polity","region":"","event":"","source":"Cliopatria / Seshat Global History Databank (CC BY 4.0)","wikipedia":"Kingdom of Greece","wikidata":"Q209065","_a":57,"_c":[24.01,38.36],"_nz":"希腊王国","_sz":""}},
{"type":"Feature","geometry":{"type":"MultiPolygon","coordinates":[[[[-51.7,4.14],[-51.78,4.66],[-52,4.66],[-52.15,4.79],[-52.59,5.04],[-52.89,5.49],[-53.99,5.75],[-54.06,5.75],[-54.12,5.36],[-54.41,5.17],[-54.48,4.98],[-54.47,4.14],[-54.32,3.82],[-54.1,3.69],[-54.1,3.37],[-54.24,3.24],[-54.24,2.79],[-54.46,2.41],[-54.61,2.34],[-54.31,2.09],[-54.02,2.28],[-53.51,2.28],[-53.29,2.15],[-52.86,2.28],[-52.5,2.79],[-52.35,3.31],[-51.99,3.56],[-51.7,4.14]]],[[[-60.97,14.88],[-61.19,14.88],[-61.08,14.49],[-60.78,14.43],[-60.81,14.75],[-60.97,14.88]]],[[[-61.58,15.91],[-61.46,16.16],[-61.17,16.23],[-61.35,16.49],[-61.49,16.49],[-61.48,16.36],[-61.77,16.29],[-61.74,15.97],[-61.58,15.91]]],[[[9.49,42.76],[9.49,43.02],[9.25,43.02],[9.17,42.76],[8.77,42.69],[8.53,42.5],[8.54,42.11],[8.7,41.91],[8.62,41.72],[8.78,41.72],[8.78,41.52],[9.1,41.33],[9.26,41.39],[9.5,41.78],[9.58,41.98],[9.57,42.76],[9.49,42.76]]],[[[5.84,49.58],[5.34,49.58],[5.25,49.71],[4.83,49.85],[4.74,50.11],[4.49,49.98],[4.15,49.98],[4.14,50.25],[3.97,50.38],[3.55,50.38],[3.11,50.78],[2.6,50.78],[2.49,51.18],[1.66,51.05],[1.42,50.71],[1.45,50.25],[1.05,49.98],[0.22,49.85],[-0.01,49.65],[0.01,49.38],[-1.25,49.45],[-1.36,49.78],[-2.03,49.78],[-1.91,49.38],[-1.65,49.25],[-1.72,49.05],[-1.6,48.65],[-2.52,48.72],[-2.76,48.59],[-3.12,48.92],[-3.46,48.92],[-3.85,48.72],[-4.6,48.72],[-4.91,48.52],[-4.89,48.32],[-4.64,48.32],[-4.55,48.19],[-4.71,48.13],[-4.69,47.99],[-4.42,47.8],[-3.93,47.86],[-3.76,47.73],[-3.34,47.73],[-3.16,47.47],[-2.84,47.6],[-2.83,47.47],[-2.58,47.47],[-2.56,47.27],[-2.23,47.27],[-2.14,47.14],[-2.19,46.81],[-2.02,46.74],[-2.01,46.61],[-1.67,46.35],[-1.25,46.28],[-1.21,45.76],[-1.05,45.69],[-1.03,45.5],[-1.19,45.43],[-1.25,45.17],[-1.21,44.52],[-1.27,44.25],[-1.35,44.25],[-1.32,43.86],[-1.4,43.86],[-1.46,43.54],[-1.69,43.41],[-1.69,43.34],[-1.44,43.28],[-1.43,43.08],[-1.03,43.08],[-0.53,42.82],[-0.21,42.82],[0.04,42.69],[1.07,42.82],[1.49,42.63],[1.73,42.63],[1.81,42.56],[2.46,42.37],[3.09,42.5],[3.01,42.56],[2.98,43.15],[3.85,43.6],[4.17,43.6],[4.18,43.47],[5.06,43.47],[5.39,43.41],[5.39,43.28],[5.63,43.28],[5.8,43.15],[6.28,43.15],[6.6,43.28],[6.67,43.47],[7.47,43.8],[7.55,43.8],[7.63,44.19],[7.3,44.12],[6.98,44.25],[6.89,44.65],[6.97,44.84],[6.64,44.97],[6.71,45.17],[7.12,45.3],[7.11,45.5],[6.78,45.69],[6.78,45.82],[6.94,45.96],[6.85,46.28],[6.68,46.41],[6.27,46.41],[6.03,46.22],[6.03,46.48],[6.67,47.07],[6.99,47.27],[6.98,47.53],[7.4,47.47],[7.48,47.6],[7.97,47.53],[8.47,47.6],[8.55,47.73],[8.96,47.73],[9.54,47.6],[9.62,47.53],[9.54,47.27],[9.63,47.14],[9.96,46.87],[10.45,46.87],[10.94,46.74],[11.19,47.01],[12.18,47.07],[12.18,47.27],[12.51,47.4],[12.51,47.66],[11.6,47.6],[11.19,47.4],[10.45,47.6],[10.37,47.33],[10.12,47.33],[9.87,47.53],[10.03,48.13],[9.87,48.26],[9.86,48.46],[10.11,48.65],[10.11,48.99],[9.86,49.18],[9.77,49.52],[9.19,49.71],[9.19,49.58],[9.02,49.45],[8.77,49.45],[8.77,49.58],[8.35,49.58],[8.18,49.85],[7.76,49.85],[7.67,50.11],[7.92,50.31],[7.58,50.51],[7.66,50.91],[7.4,51.05],[7.07,50.78],[6.99,50.58],[6.82,50.58],[6.74,50.45],[6.32,50.45],[6.32,50.31],[6.08,50.18],[6.17,49.91],[6.34,49.85],[6.35,49.52],[6.1,49.45],[5.84,49.58]]],[[[-56.49,47.07],[-56.44,46.94],[-56.27,46.94],[-56.27,47.14],[-56.49,47.07]]]]},"properties":{"NAME":"French Fourth Republic","C":8,"name":"French Fourth Republic","start_year":1945,"end_year":1945,"capital":"","type":"polity","region":"","event":"","source":"Cliopatria / Seshat Global History Databank (CC BY 4.0)","wikipedia":"French Fourth Republic","wikidata":"Q69829","_a":3798,"_c":[-24.17,27.34],"_nz":"法兰西第四共和国","_sz":""}},
{"type":"Feature","geometry":{"type":"Polygon","coordinates":[[[6.7,52.05],[6.95,52.25],[6.94,52.38],[6.68,52.52],[6.68,52.65],[7.02,52.72],[7.18,53.26],[7.09,53.26],[6.74,53.53],[5.54,53.39],[5.21,53.12],[5.39,52.99],[5.39,52.86],[5.14,52.79],[5.06,52.65],[4.79,52.99],[4.53,52.86],[4.38,52.38],[3.81,51.92],[3.74,51.65],[3.4,51.65],[3.41,51.45],[3.5,51.25],[4.01,51.25],[4.34,51.45],[5.02,51.45],[5.37,51.25],[5.71,51.18],[5.72,50.78],[5.97,50.78],[5.96,51.18],[6.2,51.51],[5.94,51.71],[5.94,51.85],[6.53,51.85],[6.7,51.98],[6.7,52.05]]]},"properties":{"NAME":"Netherlands","C":4,"name":"Netherlands","start_year":1945,"end_year":1949,"capital":"","type":"polity","region":"","event":"","source":"Cliopatria / Seshat Global History Databank (CC BY 4.0)","wikipedia":"Netherlands","wikidata":"Q55","_a":10,"_c":[5.29,52.16],"_nz":"荷兰","_sz":""}},
{"type":"Feature","geometry":{"type":"MultiPolygon","coordinates":[[[[18.03,57.56],[18.08,56.94],[18.34,56.94],[18.45,57.21],[18.91,57.42],[18.84,57.7],[19.03,57.83],[19.05,57.97],[18.6,57.97],[18.23,57.83],[18.03,57.56]]],[[[11.1,59.09],[11.18,58.39],[11.45,58.32],[11.45,58.11],[11.71,58.11],[11.79,57.42],[12.06,57.35],[12.14,57.08],[12.41,56.94],[12.4,56.8],[12.75,56.66],[12.57,56.52],[12.66,56.32],[12.48,56.32],[12.48,56.11],[12.91,55.77],[12.9,55.57],[12.73,55.5],[12.81,55.36],[14.3,55.36],[14.23,55.91],[14.76,55.98],[14.77,56.18],[15.82,56.11],[16.09,56.25],[16.44,56.25],[16.72,56.52],[16.74,56.8],[17.12,57.28],[16.95,57.42],[16.76,57.08],[16.48,56.87],[16.5,57.28],[16.69,57.42],[16.61,57.7],[16.63,57.9],[16.81,58.04],[16.85,58.6],[17.13,58.74],[17.49,58.74],[17.5,58.88],[17.95,58.88],[18.14,59.09],[18.41,59.09],[18.35,59.43],[18.63,59.5],[18.83,59.71],[19.01,59.71],[19.03,60],[18.78,60.21],[18.5,60.21],[18.61,60.42],[17.26,60.77],[17.19,60.98],[17.24,61.69],[17.51,61.69],[17.36,62.05],[17.55,62.19],[17.56,62.33],[17.96,62.62],[17.98,62.83],[18.35,62.83],[18.47,63.12],[18.75,63.12],[19.14,63.26],[19.35,63.48],[19.73,63.48],[19.83,63.62],[20.41,63.7],[20.62,63.91],[20.81,63.91],[21.14,64.28],[21.54,64.42],[21.47,64.64],[21.28,64.64],[21.21,64.93],[21.62,65.08],[21.65,65.37],[21.76,65.44],[22.44,65.52],[22.38,65.81],[23.82,65.74],[24.03,65.81],[24.06,66.03],[23.7,66.25],[23.9,66.92],[23.55,67.15],[23.69,67.44],[23.41,67.52],[23.58,68.05],[23.41,68.2],[23.04,68.35],[21.87,68.57],[21.51,68.8],[21.12,68.88],[20.95,69.11],[20.24,69.03],[20.21,68.8],[19.96,68.42],[18.09,68.57],[18.05,68.12],[17.05,68.05],[16.73,67.74],[16.23,67.59],[16.12,67.44],[16.4,67.3],[16.38,67.07],[15.78,66.77],[15.26,66.25],[14.57,66.11],[14.54,65.44],[14.04,65.08],[14.03,64.93],[13.64,64.71],[14.2,64.35],[14.1,64.13],[12.76,64.06],[12.19,63.77],[12.09,63.55],[12.18,63.19],[12.07,62.62],[12.25,62.4],[12.14,61.76],[12.78,61.41],[12.78,61.19],[12.31,60.98],[12.31,60.77],[12.49,60.7],[12.57,60.35],[12.38,60.07],[11.83,59.85],[11.74,59.71],[11.73,59.29],[11.64,58.95],[11.1,59.09]]]]},"properties":{"NAME":"Kingdom of Sweden","C":0,"name":"Kingdom of Sweden","start_year":1945,"end_year":2023,"capital":"","type":"polity","region":"","event":"","source":"Cliopatria / Seshat Global History Databank (CC BY 4.0)","wikipedia":"Sweden","wikidata":"Q34","_a":178,"_c":[17.58,62.24],"_nz":"瑞典王国","_sz":""}},
{"type":"Feature","geometry":{"type":"MultiPolygon","coordinates":[[[[36.37,45.1],[36.42,45.43],[35.02,45.3],[34.99,45.63],[34.74,45.63],[34.54,45.96],[34.15,46.09],[33.74,46.02],[33.71,45.82],[33.04,45.69],[32.6,45.43],[32.92,45.43],[33.61,45.1],[33.52,44.45],[33.93,44.45],[34.38,44.78],[35.3,44.97],[35.41,45.17],[35.73,45.17],[35.88,45.04],[36.37,45.1]]],[[[23.23,58.6],[22.25,58.67],[22.15,58.53],[21.88,58.53],[21.85,58.25],[22.02,58.18],[21.9,57.9],[22.08,57.9],[22.29,58.18],[23.12,58.39],[23.23,58.6]]],[[[22.49,59.16],[22.2,59.02],[22.19,58.88],[22.35,58.74],[22.71,58.74],[22.9,58.81],[22.84,59.09],[22.49,59.16]]],[[[35.56,65.22],[35.5,65],[36.09,65.08],[36.13,65.22],[35.56,65.22]]],[[[48.61,69.56],[48.24,69.41],[48.11,68.88],[48.34,68.73],[48.84,68.73],[49.7,68.88],[50.01,69.11],[50.21,69.11],[50.32,69.33],[49.49,69.49],[49.52,69.56],[48.61,69.56]]],[[[51.44,80.19],[50.97,80.19],[50.65,79.91],[51.35,79.91],[51.44,80.19]]],[[[47.63,80.47],[47.16,80.47],[47.09,80.19],[47.56,80.19],[47.63,80.47]]],[[[53.94,80.37],[53.89,80.47],[52.95,80.47],[52.73,80.19],[53.79,80.19],[53.94,80.37]]],[[[57.98,80.56],[56.37,80.47],[56.06,80.09],[58.18,80.09],[58.89,80.37],[59.05,80.56],[57.98,80.56]]],[[[48.43,80.94],[48.23,80.65],[48.34,80.47],[48.04,80.37],[47.85,80.09],[48.67,80.09],[49.1,80.37],[50.47,80.47],[50.93,80.94],[50.64,81.04],[49.62,80.94],[49.42,80.65],[48.59,80.65],[48.72,80.84],[48.43,80.94]]],[[[47.53,80.84],[46.05,80.75],[45.98,80.47],[47.22,80.56],[47.53,80.84]]],[[[51.72,80.56],[51.81,80.84],[50.98,80.84],[50.77,80.56],[51.72,80.56]]],[[[54.9,80.84],[55.97,80.84],[55.86,80.56],[57.83,80.65],[58.07,80.94],[56.72,81.04],[56.8,81.13],[57.88,81.13],[58.33,81.53],[57.57,81.63],[56.93,81.43],[56.68,81.13],[55.13,81.13],[54.9,80.84]]],[[[141.46,51.98],[141.35,52.05],[141.56,52.25],[141.2,52.32],[141.23,52.52],[141.35,52.72],[141.11,52.99],[141.46,53.33],[140.92,53.46],[140.99,53.53],[140.7,53.66],[140.77,53.73],[140.21,53.94],[140.25,54.14],[140.03,54.34],[138.73,54.34],[138.1,53.73],[137.27,53.6],[137.86,54],[137.32,54.07],[137.69,54.34],[137.26,54.34],[136.98,54.07],[137.03,53.87],[136.68,53.87],[136.91,54.34],[136.81,54.41],[136.95,54.55],[136.92,54.68],[135.62,54.68],[135.34,54.75],[135.2,54.95],[137.43,55.98],[138.06,56.39],[138.67,57.01],[139.51,57.35],[140,57.7],[140.34,57.77],[140.9,58.39],[141.77,58.74],[142.02,59.02],[143.08,59.36],[145.07,59.43],[145.53,59.36],[145.89,59.22],[146.26,59.16],[146.43,59.36],[148.33,59.36],[148.61,59.22],[148.97,59.43],[149.15,59.71],[149.42,59.78],[150.42,59.57],[150.33,59.5],[151.42,59.57],[151.33,59.5],[151.68,59.36],[151.23,59.16],[151.05,59.02],[151.23,58.88],[152.04,58.88],[152.22,59.02],[152.85,58.88],[153.03,59.09],[153.4,59.22],[154.21,59.09],[154.4,59.22],[154.93,59.16],[155.22,59.43],[154.87,59.57],[154.14,59.5],[154.42,59.71],[154.25,59.85],[154.83,60.35],[155.49,60.56],[157.1,61.69],[158.98,61.9],[159.69,61.69],[160.28,61.9],[160.25,61.69],[159.82,61.34],[159.67,60.98],[160.23,61.05],[159.99,60.63],[160.17,60.63],[160.74,60.77],[162.27,61.62],[162.73,61.62],[163,61.55],[163.42,61.83],[163.07,61.9],[163.24,62.26],[163.47,62.47],[163.3,62.55],[164.55,62.69],[164.61,62.55],[164.2,62.4],[163.86,62.12],[164.01,61.97],[163.64,61.55],[163.62,61.41],[163.88,61.34],[163.35,60.98],[163.06,60.91],[162.66,60.7],[161.99,60.56],[161.57,60.14],[160.87,59.71],[160.5,59.64],[159.53,58.95],[159.61,58.88],[159.23,58.6],[158.4,58.18],[157.67,58.04],[157.4,57.83],[156.86,57.9],[156.68,57.7],[156.94,57.49],[156.85,57.35],[155.7,56.52],[155.62,56.32],[155.71,56.18],[155.54,56.05],[155.63,55.84],[155.47,55.57],[155.56,55.43],[155.39,55.29],[155.5,55.02],[155.43,54.68],[155.61,54.68],[155.55,54.27],[155.73,54.27],[155.68,53.87],[155.77,53.8],[155.86,52.99],[155.95,52.99],[155.91,52.65],[156.17,52.59],[156.11,52.38],[156.22,52.25],[156.3,51.71],[156.41,51.58],[156.39,51.25],[156.61,50.98],[156.78,50.98],[158.3,51.98],[158.59,52.38],[158.47,52.65],[158.78,52.99],[159.52,53.26],[159.96,53.12],[160.13,53.26],[159.85,53.46],[159.99,54],[159.9,54.07],[160.06,54.21],[160.74,54.55],[161.7,54.48],[162.21,54.89],[162.12,55.09],[161.95,55.23],[161.77,55.23],[161.86,55.57],[161.77,55.7],[161.95,55.98],[162.58,56.46],[162.49,56.25],[162.57,56.05],[163.01,56.05],[163.46,56.39],[163.3,56.59],[163.31,56.8],[162.78,56.87],[162.89,57.21],[162.71,57.28],[163.38,57.83],[163.03,57.9],[162.59,58.04],[162.4,57.9],[161.97,58.04],[161.98,58.18],[162.38,58.67],[163.26,59.22],[163.4,59.57],[163.22,59.57],[163.64,60],[164.57,60.07],[164.45,59.92],[164.79,59.78],[165.41,60.21],[166.19,60.49],[166.01,60],[165.88,59.78],[166.07,59.78],[166.99,60.35],[168.42,60.63],[169.58,60.49],[169.63,60.28],[169.85,60.07],[170.28,59.92],[170.52,60.21],[170.68,60.49],[171.16,60.56],[171.48,60.77],[172.07,60.91],[172.42,61.19],[172.85,61.41],[173.13,61.41],[173.58,61.69],[174.55,61.83],[177.06,62.62],[178.25,62.55],[178.13,62.47],[179,62.33],[179.61,62.69],[179.7,62.9],[179.26,62.98],[179.47,63.26],[179.4,63.34],[178.9,63.48],[178.58,63.62],[178.89,63.91],[178.54,63.99],[178.7,64.13],[178.45,64.42],[177.84,64.35],[177.34,64.49],[177.53,64.71],[178.74,64.64],[180,65.08],[180,69.11],[179.64,69.18],[179.54,69.33],[178.99,69.41],[178.89,69.56],[177.68,69.56],[177.83,69.64],[176.16,69.87],[176.31,69.95],[173.03,69.87],[173.12,70.02],[172.87,70.1],[171.65,70.1],[171.8,70.18],[170.68,70.18],[170.34,69.95],[170.5,69.87],[169.96,69.64],[170.62,69.56],[170.54,69.41],[170.96,69.26],[170.87,69.11],[170.45,68.88],[169.45,68.88],[169.63,69.03],[169.21,69.18],[169.35,69.26],[168.28,69.33],[168.35,69.64],[169.11,69.56],[169.54,69.79],[169.63,69.95],[168.2,70.1],[166.9,69.56],[164.25,69.72],[164.39,69.79],[160.89,69.64],[161.02,69.72],[159.78,69.87],[160.13,70.18],[159.92,70.18],[160.17,70.49],[160.15,70.64],[159.39,70.95],[158.1,71.03],[158.24,71.11],[157.11,71.11],[157.25,71.19],[155.5,71.19],[153.21,70.88],[152.49,70.88],[152.01,70.95],[152.22,71.19],[151.67,71.34],[151.81,71.42],[150.57,71.42],[150.74,71.58],[149.92,71.58],[150.09,71.74],[149.82,71.81],[150.1,71.97],[150.07,72.13],[149.62,72.29],[147.41,72.45],[146.85,72.37],[146.82,72.53],[145.91,72.61],[146.06,72.69],[141.2,72.84],[140.65,72.76],[140.69,72.61],[140.24,72.53],[139.64,72.61],[139,72.29],[139.05,72.13],[139.8,72.21],[139.41,71.97],[139.36,71.81],[139.83,71.66],[139.7,71.58],[138.98,71.58],[139.02,71.74],[138.48,71.66],[137.24,71.66],[137.01,71.58],[135.71,71.74],[134.72,71.5],[133.49,71.5],[133.61,71.58],[133.23,71.74],[132.88,71.97],[132.46,71.97],[131.84,71.5],[131.89,71.27],[131.1,70.88],[130.5,70.95],[130.04,71.27],[129.44,71.34],[129.55,71.42],[129.39,71.66],[128.87,71.66],[129.44,71.89],[129.16,72.05],[129.64,72.37],[129.47,72.53],[128.74,72.53],[129.22,72.76],[128.74,72.92],[129.12,73.16],[128.96,73.33],[127.95,73.49],[128.08,73.57],[127.05,73.65],[126.79,73.49],[126.26,73.49],[125.86,73.57],[126.01,73.73],[125.37,73.73],[124.01,73.81],[123.46,73.73],[123.06,73.41],[123.36,73.33],[123.08,73],[122.78,73.08],[120.56,73],[120.15,73.08],[120.29,73.25],[118.69,73.16],[118.4,73.33],[118.9,73.73],[117.09,73.73],[114.44,73.73],[113.36,73.57],[113.6,73.81],[112.99,74.05],[112.53,73.73],[111.48,73.89],[111.72,74.14],[112.9,74.14],[113.61,74.54],[113.31,74.63],[112.12,74.63],[111.06,73.97],[110.12,74.14],[109.68,73.97],[109.34,73.65],[110.73,73.81],[110.4,73.65],[108.16,73.41],[107.84,73.25],[106.57,73.33],[107.43,73.65],[108.06,73.65],[108.72,73.97],[109.47,74.05],[109.92,74.22],[110.05,74.38],[110.5,74.54],[111.82,74.71],[113.31,75.12],[113.83,75.45],[113.77,75.62],[114.09,75.96],[113.57,76.04],[113.02,76.38],[112.2,76.55],[112.37,76.72],[112.07,76.81],[108.18,76.81],[107.91,76.64],[106.66,76.55],[107.15,76.72],[107.59,77.06],[107.5,77.15],[105.8,77.06],[106.29,77.58],[104.97,77.67],[105.1,77.76],[103.41,77.76],[101.49,77.24],[100.97,76.89],[101.16,76.72],[100.8,76.55],[99.25,76.55],[98.91,76.46],[99.11,76.3],[98.33,76.3],[97.65,76.04],[96.22,76.04],[96.8,76.38],[95.91,76.38],[95.68,76.21],[94.14,76.21],[93.58,75.87],[92.6,75.79],[91.18,75.79],[91.07,75.71],[90.09,75.71],[89.88,75.54],[89.01,75.54],[88.17,75.2],[87.32,75.12],[86.84,74.71],[86.34,74.54],[86.08,74.22],[86.72,74.22],[87.06,74.14],[86.9,73.89],[85.92,73.97],[85.54,73.81],[84.05,73.81],[83.97,73.73],[80.89,73.73],[80.6,73.65],[80.18,73.33],[80.13,73.16],[80.55,73.16],[80.5,73],[80.67,72.84],[80.47,72.53],[80.74,72.37],[82.13,72.29],[82.22,72.05],[82.56,71.97],[82.52,71.81],[81.38,71.81],[81.45,71.89],[80.76,72.05],[80.81,72.21],[80.57,72.29],[79.67,72.45],[78.31,72.45],[78.32,72.69],[77.48,72.69],[76.85,72.45],[76.71,72.29],[77.37,72.21],[77.23,72.05],[76.68,72.13],[76.09,72.05],[75.97,71.66],[76.15,71.5],[77.19,71.27],[75.4,71.34],[75.49,71.58],[75.27,71.81],[75.77,72.53],[75.66,72.76],[74.86,72.92],[74.79,72.61],[75.01,72.37],[74.87,72.21],[74.43,72.05],[73.64,71.97],[73.45,71.74],[72.89,71.42],[73.38,71.27],[73.67,71.11],[73.65,70.95],[74,70.88],[73.98,70.72],[74.22,70.64],[74.04,70.41],[73.72,70.26],[73.41,69.72],[73.79,69.41],[73.66,69.11],[74.96,69.11],[75.48,69.26],[76.63,69.18],[76.57,69.11],[77.59,68.88],[77.57,68.73],[77.88,68.35],[77.25,68.05],[77.4,68.5],[77.31,68.65],[76.73,68.8],[76.75,68.95],[76.47,69.11],[74.59,68.88],[74.32,68.65],[74.2,68.35],[74.76,67.89],[74.65,67.74],[74,67.52],[73.48,66.92],[72.3,66.62],[72.1,66.33],[70.4,66.4],[71.03,66.62],[71.52,66.62],[71.62,66.77],[71.52,66.92],[71.87,67],[72.02,67.22],[72.42,67.37],[72.73,67.67],[73.03,67.82],[73.24,68.12],[73.1,68.2],[73.63,68.65],[72.5,69.03],[72.61,69.72],[72.78,69.95],[72.5,70.26],[72.84,70.57],[72.69,70.64],[72.89,71.03],[72.64,71.11],[72.56,71.27],[72.15,71.27],[71.81,71.5],[72.25,71.66],[72.56,72.05],[72.92,72.37],[72.84,72.53],[72.94,72.76],[72.38,72.84],[72.44,72.92],[71.78,73],[69.71,72.92],[70.05,73.08],[71.11,73.08],[71.41,73.33],[71.16,73.41],[71.3,73.57],[70.13,73.57],[69.96,73.49],[69.67,73],[69.36,73],[69.02,72.84],[68.33,71.81],[67.69,71.5],[67.01,71.42],[66.53,71.03],[66.57,70.8],[67.19,70.8],[67.02,70.41],[67.17,70.18],[66.81,70.1],[66.6,69.64],[68.01,69.49],[68.05,69.11],[68.35,68.95],[68.95,68.95],[68.49,68.27],[68.09,68.42],[67.99,68.57],[67.25,68.8],[67.3,68.88],[66.2,69.03],[66.25,69.11],[64.89,69.33],[64.79,69.49],[63.88,69.64],[63.93,69.72],[61.95,69.79],[62,69.87],[61.19,69.87],[60.12,70.1],[60.16,70.18],[59.75,70.33],[59.44,70.33],[59.33,70.49],[58.62,70.49],[58.34,70.18],[58.45,70.02],[59.11,69.95],[59.48,69.72],[60.09,69.72],[60.05,69.49],[60.41,69.41],[60.48,69.18],[60.83,69.11],[60.7,68.88],[59.96,68.8],[59.77,68.65],[59.74,68.42],[59.24,68.42],[59.13,68.57],[59.4,68.88],[59.09,69.03],[58.39,69.03],[58.2,68.88],[57.84,68.95],[57.18,68.65],[55.62,68.73],[55.04,68.57],[54.73,68.35],[53.3,68.27],[53.87,68.42],[53.95,68.57],[53.79,68.65],[54.04,68.95],[53.28,69.03],[52.47,68.8],[52.25,68.57],[51.89,68.65],[51.52,68.5],[50.82,68.5],[49.29,67.97],[48.7,67.97],[48.7,67.74],[47.78,67.67],[47.82,67.52],[47.53,67.07],[47.37,66.92],[45.81,66.92],[45.56,67.3],[44.93,67.44],[45.35,67.74],[46.66,67.82],[46.69,68.12],[46.45,68.27],[45.92,68.42],[45.88,68.57],[45.61,68.65],[44.19,68.57],[44.22,68.65],[43.45,68.73],[43.46,68.5],[44.17,68.27],[43.94,67.67],[43.84,67.67],[43.6,67.3],[43.74,67.15],[44.37,67],[44.13,66.62],[43.97,66.18],[43.61,66.25],[43.66,66.4],[43.49,66.48],[41.96,66.55],[41.44,66.18],[40.4,65.96],[40.26,65.81],[39.61,65.59],[39.54,65.37],[39.88,65.22],[40.07,64.93],[40.24,64.86],[40.19,64.71],[39.41,64.64],[39.43,64.71],[38.88,64.79],[38.21,64.79],[38.16,64.93],[36.92,65.3],[36.69,65.15],[36.65,65],[36.36,65],[36.32,64.86],[36.54,64.64],[37.13,64.35],[37.53,64.42],[37.89,64.35],[37.88,63.99],[37.39,63.91],[36.55,63.99],[36.25,64.28],[35.97,64.28],[35.82,64.42],[34.98,64.49],[34.9,64.93],[34.73,65],[34.79,65.22],[34.44,65.37],[34.67,65.52],[34.87,65.88],[34.56,66.18],[34.38,66.25],[33.63,66.33],[33.68,66.55],[33,66.55],[32.88,66.85],[32.51,66.92],[32.74,67.07],[33.06,66.77],[33.74,66.77],[34.11,66.7],[34.27,66.55],[34.95,66.55],[35.2,66.4],[35.57,66.33],[36.44,66.33],[36.42,66.25],[37.47,66.18],[38.03,66.11],[38,66.03],[38.68,66.03],[38.71,66.11],[39.8,66.18],[41.04,66.7],[41.39,67.15],[41.34,67.3],[41.07,67.37],[41,67.74],[40.27,67.89],[40.15,68.12],[39.97,68.2],[39.48,68.2],[38.91,68.27],[38.93,68.35],[38.36,68.42],[38.01,68.57],[37.96,68.73],[36.28,69.11],[36.13,69.26],[34.82,69.26],[34.46,69.41],[33.44,69.33],[33.48,69.49],[32.9,69.56],[33.06,69.79],[32.98,69.87],[32.48,69.87],[32.31,70.02],[31.91,70.02],[31.55,69.79],[30.96,69.87],[30.92,69.72],[30.68,69.56],[30.19,69.64],[29.94,69.41],[29.32,69.33],[29.17,69.11],[28.85,69.03],[28.63,68.95],[28.42,68.42],[28.77,68.2],[29.34,68.12],[29.61,67.97],[29.94,67.67],[29.79,67.44],[29.59,67.44],[29.13,67.15],[29.05,66.77],[30.03,65.88],[30,65.74],[29.66,65.52],[29.62,65.3],[29.79,65.22],[29.62,64.86],[30.09,64.79],[29.93,64.49],[30.55,64.28],[30.5,64.06],[30.08,63.84],[30.05,63.7],[30.93,63.41],[31.5,62.98],[31.22,62.55],[29.5,61.41],[29.32,61.41],[28.49,60.91],[28.3,60.91],[27.99,60.7],[27.97,60.56],[28.54,60.7],[28.49,60.42],[28.65,60.28],[28.99,60.14],[29.66,60.28],[30.16,60.07],[30.14,59.92],[29.77,59.92],[29.07,60.07],[28.85,59.85],[28.41,59.92],[28.29,59.78],[27.93,59.78],[27.88,59.5],[26.79,59.5],[26.45,59.64],[25.37,59.71],[25.35,59.57],[24.16,59.5],[23.96,59.36],[23.41,59.29],[23.41,58.53],[23.67,58.46],[23.82,58.25],[24.27,58.25],[24.23,57.28],[23.94,57.08],[23.58,57.01],[22.52,57.83],[21.6,57.63],[21.31,57.35],[21.28,57.08],[21,56.94],[20.95,56.46],[20.84,56.18],[21,55.98],[20.97,55.63],[21.2,55.36],[20.99,54.95],[20.73,54.95],[20.65,55.09],[19.95,55.02],[19.82,54.48],[19.56,54.48],[19.46,54.34],[18.69,54.41],[18.45,54.68],[18.46,54.89],[17.5,54.89],[16.44,54.61],[15.99,54.27],[15.04,54.21],[14.51,54],[14.5,53.73],[14.15,53.73],[14.17,54.07],[13.3,54.21],[13.74,54.27],[13.58,54.68],[13.23,54.75],[13.05,54.61],[13.05,54.48],[12.44,54.48],[12.09,54.27],[11.4,54.14],[11.4,54],[10.79,54],[10.71,53.87],[10.79,53.53],[10.62,53.39],[11.39,53.19],[11.39,53.06],[10.79,52.99],[10.96,52.45],[10.87,52.32],[10.53,52.25],[10.53,51.65],[10.27,51.65],[9.93,51.38],[9.94,51.05],[9.85,50.78],[10.02,50.78],[10.02,50.51],[10.19,50.51],[10.44,50.25],[11.28,50.25],[11.37,50.45],[11.87,50.45],[12.37,49.98],[12.37,49.71],[12.53,49.65],[12.53,49.52],[13.11,49.25],[13.28,49.05],[13.44,49.05],[13.77,48.79],[13.77,48.52],[14.34,48.32],[14.42,47.99],[14.66,47.86],[14.91,47.8],[15.08,47.93],[15.41,47.93],[16.06,47.66],[16.14,47.6],[16.04,46.94],[16.28,46.94],[16.28,46.81],[16.6,46.55],[16.59,46.41],[16.84,46.35],[17.15,46.02],[17.88,45.76],[18.45,45.76],[19.45,46.15],[20.26,46.15],[20.33,45.96],[20.81,45.76],[20.87,45.37],[21.43,45.17],[21.4,44.78],[21.88,44.65],[21.95,44.52],[22.69,44.65],[22.52,44.52],[22.5,44.32],[22.66,44.25],[22.65,44.12],[22.4,43.99],[22.37,43.6],[22.91,43.21],[22.9,43.08],[22.48,42.82],[22.54,42.5],[22.37,42.3],[22.51,42.11],[22.67,42.11],[22.9,41.91],[22.94,41.39],[23.18,41.33],[24.15,41.59],[24.55,41.59],[24.69,41.39],[25.72,41.26],[26.13,41.39],[26.07,41.72],[26.31,41.72],[26.57,41.98],[27.06,42.11],[27.38,42.11],[27.45,41.98],[27.93,41.98],[27.94,42.04],[27.49,42.43],[27.51,42.63],[27.85,42.76],[27.8,43.15],[27.9,43.28],[28.23,43.34],[28.16,43.47],[28.48,43.47],[28.62,43.99],[28.54,43.99],[28.58,44.39],[28.84,44.58],[28.8,44.97],[29.05,44.97],[29.02,44.78],[29.53,44.91],[29.67,45.43],[29.61,45.69],[29.86,45.69],[30.04,45.89],[30.3,45.96],[30.88,46.68],[31.61,46.61],[31.79,46.74],[32.19,46.68],[32.16,46.48],[31.84,46.48],[31.82,46.35],[32.06,46.35],[32.68,46.09],[32.85,46.09],[32.95,46.22],[33.59,46.15],[33.61,46.28],[34.02,46.28],[34.08,46.15],[34.74,46.15],[34.76,46.28],[35.25,46.28],[35.63,46.68],[36.8,46.81],[36.91,46.94],[37.23,46.87],[37.17,47.01],[37.52,47.14],[38.68,47.2],[39.2,47.33],[39.27,47.27],[39.13,46.94],[38.89,47.01],[38.79,46.87],[38.62,46.87],[38.49,46.61],[37.84,46.61],[37.9,46.48],[38.37,46.35],[38.33,46.15],[37.89,45.96],[37.86,45.76],[37.68,45.63],[37.7,45.3],[36.97,45.3],[36.91,45.43],[36.75,45.43],[36.78,45.1],[37.26,45.04],[37.53,44.71],[38.01,44.71],[38.22,44.45],[39.06,44.19],[39.76,43.54],[40.22,43.41],[40.42,43.15],[40.82,43.15],[41.12,43.02],[41.17,42.89],[41.33,42.89],[41.61,42.63],[41.48,42.37],[41.7,42.24],[41.82,41.98],[41.58,41.52],[42.44,41.46],[42.62,41.59],[42.86,41.59],[43.19,41.2],[43.58,41.13],[43.56,41],[43.77,40.87],[43.64,40.55],[43.65,40.16],[43.86,40.03],[44.42,40.03],[44.77,39.77],[44.52,39.71],[44.4,39.45],[44.07,39.38],[44.17,39],[44.31,38.93],[44.31,38.42],[44.45,38.35],[44.31,37.9],[44.59,37.71],[44.63,37.45],[44.77,37.38],[44.74,37.19],[44.82,37.19],[44.85,36.87],[45.06,36.67],[45.1,36.42],[45.38,36.22],[45.35,36.03],[45.79,35.84],[46.88,35.9],[47.39,36.16],[47.86,36.22],[48.8,36.74],[49.34,36.74],[49.62,36.55],[49.93,36.55],[51.16,36.03],[51.33,36.1],[52.53,35.84],[52.99,35.84],[53.53,35.84],[53.88,36.03],[54.11,36.03],[54.31,36.29],[54.88,36.42],[55.24,36.67],[55.32,37.06],[54.76,37.38],[54.83,37.77],[55.2,38.03],[56.31,38.09],[56.58,38.29],[56.9,38.29],[57.19,38.22],[57.52,37.9],[57.91,37.9],[58.4,37.64],[59.17,37.58],[59.41,37.25],[59.92,37.13],[60.44,36.61],[61.14,36.61],[61.22,35.9],[61.34,35.77],[61.3,35.58],[61.8,35.39],[62.19,35.39],[62.3,35.19],[62.96,35.39],[63.16,35.58],[63.14,35.84],[64.3,36.16],[64.7,36.55],[64.83,37.13],[65.56,37.25],[65.71,37.51],[66.52,37.32],[67,37.38],[67.12,37.25],[67.75,37.25],[67.92,37],[68.15,37],[68.78,37.32],[69.01,37.32],[69.12,37.13],[69.35,37.13],[69.55,37.58],[70.08,37.51],[70.27,37.64],[70.16,37.84],[70.21,38.03],[70.71,38.42],[71.18,38.42],[71.36,38.22],[71.27,37.9],[71.57,37.84],[71.42,37],[71.58,36.74],[72.24,36.87],[73.33,37.45],[73.72,37.45],[73.83,37.25],[74.1,37.38],[74.8,37.38],[74.92,37.25],[75.03,37.64],[74.87,37.9],[74.87,38.42],[74.47,38.67],[74.16,38.67],[73.96,38.55],[73.77,38.67],[73.79,39],[73.61,39.19],[73.71,39.51],[73.89,39.58],[73.93,39.97],[74.47,40.16],[74.89,40.48],[75.19,40.42],[75.49,40.61],[75.65,40.61],[75.64,40.36],[75.78,40.29],[76.27,40.36],[76.45,40.42],[76.89,41],[78.03,41.07],[78.77,41.59],[80.14,42.04],[80.19,42.17],[80.29,42.82],[80.47,42.89],[80.47,43.08],[80.63,43.08],[80.79,43.28],[80.68,43.41],[80.74,43.54],[80.36,43.99],[80.41,44.71],[79.98,44.84],[79.95,44.97],[81.39,45.3],[81.8,45.3],[81.9,45.17],[82.55,45.17],[82.72,45.37],[82.31,45.56],[83.04,47.2],[83.37,47.2],[83.61,47.01],[83.91,46.94],[85.14,46.94],[85.68,47.2],[85.74,47.33],[85.55,47.47],[85.62,47.6],[85.46,47.8],[85.64,48.32],[86.6,48.59],[86.78,48.79],[86.65,48.85],[86.87,49.12],[87.78,49.12],[88.33,49.52],[89,49.52],[89.61,49.71],[89.63,49.91],[90.2,50.18],[90.45,50.18],[92.27,50.85],[93.16,50.65],[93.12,50.58],[94.13,50.58],[94.23,50.31],[94.4,50.18],[94.91,50.05],[94.87,49.98],[96.46,49.98],[96.42,49.91],[96.92,49.91],[97.01,49.78],[97.43,49.78],[98.13,50.11],[98.3,50.38],[97.96,50.65],[97.88,50.78],[97.84,51.11],[98.14,51.58],[98.79,51.92],[98.93,52.12],[99.31,52.05],[99.39,51.92],[100.14,51.78],[100.1,51.71],[100.78,51.71],[100.94,51.58],[101.32,51.51],[101.91,51.51],[102.16,51.25],[102.06,51.11],[102.31,50.85],[102.3,50.58],[102.8,50.45],[102.88,50.31],[103.22,50.31],[103.3,50.18],[104.05,50.18],[104.9,50.45],[106.46,50.38],[107.32,50.05],[107.28,49.98],[107.78,49.98],[107.9,49.91],[107.97,49.65],[108.26,49.58],[108.59,49.32],[110.75,49.18],[111.22,49.38],[112.73,49.52],[113.26,49.91],[114.01,50.25],[114.85,50.25],[115,50.11],[115.41,49.98],[115.36,49.91],[116.5,49.98],[116.45,49.91],[116.68,49.78],[117.83,49.52],[118.54,49.91],[119.28,50.11],[119.15,50.38],[119.73,51.11],[119.65,51.11],[120.19,51.78],[120.67,52.05],[120.56,52.12],[120.67,52.25],[120.5,52.45],[120.53,52.59],[119.9,52.65],[120.42,53.06],[121.09,53.33],[121.9,53.46],[123.85,53.53],[123.79,53.46],[124.18,53.33],[124.75,53.19],[125.35,53.19],[125.66,53.06],[125.62,52.92],[125.9,52.86],[125.89,52.65],[126.25,52.38],[126.41,52.18],[126.45,51.85],[126.78,51.45],[126.86,51.05],[127.03,51.05],[127.02,50.85],[127.31,50.58],[127.25,50.31],[127.51,50.11],[127.48,49.78],[127.88,49.65],[128.02,49.52],[128.69,49.52],[129.14,49.45],[129.08,49.38],[129.81,49.25],[129.82,49.05],[130.05,48.92],[130.57,48.85],[130.5,48.65],[130.74,48.32],[130.62,47.86],[130.85,47.73],[132.12,47.66],[133.06,48.13],[133.56,48.13],[134.19,48.39],[134.52,48.39],[134.5,48.26],[134.64,48.13],[134.51,47.86],[134.68,47.66],[134.36,47.47],[134.1,47.14],[133.98,46.87],[134.05,46.74],[133.84,46.48],[133.91,46.35],[132.98,45.1],[132.74,45.1],[131.7,45.24],[131.34,44.97],[131.05,44.91],[130.91,44.71],[131.25,44.39],[131.14,44.12],[131.16,43.93],[131.28,43.86],[131.16,43.34],[131.27,43.28],[131,42.89],[130.56,42.82],[130.5,42.5],[130.69,42.43],[130.9,42.63],[131.23,42.63],[131.75,43.28],[131.78,43.08],[132.1,43.08],[132.21,42.89],[133,42.76],[133.27,42.69],[134.22,43.02],[135.11,43.47],[135.99,44.45],[136.15,44.45],[136.72,45.1],[137.86,45.96],[138.43,46.68],[138.42,46.87],[138.63,47.14],[138.9,47.27],[139.36,47.93],[140.02,48.32],[140.25,48.59],[140.19,48.72],[140.59,49.65],[140.44,49.85],[140.74,50.18],[140.49,50.18],[140.55,50.51],[140.48,50.71],[140.78,51.11],[140.65,51.25],[140.93,51.45],[140.96,51.65],[141.46,51.98]],[[104.91,51.92],[105.4,52.12],[105.91,52.59],[106.49,52.79],[107.04,53.39],[107.93,53.87],[109.01,55.09],[109.09,55.29],[108.97,55.36],[109.32,55.77],[109.99,55.84],[109.68,54.95],[109.74,54.82],[109.51,54.55],[109.66,54.41],[109.64,54.27],[108.83,53.26],[108.43,53.19],[107.9,52.72],[107.33,52.65],[106.82,52.32],[106.4,52.32],[106.01,51.78],[105.74,51.65],[104.83,51.45],[104.07,51.45],[104.12,51.51],[103.57,51.58],[103.84,51.85],[104.91,51.92]],[[74.25,45.37],[74.13,45.04],[73.91,45.1],[73.74,45.3],[73.38,45.43],[73.33,45.5],[73.63,46.28],[73.87,46.28],[73.95,46.48],[74.44,46.68],[74.6,46.87],[76.32,46.87],[76.35,46.74],[76.73,46.68],[77.91,46.74],[78.1,46.61],[78.7,46.87],[79.33,46.81],[79.25,46.61],[79.09,46.61],[78.97,46.35],[78.46,46.28],[77.8,46.28],[77.83,46.35],[77.36,46.41],[77.39,46.48],[75.45,46.55],[75.32,46.41],[74.88,46.35],[74.75,46.02],[74.32,45.96],[74.12,45.43],[74.25,45.37]],[[76.53,42.63],[78.66,42.76],[78.58,42.56],[78.29,42.43],[78.24,42.3],[77.69,42.11],[77,42.17],[76.51,42.37],[76.53,42.63]],[[59.12,43.41],[59.13,43.73],[58.17,43.73],[57.96,43.86],[58.07,44.84],[58.5,45.5],[58.64,45.96],[59.31,46.02],[59.49,46.35],[59.84,46.41],[60.12,46.81],[60.53,46.81],[60.57,46.94],[60.98,46.94],[61,46.74],[61.19,46.81],[61.23,46.94],[61.7,46.87],[61.25,45.96],[61.25,45.69],[61.34,45.43],[61.72,45.37],[61.58,44.91],[61.02,44.65],[60.78,44.12],[60.6,44.06],[60.5,43.73],[60.29,43.54],[59.12,43.41]],[[53.07,45.89],[53.06,45.56],[53.42,45.37],[53.67,45.37],[53.88,45.56],[54.29,45.56],[54.22,45.3],[54.36,45.24],[54.3,44.97],[53.81,44.97],[53.88,45.24],[52.09,45.24],[51.88,45.37],[51.47,45.37],[51.06,45.04],[51.02,44.84],[51.47,44.71],[51.42,44.52],[50.86,44.52],[50.4,44.65],[50.22,44.58],[50.19,44.45],[50.88,44.25],[51.07,44.06],[51.04,43.93],[51.32,43.73],[51.31,43.34],[51.44,43.21],[51.77,43.28],[51.94,42.95],[52.42,42.95],[52.79,42.82],[52.68,42.37],[52.44,42.04],[52.72,41.52],[52.8,41.52],[52.81,41.91],[53.19,42.17],[53.91,42.17],[54.09,41.59],[54.73,41.26],[54.67,41],[54.4,40.87],[54.37,40.74],[53.4,40.68],[53.34,40.74],[52.94,40.74],[52.78,40.36],[52.79,40.03],[53.5,40.03],[53.54,39.51],[53.52,39.38],[53.99,39],[53.83,37.84],[53.91,37.84],[53.91,37.45],[54.09,37.19],[54.03,36.87],[53.09,36.8],[52.19,36.55],[51.64,36.55],[50.82,36.74],[50.53,36.87],[50.57,37.06],[50.32,37],[50,37.38],[49.09,37.51],[48.88,37.71],[48.84,38.35],[48.76,38.35],[48.8,39],[48.92,39.19],[49.15,39.19],[49.27,39.38],[49.51,40.23],[49.69,40.36],[50.26,40.42],[50.05,40.55],[49.51,40.61],[49.24,40.87],[49.27,41],[49.06,41.13],[49.09,41.26],[47.93,42.24],[47.96,42.37],[47.68,42.56],[47.66,42.82],[47.38,43.02],[47.46,43.41],[47.34,43.6],[47.34,43.99],[47.01,44.32],[46.63,44.45],[46.69,44.71],[47.04,44.84],[47.33,45.43],[47.48,45.37],[47.57,45.76],[48.06,45.76],[48.35,45.96],[48.59,45.96],[48.64,46.15],[49.06,46.22],[49.3,46.55],[49.99,46.68],[50.3,46.94],[50.84,47.14],[51.57,47.07],[51.81,47.07],[51.86,46.94],[53.11,47.01],[53.24,46.87],[53.27,46.35],[53.35,46.35],[53.25,45.96],[53.07,45.89]],[[53.09,44.39],[53.3,44.91],[53.42,45.04],[53.74,45.04],[53.69,44.84],[53.25,44.39],[53.09,44.39]],[[34.2,61.76],[33.96,61.9],[34.02,62.55],[34.43,62.69],[34.47,62.47],[34.88,62.26],[34.99,62.69],[34.76,62.9],[34.05,63.05],[34.12,63.34],[35.27,63.05],[35.42,62.9],[35.27,62.69],[35.29,62.4],[35.59,62.12],[35.83,61.97],[36.02,61.97],[36.22,61.69],[36.08,61.12],[35.9,61.12],[35.57,60.91],[35.2,60.91],[35.41,61.41],[35.26,61.55],[34.2,61.76]],[[31.86,60.35],[31.82,60.14],[31.1,60.21],[30.84,59.78],[30.38,59.78],[30.41,59.92],[30.21,60.77],[29.8,61.05],[29.86,61.34],[30.44,61.48],[30.56,61.62],[31.02,61.62],[31.09,61.48],[31.78,61.26],[31.89,60.91],[32.17,60.91],[32.09,60.56],[31.86,60.35]],[[13.44,52.59],[13.18,52.59],[13.27,52.65],[13.44,52.65],[13.44,52.59]]],[[[78.57,72.84],[78.74,72.69],[79.36,72.69],[79.66,73],[79.18,73.16],[78.61,73],[78.57,72.84]]],[[[74.72,73.25],[74.12,73.16],[74.02,72.92],[74.58,72.84],[74.72,73.25]]],[[[75.61,73.65],[75.39,73.41],[75.71,73.41],[76.03,73.65],[75.61,73.65]]],[[[64.42,75.71],[64.49,75.79],[65.77,75.87],[67.83,76.21],[69.03,76.55],[69.14,76.89],[68.76,77.06],[66.97,77.06],[66.25,76.89],[65.9,76.64],[65.35,76.64],[64.23,76.38],[63.13,76.38],[63.06,76.3],[61.25,76.38],[60.93,76.13],[60.45,76.21],[60.21,76.04],[59.33,76.04],[58.58,75.79],[58.14,75.79],[57.56,75.45],[56.91,75.45],[56.73,75.2],[56.14,75.29],[55.75,75.04],[56.29,75.04],[56.11,74.79],[55.63,74.71],[55.24,74.3],[55.03,74.3],[54.5,73.97],[53.7,73.89],[53.66,73.65],[54.24,73.57],[54.14,73.41],[53.25,73.33],[53.06,73],[52.34,72.84],[52.25,72.69],[52.77,72.69],[52.19,72.21],[51.57,72.21],[51.25,71.81],[51.42,71.74],[51.5,71.5],[52.43,71.5],[52.2,71.27],[52.67,71.19],[53.1,71.03],[53.37,71.34],[53.59,71.19],[53.49,70.8],[53.85,70.72],[54.47,70.72],[55.1,70.57],[55.28,70.72],[56.32,70.57],[56.47,70.64],[57.49,70.64],[57.62,70.88],[56.69,71.03],[56.73,71.11],[56.11,71.27],[56.04,71.5],[55.66,71.74],[55.43,72.05],[55.57,72.29],[55.41,72.37],[55.75,72.76],[56.22,72.84],[56.37,73.08],[56.73,73.33],[56.95,73.33],[57.21,73.57],[57.42,73.57],[57.9,73.81],[58.78,74.46],[59.23,74.63],[60.15,74.71],[60.51,75.04],[60.83,75.04],[61.24,75.29],[61.68,75.29],[62.42,75.54],[63.29,75.54],[63.65,75.71],[64.42,75.71]]],[[[86.1,74.63],[86.6,74.87],[86.06,74.87],[86.1,74.63]]],[[[81.76,75.29],[82.19,75.29],[82.38,75.45],[82.04,75.54],[81.76,75.29]]],[[[89.62,77.15],[89.97,77.41],[89.52,77.41],[89.18,77.15],[89.62,77.15]]],[[[59.27,80],[59.89,79.91],[60.25,80.19],[59.43,80.19],[59.27,80]]],[[[99.03,80.19],[97.52,80.28],[97.8,80.47],[97.74,80.65],[98.05,80.94],[97.1,80.94],[96.73,81.33],[95.77,81.33],[95.62,81.23],[93.55,81.04],[92.6,80.37],[93.18,80.37],[92.78,80.09],[91.62,80.19],[91.46,79.82],[92.39,79.82],[92.13,79.63],[92.94,79.63],[93.54,79.73],[94.31,80.09],[94.78,80.09],[94.49,79.82],[93.66,79.73],[93.26,79.45],[94.54,79.45],[94.41,79.36],[94.95,79.18],[95.97,79.09],[95.84,79],[97.66,78.91],[97.53,78.82],[99.83,78.82],[100.36,79.09],[99.8,79.18],[100.02,79.54],[100.5,80],[99.03,80.19]]],[[[59.4,80.56],[60.06,80.37],[61.92,80.47],[62.45,80.65],[62.59,80.94],[61.76,80.94],[61.9,81.23],[60.62,81.13],[60.45,80.94],[59.77,80.84],[59.4,80.56]]],[[[80.56,80.84],[80.8,81.04],[79.48,81.04],[79.14,80.75],[80.32,80.75],[80.56,80.84]]],[[[65.73,81.23],[64.53,81.23],[64.35,81.04],[63.28,81.04],[62.92,80.65],[65.26,80.75],[65.71,80.84],[65.9,81.04],[65.73,81.23]]],[[[90.21,81.04],[90.32,80.94],[91.27,80.94],[91.64,81.04],[91.94,81.33],[90.74,81.33],[90.21,81.04]]],[[[63.81,81.73],[63.06,81.83],[62.66,81.53],[63.4,81.43],[63.81,81.73]]],[[[58.8,81.93],[58.42,81.63],[59.5,81.63],[59.65,81.93],[58.8,81.93]]],[[[143.93,50.18],[143.99,50.25],[143.85,50.45],[143.87,50.65],[143.7,50.65],[143.69,50.98],[143.6,50.98],[143.51,51.31],[143.41,51.38],[143.52,51.58],[143.35,51.58],[143.07,51.98],[143.19,52.18],[143.09,52.25],[143.44,52.59],[143.33,52.65],[143.34,52.99],[143.09,52.99],[143.03,53.26],[143.24,53.46],[143.04,53.6],[143.07,53.87],[142.89,53.94],[143.08,54.27],[142.81,54.34],[142.69,54.48],[142.31,54.21],[142.5,54.14],[142.44,54],[142.65,53.8],[142.37,53.53],[142.09,53.6],[141.81,53.33],[141.7,53.06],[141.85,52.79],[141.54,52.32],[141.64,52.25],[141.46,51.98],[141.51,51.78],[141.76,51.51],[142.03,51.45],[142,51.25],[142.15,51.05],[141.87,50.58],[142.08,50.18],[142.05,50.05],[143.93,50.18]]],[[[108.93,53.94],[108.6,53.73],[108.52,53.53],[108.87,53.53],[109.11,53.94],[108.93,53.94]]],[[[167.78,54.61],[167.87,54.89],[167.44,54.95],[167.26,54.75],[167.78,54.61]]],[[[138.15,55.02],[137.96,55.09],[138.02,55.23],[137.5,55.23],[137.14,54.89],[137.41,54.82],[137.35,54.68],[137.63,54.61],[138.15,55.02]]],[[[137.25,55.16],[136.9,55.16],[136.53,54.89],[136.87,54.89],[137.25,55.16]]],[[[165.97,55.43],[165.7,55.29],[165.88,55.23],[165.79,55.09],[166.05,55.02],[166.04,54.89],[166.47,54.75],[166.74,54.82],[166.48,54.95],[166.57,55.02],[166.4,55.16],[166.22,55.16],[166.32,55.43],[165.97,55.43]]],[[[163.54,58.53],[164.48,58.88],[164.81,59.29],[164.26,59.22],[163.78,59.02],[163.76,58.88],[163.27,58.53],[163.54,58.53]]],[[[140.37,73.57],[140.05,73.57],[139.52,73.33],[141.14,73.41],[141,73.33],[143.28,73.25],[143.61,73.49],[143.49,73.65],[142.7,73.97],[141.11,73.97],[140.37,73.57]]],[[[135.61,74.3],[135.28,74.05],[136.06,73.89],[136.43,74.22],[135.61,74.3]]],[[[141.24,74.22],[140.37,74.38],[139.91,74.14],[139.83,73.97],[140.11,73.89],[140.89,73.97],[141.24,74.22]]],[[[150.09,74.79],[150.76,74.96],[151.17,75.2],[150.69,75.29],[149.57,75.37],[148.92,75.37],[148.61,75.54],[146.91,75.45],[147.16,75.62],[146.68,75.71],[146.07,75.2],[146.77,75.12],[147.51,74.96],[147.35,74.87],[147.94,74.79],[150.09,74.79]]],[[[142.72,75.96],[142.12,76.04],[141.92,76.21],[141.2,76.13],[140.79,75.87],[140.3,75.96],[140.1,76.13],[138.79,76.3],[138.01,76.13],[137.01,75.62],[137.23,75.45],[136.86,75.2],[137.35,75.12],[137.79,74.96],[137.8,74.79],[139.22,74.63],[139.74,74.79],[140.28,74.79],[141.73,75.04],[141.95,74.87],[143.46,74.87],[143.79,75.04],[144.33,75.04],[144.88,75.2],[145.22,75.37],[145.06,75.45],[145.58,75.71],[143.59,75.96],[142.56,75.45],[142.29,75.54],[142.72,75.96]]],[[[136.35,75.62],[136.35,75.79],[135.7,75.79],[135.33,75.37],[135.87,75.37],[136.35,75.62]]],[[[95.53,76.98],[96.42,76.98],[96.91,77.32],[96,77.24],[95.53,76.98]]],[[[104.7,78.29],[105.67,78.46],[106,78.73],[105.83,78.91],[104.63,79.09],[104.57,79.27],[103.88,79.27],[102.72,78.91],[103.59,79.45],[101.97,79.45],[101.45,79.27],[101.11,78.91],[100.77,78.91],[99.41,78.02],[100.77,78.02],[101.49,78.2],[104.7,78.29]]]]},"properties":{"NAME":"Union of Soviet Socialist Republics","C":2,"name":"Union of Soviet Socialist Republics","start_year":1945,"end_year":1945,"capital":"","type":"polity","region":"","event":"","source":"Cliopatria / Seshat Global History Databank (CC BY 4.0)","wikipedia":"Soviet Union","wikidata":"Q15180","_a":7953,"_c":[94.93,58.56],"_nz":"苏维埃社会主义共和国联盟","_sz":""}},
{"type":"Feature","geometry":{"type":"Polygon","coordinates":[[[-56.72,1.89],[-57.44,1.96],[-57.59,1.76],[-58.46,1.51],[-58.9,1.19],[-59.34,1.38],[-59.77,1.76],[-59.85,2.21],[-60.07,2.47],[-60,3.24],[-59.85,3.37],[-59.86,3.63],[-59.64,3.76],[-59.57,3.95],[-59.72,4.08],[-59.72,4.34],[-60.16,4.53],[-60.16,4.72],[-60.02,4.85],[-60.1,5.17],[-60.68,5.17],[-60.68,4.91],[-60.89,4.59],[-61.4,4.46],[-61.54,4.27],[-62.05,4.08],[-62.7,4.08],[-62.77,3.69],[-62.91,3.56],[-63.13,3.63],[-63.36,3.89],[-64.08,3.95],[-64.23,4.14],[-64.67,4.14],[-64.67,3.89],[-64.3,3.63],[-64.07,2.47],[-63.49,2.41],[-63.41,2.28],[-63.49,2.15],[-64,1.96],[-64.21,1.76],[-64.36,1.38],[-64.65,1.38],[-65.09,1.19],[-65.53,0.67],[-65.67,0.67],[-65.6,0.86],[-65.67,0.99],[-65.96,0.93],[-66.18,0.74],[-66.4,0.74],[-66.69,0.86],[-67.05,1.25],[-67.2,1.25],[-67.27,1.89],[-67.49,2.09],[-67.85,1.76],[-68.29,1.89],[-68.44,1.7],[-69.97,1.7],[-69.97,1.19],[-69.82,1.06],[-69.38,1.06],[-69.24,0.93],[-69.24,0.74],[-70.04,0.61],[-70.19,0.41],[-70.1,-0.36],[-69.96,-0.36],[-69.67,-0.61],[-69.67,-0.87],[-69.46,-1.13],[-69.7,-2.54],[-69.77,-2.54],[-69.87,-3.64],[-70.03,-4.09],[-70.18,-4.34],[-70.39,-4.21],[-70.9,-4.21],[-71.35,-4.47],[-72.01,-4.54],[-72.98,-5.24],[-72.99,-5.5],[-73.22,-5.82],[-73.25,-6.53],[-73.78,-6.91],[-73.8,-7.36],[-74.03,-7.49],[-74.04,-7.69],[-73.83,-7.81],[-73.84,-8.07],[-73.5,-8.39],[-73.37,-8.78],[-73.09,-8.97],[-73.19,-9.42],[-72.54,-9.49],[-72.27,-9.74],[-72.14,-10.06],[-71.56,-10.06],[-71.26,-9.94],[-70.79,-9.49],[-70.64,-9.49],[-70.67,-10.96],[-70.32,-11.09],[-70.16,-10.96],[-69.57,-10.96],[-68.56,-11.09],[-68.25,-10.9],[-68.17,-10.71],[-67.72,-10.64],[-67.41,-10.32],[-66.96,-10.19],[-66.65,-9.87],[-66.57,-9.87],[-65.69,-9.74],[-65.4,-9.81],[-65.35,-10.19],[-65.51,-10.39],[-65.53,-10.71],[-65.46,-10.71],[-65.44,-11.41],[-65.31,-11.67],[-65.24,-11.67],[-65.11,-11.99],[-64.83,-12.06],[-64.35,-12.51],[-63.69,-12.51],[-63.56,-12.7],[-63.19,-12.7],[-62.99,-12.96],[-62.27,-13.15],[-62.07,-13.34],[-62.08,-13.47],[-61.8,-13.6],[-61.13,-13.54],[-60.78,-13.66],[-60.51,-13.99],[-60.54,-14.31],[-60.36,-14.69],[-60.31,-15.01],[-60.55,-15.14],[-60.57,-15.34],[-60.29,-15.53],[-60.28,-16.17],[-59.94,-16.36],[-58.46,-16.36],[-58.59,-16.88],[-58.46,-17.07],[-58.49,-17.26],[-57.8,-17.71],[-57.63,-18.16],[-57.8,-19.06],[-58.14,-19.45],[-58.18,-19.77],[-57.97,-19.9],[-57.99,-20.03],[-58.15,-20.09],[-58.19,-20.48],[-57.89,-21.06],[-58.02,-22.09],[-57.37,-22.28],[-56.78,-22.28],[-56.69,-22.15],[-56.39,-22.15],[-56.12,-22.34],[-55.89,-22.34],[-55.65,-22.79],[-55.57,-23.89],[-55.3,-24.08],[-54.9,-23.89],[-54.53,-23.89],[-54.4,-24.02],[-54.41,-24.66],[-54.49,-24.66],[-54.71,-25.69],[-53.96,-25.69],[-53.85,-26.39],[-53.77,-26.39],[-53.89,-27.1],[-54.78,-27.49],[-55.82,-28.19],[-56.04,-28.58],[-56.38,-28.77],[-57,-29.61],[-57.35,-29.8],[-57.76,-30.32],[-56.88,-30.12],[-56.71,-30.38],[-56.36,-30.51],[-56.11,-30.77],[-56.11,-31.09],[-55.88,-31.09],[-55.85,-30.96],[-55.68,-30.89],[-55.39,-31.28],[-54.75,-31.47],[-54.45,-31.86],[-54.02,-31.99],[-53.71,-32.31],[-53.68,-32.5],[-53.53,-32.5],[-53.28,-32.76],[-53.57,-33.01],[-53.68,-33.46],[-53.53,-33.79],[-53.45,-33.79],[-52.67,-33.08],[-52.44,-32.44],[-52.23,-32.18],[-52.08,-32.18],[-51.45,-31.73],[-50.88,-31.21],[-50.35,-30.44],[-50.05,-29.67],[-49.87,-29.54],[-49.74,-29.22],[-48.88,-28.64],[-48.65,-27.68],[-48.49,-27.68],[-48.45,-27.42],[-48.68,-27.42],[-48.56,-27.17],[-48.7,-27.1],[-48.66,-26.84],[-48.8,-26.72],[-48.76,-26.46],[-48.6,-26.39],[-48.58,-26.27],[-48.72,-26.2],[-48.48,-25.56],[-48.53,-25.37],[-48.24,-25.43],[-47.98,-25.17],[-48.03,-25.04],[-47.62,-24.72],[-47.23,-24.59],[-46.88,-24.21],[-46.34,-24.08],[-46.09,-23.82],[-45.57,-23.89],[-45.59,-24.02],[-45.37,-24.02],[-45.34,-23.76],[-45.48,-23.69],[-44.92,-23.37],[-44.7,-23.37],[-44.74,-23.05],[-44.36,-23.05],[-44.46,-23.24],[-44.23,-23.24],[-44.29,-23.05],[-44.13,-22.99],[-43.83,-22.99],[-43.85,-23.11],[-43.4,-23.11],[-43.24,-22.99],[-42.12,-22.99],[-42.03,-22.79],[-42.08,-22.6],[-41.93,-22.54],[-41.91,-22.41],[-41.14,-22.15],[-41.04,-21.83],[-41.07,-21.38],[-40.9,-21.19],[-40.88,-20.93],[-40.41,-20.61],[-40.2,-19.9],[-39.8,-19.58],[-39.77,-18.36],[-39.59,-18.04],[-39.28,-17.78],[-39.29,-17.01],[-39.02,-16.43],[-38.95,-15.46],[-39.14,-14.95],[-39.01,-14.11],[-39.03,-13.28],[-38.88,-13.09],[-38.36,-13.02],[-38.13,-12.83],[-37.73,-12.19],[-37.64,-11.8],[-37.48,-11.67],[-37.47,-11.41],[-37.25,-11.29],[-37.24,-11.09],[-36.78,-10.64],[-36.26,-10.39],[-35.71,-9.55],[-35.41,-9.36],[-35.17,-8.71],[-35.02,-8.59],[-34.92,-7.49],[-34.84,-7.49],[-34.9,-6.79],[-35.03,-6.34],[-35.18,-6.27],[-35.17,-5.82],[-35.37,-5.31],[-35.81,-5.05],[-36.68,-5.11],[-37.26,-4.86],[-37.33,-4.73],[-37.69,-4.6],[-38.55,-3.7],[-38.91,-3.57],[-39.13,-3.31],[-39.27,-3.31],[-39.42,-3.12],[-39.92,-2.86],[-40.94,-2.8],[-41.6,-2.93],[-41.89,-2.74],[-42.32,-2.8],[-43.19,-2.35],[-43.56,-2.35],[-44.07,-2.54],[-44.14,-2.41],[-44.43,-2.41],[-44.43,-2.22],[-44.65,-2.16],[-44.57,-1.84],[-44.86,-1.71],[-44.93,-1.45],[-45.29,-1.45],[-45.44,-1.64],[-45.51,-1.32],[-46.6,-1],[-46.67,-0.81],[-47.25,-0.74],[-47.25,-0.61],[-47.54,-0.55],[-47.55,-0.74],[-48.27,-0.74],[-48.42,-0.87],[-48.42,-1.13],[-48.64,-1.32],[-48.64,-1.51],[-48.93,-1.51],[-48.56,-0.81],[-48.49,-0.23],[-49.51,-0.1],[-49.59,0.09],[-49.81,0.09],[-49.74,0.22],[-49.81,0.35],[-50.25,0.35],[-50.1,0.48],[-50.1,0.67],[-50.39,0.74],[-50.24,0.99],[-49.95,1.12],[-50.02,1.19],[-49.95,1.7],[-50.09,1.83],[-50.38,1.89],[-50.46,2.15],[-50.6,2.15],[-50.67,2.02],[-50.75,2.47],[-51.04,3.05],[-51.27,4.21],[-51.56,4.4],[-51.63,4.14],[-51.7,4.14],[-51.99,3.56],[-52.35,3.31],[-52.5,2.79],[-52.86,2.28],[-53.29,2.15],[-53.51,2.28],[-54.02,2.28],[-54.31,2.09],[-54.61,2.34],[-54.97,2.54],[-55.33,2.54],[-55.55,2.41],[-56.06,2.47],[-56.21,2.34],[-56.21,2.15],[-55.99,1.96],[-56.13,1.83],[-56.72,1.89]]]},"properties":{"NAME":"Unitary State of Brazil","C":2,"name":"Unitary State of Brazil","start_year":1945,"end_year":1945,"capital":"","type":"polity","region":"","event":"","source":"Cliopatria / Seshat Global History Databank (CC BY 4.0)","wikipedia":"Brazil","wikidata":"Q155","_a":1527,"_c":[-54.44,-14.31],"_nz":"巴西单一制国家","_sz":""}},
{"type":"Feature","geometry":{"type":"MultiPolygon","coordinates":[[[[110.82,21.37],[110.9,21.37],[111.66,21.5],[111.86,21.76],[112.44,21.69],[112.92,21.89],[113,21.89],[112.72,22.4],[112.87,22.79],[112.74,22.91],[112.83,23.36],[113.2,23.75],[113.3,24.2],[113.11,24.39],[113.14,24.52],[112.95,24.65],[112.97,24.78],[112.78,24.91],[112.81,25.04],[112.61,25.16],[112.64,25.29],[112.32,25.55],[112.35,25.68],[112.18,25.87],[112.24,26.13],[112.1,26.19],[111.44,25.29],[110.45,24.84],[110,24.52],[108.68,22.72],[107.55,21.76],[107.59,21.56],[107.97,21.63],[108.1,21.5],[108.17,21.5],[108.73,21.69],[109.09,21.63],[109.12,21.37],[109.81,21.5],[109.87,21.44],[109.7,20.86],[109.77,20.86],[109.79,20.54],[109.93,20.47],[109.88,20.21],[110.57,20.34],[110.62,20.6],[110.36,20.86],[110.41,21.11],[110.2,21.18],[110.34,21.56],[110.64,21.56],[110.82,21.37]]],[[[119.87,26.64],[120.04,26.71],[120.1,26.9],[120.25,26.9],[120.39,27.16],[120.55,27.16],[120.87,27.99],[120.51,28.06],[120.16,28.64],[120.01,28.64],[119.68,29.02],[119.53,29.02],[119.44,29.22],[119.29,29.22],[119.2,29.41],[119.05,29.41],[118.97,29.6],[118.81,29.6],[118.73,29.79],[118.26,29.99],[118.18,30.18],[117.92,30.31],[117.19,30.18],[116.56,29.41],[116.07,29.09],[115.77,29.09],[115.59,29.22],[115.66,29.92],[115.53,29.99],[114.81,29.86],[114.69,29.73],[114.16,29.73],[113.74,29.6],[113.51,29.34],[113.22,28.64],[113.17,27.67],[112.57,26.84],[112.5,26.58],[112.66,26.32],[112.63,25.87],[113.16,25.29],[113.13,25.16],[113.39,24.97],[113.36,24.84],[113.5,24.78],[113.52,24.52],[113.68,24.26],[113.54,23.56],[114.11,23.43],[114.42,23.11],[114.39,22.98],[114.6,22.91],[114.72,22.72],[114.75,22.53],[114.9,22.53],[115.17,22.79],[115.37,22.66],[115.67,22.66],[115.7,22.79],[116.15,22.85],[116.13,23.11],[116.35,23.43],[116.42,23.43],[116.62,23.69],[116.92,23.69],[116.97,23.56],[117.18,23.49],[117.47,23.81],[117.69,23.81],[117.72,23.94],[118.08,24.2],[118.15,24.52],[118.22,24.52],[118.21,24.78],[118.49,25.04],[118.71,25.04],[118.82,24.84],[119.07,24.97],[118.99,25.23],[118.85,25.29],[118.89,25.74],[119.18,26],[119.57,26.07],[119.59,26.13],[119.94,26.32],[119.82,26.45],[119.87,26.64]]],[[[114.08,34.29],[114.28,34.04],[114.26,33.78],[114.38,33.71],[114.33,33.59],[114.46,33.52],[114.49,33.2],[114.62,33.14],[114.59,32.88],[114.72,32.81],[114.59,31.85],[115.05,31.85],[116.72,32.24],[117.04,32.49],[117.17,32.81],[116.99,32.94],[117.04,33.07],[116.71,33.39],[116.76,33.52],[116.56,33.78],[116.41,33.78],[116.28,34.04],[116,34.1],[115.93,34.29],[115.09,34.68],[113.72,34.74],[113.85,34.49],[114.13,34.42],[114.08,34.29]]],[[[108.72,37.9],[108.75,37.96],[107.97,38.16],[107.9,38.35],[107.51,38.35],[107.44,38.55],[107.29,38.55],[107.65,39.32],[107.44,39.38],[107.25,39.64],[107.53,39.9],[107.65,40.29],[107.55,40.42],[107.05,40.68],[106.29,40.74],[106.41,41.13],[105.81,41.98],[104.81,41.59],[104.53,41.65],[104.47,41.85],[103.72,41.78],[103.75,41.85],[103.23,41.91],[103.26,41.98],[102.29,42.11],[102.32,42.17],[101.83,42.3],[101.81,42.43],[101.56,42.56],[98.92,42.56],[98.95,42.63],[98.15,42.63],[97.7,42.69],[97.73,42.76],[96.58,42.69],[96.48,42.82],[96.32,42.82],[96.21,43.08],[96.05,43.08],[96.03,43.21],[95.87,43.21],[95.77,43.34],[95.84,43.47],[95.71,43.54],[95.77,43.67],[95.53,43.99],[95.32,44.06],[95.34,44.25],[94.81,44.32],[94.71,44.45],[94.45,44.58],[93.95,44.71],[93.8,44.91],[93.59,44.97],[91.75,45.04],[91.79,45.1],[91.01,45.17],[90.91,45.3],[90.74,45.3],[90.59,45.5],[90.58,45.63],[90.38,45.56],[90.17,45.3],[89.8,45.37],[87.53,45.56],[87.73,45.82],[86.11,46.02],[85.46,45.3],[85.61,45.1],[85.55,44.97],[85.74,44.84],[85.54,44.58],[85.67,44.52],[85.62,44.39],[85.42,44.32],[84.95,43.6],[84.79,43.6],[84.11,42.95],[83.9,42.82],[83.57,42.82],[83.47,42.95],[82.96,42.69],[81.92,42.69],[81.87,42.37],[80.78,42.24],[80.64,42.3],[80.19,42.17],[80.14,42.04],[78.77,41.59],[78.03,41.07],[76.89,41],[76.45,40.42],[76.27,40.36],[75.78,40.29],[75.64,40.36],[75.65,40.61],[75.49,40.61],[75.19,40.42],[74.89,40.48],[74.47,40.16],[73.93,39.97],[73.89,39.58],[73.71,39.51],[73.61,39.19],[73.79,39],[73.77,38.67],[73.96,38.55],[74.16,38.67],[74.47,38.67],[74.87,38.42],[74.87,37.9],[75.03,37.64],[74.92,37.25],[74.59,37.19],[74.55,37.06],[75.31,37],[75.41,36.8],[75.78,36.74],[76,36.42],[76.24,36.42],[76.28,36.29],[76.8,36.22],[76.81,35.97],[76.93,35.84],[77.59,35.71],[77.65,35.64],[77.52,35.45],[77.98,35.45],[78.09,35.58],[78.42,35.64],[78.48,35.84],[78.98,35.97],[79.44,35.97],[79.74,35.64],[80.15,35.45],[80.22,35.45],[81.48,35.52],[81.67,35.39],[82.02,35.52],[82.35,35.84],[82.74,35.84],[82.81,35.58],[83.28,35.58],[83.88,35.77],[84.63,35.71],[85,35.9],[85.7,35.9],[85.89,35.77],[86.24,35.9],[86.52,36.29],[86.8,36.42],[87.24,36.35],[88.67,36.67],[89.71,36.55],[89.98,36.42],[90.15,36.22],[89.84,35.77],[89.92,35.77],[89.89,35.45],[90.05,35.45],[89.96,35.19],[90.08,35.07],[89.83,34.55],[90.35,33.97],[90.94,33.91],[91.21,34.04],[91.27,33.71],[91.69,33.59],[91.63,33.39],[91.78,33.14],[91.68,32.81],[91.55,32.62],[91.3,32.56],[91.24,32.36],[91.8,32.17],[91.8,31.91],[92.03,31.66],[92.04,31.4],[92.17,31.34],[92.13,31.21],[92.27,31.14],[92.33,30.82],[92.47,30.76],[92.41,30.56],[92.61,30.44],[92.57,30.31],[92.42,30.31],[92.41,29.67],[92.63,29.67],[92.65,29.41],[92.78,29.34],[92.75,29.22],[92.51,29.15],[92.46,28.96],[92.61,28.96],[92.79,28.77],[93.02,28.77],[93.18,28.51],[93.45,28.7],[93.92,28.77],[94.58,29.28],[95.44,29.09],[95.9,29.41],[96.2,29.41],[96.32,29.28],[96.25,29.02],[96.62,28.96],[96.64,28.77],[96.37,28.57],[96.4,28.38],[96.86,28.44],[97.27,28.25],[97.51,28.32],[97.56,28.51],[97.98,28.38],[98.16,28.19],[98.26,27.67],[98.56,27.67],[98.79,27.35],[98.74,26.84],[98.76,26.58],[98.84,26.58],[98.67,25.81],[98.17,25.55],[98.13,25.36],[97.87,25.16],[97.82,24.91],[97.65,24.78],[97.59,24.46],[97.79,24.33],[97.65,23.94],[98.88,24.14],[98.73,23.75],[98.87,23.69],[98.94,23.24],[99.57,22.98],[99.29,22.14],[99.94,22.08],[100.07,21.95],[100.03,21.69],[100.22,21.5],[100.74,21.5],[101.16,21.76],[101.18,21.44],[101.32,21.37],[101.36,21.18],[101.81,21.18],[101.88,21.63],[101.64,22.01],[101.72,22.46],[102.15,22.4],[102.58,22.72],[102.87,22.66],[102.92,22.53],[103.22,22.53],[103.32,22.72],[103.77,22.72],[103.89,22.53],[104.04,22.53],[104.15,22.79],[104.52,22.72],[104.84,22.85],[104.96,23.11],[105.21,23.3],[105.44,23.3],[105.75,22.98],[106.2,22.98],[106.33,22.85],[106.71,22.91],[106.77,22.85],[106.63,22.46],[107.16,22.53],[107.22,22.46],[107.04,21.82],[107.26,21.82],[107.91,22.53],[108.15,22.66],[108.18,22.79],[108.42,22.91],[109.92,24.84],[110.78,25.36],[111.1,25.42],[112.7,27.61],[112.76,28.64],[113.13,29.34],[113.44,29.6],[113.49,29.99],[113.41,29.99],[113.61,30.37],[113.48,30.44],[113.81,30.95],[113.7,31.08],[113.25,31.08],[112.99,31.21],[112.96,31.34],[113.22,31.66],[113.57,31.79],[114.11,31.79],[114.15,32.11],[114.07,32.11],[114.26,32.62],[114.03,32.81],[114.08,33.14],[113.87,33.39],[113.79,33.97],[113.67,34.04],[113.72,34.16],[113.51,34.23],[113.57,34.36],[113.46,34.49],[113.23,34.49],[113.21,34.81],[111.72,34.74],[110.41,34.55],[110,34.87],[110.02,35.32],[110.34,35.71],[111.28,36.29],[111.57,36.61],[111.59,37],[111.51,37],[111.68,37.38],[111.93,38.09],[111.26,38.16],[111.19,38.35],[111.04,38.35],[111,38.61],[111.16,38.93],[111.52,39.19],[111.39,39.26],[111.6,39.51],[111.62,39.71],[111.53,39.84],[111.16,39.58],[110.42,39.51],[110.04,39.06],[110.64,39.32],[111.11,39.32],[110.58,38.55],[110.61,38.29],[110.46,37.77],[110.53,37.77],[110.3,37.25],[110.18,36.8],[109.92,36.55],[109.7,36.42],[109.19,36.48],[108.78,36.8],[108.79,37],[108.63,37],[108.72,37.9]]]]},"properties":{"NAME":"Republic of China","C":2,"name":"Republic of China","start_year":1945,"end_year":1945,"capital":"","type":"polity","region":"","event":"","source":"Cliopatria / Seshat Global History Databank (CC BY 4.0)","wikipedia":"Republic of China (1912-1949)","wikidata":"Q148","_a":1220,"_c":[97.24,33.12],"_nz":"中华民国","_sz":""}},
{"type":"Feature","geometry":{"type":"MultiPolygon","coordinates":[[[[49.76,-16.75],[49.72,-16.11],[49.56,-15.85],[49.61,-15.46],[49.76,-15.53],[49.93,-15.98],[50.23,-15.98],[50.42,-15.59],[50.4,-15.14],[50.16,-14.76],[50.11,-13.86],[50.04,-13.86],[50.02,-13.47],[49.77,-12.83],[49.54,-12.7],[49.3,-12.06],[49,-11.99],[49.01,-12.25],[48.65,-12.44],[48.81,-12.76],[48.62,-13.34],[48.19,-13.54],[48.2,-13.73],[47.89,-13.47],[47.75,-13.54],[47.85,-14.11],[47.56,-14.31],[47.65,-14.63],[47.51,-14.69],[47.21,-14.69],[47.22,-14.89],[46.94,-15.08],[46.95,-15.27],[46.58,-15.27],[46.44,-15.46],[46.16,-15.59],[46.16,-15.72],[45.5,-15.79],[45.51,-15.91],[45.29,-15.98],[45.07,-15.91],[44.79,-16.17],[44.27,-16.17],[44.37,-16.56],[43.75,-17.46],[43.88,-18.42],[44.12,-18.81],[44.14,-19.26],[44.3,-19.39],[44.25,-19.9],[44.34,-20.03],[43.92,-20.48],[43.71,-20.86],[43.66,-21.25],[43.44,-21.25],[43.3,-21.38],[43.31,-21.64],[43.04,-22.02],[43.16,-22.92],[43.4,-23.11],[43.41,-23.37],[43.56,-23.44],[43.43,-23.69],[43.47,-24.34],[43.71,-24.59],[43.82,-24.98],[44.29,-25.37],[44.67,-25.37],[44.99,-25.62],[45.51,-25.62],[46.08,-25.24],[46.68,-25.24],[46.97,-25.11],[47.17,-24.79],[47.21,-24.4],[47.42,-24.14],[47.46,-23.76],[47.72,-23.18],[47.7,-22.92],[47.78,-22.92],[47.95,-22.15],[48.09,-22.02],[48.08,-21.83],[48.34,-21.31],[48.51,-20.48],[48.72,-20.22],[48.7,-19.9],[48.9,-19.58],[48.95,-19.13],[49.34,-18.36],[49.32,-18.1],[49.46,-17.84],[49.35,-17.26],[49.47,-16.94],[49.62,-16.94],[49.76,-16.75]]],[[[49.76,-16.75],[49.7,-17.07],[49.92,-16.94],[49.9,-16.75],[49.76,-16.75]]],[[[48.26,-13.47],[48.25,-13.21],[48.1,-13.21],[48.04,-13.41],[48.26,-13.47]]],[[[44.93,-12.7],[44.94,-13.02],[45.09,-13.02],[45.15,-12.76],[44.93,-12.7]]],[[[43.52,-12.25],[43.52,-12.38],[43.74,-12.44],[43.74,-12.25],[43.52,-12.25]]],[[[44.47,-12.19],[44.18,-12.19],[44.33,-12.44],[44.48,-12.44],[44.47,-12.19]]],[[[43.13,-11.61],[43.14,-11.86],[43.36,-11.93],[43.34,-11.35],[43.12,-11.35],[43.13,-11.61]]],[[[42.4,12.44],[41.86,11.73],[41.83,10.96],[42.05,10.89],[42.35,11.02],[42.86,11.02],[43.08,11.15],[43.24,11.54],[43.25,11.6],[42.73,11.6],[42.81,11.73],[43.48,11.99],[43.5,12.31],[43.22,12.63],[43.22,12.69],[43,12.63],[42.77,12.37],[42.4,12.44]]],[[[11.54,33.14],[11.16,33.2],[11.08,33.59],[10.7,33.52],[10.54,33.71],[10.24,33.71],[10.01,33.91],[10.08,34.23],[10,34.29],[10.54,34.55],[10.85,34.81],[10.85,34.94],[11.08,35],[11.01,35.39],[11.08,35.58],[10.46,35.9],[10.54,36.35],[10.46,36.42],[11.01,36.8],[11.01,37],[10.46,36.74],[10.23,36.8],[10.23,37.06],[10.23,37.25],[9.99,37.19],[9.6,37.32],[9.06,37.06],[8.9,37.13],[8.52,36.87],[7.74,36.87],[7.5,37.06],[7.35,37.06],[7.19,36.87],[6.8,36.87],[6.33,37.06],[6.1,36.93],[6.11,36.8],[5.64,36.8],[5.56,36.67],[5.1,36.67],[4.86,36.87],[4.24,36.93],[3.85,36.8],[3.46,36.87],[3.23,36.74],[2.84,36.74],[2.69,36.61],[2.38,36.67],[1.53,36.48],[1.22,36.55],[0.91,36.35],[0.68,36.42],[0.68,36.29],[0.38,36.22],[0.08,35.84],[-0.46,35.84],[-0.53,35.71],[-0.92,35.71],[-1.14,35.45],[-1.36,35.26],[-1.59,35.26],[-1.66,35.13],[-2.58,35.07],[-2.81,34.87],[-4.73,34.87],[-5.28,34.94],[-5.44,35.07],[-6.14,35.07],[-6.26,34.68],[-6.48,34.49],[-6.47,34.36],[-6.7,34.29],[-6.61,34.16],[-6.9,33.91],[-7.06,33.97],[-7.13,33.84],[-8.55,33.33],[-9.2,32.75],[-9.33,32.49],[-9.31,32.17],[-9.52,31.98],[-9.51,31.85],[-9.73,31.72],[-9.78,31.34],[-9.86,31.34],[-9.88,30.56],[-9.65,30.5],[-9.63,30.24],[-9.4,30.24],[-9.39,29.99],[-9.83,29.86],[-9.83,29.79],[-10.05,29.67],[-10.04,29.54],[-10.33,29.34],[-10.47,29.09],[-10.62,29.09],[-11.33,28.51],[-11.33,28.44],[-10.78,28.12],[-10.1,28.12],[-9.13,28.32],[-9.14,28.44],[-8.7,28.57],[-8.65,27.8],[-8.73,27.8],[-8.57,26.26],[-8.71,26],[-11.93,26],[-11.88,23.56],[-12.17,23.36],[-12.62,23.3],[-13.05,22.91],[-12.91,21.44],[-13.05,21.31],[-16.91,21.31],[-17.06,21.31],[-17.04,20.99],[-16.83,21.05],[-16.66,20.6],[-16.36,20.54],[-16.2,20.28],[-16.18,20.02],[-16.25,19.83],[-16.47,19.76],[-16.38,19.44],[-16.53,19.44],[-16.52,19.31],[-16.14,18.93],[-16.01,17.64],[-16.49,16.55],[-16.6,15.65],[-16.81,15.26],[-17.03,15.14],[-17.02,15.01],[-17.39,14.88],[-17.45,14.69],[-17.23,14.69],[-17.01,14.49],[-16.77,14.04],[-16.77,13.79],[-16.62,13.79],[-16.54,13.59],[-15.88,13.53],[-15.52,13.59],[-15.23,13.79],[-14.86,13.79],[-14.78,13.66],[-14.26,13.46],[-13.75,13.46],[-14.04,13.21],[-14.48,13.27],[-14.93,13.53],[-15.15,13.53],[-15.36,13.34],[-15.73,13.34],[-15.73,13.21],[-15.87,13.14],[-16.75,13.08],[-16.82,13.01],[-16.73,12.31],[-16.66,12.31],[-16.22,12.44],[-15.56,12.44],[-15.35,12.63],[-13.59,12.63],[-13.58,12.37],[-13.87,12.24],[-13.87,12.05],[-13.72,11.86],[-13.86,11.66],[-14.59,11.54],[-14.81,11.34],[-14.95,10.96],[-14.8,10.96],[-14.8,10.7],[-14.65,10.7],[-14.58,10.31],[-14.06,10.06],[-13.91,9.86],[-13.77,9.86],[-13.47,9.29],[-13.32,9.29],[-13.32,9.03],[-12.88,9.16],[-12.45,9.86],[-12.08,9.86],[-11.94,9.99],[-11.28,9.99],[-10.91,9.74],[-10.84,9.48],[-10.69,9.41],[-10.54,8.58],[-10.61,8.58],[-10.69,8.32],[-10.25,8.45],[-9.66,8.51],[-9.52,8.39],[-9.37,7.94],[-9.44,7.42],[-9.22,7.23],[-8.86,7.29],[-8.71,7.68],[-8.42,7.55],[-8.27,6.97],[-8.57,6.46],[-7.98,6.26],[-7.4,5.62],[-7.4,5.36],[-7.62,4.91],[-7.56,4.34],[-7.48,4.34],[-5.87,5.04],[-5.29,5.04],[-5.29,5.17],[-4.71,5.11],[-4.63,5.24],[-3.98,5.24],[-3.69,5.11],[-3.18,5.11],[-2.96,4.98],[-2.96,5.11],[-2.74,5.24],[-2.74,5.49],[-2.96,5.62],[-3.03,6.01],[-3.17,6.14],[-3.24,6.84],[-3.02,7.42],[-2.87,7.55],[-2.87,7.74],[-2.51,8.19],[-2.51,8.64],[-2.73,8.96],[-2.65,9.35],[-2.73,9.35],[-2.73,10.19],[-2.88,10.44],[-2.8,10.96],[-0.83,11.02],[-0.54,10.89],[-0.32,11.09],[-0.02,11.09],[-0.02,10.64],[0.42,10.25],[0.34,9.54],[0.34,9.41],[0.56,9.35],[0.49,9.22],[0.41,8.58],[0.7,8.39],[0.55,7.42],[0.7,7.23],[0.55,7.04],[0.55,6.71],[1.13,6.07],[1.42,6.2],[2.66,6.33],[2.74,6.33],[2.82,7.61],[2.75,7.61],[2.75,8.96],[3.12,9.09],[3.19,9.54],[3.34,9.8],[3.63,9.99],[3.63,10.31],[3.85,10.51],[3.78,11.09],[3.56,11.28],[3.56,11.66],[3.71,11.86],[3.71,12.5],[4.15,13.01],[4.22,13.46],[4.59,13.72],[5.84,13.85],[6.13,13.66],[6.42,13.66],[6.94,13.01],[7.3,13.08],[7.74,13.34],[8.11,13.34],[8.4,13.08],[8.77,13.01],[8.99,12.82],[9.57,12.76],[10.16,13.27],[10.38,13.34],[11.19,13.4],[11.85,13.27],[12.14,13.08],[12.44,13.08],[12.88,13.46],[13.62,13.72],[14.12,13.08],[14.19,12.44],[14.7,12.18],[14.62,11.47],[13.81,11.15],[13.58,10.64],[13.58,10.38],[13.28,9.99],[13.28,9.61],[12.91,9.35],[12.91,9.03],[12.76,8.71],[12.61,8.71],[12.24,8.39],[12.24,8.06],[11.87,7.55],[11.79,7.04],[11.57,6.84],[11.42,6.46],[11.27,6.46],[10.39,5.75],[10.17,5.75],[9.94,5.3],[9.8,5.24],[9.87,4.98],[9.72,4.79],[9.57,4.79],[9.42,4.46],[9.49,4.01],[9.63,3.89],[9.49,3.82],[9.48,3.63],[9.63,3.56],[9.62,3.37],[9.84,3.11],[9.69,2.73],[9.68,2.21],[11.21,2.15],[11.27,1.64],[11.19,1.06],[9.95,0.93],[9.44,0.99],[9.44,0.67],[9.22,0.67],[9.14,0.48],[9.57,0.16],[9.14,0.29],[9.15,-0.42],[8.93,-0.68],[8.71,-0.68],[8.64,-0.94],[8.93,-1.26],[8.93,-1.51],[9.15,-1.58],[9.08,-1.77],[9.23,-1.9],[9.37,-2.35],[10.39,-3.19],[10.83,-3.89],[11.49,-4.34],[11.71,-4.92],[11.93,-5.05],[12.66,-4.41],[12.95,-4.66],[13.09,-4.66],[13.24,-4.86],[13.46,-4.86],[13.75,-4.47],[14.33,-4.34],[14.33,-4.86],[14.55,-4.92],[14.92,-4.66],[14.91,-4.54],[15.21,-4.28],[15.35,-4.28],[15.64,-3.96],[15.86,-3.89],[16.15,-3.25],[16.15,-2.61],[16.07,-2.61],[16.14,-2.09],[16.43,-1.9],[16.72,-1.26],[17.23,-1],[17.23,-0.87],[17.52,-0.68],[17.66,-0.42],[17.65,0.09],[17.87,0.41],[17.81,1.12],[18.04,1.7],[17.97,1.76],[18.06,2.41],[18.58,3.18],[18.53,4.34],[18.75,4.46],[18.82,4.72],[19.27,5.11],[19.71,5.11],[20.14,4.91],[20.57,4.4],[21.8,4.27],[22.31,4.08],[22.46,4.14],[22.76,4.79],[23.34,4.59],[24.22,4.91],[24.3,5.04],[24.95,4.91],[25.24,5.04],[25.39,5.3],[26.27,5.17],[26.41,5.04],[26.85,5.04],[27.22,5.24],[27.22,5.62],[26.5,6.01],[26.5,6.14],[26.29,6.33],[26.3,6.65],[26.08,6.78],[26.08,6.91],[25.8,7.16],[25.22,7.42],[25.23,7.81],[24.94,7.94],[24.72,8.19],[24.21,8.26],[24.15,8.51],[24.22,8.58],[24.08,8.71],[23.57,8.77],[23.5,9.16],[23.73,9.41],[23.66,9.93],[23.45,10.31],[22.88,10.89],[22.96,11.28],[22.6,11.54],[22.68,11.99],[22.54,12.05],[22.47,12.24],[22.47,12.63],[21.89,12.69],[21.89,13.01],[22.27,13.27],[22.21,13.85],[22.58,14.11],[22.52,14.62],[22.66,14.69],[22.74,14.94],[23.05,15.26],[23.05,15.59],[23.35,15.71],[23.94,15.71],[24.09,15.84],[24.04,19.57],[23.45,19.76],[23.38,19.89],[22.94,20.02],[22.13,20.54],[21.69,20.66],[21.25,20.99],[20.81,21.11],[20.74,21.24],[20.29,21.37],[20.22,21.5],[18.82,22.14],[18.89,22.27],[18.97,26.84],[18.89,26.84],[18.99,28.19],[18.62,28.51],[18.25,28.51],[17.95,28.77],[17.8,28.77],[17.88,29.15],[17.73,29.22],[17.74,29.41],[17.59,29.54],[17.13,29.28],[16.83,29.47],[16.68,29.34],[16.45,29.34],[16.23,29.54],[16,29.54],[15.92,29.41],[15.24,29.47],[14.86,29.28],[14.48,29.28],[13.88,29.34],[13.58,29.6],[13.43,29.6],[13.12,29.41],[13.12,29.15],[12.82,28.89],[12.74,28.64],[12.36,28.51],[11.76,28.7],[11.61,28.89],[11.38,28.89],[11.3,28.7],[9.95,28.77],[9.87,29.34],[9.56,29.92],[9.41,29.99],[9.41,30.18],[9.94,30.37],[10.32,30.82],[10.17,31.59],[10.47,31.72],[11,32.24],[11.54,32.36],[11.54,33.14]]]]},"properties":{"NAME":"French Africa","C":0,"name":"French Africa","start_year":1945,"end_year":1945,"capital":"","type":"polity","region":"","event":"","source":"Cliopatria / Seshat Global History Databank (CC BY 4.0)","wikipedia":"French Africa","wikidata":"Q19951607","_a":4272,"_c":[16.49,5.85],"_nz":"法属非洲","_sz":""}},
{"type":"Feature","geometry":{"type":"Polygon","coordinates":[[[35.78,33.33],[35.91,33.14],[35.82,32.94],[35.87,32.69],[36.1,32.69],[36.3,32.43],[36.67,32.3],[36.99,32.36],[37.97,33.01],[38.44,33.14],[39.02,33.52],[39.49,33.65],[39.58,33.78],[41.04,34.42],[41.24,34.74],[41.44,35.77],[41.29,36.42],[42.11,36.74],[42.4,37.13],[42.26,37.25],[42.03,37.25],[41.61,37.06],[40.76,37.13],[39.54,36.67],[38.84,36.67],[38.55,36.87],[38.01,36.87],[37.83,36.74],[37.2,36.61],[36.91,36.8],[36.68,36.8],[36.62,36.29],[36.46,36.22],[36.27,35.9],[35.96,35.9],[35.88,35.9],[35.84,35.58],[35.99,35.52],[35.89,35.26],[35.93,34.87],[36.06,34.61],[36.37,34.68],[36.63,34.16],[36.29,33.84],[36.05,33.78],[36.02,33.52],[35.78,33.33]]]},"properties":{"NAME":"French Mandate for Syria and Lebanon","C":3,"name":"French Mandate for Syria and Lebanon","start_year":1945,"end_year":1945,"capital":"","type":"polity","region":"","event":"","source":"Cliopatria / Seshat Global History Databank (CC BY 4.0)","wikipedia":"Mandate for Syria and the Lebanon","wikidata":"Q139708","_a":33,"_c":[39.09,34.78],"_nz":"法属叙利亚与黎巴嫩托管地","_sz":""}},
{"type":"Feature","geometry":{"type":"Polygon","coordinates":[[[88.64,48.19],[88.67,48.26],[88.32,48.39],[88.31,48.52],[88.06,48.52],[87.9,48.85],[87.73,48.85],[87.78,49.12],[86.87,49.12],[86.65,48.85],[86.78,48.79],[86.6,48.59],[85.64,48.32],[85.46,47.8],[85.62,47.6],[85.55,47.47],[85.74,47.33],[85.68,47.2],[85.14,46.94],[83.91,46.94],[83.61,47.01],[83.37,47.2],[83.04,47.2],[82.31,45.56],[82.72,45.37],[82.55,45.17],[81.9,45.17],[81.8,45.3],[81.39,45.3],[79.95,44.97],[79.98,44.84],[80.41,44.71],[80.36,43.99],[80.74,43.54],[80.68,43.41],[80.79,43.28],[80.63,43.08],[80.47,43.08],[80.47,42.89],[80.29,42.82],[80.19,42.17],[80.64,42.3],[80.78,42.24],[81.87,42.37],[81.92,42.69],[82.96,42.69],[83.47,42.95],[83.57,42.82],[83.9,42.82],[84.11,42.95],[84.79,43.6],[84.95,43.6],[85.42,44.32],[85.62,44.39],[85.67,44.52],[85.54,44.58],[85.74,44.84],[85.55,44.97],[85.61,45.1],[85.46,45.3],[86.11,46.02],[87.73,45.82],[87.53,45.56],[89.8,45.37],[90.17,45.3],[90.38,45.56],[90.58,45.63],[90.99,46.15],[90.91,46.15],[91.01,46.68],[90.17,47.8],[89.71,47.86],[89.61,47.99],[89.03,47.99],[88.94,48.13],[88.64,48.19]]]},"properties":{"NAME":"East Turkestan Republic","C":6,"name":"East Turkestan Republic","start_year":1945,"end_year":1947,"capital":"","type":"polity","region":"","event":"","source":"Cliopatria / Seshat Global History Databank (CC BY 4.0)","wikipedia":"East Turkestan","wikidata":"Q840601","_a":77,"_c":[85.48,45.65],"_nz":"东突厥斯坦共和国","_sz":""}},
{"type":"Feature","geometry":{"type":"MultiPolygon","coordinates":[[[[15.07,55.02],[15.08,55.23],[14.64,55.29],[14.64,55.09],[15.07,55.02]]],[[[10.97,55.02],[10.88,54.75],[11.58,54.68],[12.1,54.75],[12.11,55.16],[12.37,55.23],[12.38,55.43],[12.2,55.57],[12.56,55.7],[12.56,56.11],[12.48,56.18],[11.33,56.05],[11.24,55.84],[10.89,55.77],[10.89,55.63],[11.06,55.57],[10.97,55.29],[11.5,55.23],[11.67,55.09],[11.67,54.89],[10.97,55.02]]],[[[10.45,55.98],[10.36,55.77],[10.63,55.77],[10.63,55.98],[10.45,55.98]]],[[[9.93,54.82],[10.01,54.89],[9.93,55.09],[10.54,55.02],[10.54,54.75],[10.71,54.75],[10.88,54.95],[10.8,55.43],[10.63,55.5],[10.63,55.63],[9.75,55.57],[9.93,55.7],[9.93,55.84],[10.28,55.98],[10.54,56.18],[10.81,56.18],[10.9,56.52],[10.28,56.59],[10.28,57.08],[10.55,57.28],[10.46,57.77],[9.92,57.7],[9.83,57.56],[9.39,57.21],[8.5,57.21],[8.15,56.87],[8.24,56.73],[7.98,56.66],[7.99,56.11],[8.08,56.11],[8,55.63],[8.09,55.5],[8.35,55.5],[8.53,55.36],[8.44,55.23],[8.53,54.89],[9.93,54.82]]],[[[-7.02,61.62],[-6.99,61.48],[-6.71,61.41],[-6.74,61.62],[-7.02,61.62]]],[[[-7.32,62.33],[-7.28,62.05],[-6.69,61.9],[-6.66,62.26],[-6.96,62.4],[-7.32,62.33]]]]},"properties":{"NAME":"Denmark","C":2,"name":"Denmark","start_year":1945,"end_year":1945,"capital":"","type":"polity","region":"","event":"","source":"Cliopatria / Seshat Global History Databank (CC BY 4.0)","wikipedia":"Denmark","wikidata":"Q350186","_a":173,"_c":[3.88,58.54],"_nz":"丹麦","_sz":""}},
{"type":"Feature","geometry":{"type":"MultiPolygon","coordinates":[[[[41.58,41.52],[41.41,41.46],[41.31,41.33],[41.16,41.39],[41.05,41.2],[40.37,40.94],[39.74,40.94],[39.05,41.13],[38.78,40.94],[38.3,40.87],[38.16,41],[37.83,40.94],[37.77,41.07],[37.21,41.07],[36.77,41.33],[36.21,41.26],[35.95,41.72],[35.31,41.65],[35.09,41.78],[35.12,42.04],[34.88,42.04],[34.78,41.91],[32.63,41.91],[32.69,41.78],[32.03,41.52],[31.53,41.39],[31.35,41.13],[30.78,41.07],[30.48,41.2],[28.96,41.13],[28.98,41.26],[28.35,41.39],[28.22,41.65],[28.05,41.59],[28,41.91],[27.93,41.98],[27.45,41.98],[27.38,42.11],[27.06,42.11],[26.57,41.98],[26.31,41.72],[26.61,41.52],[26.6,41.33],[26.34,41.13],[26.24,40.81],[26.08,40.81],[26.14,40.61],[26.63,40.74],[26.92,40.48],[27.02,40.68],[27.53,41.07],[28.08,41],[28.17,41.13],[28.63,41],[29.12,41.07],[29.1,40.94],[29.25,40.81],[29.49,40.87],[29.39,40.68],[28.91,40.61],[28.9,40.48],[29.05,40.36],[27.94,40.36],[27.79,40.48],[27.7,40.29],[27.54,40.29],[27.47,40.42],[26.67,40.36],[26.6,40.48],[26.27,40.29],[26.13,39.51],[26.85,39.58],[26.74,39.26],[26.89,39.19],[26.96,39],[26.85,38.61],[27.08,38.55],[27.06,38.35],[26.59,38.35],[26.54,38.61],[26.38,38.67],[26.43,38.22],[26.82,38.22],[26.89,38.09],[27.28,38.03],[27.18,37.77],[27.16,37.58],[27.31,37.45],[27.54,37.38],[27.6,37.13],[28.07,37.13],[28.14,37.06],[28.03,36.67],[28.19,36.67],[28.36,36.87],[28.59,36.87],[28.74,36.74],[29.12,36.74],[29.24,36.22],[29.94,36.22],[30.03,36.35],[30.49,36.35],[30.62,36.93],[31.09,36.93],[32.07,36.61],[32.5,36.22],[32.56,36.03],[32.71,36.03],[33.27,36.22],[33.98,36.29],[34.25,36.67],[34.58,36.87],[34.89,36.87],[34.95,36.67],[35.11,36.74],[35.49,36.61],[35.83,36.93],[36.14,36.93],[36.29,36.8],[36.26,36.61],[35.85,36.35],[35.99,36.22],[35.96,35.9],[36.27,35.9],[36.46,36.22],[36.62,36.29],[36.68,36.8],[36.91,36.8],[37.2,36.61],[37.83,36.74],[38.01,36.87],[38.55,36.87],[38.84,36.67],[39.54,36.67],[40.76,37.13],[41.61,37.06],[42.03,37.25],[42.26,37.25],[42.4,37.13],[42.55,37.13],[42.74,37.32],[43.44,37.32],[43.65,37.19],[44.22,37.32],[44.25,37],[44.48,37],[44.74,37.19],[44.77,37.38],[44.63,37.45],[44.59,37.71],[44.31,37.9],[44.45,38.35],[44.31,38.42],[44.31,38.93],[44.17,39],[44.07,39.38],[44.4,39.45],[44.52,39.71],[44.77,39.77],[44.42,40.03],[43.86,40.03],[43.65,40.16],[43.64,40.55],[43.77,40.87],[43.56,41],[43.58,41.13],[43.19,41.2],[42.86,41.59],[42.62,41.59],[42.44,41.46],[41.58,41.52]]],[[[25.8,40.29],[25.7,40.1],[26.02,40.16],[26.04,40.29],[25.8,40.29]]]]},"properties":{"NAME":"Republic of Turkey","C":3,"name":"Republic of Turkey","start_year":1945,"end_year":1945,"capital":"","type":"polity","region":"","event":"","source":"Cliopatria / Seshat Global History Databank (CC BY 4.0)","wikipedia":"Turkey","wikidata":"Q43","_a":118,"_c":[35.24,39],"_nz":"土耳其共和国","_sz":""}},
{"type":"Feature","geometry":{"type":"MultiPolygon","coordinates":[[[[28.96,-30.06],[29.09,-29.67],[29.3,-29.48],[29.29,-29.22],[28.57,-28.64],[28.2,-28.64],[28.13,-28.77],[27.53,-28.97],[27.26,-29.48],[26.89,-29.67],[27.22,-30.19],[27.23,-30.38],[27.71,-30.7],[27.93,-30.7],[28.21,-30.25],[28.88,-30.06],[28.96,-30.06]]],[[[31.74,-25.94],[31.06,-25.82],[30.72,-26.39],[30.74,-26.91],[30.98,-27.1],[30.99,-27.23],[31.59,-27.36],[31.82,-27.29],[31.87,-26.91],[32.02,-26.84],[31.98,-26.14],[31.74,-25.94]]],[[[25.1,31.59],[25.11,31.79],[24.89,31.98],[24.13,31.98],[23.68,32.17],[23.15,32.24],[23.09,32.62],[22.71,32.69],[22.56,32.81],[21.88,32.94],[21.41,32.75],[21.11,32.81],[20.87,32.62],[20.56,32.56],[20.48,32.43],[20.33,32.49],[20.25,32.24],[20.02,32.24],[20.09,32.11],[20,31.59],[20.21,31.27],[20.13,31.14],[20.2,30.89],[19.97,30.69],[19.96,30.56],[19.5,30.31],[18.97,30.24],[18.9,30.37],[18.59,30.37],[18.22,30.76],[17.85,30.95],[16.86,31.21],[16.18,31.21],[15.65,31.4],[15.58,31.59],[15.42,31.66],[15.21,32.36],[14.75,32.43],[14.67,32.56],[14.44,32.49],[14.07,32.75],[13.76,32.75],[13.76,32.88],[13.45,32.81],[13.3,32.94],[13.07,32.88],[12.84,32.88],[12.84,32.75],[12.53,32.75],[12.61,32.88],[12.23,32.81],[11.62,33.14],[11.54,33.14],[11.54,32.36],[11,32.24],[10.47,31.72],[10.17,31.59],[10.32,30.82],[9.94,30.37],[9.41,30.18],[9.41,29.99],[9.56,29.92],[9.87,29.34],[9.95,28.77],[11.3,28.7],[11.38,28.89],[11.61,28.89],[11.76,28.7],[12.36,28.51],[12.74,28.64],[12.82,28.89],[13.12,29.15],[13.12,29.41],[13.43,29.6],[13.58,29.6],[13.88,29.34],[14.48,29.28],[14.86,29.28],[15.24,29.47],[15.92,29.41],[16,29.54],[16.23,29.54],[16.45,29.34],[16.68,29.34],[16.83,29.47],[17.13,29.28],[17.59,29.54],[17.74,29.41],[17.73,29.22],[17.88,29.15],[17.8,28.77],[17.95,28.77],[18.25,28.51],[18.62,28.51],[18.99,28.19],[18.89,26.84],[18.97,26.84],[18.89,22.27],[18.82,22.14],[20.22,21.5],[20.29,21.37],[20.74,21.24],[20.81,21.11],[21.25,20.99],[21.69,20.66],[22.13,20.54],[22.94,20.02],[23.38,19.89],[23.45,19.76],[24.04,19.57],[24.09,15.84],[23.94,15.71],[23.35,15.71],[23.05,15.59],[23.05,15.26],[22.74,14.94],[22.66,14.69],[22.52,14.62],[22.58,14.11],[22.21,13.85],[22.27,13.27],[21.89,13.01],[21.89,12.69],[22.47,12.63],[22.47,12.24],[22.54,12.05],[22.68,11.99],[22.6,11.54],[22.96,11.28],[22.88,10.89],[23.45,10.31],[23.66,9.93],[23.73,9.41],[23.5,9.16],[23.57,8.77],[24.08,8.71],[24.22,8.58],[24.15,8.51],[24.21,8.26],[24.72,8.19],[24.94,7.94],[25.23,7.81],[25.22,7.42],[25.8,7.16],[26.08,6.91],[26.08,6.78],[26.3,6.65],[26.29,6.33],[26.5,6.14],[26.5,6.01],[27.22,5.62],[27.22,5.24],[27.86,4.53],[28.22,4.34],[28.87,4.46],[29.16,4.34],[29.53,4.66],[29.89,4.34],[30.03,4.01],[30.32,3.95],[30.6,3.56],[30.82,3.56],[30.72,2.41],[31.23,2.15],[31.15,1.96],[29.89,0.86],[29.88,0.54],[29.66,0.22],[29.53,-0.87],[29.46,-0.87],[29.53,-1.32],[29.9,-1.45],[30.19,-1.13],[30.33,-1.13],[30.77,-1.71],[30.78,-2.22],[30.34,-2.54],[30.42,-2.93],[30.71,-2.99],[30.57,-3.44],[30.28,-3.64],[29.92,-4.28],[29.56,-4.41],[29.56,-4.86],[29.71,-4.92],[29.71,-5.44],[29.86,-5.56],[29.87,-6.01],[29.72,-6.08],[29.72,-6.34],[30.09,-6.4],[30.17,-6.59],[30.39,-6.66],[30.54,-7.49],[30.84,-7.94],[30.92,-8.26],[31.06,-8.33],[31.14,-8.78],[30.71,-8.78],[30.63,-8.59],[30.34,-8.59],[30.33,-8.26],[28.95,-8.46],[28.81,-8.84],[28.3,-9.23],[28.6,-9.68],[28.54,-10.19],[28.62,-10.58],[28.4,-10.96],[28.34,-11.8],[29.02,-12.44],[29.31,-12.44],[29.52,-12.19],[29.74,-12.25],[29.7,-13.41],[29.55,-13.28],[29.33,-13.28],[29.18,-13.41],[28.89,-13.41],[28.81,-13.15],[28.51,-12.96],[28.36,-12.57],[28.14,-12.38],[27.47,-12.25],[27.4,-11.99],[27.1,-11.67],[26.88,-11.74],[26.74,-11.99],[26.15,-11.99],[25.78,-11.8],[25.34,-11.74],[25.19,-11.29],[24.82,-11.29],[24.39,-11.48],[24.31,-11.16],[24.01,-10.9],[23.87,-10.96],[24.02,-11.16],[24.02,-11.41],[23.88,-11.74],[23.96,-12.44],[23.82,-12.64],[23.82,-12.96],[21.91,-13.02],[21.97,-16.36],[22.12,-16.69],[23.24,-17.65],[23.83,-17.52],[24.86,-17.52],[25.02,-17.78],[24.72,-17.84],[24.58,-18.04],[24.14,-17.97],[23.63,-18.49],[23.41,-18.42],[23.41,-18.29],[23.1,-18.04],[20.89,-18.36],[20.95,-21.89],[20.8,-22.02],[19.91,-22.02],[19.88,-24.85],[20.33,-25.11],[20.73,-25.94],[20.51,-26.46],[20.52,-26.84],[21.65,-26.84],[22.53,-26.14],[22.74,-25.43],[22.96,-25.3],[23.33,-25.3],[23.56,-25.56],[24.17,-25.69],[24.47,-25.88],[25.44,-25.69],[25.65,-25.37],[25.79,-24.79],[26.3,-24.66],[26.67,-24.34],[26.8,-23.89],[26.8,-23.82],[27.31,-23.37],[27.61,-23.31],[28.26,-22.6],[28.7,-22.54],[29.14,-22.15],[29.81,-22.21],[30.03,-22.34],[30.93,-22.34],[31,-22.34],[31.15,-22.47],[31.59,-22.09],[31.58,-21.96],[32.31,-21.38],[32.43,-20.67],[32.72,-20.41],[32.92,-19.96],[32.92,-19.77],[32.77,-19.71],[32.66,-18.87],[32.81,-18.81],[32.94,-18.49],[32.99,-17.71],[32.91,-17.71],[32.9,-17.2],[32.82,-17.2],[32.88,-16.81],[32.36,-16.49],[31.69,-16.36],[31.31,-16.11],[30.35,-15.98],[30.27,-15.79],[30.34,-15.53],[30.19,-15.4],[30.1,-15.01],[32,-14.44],[32.14,-14.31],[32.8,-14.18],[32.94,-14.05],[33.31,-14.24],[33.47,-14.56],[34.27,-14.44],[34.5,-14.69],[34.52,-15.21],[34.24,-15.66],[34.26,-16.17],[34.42,-16.49],[35.02,-16.94],[35.03,-17.14],[35.18,-17.14],[35.24,-16.81],[35.09,-16.75],[35.08,-16.43],[35.79,-15.85],[35.76,-14.95],[35.83,-14.76],[35.52,-14.24],[35.14,-13.92],[35.23,-14.44],[35.01,-14.44],[34.86,-14.24],[34.49,-14.31],[34.41,-14.05],[34.47,-13.73],[34.17,-13.54],[34.15,-12.76],[33.85,-12.38],[33.92,-12.31],[33.84,-12.12],[34.13,-11.67],[34.11,-10.84],[34.03,-10.84],[34.1,-10.39],[33.8,-10.13],[33.79,-9.55],[34.15,-9.49],[34.38,-9.74],[34.53,-10.13],[34.47,-10.64],[34.62,-10.71],[34.55,-11.03],[34.85,-11.29],[34.93,-11.61],[35.37,-11.67],[35.66,-11.48],[35.88,-11.48],[36.03,-11.67],[36.4,-11.8],[36.98,-11.61],[37.28,-11.8],[37.85,-11.29],[38.51,-11.41],[38.73,-11.22],[39.53,-11.03],[40.32,-10.51],[40.39,-10.32],[39.72,-10],[39.55,-9.1],[39.41,-9.1],[39.4,-8.78],[39.25,-8.59],[39.38,-7.81],[39.23,-7.75],[39.23,-7.49],[39.44,-7.17],[39.43,-6.85],[39.21,-6.79],[39.21,-6.66],[38.77,-6.34],[38.76,-5.76],[39.04,-5.31],[39.11,-4.73],[39.4,-4.6],[39.54,-4.15],[39.75,-3.89],[39.82,-3.51],[40.18,-3.12],[40.1,-2.86],[40.17,-2.67],[40.61,-2.54],[41.04,-2.16],[41.04,-2.03],[41.4,-1.9],[41.47,-1.64],[41.69,-1.51],[41.83,-1.26],[41.83,-1],[42.12,-0.87],[42.12,-0.74],[42.91,0.03],[42.9,0.16],[43.27,0.41],[43.28,0.54],[44.39,1.51],[45.5,2.09],[45.72,2.34],[45.87,2.34],[46.69,3.05],[46.69,3.18],[47.06,3.44],[47.06,3.56],[47.89,4.34],[48.12,4.85],[48.65,5.43],[48.73,5.69],[48.88,5.75],[49.2,6.78],[49.81,7.55],[49.83,7.94],[50.2,8.19],[50.37,8.77],[50.83,9.29],[50.95,10.31],[51.18,10.51],[51.14,11.41],[51.31,11.86],[51.1,11.99],[50.59,11.99],[50.43,11.73],[50.13,11.54],[49.69,11.54],[49.09,11.28],[48.36,11.34],[47.99,11.15],[47.26,11.21],[46.58,10.76],[45.71,10.89],[44.88,10.44],[44.37,10.44],[44.08,10.57],[43.73,10.96],[43.67,11.21],[43.32,11.54],[43.24,11.54],[43.08,11.15],[42.86,11.02],[42.76,10.44],[43.04,9.93],[43.25,9.8],[43.38,9.41],[43.6,9.35],[43.81,9.09],[46.7,8.13],[46.84,8],[47.86,7.94],[47.85,7.81],[47.33,7.42],[47.32,7.29],[46.65,6.78],[46.65,6.65],[45.6,5.69],[45.21,5.11],[44.77,4.85],[43.68,4.91],[43.31,4.79],[42.64,4.21],[42.13,4.21],[41.76,3.95],[41.32,3.89],[40.6,4.27],[40.08,4.08],[39.56,3.63],[39.49,3.44],[38.18,3.56],[37.6,3.82],[37.1,4.34],[36.01,4.46],[35.73,4.79],[35.81,5.17],[35.09,5.56],[34.76,6.59],[34.11,7.1],[34.05,7.36],[33.69,7.68],[33.33,7.68],[33.04,7.87],[33.04,8.13],[33.27,8.45],[33.85,8.39],[34.15,8.64],[34.17,9.09],[34.09,9.09],[34.03,9.54],[34.18,9.74],[34.19,9.99],[34.34,10.12],[34.36,10.64],[34.51,10.83],[34.66,10.83],[34.73,10.7],[34.95,10.76],[35.21,11.99],[35.35,12.05],[35.44,12.31],[35.82,12.69],[36.18,12.76],[36.28,13.4],[36.52,13.79],[36.61,14.3],[37.05,14.3],[37.35,14.43],[37.41,14.24],[37.63,14.17],[37.95,14.81],[38.52,14.43],[39.12,14.62],[39.19,14.49],[40.29,14.43],[41.28,13.66],[41.27,13.53],[42.2,12.76],[42.19,12.63],[42.4,12.44],[42.77,12.37],[43,12.63],[43.22,12.69],[43.15,12.89],[42.86,12.89],[42.58,13.27],[42.44,13.27],[42.38,13.59],[41.66,14.04],[41.67,14.17],[41.53,14.24],[41.32,14.62],[40.82,14.75],[40.68,15.01],[40.31,14.94],[39.97,15.52],[39.82,15.52],[39.74,15.39],[39.53,15.59],[39.47,15.91],[39.33,16.04],[39.22,16.81],[38.7,18.09],[38.19,18.35],[37.84,18.74],[37.55,18.8],[37.56,18.93],[37.41,18.99],[37.32,20.15],[37.24,20.15],[37.34,20.66],[37.2,20.92],[37.21,21.11],[37.36,21.11],[37.37,21.24],[37.01,21.56],[36.96,21.95],[31.6,21.95],[31.46,22.08],[31.16,21.95],[25.06,21.95],[25.07,27.42],[25,27.42],[25.01,27.8],[24.94,27.8],[24.93,29.54],[24.72,29.92],[24.74,30.44],[24.98,30.69],[24.86,31.4],[25.1,31.59]],[[32.14,0.03],[32.35,0.22],[32.86,0.16],[32.86,0.29],[33.01,0.41],[33.38,0.48],[33.37,0.35],[33.66,0.35],[33.95,0.16],[33.89,0.03],[34.11,-0.23],[34.26,-0.1],[34.69,-0.1],[34.77,-0.36],[34.4,-0.36],[34.4,-0.55],[34.04,-0.61],[33.9,-1.58],[33.61,-1.51],[33.61,-1.77],[33.25,-1.96],[33.25,-2.09],[33.4,-2.16],[33.76,-2.09],[33.69,-2.29],[33.4,-2.61],[32.89,-2.48],[32.82,-2.61],[32.6,-2.61],[32.09,-2.41],[31.95,-2.74],[31.8,-2.8],[31.66,-2.74],[31.65,-2.54],[31.51,-2.41],[31.5,-1.84],[31.72,-1.26],[31.71,-1.06],[31.57,-0.94],[31.57,-0.61],[31.78,-0.36],[31.78,-0.04],[32.14,0.03]],[[32.6,-2.93],[32.6,-2.74],[32.89,-2.74],[32.82,-2.99],[32.6,-2.93]]],[[[1.13,6.07],[0.55,6.71],[0.55,7.04],[0.7,7.23],[0.55,7.42],[0.7,8.39],[0.41,8.58],[0.49,9.22],[0.56,9.35],[0.34,9.41],[0.34,9.54],[0.42,10.25],[-0.02,10.64],[-0.02,11.09],[-0.32,11.09],[-0.54,10.89],[-0.83,11.02],[-2.8,10.96],[-2.88,10.44],[-2.73,10.19],[-2.73,9.35],[-2.65,9.35],[-2.73,8.96],[-2.51,8.64],[-2.51,8.19],[-2.87,7.74],[-2.87,7.55],[-3.02,7.42],[-3.24,6.84],[-3.17,6.14],[-3.03,6.01],[-2.96,5.62],[-2.74,5.49],[-2.74,5.24],[-2.96,5.11],[-2.96,4.98],[-2.45,4.91],[-2.23,4.72],[-1.87,4.72],[-1.5,5.04],[-0.77,5.17],[0.11,5.69],[0.91,5.75],[1.13,6.01],[1.13,6.07]]],[[[-11.56,6.97],[-11.41,6.97],[-11.34,7.23],[-10.9,7.61],[-10.76,7.61],[-10.61,8],[-10.39,8.13],[-10.25,8.45],[-10.69,8.32],[-10.61,8.58],[-10.54,8.58],[-10.69,9.41],[-10.84,9.48],[-10.91,9.74],[-11.28,9.99],[-11.94,9.99],[-12.08,9.86],[-12.45,9.86],[-12.88,9.16],[-13.32,9.03],[-13.17,8.84],[-13.32,8.77],[-13.31,8.32],[-12.95,8.13],[-12.87,7.74],[-12.95,7.68],[-12.95,7.49],[-12.51,7.42],[-12.21,7.16],[-11.63,6.97],[-11.56,6.97]]],[[[9.49,4.01],[9.42,4.46],[9.57,4.79],[9.72,4.79],[9.87,4.98],[9.8,5.24],[9.94,5.3],[10.17,5.75],[10.39,5.75],[11.27,6.46],[11.42,6.46],[11.57,6.84],[11.79,7.04],[11.87,7.55],[12.24,8.06],[12.24,8.39],[12.61,8.71],[12.76,8.71],[12.91,9.03],[12.91,9.35],[13.28,9.61],[13.28,9.99],[13.58,10.38],[13.58,10.64],[13.81,11.15],[14.62,11.47],[14.7,12.18],[14.19,12.44],[14.12,13.08],[13.62,13.72],[12.88,13.46],[12.44,13.08],[12.14,13.08],[11.85,13.27],[11.19,13.4],[10.38,13.34],[10.16,13.27],[9.57,12.76],[8.99,12.82],[8.77,13.01],[8.4,13.08],[8.11,13.34],[7.74,13.34],[7.3,13.08],[6.94,13.01],[6.42,13.66],[6.13,13.66],[5.84,13.85],[4.59,13.72],[4.22,13.46],[4.15,13.01],[3.71,12.5],[3.71,11.86],[3.56,11.66],[3.56,11.28],[3.78,11.09],[3.85,10.51],[3.63,10.31],[3.63,9.99],[3.34,9.8],[3.19,9.54],[3.12,9.09],[2.75,8.96],[2.75,7.61],[2.82,7.61],[2.74,6.33],[4.2,6.39],[4.56,6.26],[4.85,6.01],[4.99,5.62],[5.13,5.56],[5.13,5.36],[5.28,5.36],[5.35,4.85],[5.49,4.59],[5.92,4.27],[6.43,4.27],[6.65,4.4],[7.89,4.46],[8.18,4.53],[8.33,4.66],[8.84,4.53],[8.91,4.08],[9.05,3.95],[9.41,3.89],[9.49,4.01]]],[[[-16.75,13.08],[-15.87,13.14],[-15.73,13.21],[-15.73,13.34],[-15.36,13.34],[-15.15,13.53],[-14.93,13.53],[-14.48,13.27],[-14.04,13.21],[-13.75,13.46],[-14.26,13.46],[-14.78,13.66],[-14.86,13.79],[-15.23,13.79],[-15.52,13.59],[-15.88,13.53],[-16.54,13.59],[-16.54,13.53],[-16.83,13.4],[-16.82,13.08],[-16.75,13.08]]],[[[39.52,-7.81],[39.53,-8.01],[39.67,-8.01],[39.82,-7.88],[39.81,-7.69],[39.67,-7.69],[39.52,-7.81]]],[[[39.43,-6.53],[39.49,-6.14],[39.35,-6.14],[39.34,-5.89],[39.27,-5.76],[39.12,-5.76],[39.06,-6.21],[39.43,-6.53]]],[[[39.7,-5.44],[39.77,-4.99],[39.55,-4.92],[39.55,-5.44],[39.7,-5.44]]],[[[54.5,12.63],[54.22,12.76],[53.48,12.76],[53.32,12.5],[53.39,12.37],[53.53,12.31],[54.19,12.31],[54.49,12.44],[54.5,12.63]]],[[[39.97,15.59],[40.34,15.52],[40.14,15.91],[39.99,15.91],[39.97,15.59]]],[[[35.78,33.33],[35.45,33.07],[35.22,33.14],[35.06,33.01],[35.02,32.62],[34.86,32.49],[34.76,32.24],[34.81,31.98],[34.57,31.85],[34.63,31.66],[34.31,31.4],[34.3,31.27],[34.43,31.08],[34.54,30.5],[34.68,30.37],[34.67,30.18],[34.81,30.05],[34.91,29.41],[34.91,29.34],[36.03,29.15],[38.37,30.05],[38.38,30.18],[37.26,31.21],[37.27,31.34],[37.13,31.4],[37.22,31.59],[38.85,31.91],[39.34,32.17],[39.55,32.04],[40.38,31.98],[41.39,31.4],[41.47,31.4],[42.26,31.01],[42.46,30.76],[42.62,30.76],[43.52,29.99],[43.96,29.79],[44.51,29.28],[44.96,29.22],[44.96,29.28],[45.44,29.54],[45.67,29.54],[46.46,29.15],[46.46,29.09],[46.76,29.15],[47.64,28.89],[47.65,28.96],[47.88,29.02],[48.32,28.83],[48.22,29.28],[48.08,29.41],[47.85,29.41],[47.87,29.54],[48.4,29.6],[48.37,29.92],[48.9,29.99],[48.99,30.05],[48.94,30.31],[49.59,29.99],[49.99,30.18],[50.06,30.18],[50.66,30.69],[50.72,31.14],[50.61,31.4],[50.53,32.49],[50.45,32.49],[50.75,33.46],[51.39,34.1],[52.54,34.55],[52.99,34.94],[53.14,35.39],[53.01,35.52],[52.99,35.84],[52.53,35.84],[51.33,36.1],[51.16,36.03],[49.93,36.55],[49.62,36.55],[49.34,36.74],[48.8,36.74],[47.86,36.22],[47.39,36.16],[46.88,35.9],[45.79,35.84],[45.35,36.03],[45.38,36.22],[45.1,36.42],[45.06,36.67],[44.85,36.87],[44.82,37.19],[44.74,37.19],[44.48,37],[44.25,37],[44.22,37.32],[43.65,37.19],[43.44,37.32],[42.74,37.32],[42.55,37.13],[42.4,37.13],[42.11,36.74],[41.29,36.42],[41.44,35.77],[41.24,34.74],[41.04,34.42],[39.58,33.78],[39.49,33.65],[39.02,33.52],[38.44,33.14],[37.97,33.01],[36.99,32.36],[36.67,32.3],[36.3,32.43],[36.1,32.69],[35.87,32.69],[35.82,32.94],[35.91,33.14],[35.78,33.33]]]]},"properties":{"NAME":"British Africa","C":7,"name":"British Africa","start_year":1945,"end_year":1945,"capital":"","type":"polity","region":"","event":"","source":"Cliopatria / Seshat Global History Databank (CC BY 4.0)","wikipedia":"Scramble for Africa","wikidata":"Q179848","_a":4915,"_c":[19.3,3.31],"_nz":"英属非洲","_sz":""}},
{"type":"Feature","geometry":{"type":"MultiPolygon","coordinates":[[[[-24.29,14.75],[-24.23,15.07],[-24.45,15.07],[-24.36,14.75],[-24.29,14.75]]],[[[-23.42,15.14],[-23.58,15.33],[-23.73,15.33],[-23.78,14.94],[-23.41,14.88],[-23.42,15.14]]],[[[-22.99,15.2],[-23.06,15.33],[-23.28,15.26],[-23.2,15.07],[-22.99,15.2]]],[[[-22.58,16.16],[-22.88,16.23],[-22.94,15.97],[-22.65,15.97],[-22.58,16.16]]],[[[-24.37,16.61],[-24.37,16.49],[-24.08,16.55],[-24.08,16.68],[-24.38,16.68],[-24.37,16.61]]],[[[-22.98,16.81],[-22.98,16.68],[-22.83,16.68],[-22.84,16.87],[-22.98,16.81]]],[[[-24.97,16.74],[-24.82,16.74],[-24.83,16.94],[-24.91,17],[-24.99,17.26],[-25.29,17.19],[-25.35,17.06],[-25.27,16.87],[-25.05,16.94],[-24.97,16.74]]],[[[-25.9,37.96],[-25.87,37.77],[-25.7,37.71],[-25.09,37.77],[-25.11,37.9],[-25.9,37.96]]],[[[-28.85,38.67],[-28.81,38.48],[-28.39,38.35],[-28.08,38.35],[-28.19,38.55],[-28.85,38.67]]],[[[-27.08,38.87],[-27.39,38.87],[-27.36,38.67],[-27.03,38.61],[-27.08,38.87]]],[[[32.77,-26.91],[32.84,-26.84],[32.81,-26.27],[32.5,-26.07],[32.7,-25.62],[33.5,-25.17],[34.83,-24.79],[35.19,-24.53],[35.19,-24.4],[35.47,-24.08],[35.46,-23.89],[35.23,-23.76],[35.44,-23.37],[35.48,-22.79],[35.41,-22.79],[35.4,-22.47],[35.24,-22.34],[35.22,-21.76],[34.97,-21.19],[35.04,-20.93],[34.87,-20.61],[34.65,-20.54],[34.7,-19.9],[34.92,-19.9],[35.77,-19],[36.28,-18.81],[36.35,-18.61],[36.85,-18.23],[36.84,-17.97],[37.13,-17.91],[37.41,-17.59],[37.63,-17.59],[37.85,-17.39],[38.5,-17.14],[38.94,-17.07],[39.22,-16.75],[39.51,-16.69],[39.57,-16.49],[39.72,-16.49],[39.79,-16.3],[40.07,-16.11],[40.21,-15.79],[40.49,-15.59],[40.55,-15.14],[40.75,-14.82],[40.74,-14.44],[40.59,-14.44],[40.66,-14.18],[40.51,-14.18],[40.53,-12.64],[40.45,-12.57],[40.34,-11.29],[40.48,-11.16],[40.54,-10.58],[40.32,-10.51],[39.53,-11.03],[38.73,-11.22],[38.51,-11.41],[37.85,-11.29],[37.28,-11.8],[36.98,-11.61],[36.4,-11.8],[36.03,-11.67],[35.88,-11.48],[35.66,-11.48],[35.37,-11.67],[34.93,-11.61],[34.87,-12.12],[34.65,-12.25],[34.76,-13.6],[34.91,-13.6],[35.14,-13.86],[35.14,-13.92],[35.52,-14.24],[35.83,-14.76],[35.76,-14.95],[35.79,-15.85],[35.08,-16.43],[35.09,-16.75],[35.24,-16.81],[35.18,-17.14],[35.03,-17.14],[35.02,-16.94],[34.42,-16.49],[34.26,-16.17],[34.24,-15.66],[34.52,-15.21],[34.5,-14.69],[34.27,-14.44],[33.47,-14.56],[33.31,-14.24],[32.94,-14.05],[32.8,-14.18],[32.14,-14.31],[32,-14.44],[30.1,-15.01],[30.19,-15.4],[30.34,-15.53],[30.27,-15.79],[30.35,-15.98],[31.31,-16.11],[31.69,-16.36],[32.36,-16.49],[32.88,-16.81],[32.82,-17.2],[32.9,-17.2],[32.91,-17.71],[32.99,-17.71],[32.94,-18.49],[32.81,-18.81],[32.66,-18.87],[32.77,-19.71],[32.92,-19.77],[32.92,-19.96],[32.72,-20.41],[32.43,-20.67],[32.31,-21.38],[31.58,-21.96],[31.59,-22.09],[31.15,-22.47],[31.48,-23.18],[31.49,-23.63],[31.73,-23.89],[31.83,-24.47],[31.9,-24.47],[31.85,-25.04],[31.95,-25.56],[31.74,-25.94],[31.98,-26.14],[32.02,-26.84],[32.77,-26.91]]],[[[23.87,-10.96],[23.21,-11.09],[22.4,-11.09],[22.33,-11.22],[22.11,-11.16],[22.25,-10.39],[21.73,-9.55],[21.87,-8.39],[21.72,-8.2],[21.78,-7.43],[21.64,-7.3],[20.54,-7.3],[20.39,-6.91],[20.1,-7.04],[19.52,-7.04],[19.45,-7.43],[19.3,-7.56],[19.31,-7.94],[19.16,-8.07],[18.36,-7.94],[17.92,-8.14],[17.56,-8.14],[17.26,-7.94],[16.89,-7.3],[16.89,-6.98],[16.67,-6.66],[16.6,-6.08],[16.38,-5.89],[15.79,-5.89],[12.81,-5.89],[12.81,-5.95],[12.22,-6.01],[12.22,-6.46],[12.74,-7.04],[12.88,-7.75],[13.25,-8.33],[13.25,-8.71],[12.89,-8.91],[12.89,-9.23],[13.03,-9.36],[13.03,-9.74],[13.25,-10],[13.25,-10.26],[13.47,-10.45],[13.7,-10.9],[13.7,-11.74],[13.33,-12.51],[12.89,-12.64],[12.82,-13.02],[12.38,-13.41],[12.38,-13.66],[12.16,-14.11],[12.17,-14.56],[11.87,-15.27],[11.87,-15.59],[11.65,-15.72],[11.58,-17.26],[12.47,-17.26],[12.84,-17.01],[13.28,-17.01],[13.43,-17.2],[13.94,-17.46],[18.3,-17.39],[18.6,-17.71],[18.89,-17.84],[20.22,-17.91],[20.52,-18.04],[21.55,-18.04],[23.24,-17.65],[22.12,-16.69],[21.97,-16.36],[21.91,-13.02],[23.82,-12.96],[23.82,-12.64],[23.96,-12.44],[23.88,-11.74],[24.02,-11.41],[24.02,-11.16],[23.87,-10.96]]],[[[12.95,-4.66],[12.66,-4.41],[11.93,-5.05],[12.08,-5.37],[12,-5.63],[12.08,-5.82],[12.44,-5.63],[12.44,-4.99],[12.95,-4.66]]],[[[6.3,0.29],[6.38,0.03],[6.66,0.16],[6.67,0.41],[6.3,0.35],[6.3,0.29]]],[[[7.27,1.7],[7.19,1.51],[7.34,1.51],[7.27,1.7]]],[[[-14.95,10.96],[-14.81,11.34],[-14.59,11.54],[-13.86,11.66],[-13.72,11.86],[-13.87,12.05],[-13.87,12.24],[-13.58,12.37],[-13.59,12.63],[-15.35,12.63],[-15.56,12.44],[-16.22,12.44],[-16.66,12.31],[-16.66,12.24],[-16.36,12.18],[-16.28,11.79],[-16.14,11.86],[-16.06,11.73],[-15.62,11.73],[-15.48,11.86],[-15.47,11.34],[-15.02,10.96],[-14.95,10.96]]],[[[73.8,15.46],[73.79,15.33],[73.93,15.26],[73.92,15.14],[74.24,14.62],[74.31,14.62],[74.55,14.81],[74.52,15.26],[74.1,15.52],[73.8,15.46]]],[[[73.19,20.15],[72.9,20.21],[72.96,20.09],[73.19,20.15]]],[[[-17.17,32.88],[-17.07,32.62],[-16.69,32.69],[-16.79,32.88],[-17.17,32.88]]],[[[-8.93,41.91],[-8.73,40.74],[-8.87,40.61],[-9.03,39.77],[-9.16,39.51],[-9.39,39.45],[-9.43,39.06],[-9.57,38.93],[-9.55,38.74],[-9.38,38.61],[-9.23,38.67],[-9.21,38.42],[-8.82,38.48],[-8.82,37.58],[-8.9,37.58],[-9,37],[-8.7,37.13],[-8.31,37.13],[-8.07,37],[-7.68,37],[-7.45,37.13],[-7.39,37.25],[-7.5,37.71],[-7.28,37.84],[-7.14,38.09],[-7,38.22],[-7.24,38.35],[-7.27,38.67],[-7.12,38.74],[-6.99,39],[-7.26,39.38],[-7.42,39.45],[-7.44,39.64],[-6.9,39.77],[-6.84,40.03],[-7,40.1],[-7.01,40.23],[-6.87,40.36],[-6.93,41],[-6.25,41.46],[-6.27,41.65],[-6.52,41.72],[-6.7,41.98],[-8.12,41.78],[-8.22,41.98],[-8.15,42.11],[-8.47,42.11],[-8.93,41.91]]]]},"properties":{"NAME":"Estado Novo","C":8,"name":"Estado Novo","start_year":1945,"end_year":1945,"capital":"","type":"polity","region":"","event":"","source":"Cliopatria / Seshat Global History Databank (CC BY 4.0)","wikipedia":"Estado Novo (Portugal)","wikidata":"Q824489","_a":7137,"_c":[22.85,7.6],"_nz":"新国家体制","_sz":""}}
]}