{"type":"FeatureCollection","features":[{"type":"Feature","properties":{"NAME":"Pyu City-States","C":4,"name":"Pyu City-States","start_year":84,"end_year":849,"capital":"","type":"polity","region":"","event":"","source":"Cliopatria / Seshat Global History Databank (CC BY 4.0)","wikipedia":"Pyu city-states","wikidata":"Q1627675","_a":14,"_c":[95.68,21.18],"_nz":"骠国城邦","_sz":""},"geometry":{"type":"MultiPolygon","coordinates":[[[[96.83,22.14],[96.95,21.95],[96.82,21.56],[96.89,21.56],[96.82,21.11],[96.75,21.11],[96.79,20.86],[96.62,20.73],[96.71,20.34],[96.48,20.28],[96.58,19.96],[96.4,19.76],[96.42,19.38],[96.19,18.86],[95.84,18.48],[95.69,18.48],[95.68,18.35],[95.09,18.35],[94.85,18.8],[94.89,19.06],[94.73,19.44],[94.84,19.7],[94.61,20.21],[94.65,20.47],[94.41,20.86],[94.55,21.82],[94.72,21.95],[94.66,22.08],[95.29,23.69],[96.17,24.01],[96.59,23.88],[96.87,23.3],[96.78,22.79],[96.86,22.79],[96.84,22.21],[96.83,22.14]]],[[[96.72,23.75],[96.73,23.81],[96.8,23.81],[96.79,23.75],[96.72,23.75]]],[[[96.65,23.81],[96.67,23.88],[96.74,23.88],[96.73,23.81],[96.65,23.81]]]]}},{"type":"Feature","properties":{"NAME":"Scandinavian minor kingdoms","C":2,"name":"Scandinavian minor kingdoms","start_year":523,"end_year":792,"capital":"","type":"polity","region":"","event":"","source":"Cliopatria / Seshat Global History Databank (CC BY 4.0)","wikipedia":"Vendel Period","wikidata":"Q1275225","_a":225,"_c":[12.27,62.22],"_nz":"斯堪的纳维亚小王国","_sz":""},"geometry":{"type":"MultiPolygon","coordinates":[[[[11.83,54.66],[11.45,54.62],[10.99,54.79],[11.14,54.95],[11.56,54.82],[11.64,54.9],[11.81,54.79],[11.71,54.94],[12.1,54.89],[12.11,54.89],[12.17,54.84],[11.97,54.7],[11.97,54.56],[11.84,54.74],[11.83,54.66]]],[[[10.15,55.08],[9.68,55.49],[10.1,55.09],[10.01,55.09],[9.93,55.09],[10.01,55.02],[9.93,54.78],[9.44,54.81],[9.93,54.78],[10.04,54.62],[8.92,54.56],[8.55,54.87],[8.3,54.86],[8.29,54.74],[8.29,54.9],[8.39,55.05],[8.42,54.92],[8.66,54.91],[8.68,55.11],[8.49,55.06],[8.48,55.18],[8.69,55.16],[8.62,55.43],[8.09,55.56],[8.19,55.74],[8.13,55.98],[8.19,55.81],[8.4,55.89],[8.26,56.08],[8.14,56.11],[8.11,56.02],[8.22,56.71],[8.25,56.61],[8.74,56.49],[8.68,56.62],[9.07,56.81],[9.14,56.7],[9.06,56.57],[9.25,56.63],[9.32,56.53],[9.32,56.68],[9.17,56.67],[9.17,56.89],[9.3,57],[9.97,57.07],[10.31,56.98],[10.31,56.75],[9.87,56.65],[10.34,56.69],[10.19,56.47],[10.31,56.58],[10.96,56.44],[10.75,56.16],[10.62,56.23],[10.52,56.1],[10.36,56.2],[10.48,56.22],[10.45,56.29],[10.24,56.17],[10.18,55.83],[9.87,55.84],[10.04,55.82],[9.99,55.71],[9.55,55.7],[9.82,55.6],[9.69,55.5],[10.32,55.61],[10.48,55.53],[10.47,55.44],[10.62,55.61],[10.83,55.3],[10.8,55.25],[10.8,55.23],[10.88,54.95],[10.71,54.75],[10.54,54.75],[10.54,55.02],[10.36,55.08],[10.15,55.08]]],[[[12.07,54.97],[11.73,55.06],[11.73,55.2],[11.25,55.2],[11.09,55.67],[10.88,55.73],[11.21,55.7],[11.51,55.87],[11.27,55.99],[11.77,55.96],[11.67,55.81],[11.79,55.66],[11.91,55.93],[12.06,55.75],[11.94,55.65],[12.06,55.66],[12.09,55.71],[12.04,55.92],[11.85,55.96],[12.28,56.13],[12.62,56.04],[12.54,55.89],[12.6,55.7],[12.19,55.48],[12.46,55.29],[12.03,55.17],[12.18,55.12],[12.07,54.97]]],[[[10.42,55.91],[10.36,55.77],[10.36,55.84],[10.36,55.91],[10.42,55.91]]],[[[10.54,55.77],[10.36,55.77],[10.45,55.98],[10.63,55.98],[10.63,55.77],[10.54,55.77]]],[[[8.72,56.68],[8.51,56.74],[8.65,56.89],[8.91,56.95],[8.88,56.8],[8.73,56.69],[8.72,56.68]]],[[[8.58,56.69],[8.55,56.59],[8.24,56.7],[8.26,56.83],[8.62,57.12],[9.39,57.15],[9.96,57.59],[10.65,57.74],[10.43,57.59],[10.53,57.22],[10.32,56.99],[10,57.09],[9.12,57.05],[8.68,56.95],[8.42,56.68],[8.58,56.69]]],[[[14.75,59.86],[15.68,59.84],[16.84,60.21],[17.61,60.63],[17.69,60.5],[17.94,60.6],[18.24,60.33],[18.44,60.34],[18.6,60.24],[18.32,60.31],[18.42,60.19],[18.82,60.1],[19.07,59.89],[18.86,59.8],[19.07,59.74],[18.28,59.48],[18.33,59.4],[18.12,59.45],[18.09,59.33],[17.78,59.39],[17.82,59.59],[17.72,59.7],[17.6,59.65],[17.65,59.72],[17.59,59.8],[17.44,59.68],[17.54,59.57],[17.51,59.7],[17.61,59.73],[17.56,59.67],[17.79,59.53],[17.73,59.44],[17.38,59.65],[17.4,59.47],[16.56,59.61],[16.48,59.5],[16.03,59.49],[16.88,59.38],[16.7,59.47],[16.84,59.49],[17.37,59.25],[17.35,59.32],[17.7,59.32],[17.69,59.33],[17.61,59.42],[17.78,59.37],[17.73,59.32],[18.45,59.33],[18.48,59.44],[18.64,59.32],[18.28,59.31],[18.31,59.13],[18.02,59.04],[17.89,58.86],[17.67,59.17],[17.63,58.91],[17.35,58.75],[17.03,58.75],[17.14,58.7],[16.91,58.62],[16.19,58.63],[16.65,58.62],[16.93,58.49],[16.42,58.48],[16.77,58.37],[16.83,58.18],[16.75,58.01],[16.59,57.96],[16.64,57.89],[16.51,57.99],[16.71,57.7],[16.63,57.62],[16.69,57.48],[16.49,57.31],[16.58,57.05],[16.5,57.04],[16.38,56.7],[15.87,56.09],[15.6,56.19],[14.69,56.16],[14.74,56.01],[14.56,56.06],[14.22,55.83],[14.37,55.54],[14.16,55.38],[12.98,55.4],[12.92,55.57],[13.06,55.68],[12.46,56.3],[12.8,56.23],[12.62,56.42],[12.88,56.45],[12.92,56.58],[12.35,56.92],[12.09,57.43],[11.99,57.35],[11.9,57.42],[11.89,57.69],[11.7,57.7],[11.67,57.85],[11.88,58.2],[11.8,58.32],[11.53,58.23],[11.2,58.4],[11.23,58.84],[11.11,59],[11.32,59.1],[11.43,59],[11.35,59.11],[10.76,59.22],[10.56,59.72],[10.74,59.89],[10.47,59.84],[10.61,59.59],[10.51,59.53],[10.23,59.73],[10.4,59.6],[10.26,59.53],[10.52,59.31],[10.37,59.27],[10.23,59.04],[9.88,58.95],[9.55,59.11],[9.69,58.98],[8.13,58.1],[7.01,57.99],[6.78,58.11],[6.6,58.07],[6.76,58.24],[6.01,58.38],[5.51,58.67],[5.56,59.03],[6.17,58.83],[6.06,58.89],[6.12,58.96],[6.62,59.05],[6.16,59],[6.04,58.9],[5.87,59.07],[6.46,59.32],[6.13,59.26],[6,59.33],[6.47,59.56],[6.25,59.57],[6.15,59.45],[5.94,59.35],[5.88,59.44],[6.15,59.48],[5.81,59.47],[5.67,59.41],[5.85,59.34],[5.58,59.38],[5.52,59.28],[5.28,59.35],[5.18,59.51],[5.48,59.73],[5.46,59.52],[5.57,59.68],[6.06,59.74],[6.3,59.84],[5.98,59.75],[5.7,59.83],[5.98,59.97],[6.2,60.3],[6.63,60.41],[6.52,60.08],[6.74,60.44],[7.1,60.5],[6.98,60.51],[7.01,60.58],[6.66,60.43],[6.22,60.41],[5.75,59.99],[5.55,60.15],[5.73,60.38],[5.41,60.13],[5.14,60.36],[5.29,60.52],[5.43,60.48],[5.41,60.49],[5.36,60.52],[5.53,60.64],[5.2,60.58],[4.93,60.8],[5.43,60.63],[5.24,60.77],[5.53,60.87],[5.07,60.83],[5.01,61.04],[6.37,61.06],[6.82,61.14],[7.11,60.86],[7.16,60.94],[7,61.09],[7.43,61.18],[7.3,61.29],[7.56,61.47],[7.28,61.33],[7.35,61.19],[6.96,61.11],[6.58,61.21],[6.71,61.39],[6.43,61.11],[5.12,61.14],[5.05,61.16],[5.24,61.18],[4.95,61.26],[5.63,61.36],[5.05,61.32],[4.95,61.41],[5.8,61.45],[5.19,61.5],[5.27,61.56],[5.12,61.61],[5.23,61.62],[4.97,61.63],[4.98,61.74],[5.42,61.91],[6.47,61.8],[6.76,61.87],[5.43,61.94],[5.15,61.89],[5.15,61.97],[5.4,62.02],[5.08,62.18],[5.47,62.01],[5.55,62.08],[5.42,62.18],[5.85,62.2],[6.36,62.06],[5.92,62.21],[6.32,62.37],[6.53,62.11],[6.4,62.38],[6.7,62.44],[6.88,62.41],[7,62.26],[6.94,62.11],[7.07,62.09],[6.97,62.12],[7.03,62.27],[7.42,62.23],[6.97,62.31],[6.97,62.37],[6.79,62.48],[6.26,62.46],[6.65,62.5],[6.25,62.58],[7.09,62.65],[7.54,62.5],[7.77,62.58],[7.41,62.62],[8.14,62.69],[7.37,62.73],[7.64,62.79],[6.95,62.72],[6.95,62.93],[7.27,63.01],[7.47,62.91],[8.01,62.97],[8.55,62.65],[8.15,62.94],[7.88,63],[8.1,63.1],[8.53,62.85],[8.42,62.95],[8.66,62.97],[8.38,62.97],[8.16,63.12],[8.94,63.21],[8.48,63.29],[9,63.46],[9.23,63.35],[9.42,63.37],[9.16,63.39],[9.15,63.49],[9.65,63.62],[10.26,63.26],[10.06,63.42],[10.89,63.45],[10.76,63.51],[10.91,63.6],[10.67,63.55],[11.08,63.7],[10.95,63.51],[10.59,62.95],[10.96,61.92],[11.48,61.08],[12.11,60.6],[12.95,60.27],[14.75,59.86]],[[5.48,60.46],[5.64,60.42],[5.65,60.47],[5.48,60.46]],[[5.68,60.56],[5.72,60.67],[5.69,60.67],[5.68,60.56]]],[[[10.94,63.74],[10.05,63.5],[9.79,63.66],[10.09,63.76],[9.55,63.66],[9.63,63.81],[10.19,63.93],[9.98,63.99],[10.17,64.19],[10.65,64.36],[10.5,64.42],[10.85,64.37],[10.66,64.44],[10.97,64.6],[11.29,64.37],[11.22,64.32],[11.33,64.11],[10.58,63.8],[11.07,63.84],[10.94,63.74]]],[[[11.69,64.81],[11.73,64.88],[12.18,64.94],[11.73,64.58],[11.4,64.67],[11.84,64.79],[11.69,64.81]]],[[[10.82,64.85],[11.11,64.95],[11.26,64.89],[11.13,64.83],[11.06,64.85],[10.82,64.85]]],[[[11.25,64.86],[11.35,64.9],[12.21,65.05],[12.18,64.96],[11.71,64.88],[11.24,64.73],[11.37,64.81],[11.27,64.84],[11.7,64.9],[11.25,64.86]]],[[[10.74,64.85],[10.78,64.92],[10.79,64.92],[11.11,64.97],[10.74,64.85]]],[[[14.99,55],[14.68,55.1],[14.75,55.29],[15.15,55.13],[15.11,55.02],[15.01,55],[14.99,55]]],[[[12.04,65.13],[12.18,65.21],[12.31,65.1],[12.13,65.05],[12.01,65.1],[12.04,65.13]]],[[[12.26,65.58],[12.5,65.39],[12.06,65.21],[12.11,65.28],[12.12,65.3],[12.26,65.58]]],[[[13.17,65.85],[12.96,66.04],[12.67,66.06],[13.58,66.21],[13.09,65.73],[12.94,65.32],[12.39,65.14],[12.42,65.23],[12.68,65.25],[12.25,65.23],[12.54,65.38],[12.48,65.44],[12.63,65.42],[12.42,65.53],[12.35,65.64],[12.49,65.73],[12.78,65.63],[12.55,65.75],[12.83,65.97],[13.17,65.85]]],[[[12.44,65.86],[12.53,66],[12.55,66.01],[12.9,66.01],[12.44,65.86]]],[[[12.56,66.22],[12.66,66.1],[12.29,66.01],[12.33,66.06],[12.34,66.08],[12.56,66.22]]],[[[13.02,66.32],[13.16,66.43],[12.98,66.52],[13.21,66.51],[13.71,66.6],[13.23,66.55],[13.19,66.66],[13.54,66.63],[13.23,66.71],[13.99,66.79],[13.55,66.93],[14.59,67.03],[14.27,67.08],[14.35,67.15],[14.74,67.12],[14.58,67.2],[14.96,67.14],[15.06,67.21],[15.32,67.17],[13.91,66.29],[13.03,66.19],[13.53,66.31],[13.02,66.32]]],[[[14.26,67.13],[14.19,67],[14.18,67],[13.99,67.08],[14.26,67.13]]],[[[14.88,67.4],[14.73,67.49],[14.92,67.55],[15.15,67.54],[14.93,67.47],[15.44,67.47],[15.56,67.35],[15.41,67.24],[14.33,67.24],[14.62,67.42],[14.88,67.4]]],[[[15.65,68.05],[15.86,68.1],[16.01,68.24],[16.22,68],[16.5,67.95],[16.44,67.91],[16.41,67.89],[16.31,67.89],[16.35,67.84],[15.96,67.55],[15.59,67.37],[15.55,67.48],[15.89,67.56],[15.28,67.52],[15.18,67.62],[15.31,67.72],[15.65,67.68],[15.4,67.74],[15.78,67.73],[15.37,67.79],[14.73,67.65],[15.04,67.74],[14.76,67.8],[15.1,67.85],[14.92,67.88],[15.26,67.86],[15.87,67.92],[15.96,68.01],[15.29,68.03],[15.67,68.15],[15.74,68.09],[15.65,68.05]]],[[[14.94,67.93],[15.3,67.92],[14.93,67.93],[14.94,67.93]]],[[[12.83,67.86],[12.84,67.88],[13.05,68.1],[13.15,68.08],[13.14,67.96],[12.79,67.81],[12.83,67.86]]],[[[15.5,67.99],[15.92,67.99],[15.52,67.98],[15.5,67.99]]],[[[13.84,68.1],[13.45,68.06],[13.57,68.26],[14.06,68.26],[14.09,68.26],[13.84,68.1]]],[[[14.2,68.15],[14.54,68.4],[15.17,68.45],[14.78,68.26],[14.2,68.15]]],[[[16.5,68.55],[16.22,68.55],[15.93,68.37],[15.33,68.33],[15.54,68.5],[14.99,68.25],[15.33,68.48],[15.19,68.52],[15.45,68.73],[15.71,68.7],[15.45,68.76],[15.63,68.94],[15.91,68.96],[15.87,68.79],[15.99,68.75],[15.86,68.65],[15.76,68.62],[15.74,68.53],[16.2,68.86],[16.45,68.84],[16.57,68.7],[16.5,68.55]]],[[[14.63,68.83],[15.15,68.81],[15,68.95],[15.13,69.01],[15.38,68.85],[15.36,68.66],[15.04,68.57],[14.8,68.62],[15.15,68.75],[14.5,68.6],[14.37,68.69],[14.63,68.83]]],[[[15.42,68.9],[15.56,69.1],[15.99,69.29],[16.15,69.28],[15.87,69.03],[15.44,68.88],[15.42,68.9]]],[[[16.39,56.53],[17.1,57.35],[16.5,56.24],[16.42,56.21],[16.4,56.37],[16.39,56.53]]],[[[18.17,56.94],[18.08,56.94],[18.1,57.21],[18.01,57.21],[18.14,57.77],[18.6,57.97],[19.05,57.97],[19.03,57.83],[19.03,57.84],[19.03,57.83],[18.81,57.7],[18.71,57.24],[18.14,56.91],[18.17,56.94]]],[[[18.94,57.78],[18.94,57.77],[18.84,57.7],[18.91,57.42],[18.74,57.35],[18.81,57.7],[18.94,57.78]]],[[[17.15,59.39],[17.07,59.46],[17.09,59.46],[17.32,59.41],[17.15,59.39]]],[[[16.34,68.07],[16.46,68.21],[16.11,68.27],[16.52,68.25],[16.8,68.13],[16.47,68.29],[16.22,68.35],[17.13,68.37],[17.19,68.34],[16.72,68],[16.52,67.97],[16.37,68.03],[16.72,68.07],[16.34,68.07]]],[[[16.1,68.4],[16.24,68.52],[16.46,68.47],[16.31,68.41],[16.3,68.41],[16.1,68.4]]],[[[16.81,68.73],[17,68.85],[17.14,68.76],[17.03,68.75],[17.01,68.75],[16.81,68.73]]],[[[17.09,68.91],[17.44,68.86],[17.17,68.82],[17.14,68.85],[17.09,68.91]]],[[[16.61,68.94],[16.38,68.91],[16.32,68.93],[16.26,68.97],[16.61,68.94]]],[[[16.5,68.44],[16.47,68.51],[16.97,68.7],[17.67,68.66],[17.24,68.75],[17.79,68.76],[17.47,68.83],[17.84,68.87],[17.72,68.93],[17.43,68.9],[17.51,69.01],[17.67,68.96],[17.69,69.11],[18.15,69.15],[18,69.28],[18.26,69.49],[18.54,69.3],[18.87,69.32],[18.93,69.3],[18.01,68.9],[18.04,68.79],[17.51,68.52],[17.06,68.43],[16.5,68.44]]],[[[17.13,69.08],[16.77,69.07],[17.17,69.2],[16.88,69.22],[17.14,69.25],[16.9,69.3],[17.1,69.32],[16.94,69.39],[17.48,69.42],[17.19,69.49],[17.59,69.46],[17.47,69.6],[17.69,69.51],[17.66,69.6],[17.84,69.59],[18.09,69.42],[17.88,69.24],[18,69.19],[17.52,69.19],[17.09,69],[17.13,69.08]]],[[[18.68,69.36],[18.46,69.45],[18.47,69.51],[18.85,69.55],[19.13,69.35],[18.76,69.35],[18.68,69.36]]],[[[19.13,69.72],[19.55,69.55],[19.6,69.47],[19.16,69.38],[19,69.51],[19.23,69.56],[18.94,69.61],[19.13,69.72]]],[[[18.35,69.73],[18.39,69.79],[18.76,69.68],[18.69,69.88],[19.06,69.79],[18.82,69.62],[18.74,69.56],[18,69.59],[18.27,69.62],[18.2,69.71],[18.63,69.69],[18.35,69.73]]]]}},{"type":"Feature","properties":{"NAME":"Asuka Japan","C":3,"name":"Asuka Japan","start_year":540,"end_year":704,"capital":"","type":"polity","region":"","event":"","source":"Cliopatria / Seshat Global History Databank (CC BY 4.0)","wikipedia":"Asuka period","wikidata":"Q210688","_a":83,"_c":[135.33,34.59],"_nz":"飞鸟时代日本","_sz":""},"geometry":{"type":"MultiPolygon","coordinates":[[[[140.92,37.9],[141.04,37.84],[140.96,37.71],[141.12,37.58],[141.04,37.45],[141.13,37.32],[140.79,36.87],[140.61,36.42],[140.69,36.42],[140.62,36.16],[140.74,36.1],[140.67,35.97],[140.91,35.84],[140.54,35.58],[140.41,35.19],[139.7,34.87],[140.08,35.58],[139.96,35.64],[139.7,35.45],[139.78,35.32],[139.72,35.19],[139.21,35.26],[139.14,35.13],[139.23,35],[138.95,34.61],[138.68,34.68],[138.8,35.07],[138.42,34.94],[138.26,34.61],[137.22,34.55],[137.07,34.55],[137.24,34.74],[136.94,34.74],[136.73,34.94],[136.6,34.68],[136.79,34.61],[136.97,34.36],[136.91,34.23],[136.45,34.23],[135.81,33.39],[135.41,33.52],[135.35,33.71],[135.03,33.84],[135.15,34.1],[135.02,34.29],[135.34,34.49],[135.44,34.68],[134.91,34.55],[134.7,34.74],[134.47,34.74],[133.25,34.29],[132.32,34.29],[132.19,33.84],[131.91,33.91],[131.94,33.97],[131.09,33.97],[131.1,33.65],[131.82,33.71],[131.64,33.33],[132.09,33.14],[132,32.94],[132.08,32.94],[131.78,32.62],[131.58,32.17],[131.52,31.85],[131.6,31.85],[131.41,31.4],[131.18,31.4],[131.2,31.27],[130.79,31.01],[130.64,31.01],[130.72,31.21],[130.47,31.14],[130.14,31.27],[130.27,31.59],[130.1,31.91],[130.21,32.17],[130.52,32.36],[130.57,32.81],[130.37,33.07],[130.11,32.81],[129.88,32.81],[129.93,32.94],[129.68,32.88],[129.68,33.07],[129.56,33.14],[129.62,33.26],[129.54,33.26],[129.6,33.39],[129.83,33.39],[129.92,33.59],[130.33,33.65],[130.42,33.84],[130.86,33.97],[130.88,34.16],[130.8,34.16],[130.92,34.42],[131.41,34.49],[131.48,34.61],[132.56,35.26],[132.69,35.52],[132.96,35.58],[133.47,35.52],[135.38,35.77],[135.28,35.58],[135.71,35.52],[135.78,35.64],[136.04,35.71],[135.91,35.9],[135.98,36.03],[135.9,36.03],[136,36.22],[136.64,36.67],[136.7,36.93],[136.57,37.13],[136.72,37.38],[136.95,37.51],[137.37,37.58],[137.15,37.19],[136.96,37.13],[137.12,37],[137.1,36.8],[137.25,36.8],[137.63,37.06],[138.51,37.38],[138.77,37.84],[139.35,38.16],[139.43,38.16],[139.32,37.96],[139.9,37.9],[139.87,37.84],[140.34,37.84],[140.53,37.9],[140.53,38.03],[141,38.16],[140.96,37.96],[140.92,37.9]]],[[[140.37,37.9],[140.3,37.9],[140.33,37.96],[140.41,37.96],[140.37,37.9]]]]}},{"type":"Feature","properties":{"NAME":"Kingdom of Brycheiniog","C":1,"name":"Kingdom of Brycheiniog","start_year":540,"end_year":946,"capital":"","type":"polity","region":"","event":"","source":"Cliopatria / Seshat Global History Databank (CC BY 4.0)","wikipedia":"Brycheiniog","wikidata":"Q954585","_a":0,"_c":[-3.3,51.95],"_nz":"布赖切尼奥格王国","_sz":""},"geometry":{"type":"Polygon","coordinates":[[[-2.93,52.12],[-3.69,52.12],[-3.78,52.12],[-3.76,51.92],[-3.59,51.92],[-3.57,51.78],[-3.49,51.78],[-3.4,51.78],[-3.32,51.78],[-2.82,51.92],[-2.83,51.98],[-2.91,51.98],[-2.92,52.05],[-2.93,52.12]]]}},{"type":"Feature","properties":{"NAME":"Kingdom of Morgannwg","C":6,"name":"Kingdom of Morgannwg","start_year":540,"end_year":946,"capital":"","type":"polity","region":"","event":"","source":"Cliopatria / Seshat Global History Databank (CC BY 4.0)","wikipedia":"Kingdom of Morgannwg","wikidata":"Q13131807","_a":0,"_c":[-3.5,51.58],"_nz":"摩根沃格王国","_sz":""},"geometry":{"type":"Polygon","coordinates":[[[-3.28,51.45],[-3.7,51.38],[-3.88,51.51],[-3.89,51.58],[-3.64,51.65],[-3.57,51.78],[-3.49,51.78],[-3.32,51.78],[-3.3,51.65],[-3.13,51.58],[-3.11,51.45],[-3.2,51.45],[-3.28,51.45]]]}},{"type":"Feature","properties":{"NAME":"Mayan City-States","C":2,"name":"Mayan City-States","start_year":555,"end_year":839,"capital":"","type":"polity","region":"","event":"","source":"Cliopatria / Seshat Global History Databank (CC BY 4.0)","wikipedia":"Maya civilization","wikidata":"Q28567","_a":57,"_c":[-90.27,17.61],"_nz":"玛雅城邦","_sz":""},"geometry":{"type":"Polygon","coordinates":[[[-86.72,20.92],[-86.75,21.5],[-86.92,21.63],[-87.22,21.63],[-87.34,21.5],[-88.48,21.63],[-89.18,21.37],[-89.98,21.31],[-90.17,21.11],[-90.32,21.11],[-90.42,20.41],[-90.49,20.41],[-90.43,20.02],[-90.74,19.7],[-90.81,19.25],[-91.35,18.93],[-91.3,18.61],[-91.45,18.61],[-91.5,18.48],[-91.79,18.48],[-91.84,18.74],[-92.5,18.74],[-92.62,18.54],[-93.49,18.48],[-93.84,18.35],[-93.57,18.03],[-93.57,17.58],[-93.37,17.26],[-93.49,17.13],[-93.4,17],[-93.64,16.68],[-93.55,16.55],[-93.62,16.55],[-93.59,16.36],[-93.82,15.91],[-92.75,15.14],[-92.47,14.69],[-91.35,13.91],[-90.47,13.91],[-89.92,13.59],[-89.87,13.79],[-89.57,13.72],[-89.59,13.91],[-89.39,14.11],[-89.1,14.11],[-89.19,14.24],[-88.82,14.24],[-88.91,14.36],[-88.69,14.43],[-88.63,15.07],[-88.38,15.39],[-88.51,15.84],[-88.82,15.97],[-88.64,16.23],[-88.49,16.23],[-88.24,16.49],[-88.21,16.81],[-88.14,16.81],[-88.19,17.64],[-88.03,18.03],[-88.08,18.35],[-88.23,18.35],[-88.25,18.48],[-87.99,18.74],[-87.96,18.54],[-88.04,18.54],[-87.91,18.22],[-87.7,18.29],[-87.73,18.48],[-87.45,19.06],[-87.49,19.31],[-87.37,19.44],[-87.39,19.57],[-87.55,19.64],[-87.29,19.89],[-87.35,20.21],[-86.71,20.86],[-86.72,20.92]]]}},{"type":"Feature","properties":{"NAME":"Classic Veracruz Culture","C":10,"name":"Classic Veracruz Culture","start_year":555,"end_year":704,"capital":"","type":"polity","region":"","event":"","source":"Cliopatria / Seshat Global History Databank (CC BY 4.0)","wikipedia":"Classic Veracruz culture","wikidata":"Q2379418","_a":1,"_c":[-96.86,19.99],"_nz":"古典韦拉克鲁斯文化","_sz":""},"geometry":{"type":"MultiPolygon","coordinates":[[[[-97.29,19.89],[-97.22,19.89],[-97.35,20.21],[-97.13,20.21],[-97.15,20.34],[-96.86,20.34],[-96.83,20.21],[-96.61,20.21],[-96.38,19.76],[-96.62,19.83],[-96.72,19.57],[-97.01,19.57],[-97.04,19.7],[-97.26,19.7],[-97.28,19.83],[-97.29,19.89]]],[[[-96.78,20.34],[-96.86,20.34],[-96.87,20.41],[-96.8,20.41],[-96.78,20.34]]]]}},{"type":"Feature","properties":{"NAME":"Pandya Dynasty","C":3,"name":"Pandya Dynasty","start_year":592,"end_year":910,"capital":"","type":"polity","region":"","event":"","source":"Cliopatria / Seshat Global History Databank (CC BY 4.0)","wikipedia":"Pandya dynasty","wikidata":"Q844910","_a":11,"_c":[78.07,9.51],"_nz":"潘迪亚王朝","_sz":""},"geometry":{"type":"Polygon","coordinates":[[[79.32,10.81],[78.72,10.78],[78.1,10.94],[77.04,10.95],[76.52,10.54],[76.24,9.93],[76.54,8.88],[77.29,8.13],[77.55,8.07],[77.77,8.17],[78.1,8.38],[78.14,8.79],[78.29,9],[78.75,9.23],[79.17,9.29],[78.97,9.37],[78.92,9.57],[79.31,10.25],[79.89,10.3],[79.87,10.95],[79.32,10.81]]]}},{"type":"Feature","properties":{"NAME":"Zapotec Civilization","C":5,"name":"Zapotec Civilization","start_year":602,"end_year":891,"capital":"","type":"polity","region":"","event":"","source":"Cliopatria / Seshat Global History Databank (CC BY 4.0)","wikipedia":"Zapotec civilization","wikidata":"Q844750","_a":1,"_c":[-96.36,16.88],"_nz":"萨波特克文明","_sz":""},"geometry":{"type":"Polygon","coordinates":[[[-96.8,16.61],[-96.65,16.61],[-96.63,16.49],[-95.97,16.49],[-95.86,16.74],[-95.72,16.74],[-95.76,17],[-95.91,17],[-96.09,17.26],[-96.68,17.26],[-96.79,17],[-97.01,17],[-96.97,16.74],[-96.81,16.68],[-96.8,16.61]]]}},{"type":"Feature","properties":{"NAME":"Alodia","C":4,"name":"Alodia","start_year":602,"end_year":1501,"capital":"","type":"polity","region":"","event":"","source":"Cliopatria / Seshat Global History Databank (CC BY 4.0)","wikipedia":"Alodia","wikidata":"Q449639","_a":15,"_c":[33.57,16.74],"_nz":"阿洛迪亚","_sz":""},"geometry":{"type":"Polygon","coordinates":[[[35.37,17.96],[35.5,17.64],[36,17.32],[36.05,16.81],[35.67,16.49],[34.71,16.49],[34.56,16.23],[34.68,15.78],[34.1,15.84],[33.86,15.46],[32.53,15.2],[32.53,15.33],[31.8,15.52],[31.53,15.97],[31.54,16.23],[31.39,16.36],[31.48,16.61],[31.21,17.32],[31.09,18.22],[31.1,18.29],[31.54,18.16],[33.24,18.29],[34.12,18.03],[34.48,18.03],[34.63,17.9],[35.29,17.96],[35.37,17.96]]]}},{"type":"Feature","properties":{"NAME":"Breton Kingdoms","C":6,"name":"Breton Kingdoms","start_year":602,"end_year":771,"capital":"","type":"polity","region":"","event":"","source":"Cliopatria / Seshat Global History Databank (CC BY 4.0)","wikipedia":"Bretons","wikidata":"Q309197","_a":5,"_c":[-3.21,48.2],"_nz":"布列塔尼诸王国","_sz":""},"geometry":{"type":"Polygon","coordinates":[[[-1.65,48.26],[-1.67,48.46],[-1.51,48.52],[-1.6,48.65],[-1.69,48.65],[-2.52,48.72],[-2.76,48.59],[-3.12,48.92],[-3.46,48.92],[-3.85,48.72],[-4.6,48.72],[-4.91,48.52],[-4.89,48.32],[-4.64,48.32],[-4.55,48.19],[-4.71,48.13],[-4.69,47.99],[-4.42,47.8],[-3.93,47.86],[-3.76,47.73],[-3.34,47.73],[-3.16,47.47],[-2.92,47.6],[-2.84,47.6],[-2.45,47.86],[-1.8,47.99],[-1.65,48.19],[-1.65,48.26]]]}},{"type":"Feature","properties":{"NAME":"Dumnonia","C":1,"name":"Dumnonia","start_year":602,"end_year":704,"capital":"","type":"polity","region":"","event":"","source":"Cliopatria / Seshat Global History Databank (CC BY 4.0)","wikipedia":"Dumnonia","wikidata":"Q313136","_a":4,"_c":[-4.32,50.65],"_nz":"杜姆诺尼亚","_sz":""},"geometry":{"type":"Polygon","coordinates":[[[-3.75,50.25],[-4.09,50.25],[-4.19,50.38],[-4.77,50.31],[-5.15,49.98],[-5.75,50.05],[-5.77,50.25],[-5.28,50.38],[-5.13,50.58],[-4.88,50.58],[-4.82,50.78],[-4.66,50.85],[-4.68,51.05],[-4.43,51.05],[-4.2,51.31],[-3.18,51.25],[-3.09,51.25],[-2.9,50.98],[-2.87,50.71],[-2.96,50.71],[-3.46,50.65],[-3.44,50.51],[-3.67,50.25],[-3.75,50.25]]]}},{"type":"Feature","properties":{"NAME":"Kingdom of Axum","C":3,"name":"Kingdom of Axum","start_year":602,"end_year":805,"capital":"","type":"polity","region":"","event":"","source":"Cliopatria / Seshat Global History Databank (CC BY 4.0)","wikipedia":"Kingdom of Aksum","wikidata":"Q139377","_a":12,"_c":[40.22,14.21],"_nz":"阿克苏姆王国","_sz":""},"geometry":{"type":"MultiPolygon","coordinates":[[[[40.82,14.81],[41.39,14.56],[41.66,14.04],[42.38,13.59],[42.44,13.27],[42.22,13.27],[41.92,13.14],[41.91,13.01],[41.47,12.95],[41.32,12.82],[38.97,12.82],[38.4,13.08],[38.26,13.4],[38.11,13.4],[38.2,13.59],[38,14.17],[38.17,14.69],[38.63,15.07],[38.56,15.2],[38.78,15.14],[38.93,15.39],[39.15,15.33],[39.61,15.59],[39.73,15.2],[39.81,15.2],[39.82,15.52],[39.97,15.52],[40.31,14.94],[40.68,15.01],[40.82,14.88],[40.82,14.81]]],[[[38.4,14.94],[38.33,14.94],[38.33,15.01],[38.4,15.01],[38.4,14.94]]]]}},{"type":"Feature","properties":{"NAME":"Anurādhapura","C":2,"name":"Anurādhapura","start_year":617,"end_year":1014,"capital":"","type":"polity","region":"","event":"","source":"Cliopatria / Seshat Global History Databank (CC BY 4.0)","wikipedia":"Anurādhapura","wikidata":"Q5724","_a":9,"_c":[80.77,7.87],"_nz":"阿努拉德普勒","_sz":""},"geometry":{"type":"Polygon","coordinates":[[[81.26,8.64],[80.99,8.96],[81,9.09],[80.85,9.16],[80.86,9.29],[80.72,9.35],[80.73,9.48],[80.44,9.54],[80.52,9.67],[80.45,9.74],[79.88,9.86],[79.86,9.67],[80.08,9.61],[79.99,9.41],[80.05,9.16],[79.81,8.77],[79.76,8.06],[79.62,8.06],[79.61,7.87],[79.74,7.68],[79.76,6.65],[79.95,6.14],[80.23,5.88],[80.67,5.88],[81.34,6.14],[81.88,6.71],[81.92,7.42],[81.77,7.49],[81.65,7.94],[81.45,8.13],[81.4,8.51],[81.26,8.58],[81.26,8.64]]]}},{"type":"Feature","properties":{"NAME":"Magna Frisia","C":4,"name":"Magna Frisia","start_year":617,"end_year":740,"capital":"","type":"polity","region":"","event":"","source":"Cliopatria / Seshat Global History Databank (CC BY 4.0)","wikipedia":"Frisian Kingdom","wikidata":"Q87791","_a":13,"_c":[5.94,52.49],"_nz":"大弗里西亚","_sz":""},"geometry":{"type":"MultiPolygon","coordinates":[[[[4.33,51.71],[4.34,51.38],[4.01,51.25],[3.5,51.25],[3.41,51.45],[3.49,51.45],[3.75,51.45],[3.41,51.51],[3.4,51.65],[3.74,51.65],[3.65,51.78],[3.82,51.78],[3.81,51.92],[3.98,51.92],[3.97,52.05],[4.22,52.18],[4.22,52.32],[4.46,52.52],[4.53,52.86],[4.87,52.99],[4.97,52.65],[5.14,52.79],[5.22,52.79],[5.32,52.45],[5.15,52.45],[5.07,52.25],[4.65,52.25],[4.65,52.12],[4.49,51.98],[4.5,51.71],[4.41,51.71],[4.33,51.71]]],[[[7.27,53.06],[7.18,53.06],[7.19,52.99],[7.1,52.99],[7.1,52.92],[7.02,52.92],[6.5,53.12],[6.33,53.06],[6.34,52.79],[5.65,52.65],[5.56,52.92],[5.39,52.92],[5.39,52.99],[5.21,53.12],[5.8,53.46],[6.92,53.46],[6.91,53.6],[7.08,53.73],[7.94,53.73],[8.12,53.6],[8.29,53.66],[8.38,53.66],[8.47,53.39],[8.3,53.26],[7.36,53.06],[7.27,53.06]]]]}},{"type":"Feature","properties":{"NAME":"Kingdom of Gwent","C":11,"name":"Kingdom of Gwent","start_year":628,"end_year":704,"capital":"","type":"polity","region":"","event":"","source":"Cliopatria / Seshat Global History Databank (CC BY 4.0)","wikipedia":"Kingdom of Gwent","wikidata":"Q2594661","_a":0,"_c":[-2.93,51.72],"_nz":"格温特王国","_sz":""},"geometry":{"type":"Polygon","coordinates":[[[-2.7,51.58],[-2.55,51.78],[-2.82,51.92],[-3.32,51.78],[-3.31,51.71],[-3.12,51.51],[-2.79,51.58],[-2.7,51.58]]]}},{"type":"Feature","properties":{"NAME":"Kingdom of Powys","C":10,"name":"Kingdom of Powys","start_year":633,"end_year":704,"capital":"","type":"polity","region":"","event":"","source":"Cliopatria / Seshat Global History Databank (CC BY 4.0)","wikipedia":"Kingdom of Powys","wikidata":"Q769782","_a":1,"_c":[-3.36,52.56],"_nz":"波伊斯王国","_sz":""},"geometry":{"type":"Polygon","coordinates":[[[-3.36,52.99],[-3.7,52.92],[-3.57,52.59],[-3.99,52.45],[-3.72,52.32],[-3.69,52.12],[-2.93,52.12],[-2.82,52.72],[-2.73,52.72],[-2.85,52.99],[-3.27,52.99],[-3.36,52.99]]]}},{"type":"Feature","properties":{"NAME":"Chenla","C":11,"name":"Chenla","start_year":641,"end_year":709,"capital":"","type":"polity","region":"","event":"","source":"Cliopatria / Seshat Global History Databank (CC BY 4.0)","wikipedia":"Chenla","wikidata":"Q1057118","_a":60,"_c":[105.37,12.6],"_nz":"真腊","_sz":""},"geometry":{"type":"MultiPolygon","coordinates":[[[[103.98,10.44],[104.12,10.44],[104.09,10.06],[103.94,10.06],[103.81,10.25],[103.91,10.44],[103.98,10.44]]],[[[107.69,15.33],[107.67,15.2],[107.9,15.2],[108.08,14.94],[108.06,14.24],[108.28,13.66],[108.24,13.34],[108.35,13.08],[108.25,12.18],[108.1,12.11],[108.08,11.92],[108.14,11.79],[108.5,11.73],[108.62,11.54],[109.05,11.47],[109.05,11.41],[108.73,11.15],[108.58,11.15],[108.57,11.02],[108.12,10.89],[108.03,10.7],[107.34,10.38],[107.05,10.44],[107.07,10.7],[107,10.7],[106.98,10.51],[106.76,10.44],[106.82,10.31],[106.67,10.25],[106.81,10.19],[106.79,10.06],[106.64,9.99],[106.7,9.8],[106.55,9.8],[106.6,9.54],[106.23,9.48],[106.14,9.29],[105.62,9.16],[105.14,8.58],[104.76,8.51],[104.7,8.64],[104.86,8.77],[104.71,8.77],[104.79,9.74],[105.03,9.99],[104.54,10.19],[104.42,10.44],[104.12,10.44],[103.92,10.57],[103.55,10.51],[103.49,10.7],[103.64,10.76],[103.6,11.09],[103.36,10.83],[103.06,10.83],[103.05,11.47],[102.84,11.6],[102.87,11.86],[102.73,11.92],[102.74,12.05],[102.6,12.11],[102.44,11.99],[102.22,11.99],[102.26,12.31],[102.11,12.31],[101.78,12.63],[101.79,12.69],[101.81,12.95],[101.68,13.08],[101.73,13.53],[101.97,14.3],[101.98,14.36],[102.28,15.01],[102.93,15.46],[102.87,15.59],[103.09,15.59],[103.11,15.71],[103.26,15.71],[103.52,15.97],[103.66,15.91],[104.28,16.16],[104.3,16.29],[104.37,16.29],[104.38,16.36],[104.46,16.36],[104.45,16.29],[104.89,16.29],[106.49,16.68],[106.57,16.68],[106.71,16.61],[106.69,16.49],[106.97,16.42],[107.15,16.16],[107.5,16.04],[107.3,15.65],[107.56,15.46],[107.55,15.39],[107.69,15.33]]]]}},{"type":"Feature","properties":{"NAME":"Chámpa","C":6,"name":"Chámpa","start_year":641,"end_year":874,"capital":"","type":"polity","region":"","event":"","source":"Cliopatria / Seshat Global History Databank (CC BY 4.0)","wikipedia":"Champa","wikidata":"Q216786","_a":24,"_c":[107.64,14.68],"_nz":"占婆","_sz":""},"geometry":{"type":"Polygon","coordinates":[[[107.48,16.87],[107.67,16.68],[107.65,16.55],[107.86,16.49],[107.84,16.36],[108.14,16.36],[108.33,16.16],[108.37,15.91],[108.7,15.65],[108.68,15.52],[109.02,15.33],[108.97,15.01],[109.16,14.75],[109.18,14.36],[109.35,14.04],[109.33,13.27],[109.51,12.95],[109.47,12.56],[109.32,12.56],[109.23,12.37],[109.21,11.6],[109.06,11.54],[109.05,11.47],[108.62,11.54],[108.5,11.73],[108.14,11.79],[108.08,11.92],[108.1,12.11],[108.25,12.18],[108.35,13.08],[108.24,13.34],[108.28,13.66],[108.06,14.24],[108.08,14.94],[107.9,15.2],[107.67,15.2],[107.69,15.33],[107.55,15.39],[107.56,15.46],[107.3,15.65],[107.5,16.04],[107.15,16.16],[106.97,16.42],[106.69,16.49],[106.71,16.61],[106.57,16.68],[106.58,16.74],[106.54,17],[106.4,17],[106.42,17.13],[105.77,17.71],[105.78,17.77],[105.87,17.9],[106.24,17.9],[106.3,17.77],[106.52,17.77],[106.59,17.77],[106.75,17.39],[107.1,17.26],[107.41,16.87],[107.48,16.87]]]}},{"type":"Feature","properties":{"NAME":"Saxons","C":6,"name":"Saxons","start_year":641,"end_year":723,"capital":"","type":"polity","region":"","event":"","source":"Cliopatria / Seshat Global History Databank (CC BY 4.0)","wikipedia":"Saxons","wikidata":"Q101985","_a":20,"_c":[9.26,52.63],"_nz":"萨克森人","_sz":""},"geometry":{"type":"Polygon","coordinates":[[[11.22,53.94],[11.14,54.07],[9.58,54.07],[9.32,54.14],[9.15,54.34],[8.97,54.34],[8.97,54.55],[8.8,54.55],[8.54,54.41],[8.54,54.27],[8.8,54.21],[8.89,53.87],[8.46,53.94],[8.38,53.73],[8.38,53.66],[8.47,53.39],[8.3,53.26],[7.36,53.06],[7.27,53.06],[7.18,53.06],[7.19,52.99],[7.1,52.99],[7.1,52.92],[7.02,52.92],[6.95,52.25],[6.7,52.05],[6.7,51.98],[7.3,51.71],[7.39,51.45],[7.65,51.31],[7.65,51.18],[8.34,50.71],[8.84,51.05],[9.43,51.25],[10.1,51.45],[10.27,51.65],[10.53,51.65],[10.87,51.92],[11.55,51.78],[11.55,51.85],[11.8,51.98],[11.55,52.18],[11.55,52.32],[11.64,52.32],[11.82,53.12],[11.47,53.12],[11.48,53.26],[10.96,53.33],[10.88,53.73],[11.14,53.94],[11.22,53.94]]]}},{"type":"Feature","properties":{"NAME":"Brythons","C":11,"name":"Brythons","start_year":644,"end_year":859,"capital":"","type":"polity","region":"","event":"","source":"Cliopatria / Seshat Global History Databank (CC BY 4.0)","wikipedia":"Celtic Britons","wikidata":"Q849967","_a":7,"_c":[-4.45,53.57],"_nz":"布立吞人","_sz":""},"geometry":{"type":"MultiPolygon","coordinates":[[[[-4.83,51.65],[-5.08,51.58],[-5.26,51.71],[-5.3,51.98],[-4.89,52.18],[-4.55,52.18],[-4.24,52.45],[-4.07,52.45],[-3.99,52.45],[-3.72,52.32],[-3.69,52.12],[-3.78,52.12],[-3.76,51.92],[-3.59,51.92],[-3.57,51.78],[-3.64,51.65],[-3.89,51.58],[-3.98,51.58],[-4.31,51.51],[-4.42,51.71],[-4.75,51.65],[-4.83,51.65]]],[[[-4.94,54.68],[-5.11,54.68],[-5.33,55.02],[-5.15,55.02],[-5.17,55.16],[-4.78,55.5],[-4.79,55.57],[-4.62,55.63],[-4.59,55.43],[-4.31,55.23],[-3.58,54.95],[-3.57,54.89],[-4.42,54.75],[-4.87,54.82],[-4.95,54.82],[-4.94,54.68]]]]}},{"type":"Feature","properties":{"NAME":"Dál Riata","C":6,"name":"Dál Riata","start_year":644,"end_year":749,"capital":"","type":"polity","region":"","event":"","source":"Cliopatria / Seshat Global History Databank (CC BY 4.0)","wikipedia":"Dál Riata","wikidata":"Q111471","_a":5,"_c":[-5.82,56.53],"_nz":"达尔里亚达","_sz":""},"geometry":{"type":"MultiPolygon","coordinates":[[[[-6.12,55.7],[-6.19,55.57],[-6.36,55.57],[-6.38,55.7],[-6.56,55.7],[-6.59,55.91],[-5.89,55.98],[-5.87,55.84],[-6.13,55.77],[-6.12,55.7]]],[[[-5.44,55.91],[-5.43,55.77],[-5.16,55.77],[-5.12,55.43],[-5.38,55.43],[-5.57,55.57],[-5.55,55.36],[-5.89,55.29],[-5.86,55.7],[-5.69,55.77],[-5.81,56.05],[-5.66,56.18],[-5.68,56.39],[-6.12,56.32],[-6.34,56.66],[-5.99,56.66],[-5.91,56.73],[-5.96,57.08],[-5.7,57.14],[-5.95,57.63],[-5.59,57.63],[-5.39,57.49],[-5.12,56.8],[-5.03,56.8],[-4.85,56.05],[-4.93,56.05],[-5,55.84],[-5.26,55.84],[-5.35,55.84],[-5.44,55.91]]],[[[-6,57.35],[-5.97,57.14],[-6.41,57.14],[-6.62,57.35],[-6.8,57.35],[-6.74,57.56],[-6.47,57.56],[-6.5,57.77],[-6.32,57.77],[-6.21,57.63],[-6.2,57.56],[-6,57.35]]]]}},{"type":"Feature","properties":{"NAME":"Strathclyde","C":9,"name":"Strathclyde","start_year":647,"end_year":749,"capital":"","type":"polity","region":"","event":"","source":"Cliopatria / Seshat Global History Databank (CC BY 4.0)","wikipedia":"Strathclyde","wikidata":"Q124661","_a":4,"_c":[-4.04,55.88],"_nz":"斯特拉斯克莱德","_sz":""},"geometry":{"type":"Polygon","coordinates":[[[-3.27,55.36],[-3.78,55.98],[-3.87,55.98],[-3.98,56.11],[-4.34,56.18],[-4.46,56.46],[-4.38,56.52],[-4.56,56.59],[-4.58,56.73],[-4.94,56.8],[-5.03,56.8],[-4.85,56.05],[-4.84,55.98],[-5.01,55.91],[-4.98,55.7],[-4.79,55.63],[-4.79,55.57],[-4.62,55.63],[-4.59,55.43],[-4.31,55.23],[-3.58,54.95],[-3.49,54.95],[-3.4,54.95],[-3.06,55.02],[-3.19,55.36],[-3.27,55.36]]]}},{"type":"Feature","properties":{"NAME":"Dabuyid Dynasty","C":0,"name":"Dabuyid Dynasty","start_year":647,"end_year":717,"capital":"","type":"polity","region":"","event":"","source":"Cliopatria / Seshat Global History Databank (CC BY 4.0)","wikipedia":"Dabuyid dynasty","wikidata":"Q2816439","_a":30,"_c":[51.74,37.64],"_nz":"达布叶王朝","_sz":""},"geometry":{"type":"Polygon","coordinates":[[[48.9,37.77],[48.84,38.35],[48.76,38.35],[48.82,38.67],[48.74,38.67],[48.9,39.13],[48.92,39.19],[48.67,39.58],[48.45,39.64],[48.23,39.32],[48.25,39],[47.99,38.87],[47.99,38.42],[48.19,38.22],[48.39,37.58],[48.85,37.06],[49.14,36.93],[49.19,36.74],[50.28,36.29],[50.47,36.03],[51.09,36.03],[51.83,35.84],[52.03,35.64],[52.34,35.64],[52.7,35.97],[53.2,36.16],[54.3,36.22],[54.88,36.42],[55.15,36.61],[55.19,36.8],[55.45,36.93],[55.48,37.13],[55.41,37.13],[54.89,37.25],[54.83,37.38],[54.38,37.45],[53.98,37.38],[54.09,37.19],[54.03,36.87],[53.49,36.87],[52.59,36.61],[51.64,36.55],[50.82,36.74],[50.53,36.87],[50.63,37],[50.57,37.06],[50.32,37],[50,37.38],[49.09,37.51],[48.88,37.71],[48.9,37.77]]]}},{"type":"Feature","properties":{"NAME":"Kamarupa Kingdom","C":1,"name":"Kamarupa Kingdom","start_year":656,"end_year":750,"capital":"","type":"polity","region":"","event":"","source":"Cliopatria / Seshat Global History Databank (CC BY 4.0)","wikipedia":"Kamarupa","wikidata":"Q1194765","_a":19,"_c":[91.7,26.49],"_nz":"迦摩缕波王国","_sz":""},"geometry":{"type":"Polygon","coordinates":[[[88.04,26.6],[89.39,26],[90.22,25.37],[91.55,25.21],[92.88,25.22],[94.11,25.67],[94.81,26.38],[95.36,26.66],[94.71,27.61],[94.4,27.76],[93.5,27.18],[92.88,27.19],[91.84,26.86],[90.89,26.78],[90.36,26.87],[89.94,26.73],[89.18,26.69],[88.95,26.92],[88.49,26.8],[88.04,26.6]]]}},{"type":"Feature","properties":{"NAME":"Karkota Dynasty","C":1,"name":"Karkota Dynasty","start_year":656,"end_year":731,"capital":"","type":"polity","region":"","event":"","source":"Cliopatria / Seshat Global History Databank (CC BY 4.0)","wikipedia":"Karkota dynasty","wikidata":"Q466433","_a":19,"_c":[74.73,34.71],"_nz":"卡尔科塔王朝","_sz":""},"geometry":{"type":"Polygon","coordinates":[[[72.75,34.01],[72.7,33.92],[73.05,33.62],[73.32,33.52],[73.76,33.27],[74.41,32.92],[75.1,33.13],[75.63,33.09],[76.28,32.51],[76.38,32.57],[76.58,33.42],[76.84,33.86],[76.75,34.14],[76.84,34.68],[76.7,35.24],[76.06,35.52],[75.35,35.86],[74.81,36.3],[74.71,36.63],[74.14,36.69],[73.85,36.91],[72.62,36.86],[73.04,36.36],[73.22,35.96],[73.41,35.39],[73.21,35.24],[73.06,35.13],[72.92,34.74],[72.9,34.23],[72.75,34.01]]]}},{"type":"Feature","properties":{"NAME":"Maitraka Dynasty","C":4,"name":"Maitraka Dynasty","start_year":656,"end_year":723,"capital":"","type":"polity","region":"","event":"","source":"Cliopatria / Seshat Global History Databank (CC BY 4.0)","wikipedia":"Maitraka dynasty","wikidata":"Q6737189","_a":60,"_c":[73.13,23.94],"_nz":"梅特拉卡王朝","_sz":""},"geometry":{"type":"Polygon","coordinates":[[[72.89,20.76],[73.27,21.01],[73.67,21.5],[73.45,22.4],[73.7,22.56],[74.83,22.6],[75.43,22.31],[75.82,22.33],[76.9,22.92],[77.56,22.79],[77.8,22.89],[77.84,23.51],[77.62,24.42],[77.15,25.1],[76.88,25.95],[76.56,26.26],[75.18,27.14],[74.69,26.85],[74.36,26.11],[73.93,25.5],[73.66,24.5],[73.29,24.22],[72.61,24.05],[71.36,24.06],[69.83,23.89],[69.47,24.11],[68.66,23.78],[68.42,23.57],[68.64,23.19],[69.24,22.85],[69.66,22.76],[70.34,22.94],[70.49,23.09],[70.18,22.57],[69.28,22.29],[69.05,22.44],[68.97,22.29],[70.49,20.84],[71.02,20.74],[72.02,21.16],[72.25,21.53],[72.21,21.73],[72.04,21.82],[72.27,22.09],[72.31,22.19],[72.18,22.27],[72.59,22.28],[72.81,22.23],[72.55,22.16],[72.52,21.98],[72.7,21.97],[72.54,21.7],[73.11,21.75],[72.61,21.46],[72.73,21.47],[72.62,21.37],[72.88,20.83],[72.89,20.76]]]}},{"type":"Feature","properties":{"NAME":"Late Pallava Empire","C":3,"name":"Late Pallava Empire","start_year":656,"end_year":771,"capital":"","type":"polity","region":"","event":"","source":"Cliopatria / Seshat Global History Databank (CC BY 4.0)","wikipedia":"Pallava dynasty","wikidata":"Q466803","_a":13,"_c":[78.66,13.7],"_nz":"后期帕拉瓦帝国","_sz":""},"geometry":{"type":"Polygon","coordinates":[[[79.8,11.85],[80.17,12.45],[80.37,13.28],[80.08,15.1],[80.21,15.53],[79.61,15.58],[79.06,15.4],[78.87,15.13],[79.24,14.6],[78.96,14.32],[77.44,14.46],[76.96,12.82],[77.84,11.81],[79.8,11.85]]]}},{"type":"Feature","properties":{"NAME":"Kingdom of Gwynedd","C":4,"name":"Kingdom of Gwynedd","start_year":661,"end_year":704,"capital":"","type":"polity","region":"","event":"","source":"Cliopatria / Seshat Global History Databank (CC BY 4.0)","wikipedia":"Kingdom of Gwynedd","wikidata":"Q816814","_a":2,"_c":[-3.83,52.96],"_nz":"圭内斯王国","_sz":""},"geometry":{"type":"Polygon","coordinates":[[[-3.27,52.99],[-2.85,52.99],[-2.85,53.06],[-2.89,53.39],[-3.07,53.46],[-4.08,53.26],[-4.27,53.46],[-4.7,53.46],[-4.67,53.19],[-4.49,53.12],[-4.81,52.92],[-4.79,52.79],[-4.3,52.92],[-4.16,52.45],[-4.07,52.45],[-3.99,52.45],[-3.57,52.59],[-3.7,52.92],[-3.36,52.99],[-3.27,52.99]]]}},{"type":"Feature","properties":{"NAME":"Lavo Kingdom","C":9,"name":"Lavo Kingdom","start_year":661,"end_year":717,"capital":"","type":"polity","region":"","event":"","source":"Cliopatria / Seshat Global History Databank (CC BY 4.0)","wikipedia":"Lavo Kingdom","wikidata":"Q1332305","_a":19,"_c":[100.24,14.88],"_nz":"罗涡王国","_sz":""},"geometry":{"type":"Polygon","coordinates":[[[101.61,15.46],[101.67,15.39],[101.52,15.39],[101.51,15.26],[101.62,15.01],[101.55,14.49],[101.9,14.3],[101.97,14.3],[101.73,13.53],[101.68,13.08],[101.81,12.95],[101.79,12.69],[101.71,12.69],[101.55,12.56],[100.83,12.63],[100.99,13.46],[100.63,13.53],[100.1,13.4],[100.12,12.89],[100.03,12.69],[99.89,12.82],[99.6,12.82],[99.19,13.14],[99.18,13.66],[99.06,13.91],[98.4,14.56],[98.42,14.69],[98.16,15.01],[98.2,15.26],[98.59,15.46],[98.59,16.04],[98.76,16.16],[98.83,16.16],[99.09,15.91],[99.91,15.97],[100.08,16.16],[100.21,16.04],[100.43,16.04],[100.55,16.36],[100.8,16.55],[100.84,16.81],[101.33,17.13],[101.4,17.13],[101.61,17.06],[102,17.19],[102.32,16.87],[101.61,15.52],[101.61,15.46]]]}},{"type":"Feature","properties":{"NAME":"Chalukya Dynasty","C":6,"name":"Chalukya Dynasty","start_year":661,"end_year":731,"capital":"","type":"polity","region":"","event":"","source":"Cliopatria / Seshat Global History Databank (CC BY 4.0)","wikipedia":"Chalukya dynasty","wikidata":"Q1395011","_a":118,"_c":[77.82,17.23],"_nz":"遮娄其王朝","_sz":""},"geometry":{"type":"Polygon","coordinates":[[[76.87,12.82],[76.63,12.5],[76.24,12.24],[76.23,12.11],[76.01,12.05],[75.84,11.79],[75.46,11.54],[75.34,11.92],[75.06,12.18],[74.75,12.82],[74.66,13.59],[74.47,13.91],[74.37,14.49],[73.97,14.94],[73.75,15.65],[73.54,15.78],[73.42,16.04],[73.33,16.61],[73.25,16.61],[73.25,17.32],[72.96,18.03],[72.87,19.31],[72.73,19.38],[72.76,19.64],[72.63,19.83],[72.88,20.78],[73.27,21.01],[73.67,21.5],[73.45,22.21],[74.29,22.08],[74.98,22.27],[77.24,22.46],[77.71,22.66],[79.08,22.91],[79.75,22.91],[79.95,22.72],[79.93,22.59],[80.29,22.46],[80.48,22.21],[81.05,22.01],[81.57,22.01],[82.83,21.44],[82.88,21.18],[83.02,21.11],[82.72,19.89],[82.56,19.83],[82.11,19.19],[82.09,18.99],[81.91,18.74],[81.76,18.74],[81.47,18.22],[80.91,17.84],[80.81,17.64],[80.05,17.39],[79.79,17.06],[79.75,16.74],[79.83,16.74],[79.99,15.55],[79.61,15.58],[79.06,15.4],[78.87,15.13],[79.24,14.6],[78.96,14.32],[77.44,14.46],[76.96,12.82],[76.95,12.82],[76.87,12.82]]]}},{"type":"Feature","properties":{"NAME":"Visigothic Kingdom","C":2,"name":"Visigothic Kingdom","start_year":661,"end_year":704,"capital":"","type":"polity","region":"","event":"","source":"Cliopatria / Seshat Global History Databank (CC BY 4.0)","wikipedia":"Visigothic Kingdom","wikidata":"Q126936","_a":121,"_c":[-2.47,40.28],"_nz":"西哥特王国","_sz":""},"geometry":{"type":"Polygon","coordinates":[[[3.54,43.41],[4.01,43.6],[4.09,43.6],[4.24,44.06],[4.63,44.25],[4.06,44.52],[3.81,44.52],[3.43,44.06],[3.03,44.06],[2.8,43.8],[2.63,43.8],[2.1,43.28],[1.95,42.95],[1.79,42.95],[1.48,42.69],[1.43,42.24],[1.04,42.04],[0.72,42.04],[-1.73,42.76],[-2.13,42.76],[-2.2,42.63],[-3,42.63],[-2.93,42.82],[-3.01,42.82],[-3.03,43.02],[-3.19,43.08],[-3.14,43.41],[-3.22,43.41],[-4.99,43.41],[-5.73,43.6],[-7.18,43.54],[-7.34,43.6],[-7.28,43.73],[-8.24,43.73],[-8.39,43.6],[-8.37,43.41],[-8.85,43.41],[-9.3,43.15],[-9.08,42.56],[-8.92,42.56],[-8.9,42.43],[-8.65,42.3],[-8.96,42.17],[-8.73,40.74],[-8.87,40.61],[-8.9,40.1],[-9.04,39.97],[-9.16,39.51],[-9.39,39.45],[-9.43,39.06],[-9.57,38.93],[-9.55,38.74],[-9.38,38.61],[-9.23,38.67],[-9.21,38.42],[-8.82,38.48],[-8.82,37.58],[-8.9,37.58],[-9,37],[-8.7,37.13],[-7.68,37],[-7.45,37.13],[-7.47,37.25],[-6.84,37.25],[-6.59,37],[-6.35,36.93],[-6.33,36.67],[-6.06,36.22],[-5.83,36.22],[-5.66,36.03],[-5.29,36.22],[-5.23,36.48],[-4.69,36.55],[-4.47,36.74],[-2.68,36.74],[-2.53,36.87],[-2.06,36.8],[-1.86,37.32],[-1.62,37.32],[-1.71,37.45],[-0.7,37.64],[-0.8,38.03],[-0.66,38.29],[0.1,38.74],[-0.31,39.13],[-0.35,39.71],[-0.13,40.03],[0.18,40.16],[0.25,40.42],[0.71,40.68],[0.7,40.94],[1.24,41.2],[2.11,41.33],[2.33,41.59],[2.57,41.59],[3.12,41.91],[3.18,42.37],[3.01,42.56],[2.98,43.15],[3.46,43.41],[3.54,43.41]]]}},{"type":"Feature","properties":{"NAME":"Carantania","C":8,"name":"Carantania","start_year":661,"end_year":740,"capital":"","type":"polity","region":"","event":"","source":"Cliopatria / Seshat Global History Databank (CC BY 4.0)","wikipedia":"Carantania","wikidata":"Q501754","_a":11,"_c":[14.91,47.11],"_nz":"卡兰塔尼亚","_sz":""},"geometry":{"type":"MultiPolygon","coordinates":[[[[16.4,47.93],[16.3,47.53],[16.14,47.53],[16.13,47.14],[16.21,47.14],[16.2,46.94],[16.44,46.74],[16.44,46.61],[16.18,46.41],[16.1,46.41],[15.85,46.22],[15.6,46.22],[15.68,45.89],[15.43,45.82],[15.52,45.96],[15.02,45.89],[15.11,46.09],[14.7,46.15],[14.63,46.35],[13.81,46.48],[13.73,46.48],[12.91,46.61],[12.83,47.07],[13.41,47.07],[13.66,47.27],[13.83,47.6],[14.58,47.8],[14.58,47.93],[14.42,47.99],[14.42,48.26],[14.42,48.32],[14.67,48.26],[14.92,48.39],[15.5,48.19],[16.08,48.19],[16.33,48.32],[16.66,48.32],[16.91,48.19],[16.9,48.13],[16.48,47.93],[16.4,47.93]]],[[[16.91,48.19],[16.91,48.26],[16.99,48.26],[16.99,48.19],[16.91,48.19]]],[[[16.83,48.26],[16.83,48.32],[16.91,48.32],[16.91,48.26],[16.83,48.26]]]]}},{"type":"Feature","properties":{"NAME":"Duchy of Thuringia","C":9,"name":"Duchy of Thuringia","start_year":661,"end_year":717,"capital":"","type":"polity","region":"","event":"","source":"Cliopatria / Seshat Global History Databank (CC BY 4.0)","wikipedia":"Duchy of Thuringia","wikidata":"Q5311389","_a":8,"_c":[10.74,50.59],"_nz":"图林根公国","_sz":""},"geometry":{"type":"MultiPolygon","coordinates":[[[[12.12,50.25],[12.04,50.25],[12.04,50.31],[12.12,50.31],[12.12,50.25]]],[[[12.3,50.65],[12.04,50.58],[12.04,50.31],[11.87,50.25],[11.87,50.11],[11.28,49.91],[11.28,49.78],[11.03,49.65],[10.86,49.32],[10.86,49.25],[10.53,49.25],[9.78,49.45],[9.69,49.58],[9.44,49.58],[9.52,49.98],[9.27,50.25],[9.18,50.71],[9.35,50.85],[9.43,51.25],[10.1,51.45],[10.27,51.65],[10.53,51.65],[10.87,51.92],[11.55,51.78],[11.55,51.71],[11.29,51.38],[11.46,51.25],[12.05,51.11],[12.13,50.85],[12.3,50.71],[12.3,50.65]]]]}},{"type":"Feature","properties":{"NAME":"Bavarians","C":1,"name":"Bavarians","start_year":661,"end_year":717,"capital":"","type":"polity","region":"","event":"","source":"Cliopatria / Seshat Global History Databank (CC BY 4.0)","wikipedia":"Bavarians","wikidata":"Q13048507","_a":15,"_c":[11.98,47.73],"_nz":"巴伐利亚人","_sz":""},"geometry":{"type":"Polygon","coordinates":[[[14.18,48.32],[13.52,48.65],[12.77,48.79],[12.61,48.99],[12.11,49.18],[11.69,49.12],[11.61,48.99],[11.11,48.79],[11.03,48.79],[10.11,48.46],[9.95,47.86],[9.87,47.86],[9.95,47.66],[9.54,47.4],[9.54,47.2],[9.63,47.2],[9.55,46.87],[9.38,46.68],[9.39,46.48],[9.55,46.35],[10.04,46.28],[10.12,46.41],[10.04,46.41],[10.04,46.61],[10.37,46.61],[10.53,46.41],[11.93,46.48],[12.09,46.68],[12.91,46.61],[12.83,47.07],[13.41,47.07],[13.66,47.27],[13.83,47.6],[14.58,47.8],[14.58,47.93],[14.42,47.99],[14.42,48.26],[14.34,48.26],[14.26,48.26],[14.26,48.32],[14.18,48.32]]]}},{"type":"Feature","properties":{"NAME":"Haripuñjaya","C":11,"name":"Haripuñjaya","start_year":666,"end_year":1065,"capital":"","type":"polity","region":"","event":"","source":"Cliopatria / Seshat Global History Databank (CC BY 4.0)","wikipedia":"Haripuñjaya","wikidata":"Q255931","_a":18,"_c":[99.4,18.19],"_nz":"哈里奔猜","_sz":""},"geometry":{"type":"Polygon","coordinates":[[[101.12,19.64],[100.88,19.51],[100.59,19.57],[100.48,19.83],[100.67,20.09],[100.53,20.15],[100.55,20.28],[100.43,20.41],[100.19,20.34],[100.21,20.47],[99.92,20.47],[99.6,20.34],[99.5,20.15],[99.2,20.15],[99.03,20.02],[99,19.83],[98.61,19.7],[98.11,19.83],[97.85,19.57],[97.78,18.61],[97.4,18.54],[97.38,18.41],[97.66,18.29],[97.77,18.03],[97.73,17.77],[98.12,17.39],[98.1,17.26],[98.56,16.87],[98.57,16.42],[98.7,16.29],[98.93,16.36],[98.84,16.23],[98.83,16.16],[99.09,15.91],[99.91,15.97],[100.08,16.16],[100.21,16.04],[100.43,16.04],[100.55,16.36],[100.8,16.55],[100.84,16.81],[101.33,17.13],[101.34,17.19],[101.26,17.19],[101.37,17.39],[101.24,17.51],[101.02,17.51],[101.24,18.03],[101.28,18.29],[101.14,18.35],[101.17,18.54],[101.34,18.67],[101.41,19.12],[101.19,19.64],[101.12,19.64]]]}},{"type":"Feature","properties":{"NAME":"Kingdom of East Anglia","C":5,"name":"Kingdom of East Anglia","start_year":666,"end_year":799,"capital":"","type":"polity","region":"","event":"","source":"Cliopatria / Seshat Global History Databank (CC BY 4.0)","wikipedia":"Kingdom of East Anglia","wikidata":"Q837998","_a":2,"_c":[0.92,52.39],"_nz":"东盎格利亚王国","_sz":""},"geometry":{"type":"Polygon","coordinates":[[[1.1,51.78],[1.18,51.78],[1.17,51.98],[1.43,51.98],[1.74,52.38],[1.62,52.86],[1.09,53.06],[0.49,53.06],[0.34,52.86],[0.25,52.86],[0.09,52.72],[0.23,51.98],[0.33,51.85],[0.85,51.71],[0.84,51.78],[0.93,51.78],[1.01,51.78],[1.1,51.78]]]}},{"type":"Feature","properties":{"NAME":"Sunda Kingdom","C":0,"name":"Sunda Kingdom","start_year":674,"end_year":723,"capital":"","type":"polity","region":"","event":"","source":"Cliopatria / Seshat Global History Databank (CC BY 4.0)","wikipedia":"Sunda Kingdom","wikidata":"Q1469742","_a":4,"_c":[106.44,-6.72],"_nz":"巽他王国","_sz":""},"geometry":{"type":"Polygon","coordinates":[[[107.49,-6.91],[107.27,-6.79],[107.25,-6.4],[107.02,-6.21],[107.01,-6.01],[106.86,-5.95],[106.86,-6.01],[106.65,-6.08],[106.49,-5.95],[105.91,-5.89],[105.7,-6.08],[105.65,-6.46],[105.43,-6.53],[105.37,-6.85],[105.89,-6.85],[106.33,-7.04],[106.28,-7.43],[106.43,-7.49],[107.24,-7.56],[107.31,-7.56],[107.5,-6.98],[107.49,-6.91]]]}},{"type":"Feature","properties":{"NAME":"Galuh Kingdom","C":4,"name":"Galuh Kingdom","start_year":674,"end_year":723,"capital":"","type":"polity","region":"","event":"","source":"Cliopatria / Seshat Global History Databank (CC BY 4.0)","wikipedia":"Galuh Kingdom","wikidata":"Q5519387","_a":7,"_c":[108.47,-6.95],"_nz":"加卢王国","_sz":""},"geometry":{"type":"Polygon","coordinates":[[[108.95,-6.79],[109.31,-6.85],[109.25,-7.04],[109.4,-7.11],[109.49,-7.36],[110.09,-7.62],[109.96,-7.81],[110.04,-8.01],[108.78,-7.69],[108.14,-7.88],[107.39,-7.56],[107.31,-7.56],[107.5,-6.98],[107.49,-6.91],[107.27,-6.79],[107.25,-6.4],[107.02,-6.21],[107.01,-6.01],[106.86,-5.95],[106.85,-5.89],[107.37,-6.01],[107.53,-6.21],[108.26,-6.27],[108.5,-6.72],[108.87,-6.79],[108.95,-6.79]]]}},{"type":"Feature","properties":{"NAME":"Avar Khaganate","C":4,"name":"Avar Khaganate","start_year":682,"end_year":740,"capital":"","type":"polity","region":"","event":"","source":"Cliopatria / Seshat Global History Databank (CC BY 4.0)","wikipedia":"Pannonian Avars","wikidata":"Q68962","_a":73,"_c":[21.3,44.66],"_nz":"阿瓦尔汗国","_sz":""},"geometry":{"type":"MultiPolygon","coordinates":[[[[22.78,41.26],[22.61,41.13],[22.05,41.13],[22.23,41.39],[21.76,41.52],[21.85,41.65],[21.77,41.78],[21.62,41.91],[21.46,41.85],[21.55,42.04],[21.32,42.24],[21.97,42.37],[21.88,42.24],[22.03,42.04],[22.35,42.04],[22.26,41.91],[22.5,41.91],[22.64,41.65],[23.04,41.59],[22.94,41.33],[22.78,41.33],[22.78,41.26]]],[[[19.45,47.8],[19.53,47.66],[19.86,47.66],[20.54,47.99],[21.52,47.8],[21.58,47.53],[21.99,47.53],[22.17,47.66],[22.32,47.53],[22.58,47.6],[22.68,47.93],[23.11,48.13],[23.68,47.99],[24.67,47.99],[24.82,47.8],[24.99,47.8],[24.89,47.66],[25.21,47.47],[25.19,47.33],[25.51,47.2],[25.41,47.01],[25.71,46.68],[25.75,46.28],[25.99,46.15],[25.9,46.09],[25.95,45.76],[26.19,45.69],[26.23,45.3],[26.47,45.24],[26.46,45.1],[26.45,45.04],[24.73,44.78],[24.33,44.84],[24.23,44.71],[22.37,44.65],[22.11,44.45],[22.03,44.45],[21.87,44.52],[21.88,44.65],[21.64,44.65],[21.41,44.84],[20.67,44.71],[20.44,44.97],[20.53,45.1],[20.37,45.17],[20.11,44.97],[20.02,44.71],[19.62,44.78],[19.62,44.91],[19.06,44.91],[19.06,45.04],[18.83,45.24],[18.18,45.24],[17.78,45.5],[17.38,45.56],[17.38,45.69],[17.15,45.89],[16.66,46.09],[16.67,46.22],[16.42,46.15],[16.51,46.28],[16.34,46.28],[16.27,46.41],[16.18,46.41],[16.44,46.61],[16.44,46.74],[16.2,46.94],[16.21,47.14],[16.13,47.14],[16.14,47.53],[16.3,47.53],[16.4,47.93],[16.48,47.93],[16.9,48.13],[16.99,48.13],[17.07,48.19],[17.07,48.06],[17.63,47.8],[18.63,47.8],[18.8,47.93],[18.87,47.8],[19.37,47.8],[19.45,47.8]]]]}},{"type":"Feature","properties":{"NAME":"Unified Silla","C":5,"name":"Unified Silla","start_year":682,"end_year":891,"capital":"","type":"polity","region":"","event":"","source":"Cliopatria / Seshat Global History Databank (CC BY 4.0)","wikipedia":"Unified Silla","wikidata":"Q715257","_a":34,"_c":[127.22,36.68],"_nz":"统一新罗","_sz":""},"geometry":{"type":"MultiPolygon","coordinates":[[[[126.7,33.26],[126.14,33.2],[126.36,33.52],[127,33.59],[126.78,33.26],[126.7,33.26]]],[[[128.08,39],[128.21,38.8],[128.36,38.8],[129.1,37.58],[129.26,37.58],[129.47,37.25],[129.41,37.13],[129.54,36.93],[129.4,36.35],[129.47,36.35],[129.42,36.1],[129.58,36.1],[129.67,35.97],[129.54,35.71],[129.62,35.71],[129.15,35.07],[128.53,35.07],[128.55,34.94],[128.81,35],[128.68,34.74],[128.33,34.81],[128.31,34.94],[128.08,34.94],[128.07,34.74],[127.76,34.74],[127.38,34.42],[127.22,34.42],[127.13,34.55],[127.3,34.74],[127.22,34.74],[127.02,34.49],[126.63,34.29],[126.42,34.36],[126.48,34.49],[126.35,34.36],[126.12,34.36],[126.48,34.81],[126.2,34.87],[126.38,35.26],[126.3,35.26],[126.52,35.71],[126.77,35.9],[126.61,35.9],[126.68,36.03],[126.52,36.03],[126.43,36.16],[126.45,36.67],[126.26,36.61],[126.05,36.8],[126.3,37],[126.65,37.06],[126.7,37.32],[126.54,37.45],[126.6,37.58],[126.25,37.64],[126.35,37.84],[125.84,37.77],[125.83,37.9],[125.68,37.9],[125.39,37.64],[125.23,37.64],[125.3,37.77],[125.21,37.9],[124.9,37.9],[125.08,38.09],[124.76,38.09],[124.87,38.29],[124.79,38.29],[124.96,38.61],[125.15,38.67],[125.19,38.74],[125.57,38.87],[125.79,39.26],[126.64,39.77],[127.81,40.16],[128.29,40.16],[128.21,40.03],[128.17,39.97],[127.93,39.97],[127.58,39.77],[127.67,39.64],[127.44,39.26],[127.8,39.19],[127.76,39.13],[127.92,39.13],[128,39],[128.08,39]]]]}},{"type":"Feature","properties":{"NAME":"Principality of Iberia","C":3,"name":"Principality of Iberia","start_year":682,"end_year":723,"capital":"","type":"polity","region":"","event":"","source":"Cliopatria / Seshat Global History Databank (CC BY 4.0)","wikipedia":"Principality of Iberia","wikidata":"Q199389","_a":7,"_c":[44.11,42.14],"_nz":"伊比利亚公国","_sz":""},"geometry":{"type":"Polygon","coordinates":[[[45.31,41.91],[45.07,41.91],[44.87,41.65],[44.35,41.46],[44.24,41.26],[43.98,41.13],[43.34,41.13],[42.86,41.59],[42.62,41.59],[42.93,42.43],[42.72,42.56],[42.75,42.76],[42.62,42.89],[42.63,42.95],[42.55,42.95],[42.56,43.02],[42.57,43.08],[42.49,43.08],[42.5,43.15],[42.99,43.15],[43.42,42.89],[43.66,42.89],[43.85,42.63],[44.36,42.76],[44.74,42.69],[44.82,42.69],[45.23,42.69],[45.67,42.5],[45.73,42.43],[45.62,42.24],[45.31,41.91]]]}},{"type":"Feature","properties":{"NAME":"Kingdom of Northumbria","C":9,"name":"Kingdom of Northumbria","start_year":682,"end_year":704,"capital":"","type":"polity","region":"","event":"","source":"Cliopatria / Seshat Global History Databank (CC BY 4.0)","wikipedia":"Northumbria","wikidata":"Q107299","_a":11,"_c":[-1.88,54.72],"_nz":"诺森布里亚王国","_sz":""},"geometry":{"type":"Polygon","coordinates":[[[-1.51,55.16],[-1.63,55.57],[-2.02,55.91],[-2.66,56.11],[-3.79,56.05],[-3.78,55.98],[-3.27,55.36],[-3.19,55.36],[-3.06,55.02],[-3.4,54.95],[-3.39,54.89],[-3.65,54.82],[-3.7,54.55],[-3.62,54.55],[-3.59,54.27],[-3.32,54.21],[-3.3,54.07],[-2.97,54.14],[-3.2,53.87],[-3.1,53.73],[-3.15,53.46],[-2.89,53.39],[-2.88,53.33],[-2.54,53.33],[-1.87,53.6],[-1.16,53.33],[-1.09,53.53],[-0.75,53.53],[-0.68,53.73],[0.02,53.66],[0.01,53.73],[-0.39,54.41],[-0.67,54.61],[-1.29,54.68],[-1.5,55.09],[-1.51,55.16]]]}},{"type":"Feature","properties":{"NAME":"First Bulgarian Empire","C":5,"name":"First Bulgarian Empire","start_year":682,"end_year":704,"capital":"","type":"polity","region":"","event":"","source":"Cliopatria / Seshat Global History Databank (CC BY 4.0)","wikipedia":"First Bulgarian Empire","wikidata":"Q203817","_a":59,"_c":[28.06,45.21],"_nz":"保加利亚第一帝国","_sz":""},"geometry":{"type":"Polygon","coordinates":[[[33.63,47.6],[30.67,47.66],[29.32,47.4],[29.12,47.14],[28.96,47.14],[28.92,46.81],[28.76,46.81],[28.81,46.55],[28.63,46.41],[28.71,46.35],[28.67,46.02],[28.59,46.02],[28.66,45.89],[28.47,45.63],[28.29,45.5],[28.05,45.56],[28.04,45.43],[27.79,45.37],[27.77,45.24],[27.19,45.1],[26.79,45.17],[26.7,45.04],[26.53,45.04],[26.45,45.04],[24.73,44.78],[24.33,44.84],[24.23,44.71],[22.37,44.65],[22.11,44.45],[22.1,44.39],[22.17,44.12],[21.99,43.86],[22.15,43.8],[22.13,43.6],[22.21,43.6],[22.12,43.41],[22.59,43.28],[22.82,43.02],[23.06,43.02],[23.13,42.89],[23.61,42.95],[23.6,42.82],[23.93,42.89],[24.08,42.76],[24.48,42.76],[24.81,42.89],[27.3,42.89],[27.29,42.82],[27.7,42.89],[27.77,42.76],[27.85,42.76],[27.85,42.82],[27.86,42.89],[27.87,42.95],[27.79,42.95],[27.79,43.02],[27.71,43.02],[27.72,43.08],[27.74,43.28],[27.99,43.34],[28.07,43.34],[28.23,43.34],[28.16,43.47],[28.48,43.47],[28.62,43.99],[28.54,43.99],[28.58,44.39],[28.84,44.58],[28.8,44.97],[29.05,44.97],[29.02,44.78],[29.11,44.78],[29.53,44.91],[29.62,45.04],[29.61,45.69],[29.86,45.69],[30.04,45.89],[30.3,45.96],[30.88,46.68],[31.61,46.61],[31.79,46.74],[32.03,46.74],[32.18,46.61],[32.17,46.55],[32.92,46.61],[33.69,46.87],[34.08,47.27],[34.12,47.53],[34.04,47.53],[33.62,47.53],[33.63,47.6]]]}},{"type":"Feature","properties":{"NAME":"Aquitaine","C":11,"name":"Aquitaine","start_year":682,"end_year":717,"capital":"","type":"polity","region":"","event":"","source":"Cliopatria / Seshat Global History Databank (CC BY 4.0)","wikipedia":"Aquitaine","wikidata":"Q1179","_a":41,"_c":[0.59,44.79],"_nz":"阿基坦","_sz":""},"geometry":{"type":"Polygon","coordinates":[[[-3.06,43.41],[-1.69,43.34],[-1.46,43.54],[-1.4,43.86],[-1.32,43.86],[-1.35,44.25],[-1.27,44.25],[-1.29,44.52],[-1.21,44.52],[-1.25,45.17],[-1.17,45.17],[-1.19,45.43],[-1.03,45.5],[-1.05,45.69],[-1.21,45.76],[-1.14,45.89],[-1.22,45.89],[-1.25,46.28],[-1.67,46.35],[-2.19,46.81],[-2.14,47.14],[-2.23,47.2],[-2.23,47.27],[-0.26,47.27],[0.01,47.01],[0.84,46.81],[1.15,47.2],[1.63,47.4],[1.88,47.4],[2.03,47.53],[2.62,47.4],[2.79,47.2],[2.8,47.01],[3.23,46.74],[3.08,46.48],[3.33,46.35],[3.42,46.09],[3.59,46.02],[3.86,45.43],[4.35,45.3],[4.36,45.1],[3.97,44.78],[4.06,44.52],[3.81,44.52],[3.43,44.06],[3.03,44.06],[2.8,43.8],[2.63,43.8],[2.1,43.28],[1.95,42.95],[1.79,42.95],[1.48,42.69],[1.43,42.24],[1.04,42.04],[0.72,42.04],[-1.73,42.76],[-2.13,42.76],[-2.2,42.63],[-3,42.63],[-2.93,42.82],[-3.01,42.82],[-3.03,43.02],[-3.19,43.08],[-3.14,43.41],[-3.06,43.41]]]}},{"type":"Feature","properties":{"NAME":"Kingdom of Lazica","C":6,"name":"Kingdom of Lazica","start_year":682,"end_year":723,"capital":"","type":"polity","region":"","event":"","source":"Cliopatria / Seshat Global History Databank (CC BY 4.0)","wikipedia":"Lazica","wikidata":"Q136884","_a":7,"_c":[41.5,42.4],"_nz":"拉齐卡王国","_sz":""},"geometry":{"type":"Polygon","coordinates":[[[42.63,42.95],[42.55,42.95],[42.56,43.02],[42.57,43.08],[42.49,43.08],[42.5,43.15],[41.71,43.21],[41.35,43.41],[40.72,43.54],[40.16,43.54],[40.06,43.41],[40.14,43.41],[40.42,43.15],[40.82,43.15],[41.12,43.02],[41.61,42.63],[41.48,42.37],[41.7,42.24],[41.6,42.11],[41.76,42.11],[41.74,41.98],[41.82,41.98],[41.7,41.78],[41.69,41.72],[41.84,41.65],[41.81,41.46],[41.53,41.26],[42.25,41.26],[42.36,41.46],[42.62,41.59],[42.93,42.43],[42.72,42.56],[42.75,42.76],[42.62,42.89],[42.63,42.95]]]}},{"type":"Feature","properties":{"NAME":"Volga Bulgaria","C":2,"name":"Volga Bulgaria","start_year":682,"end_year":1071,"capital":"","type":"polity","region":"","event":"","source":"Cliopatria / Seshat Global History Databank (CC BY 4.0)","wikipedia":"Volga Bulgaria","wikidata":"Q185488","_a":9,"_c":[49.93,55.54],"_nz":"伏尔加保加利亚","_sz":""},"geometry":{"type":"MultiPolygon","coordinates":[[[[51.38,55.91],[51.97,55.84],[52.03,55.77],[51.91,55.43],[52,55.43],[51.9,55.16],[51.57,54.95],[51.61,54.82],[51.35,54.82],[51.21,54.68],[50.39,54.55],[50.06,54.61],[49.67,54.48],[49.69,54.55],[48.32,54.61],[47.82,54.95],[47.82,55.23],[47.91,55.23],[48.33,56.25],[48.8,56.59],[49.99,56.46],[49.96,56.39],[50.29,56.32],[50.57,56.11],[51.4,55.98],[51.38,55.91]]],[[[51.16,56.05],[51.08,56.05],[51.1,56.11],[51.19,56.11],[51.16,56.05]]]]}},{"type":"Feature","properties":{"NAME":"Khazaria","C":3,"name":"Khazaria","start_year":682,"end_year":723,"capital":"","type":"polity","region":"","event":"","source":"Cliopatria / Seshat Global History Databank (CC BY 4.0)","wikipedia":"Khazars","wikidata":"Q173282","_a":204,"_c":[43.19,45.69],"_nz":"可萨汗国","_sz":""},"geometry":{"type":"MultiPolygon","coordinates":[[[[34.99,45.63],[35.02,45.3],[36.42,45.43],[36.37,45.1],[35.88,45.04],[35.73,45.17],[35.41,45.17],[35.3,44.97],[34.87,44.84],[34.79,44.84],[34.73,44.97],[34.08,44.97],[34.09,45.04],[33.6,45.04],[33.47,45.24],[33.22,45.24],[32.61,45.5],[33.71,45.82],[33.74,46.02],[34.15,46.09],[34.54,45.96],[34.74,45.63],[34.82,45.63],[34.99,45.63]]],[[[47.48,45.37],[47.33,45.43],[47.29,45.24],[47.1,45.1],[47.04,44.84],[46.69,44.71],[46.63,44.45],[47.01,44.32],[47.34,43.99],[47.34,43.6],[47.46,43.41],[47.38,43.02],[47.66,42.82],[47.68,42.56],[48.21,42.04],[48.2,41.98],[48.09,41.85],[48.17,41.85],[48.18,41.52],[47.89,41.26],[47.56,41.2],[47.27,41.33],[46.74,41.85],[46.35,41.91],[46.3,42.04],[45.75,42.11],[45.62,42.24],[45.73,42.43],[45.67,42.5],[45.23,42.69],[44.82,42.69],[44.84,42.76],[44.76,42.76],[44.74,42.69],[44.36,42.76],[43.85,42.63],[43.66,42.89],[43.42,42.89],[42.99,43.15],[42.5,43.15],[41.71,43.21],[41.35,43.41],[40.72,43.54],[40.16,43.54],[40.06,43.41],[39.98,43.41],[39.06,44.19],[38.22,44.45],[38.01,44.71],[37.53,44.71],[37.1,45.1],[36.78,45.1],[36.75,45.43],[36.91,45.43],[36.97,45.3],[37.7,45.3],[37.68,45.63],[37.86,45.76],[37.89,45.96],[38.33,46.15],[38.37,46.35],[37.9,46.48],[37.84,46.61],[38.49,46.61],[38.62,46.87],[38.79,46.87],[38.89,47.01],[39.13,46.94],[39.27,47.27],[39.2,47.33],[38.68,47.2],[37.52,47.14],[37.17,47.01],[37.23,46.87],[36.91,46.94],[36.8,46.81],[35.63,46.68],[35.25,46.28],[34.76,46.28],[34.74,46.15],[34.08,46.15],[34.02,46.28],[33.61,46.28],[33.59,46.15],[32.95,46.22],[32.85,46.09],[32.68,46.09],[32.06,46.35],[31.82,46.35],[31.84,46.48],[32.16,46.48],[32.17,46.55],[32.92,46.61],[33.69,46.87],[34.08,47.27],[34.12,47.53],[34.2,47.53],[34.63,47.66],[34.78,47.53],[35.03,47.53],[35.19,48.06],[35.12,48.13],[35.2,48.13],[35.35,48.52],[36.37,49.18],[37.27,49.52],[37.4,49.78],[37.69,49.98],[37.63,50.11],[38.48,50.18],[38.95,49.98],[39.3,50.05],[40.93,49.85],[41.45,49.91],[41.74,49.71],[42.4,49.65],[43.57,49.65],[44.54,49.52],[46.81,49.58],[47.51,49.38],[48.1,48.72],[49.64,48.26],[53.6,48.19],[53.79,47.99],[53.96,47.99],[54,47.86],[54.17,47.86],[54.3,47.73],[54.26,47.6],[54.41,47.53],[54.37,47.4],[54.52,47.33],[54.48,47.2],[54.56,47.2],[54.29,45.56],[53.88,45.56],[53.67,45.37],[53.42,45.37],[53.06,45.56],[53.07,45.89],[53.25,45.96],[53.35,46.35],[53.27,46.35],[53.27,46.68],[53.19,46.68],[53.24,46.87],[53.11,47.01],[51.86,46.94],[51.81,47.07],[51.58,47.14],[50.84,47.14],[50.3,46.94],[49.99,46.68],[49.3,46.55],[49.06,46.22],[48.64,46.15],[48.59,45.96],[48.35,45.96],[48.06,45.76],[47.57,45.76],[47.46,45.63],[47.54,45.63],[47.52,45.56],[47.48,45.37]]],[[[53.08,45.96],[53.1,46.02],[53.18,46.02],[53.17,45.96],[53.08,45.96]]]]}},{"type":"Feature","properties":{"NAME":"Kingdom of Italy","C":3,"name":"Kingdom of Italy","start_year":692,"end_year":704,"capital":"","type":"polity","region":"","event":"","source":"Cliopatria / Seshat Global History Databank (CC BY 4.0)","wikipedia":"Kingdom of Italy","wikidata":"Q172579","_a":77,"_c":[12.16,43.2],"_nz":"意大利王国","_sz":""},"geometry":{"type":"MultiPolygon","coordinates":[[[[14.61,42.11],[14.77,42.17],[14.77,42.04],[14.92,41.98],[15.17,42.04],[15.24,41.91],[16.12,41.91],[16.11,41.78],[15.87,41.72],[15.94,41.39],[16.73,41.2],[17.67,40.74],[17.5,40.55],[16.87,40.48],[16.94,40.36],[16.62,40.29],[16.7,40.1],[16.46,39.97],[16.45,39.77],[16.45,39.71],[15.9,39.71],[15.9,39.77],[15.67,39.9],[15.75,40.03],[15.43,40.03],[14.96,40.29],[14.97,40.61],[14.81,40.68],[14.73,40.68],[14.74,40.81],[14.58,40.81],[14.5,41],[14.03,41],[13.95,41],[13.95,41.07],[13.95,41.13],[13.87,41.13],[13.79,41.13],[13.79,41.2],[14.04,41.52],[13.96,41.72],[13.8,41.85],[13.41,41.85],[13.33,41.98],[13.01,42.04],[12.61,42.37],[12.46,42.95],[12.38,42.95],[12.55,43.47],[12.71,43.6],[13.11,43.6],[13.43,43.28],[13.67,43.34],[13.67,43.28],[13.75,43.28],[13.75,43.08],[13.99,42.95],[13.9,42.76],[14.06,42.5],[14.29,42.3],[14.37,42.3],[14.61,42.11]]],[[[10.46,42.89],[10.46,42.69],[10.21,42.69],[10.13,42.89],[10.21,42.89],[10.46,42.89]]],[[[13.14,45.69],[13.06,45.69],[12.98,45.82],[12.16,45.69],[12,45.56],[12,45.24],[11.83,45.04],[11.27,45.17],[11.27,45.04],[11.02,44.84],[11.02,44.58],[11.26,44.25],[11.26,43.8],[11.66,43.6],[11.58,43.15],[11.98,42.82],[11.57,42.37],[11.49,42.37],[11.26,42.43],[11.18,42.63],[11.02,42.63],[11.02,42.82],[10.54,43.08],[10.21,43.99],[9.89,43.99],[9.97,44.12],[9.73,44.12],[9.16,44.45],[8.43,44.39],[8.03,43.93],[7.63,43.8],[7.55,43.8],[7.63,44.19],[7.3,44.12],[6.98,44.25],[6.89,44.65],[6.97,44.65],[6.97,44.84],[6.64,44.97],[6.71,45.17],[7.12,45.3],[7.11,45.5],[6.78,45.69],[6.78,45.82],[6.94,45.96],[7.84,45.96],[8.24,46.15],[9.14,46.15],[9.39,46.48],[9.55,46.35],[10.04,46.28],[10.12,46.41],[10.04,46.41],[10.04,46.61],[10.37,46.61],[10.53,46.41],[11.93,46.48],[12.09,46.68],[12.91,46.61],[13.73,46.48],[13.73,46.41],[14.13,46.09],[14.12,45.82],[13.88,45.82],[13.88,45.76],[13.14,45.82],[13.14,45.69]]]]}},{"type":"Feature","properties":{"NAME":"Teotihuacan","C":3,"name":"Teotihuacan","start_year":692,"end_year":704,"capital":"","type":"polity","region":"","event":"","source":"Cliopatria / Seshat Global History Databank (CC BY 4.0)","wikipedia":"Teotihuacan","wikidata":"Q172613","_a":1,"_c":[-98.5,19.28],"_nz":"特奥蒂瓦坎","_sz":""},"geometry":{"type":"Polygon","coordinates":[[[-98.87,19.19],[-98.51,18.86],[-98.29,18.86],[-98.2,19.19],[-98.05,19.19],[-98.02,19.38],[-98.42,19.57],[-98.44,19.7],[-98.74,19.7],[-98.72,19.57],[-98.88,19.64],[-98.84,19.44],[-98.99,19.44],[-98.86,19.12],[-98.87,19.19]]]}},{"type":"Feature","properties":{"NAME":"Kashmir","C":7,"name":"Kashmir","start_year":692,"end_year":731,"capital":"","type":"polity","region":"","event":"","source":"Cliopatria / Seshat Global History Databank (CC BY 4.0)","wikipedia":"Kashmir","wikidata":"Q43100","_a":19,"_c":[76.54,33.68],"_nz":"克什米尔","_sz":""},"geometry":{"type":"Polygon","coordinates":[[[76.01,35.58],[76.68,35.77],[76.72,35.64],[76.99,35.52],[77.98,35.45],[78.1,35.32],[78.06,35.19],[78.23,34.94],[78.04,34.55],[78.12,34.55],[78.05,33.97],[78.12,33.97],[78.16,33.52],[78.37,33.14],[78.32,32.94],[78.53,32.56],[78.46,32.3],[78.8,31.79],[78.75,31.59],[78.68,31.59],[77.3,31.91],[77.04,32.11],[76.52,32.17],[76.4,32.3],[75.33,32.3],[75.21,32.43],[74.9,32.43],[74.7,32.56],[74.67,32.75],[74.38,32.81],[74.27,33],[74.41,32.92],[75.1,33.13],[75.63,33.09],[76.28,32.51],[76.38,32.57],[76.58,33.42],[76.84,33.86],[76.75,34.14],[76.84,34.68],[76.7,35.24],[76.06,35.52],[75.93,35.58],[76.01,35.58]]]}},{"type":"Feature","properties":{"NAME":"Kingdom of the Franks","C":0,"name":"Kingdom of the Franks","start_year":692,"end_year":704,"capital":"","type":"polity","region":"","event":"","source":"Cliopatria / Seshat Global History Databank (CC BY 4.0)","wikipedia":"Francia","wikidata":"Q146246","_a":124,"_c":[3.36,48.14],"_nz":"法兰克王国","_sz":""},"geometry":{"type":"Polygon","coordinates":[[[7.55,43.8],[7.63,44.19],[7.3,44.12],[6.98,44.25],[6.89,44.65],[6.97,44.65],[6.97,44.84],[6.64,44.97],[6.71,45.17],[7.12,45.3],[7.11,45.5],[6.78,45.69],[6.78,45.82],[6.94,45.96],[7.84,45.96],[8.24,46.15],[9.14,46.15],[9.39,46.48],[9.38,46.68],[9.55,46.87],[8.39,46.94],[8.23,47.14],[7.48,47.27],[7.32,47.4],[7.56,47.6],[7.55,47.99],[7.63,47.99],[7.71,48.52],[8.12,48.85],[8.11,49.05],[8.28,49.18],[8.35,49.65],[8.27,49.65],[8.26,49.98],[8.35,49.98],[8.43,50.31],[8.84,50.51],[9.27,50.25],[9.18,50.71],[9.35,50.85],[9.43,51.25],[8.84,51.05],[8.34,50.71],[7.65,51.18],[7.65,51.31],[7.39,51.45],[7.3,51.71],[6.7,51.98],[6.61,51.98],[6.61,52.05],[6.7,52.05],[6.95,52.25],[7.02,52.92],[6.5,53.12],[6.33,53.06],[6.34,52.79],[5.65,52.65],[5.56,52.92],[5.39,52.92],[5.39,52.86],[5.14,52.79],[5.06,52.65],[4.88,52.79],[4.87,52.99],[4.53,52.86],[4.46,52.52],[4.22,52.32],[4.22,52.18],[3.97,52.05],[3.98,51.92],[3.81,51.92],[3.82,51.78],[3.65,51.78],[3.74,51.65],[3.4,51.65],[3.41,51.51],[3.75,51.45],[3.16,51.45],[2.58,51.18],[1.66,51.05],[1.42,50.71],[1.45,50.25],[1.05,49.98],[0.22,49.85],[-0.01,49.65],[0.01,49.38],[-1.25,49.45],[-1.36,49.78],[-2.03,49.78],[-1.91,49.38],[-1.65,49.25],[-1.64,49.05],[-1.72,49.05],[-1.61,48.72],[-1.6,48.65],[-1.51,48.52],[-1.67,48.46],[-1.65,48.26],[-1.65,48.19],[-1.8,47.99],[-2.45,47.86],[-2.84,47.6],[-2.83,47.53],[-2.58,47.47],[-2.56,47.27],[-2.31,47.27],[-2.23,47.27],[-0.26,47.27],[0.01,47.01],[0.84,46.81],[1.15,47.2],[1.63,47.4],[1.88,47.4],[2.03,47.53],[2.62,47.4],[2.79,47.2],[2.8,47.01],[3.23,46.74],[3.08,46.48],[3.33,46.35],[3.42,46.09],[3.59,46.02],[3.86,45.43],[4.35,45.3],[4.36,45.1],[3.97,44.78],[4.06,44.52],[4.63,44.25],[4.24,44.06],[4.09,43.6],[4.17,43.6],[4.18,43.47],[5.06,43.47],[5.39,43.41],[5.39,43.28],[5.63,43.28],[5.8,43.15],[6.28,43.15],[6.6,43.28],[6.67,43.47],[7.47,43.8],[7.55,43.8]]]}},{"type":"Feature","properties":{"NAME":"Türgesh","C":5,"name":"Türgesh","start_year":692,"end_year":704,"capital":"","type":"polity","region":"","event":"","source":"Cliopatria / Seshat Global History Databank (CC BY 4.0)","wikipedia":"Türgesh","wikidata":"Q1277895","_a":506,"_c":[104.25,45.28],"_nz":"突骑施","_sz":""},"geometry":{"type":"Polygon","coordinates":[[[103.19,51.65],[103.32,51.58],[103.22,51.31],[103.3,51.31],[103.29,51.18],[103.46,51.18],[103.5,50.98],[104.29,50.91],[104.93,50.98],[107.22,51.58],[108.72,51.78],[109.27,51.71],[109.54,51.85],[109.52,51.71],[110,51.78],[109.98,51.65],[110.41,51.65],[110.36,51.58],[112.27,51.65],[113.86,52.05],[114.99,52.18],[116.65,52.65],[117.65,52.72],[117.59,52.65],[118.28,52.65],[118.22,52.59],[118.39,52.59],[118.34,52.52],[118.79,52.45],[118.74,52.38],[118.91,52.38],[118.85,52.32],[119.11,52.32],[119.05,52.25],[119.45,52.12],[119.42,51.98],[119.59,51.98],[119.57,51.85],[119.74,51.85],[119.68,51.78],[119.88,51.71],[119.83,51.65],[120.14,51.71],[120.03,51.58],[120.76,51.45],[120.71,51.38],[120.82,51.31],[120.71,51.18],[120.8,51.18],[120.64,50.98],[120.72,50.98],[120.45,50.65],[120.54,50.65],[120.08,49.85],[120.17,49.85],[119.26,48.39],[119.34,48.39],[119.06,47.99],[119.15,47.99],[118.96,47.73],[119.04,47.73],[118.73,47.4],[118.82,47.4],[118.55,47.01],[118.63,47.01],[118.49,46.68],[118.02,46.22],[116.93,44.78],[116.44,44.39],[114.85,42.56],[114.66,42.11],[113.43,41.2],[113.01,41],[112.97,40.94],[111.27,40.87],[111.31,40.94],[110.83,40.94],[110.87,41],[109.79,41.07],[108.51,40.74],[107.64,39.97],[107.44,39.71],[107.39,39.45],[106.38,38.09],[106.16,37.96],[105.43,37.9],[105.22,37.77],[104.46,37.64],[104.36,37.77],[103.76,37.84],[103.69,38.03],[103.38,38.03],[102.76,38.42],[102.6,38.42],[102.4,38.67],[102.12,38.74],[102.12,38.93],[101.63,39.06],[101.48,39.26],[101.54,39.38],[101.44,39.51],[101.28,39.51],[101.26,39.64],[100.74,39.71],[100.38,39.97],[100.14,39.97],[100.17,40.03],[99.38,40.03],[99.28,40.16],[98.92,40.23],[98.95,40.29],[98.5,40.36],[98.27,40.55],[98.04,40.55],[97.89,40.74],[97.18,40.94],[97.21,41],[95.23,41],[93.69,40.74],[93.72,40.81],[92.64,41.07],[92.67,41.13],[92.87,41.59],[93.31,42.04],[94.1,42.37],[94.31,43.15],[93.99,43.47],[94.05,43.6],[93.76,43.99],[92.57,44.39],[92.18,44.91],[92.02,44.91],[92.08,45.04],[90.92,45.17],[90.82,45.3],[90.66,45.3],[90.68,45.5],[90.54,45.56],[90.96,46.09],[90.86,46.22],[90.96,46.74],[90.22,47.73],[89.93,47.8],[89.96,47.86],[89.63,47.86],[89.53,47.99],[88.95,47.99],[88.85,48.13],[88.69,48.13],[88.67,48.26],[88.37,48.32],[88.36,48.46],[87.98,48.52],[87.95,48.79],[87.78,48.79],[87.68,48.92],[87.74,49.18],[88.24,49.52],[88.41,49.52],[89.29,50.65],[90.51,51.45],[90.72,51.65],[90.63,51.65],[90.68,51.71],[90.93,51.71],[91.01,51.71],[90.97,51.65],[91.14,51.65],[91.1,51.58],[92.38,51.58],[94.58,52.25],[96.38,52.52],[97.92,52.52],[97.87,52.45],[98.3,52.32],[98.25,52.25],[99.01,52.12],[99.68,52.59],[100.6,52.92],[101.48,52.72],[101.43,52.65],[101.6,52.65],[101.63,52.45],[101.8,52.45],[101.79,52.32],[102.51,52.25],[102.46,52.18],[102.88,52.05],[102.83,51.98],[103.21,51.92],[103.16,51.71],[103.24,51.71],[103.19,51.65]]]}},{"type":"Feature","properties":{"NAME":"Cyprus Condominium","C":6,"name":"Cyprus Condominium","start_year":692,"end_year":874,"capital":"","type":"polity","region":"","event":"","source":"Cliopatria / Seshat Global History Databank (CC BY 4.0)","wikipedia":"Cyprus","wikidata":"Q229","_a":3,"_c":[33.39,35.13],"_nz":"塞浦路斯共治地","_sz":""},"geometry":{"type":"Polygon","coordinates":[[[34.31,35.71],[33.74,35.39],[32.89,35.39],[32.88,35.26],[32.55,35.13],[32.25,35.13],[32.23,34.94],[32.37,34.74],[33.04,34.55],[33.13,34.68],[33.52,34.74],[33.7,34.94],[34.09,35],[33.96,35.26],[34.53,35.58],[34.54,35.71],[34.39,35.71],[34.31,35.71]]]}},{"type":"Feature","properties":{"NAME":"Khadga Dynasty","C":2,"name":"Khadga Dynasty","start_year":692,"end_year":704,"capital":"","type":"polity","region":"","event":"","source":"Cliopatria / Seshat Global History Databank (CC BY 4.0)","wikipedia":"Khadga Dynasty","wikidata":"Q6398879","_a":18,"_c":[89.44,23.46],"_nz":"卡德加王朝","_sz":""},"geometry":{"type":"Polygon","coordinates":[[[90.42,25.19],[89.67,25.39],[89.53,24.94],[89.7,24.02],[88.83,23.35],[88.62,23.04],[88.56,22.57],[88.25,22.36],[88.19,22.11],[87.94,22.37],[88.16,22.12],[87.82,21.73],[87.5,21.61],[87.11,21.98],[87.5,21.61],[87.74,21.67],[87.98,21.83],[88.07,21.8],[88.04,21.63],[88.54,21.53],[89.35,21.68],[89.53,21.95],[89.47,21.72],[89.59,21.69],[90.03,21.97],[90.11,21.8],[90.29,21.87],[90.48,21.75],[90.58,21.87],[90.85,21.87],[90.96,22.11],[90.99,22.01],[91.12,22.04],[91.21,22.25],[91.15,22.43],[91.34,22.46],[91.45,22.35],[91.39,22.5],[91.55,22.35],[91.58,22.48],[91.44,22.69],[91.64,22.84],[91.77,23.34],[91.58,23.95],[91.31,24.15],[91.07,24.19],[90.42,25.19]]]}},{"type":"Feature","properties":{"NAME":"Turks","C":9,"name":"Turks","start_year":692,"end_year":717,"capital":"","type":"polity","region":"","event":"","source":"Cliopatria / Seshat Global History Databank (CC BY 4.0)","wikipedia":"Turk","wikidata":"Q2118293","_a":275,"_c":[75.79,41.94],"_nz":"突厥","_sz":""},"geometry":{"type":"MultiPolygon","coordinates":[[[[81.71,46.41],[81.65,46.28],[82.27,46.22],[82.25,46.15],[82.6,46.22],[82.54,46.09],[83.57,45.82],[83.54,45.76],[86.68,45.3],[86.65,45.24],[87.56,45.1],[87.53,45.04],[87.78,45.04],[87.74,44.97],[88.17,44.84],[88.19,44.71],[88.49,44.65],[88.51,44.52],[88.8,44.45],[88.82,44.32],[89.11,44.25],[89.35,44.06],[89.29,43.93],[89.47,43.8],[89.41,43.67],[89.59,43.54],[89.53,43.41],[89.73,43.15],[89.72,42.04],[89.69,41.98],[88.82,42.17],[88.85,42.24],[87.25,42.43],[87.28,42.5],[85.76,42.69],[85.79,42.76],[84.19,42.76],[82.06,42.24],[80.13,42.43],[80,42.3],[77.43,41.39],[74.75,41],[73.32,41],[73.08,40.74],[72.08,40.36],[71.64,39.97],[71.27,39],[71.35,39],[71.29,38.8],[71.46,38.55],[71.3,38.29],[71.18,38.42],[70.71,38.42],[70.21,38.03],[70.16,37.84],[70.27,37.64],[70.08,37.51],[69.55,37.58],[69.35,37.13],[69.12,37.13],[69.01,37.32],[68.78,37.32],[68.15,37],[67.92,37],[67.75,37.25],[67.12,37.25],[67,37.38],[66.52,37.32],[65.63,37.51],[65.24,37.84],[64.66,38.03],[64.37,38.42],[64.01,38.55],[63.84,38.8],[63.42,39],[63.25,39.26],[63.09,39.26],[62.65,39.71],[62.58,40.03],[62.66,40.03],[65.35,40.61],[65.39,40.74],[65.69,40.68],[66.28,40.81],[66.69,41.13],[66.65,41.26],[66.89,41.26],[68.11,42.11],[68.27,42.37],[69.63,43.54],[69.72,43.8],[69.85,43.73],[71.06,44.65],[73.12,45.37],[73.25,45.5],[73.74,45.3],[73.91,45.1],[73.86,44.97],[74.13,45.04],[74.25,45.37],[74.12,45.43],[74.32,45.96],[74.75,46.02],[74.88,46.35],[75.32,46.41],[75.45,46.55],[77.39,46.48],[77.36,46.41],[77.83,46.35],[77.8,46.28],[78.46,46.28],[78.97,46.35],[79.36,46.87],[79.47,46.74],[79.72,46.74],[80.1,46.87],[80.26,46.68],[81.51,46.35],[81.54,46.41],[81.71,46.41]],[[78.04,42.17],[78.58,42.56],[78.66,42.76],[76.53,42.63],[76.51,42.37],[77,42.17],[77.32,42.17],[77.29,42.11],[78.04,42.17]]],[[[61.94,43.41],[61.96,43.47],[62.04,43.47],[62.02,43.41],[61.94,43.41]]],[[[62.04,43.47],[62.06,43.54],[62.14,43.54],[62.12,43.47],[62.04,43.47]]],[[[62.06,43.54],[61.88,43.47],[61.84,43.6],[61.92,43.6],[62,43.6],[62.06,43.54]]]]}},{"type":"Feature","properties":{"NAME":"Byzantine Empire","C":8,"name":"Byzantine Empire","start_year":692,"end_year":704,"capital":"","type":"polity","region":"","event":"","source":"Cliopatria / Seshat Global History Databank (CC BY 4.0)","wikipedia":"Byzantine Empire","wikidata":"Q112039853","_a":564,"_c":[17.92,40],"_nz":"拜占庭帝国","_sz":""},"geometry":{"type":"MultiPolygon","coordinates":[[[[-5.08,35.39],[-6,35.39],[-6.01,35.45],[-5.88,35.77],[-5.57,35.84],[-5.49,35.84],[-5.34,35.84],[-5.24,35.52],[-5.08,35.45],[-5.08,35.39]]],[[[10.46,36.42],[10.54,36.35],[10.46,35.9],[10.85,35.71],[10.85,35.64],[11.08,35.58],[11.08,35.39],[11.01,35.39],[11.08,35],[10.85,34.94],[10.85,34.81],[10.54,34.55],[10.16,34.42],[10,34.29],[10.08,34.16],[10.08,34.1],[9.77,34.1],[9.7,34.29],[9.77,34.29],[9.85,34.81],[10.23,35.13],[10.31,35.71],[10.08,35.9],[9.22,35.77],[8.92,35.58],[8.84,35],[8.07,35],[7.99,35.52],[7.91,35.52],[7.9,36.22],[7.66,36.61],[6.34,36.55],[5.88,36.42],[2.7,36.42],[2.47,36.29],[1.93,36.29],[1.16,36.1],[0.92,36.1],[0.76,36.42],[0.83,36.42],[0.91,36.35],[1.22,36.55],[1.53,36.48],[2.38,36.67],[2.69,36.61],[2.84,36.74],[3.23,36.74],[3.46,36.87],[3.85,36.8],[4.24,36.93],[4.86,36.87],[5.1,36.67],[5.56,36.67],[5.64,36.8],[6.11,36.8],[6.1,36.93],[6.33,37.06],[6.8,36.87],[7.19,36.87],[7.35,37.06],[7.5,37.06],[7.74,36.87],[8.52,36.87],[8.9,37.13],[9.06,37.06],[9.37,37.25],[9.76,37.32],[9.99,37.19],[10.23,37.25],[10.23,37.06],[10.31,37.06],[10.23,36.8],[10.46,36.74],[11.01,37],[11.01,36.8],[10.46,36.42]],[[10.15,37.06],[10.15,37],[10.23,37],[10.23,37.06],[10.15,37.06]],[[8.9,37],[8.83,37],[8.83,36.93],[8.9,36.93],[8.9,37]]],[[[14.42,36.03],[14.57,35.97],[14.57,35.77],[14.34,35.84],[14.34,36.03],[14.42,36.03]]],[[[16.49,38.42],[15.93,37.96],[15.7,37.96],[15.62,38.16],[15.39,38.16],[15.07,37.64],[15.06,37.25],[15.21,37.19],[15.05,36.74],[14.66,36.74],[14.28,37.13],[13.58,37.25],[13.19,37.58],[12.49,37.71],[12.49,37.9],[12.65,38.09],[13.04,38.03],[13.12,38.16],[13.35,38.16],[13.67,37.96],[14.06,37.96],[15.86,38.29],[15.95,38.67],[16.27,38.74],[16.27,38.93],[16.12,39.06],[16.05,39.45],[15.9,39.64],[15.9,39.71],[16.45,39.71],[16.45,39.64],[16.84,39.51],[16.92,39.51],[17.07,39.38],[17.14,39.06],[16.5,38.8],[16.49,38.42]]],[[[1.18,39.06],[1.26,39.13],[1.34,39.13],[1.65,39.13],[1.66,39],[1.43,38.8],[1.27,38.8],[1.18,39.06]]],[[[2.82,39.32],[2.66,39.51],[2.35,39.45],[2.34,39.64],[2.88,39.97],[2.96,39.97],[3.19,39.97],[3.2,39.84],[3.52,39.77],[3.3,39.32],[2.82,39.32]]],[[[3.74,40.1],[3.82,40.1],[4.22,40.1],[4.3,39.84],[3.83,39.9],[3.74,40.1]]],[[[9.75,39.64],[9.67,39.64],[9.59,39.13],[9.12,39.19],[8.97,38.87],[8.73,38.87],[8.34,39],[8.41,39.26],[8.33,39.26],[8.33,39.51],[8.41,39.51],[8.48,39.9],[8.32,39.97],[8.4,40.29],[8.32,40.29],[8.32,40.48],[8.16,40.55],[8.15,40.94],[8.55,40.87],[9.02,41.26],[9.1,41.26],[9.5,41.2],[9.82,40.74],[9.82,40.36],[9.67,40.29],[9.75,39.64]]],[[[14.58,40.81],[14.74,40.81],[14.73,40.68],[14.66,40.68],[14.58,40.68],[14.5,40.68],[14.42,40.68],[14.42,40.74],[14.42,40.87],[14.03,40.94],[14.03,41],[14.5,41],[14.58,40.81]]],[[[9.58,41.98],[9.5,41.98],[9.5,41.78],[9.26,41.39],[9.1,41.33],[8.78,41.52],[8.78,41.72],[8.62,41.72],[8.7,41.91],[8.54,42.11],[8.53,42.5],[8.77,42.69],[9.17,42.76],[9.25,43.02],[9.33,43.02],[9.49,43.02],[9.49,42.76],[9.57,42.76],[9.58,41.98]]],[[[11.57,42.3],[11.49,42.3],[11.49,42.37],[11.57,42.37],[11.57,42.3]]],[[[13.67,43.41],[13.67,43.34],[13.43,43.28],[13.11,43.6],[12.71,43.6],[12.55,43.47],[12.38,42.95],[12.46,42.95],[12.61,42.37],[13.01,42.04],[13.33,41.98],[13.41,41.85],[13.8,41.85],[13.96,41.72],[14.04,41.52],[13.79,41.2],[13.71,41.2],[13.4,41.33],[13,41.33],[12.92,41.46],[12.6,41.52],[12.13,41.91],[12.13,42.04],[11.73,42.17],[11.65,42.37],[11.57,42.37],[11.98,42.82],[11.58,43.15],[11.66,43.6],[11.26,43.8],[11.26,44.25],[11.02,44.58],[11.02,44.84],[11.27,45.04],[11.27,45.17],[11.83,45.04],[12,45.24],[12,45.56],[12.16,45.69],[12.98,45.82],[13.06,45.69],[13.06,45.63],[12.82,45.69],[12.65,45.56],[12.16,45.5],[12.16,45.17],[12.4,45.04],[12.4,44.78],[12.16,44.84],[12.15,44.45],[12.39,44.12],[12.47,44.12],[12.87,43.8],[13.04,43.86],[13.03,43.73],[13.36,43.67],[13.67,43.41]]],[[[16.01,43.6],[15.93,43.67],[16.66,43.67],[16.65,43.54],[16.57,43.54],[16.25,43.6],[16.17,43.47],[15.93,43.47],[16.01,43.6]]],[[[15.3,44.12],[15.22,44.25],[15.14,44.25],[14.99,44.58],[15.15,44.58],[15.15,44.45],[15.47,44.32],[15.3,44.12]]],[[[13.71,45.24],[13.54,45.3],[13.55,45.5],[13.71,45.5],[13.71,45.76],[14.12,45.82],[14.2,45.5],[14.28,45.5],[14.19,45.24],[14.19,45.17],[14.19,45.04],[13.95,45.04],[13.94,44.91],[13.78,44.91],[13.71,45.24]]],[[[14.21,45.82],[14.12,45.82],[14.13,45.89],[14.21,45.89],[14.21,45.82]]],[[[22.96,36.42],[23.12,36.35],[23.11,36.16],[22.87,36.16],[22.89,36.42],[22.96,36.42]]],[[[24.36,37.71],[24.43,37.58],[24.27,37.51],[24.2,37.64],[24.28,37.71],[24.36,37.71]]],[[[20.62,37.9],[20.7,37.9],[20.93,37.9],[20.92,37.64],[20.61,37.71],[20.62,37.9]]],[[[20.49,38.42],[20.57,38.42],[20.8,38.29],[20.79,38.09],[20.32,38.16],[20.33,38.35],[20.49,38.42]]],[[[23.56,38.74],[23.48,38.74],[23.49,38.8],[23.57,38.8],[23.56,38.74]]],[[[24.36,39],[24.44,39],[24.67,38.93],[24.66,38.74],[24.36,38.87],[24.36,39]]],[[[20.15,39.58],[20.07,39.58],[20.07,39.64],[20.15,39.64],[20.15,39.58]]],[[[21.74,39.9],[21.75,39.97],[21.83,39.97],[21.82,39.9],[21.74,39.9]]],[[[17.81,40.36],[17.42,40.36],[17.35,40.55],[17.83,40.68],[18.21,40.42],[18.21,40.36],[18.44,40.16],[18.35,39.9],[18.11,39.9],[17.81,40.36]]],[[[24.57,40.81],[24.81,40.81],[24.79,40.61],[24.55,40.55],[24.49,40.81],[24.57,40.81]]],[[[19.92,41.33],[19.92,41.39],[20,41.39],[20,41.33],[19.92,41.33]]],[[[19.93,41.65],[19.85,41.65],[19.86,41.72],[19.94,41.72],[19.93,41.65]]],[[[18.07,42.89],[18.07,42.82],[18.23,42.76],[18.07,42.69],[17.99,42.82],[17.83,42.82],[18.07,42.89]]],[[[17.51,42.89],[17.59,42.89],[17.59,42.82],[17.59,42.76],[17.51,42.76],[17.51,42.82],[17.51,42.89]]],[[[16.72,43.21],[16.8,43.21],[17.12,43.21],[17.12,43.08],[16.72,43.08],[16.72,43.21]]],[[[16.73,43.47],[16.81,43.47],[16.81,43.41],[16.81,43.34],[16.73,43.34],[16.73,43.41],[16.73,43.47]]],[[[24.3,35.32],[25.69,35.32],[25.68,35.13],[26.23,35.19],[26.14,35.07],[24.82,35],[24.76,35.19],[24.53,35.19],[24.45,35.19],[23.68,35.26],[23.62,35.52],[24.16,35.52],[24.15,35.39],[24.3,35.32]]],[[[27.69,36.29],[28.02,36.48],[28.09,36.48],[28.25,36.48],[28.14,36.03],[27.74,35.9],[27.69,36.29]]],[[[27.19,36.8],[26.87,36.67],[27.04,36.93],[27.12,36.93],[27.19,36.8]]],[[[25.42,37.13],[25.57,37.13],[25.56,37],[25.33,37],[25.34,37.13],[25.42,37.13]]],[[[24.99,37.71],[25.06,37.71],[25.22,37.71],[25.29,37.51],[25.05,37.51],[24.99,37.71]]],[[[26.16,37.71],[26.31,37.71],[26.3,37.58],[25.99,37.51],[26.08,37.71],[26.16,37.71]]],[[[24.77,38.03],[25.07,37.77],[24.83,37.71],[24.68,37.84],[24.69,38.03],[24.77,38.03]]],[[[25.9,38.48],[25.82,38.48],[25.91,38.67],[25.99,38.67],[26.22,38.55],[26.11,38.16],[25.88,38.16],[25.9,38.48]]],[[[26.1,39.13],[25.79,39.19],[26.04,39.38],[26.12,39.38],[26.51,39.32],[26.64,39],[26.25,38.93],[26.09,39],[26.1,39.13]]],[[[32.03,41.52],[32.04,41.65],[32.19,41.59],[32.69,41.78],[32.63,41.91],[32.86,41.85],[33.28,41.98],[34.78,41.91],[34.88,42.04],[35.12,42.04],[35.16,41.72],[35.95,41.72],[36.21,41.26],[36.77,41.33],[37.07,41.13],[37.23,41.2],[37.21,41.07],[37.77,41.07],[37.83,40.94],[38.16,41],[38.3,40.87],[38.78,40.94],[39.05,41.13],[39.74,40.94],[40.37,40.94],[40.39,41.07],[40.54,41],[41.05,41.2],[41.16,41.39],[41.31,41.33],[41.41,41.46],[41.57,41.46],[41.68,41.65],[41.69,41.72],[41.84,41.65],[41.81,41.46],[41.53,41.26],[41.36,40.68],[41.7,40.36],[41.67,40.16],[41.48,39.97],[41.33,39.97],[41.26,39.51],[40.98,39.26],[40.9,38.16],[40.04,38.16],[38.52,37.9],[37.94,37.64],[37.79,37.71],[37.22,37.51],[36.14,36.93],[36.07,36.93],[35.83,36.93],[35.49,36.61],[35.11,36.74],[34.95,36.67],[34.89,36.87],[34.58,36.87],[34.25,36.67],[33.98,36.29],[33.27,36.22],[32.71,36.03],[32.56,36.03],[32.5,36.22],[32.07,36.61],[31.09,36.93],[30.62,36.93],[30.49,36.35],[30.03,36.35],[29.94,36.22],[29.24,36.22],[29.12,36.74],[28.74,36.74],[28.59,36.87],[28.36,36.87],[28.19,36.67],[28.03,36.67],[28.14,37.06],[28.07,37.13],[27.6,37.13],[27.54,37.38],[27.22,37.32],[27.31,37.45],[27.16,37.58],[27.26,37.77],[27.18,37.77],[27.28,38.03],[26.89,38.09],[26.82,38.22],[26.43,38.22],[26.38,38.67],[26.54,38.61],[26.59,38.35],[27.06,38.35],[27.08,38.55],[26.85,38.61],[26.96,39],[26.88,39],[26.89,39.19],[26.74,39.26],[26.85,39.58],[26.13,39.51],[26.27,40.29],[26.6,40.48],[26.68,40.48],[26.67,40.36],[27.47,40.42],[27.54,40.29],[27.7,40.29],[27.79,40.48],[27.95,40.48],[27.94,40.36],[29.05,40.36],[28.9,40.48],[28.91,40.61],[29.39,40.68],[29.49,40.87],[29.25,40.81],[29.1,40.94],[29.12,41.07],[27.53,41.07],[27.02,40.68],[26.92,40.48],[26.77,40.55],[26.93,40.61],[26.85,40.61],[26.77,40.61],[26.78,40.68],[26.7,40.68],[26.62,40.68],[26.55,40.74],[26.14,40.61],[26.08,40.87],[25.85,40.94],[24.35,41],[24.01,40.74],[23.7,40.81],[23.68,40.61],[23.84,40.55],[23.74,40.23],[22.96,40.42],[22.89,40.61],[22.57,40.55],[22.54,40.1],[22.7,40.1],[22.61,39.9],[23.14,39.45],[22.82,39.38],[22.8,39.06],[22.96,39.13],[23.49,38.87],[23.33,38.8],[23.03,38.93],[22.94,38.74],[23.17,38.67],[23.31,38.48],[23.63,38.48],[23.56,38.74],[24.03,38.67],[24.18,38.55],[24.16,38.22],[24,38.22],[23.98,37.84],[23.44,38.03],[23.21,38.03],[23.2,37.9],[23.04,37.9],[23.11,37.64],[23.34,37.64],[23.4,37.32],[23.17,37.32],[23.18,37.45],[22.95,37.58],[22.71,37.58],[22.7,37.32],[22.85,37.25],[23.06,36.67],[22.83,36.87],[22.6,36.87],[22.51,36.67],[22.36,36.67],[22.22,37.06],[21.91,37.06],[21.9,36.87],[21.74,36.87],[21.68,37.19],[21.6,37.19],[21.7,37.51],[21.24,37.84],[21.42,38.16],[21.73,38.16],[21.74,38.35],[21.19,38.42],[20.97,38.74],[20.74,38.8],[20.91,39.06],[20.3,39.38],[20.15,39.71],[19.92,39.71],[19.91,39.58],[19.76,39.64],[19.76,39.77],[20,39.77],[20.01,39.97],[19.63,40.29],[19.47,40.29],[19.49,40.61],[19.25,40.61],[19.25,40.74],[19.5,40.87],[19.42,40.94],[19.53,41.52],[19.46,41.65],[19.78,41.72],[19.92,41.46],[19.84,41.33],[19.99,41.26],[19.89,40.74],[20.04,40.55],[20.27,40.48],[20.18,40.29],[20.33,40.1],[20.49,40.1],[20.4,39.97],[20.79,39.77],[21.66,39.77],[22.06,39.97],[22.01,40.36],[22.1,40.55],[23.4,41.07],[23.73,41.33],[23.66,41.46],[23.75,41.52],[24.63,41.65],[24.65,41.85],[24.8,41.78],[24.97,41.91],[25.21,41.91],[25.14,42.04],[25.23,42.11],[25.46,42.04],[25.88,42.3],[26.12,42.3],[26.21,42.43],[27.01,42.43],[27.18,42.5],[27.29,42.76],[27.29,42.82],[27.7,42.89],[27.77,42.76],[27.69,42.76],[27.67,42.63],[27.51,42.63],[27.49,42.43],[27.94,42.04],[27.98,41.65],[28.22,41.65],[28.35,41.39],[28.97,41.2],[28.96,41.13],[30.48,41.2],[30.62,41.07],[31.18,41.07],[31.53,41.39],[32.03,41.52]],[[31.59,37.38],[31.6,37.45],[31.52,37.45],[31.52,37.38],[31.59,37.38]],[[22.98,38.16],[22.98,38.09],[23.06,38.09],[23.06,38.16],[22.98,38.16]],[[22.75,38.16],[22.84,38.35],[22.51,38.22],[22.6,38.42],[22.29,38.42],[22.44,38.29],[22.44,38.22],[22.59,38.16],[22.66,37.96],[22.97,37.96],[22.91,38.22],[22.75,38.16]],[[22.98,38.22],[22.99,38.29],[22.91,38.29],[22.91,38.22],[22.98,38.22]],[[22.43,38.09],[22.43,38.16],[22.35,38.16],[22.35,38.09],[22.43,38.09]],[[22.28,38.16],[22.28,38.22],[22.2,38.22],[22.2,38.16],[22.28,38.16]],[[22.36,38.22],[22.36,38.29],[22.28,38.29],[22.28,38.22],[22.36,38.22]],[[20.99,39.06],[21.06,38.93],[21.15,39.06],[21.07,39.06],[20.99,39.06]]],[[[25.07,40.03],[25.15,40.03],[25.46,40.03],[25.45,39.84],[24.97,39.84],[25.07,40.03]]],[[[25.8,40.29],[26.04,40.29],[26.02,40.16],[25.7,40.1],[25.72,40.29],[25.8,40.29]]],[[[27.71,43.02],[27.72,43.08],[27.74,43.28],[27.99,43.34],[27.98,43.28],[27.71,43.02]]],[[[33.76,45.04],[33.84,45.04],[33.93,45.04],[34.01,45.04],[34.09,45.04],[34.08,44.97],[34.73,44.97],[34.79,44.84],[34.71,44.84],[33.76,44.45],[33.68,44.45],[33.6,44.45],[33.52,44.45],[33.47,44.65],[33.55,44.65],[33.6,45.04],[33.68,45.04],[33.76,45.04]]]]}},{"type":"Feature","properties":{"NAME":"Turk Shahis","C":8,"name":"Turk Shahis","start_year":692,"end_year":717,"capital":"","type":"polity","region":"","event":"","source":"Cliopatria / Seshat Global History Databank (CC BY 4.0)","wikipedia":"Kabul Shahi","wikidata":"Q654380","_a":66,"_c":[68.27,34.4],"_nz":"突厥沙希王朝","_sz":""},"geometry":{"type":"Polygon","coordinates":[[[71.52,36.8],[71.42,37],[71.57,37.84],[71.27,37.9],[71.3,38.29],[71.18,38.42],[70.71,38.42],[70.21,38.03],[70.16,37.84],[70.27,37.64],[70.08,37.51],[69.55,37.58],[69.35,37.13],[69.12,37.13],[69.01,37.32],[68.78,37.32],[68.15,37],[67.92,37],[67.57,36.87],[67.09,36.48],[66.37,35.07],[65.93,34.49],[64.56,33.84],[64.36,33.59],[64.25,33.07],[64.33,33.07],[64.28,32.81],[64.36,32.81],[64.2,32.43],[64.28,32.43],[64.25,31.46],[64.59,30.82],[65.63,30.69],[66.34,30.44],[67.17,30.37],[67.18,30.44],[67.56,31.27],[68.34,31.34],[69.09,31.66],[69.29,31.91],[69.34,32.49],[69.55,32.75],[69.54,33.07],[70.26,33.2],[70.32,33.46],[70.18,33.52],[70.21,33.65],[69.93,33.78],[69.99,34.04],[70.73,33.91],[71.19,34.23],[71.16,34.42],[71.02,34.49],[71.05,34.61],[71.51,34.94],[71.68,35.32],[71.61,35.32],[71.66,35.52],[71.52,35.58],[71.55,35.71],[71.23,35.97],[71.28,36.16],[71.58,36.42],[71.98,36.48],[72.19,36.67],[72.27,36.67],[72.34,36.93],[71.89,36.74],[71.6,36.8],[71.52,36.8]]]}},{"type":"Feature","properties":{"NAME":"Frisia Kingdom","C":1,"name":"Frisia Kingdom","start_year":692,"end_year":709,"capital":"","type":"polity","region":"","event":"","source":"Cliopatria / Seshat Global History Databank (CC BY 4.0)","wikipedia":"Frisia","wikidata":"Q4492881","_a":14,"_c":[9.22,48.69],"_nz":"弗里西亚王国","_sz":""},"geometry":{"type":"Polygon","coordinates":[[[10.86,49.25],[10.53,49.25],[9.78,49.45],[9.69,49.58],[9.44,49.58],[9.52,49.98],[9.27,50.25],[8.84,50.51],[8.43,50.31],[8.35,49.98],[8.26,49.98],[8.27,49.65],[8.35,49.65],[8.28,49.18],[8.11,49.05],[8.12,48.85],[7.71,48.52],[7.63,47.99],[7.55,47.99],[7.56,47.6],[7.32,47.4],[7.48,47.27],[8.23,47.14],[8.39,46.94],[9.55,46.87],[9.63,47.2],[9.54,47.2],[9.54,47.4],[9.95,47.66],[9.87,47.86],[9.95,47.86],[10.11,48.46],[11.03,48.79],[11.03,48.85],[11.11,49.18],[10.94,49.25],[10.86,49.25]]]}},{"type":"Feature","properties":{"NAME":"Kingdom of Wessex","C":1,"name":"Kingdom of Wessex","start_year":692,"end_year":704,"capital":"","type":"polity","region":"","event":"","source":"Cliopatria / Seshat Global History Databank (CC BY 4.0)","wikipedia":"Wessex","wikidata":"Q105313","_a":5,"_c":[-0.86,51.18],"_nz":"韦塞克斯王国","_sz":""},"geometry":{"type":"Polygon","coordinates":[[[1.12,51.45],[1.04,51.45],[0.95,51.45],[0.87,51.45],[0.78,51.45],[0.7,51.45],[0.61,51.45],[0.53,51.45],[0.02,51.45],[-0.07,51.58],[-0.75,51.51],[-0.84,51.65],[-1.26,51.58],[-1.36,51.78],[-2.12,51.71],[-2.11,51.58],[-2.35,51.38],[-2.7,51.58],[-2.79,51.58],[-3.1,51.31],[-3.09,51.25],[-2.9,50.98],[-2.87,50.71],[-2.79,50.71],[-2.61,50.58],[-2.1,50.58],[-2.03,50.71],[-1.52,50.71],[-1.51,50.58],[-1.18,50.58],[-1.11,50.78],[-1.37,50.85],[0.49,50.78],[1.39,51.18],[1.38,51.38],[1.21,51.45],[1.12,51.45]]]}},{"type":"Feature","properties":{"NAME":"Srivijaya","C":8,"name":"Srivijaya","start_year":692,"end_year":717,"capital":"","type":"polity","region":"","event":"","source":"Cliopatria / Seshat Global History Databank (CC BY 4.0)","wikipedia":"Srivijaya","wikidata":"Q234197","_a":113,"_c":[103.84,0.54],"_nz":"三佛齐","_sz":""},"geometry":{"type":"MultiPolygon","coordinates":[[[[108.18,-2.67],[108.12,-3.19],[107.47,-3.19],[107.45,-2.61],[107.52,-2.61],[107.52,-2.54],[108.03,-2.54],[108.18,-2.67]]],[[[101.62,-2.54],[101.7,-2.54],[101.7,-2.61],[101.63,-2.61],[101.62,-2.54]]],[[[106.58,-2.86],[106.8,-2.86],[106.81,-3.06],[106.45,-3.19],[105.78,-2.8],[105.77,-2.41],[105.62,-2.16],[105.11,-2.16],[104.96,-1.96],[105.24,-1.84],[105.24,-1.51],[105.6,-1.64],[105.6,-1.51],[105.97,-1.51],[106.21,-2.41],[106.72,-2.61],[106.72,-2.67],[106.58,-2.74],[106.58,-2.86]]],[[[101.61,1.76],[101.68,1.64],[102.41,1.57],[102.39,1.12],[102.83,1.12],[103.11,0.93],[103.11,0.8],[102.96,0.8],[102.95,0.41],[103.1,0.54],[103.32,0.54],[103.74,0.16],[103.75,-0.04],[103.39,-0.16],[103.61,-0.23],[103.61,-0.36],[103.32,-0.42],[103.33,-0.74],[103.62,-1],[104.21,-1],[104.36,-1.19],[104.52,-1.96],[104.81,-2.03],[104.82,-2.29],[105.48,-2.35],[105.64,-2.8],[106.01,-3.06],[105.95,-3.38],[105.73,-3.57],[105.89,-3.96],[105.76,-4.15],[105.85,-4.73],[105.78,-4.73],[105.69,-5.89],[105.39,-5.82],[105.23,-5.56],[105.17,-5.76],[104.81,-5.76],[104.51,-5.56],[104.6,-5.95],[104.3,-5.89],[104.14,-5.56],[104,-5.56],[103.76,-5.31],[103.76,-5.18],[102.63,-4.41],[102.18,-4.02],[102.1,-3.7],[101.87,-3.57],[101.93,-3.12],[101.7,-2.67],[101.77,-2.54],[101.53,-1.77],[101.39,-1.84],[101.38,-1.58],[101.08,-1.06],[100.93,-1],[100.63,-0.36],[99.96,0.29],[99.83,0.61],[99.68,0.54],[99.77,0.99],[99.49,1.44],[99.6,2.34],[99.83,2.73],[100.12,2.66],[100.11,2.54],[100.26,2.6],[100.39,2.21],[100.54,2.15],[100.68,2.15],[100.69,2.34],[100.91,2.34],[101.26,2.02],[101.33,2.09],[101.41,2.09],[101.7,2.09],[101.69,1.76],[101.61,1.76]]],[[[104.55,0.03],[104.92,-0.23],[104.92,-0.36],[104.41,-0.29],[104.49,-0.36],[104.42,-0.68],[104.13,-0.61],[104.12,-0.36],[104.27,-0.36],[104.27,-0.29],[104.34,-0.29],[104.34,0.03],[104.55,0.03]]],[[[103.18,0.86],[103.4,0.86],[103.4,0.74],[103.39,0.67],[103.18,0.67],[103.18,0.86]]],[[[104.21,1.19],[104.57,1.12],[104.49,0.8],[104.34,0.8],[104.28,0.93],[104.2,0.93],[104.13,0.93],[104.21,1.19]]],[[[103.77,1.12],[103.92,1.25],[104.07,1.19],[104.06,1.06],[104.06,0.99],[103.77,0.93],[103.77,1.12]]],[[[103.41,4.46],[103.48,4.46],[103.37,3.63],[103.4,2.86],[103.83,2.54],[103.96,2.28],[103.95,2.09],[104.23,1.7],[104.14,1.31],[103.27,1.31],[103.28,1.44],[103.06,1.64],[102.63,1.76],[102.35,2.09],[101.99,2.15],[101.71,2.41],[101.72,2.54],[101.43,2.6],[101.22,2.79],[101.23,3.18],[100.81,3.56],[100.48,4.21],[100.51,4.79],[100.24,5.11],[100.26,6.71],[100.72,7.04],[100.85,6.91],[101.51,6.91],[101.72,6.71],[101.77,6.46],[102.34,6.2],[102.48,6.01],[102.47,5.94],[103.17,5.36],[103.36,4.98],[103.41,4.46]]],[[[100.23,6.2],[100.22,6.14],[100.15,6.14],[100.15,6.2],[100.23,6.2]]]]}},{"type":"Feature","properties":{"NAME":"Tibetan Empire","C":11,"name":"Tibetan Empire","start_year":692,"end_year":704,"capital":"","type":"polity","region":"","event":"","source":"Cliopatria / Seshat Global History Databank (CC BY 4.0)","wikipedia":"Tibetan Empire","wikidata":"Q2431480","_a":435,"_c":[87.51,34.05],"_nz":"吐蕃帝国","_sz":""},"geometry":{"type":"Polygon","coordinates":[[[73.21,35.26],[72.71,35.71],[72.74,35.84],[72.47,35.97],[72.5,36.1],[72.26,36.35],[72.25,36.61],[72.27,36.67],[72.34,36.93],[71.89,36.74],[71.6,36.8],[71.52,36.8],[71.42,37],[71.57,37.84],[71.27,37.9],[71.3,38.29],[71.46,38.55],[71.29,38.8],[71.35,39],[71.27,39],[71.64,39.97],[72.08,40.36],[73.08,40.74],[73.8,40.29],[73.57,39.58],[73.42,39.58],[73.45,39.45],[74.75,39.32],[77.03,38.8],[77.26,38.55],[77.41,38.55],[77.51,38.35],[77.67,38.35],[77.84,38.16],[77.8,38.03],[78.09,37.71],[78.39,37.64],[78.42,37.51],[79.15,37.32],[79.4,37.13],[80.37,37],[81.03,36.61],[85.11,37.45],[85.36,37.71],[85.81,37.9],[86.08,38.22],[86.44,38.35],[87.66,38.48],[88.75,38.87],[91.12,39.13],[93.35,39.58],[95.64,39.58],[95.61,39.51],[96.71,39.51],[96.68,39.45],[97,39.45],[96.97,39.38],[97.63,39.45],[97.6,39.38],[99.2,39.26],[99.35,39.06],[99.59,39.06],[99.56,39],[100.23,38.74],[100.59,38.29],[101.03,38.22],[101.14,38.09],[101.37,38.09],[101.47,37.96],[102.1,37.77],[102.09,37.58],[102.25,37.38],[102.53,37.32],[102.56,37.19],[102.79,37.19],[103.1,36.8],[103.26,36.8],[103.39,36.55],[103.65,36.42],[103.6,36.29],[103.73,36.03],[103.65,35.84],[103.73,35.84],[103.63,35.58],[103.74,35.45],[103.45,34.49],[103.53,34.49],[103.39,34.1],[103.49,33.97],[103.33,33.52],[103.03,33.33],[102.55,33.26],[101.69,32.75],[100.98,31.01],[100.9,31.01],[99.48,30.31],[96.53,29.22],[96.3,29.22],[96.27,29.09],[96.14,29.15],[95.8,29.02],[93.2,27.61],[92.27,27.48],[92.02,27.35],[91.61,27.54],[91.63,27.99],[91.19,28.06],[90.94,27.93],[90.82,28.06],[90.36,28.06],[90.33,28.25],[90.2,28.32],[89.97,28.32],[89.62,28.12],[88.87,28.12],[88.84,27.99],[88.56,28.06],[88.21,27.87],[87.75,27.8],[87.37,27.8],[86.82,28.06],[86.34,27.93],[86.23,28.12],[85.97,27.93],[85.75,28.32],[85.14,28.32],[85.09,28.44],[85.2,28.57],[84.74,28.57],[84.7,28.7],[84.41,28.77],[84.24,29.02],[83.58,29.15],[83.26,29.41],[82.46,29.54],[81.99,29.79],[81.76,29.79],[81.38,30.12],[81.07,30.12],[80.84,30.44],[80.26,30.56],[79.97,30.95],[79.45,31.01],[79.1,31.46],[78.83,31.59],[78.75,31.59],[78.8,31.79],[78.46,32.3],[78.53,32.56],[78.32,32.94],[78.37,33.14],[78.16,33.52],[78.12,33.97],[78.05,33.97],[78.12,34.55],[78.04,34.55],[78.23,34.94],[78.06,35.19],[78.1,35.32],[77.98,35.45],[76.99,35.52],[76.72,35.64],[76.68,35.77],[76.01,35.58],[75.93,35.58],[75.35,35.86],[74.81,36.3],[74.71,36.63],[74.14,36.69],[73.85,36.91],[72.62,36.86],[73.04,36.36],[73.22,35.96],[73.41,35.39],[73.21,35.24],[73.21,35.26]]]}},{"type":"Feature","properties":{"NAME":"Yenisei Kyrgyz","C":8,"name":"Yenisei Kyrgyz","start_year":692,"end_year":762,"capital":"无固定都城","type":"polity","region":"central_asia","event":"","source":"Cliopatria / Seshat Global History Databank (CC BY 4.0)","wikipedia":"Yenisei Kyrgyz","wikidata":"Q83142","_a":106,"_c":[97.57,55.27],"_nz":"黠戛斯","_sz":""},"geometry":{"type":"Polygon","coordinates":[[[100.5,56.73],[101.19,57.7],[102.02,58.6],[101.9,58.67],[101.96,58.74],[101.78,58.74],[101.78,58.95],[101.03,58.81],[100.36,58.32],[99.94,58.25],[99.76,58.25],[99.72,58.53],[99.63,58.53],[99.69,58.6],[99.33,58.6],[98.47,58.32],[98.02,58.32],[98.08,58.39],[97.9,58.39],[97.96,58.46],[96.77,58.32],[95.24,58.32],[94.68,57.7],[94.34,57.49],[93.05,55.84],[92.78,55.7],[91.85,55.63],[91.57,55.36],[90.7,55.23],[90.34,54.95],[90.42,54.95],[90.5,54.68],[90.68,54.68],[90.63,54.61],[90.81,54.61],[90.8,54.48],[91.23,54.34],[91.23,54.21],[91.48,53.94],[91.43,53.6],[91.9,53.26],[91.73,52.99],[91.51,52.92],[91.47,52.86],[91.56,52.86],[91.21,52.45],[91.56,52.32],[91.1,51.71],[91.01,51.71],[90.97,51.65],[91.14,51.65],[91.1,51.58],[92.38,51.58],[94.58,52.25],[96.38,52.52],[97.92,52.52],[97.87,52.45],[98.3,52.32],[98.25,52.25],[99.01,52.12],[99.68,52.59],[100.6,52.92],[101.48,52.72],[101.43,52.65],[101.6,52.65],[101.63,52.45],[101.8,52.45],[101.79,52.32],[102.51,52.25],[102.46,52.18],[102.88,52.05],[102.83,51.98],[103.21,51.92],[103.16,51.71],[103.24,51.71],[103.33,51.71],[104.79,51.98],[104.71,51.98],[104.77,52.18],[104.68,52.18],[104.78,52.32],[104.44,52.79],[104.54,52.92],[104.42,52.99],[104.52,53.12],[104.32,53.33],[104.38,53.39],[103.96,53.53],[103.98,53.66],[103.89,53.66],[103.99,53.8],[103.82,53.8],[103.87,53.87],[101.98,54.34],[102.03,54.41],[101.82,54.48],[101.87,54.55],[101.33,54.75],[101.31,54.95],[101.14,54.95],[101.16,55.09],[100.61,55.29],[100.63,55.43],[100.54,55.43],[100.7,55.63],[100.4,55.7],[100.39,55.91],[100.3,55.91],[100.46,56.46],[100.37,56.46],[100.59,56.73],[100.5,56.73]]]}},{"type":"Feature","properties":{"NAME":"Tang Dynasty","C":6,"name":"Tang Dynasty","start_year":692,"end_year":704,"capital":"","type":"polity","region":"","event":"","source":"Cliopatria / Seshat Global History Databank (CC BY 4.0)","wikipedia":"Tang dynasty","wikidata":"Q9683","_a":1500,"_c":[102.42,30.56],"_nz":"唐","_sz":""},"geometry":{"type":"MultiPolygon","coordinates":[[[[109.86,18.35],[109.84,18.22],[109.25,18.22],[109.12,18.35],[108.76,18.41],[108.64,18.54],[108.7,19.38],[109.2,19.7],[109.25,19.96],[110.16,20.09],[110.59,20.02],[110.61,20.15],[110.91,20.15],[111.09,19.89],[111.03,19.57],[110.88,19.57],[110.85,19.38],[110.68,19.25],[110.51,18.67],[110.19,18.54],[110.18,18.48],[109.86,18.35]]],[[[106.08,23.56],[106.09,23.62],[106.17,23.62],[106.16,23.56],[106.08,23.56]]],[[[122.27,30.18],[122.28,29.99],[121.98,29.99],[122.02,30.12],[122.05,30.18],[122.27,30.18]]],[[[129.88,41.2],[129.76,40.87],[129.24,40.68],[129.08,40.42],[128.29,40.03],[128.21,40.03],[128.29,40.16],[127.81,40.16],[126.64,39.77],[125.79,39.26],[125.57,38.87],[125.19,38.74],[125.11,38.74],[125.03,38.74],[125.39,39.38],[125.31,39.51],[124.99,39.51],[124.86,39.71],[124.51,39.64],[124.51,39.77],[124.35,39.77],[124.27,39.9],[124.03,39.77],[123.6,39.84],[122.94,39.64],[122.17,39.26],[121.95,39],[121.72,39],[121.42,38.74],[121.03,38.74],[121.2,39.06],[121.52,39.06],[121.69,39.38],[121.3,39.38],[121.21,39.51],[121.28,39.64],[121.44,39.64],[121.5,39.9],[121.78,39.97],[122.23,40.48],[122.11,40.68],[121.83,40.74],[121.82,40.87],[121.11,40.87],[121,40.68],[120.65,40.48],[120.5,40.23],[119.38,39.77],[119.22,39.32],[118.99,39.19],[118.45,39.06],[118.06,39.06],[118.05,39.19],[117.78,39.13],[117.58,38.74],[117.65,38.74],[117.6,38.48],[117.76,38.48],[117.77,38.35],[118.05,38.29],[118.07,38.16],[118.58,38.09],[118.65,38.22],[118.8,38.22],[118.77,38.16],[119.46,37.96],[119.39,37.84],[119.24,37.84],[118.98,37.32],[119.14,37.32],[119.16,37.19],[119.7,37.19],[119.83,37.45],[120.2,37.58],[120.19,37.71],[120.75,37.9],[121.11,37.84],[121.17,37.64],[121.48,37.64],[121.5,37.51],[122.15,37.58],[122.12,37.51],[122.71,37.45],[122.47,37.13],[122.57,37],[122.39,36.8],[121.91,36.93],[121.21,36.61],[120.98,36.61],[120.96,36.42],[120.73,36.42],[120.66,36.1],[120.32,36.03],[119.99,35.64],[119.62,35.52],[119.23,34.81],[119.46,34.81],[119.43,34.74],[119.71,34.68],[119.73,34.55],[120.34,34.36],[120.49,34.16],[120.55,33.59],[120.93,33.2],[120.92,32.62],[121.4,32.49],[121.5,32.17],[121.96,31.98],[121.94,31.72],[121.84,31.66],[121.96,31.59],[121.91,31.46],[121.58,31.4],[121.74,31.4],[122,31.08],[121.9,30.82],[121.52,30.82],[121.2,30.56],[121.05,30.56],[120.68,30.18],[120.81,30.12],[121.1,30.31],[121.48,30.31],[121.62,30.05],[122.03,29.92],[121.86,29.67],[122.02,29.67],[121.94,29.22],[121.71,29.22],[121.74,29.54],[121.57,29.47],[121.65,29.47],[121.54,29.15],[121.74,29.09],[121.71,28.77],[121.52,28.64],[121.65,28.57],[121.65,28.32],[121.15,28.19],[121.19,28.32],[121.12,28.32],[121.04,28.06],[120.87,27.99],[120.71,27.74],[120.66,27.54],[120.73,27.54],[120.55,27.16],[120.39,27.16],[120.25,26.9],[120.1,26.9],[120.06,26.77],[120.21,26.77],[120.16,26.58],[119.84,26.52],[119.94,26.32],[119.59,26.13],[119.78,26],[119.53,25.62],[119.9,25.62],[119.87,25.49],[119.47,25.36],[119.42,25.49],[119.27,25.49],[119.39,25.36],[119.34,25.16],[119.03,25.1],[119.07,24.97],[118.82,24.84],[118.76,24.59],[118.15,24.52],[118.08,24.2],[117.72,23.94],[117.69,23.81],[117.47,23.81],[117.18,23.49],[116.89,23.56],[116.78,23.36],[116.81,23.17],[116.59,23.17],[116.54,22.91],[115.7,22.79],[115.67,22.66],[115.37,22.66],[115.17,22.79],[114.9,22.53],[114.75,22.53],[114.64,22.72],[114.53,22.14],[114.37,22.08],[114,22.08],[114,22.46],[113.79,22.53],[113.75,22.72],[113.6,22.72],[113.7,22.46],[113.64,22.14],[113.42,22.14],[113.32,22.01],[113.11,22.08],[113.07,21.89],[112.77,21.89],[112.44,21.69],[111.86,21.76],[111.66,21.5],[110.98,21.44],[110.74,21.31],[110.72,21.18],[110.42,21.18],[110.48,21.11],[110.36,20.86],[110.62,20.6],[110.49,20.28],[109.88,20.21],[109.93,20.47],[109.79,20.54],[109.77,20.86],[109.7,20.86],[109.87,21.44],[109.81,21.5],[109.12,21.37],[109.09,21.63],[108.65,21.69],[108.56,21.56],[107.79,21.44],[107.42,20.99],[106.96,20.92],[106.83,20.6],[106.69,20.6],[106.54,20.15],[105.97,19.83],[105.73,18.86],[106.05,18.54],[106.03,18.41],[106.18,18.41],[106.29,18.22],[106.57,18.09],[106.53,17.84],[106.52,17.77],[106.3,17.77],[106.24,17.9],[105.87,17.9],[105.78,17.77],[105.71,17.77],[105.66,17.96],[105.14,18.41],[105.19,18.67],[105.04,18.67],[105.14,18.86],[104.97,19.19],[104.99,19.76],[104.86,19.89],[104.98,20.15],[104.44,20.47],[104.62,20.66],[104.91,20.6],[104.87,20.86],[105.1,20.86],[104.85,21.18],[104.98,21.5],[104.93,21.63],[105.1,21.76],[105.13,21.95],[104.87,22.21],[105.24,22.59],[105.27,22.79],[105.76,23.04],[106.16,23.56],[106.47,23.62],[107.15,24.07],[107.76,24.14],[108.09,24.65],[108.31,26.32],[107.97,26.45],[107.91,26.84],[106.9,27.03],[106.61,27.35],[106.46,27.35],[106.18,27.74],[106.21,28.12],[106.13,28.12],[106.24,28.25],[106.14,28.44],[105.52,28.38],[105.51,28.06],[105.13,27.74],[104.62,27.8],[104.43,27.67],[104.26,27.87],[104.64,28.44],[103.99,28.57],[103.86,28.38],[104,28.32],[103.96,28.19],[103.64,27.8],[103.45,27.67],[103.32,27.74],[103.29,27.61],[103.28,27.29],[103.36,27.29],[103.43,26.64],[103.51,26.64],[103.46,26.45],[103.19,26.26],[102.91,26.32],[102.55,26.07],[102.25,26.07],[102.2,26.19],[102.05,26.19],[102.19,26.45],[102.08,26.64],[101.58,26.77],[101.7,27.87],[101.37,28.64],[101.2,29.41],[101.06,29.47],[101.06,29.73],[100.98,29.73],[101.06,29.99],[100.96,30.18],[101.02,30.37],[100.94,30.37],[101,30.56],[100.92,30.56],[101.06,31.01],[100.98,31.01],[101.69,32.75],[102.55,33.26],[103.03,33.33],[103.33,33.52],[103.49,33.97],[103.39,34.1],[103.53,34.49],[103.45,34.49],[103.74,35.45],[103.63,35.58],[103.73,35.84],[103.65,35.84],[103.73,36.03],[103.6,36.29],[103.65,36.42],[103.39,36.55],[103.26,36.8],[103.1,36.8],[102.79,37.19],[102.56,37.19],[102.53,37.32],[102.25,37.38],[102.09,37.58],[102.1,37.77],[101.47,37.96],[101.37,38.09],[101.14,38.09],[101.03,38.22],[100.59,38.29],[100.23,38.74],[99.56,39],[99.59,39.06],[99.35,39.06],[99.2,39.26],[97.6,39.38],[97.63,39.45],[96.97,39.38],[97,39.45],[96.68,39.45],[96.71,39.51],[95.61,39.51],[95.64,39.58],[93.35,39.58],[91.12,39.13],[88.75,38.87],[87.66,38.48],[86.44,38.35],[86.08,38.22],[85.81,37.9],[85.36,37.71],[85.11,37.45],[81.03,36.61],[80.37,37],[79.4,37.13],[79.15,37.32],[78.42,37.51],[78.39,37.64],[78.09,37.71],[77.8,38.03],[77.84,38.16],[77.67,38.35],[77.51,38.35],[77.41,38.55],[77.26,38.55],[77.03,38.8],[74.75,39.32],[73.45,39.45],[73.42,39.58],[73.57,39.58],[73.8,40.29],[73.08,40.74],[73.32,41],[74.75,41],[77.43,41.39],[80,42.3],[80.13,42.43],[82.06,42.24],[84.19,42.76],[85.79,42.76],[85.76,42.69],[87.28,42.5],[87.25,42.43],[88.85,42.24],[88.82,42.17],[89.69,41.98],[89.77,41.98],[90.78,41.72],[91.27,41.39],[92.56,41.07],[92.64,41.07],[93.72,40.81],[93.69,40.74],[95.23,41],[97.21,41],[97.18,40.94],[97.89,40.74],[98.04,40.55],[98.27,40.55],[98.5,40.36],[98.95,40.29],[98.92,40.23],[99.28,40.16],[99.38,40.03],[100.17,40.03],[100.14,39.97],[100.38,39.97],[100.74,39.71],[101.26,39.64],[101.28,39.51],[101.44,39.51],[101.54,39.38],[101.48,39.26],[101.63,39.06],[102.12,38.93],[102.12,38.74],[102.4,38.67],[102.6,38.42],[102.76,38.42],[103.38,38.03],[103.69,38.03],[103.76,37.84],[104.36,37.77],[104.46,37.64],[105.22,37.77],[105.43,37.9],[106.16,37.96],[106.38,38.09],[107.39,39.45],[107.44,39.71],[107.64,39.97],[108.51,40.74],[109.79,41.07],[110.87,41],[110.83,40.94],[111.31,40.94],[111.27,40.87],[112.97,40.94],[113.05,40.94],[114.31,41.2],[114.47,41.07],[114.62,41.33],[115.76,41.52],[117.4,41.46],[117.36,41.39],[117.6,41.39],[117.6,41.26],[117.76,41.26],[117.85,41.13],[117.78,40.87],[117.9,40.81],[117.83,40.68],[117.91,40.55],[118.07,40.55],[118.08,40.42],[118.64,40.29],[118.6,40.23],[119,40.23],[119.55,40.36],[120.08,40.87],[120.35,40.94],[120.66,41.2],[120.78,41.39],[121.97,41.91],[122.77,41.78],[124.25,42.11],[124.81,42.11],[125.13,42.24],[125.25,42.17],[127.3,42.5],[128.35,42.76],[130.52,42.89],[131.1,43.15],[131.24,43.34],[131.75,43.28],[131.23,42.63],[130.9,42.63],[129.86,41.78],[129.78,41.78],[129.69,41.52],[129.88,41.2]],[[130.48,42.82],[130.56,42.82],[130.6,42.89],[130.52,42.89],[130.48,42.82]]],[[[114.58,41.26],[114.51,41.13],[114.47,41.07],[114.34,41.26],[114.58,41.26]]]]}},{"type":"Feature","properties":{"NAME":"Umayyad Caliphate","C":3,"name":"Umayyad Caliphate","start_year":692,"end_year":704,"capital":"","type":"polity","region":"","event":"","source":"Cliopatria / Seshat Global History Databank (CC BY 4.0)","wikipedia":"Umayyad Caliphate","wikidata":"Q8575586","_a":2304,"_c":[29.02,27.44],"_nz":"倭马亚王朝","_sz":""},"geometry":{"type":"MultiPolygon","coordinates":[[[[42.02,16.81],[42.17,16.81],[42.24,16.68],[42.23,16.61],[42.01,16.61],[42.02,16.81]]],[[[58.98,20.41],[58.82,20.21],[58.67,20.21],[58.77,20.54],[58.77,20.6],[59,20.66],[58.98,20.41]]],[[[50.43,25.94],[50.46,26.26],[50.69,26.26],[50.67,26.13],[50.67,26.07],[50.65,25.87],[50.43,25.94]]],[[[49.27,41],[49.24,40.87],[49.51,40.61],[50.05,40.55],[50.26,40.42],[49.69,40.36],[49.51,40.23],[49.27,39.38],[49.15,39.19],[48.99,39.19],[48.92,39.19],[48.67,39.58],[48.45,39.64],[48.23,39.32],[48.25,39],[47.99,38.87],[47.99,38.42],[48.19,38.22],[48.39,37.58],[48.85,37.06],[49.14,36.93],[49.19,36.74],[50.28,36.29],[50.47,36.03],[51.09,36.03],[51.83,35.84],[52.03,35.64],[52.34,35.64],[52.7,35.97],[53.2,36.16],[54.3,36.22],[54.88,36.42],[55.15,36.61],[55.19,36.8],[55.45,36.93],[55.48,37.13],[55.56,37.13],[55.8,37.13],[55.85,37],[56.09,37.06],[56.61,36.93],[57.31,36.93],[57.81,37.06],[58.15,37.58],[58.52,37.84],[58.68,38.22],[59.55,38.93],[60.52,39.38],[60.65,39.58],[60.95,39.51],[62.5,40.03],[62.58,40.03],[62.65,39.71],[63.09,39.26],[63.25,39.26],[63.42,39],[63.84,38.8],[64.01,38.55],[64.37,38.42],[64.66,38.03],[65.24,37.84],[65.63,37.51],[66.52,37.32],[67,37.38],[67.12,37.25],[67.75,37.25],[67.92,37],[67.57,36.87],[67.09,36.48],[66.37,35.07],[65.93,34.49],[64.56,33.84],[64.36,33.59],[64.25,33.07],[64.33,33.07],[64.28,32.81],[64.36,32.81],[64.2,32.43],[64.28,32.43],[64.25,31.46],[64.59,30.82],[65.63,30.69],[66.34,30.44],[67.17,30.37],[67.15,30.31],[66.55,28.57],[66.48,28.57],[66.4,26.52],[65.8,25.36],[64.82,25.29],[64.8,25.16],[64.58,25.16],[64.28,25.23],[64.23,25.36],[63.63,25.36],[63.54,25.23],[62.56,25.23],[62.47,25.1],[62.18,25.16],[62.02,25.04],[61.72,25.04],[61.66,25.16],[61.13,25.1],[60.92,25.23],[60.62,25.23],[60.63,25.36],[59.06,25.36],[58.78,25.55],[57.96,25.55],[57.74,25.62],[57.68,25.74],[57.38,25.74],[57.11,26.07],[57.05,26.84],[56.71,27.16],[56.19,27.16],[56.1,27.03],[56.32,27.03],[56.31,26.9],[56.06,26.71],[55.6,26.64],[55.44,26.52],[55.29,26.52],[55.31,26.71],[55.54,26.77],[55.24,26.77],[54.83,26.45],[54.46,26.52],[54.26,26.71],[53.66,26.71],[53.46,26.97],[52.74,27.22],[52.48,27.61],[52.05,27.8],[51.6,27.8],[51.32,27.99],[51.33,28.12],[51.07,28.44],[51.03,28.77],[50.81,28.83],[50.92,29.09],[50.62,29.15],[50.65,29.41],[50.24,29.73],[50.06,30.18],[49.59,29.99],[48.94,30.31],[48.99,30.05],[48.9,29.99],[48.37,29.92],[48.4,29.6],[47.87,29.54],[47.85,29.41],[48.08,29.41],[48.22,29.28],[48.19,29.09],[48.46,28.77],[48.56,28.32],[48.97,27.93],[48.87,27.67],[49.24,27.61],[49.36,27.29],[50.13,26.77],[50.12,26.58],[50.25,26.45],[50.22,26.13],[50.07,26.07],[50.21,26],[50.33,25.62],[50.61,25.42],[50.65,25.1],[50.73,25.1],[50.77,25.55],[50.92,25.62],[50.95,25.94],[51.12,26.13],[51.42,26.13],[51.7,25.87],[51.57,25.36],[51.72,25.29],[51.69,24.97],[51.52,24.78],[51.41,24.33],[51.85,24.26],[51.91,24.01],[52.28,24.01],[52.6,24.26],[53.11,24.14],[54.08,24.14],[54.1,24.33],[54.32,24.26],[54.56,24.46],[54.74,24.84],[55.14,25.1],[55.41,25.55],[55.97,25.87],[56.17,26.32],[56.48,26.39],[56.54,26.32],[56.39,25.55],[56.46,25.55],[56.42,25.16],[56.5,25.16],[56.4,24.97],[56.54,24.91],[56.79,24.33],[57.49,23.88],[58.81,23.62],[59.08,23.3],[59.07,23.17],[59.28,23.04],[59.27,22.91],[59.54,22.66],[59.9,22.53],[59.86,22.08],[59.44,21.44],[58.8,20.92],[58.61,20.41],[58.31,20.34],[58.25,20.54],[58.1,20.54],[57.93,20.28],[57.79,19.51],[57.87,19.51],[57.9,18.99],[57,18.8],[56.75,18.54],[56.64,18.09],[56.41,17.9],[55.59,17.84],[55.35,17.58],[55.31,17.13],[55.16,17],[54.2,17],[53.59,16.68],[53.22,16.68],[53.13,16.55],[52.38,16.29],[52.26,15.59],[52.1,15.46],[51.88,15.46],[51.27,15.14],[50.76,15.07],[50.23,14.81],[49.41,14.69],[48.79,14.04],[47.75,13.91],[47.67,13.72],[47.07,13.46],[45.74,13.34],[45.05,12.76],[44.61,12.76],[44.39,12.63],[43.44,12.69],[43.45,12.89],[43.24,13.08],[43.26,13.72],[43.06,13.98],[42.95,14.88],[42.89,15.07],[42.75,15.14],[42.71,15.84],[42.78,15.84],[42.82,16.61],[42.48,17],[42.48,17.13],[42.34,17.13],[42.28,17.45],[41.78,17.84],[41.45,18.48],[41.24,18.61],[41.25,18.86],[41.04,19.12],[40.99,19.44],[40.84,19.51],[40.85,19.7],[40.56,19.83],[40.14,20.28],[39.84,20.28],[39.35,20.79],[39.15,21.18],[39.17,21.63],[39.03,21.76],[39.14,22.53],[38.86,22.85],[38.87,23.04],[38.6,23.62],[38.03,24.14],[37.44,24.33],[37.39,24.65],[37.17,24.78],[37.18,24.91],[37.33,24.97],[37.27,25.23],[36.77,25.68],[36.72,26],[36.43,26.19],[36.16,26.77],[35.67,27.29],[35.61,27.54],[35.47,27.61],[35.41,27.87],[35.05,28.12],[34.59,28.06],[34.61,28.25],[34.85,28.57],[34.91,29.41],[34.75,29.28],[34.52,28.06],[34.36,27.93],[34.35,27.74],[34.12,27.74],[33.62,28.12],[33.55,28.32],[33.4,28.32],[33.19,28.51],[33.21,28.89],[32.86,29.22],[32.53,29.92],[32.43,29.6],[32.64,29.34],[32.69,28.96],[32.84,28.89],[33.11,28.38],[33.61,27.99],[33.59,27.61],[33.8,27.42],[33.93,27.03],[34.07,26.97],[34.05,26.58],[34.2,26.52],[34.46,25.87],[34.61,25.81],[35.15,24.65],[35.86,24.01],[35.85,23.88],[35.56,23.94],[35.55,23.81],[35.11,23.88],[33.76,23.69],[33.68,23.69],[33.39,23.81],[32.04,23.69],[31.67,23.75],[30.54,23.36],[30.46,23.36],[30.4,23.56],[30.1,23.75],[30.11,23.88],[29.96,23.88],[29.67,24.2],[28.57,24.65],[28.29,25.16],[28.24,25.94],[28.35,26.58],[28.27,26.58],[28.15,27.35],[27.94,27.54],[27.71,27.54],[27.79,27.67],[27.43,27.99],[27.28,27.93],[27.29,28.12],[27.14,28.25],[25.59,28.96],[25.37,29.28],[25.15,29.28],[25,29.41],[24.85,29.34],[24.78,29.54],[23.74,29.99],[22.45,30.05],[21.23,29.86],[20.16,29.34],[19.93,29.34],[18.71,28.83],[18.7,28.7],[18.4,28.7],[18.33,28.64],[18.4,28.51],[18.02,28.44],[16.79,27.29],[16.64,27.29],[16.34,27.03],[16.41,26.9],[15.81,26.64],[14.46,26.32],[14.08,26.07],[13.33,25.94],[12.58,26],[11.98,26.19],[11.83,26.45],[11.6,26.45],[11.45,26.71],[11.3,26.64],[11.15,26.9],[11,26.9],[10.25,27.48],[10.1,27.48],[10.17,27.67],[10.1,27.67],[10.1,27.87],[9.95,27.8],[9.87,28.19],[9.8,28.19],[9.8,28.57],[9.49,28.77],[9.34,29.02],[8.13,29.09],[7.83,28.96],[6.54,28.96],[4.36,28.64],[2.47,28.64],[1.8,28.51],[1.04,28.64],[-0.25,28.64],[-1.08,28.89],[-1.46,28.89],[-1.39,29.02],[-3.61,29.67],[-5.14,29.99],[-5.98,29.99],[-6.5,29.86],[-8.03,30.05],[-8.04,30.18],[-8.65,30.31],[-9.64,30.31],[-9.65,30.5],[-9.88,30.56],[-9.86,31.34],[-9.78,31.34],[-9.73,31.72],[-9.51,31.85],[-9.52,31.98],[-9.31,32.17],[-9.33,32.49],[-9.2,32.75],[-8.55,33.33],[-7.13,33.84],[-7.06,33.97],[-6.9,33.91],[-6.61,34.16],[-6.7,34.29],[-6.47,34.36],[-6.48,34.49],[-6.33,34.55],[-6.28,34.87],[-6.2,34.87],[-6.29,35.07],[-6.13,35],[-6.15,35.19],[-6,35.32],[-6,35.39],[-5.08,35.39],[-5,35.39],[-4.75,35.19],[-3.13,35.19],[-2.98,35.26],[-2.99,35.45],[-2.84,35.45],[-2.82,35.13],[-2.66,35.07],[-1.89,35.07],[-1.59,35.26],[-1.36,35.26],[-1.14,35.45],[-1.22,35.64],[-1.07,35.58],[-0.92,35.71],[-0.53,35.71],[-0.46,35.84],[0.08,35.84],[0.38,36.22],[0.68,36.29],[0.68,36.42],[0.76,36.42],[0.92,36.1],[1.16,36.1],[1.93,36.29],[2.47,36.29],[2.7,36.42],[5.88,36.42],[6.34,36.55],[7.66,36.61],[7.9,36.22],[7.91,35.52],[7.99,35.52],[8.07,35],[8.84,35],[8.92,35.58],[9.22,35.77],[10.08,35.9],[10.31,35.71],[10.23,35.13],[9.85,34.81],[9.77,34.29],[9.7,34.29],[9.77,34.1],[10.08,34.1],[10.08,34.04],[10.01,33.91],[10.24,33.71],[10.54,33.71],[10.7,33.52],[11.08,33.59],[11.16,33.2],[11.46,33.2],[12.23,32.81],[12.61,32.88],[12.53,32.75],[12.84,32.75],[12.84,32.88],[13.07,32.94],[13.3,32.94],[13.45,32.81],[13.76,32.88],[13.76,32.75],[14.07,32.75],[14.44,32.49],[14.67,32.56],[14.75,32.43],[15.21,32.36],[15.42,31.66],[15.58,31.59],[15.65,31.4],[16.18,31.21],[16.86,31.21],[17.85,30.95],[18.22,30.76],[18.59,30.37],[18.9,30.37],[18.97,30.24],[19.66,30.37],[19.96,30.56],[19.97,30.69],[20.2,30.89],[20.13,31.14],[20.21,31.27],[20,31.59],[20.09,32.11],[20.02,32.24],[20.25,32.24],[20.33,32.49],[20.48,32.43],[20.56,32.56],[20.72,32.56],[20.64,32.69],[20.87,32.62],[21.11,32.81],[21.41,32.75],[21.88,32.94],[23.09,32.62],[23.08,32.36],[23.3,32.17],[23.68,32.17],[24.13,31.98],[24.89,31.98],[25.11,31.79],[25.1,31.59],[25.25,31.46],[26.85,31.46],[27.3,31.34],[27.51,31.14],[28.5,31.01],[28.87,30.82],[29.4,30.82],[29.49,31.01],[29.63,30.95],[29.87,31.08],[29.8,31.21],[29.88,31.27],[30.34,31.27],[30.27,31.4],[30.35,31.46],[30.81,31.46],[30.97,31.53],[30.97,31.66],[31.2,31.66],[31.12,31.53],[31.27,31.46],[31.88,31.46],[31.78,31.21],[31.94,31.27],[32,31.08],[32.3,31.08],[32.24,31.21],[32.39,31.21],[32.53,31.08],[32.77,31.14],[32.83,31.01],[33.75,31.08],[34.3,31.27],[34.31,31.4],[34.63,31.66],[34.57,31.85],[34.81,31.98],[34.77,32.36],[35.02,32.62],[35.06,33.01],[35.22,33.07],[35.4,33.39],[35.35,33.65],[35.5,33.65],[35.45,33.91],[35.68,33.97],[35.64,34.36],[35.79,34.29],[36.05,34.55],[36.07,34.74],[35.93,34.87],[35.96,35.19],[35.88,35.19],[35.99,35.52],[35.84,35.58],[35.99,36.22],[35.84,36.29],[36.26,36.61],[36.29,36.8],[36.14,36.87],[36.14,36.93],[37.22,37.51],[37.79,37.71],[37.94,37.64],[38.52,37.9],[40.04,38.16],[40.9,38.16],[40.98,39.26],[41.26,39.51],[41.33,39.97],[41.48,39.97],[41.67,40.16],[41.7,40.36],[41.36,40.68],[41.53,41.26],[42.25,41.26],[42.36,41.46],[42.62,41.59],[42.86,41.59],[43.34,41.13],[43.98,41.13],[44.24,41.26],[44.35,41.46],[44.87,41.65],[45.07,41.91],[45.31,41.91],[45.62,42.24],[45.75,42.11],[46.3,42.04],[46.35,41.91],[46.74,41.85],[47.27,41.33],[47.56,41.2],[47.89,41.26],[48.18,41.52],[48.17,41.85],[48.09,41.85],[48.2,41.98],[48.28,41.98],[49.09,41.26],[49.06,41.13],[49.27,41]],[[39.58,20.92],[39.88,20.92],[39.88,21.05],[40.19,21.18],[40.2,21.44],[39.91,21.56],[39.92,21.69],[39.62,21.69],[39.46,21.44],[39.31,21.44],[39.31,21.37],[39.3,21.18],[39.44,21.18],[39.58,20.92]],[[35.52,33.84],[35.59,33.84],[35.6,33.91],[35.52,33.91],[35.52,33.84]],[[34.84,32.3],[34.92,32.3],[34.92,32.36],[34.85,32.36],[34.84,32.3]],[[13.07,32.81],[13.15,32.81],[13.15,32.88],[13.07,32.88],[13.07,32.81]]],[[[-6.35,29.86],[-6.35,29.79],[-6.42,29.79],[-6.42,29.86],[-6.35,29.86]]],[[[-5.97,29.92],[-5.9,29.92],[-5.89,29.86],[-5.97,29.86],[-5.97,29.92]]]]}},{"type":"Feature","properties":{"NAME":"Kingdom of Mercia","C":9,"name":"Kingdom of Mercia","start_year":692,"end_year":704,"capital":"","type":"polity","region":"","event":"","source":"Cliopatria / Seshat Global History Databank (CC BY 4.0)","wikipedia":"Mercia","wikidata":"Q105092","_a":9,"_c":[-1.04,52.56],"_nz":"麦西亚王国","_sz":""},"geometry":{"type":"Polygon","coordinates":[[[0.85,51.71],[0.33,51.85],[0.23,51.98],[0.09,52.72],[0.25,52.86],[0.17,52.86],[0.07,52.99],[0.32,53.12],[0.3,53.39],[0.02,53.6],[0.02,53.66],[-0.68,53.73],[-0.75,53.53],[-1.09,53.53],[-1.16,53.33],[-1.87,53.6],[-2.54,53.33],[-2.88,53.33],[-2.87,53.26],[-2.87,53.19],[-2.86,53.12],[-2.85,53.06],[-2.85,52.99],[-2.73,52.72],[-2.82,52.72],[-2.93,52.12],[-2.92,52.05],[-2.91,51.98],[-2.83,51.98],[-2.82,51.92],[-2.55,51.78],[-2.7,51.58],[-2.35,51.38],[-2.11,51.58],[-2.12,51.71],[-1.36,51.78],[-1.26,51.58],[-0.84,51.65],[-0.75,51.51],[-0.07,51.58],[0.02,51.45],[0.53,51.45],[0.52,51.51],[0.61,51.51],[0.69,51.51],[0.78,51.51],[0.86,51.51],[0.86,51.58],[0.85,51.65],[0.85,51.71]]]}},{"type":"Feature","properties":{"NAME":"Makuria","C":8,"name":"Makuria","start_year":692,"end_year":849,"capital":"","type":"polity","region":"","event":"","source":"Cliopatria / Seshat Global History Databank (CC BY 4.0)","wikipedia":"Makuria","wikidata":"Q829356","_a":28,"_c":[32.92,20.85],"_nz":"马库里亚","_sz":""},"geometry":{"type":"Polygon","coordinates":[[[33.84,22.14],[33.88,23.17],[33.81,23.17],[33.82,23.49],[33.68,23.62],[33.68,23.69],[33.39,23.81],[32.04,23.69],[31.67,23.75],[30.54,23.36],[30.53,23.3],[30.74,22.85],[30.72,22.27],[30.56,21.95],[30.64,21.95],[30.69,21.31],[30.76,21.31],[30.74,20.79],[30.82,20.79],[30.91,19.31],[30.99,19.31],[31.1,18.35],[31.1,18.29],[31.54,18.16],[33.24,18.29],[34.12,18.03],[34.48,18.03],[34.63,17.9],[35.29,17.96],[35.3,18.03],[35.16,18.22],[34.94,18.29],[34.88,18.61],[34.6,18.93],[34.47,19.38],[34.26,19.64],[33.82,21.63],[33.75,21.63],[33.84,22.01],[33.76,22.08],[33.84,22.08],[33.84,22.14]]]}}]}