{"type":"FeatureCollection", "features": [
{"type":"Feature","geometry":{"type":"Polygon","coordinates":[[[31.1,18.29],[31.09,18.22],[31.21,17.32],[31.48,16.61],[31.39,16.36],[31.54,16.23],[31.53,15.97],[31.8,15.52],[32.53,15.33],[32.53,15.2],[33.86,15.46],[34.1,15.84],[34.68,15.78],[34.56,16.23],[34.71,16.49],[35.67,16.49],[36.05,16.81],[36,17.32],[35.5,17.64],[35.37,17.96],[35.29,17.96],[34.63,17.9],[34.48,18.03],[34.12,18.03],[33.24,18.29],[31.54,18.16],[31.1,18.29]]]},"properties":{"NAME":"Alodia","C":4,"name":"Alodia","start_year":602,"end_year":1501,"capital":"","type":"polity","region":"","event":"","source":"Cliopatria / Seshat Global History Databank (CC BY 4.0)","wikipedia":"Alodia","wikidata":"Q449639","_a":15,"_c":[33.57,16.74],"_nz":"阿洛迪亚","_sz":""}},
{"type":"Feature","geometry":{"type":"Polygon","coordinates":[[[100.5,56.73],[101.19,57.7],[102.02,58.6],[101.78,58.74],[101.78,58.95],[101.03,58.81],[100.36,58.32],[99.76,58.25],[99.69,58.6],[99.33,58.6],[98.47,58.32],[98.02,58.32],[97.96,58.46],[96.77,58.32],[95.24,58.32],[94.68,57.7],[94.34,57.49],[93.05,55.84],[92.78,55.7],[91.85,55.63],[91.57,55.36],[90.7,55.23],[90.42,54.95],[90.5,54.68],[90.81,54.61],[90.8,54.48],[91.23,54.34],[91.23,54.21],[91.48,53.94],[91.43,53.6],[91.9,53.26],[91.73,52.99],[91.21,52.45],[91.56,52.32],[91.31,51.92],[90.97,51.65],[92.38,51.58],[94.58,52.25],[96.38,52.52],[97.92,52.52],[97.87,52.45],[98.59,52.25],[98.88,52.05],[99.54,52.52],[100.6,52.92],[101.6,52.65],[101.67,52.38],[101.83,52.25],[102.22,52.32],[102.38,52.18],[103.13,51.92],[103.11,51.65],[103.84,51.85],[104.74,51.92],[104.78,52.32],[104.44,52.79],[104.52,53.12],[104.32,53.33],[103.96,53.53],[103.99,53.8],[101.98,54.34],[101.87,54.55],[101.33,54.75],[101.16,55.09],[100.61,55.29],[100.54,55.43],[100.7,55.63],[100.4,55.7],[100.3,55.91],[100.5,56.73]]]},"properties":{"NAME":"Yenisei Kyrgyz","C":8,"name":"Yenisei Kyrgyz","start_year":850,"end_year":1205,"capital":"无固定都城","type":"polity","region":"central_asia","event":"","source":"Cliopatria / Seshat Global History Databank (CC BY 4.0)","wikipedia":"Yenisei Kyrgyz","wikidata":"Q83142","_a":107,"_c":[97.57,55.27],"_nz":"黠戛斯","_sz":""}},
{"type":"Feature","geometry":{"type":"Polygon","coordinates":[[[126.78,33.26],[127,33.59],[126.36,33.52],[126.14,33.2],[126.78,33.26]]]},"properties":{"NAME":"Tamna","C":11,"name":"Tamna","start_year":936,"end_year":1271,"capital":"无固定城邑","type":"polity","region":"korea","event":"","source":"Cliopatria / Seshat Global History Databank (CC BY 4.0)","wikipedia":"Tamna","wikidata":"Q28057","_a":0,"_c":[126.57,33.4],"_nz":"耽罗","_sz":""}},
{"type":"Feature","geometry":{"type":"Polygon","coordinates":[[[-20.78,65.74],[-21.38,65.52],[-21.48,66.11],[-22.61,66.55],[-23.17,66.48],[-23.28,66.25],[-23.67,66.25],[-23.91,66.11],[-23.8,65.81],[-24.37,65.52],[-24.03,65.37],[-23.28,65.44],[-23.31,65.52],[-22.06,65.52],[-22.59,65.37],[-22.61,65.15],[-24.16,64.93],[-23.98,64.71],[-22.58,64.79],[-22.5,64.57],[-22.1,64.49],[-22.02,64.28],[-22.33,64.06],[-22.9,64.06],[-22.8,63.77],[-21.15,63.91],[-20.53,63.77],[-20.37,63.55],[-19.81,63.55],[-19.39,63.41],[-18.16,63.41],[-17.7,63.77],[-16.58,63.84],[-16.09,64.13],[-15.46,64.28],[-14.8,64.28],[-14.47,64.49],[-14.43,64.71],[-13.88,64.79],[-13.93,65],[-13.47,65.08],[-13.7,65.59],[-14.29,65.66],[-14.64,65.88],[-14.7,66.11],[-14.99,66.11],[-15.07,66.4],[-15.61,66.25],[-15.79,66.55],[-16.67,66.55],[-16.66,66.18],[-17.46,66.25],[-17.59,66.03],[-18.04,66.25],[-19.2,66.25],[-19.57,66.18],[-19.55,65.81],[-20.01,66.03],[-20.05,66.18],[-20.54,66.18],[-20.4,65.74],[-20.78,65.74]]]},"properties":{"NAME":"Icelandic Commonwealth","C":0,"name":"Icelandic Commonwealth","start_year":936,"end_year":1259,"capital":"","type":"polity","region":"","event":"","source":"Cliopatria / Seshat Global History Databank (CC BY 4.0)","wikipedia":"Icelandic Commonwealth","wikidata":"Q62389","_a":34,"_c":[-18.94,64.98],"_nz":"冰岛自由邦","_sz":""}},
{"type":"Feature","geometry":{"type":"Polygon","coordinates":[[[-86.72,20.92],[-86.75,21.5],[-86.92,21.63],[-87.22,21.63],[-87.34,21.5],[-88.48,21.63],[-89.18,21.37],[-89.98,21.31],[-90.17,21.11],[-90.32,21.11],[-90.42,20.41],[-90.43,20.02],[-90.74,19.7],[-90.81,19.25],[-91.16,19.12],[-91.07,18.99],[-90.39,18.48],[-90.37,18.35],[-89.71,17.9],[-89.76,17.77],[-89.32,17.77],[-88.61,17.51],[-88.17,17.51],[-88.08,18.35],[-87.91,18.22],[-87.7,18.29],[-87.73,18.48],[-87.45,19.06],[-87.49,19.31],[-87.39,19.57],[-87.55,19.64],[-87.29,19.89],[-87.35,20.21],[-86.71,20.86],[-86.72,20.92]]]},"properties":{"NAME":"Later Mayan City-States","C":2,"name":"Later Mayan City-States","start_year":960,"end_year":1259,"capital":"","type":"polity","region":"","event":"","source":"Cliopatria / Seshat Global History Databank (CC BY 4.0)","wikipedia":"Maya civilization","wikidata":"Q28567","_a":18,"_c":[-88.95,19.57],"_nz":"后期玛雅城邦","_sz":""}},
{"type":"Feature","geometry":{"type":"Polygon","coordinates":[[[9.51,40.23],[9.82,40.36],[9.82,40.74],[9.5,41.2],[9.1,41.26],[8.95,41.13],[9.03,41],[9.34,40.94],[9.19,40.68],[9.43,40.68],[9.27,40.42],[9.43,40.23],[9.51,40.23]]]},"properties":{"NAME":"Giudicato of Gallura","C":8,"name":"Giudicato of Gallura","start_year":1018,"end_year":1205,"capital":"","type":"polity","region":"","event":"","source":"Cliopatria / Seshat Global History Databank (CC BY 4.0)","wikipedia":"Judicate of Gallura","wikidata":"Q2723760","_a":1,"_c":[9.39,40.74],"_nz":"加卢拉王国","_sz":""}},
{"type":"Feature","geometry":{"type":"MultiPolygon","coordinates":[[[[-8.58,51.71],[-8.16,51.78],[-8.08,51.78],[-8.02,51.98],[-8.12,52.12],[-8.71,52.05],[-8.58,51.71]]],[[[-7.61,52.12],[-7.02,52.12],[-7.4,52.45],[-7.65,52.38],[-7.61,52.12]]],[[[-6.43,52.18],[-6.28,52.38],[-6.31,52.59],[-6.56,52.59],[-6.79,52.38],[-6.77,52.18],[-6.43,52.18]]],[[[-7.25,57.42],[-7.6,57.35],[-7.47,57.08],[-7.29,57.08],[-7.25,57.42]]],[[[-7.11,57.63],[-7.56,57.7],[-7.44,57.49],[-7.11,57.63]]],[[[-6.21,58.18],[-6.26,58.53],[-6.79,58.46],[-6.85,58.32],[-7.28,58.18],[-7.07,57.97],[-7.13,57.77],[-6.52,57.9],[-6.39,58.18],[-6.21,58.18]]],[[[-48.61,61.19],[-48.11,61.12],[-48.04,60.84],[-47.73,60.77],[-47.53,60.91],[-47.74,61.12],[-47.45,61.26],[-48.67,62.26],[-49.27,62.33],[-49.14,62.12],[-49.57,62.05],[-49.23,61.48],[-48.68,61.48],[-48.61,61.19]]],[[[-6.96,62.4],[-7.32,62.33],[-7.28,62.05],[-6.69,61.9],[-6.66,62.26],[-6.96,62.4]]],[[[-50.03,62.98],[-50.53,63.34],[-50.52,63.48],[-51.23,63.41],[-51.01,63.19],[-50.72,63.19],[-50.37,62.76],[-50.04,62.83],[-50.03,62.98]]],[[[-51.42,63.55],[-50.61,63.62],[-50.04,63.77],[-49.51,63.99],[-49.5,64.28],[-49.35,64.35],[-49.72,64.93],[-50.14,65.15],[-50.91,65.15],[-50.91,65],[-51.3,64.86],[-51.16,64.64],[-52.25,64.71],[-52.02,64.2],[-51.74,64.2],[-51.42,63.55]]],[[[-6.15,52.65],[-6.18,52.92],[-6.43,52.86],[-6.31,52.59],[-6.15,52.65]]],[[[-6.15,53.33],[-6.24,53.39],[-6.09,53.53],[-6.19,53.66],[-6.61,53.6],[-6.84,53.39],[-6.81,53.12],[-6.47,53.19],[-6.09,52.92],[-6.15,53.33]]],[[[-4.8,54.27],[-4.86,54.07],[-4.36,54.21],[-4.38,54.41],[-4.8,54.27]]],[[[-5.38,55.43],[-5.12,55.43],[-5.16,55.77],[-5.44,55.84],[-5.78,55.77],[-5.92,55.5],[-5.89,55.29],[-5.38,55.43]]],[[[-5.87,55.84],[-5.89,55.98],[-5.72,55.98],[-5.74,56.18],[-6.07,55.98],[-6.51,55.98],[-6.63,55.63],[-5.87,55.84]]],[[[-5,55.84],[-4.93,56.05],[-5.3,56.11],[-5.35,55.84],[-5,55.84]]],[[[-5.68,56.39],[-5.7,56.52],[-5.88,56.52],[-5.99,56.66],[-6.23,56.52],[-6.29,56.32],[-5.68,56.39]]],[[[-5.81,57.28],[-6.09,57.35],[-6.22,57.7],[-6.47,57.56],[-6.74,57.56],[-6.41,57.14],[-6.06,57.14],[-6.04,57.01],[-5.78,57.08],[-5.81,57.28]]]]},"properties":{"NAME":"Viking settlements","C":4,"name":"Viking settlements","start_year":1028,"end_year":1325,"capital":"","type":"polity","region":"","event":"","source":"Cliopatria / Seshat Global History Databank (CC BY 4.0)","wikipedia":"Vikings","wikidata":"Q12567","_a":1193,"_c":[-17.02,60.18],"_nz":"维京定居点","_sz":""}},
{"type":"Feature","geometry":{"type":"Polygon","coordinates":[[[109.24,-6.85],[108.58,-6.79],[108.34,-6.34],[108.11,-6.27],[107.53,-6.21],[107.37,-6.01],[107,-5.89],[106.85,-5.89],[106.79,-6.08],[105.91,-5.89],[105.7,-6.08],[105.65,-6.46],[105.43,-6.53],[105.37,-6.85],[105.89,-6.85],[106.33,-7.04],[106.28,-7.43],[106.43,-7.49],[107.16,-7.49],[108.14,-7.88],[108.78,-7.69],[109.82,-7.94],[109.89,-7.94],[110.01,-7.56],[109.49,-7.36],[109.4,-7.11],[109.25,-7.04],[109.24,-6.85]]]},"properties":{"NAME":"Sunda Kingdom","C":0,"name":"Sunda Kingdom","start_year":1028,"end_year":1293,"capital":"","type":"polity","region":"","event":"","source":"Cliopatria / Seshat Global History Databank (CC BY 4.0)","wikipedia":"Sunda Kingdom","wikidata":"Q1469742","_a":10,"_c":[107.69,-6.91],"_nz":"巽他王国","_sz":""}},
{"type":"Feature","geometry":{"type":"MultiPolygon","coordinates":[[[[36.78,45.1],[37.17,45.04],[37.22,45.3],[36.75,45.43],[36.78,45.1]]],[[[39.29,60.42],[38.94,60.49],[38.87,60.56],[38.56,60.77],[38.38,60.77],[38.32,60.91],[37.31,61.26],[37.33,61.34],[36.43,61.41],[35.57,60.91],[35.2,60.91],[35.36,61.19],[33.18,60.91],[31.98,60.49],[31.82,60.14],[31.1,60.21],[30.84,59.78],[30.38,59.78],[30.14,59.92],[29.77,59.92],[29.15,60],[28.85,59.85],[28.41,59.92],[28.29,59.78],[27.93,59.78],[27.88,59.5],[28.04,59.36],[27.74,59.22],[27.72,58.53],[27.97,58.39],[27.85,58.25],[28.01,58.11],[27.88,57.83],[27.97,57.83],[27.9,57.42],[27.91,56.94],[28.07,56.8],[27.96,56.66],[28.11,56.52],[27.97,56.18],[28.03,55.98],[27.44,55.57],[26.71,55.36],[26.6,55.23],[26.16,55.16],[25.77,54.89],[24.59,54.48],[24.49,54.34],[23.42,54.07],[23.04,53.73],[22.92,53.46],[22.65,53.26],[22.43,52.79],[22.29,52.25],[22.1,52.05],[22.35,51.92],[22.69,51.92],[22.67,51.71],[23,51.58],[22.88,51.25],[23.04,51.18],[23.09,50.78],[22.92,50.71],[22.95,50.11],[22.26,49.91],[22.16,49.71],[21.39,49.45],[21.8,49.38],[22.52,49.05],[22.78,49.12],[23.09,48.85],[23.83,48.72],[24.05,48.46],[24.38,48.39],[24.37,48.26],[24.69,48.13],[24.59,47.93],[24.9,47.73],[24.98,47.73],[25.08,47.86],[25.17,47.99],[26.16,48.79],[26.33,48.85],[26.7,49.12],[26.86,49.12],[27.32,49.45],[29.4,49.38],[29.8,49.25],[31.4,49.38],[35.15,49.32],[35.42,49.45],[36.09,49.45],[37.21,49.65],[37.58,49.85],[37.7,50.05],[37.87,50.05],[37.81,50.18],[37.9,50.18],[37.93,50.38],[38.23,50.58],[38.59,51.11],[38.86,51.18],[38.91,51.45],[39.11,51.98],[39.34,52.25],[39.47,53.19],[39.55,53.53],[39.36,53.8],[39.18,53.8],[39.16,54.07],[38.95,54.27],[39.12,54.61],[38.99,54.82],[39.07,55.16],[39.68,55.5],[40.65,55.5],[40.68,55.63],[41.14,55.7],[41.35,55.84],[41.59,55.77],[41.67,56.05],[42.04,56.46],[42.14,56.8],[42,56.94],[42.11,57.63],[41.97,57.77],[42.03,57.97],[41.82,58.18],[41.86,58.32],[41.63,58.46],[41.67,58.6],[41.39,58.88],[41.21,58.88],[41.02,59.16],[40.61,59.29],[40.28,59.71],[39.86,59.85],[39.74,60.07],[39.32,60.21],[39.29,60.42]]]]},"properties":{"NAME":"Kievan Rus'","C":7,"name":"Kievan Rus'","start_year":1040,"end_year":1235,"capital":"","type":"polity","region":"","event":"","source":"Cliopatria / Seshat Global History Databank (CC BY 4.0)","wikipedia":"Kievan Rus'","wikidata":"Q1108445","_a":340,"_c":[31.77,53.22],"_nz":"基辅罗斯","_sz":""}},
{"type":"Feature","geometry":{"type":"Polygon","coordinates":[[[114.3,-8.33],[114.98,-8.65],[115,-8.91],[115.34,-8.59],[115.63,-8.52],[115.61,-8.26],[115.3,-8.07],[114.36,-8.07],[114.3,-8.33]]]},"properties":{"NAME":"Early Balinese Kingdoms","C":2,"name":"Early Balinese Kingdoms","start_year":1046,"end_year":1235,"capital":"","type":"polity","region":"","event":"","source":"Cliopatria / Seshat Global History Databank (CC BY 4.0)","wikipedia":"Bali Kingdom","wikidata":"Q12491027","_a":1,"_c":[114.97,-8.49],"_nz":"早期巴厘诸王国","_sz":""}},
{"type":"Feature","geometry":{"type":"Polygon","coordinates":[[[103.46,26.45],[103.28,26.32],[102.91,26.32],[102.64,26.13],[102.19,26.13],[102.14,26.58],[101.66,26.77],[101.61,26.9],[101.7,27.87],[101.62,27.87],[101.42,28.57],[101.17,28.77],[100.66,28.83],[100.62,28.96],[100.21,28.83],[99.92,28.89],[99.74,28.77],[99.44,28.77],[99.05,28.44],[98.54,28.19],[98.47,27.93],[98.59,27.8],[98.49,27.67],[98.68,27.54],[98.68,26.9],[98.78,26.64],[98.62,25.94],[98.9,25.81],[98.87,25.68],[99.04,25.42],[99.08,25.23],[98.96,24.2],[98.67,23.81],[98.81,23.75],[98.83,23.43],[99.07,23.11],[99.57,22.98],[99.4,22.85],[99.21,22.14],[100.01,22.01],[99.97,21.76],[100.17,21.63],[100.21,21.44],[100.66,21.44],[101.08,21.76],[101.67,21.69],[101.87,21.56],[101.65,22.08],[101.72,22.46],[102.23,22.4],[102.58,22.72],[102.73,22.72],[102.98,22.46],[103.13,22.46],[103.32,22.72],[103.53,22.59],[103.77,22.72],[103.89,22.53],[104.04,22.53],[104.15,22.79],[104.52,22.72],[104.84,22.85],[104.96,23.11],[105.21,23.3],[105.5,23.24],[105.54,23.43],[105.71,23.56],[106.08,23.56],[106.28,23.81],[106.1,24.07],[105.86,23.94],[105.51,24.07],[105.48,23.94],[105.2,24.01],[105.16,24.2],[104.71,24.2],[104.59,24.33],[104.72,24.65],[104.9,24.78],[104.86,24.97],[105.05,25.16],[104.84,25.23],[104.81,25.42],[104.54,25.55],[104.74,26.13],[104.95,26.39],[104.86,26.64],[104.42,26.71],[104.32,26.58],[104.08,26.52],[103.46,26.45]]]},"properties":{"NAME":"Kingdom of Dali","C":6,"name":"Kingdom of Dali","start_year":1056,"end_year":1249,"capital":"大理","type":"dynasty","region":"china","event":"","source":"Cliopatria / Seshat Global History Databank (CC BY 4.0)","wikipedia":"Dali Kingdom","wikidata":"Q26472","_a":59,"_c":[102.38,25.2],"_nz":"大理","_sz":""}},
{"type":"Feature","geometry":{"type":"MultiPolygon","coordinates":[[[[18.03,57.56],[18.08,56.94],[18.34,56.94],[18.45,57.21],[18.91,57.42],[18.84,57.7],[19.05,57.97],[18.6,57.97],[18.23,57.83],[18.03,57.56]]],[[[16.1,56.39],[16.27,56.25],[16.63,56.39],[16.74,56.8],[17.12,57.28],[16.95,57.42],[16.76,57.08],[16.48,56.87],[16.5,57.28],[16.69,57.42],[16.63,57.9],[16.81,58.04],[16.85,58.6],[17.13,58.74],[17.49,58.74],[17.5,58.88],[17.95,58.88],[18.14,59.09],[18.41,59.09],[18.35,59.43],[18.63,59.5],[19.01,59.71],[19.03,60],[18.61,60.42],[18.07,60.49],[17.99,60.63],[17.62,60.63],[17.45,60.77],[16.99,60.77],[16.8,60.63],[16.33,60.56],[15.97,60.63],[15.51,60.56],[14.32,60.63],[13.6,60.91],[12.87,61.34],[12.68,61.12],[12.31,60.98],[12.31,60.77],[12.58,60.49],[12.38,60.07],[11.92,59.92],[12.01,59.43],[12,58.88],[12.09,58.88],[12.16,58.18],[11.89,57.97],[11.71,57.97],[11.8,57.63],[11.98,57.77],[12.33,57.77],[12.59,57.49],[13.12,57.14],[13.46,56.59],[15.93,56.52],[16.1,56.39]]]]},"properties":{"NAME":"Kingdom of Sweden","C":0,"name":"Kingdom of Sweden","start_year":1056,"end_year":1205,"capital":"","type":"polity","region":"","event":"","source":"Cliopatria / Seshat Global History Databank (CC BY 4.0)","wikipedia":"Sweden","wikidata":"Q34","_a":37,"_c":[15.38,58.8],"_nz":"瑞典王国","_sz":""}},
{"type":"Feature","geometry":{"type":"Polygon","coordinates":[[[81.25,8.51],[81.23,8.64],[80.81,9.31],[80.27,9.83],[79.88,9.78],[79.77,9.58],[80.02,9.61],[80.18,9.48],[80.04,9.39],[80.06,9.1],[79.71,9.12],[79.93,8.82],[79.61,7.87],[79.74,7.68],[79.71,7.04],[79.78,7.04],[79.76,6.65],[79.95,6.14],[80.23,5.88],[80.89,5.94],[81.34,6.14],[81.88,6.71],[81.92,7.42],[81.77,7.49],[81.79,7.68],[81.64,7.74],[81.65,7.94],[81.51,8],[81.4,8.51],[81.25,8.51]]]},"properties":{"NAME":"Kingdom of Polonnaruwa","C":0,"name":"Kingdom of Polonnaruwa","start_year":1072,"end_year":1249,"capital":"","type":"polity","region":"","event":"","source":"Cliopatria / Seshat Global History Databank (CC BY 4.0)","wikipedia":"Kingdom of Polonnaruwa","wikidata":"Q3167772","_a":9,"_c":[80.77,7.86],"_nz":"波隆纳鲁沃王国","_sz":""}},
{"type":"Feature","geometry":{"type":"Polygon","coordinates":[[[9.27,40.03],[9.11,40.23],[8.4,40.16],[8.32,40.03],[8.48,39.9],[8.41,39.58],[8.96,39.64],[9.27,40.03]]]},"properties":{"NAME":"Giudicato of Arborea","C":6,"name":"Giudicato of Arborea","start_year":1072,"end_year":1325,"capital":"","type":"polity","region":"","event":"","source":"Cliopatria / Seshat Global History Databank (CC BY 4.0)","wikipedia":"Judicate of Arborea","wikidata":"Q1241847","_a":1,"_c":[8.8,39.91],"_nz":"阿尔博雷亚王国","_sz":""}},
{"type":"Feature","geometry":{"type":"Polygon","coordinates":[[[37.21,49.65],[37.59,49.91],[37.61,49.98],[37.79,50.05],[38.02,50.38],[38.56,50.98],[38.6,51.18],[38.19,51.25],[38.05,51.38],[37.71,51.38],[36.45,50.98],[35.9,51.18],[35.22,51.18],[34.24,50.91],[33.57,50.91],[33.09,51.11],[33.03,51.25],[32.44,51.25],[32,51.11],[31.85,51.25],[31.44,51.31],[30.59,51.31],[30.69,50.85],[30.86,50.85],[30.87,50.38],[31.17,50.11],[31.11,49.71],[31.43,49.58],[31.57,49.38],[35.41,49.38],[37.21,49.65]]]},"properties":{"NAME":"Principality of Pereyaslavl","C":1,"name":"Principality of Pereyaslavl","start_year":1072,"end_year":1235,"capital":"","type":"polity","region":"","event":"","source":"Cliopatria / Seshat Global History Databank (CC BY 4.0)","wikipedia":"Principality of Pereyaslavl","wikidata":"Q1261908","_a":16,"_c":[34.6,50.38],"_nz":"佩列亚斯拉夫尔公国","_sz":""}},
{"type":"Feature","geometry":{"type":"Polygon","coordinates":[[[51.21,54.68],[51.61,54.82],[51.57,54.95],[51.9,55.16],[51.91,55.43],[52.03,55.77],[51.97,55.84],[51.38,55.91],[51.08,56.05],[50.57,56.11],[49.99,56.46],[49.22,56.52],[48.6,56.52],[48.33,56.25],[47.82,54.95],[48.17,54.68],[49.02,54.61],[49,54.55],[51.21,54.68]]]},"properties":{"NAME":"Volga Bulgaria","C":2,"name":"Volga Bulgaria","start_year":1072,"end_year":1226,"capital":"","type":"polity","region":"","event":"","source":"Cliopatria / Seshat Global History Databank (CC BY 4.0)","wikipedia":"Volga Bulgaria","wikidata":"Q185488","_a":9,"_c":[49.93,55.57],"_nz":"伏尔加保加利亚","_sz":""}},
{"type":"Feature","geometry":{"type":"Polygon","coordinates":[[[16.52,11.34],[16.67,11.6],[16.67,11.99],[16.53,12.11],[16.46,12.37],[16.24,12.56],[15.95,12.69],[15.51,12.69],[15.21,12.44],[15.14,12.31],[15.21,12.11],[15.06,12.05],[15.06,11.86],[15.28,11.79],[15.79,11.28],[16.22,11.21],[16.52,11.34]]]},"properties":{"NAME":"Empire of Kanem","C":3,"name":"Empire of Kanem","start_year":1072,"end_year":1374,"capital":"","type":"polity","region":"","event":"","source":"Cliopatria / Seshat Global History Databank (CC BY 4.0)","wikipedia":"Kanem-Bornu Empire","wikidata":"Q1139762","_a":2,"_c":[15.87,11.95],"_nz":"卡涅姆帝国","_sz":""}},
{"type":"Feature","geometry":{"type":"MultiPolygon","coordinates":[[[[-48.61,61.19],[-48.11,61.12],[-48.04,60.84],[-47.73,60.77],[-47.53,60.91],[-47.74,61.12],[-47.45,61.26],[-48.67,62.26],[-49.27,62.33],[-49.14,62.12],[-49.57,62.05],[-49.23,61.48],[-48.68,61.48],[-48.61,61.19]]],[[[-50.03,62.98],[-50.53,63.34],[-50.52,63.48],[-51.23,63.41],[-51.01,63.19],[-50.72,63.19],[-50.37,62.76],[-50.04,62.83],[-50.03,62.98]]],[[[-51.42,63.55],[-50.61,63.62],[-50.04,63.77],[-49.51,63.99],[-49.5,64.28],[-49.35,64.35],[-49.72,64.93],[-50.14,65.15],[-50.91,65.15],[-50.91,65],[-51.3,64.86],[-51.16,64.64],[-52.25,64.71],[-52.02,64.2],[-51.74,64.2],[-51.42,63.55]]]]},"properties":{"NAME":"Norse Greenland","C":9,"name":"Norse Greenland","start_year":1072,"end_year":1271,"capital":"","type":"polity","region":"","event":"","source":"Cliopatria / Seshat Global History Databank (CC BY 4.0)","wikipedia":"Norse colonization of North America","wikidata":"Q582948","_a":21,"_c":[-49.83,62.96],"_nz":"诺斯格陵兰","_sz":""}},
{"type":"Feature","geometry":{"type":"Polygon","coordinates":[[[8.95,41.13],[8.55,40.87],[8.15,40.94],[8.16,40.55],[8.32,40.48],[8.4,40.16],[9.11,40.23],[9.27,40.03],[9.43,40.23],[9.27,40.42],[9.43,40.68],[9.19,40.68],[9.34,40.94],[9.03,41],[8.95,41.13]]]},"properties":{"NAME":"Giudicato of Logudoro","C":7,"name":"Giudicato of Logudoro","start_year":1072,"end_year":1249,"capital":"","type":"polity","region":"","event":"","source":"Cliopatria / Seshat Global History Databank (CC BY 4.0)","wikipedia":"Judicate of Logudoro","wikidata":"Q1761381","_a":1,"_c":[8.79,40.58],"_nz":"洛古多罗王国","_sz":""}},
{"type":"Feature","geometry":{"type":"Polygon","coordinates":[[[38.6,51.18],[38.77,51.18],[38.97,51.71],[38.86,51.98],[38.75,52.65],[38.73,53.33],[38.64,53.33],[38.68,53.87],[38.59,53.87],[38.94,54.95],[39.19,55.29],[39.47,55.36],[39.61,55.57],[39.91,55.7],[39.86,55.84],[39,55.91],[37.84,55.5],[37.81,55.36],[36.65,55.23],[36.5,54.95],[35.95,54.82],[35.92,54.68],[35.32,54.34],[35.3,54.21],[35.01,54.07],[34.78,53.8],[33.91,54.21],[33.47,54.14],[33.37,54.07],[32.82,53.46],[32.16,53.12],[31.24,53.26],[30.04,53.26],[29.96,52.79],[30.21,52.72],[30.17,52.45],[30.47,52.18],[30.44,51.98],[30.58,51.85],[30.59,51.31],[31.44,51.31],[31.85,51.25],[32,51.11],[32.44,51.25],[33.03,51.25],[33.09,51.11],[33.57,50.91],[34.24,50.91],[35.22,51.18],[35.9,51.18],[36.45,50.98],[37.71,51.38],[38.05,51.38],[38.19,51.25],[38.6,51.18]]]},"properties":{"NAME":"Principality of Chernigov","C":4,"name":"Principality of Chernigov","start_year":1094,"end_year":1235,"capital":"","type":"polity","region":"","event":"","source":"Cliopatria / Seshat Global History Databank (CC BY 4.0)","wikipedia":"Principality of Chernigov","wikidata":"Q1322662","_a":50,"_c":[34.94,53.41],"_nz":"切尔尼戈夫公国","_sz":""}},
{"type":"Feature","geometry":{"type":"Polygon","coordinates":[[[-2.11,55.91],[-2.66,56.11],[-2.79,56.52],[-2.53,56.59],[-2.21,56.87],[-2.08,57.28],[-1.82,57.42],[-1.85,57.7],[-2.04,57.77],[-2.84,57.77],[-3.99,57.7],[-4.11,57.9],[-4.82,57.83],[-5.26,57.83],[-5.46,57.97],[-5.73,57.97],[-5.95,57.63],[-5.7,57.14],[-5.95,57.01],[-5.98,56.59],[-5.44,56.52],[-5.68,56.39],[-5.79,55.84],[-5,55.84],[-4.79,55.57],[-4.31,55.23],[-3.58,54.95],[-3.4,54.95],[-3.14,54.95],[-2.56,55.23],[-2.24,55.5],[-2.27,55.77],[-2.11,55.91]]]},"properties":{"NAME":"Kingdom of Alba","C":2,"name":"Kingdom of Alba","start_year":1099,"end_year":1235,"capital":"","type":"polity","region":"","event":"","source":"Cliopatria / Seshat Global History Databank (CC BY 4.0)","wikipedia":"Kingdom of Alba","wikidata":"Q1991742","_a":13,"_c":[-3.9,56.46],"_nz":"阿尔巴王国","_sz":""}},
{"type":"Feature","geometry":{"type":"MultiPolygon","coordinates":[[[[-4.07,52.45],[-4.16,52.45],[-4.64,52.18],[-4.62,51.98],[-4.19,51.98],[-4.26,51.85],[-4,51.78],[-3.85,51.98],[-3.88,52.25],[-3.89,52.32],[-4.07,52.45]]],[[[-4.79,55.57],[-4.78,55.5],[-5.33,55.02],[-5.11,54.68],[-4.95,54.82],[-4.42,54.75],[-3.57,54.89],[-3.58,54.95],[-4.31,55.23],[-4.79,55.57]]]]},"properties":{"NAME":"Brythons","C":11,"name":"Brythons","start_year":1099,"end_year":1226,"capital":"","type":"polity","region":"","event":"","source":"Cliopatria / Seshat Global History Databank (CC BY 4.0)","wikipedia":"Celtic Britons","wikidata":"Q849967","_a":7,"_c":[-4.45,53.71],"_nz":"布立吞人","_sz":""}},
{"type":"Feature","geometry":{"type":"Polygon","coordinates":[[[38.97,51.71],[39.32,51.78],[40.02,52.25],[41.03,54.27],[42.23,55.84],[42.21,56.11],[42.06,56.18],[42.04,56.46],[42.06,56.52],[40.33,56.32],[40.15,55.98],[39.86,55.84],[39.91,55.7],[39.61,55.57],[39.47,55.36],[39.19,55.29],[38.94,54.95],[38.59,53.87],[38.68,53.87],[38.64,53.33],[38.73,53.33],[38.75,52.65],[38.86,51.98],[38.97,51.71]]]},"properties":{"NAME":"Principality of Ryazan","C":2,"name":"Principality of Ryazan","start_year":1099,"end_year":1226,"capital":"","type":"polity","region":"","event":"","source":"Cliopatria / Seshat Global History Databank (CC BY 4.0)","wikipedia":"Principality of Ryazan","wikidata":"Q269109","_a":18,"_c":[40.42,54.12],"_nz":"梁赞公国","_sz":""}},
{"type":"Feature","geometry":{"type":"Polygon","coordinates":[[[24.69,56.66],[24.65,56.39],[24.83,56.39],[24.98,56.18],[25.42,56.18],[25.62,56.39],[25.45,56.39],[25.13,56.66],[24.69,56.66]]]},"properties":{"NAME":"Principality of Koknese","C":7,"name":"Principality of Koknese","start_year":1111,"end_year":1205,"capital":"","type":"polity","region":"","event":"","source":"Cliopatria / Seshat Global History Databank (CC BY 4.0)","wikipedia":"Principality of Koknese","wikidata":"Q2502248","_a":0,"_c":[25.11,56.42],"_nz":"科克内塞公国","_sz":""}},
{"type":"Feature","geometry":{"type":"Polygon","coordinates":[[[29.96,53.33],[30.39,53.87],[30.48,54.41],[30.41,54.48],[30.81,54.82],[30.84,54.95],[29.46,55.09],[29.04,54.61],[28.5,53.33],[29.51,53.19],[29.77,53.19],[29.96,53.33]]]},"properties":{"NAME":"Principality of Drutsk","C":10,"name":"Principality of Drutsk","start_year":1111,"end_year":1240,"capital":"","type":"polity","region":"","event":"","source":"Cliopatria / Seshat Global History Databank (CC BY 4.0)","wikipedia":"Principality of Drutsk","wikidata":"Q2596884","_a":4,"_c":[29.67,54.14],"_nz":"德鲁茨克公国","_sz":""}},
{"type":"Feature","geometry":{"type":"Polygon","coordinates":[[[73.81,24.63],[73.36,25.34],[73.21,25.66],[72.16,26.24],[71.97,26.28],[71.48,26.11],[70.63,26.62],[70.4,26.59],[70.26,26.3],[70.12,25.34],[69.69,24.63],[69.12,24.06],[68.08,23.69],[68.56,23.19],[68.93,22.21],[70.46,20.75],[70.84,20.63],[72.13,21.19],[72.31,21.54],[72.27,21.9],[72.44,22.3],[72.52,22.02],[72.73,22.35],[73.42,22.89],[73.64,23.26],[74.07,23.31],[74.13,24.37],[73.81,24.63]]]},"properties":{"NAME":"Chaulukya Dynasty","C":5,"name":"Chaulukya Dynasty","start_year":1111,"end_year":1201,"capital":"","type":"polity","region":"","event":"","source":"Cliopatria / Seshat Global History Databank (CC BY 4.0)","wikipedia":"Chaulukya dynasty","wikidata":"Q18211496","_a":36,"_c":[71.1,23.63],"_nz":"遮卢迦王朝","_sz":""}},
{"type":"Feature","geometry":{"type":"Polygon","coordinates":[[[27.97,56.18],[28.15,56.18],[28.12,56.59],[27.88,56.73],[27.9,56.87],[27.81,56.87],[27.66,57.01],[26.35,57.14],[26.37,57.28],[25.93,57.35],[25.39,57.28],[25.27,57.08],[24.83,57.08],[24.9,56.94],[24.62,56.8],[24.69,56.66],[25.13,56.66],[25.45,56.39],[25.62,56.39],[26.19,56.05],[26,55.91],[26.5,55.7],[26.87,55.84],[27.29,55.77],[27.47,55.77],[27.97,56.18]]]},"properties":{"NAME":"Principality of Jersika","C":6,"name":"Principality of Jersika","start_year":1111,"end_year":1205,"capital":"","type":"polity","region":"","event":"","source":"Cliopatria / Seshat Global History Databank (CC BY 4.0)","wikipedia":"Principality of Jersika","wikidata":"Q1687929","_a":6,"_c":[26.4,56.53],"_nz":"耶尔西卡公国","_sz":""}},
{"type":"Feature","geometry":{"type":"Polygon","coordinates":[[[-96.86,20.34],[-97.15,20.34],[-97.35,20.21],[-97.22,19.89],[-97.26,19.7],[-97.04,19.7],[-97.01,19.57],[-96.72,19.57],[-96.62,19.83],[-96.38,19.76],[-96.61,20.21],[-96.83,20.21],[-96.86,20.34]]]},"properties":{"NAME":"Classic Veracruz Culture","C":10,"name":"Classic Veracruz Culture","start_year":1111,"end_year":1226,"capital":"","type":"polity","region":"","event":"","source":"Cliopatria / Seshat Global History Databank (CC BY 4.0)","wikipedia":"Classic Veracruz culture","wikidata":"Q2379418","_a":1,"_c":[-96.86,19.99],"_nz":"古典韦拉克鲁斯文化","_sz":""}},
{"type":"Feature","geometry":{"type":"Polygon","coordinates":[[[35.29,17.96],[35.16,18.22],[34.94,18.29],[34.88,18.61],[34.6,18.93],[34.47,19.38],[34.26,19.64],[33.82,21.63],[33.88,23.17],[33.82,23.49],[33.68,23.69],[33.39,23.81],[32.04,23.69],[31.67,23.75],[30.54,23.36],[30.74,22.85],[30.72,22.27],[30.64,21.95],[30.69,21.31],[30.76,21.31],[30.74,20.79],[30.82,20.79],[30.91,19.31],[30.99,19.31],[31.1,18.29],[31.54,18.16],[33.24,18.29],[34.12,18.03],[34.48,18.03],[34.63,17.9],[35.29,17.96]]]},"properties":{"NAME":"Makuria","C":8,"name":"Makuria","start_year":1111,"end_year":1278,"capital":"","type":"polity","region":"","event":"","source":"Cliopatria / Seshat Global History Databank (CC BY 4.0)","wikipedia":"Makuria","wikidata":"Q829356","_a":28,"_c":[32.92,20.85],"_nz":"马库里亚","_sz":""}},
{"type":"Feature","geometry":{"type":"Polygon","coordinates":[[[42.14,56.8],[42.45,56.94],[42.59,57.14],[43.03,57.42],[43,57.63],[43.2,57.7],[43.54,58.53],[43.96,59.02],[45.68,59.85],[46.02,60.56],[46.39,61.62],[46.25,61.76],[44.63,61.9],[44.28,61.69],[43.43,61.62],[43.01,60.91],[42.2,60.07],[41.64,59.71],[41.6,59.57],[40.79,59.29],[40.61,59.29],[40.28,59.71],[39.86,59.85],[39.74,60.07],[39.32,60.21],[39.29,60.42],[38.38,60.77],[38.32,60.91],[36.74,60.84],[35.85,60.56],[35.73,60.07],[35.91,59.71],[35.9,59.29],[36.03,59.09],[36.45,58.95],[36.42,58.46],[36.55,58.25],[36.11,56.73],[35.53,56.52],[35.21,56.66],[35.13,56.32],[34.91,56.11],[34.96,55.91],[35.89,55.77],[36.37,55.57],[36.65,55.23],[37.81,55.36],[37.84,55.5],[39,55.91],[39.86,55.84],[40.15,55.98],[40.33,56.32],[42.06,56.52],[42.14,56.8]]]},"properties":{"NAME":"Principality of Rostov-Suzdal","C":2,"name":"Principality of Rostov-Suzdal","start_year":1126,"end_year":1226,"capital":"","type":"polity","region":"","event":"","source":"Cliopatria / Seshat Global History Databank (CC BY 4.0)","wikipedia":"Vladimir-Suzdal","wikidata":"Q83546","_a":77,"_c":[40.63,58.57],"_nz":"罗斯托夫-苏兹达尔公国","_sz":""}},
{"type":"Feature","geometry":{"type":"MultiPolygon","coordinates":[[[[110.18,18.48],[110.51,18.67],[110.68,19.25],[110.85,19.38],[110.88,19.57],[111.03,19.57],[111.09,19.89],[110.91,20.15],[110.61,20.15],[110.59,20.02],[110.16,20.09],[109.25,19.96],[109.2,19.7],[108.7,19.38],[108.64,18.54],[108.76,18.41],[109.12,18.35],[109.25,18.22],[109.84,18.22],[109.86,18.35],[110.18,18.48]]],[[[108.1,21.5],[108.56,21.56],[108.65,21.69],[109.09,21.63],[109.12,21.37],[109.81,21.5],[109.87,21.44],[109.7,20.86],[109.79,20.54],[109.93,20.47],[109.88,20.21],[110.49,20.28],[110.62,20.6],[110.36,20.86],[110.48,21.11],[110.72,21.18],[110.74,21.31],[110.98,21.44],[111.66,21.5],[111.86,21.76],[112.44,21.69],[112.77,21.89],[113.07,21.89],[113.11,22.08],[113.32,22.01],[113.42,22.14],[113.64,22.14],[113.7,22.46],[113.6,22.72],[113.75,22.72],[113.79,22.53],[114,22.46],[114,22.08],[114.37,22.08],[114.53,22.14],[114.64,22.72],[114.75,22.53],[114.9,22.53],[115.17,22.79],[115.37,22.66],[115.67,22.66],[115.7,22.79],[116.54,22.91],[116.59,23.17],[116.81,23.17],[116.78,23.36],[116.89,23.56],[117.18,23.49],[117.47,23.81],[117.69,23.81],[117.72,23.94],[118.08,24.2],[118.15,24.52],[118.76,24.59],[118.82,24.84],[119.07,24.97],[119.03,25.1],[119.34,25.16],[119.47,25.36],[119.87,25.49],[119.9,25.62],[119.53,25.62],[119.78,26],[119.59,26.13],[119.94,26.32],[119.84,26.52],[120.16,26.58],[120.25,26.9],[120.39,27.16],[120.55,27.16],[120.73,27.54],[120.71,27.74],[120.87,27.99],[121.15,28.19],[121.65,28.32],[121.71,28.77],[121.71,29.22],[121.94,29.22],[122.03,29.92],[121.62,30.05],[121.48,30.31],[121.1,30.31],[120.81,30.12],[120.68,30.18],[121.05,30.56],[121.2,30.56],[121.52,30.82],[121.9,30.82],[122,31.08],[121.74,31.4],[121.91,31.46],[121.84,31.66],[121.99,31.85],[121.78,32.11],[121.5,32.17],[121.4,32.49],[120.92,32.62],[120.93,33.2],[120.55,33.59],[120.49,34.16],[120.34,34.36],[119.73,34.55],[118.82,34.04],[116.81,33.26],[116.2,33.26],[115.89,33.07],[115.38,33.14],[114.54,32.94],[113.55,32.94],[111.75,33.26],[111.54,33.52],[111.26,33.59],[111.16,33.91],[110.8,33.97],[110.46,33.91],[110.13,33.65],[109.75,33.65],[109.22,33.46],[108.68,33.46],[108.34,33.59],[107.09,33.71],[106.85,33.91],[106.26,33.97],[106.23,34.1],[105.58,34.42],[105.25,34.36],[105.02,34.16],[104.64,34.16],[104.01,34.55],[103.5,34.61],[103.53,34.49],[103.36,34.23],[103.49,33.97],[103.21,33.39],[102.55,33.26],[101.76,32.75],[101.69,32.75],[100.98,31.01],[101.06,31.01],[100.92,30.56],[100.96,30.18],[101.06,29.99],[101.06,29.47],[101.2,29.41],[101.24,29.02],[101.44,28.64],[101.42,28.57],[101.62,27.87],[101.7,27.87],[101.61,26.9],[101.66,26.77],[102.14,26.58],[102.19,26.13],[102.64,26.13],[102.91,26.32],[103.28,26.32],[103.46,26.45],[103.48,26.52],[103.29,27.61],[103.64,27.8],[103.96,28.19],[103.86,28.38],[103.99,28.57],[104.64,28.44],[104.26,27.87],[104.43,27.67],[104.62,27.8],[105.13,27.74],[105.51,28.06],[105.52,28.38],[106.14,28.44],[106.24,28.25],[106.18,27.74],[106.46,27.35],[106.61,27.35],[106.9,27.03],[107.91,26.84],[107.97,26.45],[108.25,26.39],[108.34,26.13],[107.86,23.88],[107.45,23.69],[106.7,23.69],[106.28,23.81],[106.08,23.56],[105.71,23.56],[105.54,23.43],[105.5,23.24],[105.75,22.98],[106.2,22.98],[106.33,22.85],[106.71,22.91],[106.77,22.85],[106.61,22.34],[106.71,22.08],[107.24,21.69],[107.46,21.69],[107.59,21.56],[107.97,21.63],[108.1,21.5]]],[[[122.27,30.18],[122.05,30.18],[121.98,29.99],[122.28,29.99],[122.27,30.18]]]]},"properties":{"NAME":"Southern Song","C":5,"name":"Southern Song","start_year":1139,"end_year":1240,"capital":"临安（今杭州）","type":"dynasty","region":"china","event":"","source":"Cliopatria / Seshat Global History Databank (CC BY 4.0)","wikipedia":"Song dynasty","wikidata":"Q7462","_a":350,"_c":[111.6,26.42],"_nz":"南宋","_sz":""}},
{"type":"Feature","geometry":{"type":"Polygon","coordinates":[[[112.58,40.94],[111.27,40.87],[110.87,41],[109.79,41.07],[108.67,40.74],[107.41,40.61],[103.96,40.68],[103.64,41],[103.71,41.13],[103.24,41.78],[102.83,41.91],[102.97,42.04],[102.03,42.24],[101.72,42.56],[101.11,42.63],[98.1,42.69],[97.4,41.91],[96.45,40.36],[96.52,40.36],[96.21,39.26],[96.23,39.13],[96.52,39.06],[96.62,38.93],[96.97,39],[97.72,38.55],[98.4,38.48],[98.58,38.35],[100.15,38.35],[100.41,38.22],[100.8,38.22],[100.74,38.09],[102.07,38.09],[102.05,38.03],[104,37.84],[103.97,37.77],[104.62,37.64],[105.43,37.9],[106.16,37.96],[106.82,38.55],[107.44,38.55],[107.51,38.35],[107.9,38.35],[107.97,38.16],[108.75,37.96],[108.84,37.84],[110.4,38.16],[110.67,38.42],[111.02,38.48],[111.16,38.93],[111.52,39.19],[111.39,39.26],[111.68,39.84],[112.48,40.61],[112.58,40.94]]]},"properties":{"NAME":"Western Xia","C":6,"name":"Western Xia","start_year":1139,"end_year":1205,"capital":"兴庆府（今银川）","type":"dynasty","region":"china","event":"","source":"Cliopatria / Seshat Global History Databank (CC BY 4.0)","wikipedia":"Western Xia","wikidata":"Q7427","_a":83,"_c":[104.4,40.17],"_nz":"西夏","_sz":""}},
{"type":"Feature","geometry":{"type":"Polygon","coordinates":[[[-1.83,41.91],[-1.43,41.91],[-1.46,42.37],[-0.86,42.95],[-0.96,43.34],[-1.69,43.34],[-3.14,43.41],[-3.19,43.08],[-3.03,43.02],[-3.01,42.76],[-3.16,42.69],[-2.98,42.43],[-3.05,42.3],[-2.08,42.11],[-1.83,41.91]]]},"properties":{"NAME":"Kingdom of Navarre","C":11,"name":"Kingdom of Navarre","start_year":1139,"end_year":1201,"capital":"","type":"polity","region":"","event":"","source":"Cliopatria / Seshat Global History Databank (CC BY 4.0)","wikipedia":"Kingdom of Navarre","wikidata":"Q200262","_a":3,"_c":[-2.02,42.66],"_nz":"纳瓦拉王国","_sz":""}},
{"type":"Feature","geometry":{"type":"MultiPolygon","coordinates":[[[[108.18,-2.67],[108.03,-2.54],[107.52,-2.54],[107.45,-2.61],[107.47,-3.19],[108.12,-3.19],[108.18,-2.67]]],[[[106.58,-2.86],[106.72,-2.61],[106.21,-2.41],[105.97,-1.51],[105.6,-1.51],[105.6,-1.64],[105.24,-1.51],[105.24,-1.84],[104.96,-1.96],[105.11,-2.16],[105.62,-2.16],[105.77,-2.41],[105.78,-2.8],[106.45,-3.19],[106.81,-3.06],[106.8,-2.86],[106.58,-2.86]]],[[[101.69,1.76],[101.7,2.09],[101.33,2.09],[101.26,2.02],[100.91,2.34],[100.69,2.34],[100.68,2.15],[100.39,2.21],[100.26,2.6],[99.83,2.73],[99.6,2.34],[99.49,1.44],[99.77,0.99],[99.68,0.54],[99.83,0.61],[99.96,0.29],[100.63,-0.36],[100.93,-1],[101.08,-1.06],[101.38,-1.58],[101.39,-1.84],[101.53,-1.77],[101.77,-2.54],[101.7,-2.67],[101.93,-3.12],[101.87,-3.57],[102.1,-3.7],[102.18,-4.02],[102.63,-4.41],[103.76,-5.18],[103.76,-5.31],[104,-5.56],[104.14,-5.56],[104.3,-5.89],[104.6,-5.95],[104.51,-5.56],[104.81,-5.76],[105.17,-5.76],[105.23,-5.56],[105.39,-5.82],[105.69,-5.89],[105.78,-4.73],[105.85,-4.73],[105.76,-4.15],[105.89,-3.96],[105.73,-3.57],[105.95,-3.38],[106.01,-3.06],[105.64,-2.8],[105.48,-2.35],[104.82,-2.29],[104.81,-2.03],[104.52,-1.96],[104.36,-1.19],[104.21,-1],[103.62,-1],[103.33,-0.74],[103.32,-0.42],[103.61,-0.36],[103.61,-0.23],[103.75,-0.04],[103.74,0.16],[103.32,0.54],[103.1,0.54],[102.95,0.41],[102.96,0.8],[103.11,0.93],[102.83,1.12],[102.39,1.12],[102.41,1.57],[101.68,1.64],[101.69,1.76]]],[[[104.34,0.03],[104.34,-0.29],[104.12,-0.36],[104.13,-0.61],[104.42,-0.68],[104.49,-0.36],[104.92,-0.36],[104.92,-0.23],[104.55,0.03],[104.34,0.03]]],[[[103.18,0.86],[103.18,0.67],[103.39,0.67],[103.4,0.86],[103.18,0.86]]],[[[104.21,1.19],[104.13,0.93],[104.28,0.93],[104.34,0.8],[104.49,0.8],[104.57,1.12],[104.21,1.19]]],[[[103.92,1.25],[103.77,1.12],[103.77,0.93],[104.06,0.99],[104.07,1.19],[103.92,1.25]]],[[[100.38,4.98],[100.51,4.79],[100.48,4.21],[100.81,3.56],[101.23,3.18],[101.22,2.79],[101.43,2.6],[101.72,2.54],[101.71,2.41],[101.99,2.15],[102.35,2.09],[102.63,1.76],[103.06,1.64],[103.28,1.44],[103.27,1.31],[103.56,1.38],[103.63,1.25],[103.85,1.25],[103.93,1.38],[104.22,1.38],[104.23,1.7],[103.95,2.09],[103.83,2.54],[103.4,2.86],[103.37,3.63],[103.48,4.46],[103.36,4.91],[103.17,5.36],[102.2,6.26],[101.98,6.26],[101.8,5.75],[101.45,5.94],[101.22,5.69],[101,5.69],[100.91,5.36],[100.53,5.17],[100.38,4.98]]]]},"properties":{"NAME":"Srivijaya","C":8,"name":"Srivijaya","start_year":1139,"end_year":1201,"capital":"","type":"polity","region":"","event":"","source":"Cliopatria / Seshat Global History Databank (CC BY 4.0)","wikipedia":"Srivijaya","wikidata":"Q234197","_a":106,"_c":[103.84,0.15],"_nz":"三佛齐","_sz":""}},
{"type":"Feature","geometry":{"type":"Polygon","coordinates":[[[127.48,39.32],[127.67,39.64],[127.58,39.77],[127.93,39.97],[128.37,40.03],[128.68,40.29],[129.08,40.42],[129.24,40.68],[129.76,40.87],[129.88,41.2],[129.69,41.52],[129.78,41.78],[130.32,42.24],[130.61,42.3],[130.9,42.63],[131.23,42.63],[131.75,43.28],[131.78,43.08],[132.1,43.08],[132.21,42.89],[133.27,42.69],[134.22,43.02],[135.28,43.6],[135.99,44.45],[136.15,44.45],[136.72,45.1],[137.86,45.96],[138.43,46.68],[138.42,46.87],[138.63,47.14],[138.9,47.27],[139.36,47.93],[140.02,48.32],[140.25,48.59],[140.19,48.72],[140.35,49.18],[140.59,49.65],[140.44,49.85],[140.74,50.18],[140.49,50.18],[140.42,50.38],[140.61,50.85],[136.57,49.05],[135.15,48.65],[134.6,48.39],[134.33,48.46],[133.48,48.13],[132.98,48.13],[132.47,47.8],[132.09,47.73],[132.07,47.6],[131.37,47.33],[129.99,47.47],[130.04,47.53],[126.39,47.73],[124.52,47.53],[122.37,47.07],[120.3,46.81],[120.09,46.74],[118.93,45.37],[116.52,43.34],[115.21,42.5],[114.7,42.3],[114.43,41.98],[113.39,41.26],[112.66,40.94],[112.58,40.94],[112.48,40.61],[111.68,39.84],[111.39,39.26],[111.52,39.19],[111.16,38.93],[111.02,38.48],[110.67,38.42],[110.4,38.16],[108.84,37.84],[108.75,37.96],[107.97,38.16],[107.9,38.35],[107.51,38.35],[107.44,38.55],[106.82,38.55],[106.16,37.96],[105.43,37.9],[104.62,37.64],[104.74,37.38],[105.08,37.45],[105.8,37.13],[105.7,36.87],[105.88,36.74],[105.82,36.61],[106.08,36.29],[105.74,35.84],[104,35.32],[103.67,35.07],[103.5,34.61],[104.01,34.55],[104.64,34.16],[105.02,34.16],[105.25,34.36],[105.58,34.42],[106.23,34.1],[106.26,33.97],[106.85,33.91],[107.09,33.71],[108.34,33.59],[108.68,33.46],[109.22,33.46],[109.75,33.65],[110.13,33.65],[110.46,33.91],[110.8,33.97],[111.16,33.91],[111.26,33.59],[111.54,33.52],[111.75,33.26],[113.55,32.94],[114.54,32.94],[115.38,33.14],[115.89,33.07],[116.2,33.26],[116.81,33.26],[118.82,34.04],[119.73,34.55],[119.46,34.81],[119.23,34.81],[119.62,35.52],[119.99,35.64],[120.32,36.03],[120.66,36.1],[120.73,36.42],[120.96,36.42],[120.98,36.61],[121.21,36.61],[121.91,36.93],[122.15,36.93],[122.16,36.8],[122.5,36.87],[122.44,37.06],[122.71,37.45],[122.12,37.51],[121.5,37.51],[121.48,37.64],[121.17,37.64],[121.11,37.84],[120.75,37.9],[120.19,37.71],[120.2,37.58],[119.83,37.45],[119.7,37.19],[119.16,37.19],[118.98,37.32],[119.24,37.84],[119.46,37.96],[118.77,38.16],[118.58,38.09],[118.07,38.16],[118.05,38.29],[117.77,38.35],[117.6,38.48],[117.58,38.74],[117.78,39.13],[118.06,39.06],[118.45,39.06],[118.99,39.19],[119.22,39.32],[119.38,39.77],[120.5,40.23],[120.65,40.48],[121,40.68],[121.11,40.87],[121.82,40.87],[121.83,40.74],[122.11,40.68],[122.23,40.48],[121.78,39.97],[121.5,39.9],[121.44,39.64],[121.21,39.51],[121.3,39.38],[121.69,39.38],[121.52,39.06],[121.2,39.06],[121.03,38.74],[121.42,38.74],[121.72,39],[122.07,39.06],[122.17,39.26],[122.51,39.45],[123.6,39.84],[124.03,39.77],[124.34,39.9],[124.51,39.64],[124.86,39.71],[124.87,39.58],[125.31,39.51],[125.35,39.32],[126.77,39.45],[126.73,39.38],[127.48,39.32]]]},"properties":{"NAME":"Great Jin","C":4,"name":"Great Jin","start_year":1139,"end_year":1205,"capital":"中都（今北京）","type":"dynasty","region":"china","event":"","source":"Cliopatria / Seshat Global History Databank (CC BY 4.0)","wikipedia":"Jin dynasty (1115-1234)","wikidata":"Q5066","_a":667,"_c":[122.12,41.9],"_nz":"金","_sz":""}},
{"type":"Feature","geometry":{"type":"Polygon","coordinates":[[[47.73,41.26],[47.84,41],[47.72,40.81],[47.24,40.74],[46.8,40.94],[46.32,40.94],[45.85,40.55],[45.88,40.29],[46.28,40.29],[46.87,40.48],[46.94,40.42],[46.8,40.1],[47,39.9],[47.31,39.9],[47.4,39.51],[47.9,39.64],[48.09,39.84],[48.72,39.84],[48.78,39.71],[49,39.64],[49.03,39.38],[49.18,39.32],[49.27,39.38],[49.51,40.23],[49.69,40.36],[50.26,40.42],[50.05,40.55],[49.51,40.61],[49.24,40.87],[49.27,41],[49.06,41.13],[49.09,41.26],[48.56,41.78],[48.48,41.78],[48.28,41.59],[48.12,41.59],[47.81,41.26],[47.73,41.26]]]},"properties":{"NAME":"Shirvan","C":9,"name":"Shirvan","start_year":1139,"end_year":1226,"capital":"","type":"polity","region":"","event":"","source":"Cliopatria / Seshat Global History Databank (CC BY 4.0)","wikipedia":"Shirvan","wikidata":"Q638064","_a":11,"_c":[48.06,40.55],"_nz":"希尔万","_sz":""}},
{"type":"Feature","geometry":{"type":"Polygon","coordinates":[[[101.69,32.75],[101.77,33.01],[101.6,33.39],[101.53,33.65],[101.72,34.16],[101.5,34.42],[101.65,34.61],[101,35.39],[100.22,35.77],[99.42,35.9],[99.31,36.03],[98.84,36.03],[96.4,36.55],[94.51,37.13],[91.74,37.45],[91.56,37.58],[91.14,37.51],[88.25,37.71],[86.83,37.45],[85.11,37.45],[82.1,36.8],[81.71,36.8],[81.26,36.61],[79.07,36.29],[78.42,35.64],[78.04,34.55],[78.12,34.55],[78.05,33.97],[78.12,33.97],[78.16,33.52],[78.37,33.14],[78.32,32.94],[78.53,32.56],[78.46,32.3],[78.8,31.79],[78.75,31.59],[79.1,31.46],[79.45,31.01],[79.97,30.95],[80.26,30.56],[80.84,30.44],[81.07,30.12],[81.38,30.12],[81.76,29.79],[81.99,29.79],[82.46,29.54],[83.26,29.41],[83.58,29.15],[84.24,29.02],[84.41,28.77],[84.7,28.7],[84.74,28.57],[85.2,28.57],[85.14,28.32],[85.75,28.32],[85.97,27.93],[86.23,28.12],[86.34,27.93],[86.82,28.06],[87.37,27.8],[87.75,27.8],[88.21,27.87],[88.56,28.06],[88.84,27.99],[88.87,28.12],[89.62,28.12],[89.97,28.32],[90.33,28.25],[90.36,28.06],[90.82,28.06],[90.94,27.93],[91.19,28.06],[91.63,27.99],[91.61,27.54],[92.02,27.35],[92.27,27.48],[93.2,27.61],[95.8,29.02],[96.3,29.22],[96.53,29.22],[99.48,30.31],[100.9,31.01],[100.98,31.01],[101.69,32.75]]]},"properties":{"NAME":"Tibetans","C":2,"name":"Tibetans","start_year":1139,"end_year":1235,"capital":"无（分裂时期）","type":"polity","region":"tibet","event":"","source":"Cliopatria / Seshat Global History Databank (CC BY 4.0)","wikipedia":"Tibetan people","wikidata":"Q187985","_a":246,"_c":[89.91,32.53],"_nz":"吐蕃","_sz":""}},
{"type":"Feature","geometry":{"type":"Polygon","coordinates":[[[-12.94,16.04],[-13.09,16.16],[-13.17,16.49],[-13.62,16.61],[-13.77,16.87],[-14.07,17],[-15.76,16.87],[-16.28,16.94],[-16.55,16.29],[-16.54,15.84],[-15.8,15.84],[-15.06,15.65],[-14.46,15.39],[-14.38,15.26],[-13.72,15.07],[-13.27,14.75],[-13.19,14.56],[-12.67,14.49],[-12.52,14.36],[-11.79,14.43],[-11.72,14.69],[-11.8,14.94],[-12.17,15.14],[-12.33,15.59],[-12.48,15.59],[-12.93,15.97],[-12.94,16.04]]]},"properties":{"NAME":"Takrur","C":9,"name":"Takrur","start_year":1139,"end_year":1226,"capital":"","type":"polity","region":"","event":"","source":"Cliopatria / Seshat Global History Databank (CC BY 4.0)","wikipedia":"Takrur","wikidata":"Q2272880","_a":13,"_c":[-14.14,15.68],"_nz":"塔克鲁尔","_sz":""}},
{"type":"Feature","geometry":{"type":"Polygon","coordinates":[[[38.93,11.79],[39.38,11.92],[39.6,12.11],[39.69,12.37],[39.4,12.63],[39.19,12.69],[39.05,12.82],[38.75,12.82],[38.22,12.44],[38.08,12.44],[38.13,11.99],[38.49,11.79],[38.93,11.79]]]},"properties":{"NAME":"Zagwe dynasty","C":6,"name":"Zagwe dynasty","start_year":1139,"end_year":1259,"capital":"","type":"polity","region":"","event":"","source":"Cliopatria / Seshat Global History Databank (CC BY 4.0)","wikipedia":"Zagwe kingdom","wikidata":"Q140446","_a":2,"_c":[38.89,12.31],"_nz":"扎格维王朝","_sz":""}},
{"type":"Feature","geometry":{"type":"MultiPolygon","coordinates":[[[[100.38,4.98],[100.53,5.17],[100.91,5.36],[101,5.69],[101.1,6.14],[100.81,6.26],[100.68,6.52],[100.47,6.52],[100.33,6.71],[100.11,6.65],[100.02,6.33],[100.28,5.94],[100.3,4.98],[100.38,4.98]]],[[[99.65,6.33],[99.87,6.26],[99.88,6.52],[99.65,6.33]]]]},"properties":{"NAME":"Sultanate of Kedah","C":9,"name":"Sultanate of Kedah","start_year":1139,"end_year":1293,"capital":"","type":"polity","region":"","event":"","source":"Cliopatria / Seshat Global History Databank (CC BY 4.0)","wikipedia":"Kedah Sultanate","wikidata":"Q1317579","_a":3,"_c":[100.34,5.85],"_nz":"吉打苏丹国","_sz":""}},
{"type":"Feature","geometry":{"type":"Polygon","coordinates":[[[114.3,-8.33],[114.41,-7.81],[114.26,-7.69],[113.09,-7.75],[112.71,-7.56],[112.52,-6.85],[112.16,-6.91],[111.94,-6.79],[111.64,-6.79],[111.49,-6.59],[111.05,-6.66],[110.89,-6.4],[110.53,-6.46],[110.34,-6.91],[109.24,-6.85],[109.25,-7.04],[109.4,-7.11],[109.49,-7.36],[110.01,-7.56],[109.89,-7.94],[109.9,-8.01],[110.65,-8.26],[111.89,-8.33],[112.27,-8.46],[112.85,-8.46],[112.99,-8.33],[113.21,-8.33],[113.74,-8.65],[114.18,-8.65],[114.27,-8.84],[114.49,-8.84],[114.3,-8.33]]]},"properties":{"NAME":"Kediri Kingdom","C":1,"name":"Kediri Kingdom","start_year":1139,"end_year":1219,"capital":"","type":"polity","region":"","event":"","source":"Cliopatria / Seshat Global History Databank (CC BY 4.0)","wikipedia":"Kediri Kingdom","wikidata":"Q756895","_a":13,"_c":[111.87,-7.62],"_nz":"谏义里王国","_sz":""}},
{"type":"Feature","geometry":{"type":"Polygon","coordinates":[[[125.35,39.32],[124.79,38.29],[124.76,38.09],[125.08,38.09],[124.9,37.9],[125.21,37.9],[125.39,37.64],[125.68,37.9],[125.84,37.77],[126.35,37.84],[126.25,37.64],[126.6,37.58],[126.54,37.45],[126.7,37.32],[126.65,37.06],[126.3,37],[126.05,36.8],[126.26,36.61],[126.45,36.67],[126.43,36.16],[126.68,36.03],[126.52,35.71],[126.2,34.87],[126.48,34.81],[126.12,34.36],[126.47,34.29],[126.92,34.42],[127.13,34.55],[127.38,34.42],[127.76,34.74],[128.07,34.74],[128.08,34.94],[128.31,34.94],[128.33,34.81],[128.68,34.74],[128.81,35],[128.55,34.94],[128.53,35.07],[129.15,35.07],[129.62,35.71],[129.67,35.97],[129.42,36.1],[129.4,36.35],[129.54,36.93],[129.41,37.13],[129.47,37.25],[129.26,37.58],[129.1,37.58],[128.36,38.8],[127.92,39],[127.8,39.19],[127.48,39.32],[126.73,39.38],[126.77,39.45],[125.35,39.32]]]},"properties":{"NAME":"Goryeo","C":5,"name":"Goryeo","start_year":1139,"end_year":1215,"capital":"开京","type":"dynasty","region":"korea","event":"","source":"Cliopatria / Seshat Global History Databank (CC BY 4.0)","wikipedia":"Goryeo","wikidata":"Q28208","_a":25,"_c":[127.22,36.87],"_nz":"高丽","_sz":""}},
{"type":"Feature","geometry":{"type":"MultiPolygon","coordinates":[[[[14.42,36.03],[14.34,35.84],[14.57,35.77],[14.57,35.97],[14.42,36.03]]],[[[13.56,41.26],[13.95,41.13],[14.1,40.87],[14.42,40.87],[14.42,40.68],[14.89,40.68],[15.04,40.23],[15.2,40.23],[15.43,40.03],[15.9,39.77],[16.27,38.74],[15.95,38.67],[15.86,38.29],[14.76,38.16],[14.6,38.03],[13.67,37.96],[13.35,38.16],[13.12,38.16],[13.04,38.03],[12.65,38.09],[12.49,37.9],[12.49,37.71],[13.19,37.58],[13.58,37.25],[14.28,37.13],[14.66,36.74],[15.05,36.74],[15.21,37.19],[15.06,37.25],[15.07,37.64],[15.39,38.16],[15.62,38.16],[15.7,37.96],[15.93,37.96],[16.49,38.42],[16.5,38.8],[17.14,39.06],[17.07,39.38],[16.92,39.51],[16.45,39.64],[16.46,39.97],[16.7,40.1],[16.62,40.29],[16.86,40.29],[17.03,40.55],[17.35,40.55],[17.42,40.36],[17.81,40.36],[18.11,39.9],[18.35,39.9],[18.36,40.29],[17.98,40.61],[17.51,40.74],[17.44,40.87],[16.73,41.2],[15.94,41.39],[15.87,41.72],[16.11,41.78],[16.12,41.91],[15.24,41.91],[15.17,42.04],[14.92,41.98],[14.37,42.24],[13.9,42.76],[13.91,42.95],[13.58,42.89],[13.34,42.69],[13.1,42.69],[12.86,42.5],[12.93,42.17],[13.01,42.04],[13.33,41.91],[13.8,41.85],[14.04,41.59],[13.87,41.33],[13.56,41.26]]]]},"properties":{"NAME":"Kingdom of Sicily","C":1,"name":"Kingdom of Sicily","start_year":1147,"end_year":1201,"capital":"","type":"polity","region":"","event":"","source":"Cliopatria / Seshat Global History Databank (CC BY 4.0)","wikipedia":"Kingdom of Sicily","wikidata":"Q188586","_a":43,"_c":[15.47,39.36],"_nz":"西西里王国","_sz":""}},
{"type":"Feature","geometry":{"type":"Polygon","coordinates":[[[39.03,47.33],[39.27,47.27],[39.13,46.94],[38.89,47.01],[38.53,46.81],[38.49,46.61],[38.1,46.68],[37.83,46.55],[38.37,46.35],[38.39,46.02],[40.23,45.76],[42.97,45.63],[43.87,45.24],[45.43,44.91],[47.06,44.91],[47.33,45.43],[47.48,45.37],[47.57,45.76],[48.06,45.76],[48.35,45.96],[48.59,45.96],[48.64,46.15],[49.06,46.22],[49.3,46.55],[49.99,46.68],[50.3,46.94],[50.84,47.14],[51.58,47.14],[51.81,47.07],[51.86,46.94],[53.11,47.01],[53.24,46.87],[53.27,46.35],[53.25,45.96],[53.07,45.89],[53.06,45.56],[53.42,45.37],[53.67,45.37],[53.88,45.56],[54.29,45.56],[54.22,45.3],[54.36,45.24],[54.3,44.97],[53.81,44.97],[53.88,45.24],[52.09,45.24],[51.88,45.37],[51.47,45.37],[51.06,45.04],[51.02,44.84],[51.47,44.71],[51.42,44.52],[50.86,44.52],[50.4,44.65],[50.19,44.45],[50.88,44.25],[51.07,44.06],[51.04,43.93],[51.32,43.73],[51.31,43.34],[51.44,43.21],[51.77,43.28],[51.94,42.95],[52.42,42.95],[52.79,42.82],[52.68,42.37],[52.44,42.04],[52.72,41.52],[52.81,41.91],[53.19,42.17],[53.91,42.17],[54.09,41.59],[54.73,41.26],[54.67,41],[54.39,40.81],[56.83,40.74],[57.46,41.39],[57.56,41.78],[57.96,42.37],[58.05,43.02],[58.34,43.47],[58.19,43.8],[57.96,43.86],[58.07,44.25],[57.96,44.45],[58.27,45.24],[58.49,45.43],[58.64,45.96],[59.31,46.02],[59.49,46.35],[59.84,46.41],[60.12,46.81],[60.53,46.81],[60.57,46.94],[61.64,46.94],[61.7,46.87],[61.43,46.28],[64.95,46.28],[66.63,46.15],[67.07,46.02],[67.99,46.09],[68.03,45.96],[69.5,45.96],[69.63,46.09],[71.55,46.41],[72.49,46.74],[73.91,46.81],[74.36,46.68],[74.6,46.87],[76.32,46.87],[76.35,46.74],[76.73,46.68],[77.91,46.74],[78.1,46.61],[78.7,46.87],[79.33,46.81],[79.31,46.74],[79.61,46.68],[80.04,46.74],[80.75,46.48],[80.89,46.61],[83.36,47.01],[83.98,47.27],[85.17,47.53],[85.35,47.73],[85.51,47.73],[85.64,48.32],[85.47,48.32],[85.52,48.59],[85.34,48.72],[85.3,48.99],[84.37,49.45],[83.9,49.52],[83.8,49.65],[83.33,49.71],[79.96,49.85],[80,49.91],[79.02,49.98],[78.66,50.45],[78.49,50.45],[78.32,50.78],[78.15,50.78],[77.43,51.38],[77.31,51.65],[77.14,51.65],[76.89,51.98],[76.58,52.05],[76.38,52.32],[74.84,52.99],[74.87,53.06],[73.82,53.19],[73.2,53.33],[72.12,53.39],[72.15,53.46],[71.29,53.46],[71.33,53.53],[67.83,53.6],[67.86,53.66],[66.39,53.66],[66.42,53.73],[62.77,53.66],[61.25,53.33],[60.45,53.46],[60.33,53.6],[60.01,53.66],[60.4,54.82],[60.66,55.02],[60.48,55.23],[60.57,55.63],[59.67,55.57],[59.4,55.36],[58.19,55.16],[58.04,55.02],[57.26,55.02],[57.03,54.89],[55.36,54.61],[51.86,54.55],[51.89,54.61],[51.21,54.68],[49,54.55],[49.02,54.61],[48.17,54.68],[47.82,54.95],[48.33,56.25],[48.11,56.39],[47.41,56.39],[46.22,56.25],[45.88,56.32],[45.75,56.18],[45.29,56.11],[42.23,55.84],[41.03,54.27],[40.02,52.25],[39.32,51.78],[38.97,51.71],[38.77,51.18],[38.6,51.18],[38.56,50.98],[38.02,50.38],[37.99,50.25],[38.29,50.05],[38.5,49.38],[38.65,49.32],[38.68,49.05],[38.91,48.92],[38.88,48.79],[39.17,48.52],[39.11,48.19],[39.23,47.99],[39.03,47.33]]]},"properties":{"NAME":"Kimek-Kipchak confederation","C":2,"name":"Kimek-Kipchak confederation","start_year":1147,"end_year":1209,"capital":"无固定都城","type":"polity","region":"central_asia","event":"","source":"Cliopatria / Seshat Global History Databank (CC BY 4.0)","wikipedia":"Kimek-Kipchak confederation","wikidata":"Q2477776","_a":748,"_c":[61.74,48.57],"_nz":"基马克-钦察联盟","_sz":""}},
{"type":"Feature","geometry":{"type":"Polygon","coordinates":[[[13.56,41.26],[13.87,41.33],[14.04,41.59],[13.8,41.85],[13.33,41.91],[13.01,42.04],[12.93,42.17],[12.3,42.56],[12.3,43.08],[12.14,43.08],[12.22,43.41],[11.82,43.34],[11.98,43.15],[12.06,42.76],[11.74,42.63],[11.57,42.37],[11.73,42.17],[12.13,42.04],[12.13,41.91],[12.6,41.52],[12.92,41.46],[13,41.33],[13.56,41.26]]]},"properties":{"NAME":"Papal States","C":4,"name":"Papal States","start_year":1147,"end_year":1201,"capital":"","type":"polity","region":"","event":"","source":"Cliopatria / Seshat Global History Databank (CC BY 4.0)","wikipedia":"Papal States","wikidata":"Q170174","_a":5,"_c":[12.77,42.33],"_nz":"教皇国","_sz":""}},
{"type":"Feature","geometry":{"type":"Polygon","coordinates":[[[70.36,37.84],[70.45,37.28],[69.91,36.57],[69.45,36.45],[70.18,35.44],[71.86,35.72],[72.91,35.55],[73.96,34.72],[74.53,34.67],[75.06,34.33],[75.47,35.07],[75.81,35.38],[75.87,36.61],[75.87,37.2],[76.44,37.94],[74.76,39.56],[73.59,39.61],[72.6,39.5],[70.87,38.62],[70.28,38.1],[70.36,37.84]]]},"properties":{"NAME":"Lohara Dynasty","C":7,"name":"Lohara Dynasty","start_year":1152,"end_year":1201,"capital":"","type":"polity","region":"","event":"","source":"Cliopatria / Seshat Global History Databank (CC BY 4.0)","wikipedia":"Lohara dynasty","wikidata":"Q1315339","_a":37,"_c":[72.94,36.97],"_nz":"洛哈拉王朝","_sz":""}},
{"type":"Feature","geometry":{"type":"MultiPolygon","coordinates":[[[[7.55,43.8],[8.03,43.93],[8.19,44.12],[7.71,44.12],[7.55,43.99],[7.55,43.8]]],[[[9.97,44.12],[9.65,44.32],[9.64,44.52],[9.48,44.65],[9.16,44.65],[8.91,44.58],[8.59,44.65],[8.35,44.45],[8.35,44.32],[8.59,44.45],[9.16,44.45],[9.57,44.19],[9.97,44.12]]]]},"properties":{"NAME":"Republic of Genoa","C":9,"name":"Republic of Genoa","start_year":1152,"end_year":1201,"capital":"","type":"polity","region":"","event":"","source":"Cliopatria / Seshat Global History Databank (CC BY 4.0)","wikipedia":"Republic of Genoa","wikidata":"Q174306","_a":2,"_c":[8.76,44.26],"_nz":"热那亚共和国","_sz":""}},
{"type":"Feature","geometry":{"type":"Polygon","coordinates":[[[79.93,26.06],[79.55,25.94],[79.53,25.63],[78.82,25.1],[78.82,24.39],[79.31,23.3],[80.53,23.76],[82.56,23.88],[82.93,24.3],[83.58,24.34],[83.02,24.79],[82.47,24.83],[82.13,24.79],[81.22,25.06],[80.73,25.76],[80.32,26.01],[79.93,26.06]]]},"properties":{"NAME":"Chandela Kingdom","C":7,"name":"Chandela Kingdom","start_year":1152,"end_year":1201,"capital":"","type":"polity","region":"","event":"","source":"Cliopatria / Seshat Global History Databank (CC BY 4.0)","wikipedia":"Chandelas of Jejakabhukti","wikidata":"Q2039087","_a":13,"_c":[81.2,24.68],"_nz":"昌德拉王国","_sz":""}},
{"type":"Feature","geometry":{"type":"MultiPolygon","coordinates":[[[[1.34,39.13],[1.18,39.06],[1.27,38.8],[1.43,38.8],[1.66,39],[1.65,39.13],[1.34,39.13]]],[[[3.19,39.97],[2.88,39.97],[2.34,39.64],[2.35,39.45],[2.66,39.51],[2.82,39.32],[3.3,39.32],[3.52,39.77],[3.2,39.84],[3.19,39.97]]],[[[4.22,40.1],[3.74,40.1],[3.83,39.9],[4.3,39.84],[4.22,40.1]]]]},"properties":{"NAME":"Almoravid Dynasty","C":5,"name":"Almoravid Dynasty","start_year":1152,"end_year":1201,"capital":"","type":"polity","region":"","event":"","source":"Cliopatria / Seshat Global History Databank (CC BY 4.0)","wikipedia":"Almoravid dynasty","wikidata":"Q75613","_a":4,"_c":[2.74,39.45],"_nz":"穆拉比特王朝","_sz":""}},
{"type":"Feature","geometry":{"type":"Polygon","coordinates":[[[68.49,37.13],[68.6,37.25],[69.01,37.32],[69.12,37.13],[69.35,37.13],[69.55,37.58],[70.08,37.51],[70.27,37.64],[70.16,37.84],[70.29,38.03],[70.3,38.05],[70.28,38.1],[70.87,38.62],[72.6,39.5],[73.59,39.61],[74.76,39.56],[76.44,37.94],[75.87,37.2],[75.87,36.61],[76,36.42],[75.97,36.03],[76.23,35.84],[76.6,35.77],[77.35,35.97],[79.07,36.29],[81.26,36.61],[81.71,36.8],[82.1,36.8],[85.11,37.45],[85.13,37.51],[85.81,37.9],[86.08,38.22],[86.44,38.35],[87.66,38.48],[88.75,38.87],[91.54,39.19],[92.93,39.51],[93.3,39.45],[93.35,39.58],[93.98,39.58],[94.48,39.45],[94.98,39.51],[95.27,39.45],[95.45,39.13],[95.6,39.13],[95.68,38.93],[96.07,38.74],[96.52,39.06],[96.23,39.13],[96.21,39.26],[96.52,40.36],[96.45,40.36],[97.4,41.91],[98.1,42.69],[98.13,42.76],[96.53,42.76],[96.29,43.08],[95.95,43.21],[95.93,43.34],[95.21,43.34],[95.24,43.41],[94.31,43.47],[94.34,43.54],[92.81,43.86],[91.88,44.12],[91.78,44.25],[91.07,44.45],[90.97,44.58],[90.64,44.58],[90.41,44.78],[89.69,44.97],[89.46,45.17],[89.22,45.17],[88.98,45.37],[88.45,45.43],[87.95,45.76],[87.52,45.89],[87.55,45.96],[86.72,46.28],[86.6,46.55],[86.43,46.55],[86.2,46.74],[86.13,46.94],[85.96,46.94],[85.89,47.14],[85.68,47.2],[85.77,47.4],[85.59,47.53],[85.51,47.73],[85.35,47.73],[85.17,47.53],[83.98,47.27],[83.36,47.01],[80.89,46.61],[80.75,46.48],[80.04,46.74],[79.61,46.68],[79.31,46.74],[79.09,46.61],[78.97,46.35],[78.46,46.28],[77.8,46.28],[77.83,46.35],[77.39,46.48],[75.45,46.55],[75.32,46.41],[74.88,46.35],[74.75,46.02],[74.32,45.96],[74.12,45.43],[74.25,45.37],[74.13,45.04],[73.91,45.1],[73.74,45.3],[73.33,45.5],[73.63,46.28],[73.87,46.28],[73.95,46.48],[74.36,46.68],[73.91,46.81],[72.49,46.74],[71.55,46.41],[69.63,46.09],[69.5,45.96],[68.03,45.96],[67.99,46.09],[67.07,46.02],[66.63,46.15],[64.95,46.28],[61.43,46.28],[61.27,46.02],[61.4,45.37],[61.72,45.37],[61.58,44.91],[60.9,44.52],[60.78,44.12],[60.6,44.06],[60.37,43.54],[60.39,43.34],[60.72,43.08],[60.7,43.02],[61.01,42.69],[61.17,42.69],[61.4,42.37],[61.56,42.37],[61.78,42.04],[61.94,42.04],[62.17,41.72],[62.13,41.59],[62.34,41.46],[62.44,41.26],[62.3,40.74],[62.4,40.55],[62.32,40.23],[62.69,39.84],[62.65,39.71],[63.09,39.26],[63.25,39.26],[63.42,39],[63.84,38.8],[64.01,38.55],[64.37,38.42],[64.66,38.03],[65.24,37.84],[65.63,37.51],[65.94,37.51],[66.14,37.38],[67.75,37.25],[67.92,37],[68.49,37.13]]]},"properties":{"NAME":"Kara-Khitans","C":6,"name":"Kara-Khitans","start_year":1152,"end_year":1201,"capital":"","type":"polity","region":"","event":"","source":"Cliopatria / Seshat Global History Databank (CC BY 4.0)","wikipedia":"Qara Khitai","wikidata":"Q862304","_a":454,"_c":[79.25,41.72],"_nz":"西辽","_sz":""}},
{"type":"Feature","geometry":{"type":"Polygon","coordinates":[[[83.84,18.16],[85,18.91],[85.56,19.62],[86.35,19.84],[87.07,20.56],[86.9,21.13],[86.99,21.64],[86.59,22.13],[86.55,22.44],[86.21,22.61],[85.58,22.69],[85.04,22.18],[84.56,21.96],[84.05,22.04],[83.34,21.78],[82.85,21.47],[82.46,20.62],[81.92,20.25],[82.6,19.65],[83.73,18.32],[83.84,18.16]]]},"properties":{"NAME":"Eastern Ganga Kingdom","C":9,"name":"Eastern Ganga Kingdom","start_year":1152,"end_year":1259,"capital":"","type":"polity","region":"","event":"","source":"Cliopatria / Seshat Global History Databank (CC BY 4.0)","wikipedia":"Eastern Ganga dynasty","wikidata":"Q250515","_a":23,"_c":[84.5,20.43],"_nz":"东恒伽王国","_sz":""}},
{"type":"Feature","geometry":{"type":"Polygon","coordinates":[[[5.58,47.66],[5.82,47.73],[5.82,47.86],[5.3,48.39],[4.88,48.52],[4.87,48.99],[5.03,49.12],[4.68,49.45],[4.58,49.91],[4.15,49.98],[4.08,49.71],[3.84,49.58],[3.85,49.38],[3.6,49.25],[3.62,48.92],[3.37,48.85],[3.03,48.99],[2.79,48.85],[2.88,48.65],[3.06,48.52],[3.48,48.46],[3.65,48.32],[3.91,47.93],[4.17,47.66],[4.34,47.66],[4.82,47.99],[5.25,47.6],[5.58,47.66]]]},"properties":{"NAME":"County of Champagne","C":5,"name":"County of Champagne","start_year":1152,"end_year":1205,"capital":"","type":"polity","region":"","event":"","source":"Cliopatria / Seshat Global History Databank (CC BY 4.0)","wikipedia":"County of Champagne","wikidata":"Q546266","_a":7,"_c":[4.31,48.79],"_nz":"香槟伯国","_sz":""}},
{"type":"Feature","geometry":{"type":"Polygon","coordinates":[[[-108.78,36.86],[-108.2,36.69],[-107.98,36.84],[-108.54,37.46],[-108.98,37.62],[-109.63,37.67],[-109.94,37.42],[-109.54,37.29],[-108.78,36.86]]]},"properties":{"NAME":"Puebloans - Aztec Regional System","C":3,"name":"Puebloans - Aztec Regional System","start_year":1152,"end_year":1293,"capital":"","type":"polity","region":"","event":"","source":"Cliopatria / Seshat Global History Databank (CC BY 4.0)","wikipedia":"Ancestral Puebloans","wikidata":"Q478805","_a":2,"_c":[-108.96,37.18],"_nz":"普韦布洛人-阿兹特克体系","_sz":""}},
{"type":"Feature","geometry":{"type":"MultiPolygon","coordinates":[[[[55.54,24.52],[55.54,24.59],[56.02,24.84],[56.05,25.23],[55.81,25.74],[55.41,25.55],[55.14,25.1],[54.74,24.84],[54.56,24.46],[54.32,24.26],[54.1,24.33],[54.08,24.14],[53.11,24.14],[52.6,24.26],[52.28,24.01],[51.91,24.01],[51.85,24.26],[51.41,24.33],[51.52,24.78],[51.69,24.97],[51.72,25.29],[51.57,25.36],[51.7,25.87],[51.42,26.13],[51.12,26.13],[50.95,25.94],[50.92,25.62],[50.61,25.42],[50.33,25.62],[50.21,26],[50.25,26.45],[50.12,26.58],[50.13,26.77],[49.36,27.29],[49.24,27.61],[48.87,27.67],[48.97,27.93],[48.56,28.32],[48.58,28.51],[48.44,28.57],[48.46,28.77],[48.19,29.09],[48.22,29.28],[47.87,29.54],[48.4,29.6],[48.37,29.92],[48.07,29.99],[47.57,29.6],[47.46,29.28],[47.45,29.22],[47.89,29.09],[47.93,28.77],[48.14,28.64],[48.25,28.19],[48.47,28.12],[48.53,27.99],[48.55,27.48],[49.06,27.29],[49.27,27.09],[49.25,26.97],[49.88,26.45],[49.67,25.87],[50.03,25.68],[50.48,24.78],[51.18,24.2],[51.17,24.07],[51.82,23.88],[51.88,23.69],[53.97,23.69],[54.81,23.94],[55.54,24.52]]],[[[50.65,25.87],[50.69,26.26],[50.46,26.26],[50.43,25.94],[50.65,25.87]]]]},"properties":{"NAME":"Uyunid Emirate","C":5,"name":"Uyunid Emirate","start_year":1169,"end_year":1226,"capital":"","type":"polity","region":"","event":"","source":"Cliopatria / Seshat Global History Databank (CC BY 4.0)","wikipedia":"Uyunid dynasty","wikidata":"Q1448688","_a":54,"_c":[51.75,26.84],"_nz":"乌尤尼德埃米尔国","_sz":""}},
{"type":"Feature","geometry":{"type":"Polygon","coordinates":[[[86.59,22.13],[86.92,21.95],[87.26,21.52],[87.46,21.53],[87.98,21.83],[88.04,21.63],[88.54,21.53],[89.35,21.68],[89.59,21.69],[90.03,21.97],[90.11,21.8],[90.29,21.87],[90.37,21.76],[90.85,21.87],[91.15,22.09],[91.15,22.43],[91.39,22.5],[91.55,22.35],[91.59,22.66],[91.76,23.07],[91.71,23.35],[91.44,23.43],[91.36,23.94],[91.68,24.02],[91.94,23.94],[91.87,24.34],[92.1,25.02],[92.37,24.94],[92.52,25.16],[92.48,25.45],[92.03,25.81],[90.71,26.11],[89.64,26.13],[89.54,26],[89.33,26],[89.07,26.39],[88.72,26.32],[88.53,26.57],[88.12,26.6],[86.93,24.8],[86.69,23.95],[86.46,23.58],[85.87,23.55],[85.58,22.79],[85.56,22.68],[86.21,22.61],[86.55,22.44],[86.59,22.13]]]},"properties":{"NAME":"Sena Dynasty","C":1,"name":"Sena Dynasty","start_year":1169,"end_year":1226,"capital":"","type":"polity","region":"","event":"","source":"Cliopatria / Seshat Global History Databank (CC BY 4.0)","wikipedia":"Sena Dynasty","wikidata":"Q2428714","_a":35,"_c":[89.04,24.06],"_nz":"塞纳王朝","_sz":""}},
{"type":"Feature","geometry":{"type":"Polygon","coordinates":[[[1.39,48.65],[1.06,48.59],[0.91,48.39],[0.93,48.06],[1.28,47.8],[1.2,47.73],[1.32,47.14],[1.89,47.14],[1.77,47.86],[1.69,47.86],[1.73,48.46],[1.57,48.46],[1.39,48.65]]]},"properties":{"NAME":"County of Blôis","C":1,"name":"County of Blôis","start_year":1169,"end_year":1205,"capital":"","type":"polity","region":"","event":"","source":"Cliopatria / Seshat Global History Databank (CC BY 4.0)","wikipedia":"County of Blois","wikidata":"Q19336869","_a":2,"_c":[1.36,47.9],"_nz":"布卢瓦伯国","_sz":""}},
{"type":"Feature","geometry":{"type":"Polygon","coordinates":[[[2.71,47.2],[3.07,46.61],[3.73,46.55],[3.8,46.68],[3.96,46.81],[3.87,47.14],[3.94,47.33],[3.61,47.4],[3.77,47.53],[3.75,47.8],[3.25,47.99],[2.76,47.8],[2.43,47.86],[2.37,47.47],[2.62,47.4],[2.71,47.2]]]},"properties":{"NAME":"County of Nevers","C":6,"name":"County of Nevers","start_year":1169,"end_year":1205,"capital":"","type":"polity","region":"","event":"","source":"Cliopatria / Seshat Global History Databank (CC BY 4.0)","wikipedia":"County of Nevers","wikidata":"Q2070440","_a":2,"_c":[3.17,47.27],"_nz":"讷韦尔伯国","_sz":""}},
{"type":"Feature","geometry":{"type":"Polygon","coordinates":[[[55.54,24.52],[55.56,23.94],[55.71,23.94],[55.89,23.43],[56.17,23.3],[56.23,23.04],[56.44,22.91],[56.63,22.53],[56.85,22.46],[57.19,22.14],[57.48,22.08],[58.24,22.27],[58.88,21.82],[58.86,21.69],[59.21,21.44],[59.44,21.44],[59.86,22.08],[59.9,22.53],[59.54,22.66],[59.27,22.91],[59.28,23.04],[59.07,23.17],[59.08,23.3],[58.81,23.62],[57.49,23.88],[57.06,24.07],[56.73,24.46],[56.54,24.91],[56.4,24.97],[56.4,25.68],[56.54,26.32],[56.17,26.32],[55.97,25.87],[55.81,25.74],[56.05,25.23],[56.02,24.84],[55.54,24.59],[55.54,24.52]]]},"properties":{"NAME":"Mahdids","C":4,"name":"Mahdids","start_year":1169,"end_year":1235,"capital":"","type":"polity","region":"","event":"","source":"Cliopatria / Seshat Global History Databank (CC BY 4.0)","wikipedia":"Mahdids","wikidata":"Q1884830","_a":22,"_c":[57.72,23.82],"_nz":"马赫迪王朝","_sz":""}},
{"type":"Feature","geometry":{"type":"Polygon","coordinates":[[[-3.92,52.65],[-3.61,52.92],[-3.55,53.12],[-3.22,53.26],[-3.75,53.39],[-4.16,53.26],[-4.27,53.46],[-4.7,53.46],[-4.67,53.19],[-4.49,53.12],[-4.81,52.92],[-4.79,52.79],[-4.3,52.92],[-4.16,52.45],[-3.92,52.65]]]},"properties":{"NAME":"Kingdom of Gwynedd","C":4,"name":"Kingdom of Gwynedd","start_year":1169,"end_year":1209,"capital":"","type":"polity","region":"","event":"","source":"Cliopatria / Seshat Global History Databank (CC BY 4.0)","wikipedia":"Kingdom of Gwynedd","wikidata":"Q816814","_a":2,"_c":[-4.01,52.96],"_nz":"圭内斯王国","_sz":""}},
{"type":"Feature","geometry":{"type":"Polygon","coordinates":[[[-3.17,52.86],[-3.34,52.79],[-3.61,52.92],[-3.92,52.65],[-4.07,52.45],[-3.89,52.32],[-3.88,52.25],[-3.62,52.25],[-3.07,52.65],[-3.17,52.86]]]},"properties":{"NAME":"Kingdom of Powys Wenwynwyn","C":10,"name":"Kingdom of Powys Wenwynwyn","start_year":1169,"end_year":1205,"capital":"","type":"polity","region":"","event":"","source":"Cliopatria / Seshat Global History Databank (CC BY 4.0)","wikipedia":"Powys Wenwynwyn","wikidata":"Q2670639","_a":1,"_c":[-3.57,52.59],"_nz":"波伊斯-文温温王国","_sz":""}},
{"type":"Feature","geometry":{"type":"Polygon","coordinates":[[[-2.86,53.12],[-3.22,53.26],[-3.55,53.12],[-3.61,52.92],[-3.34,52.79],[-3.17,52.86],[-3.2,53.06],[-2.86,53.12]]]},"properties":{"NAME":"Kingdom of Powys Fadog","C":3,"name":"Kingdom of Powys Fadog","start_year":1169,"end_year":1209,"capital":"","type":"polity","region":"","event":"","source":"Cliopatria / Seshat Global History Databank (CC BY 4.0)","wikipedia":"Powys Fadog","wikidata":"Q2564694","_a":0,"_c":[-3.23,53.03],"_nz":"波伊斯-法多格王国","_sz":""}},
{"type":"Feature","geometry":{"type":"Polygon","coordinates":[[[78.94,14.74],[78.78,15.2],[78.6,14.17],[78.68,14.17],[78.63,13.66],[78.71,13.66],[78.65,13.01],[77.72,11.47],[77.28,11.41],[76.45,11.02],[75.86,11.02],[75.9,10.57],[76.23,10.06],[76.2,9.48],[76.34,9.35],[76.32,9.16],[76.53,8.96],[76.59,8.71],[76.72,8.51],[77.28,8.06],[77.87,8.19],[78.18,8.45],[78.28,8.96],[78.59,9.16],[78.96,9.22],[78.99,9.67],[79.3,9.93],[79.32,10.25],[79.9,10.25],[79.88,11.99],[80.3,12.63],[80.43,13.27],[80.31,13.53],[80.16,13.53],[80.28,14.04],[80.21,14.04],[80.22,14.88],[80.16,14.88],[80.16,14.28],[79.82,14.31],[79.43,14.79],[78.94,14.74]]]},"properties":{"NAME":"Chola Empire","C":9,"name":"Chola Empire","start_year":1177,"end_year":1215,"capital":"","type":"polity","region":"","event":"","source":"Cliopatria / Seshat Global History Databank (CC BY 4.0)","wikipedia":"Chola Empire","wikidata":"Q6806806","_a":33,"_c":[78.15,11.63],"_nz":"朱罗帝国","_sz":""}},
{"type":"Feature","geometry":{"type":"Polygon","coordinates":[[[17.66,50.11],[17.9,49.98],[18.32,49.98],[18.32,49.85],[18.72,49.52],[19.13,49.45],[19.39,49.58],[19.24,49.91],[19.08,49.98],[19.1,50.38],[18.34,50.25],[18.09,50.31],[17.66,50.11]]]},"properties":{"NAME":"Duchy of Opole","C":11,"name":"Duchy of Opole","start_year":1177,"end_year":1201,"capital":"","type":"polity","region":"","event":"","source":"Cliopatria / Seshat Global History Databank (CC BY 4.0)","wikipedia":"Duchy of Opole","wikidata":"Q661980","_a":2,"_c":[18.52,49.92],"_nz":"奥波莱公国","_sz":""}},
{"type":"Feature","geometry":{"type":"MultiPolygon","coordinates":[[[[-4.8,54.27],[-4.86,54.07],[-4.36,54.21],[-4.38,54.41],[-4.8,54.27]]],[[[-5.81,57.28],[-6.09,57.35],[-6.22,57.7],[-6.47,57.56],[-6.74,57.56],[-6.41,57.14],[-6.06,57.14],[-6.04,57.01],[-5.78,57.08],[-5.81,57.28]]],[[[-6.21,58.18],[-6.26,58.53],[-6.79,58.46],[-6.85,58.32],[-7.28,58.18],[-7.07,57.97],[-7.13,57.77],[-6.52,57.9],[-6.39,58.18],[-6.21,58.18]]]]},"properties":{"NAME":"Kingdom of Mann","C":4,"name":"Kingdom of Mann","start_year":1177,"end_year":1259,"capital":"","type":"polity","region":"","event":"","source":"Cliopatria / Seshat Global History Databank (CC BY 4.0)","wikipedia":"Kingdom of the Isles","wikidata":"Q459188","_a":13,"_c":[-5.82,56.3],"_nz":"马恩王国","_sz":""}},
{"type":"Feature","geometry":{"type":"MultiPolygon","coordinates":[[[[15.15,44.45],[15.07,44.45],[15.15,44.39],[15.15,44.45]]],[[[14.5,44.52],[14.51,44.91],[14.27,44.97],[14.26,44.58],[14.5,44.52]]],[[[13.95,45.04],[13.63,45.5],[13.7,45.04],[13.95,45.04]]],[[[12.16,45.37],[12.16,45.43],[12.82,45.69],[12.98,45.82],[12.74,45.82],[12.16,45.69],[12,45.56],[12.16,45.37]]],[[[15.62,43.93],[15.94,43.73],[15.93,43.47],[16.58,43.6],[16.73,43.54],[16.73,43.34],[17.05,43.41],[17.12,43.15],[17.37,43.21],[17.05,43.47],[16.42,43.73],[16.1,43.73],[15.86,43.93],[15.62,43.93]]],[[[15.15,44.39],[15.22,44.12],[15.62,43.93],[15.38,44.12],[15.39,44.32],[15.15,44.39]]]]},"properties":{"NAME":"Republic of Venice","C":9,"name":"Republic of Venice","start_year":1188,"end_year":1205,"capital":"","type":"polity","region":"","event":"","source":"Cliopatria / Seshat Global History Databank (CC BY 4.0)","wikipedia":"Republic of Venice","wikidata":"Q4948","_a":17,"_c":[14.8,44.29],"_nz":"威尼斯共和国","_sz":""}},
{"type":"Feature","geometry":{"type":"Polygon","coordinates":[[[97.48,18.54],[97.51,18.74],[97.37,18.8],[97.26,19.06],[97.32,19.44],[97.24,19.44],[97.38,19.89],[97.33,20.02],[97.53,20.41],[97.7,21.5],[97.62,21.5],[97.76,22.85],[97.69,22.85],[97.66,23.56],[97.53,23.69],[97.71,23.88],[97.67,24.07],[97.8,24.39],[97.6,24.52],[97.73,24.84],[97.52,24.91],[97.43,25.23],[97.23,25.36],[97.04,25.87],[96.66,25.87],[96.33,26.07],[95.86,26],[95.69,25.49],[95.49,25.23],[95.25,25.16],[95.01,24.65],[94.65,24.33],[94.43,23.88],[93.49,23.62],[93.42,23.17],[93.17,23.04],[93.19,22.14],[93.02,22.01],[92.73,22.08],[92.69,21.31],[92.33,21.37],[92.35,20.99],[92.25,20.79],[92.63,20.34],[92.85,20.34],[92.83,20.15],[93.06,20.21],[93.02,19.96],[93.41,20.09],[94.51,20.02],[94.54,19.7],[94.8,19.44],[94.9,18.61],[95.09,18.41],[94.97,18.03],[94.98,17.64],[94.8,17.39],[94.85,17.19],[94.57,16.81],[94.35,16.81],[94.24,15.97],[94.81,15.84],[94.87,15.71],[95.34,15.91],[95.31,15.71],[95.61,15.71],[95.81,16.16],[96.03,16.16],[96.35,16.36],[96.37,16.49],[96.67,16.49],[96.92,16.74],[96.93,17.32],[97.2,17.13],[97.16,16.87],[97.27,16.61],[97.4,16.49],[97.62,16.49],[97.55,15.97],[97.75,15.78],[97.77,14.81],[97.99,14.75],[97.88,14.49],[98.07,14.24],[98.04,13.98],[98.25,13.85],[98.28,13.53],[98.42,13.46],[98.65,12.82],[98.61,11.73],[99.34,11.66],[99.57,11.79],[99.66,11.99],[99.47,12.24],[99.43,12.56],[99.17,12.89],[99.28,13.27],[99.24,13.59],[99.13,13.85],[98.79,14.11],[98.81,14.24],[98.47,14.49],[98.48,14.62],[98.23,14.94],[98.26,15.2],[98.67,15.52],[98.67,16.04],[98.91,16.16],[98.93,16.36],[98.64,16.36],[98.63,16.81],[97.92,17.51],[97.8,17.71],[97.84,17.96],[97.48,18.54]]]},"properties":{"NAME":"Pagan Kingdom","C":10,"name":"Pagan Kingdom","start_year":1188,"end_year":1284,"capital":"","type":"polity","region":"","event":"","source":"Cliopatria / Seshat Global History Databank (CC BY 4.0)","wikipedia":"Pagan Kingdom","wikidata":"Q888574","_a":107,"_c":[95.96,18.87],"_nz":"蒲甘王国","_sz":""}},
{"type":"Feature","geometry":{"type":"Polygon","coordinates":[[[-8.82,38.48],[-7.98,38.74],[-7.92,38.87],[-7.68,38.87],[-7.61,39],[-7.86,39.06],[-7.96,39.32],[-7.67,39.64],[-7.44,39.64],[-6.9,39.77],[-6.84,40.03],[-7.01,40.23],[-6.87,40.36],[-6.93,41],[-6.25,41.46],[-6.27,41.65],[-6.52,41.72],[-6.7,41.98],[-8.12,41.78],[-8.22,41.98],[-8.47,42.11],[-8.93,41.91],[-8.73,40.74],[-8.87,40.61],[-9.03,39.77],[-9.16,39.51],[-9.39,39.45],[-9.43,39.06],[-9.57,38.93],[-9.55,38.74],[-9.21,38.42],[-8.82,38.48]]]},"properties":{"NAME":"Kingdom of Portugal","C":10,"name":"Kingdom of Portugal","start_year":1188,"end_year":1201,"capital":"","type":"polity","region":"","event":"","source":"Cliopatria / Seshat Global History Databank (CC BY 4.0)","wikipedia":"Kingdom of Portugal","wikidata":"Q45670","_a":12,"_c":[-7.91,40.27],"_nz":"葡萄牙王国","_sz":""}},
{"type":"Feature","geometry":{"type":"Polygon","coordinates":[[[2.86,42.24],[3.11,41.98],[3.09,42.5],[2.86,42.43],[2.86,42.24]]]},"properties":{"NAME":"County of Ampuria","C":6,"name":"County of Ampuria","start_year":1188,"end_year":1235,"capital":"","type":"polity","region":"","event":"","source":"Cliopatria / Seshat Global History Databank (CC BY 4.0)","wikipedia":"County of Empúries","wikidata":"Q1541699","_a":0,"_c":[3.02,42.24],"_nz":"安普里亚斯伯国","_sz":""}},
{"type":"Feature","geometry":{"type":"MultiPolygon","coordinates":[[[[104.12,10.44],[103.91,10.44],[103.81,10.25],[103.94,10.06],[104.09,10.06],[104.12,10.44]]],[[[104.12,10.44],[104.42,10.44],[104.54,10.19],[105.03,9.99],[104.79,9.74],[104.7,8.64],[104.76,8.51],[105.14,8.58],[105.62,9.16],[106.14,9.29],[106.23,9.48],[106.6,9.54],[106.55,9.8],[106.64,9.99],[106.79,10.06],[106.82,10.31],[106.76,10.44],[106.98,10.51],[107.07,10.7],[107.11,11.02],[107.06,11.28],[106.88,11.66],[106.85,12.05],[107.63,12.5],[107.6,12.89],[107.52,12.89],[107.67,13.46],[107.38,14.11],[107.42,14.43],[107.6,14.69],[107.57,15.01],[107.69,15.33],[107.3,15.65],[107.5,16.04],[107.15,16.16],[106.97,16.42],[106.69,16.49],[106.61,16.94],[105.21,18.35],[105.25,18.61],[105.12,18.74],[104.9,18.74],[104.62,18.86],[104.27,19.44],[104.85,19.83],[104.98,20.15],[104.65,20.41],[104.62,20.66],[104.36,20.92],[103.99,20.92],[103.81,20.73],[103.59,20.73],[103.04,20.99],[103.06,21.11],[102.93,21.24],[102.51,20.92],[102.22,20.99],[102.18,20.73],[102.01,20.6],[102.01,20.09],[101.84,19.96],[101.62,19.96],[101.52,19.83],[100.57,19.89],[100.46,19.7],[100.67,19.57],[100.63,19.31],[100.67,19.12],[100.57,18.93],[100.19,18.86],[99.76,18.48],[99.61,18.48],[99.58,18.29],[98.64,18.41],[98.29,18.03],[97.84,17.96],[97.8,17.71],[97.92,17.51],[98.63,16.81],[98.64,16.36],[98.93,16.36],[98.91,16.16],[98.67,16.04],[98.67,15.52],[98.26,15.2],[98.23,14.94],[98.48,14.62],[98.47,14.49],[98.81,14.24],[98.79,14.11],[99.13,13.85],[99.24,13.59],[99.28,13.27],[99.17,12.89],[99.43,12.56],[99.47,12.24],[99.66,11.99],[99.57,11.79],[99.38,11.34],[99.15,11.21],[98.81,10.76],[98.61,10.12],[98.98,10.12],[99.2,10.19],[99.29,10.31],[99.6,11.41],[99.85,11.73],[99.88,11.99],[100.03,12.05],[100.1,13.4],[100.56,13.53],[100.99,13.46],[100.83,12.63],[101.55,12.56],[101.79,12.69],[102.11,12.31],[102.26,12.31],[102.22,11.99],[102.44,11.99],[102.6,12.11],[102.73,11.92],[102.87,11.86],[102.84,11.6],[103.05,11.47],[103.06,10.83],[103.36,10.83],[103.6,11.09],[103.64,10.76],[103.49,10.7],[103.55,10.51],[103.92,10.57],[104.12,10.44]]]]},"properties":{"NAME":"Khmer Empire","C":11,"name":"Khmer Empire","start_year":1188,"end_year":1205,"capital":"","type":"polity","region":"","event":"","source":"Cliopatria / Seshat Global History Databank (CC BY 4.0)","wikipedia":"Khmer Empire","wikidata":"Q201705","_a":126,"_c":[102.75,14.88],"_nz":"高棉帝国","_sz":""}},
{"type":"Feature","geometry":{"type":"Polygon","coordinates":[[[108.1,21.5],[107.97,21.63],[107.59,21.56],[107.46,21.69],[107.24,21.69],[106.71,22.08],[106.61,22.34],[106.77,22.85],[106.71,22.91],[106.33,22.85],[106.2,22.98],[105.75,22.98],[105.5,23.24],[105.21,23.3],[104.96,23.11],[104.84,22.85],[104.52,22.72],[104.15,22.79],[104.04,22.53],[103.89,22.53],[103.77,22.72],[103.53,22.59],[103.49,22.4],[103.77,22.27],[103.58,22.01],[103.6,21.69],[103.07,21.18],[103.06,21.11],[103.04,20.99],[103.59,20.73],[103.81,20.73],[103.99,20.92],[104.36,20.92],[104.62,20.66],[104.65,20.41],[104.98,20.15],[104.85,19.83],[104.27,19.44],[104.62,18.86],[104.9,18.74],[105.12,18.74],[105.25,18.61],[105.21,18.35],[106.61,16.94],[106.95,17.26],[106.75,17.39],[106.77,17.51],[106.57,17.64],[106.57,18.09],[106.29,18.22],[106.18,18.41],[105.73,18.86],[105.91,19.51],[105.85,19.57],[106.06,19.96],[106.54,20.15],[106.69,20.6],[106.83,20.6],[106.88,20.86],[107.42,20.99],[107.79,21.44],[108.1,21.5]]]},"properties":{"NAME":"Ngô Dynasty","C":3,"name":"Ngô Dynasty","start_year":1188,"end_year":1205,"capital":"","type":"polity","region":"","event":"","source":"Cliopatria / Seshat Global History Databank (CC BY 4.0)","wikipedia":"Ngô dynasty","wikidata":"Q703919","_a":32,"_c":[105.57,20.12],"_nz":"吴朝","_sz":""}},
{"type":"Feature","geometry":{"type":"Polygon","coordinates":[[[128.17,26.77],[127.93,26.71],[127.87,26.52],[127.68,26.39],[127.65,26],[127.82,26.07],[127.91,26.39],[128.38,26.71],[128.17,26.77]]]},"properties":{"NAME":"Shunten Dynasty","C":3,"name":"Shunten Dynasty","start_year":1188,"end_year":1304,"capital":"","type":"polity","region":"","event":"","source":"Cliopatria / Seshat Global History Databank (CC BY 4.0)","wikipedia":"Shunten dynasty","wikidata":"Q6151113","_a":1,"_c":[128.04,26.42],"_nz":"舜天王朝","_sz":""}},
{"type":"Feature","geometry":{"type":"Polygon","coordinates":[[[31.57,49.38],[31.43,49.58],[31.11,49.71],[31.17,50.11],[30.87,50.38],[30.86,50.85],[30.69,50.85],[30.59,51.31],[30.33,51.31],[30.27,51.45],[29.25,51.45],[29.11,51.65],[28.84,51.51],[27.75,51.58],[27.47,51.38],[26.59,51.18],[26.49,51.05],[25.99,51.05],[25.96,50.85],[25.69,50.65],[25.66,50.38],[25.82,50.31],[26.11,49.91],[26.44,49.85],[26.67,49.65],[26.92,49.65],[27.23,49.45],[29.39,49.32],[31.57,49.38]]]},"properties":{"NAME":"Principality of Kiev","C":4,"name":"Principality of Kiev","start_year":1188,"end_year":1201,"capital":"","type":"polity","region":"","event":"","source":"Cliopatria / Seshat Global History Databank (CC BY 4.0)","wikipedia":"Principality of Kiev","wikidata":"Q1483430","_a":14,"_c":[28.62,50.49],"_nz":"基辅公国","_sz":""}},
{"type":"Feature","geometry":{"type":"Polygon","coordinates":[[[29.46,55.09],[28.25,55.16],[27.43,55.5],[27.29,55.77],[26.87,55.84],[26.5,55.7],[26.46,55.43],[26.33,55.16],[24.59,54.48],[24.58,54.41],[24.73,54.14],[25.14,54],[25.28,53.73],[25.75,53.33],[27.49,53.46],[28.49,53.26],[28.5,53.33],[29.04,54.61],[29.46,55.09]]]},"properties":{"NAME":"Principality of Minsk","C":1,"name":"Principality of Minsk","start_year":1188,"end_year":1201,"capital":"","type":"polity","region":"","event":"","source":"Cliopatria / Seshat Global History Databank (CC BY 4.0)","wikipedia":"Principality of Minsk","wikidata":"Q2662372","_a":13,"_c":[27.02,54.55],"_nz":"明斯克公国","_sz":""}},
{"type":"Feature","geometry":{"type":"Polygon","coordinates":[[[18.01,43.28],[18.42,43.34],[18.51,43.54],[18.83,43.67],[19,43.86],[19.41,43.86],[19.5,44.06],[19.42,44.19],[19.11,44.32],[19.3,44.91],[19.14,44.97],[18.89,44.84],[18.58,45.1],[18.09,45.1],[17.5,44.65],[17.1,44.78],[17.03,45.04],[16.79,45.04],[16.62,44.78],[16.29,44.84],[16.29,44.58],[16.92,44.32],[16.92,44.19],[17.15,43.99],[17.55,43.86],[17.62,43.47],[17.85,43.28],[18.01,43.28]]]},"properties":{"NAME":"Banate of Bosnia","C":8,"name":"Banate of Bosnia","start_year":1188,"end_year":1201,"capital":"","type":"polity","region":"","event":"","source":"Cliopatria / Seshat Global History Databank (CC BY 4.0)","wikipedia":"Banate of Bosnia","wikidata":"Q3627069","_a":6,"_c":[17.9,44.19],"_nz":"波斯尼亚总督区","_sz":""}},
{"type":"Feature","geometry":{"type":"Polygon","coordinates":[[[30.04,53.26],[29.96,53.33],[29.77,53.19],[28.75,53.26],[28.5,53.33],[28.49,53.26],[27.49,53.46],[25.75,53.33],[25.44,52.92],[25.53,52.25],[25.62,52.25],[25.53,51.51],[26.03,51.38],[25.99,51.05],[26.49,51.05],[26.59,51.18],[27.47,51.38],[27.75,51.58],[28.84,51.51],[29.11,51.65],[29.25,51.45],[30.27,51.45],[30.33,51.31],[30.59,51.31],[30.58,51.85],[30.44,51.98],[30.47,52.18],[30.17,52.45],[30.21,52.72],[29.96,52.79],[30.04,53.26]]]},"properties":{"NAME":"Principality of Turov and Pinsk","C":7,"name":"Principality of Turov and Pinsk","start_year":1188,"end_year":1219,"capital":"","type":"polity","region":"","event":"","source":"Cliopatria / Seshat Global History Databank (CC BY 4.0)","wikipedia":"Principality of Turov","wikidata":"Q671362","_a":12,"_c":[28.01,52.26],"_nz":"图罗夫-平斯克公国","_sz":""}},
{"type":"Feature","geometry":{"type":"Polygon","coordinates":[[[17.97,51.25],[18.08,51.65],[18.35,51.92],[18.21,52.45],[18.05,52.59],[17.63,52.65],[17.55,52.79],[17.12,52.86],[16.8,53.12],[16.72,53.39],[16.9,53.53],[16.48,53.6],[16.21,53.39],[15.44,53.53],[15.35,53.33],[14.73,52.99],[15.06,52.72],[14.97,52.45],[15.39,52.32],[15.47,52.12],[16.06,52.05],[16.22,51.78],[16.72,51.58],[16.98,51.65],[17.05,51.45],[17.48,51.45],[17.97,51.25]]]},"properties":{"NAME":"Duchy of Greater Poland","C":4,"name":"Duchy of Greater Poland","start_year":1188,"end_year":1201,"capital":"","type":"polity","region":"","event":"","source":"Cliopatria / Seshat Global History Databank (CC BY 4.0)","wikipedia":"Duchy of Greater Poland","wikidata":"Q1515009","_a":9,"_c":[16.54,52.43],"_nz":"大波兰公国","_sz":""}},
{"type":"Feature","geometry":{"type":"Polygon","coordinates":[[[35.96,35.19],[35.93,34.87],[36.07,34.74],[35.88,34.36],[35.64,34.36],[35.63,34.23],[36.01,34.16],[36.27,34.42],[36.31,34.87],[36.17,34.94],[36.27,35.19],[35.96,35.19]]]},"properties":{"NAME":"County of Tripoli","C":4,"name":"County of Tripoli","start_year":1188,"end_year":1271,"capital":"","type":"polity","region":"","event":"","source":"Cliopatria / Seshat Global History Databank (CC BY 4.0)","wikipedia":"County of Tripoli","wikidata":"Q272033","_a":1,"_c":[35.97,34.67],"_nz":"的黎波里伯国","_sz":""}},
{"type":"Feature","geometry":{"type":"Polygon","coordinates":[[[-1.73,40.36],[-1.51,40.74],[-2.1,41.2],[-2.12,41.46],[-1.88,41.52],[-1.98,41.78],[-1.83,41.91],[-2.08,42.11],[-3.05,42.3],[-2.98,42.43],[-3.16,42.69],[-3.01,42.76],[-3.03,43.02],[-3.19,43.08],[-3.14,43.41],[-4.19,43.41],[-4.4,43.08],[-4.37,42.76],[-4.12,42.56],[-4.24,42.11],[-3.91,42.04],[-3.89,41.78],[-4.13,41.78],[-4.43,41.59],[-4.9,40.42],[-5.43,40.23],[-5.33,39.9],[-5.48,39.77],[-5.45,39.45],[-5.22,39.51],[-5.04,39.19],[-4.64,39.13],[-4.76,38.61],[-4.35,38.35],[-3.02,38.48],[-2.88,38.74],[-2.66,38.87],[-2.66,39],[-2.44,39.13],[-2.7,39.58],[-2.39,39.64],[-2.25,39.9],[-1.73,40.36]]]},"properties":{"NAME":"Kingdom of Castile","C":7,"name":"Kingdom of Castile","start_year":1188,"end_year":1201,"capital":"","type":"polity","region":"","event":"","source":"Cliopatria / Seshat Global History Databank (CC BY 4.0)","wikipedia":"Kingdom of Castile","wikidata":"Q179293","_a":20,"_c":[-3.49,40.88],"_nz":"卡斯蒂利亚王国","_sz":""}},
{"type":"Feature","geometry":{"type":"Polygon","coordinates":[[[97.84,17.96],[98.29,18.03],[98.64,18.41],[99.58,18.29],[99.61,18.48],[99.76,18.48],[100.19,18.86],[100.57,18.93],[100.67,19.12],[100.63,19.31],[100.67,19.57],[100.46,19.7],[100.57,19.89],[100.67,20.09],[100.53,20.15],[100.43,20.41],[100.21,20.47],[99.92,20.47],[99.6,20.34],[99.5,20.15],[99.2,20.15],[99.03,20.02],[99,19.83],[98.61,19.7],[98.11,19.83],[97.85,19.57],[97.78,18.61],[97.48,18.54],[97.84,17.96]]]},"properties":{"NAME":"Haripuñjaya","C":11,"name":"Haripuñjaya","start_year":1188,"end_year":1284,"capital":"","type":"polity","region":"","event":"","source":"Cliopatria / Seshat Global History Databank (CC BY 4.0)","wikipedia":"Haripuñjaya","wikidata":"Q255931","_a":8,"_c":[99.1,19.22],"_nz":"哈里奔猜","_sz":""}},
{"type":"Feature","geometry":{"type":"Polygon","coordinates":[[[2.07,51.11],[2.09,50.78],[2.27,50.65],[2.78,50.65],[3.04,50.45],[3.3,50.38],[3.54,50.51],[3.7,50.71],[4.03,50.78],[4.1,51.11],[3.25,51.18],[3.16,51.38],[2.16,51.11],[2.07,51.11]]]},"properties":{"NAME":"County of Flanders","C":4,"name":"County of Flanders","start_year":1188,"end_year":1215,"capital":"","type":"polity","region":"","event":"","source":"Cliopatria / Seshat Global History Databank (CC BY 4.0)","wikipedia":"County of Flanders","wikidata":"Q157070","_a":2,"_c":[3.09,50.88],"_nz":"佛兰德伯国","_sz":""}},
{"type":"Feature","geometry":{"type":"Polygon","coordinates":[[[76.74,15.44],[76.2,15.31],[75.87,15.01],[75.24,14.8],[75.09,14.58],[74.46,14.15],[74.59,13.93],[74.81,12.82],[75.2,11.99],[75.62,12.06],[76.61,11.65],[77.05,11.61],[77.48,11.86],[77.73,12.27],[78.19,13.6],[78.13,14.18],[77.06,14.31],[76.92,14.54],[76.94,15.24],[76.74,15.44]]]},"properties":{"NAME":"Hoysala Kingdom","C":4,"name":"Hoysala Kingdom","start_year":1188,"end_year":1240,"capital":"","type":"polity","region":"","event":"","source":"Cliopatria / Seshat Global History Databank (CC BY 4.0)","wikipedia":"Hoysala Kingdom","wikidata":"Q466581","_a":14,"_c":[76.32,13.52],"_nz":"霍伊萨拉王国","_sz":""}},
{"type":"Feature","geometry":{"type":"Polygon","coordinates":[[[4.15,49.98],[3.73,50.11],[2.55,50.11],[1.95,50.38],[1.62,50.25],[1.45,50.38],[1.45,50.25],[1.82,49.78],[1.77,49.18],[2.44,49.18],[2.61,49.05],[3.03,48.99],[3.37,48.85],[3.62,48.92],[3.6,49.25],[3.85,49.38],[3.84,49.58],[4.08,49.71],[4.15,49.98]]]},"properties":{"NAME":"County of Vermandois","C":7,"name":"County of Vermandois","start_year":1188,"end_year":1209,"capital":"","type":"polity","region":"","event":"","source":"Cliopatria / Seshat Global History Databank (CC BY 4.0)","wikipedia":"Vermandois","wikidata":"Q26385","_a":4,"_c":[2.8,49.62],"_nz":"韦尔芒杜瓦伯国","_sz":""}},
{"type":"Feature","geometry":{"type":"MultiPolygon","coordinates":[[[[10.85,35.64],[10.85,35.71],[10.46,35.9],[10.54,36.35],[10.46,36.42],[11.01,36.8],[11.01,37],[10.46,36.74],[10.23,36.8],[10.31,37.06],[10.23,37.25],[9.99,37.19],[9.76,37.32],[9.37,37.25],[9.06,37.06],[8.9,37.13],[8.52,36.87],[7.74,36.87],[7.5,37.06],[7.35,37.06],[7.19,36.87],[6.8,36.87],[6.33,37.06],[6.1,36.93],[6.11,36.8],[5.64,36.8],[5.56,36.67],[5.1,36.67],[4.86,36.87],[4.24,36.93],[3.85,36.8],[3.46,36.87],[3.23,36.74],[2.84,36.74],[2.69,36.61],[2.38,36.67],[1.53,36.48],[1.22,36.55],[0.91,36.35],[0.38,36.22],[0.08,35.84],[-0.46,35.84],[-0.53,35.71],[-0.92,35.71],[-1.36,35.26],[-1.59,35.26],[-1.89,35.07],[-2.66,35.07],[-2.98,35.26],[-3.13,35.19],[-4.75,35.19],[-5.24,35.52],[-5.34,35.84],[-5.88,35.77],[-6,35.32],[-6.29,35.07],[-6.33,34.55],[-6.47,34.36],[-6.7,34.29],[-6.61,34.16],[-6.9,33.91],[-8.55,33.33],[-9.2,32.75],[-9.33,32.49],[-9.31,32.17],[-9.52,31.98],[-9.51,31.85],[-9.73,31.72],[-9.78,31.34],[-9.86,31.34],[-9.88,30.56],[-9.65,30.5],[-9.63,30.18],[-9.83,29.79],[-10.05,29.67],[-10.04,29.54],[-10.33,29.34],[-10.47,29.09],[-10.98,28.83],[-11.62,28.25],[-10.47,27.93],[-8.66,27.93],[-8.01,28.38],[-7.56,28.51],[-7.35,28.77],[-7.2,28.77],[-6.18,29.54],[-5.88,29.54],[-5.88,29.67],[-5.59,29.92],[-5.44,29.92],[-4.87,30.5],[-4.57,30.56],[-4.65,30.69],[-4.21,31.01],[-4.21,31.14],[-3.92,31.4],[-3.78,31.59],[-3.56,31.66],[-3.64,31.79],[-3.42,31.91],[-3.35,32.11],[-2.83,32.49],[-2.84,32.62],[-2.54,32.75],[-1.88,33.33],[-1.57,33.33],[-1.58,33.46],[-1.28,33.59],[-0.99,33.91],[-0.83,33.91],[-0.47,34.36],[0.3,34.36],[0.45,34.49],[0.68,34.42],[1.29,34.61],[2.45,34.61],[2.92,34.36],[3.46,34.49],[3.84,34.42],[4.45,34.61],[5.15,34.55],[5.38,34.68],[6.15,34.68],[6.46,34.55],[6.92,34.61],[7.15,34.49],[7.61,34.55],[7.85,34.42],[8.08,34.49],[8.08,34.23],[8.77,34.23],[9.08,34.04],[9.32,33.59],[9.62,33.46],[9.55,33.33],[9.63,33.14],[10.08,33.14],[10.01,33.01],[10.39,33.01],[11.16,32.69],[11.31,32.49],[11.77,32.43],[11.77,32.3],[12.46,32.36],[13.07,32.3],[13.83,32.11],[14.59,31.66],[14.58,31.53],[15.19,31.08],[15.18,30.89],[15.49,30.95],[16.7,30.69],[18.28,30.05],[18.81,29.99],[18.9,30.37],[18.59,30.37],[18,30.89],[17.47,31.08],[16.18,31.21],[15.65,31.4],[15.58,31.59],[15.42,31.66],[15.21,32.36],[14.75,32.43],[14.67,32.56],[14.44,32.49],[14.07,32.75],[13.76,32.75],[13.76,32.88],[13.45,32.81],[13.3,32.94],[12.84,32.88],[12.84,32.75],[12.53,32.75],[12.23,32.81],[11.46,33.2],[11.16,33.2],[11.08,33.59],[10.7,33.52],[10.54,33.71],[10.24,33.71],[10.01,33.91],[10.08,34.23],[10,34.29],[10.54,34.55],[10.85,34.81],[10.85,34.94],[11.08,35],[11.01,35.39],[11.08,35.58],[10.85,35.64]]],[[[-8.82,38.48],[-8.82,37.58],[-8.9,37.58],[-9,37],[-8.7,37.13],[-8.31,37.13],[-8.07,37],[-7.68,37],[-7.45,37.13],[-7.47,37.25],[-6.84,37.25],[-6.59,37],[-6.35,36.93],[-6.33,36.67],[-6.06,36.22],[-5.83,36.22],[-5.66,36.03],[-5.29,36.22],[-5.23,36.48],[-4.69,36.55],[-4.47,36.74],[-2.68,36.74],[-2.53,36.87],[-2.06,36.8],[-1.86,37.32],[-1.4,37.58],[-0.7,37.64],[-0.8,38.03],[-0.66,38.29],[0.1,38.74],[-0.31,39.13],[-0.35,39.71],[-0.2,39.97],[0.11,40.1],[0.25,40.42],[0.4,40.55],[0.39,40.68],[-0.17,40.74],[-0.37,40.23],[-0.53,40.16],[-1.73,40.36],[-2.25,39.9],[-2.39,39.64],[-2.7,39.58],[-2.44,39.13],[-2.66,39],[-2.66,38.87],[-2.88,38.74],[-3.02,38.48],[-4.35,38.35],[-4.76,38.61],[-5.96,38.93],[-6.29,39.13],[-7.16,39.19],[-7.42,39.45],[-7.44,39.64],[-7.67,39.64],[-7.96,39.32],[-7.86,39.06],[-7.61,39],[-7.68,38.87],[-7.92,38.87],[-7.98,38.74],[-8.82,38.48]]]]},"properties":{"NAME":"Almohad Caliphate","C":5,"name":"Almohad Caliphate","start_year":1188,"end_year":1201,"capital":"","type":"polity","region":"","event":"","source":"Cliopatria / Seshat Global History Databank (CC BY 4.0)","wikipedia":"Almohad Caliphate","wikidata":"Q199688","_a":391,"_c":[3.64,34.34],"_nz":"穆瓦希德王朝","_sz":""}},
{"type":"Feature","geometry":{"type":"MultiPolygon","coordinates":[[[[14.73,52.99],[15.35,53.33],[15.44,53.53],[16.21,53.39],[16.48,53.6],[16.9,53.53],[17.76,53.53],[17.78,53.73],[17.53,54],[17.58,54.68],[17.5,54.82],[16.62,54.68],[15.99,54.27],[15.04,54.21],[14.51,54],[14.5,53.73],[14.16,53.87],[14.17,54.07],[13.3,54.21],[13.74,54.27],[13.66,54.61],[13.41,54.75],[13.14,54.68],[13.05,54.48],[12.44,54.48],[12.09,54.27],[11.4,54.14],[11.22,54],[10.88,53.73],[10.88,53.46],[11.22,53.19],[12.16,52.99],[12.5,53.06],[12.76,52.86],[14.05,52.99],[14.31,53.19],[14.73,52.99]]],[[[15.07,55.02],[15.08,55.23],[14.64,55.29],[14.64,55.09],[15.07,55.02]]],[[[10.19,54.48],[9.93,54.55],[10.01,55.02],[10.54,55.02],[10.54,54.75],[10.71,54.75],[10.88,54.95],[10.8,55.43],[10.63,55.63],[9.75,55.57],[9.93,55.7],[10.01,55.91],[10.28,55.98],[10.54,56.18],[10.81,56.18],[10.9,56.52],[10.28,56.59],[10.28,57.08],[10.55,57.28],[10.46,57.77],[9.92,57.7],[9.83,57.56],[9.39,57.21],[8.5,57.21],[8.24,57.01],[8.24,56.73],[7.98,56.66],[8,55.63],[8.53,55.36],[8.44,55.23],[8.53,54.82],[8.8,54.61],[8.8,54.48],[8.54,54.41],[8.54,54.27],[8.8,54.21],[9.93,54.27],[10.19,54.48]]],[[[11.8,57.63],[11.79,57.42],[12.06,57.35],[12.14,57.08],[12.41,56.94],[12.4,56.8],[12.75,56.66],[12.57,56.52],[12.66,56.32],[12.48,56.18],[11.33,56.05],[11.24,55.84],[10.89,55.77],[11.06,55.57],[10.97,55.29],[11.5,55.23],[11.67,55.09],[11.67,54.89],[10.97,55.02],[10.88,54.75],[12.1,54.75],[12.11,55.16],[12.37,55.23],[12.38,55.43],[12.2,55.57],[12.56,55.7],[12.56,55.98],[12.91,55.77],[12.81,55.36],[14.3,55.36],[14.23,55.91],[14.76,55.98],[14.77,56.18],[15.82,56.11],[16.1,56.39],[15.93,56.52],[13.46,56.59],[13.12,57.14],[12.59,57.49],[12.33,57.77],[11.98,57.77],[11.8,57.63]]]]},"properties":{"NAME":"Kingdom of Denmark","C":6,"name":"Kingdom of Denmark","start_year":1188,"end_year":1201,"capital":"","type":"polity","region":"","event":"","source":"Cliopatria / Seshat Global History Databank (CC BY 4.0)","wikipedia":"Danish Realm","wikidata":"Q756617","_a":48,"_c":[12.88,55.32],"_nz":"丹麦王国","_sz":""}},
{"type":"Feature","geometry":{"type":"Polygon","coordinates":[[[44.63,61.9],[44.78,62.33],[44.79,62.9],[44.66,63.05],[44.44,63.77],[44.45,64.06],[43.75,64.79],[43.06,65],[43.09,65.08],[42.23,65.08],[41.94,64.79],[41.48,64.57],[40.86,64.71],[40.89,64.79],[40.26,64.93],[40.19,64.71],[39.62,64.71],[38.88,64.79],[38.21,64.79],[38.16,64.93],[36.92,65.3],[36.65,65],[36.32,64.86],[36.79,64.49],[37.89,64.35],[37.88,63.99],[37.39,63.91],[36.55,63.99],[36.25,64.28],[35.82,64.42],[35.15,64.42],[34.81,64.57],[34.58,64.42],[34.41,64.13],[34.01,64.06],[33.88,63.91],[32.14,63.77],[31.73,63.62],[31.4,63.41],[31.12,62.98],[30.62,62.83],[30.19,62.55],[28.8,62.12],[28.68,61.97],[27.69,61.62],[27.57,61.48],[26.89,61.26],[26.82,60.84],[26.62,60.7],[26.48,60.42],[27.05,60.56],[27.77,60.49],[28.54,60.7],[28.49,60.42],[28.99,60.14],[29.66,60.28],[30.16,60.07],[30.14,59.92],[29.94,59.85],[29.07,60.07],[28.85,59.85],[28.41,59.92],[28.29,59.78],[27.93,59.78],[27.88,59.5],[28.04,59.36],[27.74,59.22],[27.72,58.53],[27.45,58.53],[27.41,58.25],[27.56,58.11],[27.94,58.25],[27.98,57.9],[27.72,57.97],[27.32,57.7],[27.3,57.56],[27.72,57.42],[27.57,57.01],[27.81,56.87],[27.9,56.87],[28.27,56.94],[28.38,57.08],[29.42,56.94],[29.75,56.8],[30.11,56.32],[30.37,56.32],[30.84,56.46],[31.13,57.08],[31.94,57.14],[32.45,57.49],[32.63,57.49],[32.86,57.77],[33.13,57.77],[33.37,57.63],[33.34,57.49],[33.61,57.08],[33.91,56.8],[33.93,56.46],[34.05,56.18],[34.21,56.11],[34.24,55.84],[34.65,55.7],[34.96,55.91],[34.91,56.11],[35.13,56.32],[35.21,56.66],[35.53,56.52],[36.11,56.73],[36.55,58.25],[36.42,58.46],[36.45,58.95],[36.03,59.09],[35.9,59.29],[35.91,59.71],[35.73,60.07],[35.85,60.56],[36.74,60.84],[38.32,60.91],[38.38,60.77],[39.29,60.42],[39.32,60.21],[39.74,60.07],[39.86,59.85],[40.28,59.71],[40.61,59.29],[40.79,59.29],[41.6,59.57],[41.64,59.71],[42.2,60.07],[43.01,60.91],[43.43,61.62],[44.28,61.69],[44.63,61.9]]]},"properties":{"NAME":"Novgorod Republic","C":2,"name":"Novgorod Republic","start_year":1188,"end_year":1201,"capital":"","type":"polity","region":"","event":"","source":"Cliopatria / Seshat Global History Databank (CC BY 4.0)","wikipedia":"Novgorod Republic","wikidata":"Q151536","_a":176,"_c":[35.64,60.5],"_nz":"诺夫哥罗德共和国","_sz":""}},
{"type":"Feature","geometry":{"type":"Polygon","coordinates":[[[5.3,46.28],[5.37,46.41],[5.43,47.07],[5.59,47.14],[5.58,47.66],[5.25,47.6],[4.82,47.99],[4.34,47.66],[4.17,47.66],[3.91,47.93],[3.75,47.8],[3.77,47.53],[3.61,47.4],[3.94,47.33],[3.87,47.14],[3.96,46.81],[3.8,46.68],[4.05,46.68],[4.23,46.41],[4.23,46.28],[4.73,45.96],[4.9,46.02],[4.97,46.28],[5.3,46.28]]]},"properties":{"NAME":"Kingdom of Arles","C":9,"name":"Kingdom of Arles","start_year":1188,"end_year":1205,"capital":"","type":"polity","region":"","event":"","source":"Cliopatria / Seshat Global History Databank (CC BY 4.0)","wikipedia":"Kingdom of Arles","wikidata":"Q3271735","_a":4,"_c":[4.6,46.98],"_nz":"阿尔勒王国","_sz":""}},
{"type":"Feature","geometry":{"type":"MultiPolygon","coordinates":[[[[8.41,39.58],[8.33,39.51],[8.42,38.93],[8.97,38.87],[9.12,39.19],[9.59,39.13],[9.67,39.64],[9.75,39.64],[9.74,40.16],[9.51,40.23],[9.43,40.23],[9.27,40.03],[8.96,39.64],[8.41,39.58]]],[[[9.49,43.02],[9.25,43.02],[9.17,42.76],[8.77,42.69],[8.53,42.5],[8.54,42.11],[8.78,41.72],[8.78,41.52],[9.1,41.33],[9.26,41.39],[9.58,41.98],[9.57,42.76],[9.49,43.02]]],[[[10.46,42.89],[10.13,42.89],[10.21,42.69],[10.46,42.69],[10.46,42.89]]],[[[10.21,43.93],[10.29,43.67],[10.45,43.47],[10.54,43.08],[10.78,42.95],[10.78,43.21],[10.62,43.34],[10.7,43.8],[10.21,43.93]]]]},"properties":{"NAME":"Republic of Pisa","C":4,"name":"Republic of Pisa","start_year":1188,"end_year":1201,"capital":"","type":"polity","region":"","event":"","source":"Cliopatria / Seshat Global History Databank (CC BY 4.0)","wikipedia":"Republic of Pisa","wikidata":"Q1365493","_a":12,"_c":[9.56,41.4],"_nz":"比萨共和国","_sz":""}},
{"type":"Feature","geometry":{"type":"Polygon","coordinates":[[[17.97,51.25],[17.48,51.45],[17.05,51.45],[16.98,51.65],[16.72,51.58],[16.22,51.78],[16.06,52.05],[15.47,52.12],[15.39,52.32],[14.97,52.45],[15.06,52.72],[14.73,52.99],[14.31,53.19],[14.05,52.99],[14.13,52.79],[14.55,52.65],[14.54,52.32],[14.96,52.12],[14.95,51.98],[14.61,51.85],[14.6,51.71],[14.6,51.65],[14.76,51.45],[14.93,51.45],[15.19,51.65],[15.53,51.65],[15.69,51.38],[15.68,51.05],[15.93,50.98],[15.92,50.71],[16.34,50.65],[16.42,50.51],[17.08,50.38],[17.25,50.25],[17.52,50.71],[18.7,50.71],[18.71,50.85],[18.05,51.11],[17.97,51.25]]]},"properties":{"NAME":"Duchy of Silesia","C":8,"name":"Duchy of Silesia","start_year":1188,"end_year":1201,"capital":"","type":"polity","region":"","event":"","source":"Cliopatria / Seshat Global History Databank (CC BY 4.0)","wikipedia":"Duchy of Silesia","wikidata":"Q568638","_a":14,"_c":[16.38,51.72],"_nz":"西里西亚公国","_sz":""}},
{"type":"Feature","geometry":{"type":"Polygon","coordinates":[[[72.73,22.35],[72.52,22.02],[72.51,21.15],[72.71,20.52],[72.51,19.75],[72.78,19.31],[73.52,19.08],[73.92,18.06],[74.57,15.45],[77.39,16.19],[78.01,15.93],[78.23,15.78],[78.14,16.27],[78.22,16.75],[77.77,17.69],[77.79,19.08],[78.93,19.57],[79.5,19.62],[79.99,19.94],[79.7,20.25],[79.61,20.85],[79.78,21.27],[79.47,22.32],[78.99,22.38],[78.28,22.13],[77.74,22.15],[77.54,22.5],[77.45,23.15],[77.45,23.63],[76.46,23.63],[76.66,23.35],[75.72,23.15],[75.26,22.98],[75.09,22.78],[74.53,22.86],[74.37,23.04],[74.16,23.29],[73.9,23.35],[73.64,23.26],[73.42,22.89],[72.73,22.35]]]},"properties":{"NAME":"Yadava Dynasty","C":0,"name":"Yadava Dynasty","start_year":1188,"end_year":1235,"capital":"","type":"polity","region":"","event":"","source":"Cliopatria / Seshat Global History Databank (CC BY 4.0)","wikipedia":"Yadava Dynasty","wikidata":"Q5790","_a":61,"_c":[76.25,19.54],"_nz":"雅达瓦王朝","_sz":""}},
{"type":"Feature","geometry":{"type":"Polygon","coordinates":[[[77.45,23.15],[77.53,22.59],[79.3,22.85],[79.34,23.01],[78.79,24.44],[78.8,25.04],[78.98,25.26],[78.84,25.33],[78.71,25.66],[78.84,25.98],[78.72,26.11],[78.74,26.32],[78.29,26.65],[78.26,26.77],[77.91,26.84],[76.47,25.91],[76.17,26.02],[76.01,25.92],[74.92,25.39],[74.82,25.7],[74.66,25.78],[73.89,25.55],[73.85,25.44],[73.48,25.15],[73.81,24.63],[74.13,24.37],[74.13,24.06],[74.4,24.01],[74.49,23.54],[74.37,23.04],[74.53,22.86],[75.09,22.78],[75.26,22.98],[75.72,23.15],[76.66,23.35],[76.46,23.63],[77.45,23.63],[77.45,23.15]]]},"properties":{"NAME":"Paramara Dynasty","C":3,"name":"Paramara Dynasty","start_year":1188,"end_year":1201,"capital":"","type":"polity","region":"","event":"","source":"Cliopatria / Seshat Global History Databank (CC BY 4.0)","wikipedia":"Paramara dynasty","wikidata":"Q7135130","_a":25,"_c":[76.41,24.72],"_nz":"帕拉玛拉王朝","_sz":""}},
{"type":"Feature","geometry":{"type":"Polygon","coordinates":[[[36.65,55.23],[36.37,55.57],[35.89,55.77],[34.96,55.91],[34.65,55.7],[34.24,55.84],[34.21,56.11],[34.05,56.18],[33.93,56.46],[33.91,56.8],[33.61,57.08],[33.34,57.49],[33.37,57.63],[33.13,57.77],[32.86,57.77],[32.63,57.49],[32.45,57.49],[31.94,57.14],[31.13,57.08],[30.84,56.46],[30.37,56.32],[30.11,56.32],[29.75,56.8],[29.42,56.94],[28.38,57.08],[28.27,56.94],[27.9,56.87],[27.88,56.73],[28.12,56.59],[28.15,56.18],[27.97,56.18],[27.47,55.77],[27.29,55.77],[27.43,55.5],[28.25,55.16],[29.46,55.09],[30.84,54.95],[30.81,54.82],[30.41,54.48],[30.48,54.41],[30.39,53.87],[29.96,53.33],[30.04,53.26],[31.24,53.26],[32.16,53.12],[32.82,53.46],[33.37,54.07],[33.47,54.14],[33.91,54.21],[34.78,53.8],[35.01,54.07],[35.3,54.21],[35.32,54.34],[35.92,54.68],[35.95,54.82],[36.5,54.95],[36.65,55.23]]]},"properties":{"NAME":"Principality of Smolensk","C":1,"name":"Principality of Smolensk","start_year":1188,"end_year":1201,"capital":"","type":"polity","region":"","event":"","source":"Cliopatria / Seshat Global History Databank (CC BY 4.0)","wikipedia":"Principality of Smolensk","wikidata":"Q1483495","_a":44,"_c":[31.97,55.45],"_nz":"斯摩棱斯克公国","_sz":""}},
{"type":"Feature","geometry":{"type":"Polygon","coordinates":[[[20.15,52.05],[20.08,52.25],[19.48,52.32],[19.42,52.65],[19.1,52.92],[18.93,52.92],[18.53,53.33],[18.26,53.26],[18.33,52.99],[18.66,52.79],[18.65,52.65],[19.62,51.85],[19.87,51.78],[20.22,51.92],[20.15,52.05]]]},"properties":{"NAME":"Duchy of Kuyavia","C":8,"name":"Duchy of Kuyavia","start_year":1188,"end_year":1201,"capital":"","type":"polity","region":"","event":"","source":"Cliopatria / Seshat Global History Databank (CC BY 4.0)","wikipedia":"Duchy of Kuyavia","wikidata":"Q11750543","_a":3,"_c":[19.25,52.56],"_nz":"库亚维亚公国","_sz":""}},
{"type":"Feature","geometry":{"type":"Polygon","coordinates":[[[-79.3,-7.81],[-79.46,-7.94],[-78.98,-8.46],[-78.81,-8.2],[-79.02,-8.01],[-79.08,-7.75],[-79.3,-7.81]]]},"properties":{"NAME":"Chimu Empire","C":0,"name":"Chimu Empire","start_year":1188,"end_year":1201,"capital":"","type":"polity","region":"","event":"","source":"Cliopatria / Seshat Global History Databank (CC BY 4.0)","wikipedia":"Chimor","wikidata":"Q581741","_a":0,"_c":[-79.13,-8.1],"_nz":"奇穆帝国","_sz":""}},
{"type":"Feature","geometry":{"type":"Polygon","coordinates":[[[78.23,15.78],[78.47,15.62],[78.77,15.22],[78.94,14.74],[79.43,14.79],[79.82,14.31],[80.16,14.28],[80.16,15.19],[80.33,15.73],[80.7,15.87],[81.06,15.66],[81.77,16.31],[82.4,16.57],[83.84,18.16],[82.6,19.65],[82,20.18],[80.75,20.19],[80.27,20.08],[79.99,19.94],[79.5,19.62],[78.93,19.57],[77.79,19.08],[77.77,17.69],[78.22,16.75],[78.14,16.27],[78.23,15.78]]]},"properties":{"NAME":"Kakatiya Dynasty","C":1,"name":"Kakatiya Dynasty","start_year":1188,"end_year":1259,"capital":"","type":"polity","region":"","event":"","source":"Cliopatria / Seshat Global History Databank (CC BY 4.0)","wikipedia":"Kakatiya dynasty","wikidata":"Q2086556","_a":36,"_c":[80.81,17.24],"_nz":"卡卡提亚王朝","_sz":""}},
{"type":"Feature","geometry":{"type":"Polygon","coordinates":[[[36.52,36.8],[35.84,36.29],[35.99,36.22],[35.85,35.64],[36.41,35.84],[36.61,36.22],[36.6,36.8],[36.52,36.8]]]},"properties":{"NAME":"Principality of Antioch","C":5,"name":"Principality of Antioch","start_year":1188,"end_year":1259,"capital":"","type":"polity","region":"","event":"","source":"Cliopatria / Seshat Global History Databank (CC BY 4.0)","wikipedia":"Principality of Antioch","wikidata":"Q235030","_a":1,"_c":[36.23,36.22],"_nz":"安条克公国","_sz":""}},
{"type":"Feature","geometry":{"type":"MultiPolygon","coordinates":[[[[4.36,45.17],[4.68,45.24],[4.5,45.56],[5.07,45.63],[5.3,46.28],[4.97,46.28],[4.9,46.02],[4.73,45.96],[4.23,46.28],[4.23,46.41],[3.98,46.35],[4.08,46.02],[3.92,45.96],[3.94,45.37],[4.27,45.37],[4.36,45.17]]],[[[3.91,47.93],[3.65,48.32],[3.48,48.46],[3.06,48.52],[2.88,48.65],[2.79,48.85],[3.03,48.99],[2.61,49.05],[2.44,49.18],[1.77,49.18],[1.39,48.65],[1.57,48.46],[1.73,48.46],[1.69,47.86],[1.77,47.86],[1.89,47.14],[2.71,47.2],[2.62,47.4],[2.37,47.47],[2.43,47.86],[2.76,47.8],[3.25,47.99],[3.75,47.8],[3.91,47.93]]],[[[1.45,50.38],[1.62,50.25],[1.95,50.38],[2.55,50.11],[3.73,50.11],[3.54,50.51],[3.3,50.38],[3.04,50.45],[2.78,50.65],[2.27,50.65],[2.09,50.78],[2.07,51.11],[1.58,50.98],[1.58,50.91],[1.85,50.71],[1.69,50.58],[1.43,50.58],[1.45,50.38]]]]},"properties":{"NAME":"Kingdom of France","C":7,"name":"Kingdom of France","start_year":1188,"end_year":1205,"capital":"","type":"polity","region":"","event":"","source":"Cliopatria / Seshat Global History Databank (CC BY 4.0)","wikipedia":"Kingdom of France","wikidata":"Q207162","_a":23,"_c":[3.35,48.14],"_nz":"法兰西王国","_sz":""}},
{"type":"Feature","geometry":{"type":"Polygon","coordinates":[[[4.34,43.47],[4.41,43.67],[4.73,43.93],[4.48,44.12],[4.47,44.32],[4.06,44.52],[3.97,44.78],[3.56,44.78],[3.47,44.91],[3.23,44.91],[3.16,44.71],[2.92,44.65],[2.75,44.84],[2.58,44.84],[2.52,44.58],[2.28,44.52],[2.1,44.78],[1.45,44.84],[1.38,44.65],[1.06,44.52],[0.92,44.19],[0.95,43.67],[0.64,43.47],[0.97,43.34],[0.81,43.21],[0.98,43.02],[0.99,42.82],[1.49,42.63],[1.73,42.63],[1.81,42.5],[2.04,42.69],[2.52,42.82],[2.59,42.95],[2.99,43.02],[3.14,43.28],[3.62,43.41],[3.85,43.6],[4.17,43.6],[4.34,43.47]]]},"properties":{"NAME":"County of Toulouse","C":1,"name":"County of Toulouse","start_year":1188,"end_year":1205,"capital":"","type":"polity","region":"","event":"","source":"Cliopatria / Seshat Global History Databank (CC BY 4.0)","wikipedia":"County of Toulouse","wikidata":"Q1334322","_a":10,"_c":[2.69,43.71],"_nz":"图卢兹伯国","_sz":""}},
{"type":"Feature","geometry":{"type":"Polygon","coordinates":[[[1.13,41.78],[1.85,41.78],[2.08,41.85],[2.23,42.17],[2.86,42.3],[3.09,42.5],[2.99,43.02],[2.59,42.95],[2.52,42.82],[2.04,42.69],[1.81,42.5],[1.75,42.17],[1.37,41.85],[1.13,41.78]]]},"properties":{"NAME":"County of Berga","C":6,"name":"County of Berga","start_year":1188,"end_year":1209,"capital":"","type":"polity","region":"","event":"","source":"Cliopatria / Seshat Global History Databank (CC BY 4.0)","wikipedia":"Berga","wikidata":"Q15487","_a":2,"_c":[2.11,42.4],"_nz":"贝尔加伯国","_sz":""}},
{"type":"Feature","geometry":{"type":"Polygon","coordinates":[[[107.07,10.7],[107.05,10.44],[107.34,10.38],[108.03,10.7],[108.12,10.89],[108.57,11.02],[109.21,11.6],[109.23,12.37],[109.32,12.56],[109.47,12.56],[109.51,12.95],[109.38,13.08],[109.36,13.53],[109.29,13.53],[109.35,14.04],[109.18,14.36],[109.16,14.75],[108.97,15.01],[109.02,15.33],[108.68,15.52],[108.7,15.65],[108.38,15.97],[108.39,16.04],[108.14,16.36],[107.84,16.36],[107.72,16.49],[107.67,16.68],[107.48,16.87],[107.33,16.87],[107.29,17.06],[106.95,17.26],[106.61,16.94],[106.69,16.49],[106.97,16.42],[107.15,16.16],[107.5,16.04],[107.3,15.65],[107.69,15.33],[107.57,15.01],[107.6,14.69],[107.42,14.43],[107.38,14.11],[107.67,13.46],[107.52,12.89],[107.6,12.89],[107.63,12.5],[106.85,12.05],[106.88,11.66],[107.06,11.28],[107.11,11.02],[107.07,10.7]]]},"properties":{"NAME":"Chámpa","C":6,"name":"Chámpa","start_year":1188,"end_year":1205,"capital":"","type":"polity","region":"","event":"","source":"Cliopatria / Seshat Global History Databank (CC BY 4.0)","wikipedia":"Champa","wikidata":"Q216786","_a":20,"_c":[108.06,13.82],"_nz":"占婆","_sz":""}},
{"type":"Feature","geometry":{"type":"Polygon","coordinates":[[[-4.19,43.41],[-5.65,43.54],[-7.18,43.54],[-7.28,43.73],[-8.24,43.73],[-8.39,43.6],[-8.37,43.41],[-8.85,43.41],[-9.3,43.15],[-9.08,42.56],[-8.66,42.37],[-8.96,42.17],[-8.93,41.91],[-8.47,42.11],[-8.22,41.98],[-8.12,41.78],[-6.7,41.98],[-6.52,41.72],[-6.27,41.65],[-6.25,41.46],[-6.93,41],[-6.87,40.36],[-7.01,40.23],[-6.84,40.03],[-6.9,39.77],[-7.44,39.64],[-7.42,39.45],[-7.16,39.19],[-6.29,39.13],[-5.96,38.93],[-4.76,38.61],[-4.64,39.13],[-5.04,39.19],[-5.22,39.51],[-5.45,39.45],[-5.48,39.77],[-5.33,39.9],[-5.43,40.23],[-4.9,40.42],[-4.43,41.59],[-4.13,41.78],[-3.89,41.78],[-3.91,42.04],[-4.24,42.11],[-4.12,42.56],[-4.37,42.76],[-4.4,43.08],[-4.19,43.41]]]},"properties":{"NAME":"Kingdom of León","C":8,"name":"Kingdom of León","start_year":1188,"end_year":1201,"capital":"","type":"polity","region":"","event":"","source":"Cliopatria / Seshat Global History Databank (CC BY 4.0)","wikipedia":"Kingdom of León","wikidata":"Q175276","_a":28,"_c":[-6.56,41.17],"_nz":"莱昂王国","_sz":""}},
{"type":"Feature","geometry":{"type":"Polygon","coordinates":[[[1.58,50.91],[1.43,50.58],[1.69,50.58],[1.85,50.71],[1.58,50.91]]]},"properties":{"NAME":"County of Boulogne","C":10,"name":"County of Boulogne","start_year":1188,"end_year":1235,"capital":"","type":"polity","region":"","event":"","source":"Cliopatria / Seshat Global History Databank (CC BY 4.0)","wikipedia":"County of Boulogne","wikidata":"Q1431527","_a":0,"_c":[1.64,50.75],"_nz":"布洛涅伯国","_sz":""}},
{"type":"Feature","geometry":{"type":"MultiPolygon","coordinates":[[[[-4.11,57.9],[-4.12,57.97],[-3.43,58.18],[-3.02,58.53],[-3.04,58.67],[-5.2,58.67],[-5.17,58.46],[-5.42,58.32],[-5.46,57.97],[-5.26,57.83],[-4.82,57.83],[-4.11,57.9]]],[[[-3.44,59.02],[-3.42,58.81],[-2.79,58.88],[-2.81,59.02],[-3.38,59.22],[-3.44,59.02]]],[[[-0.81,60.63],[-0.83,60.84],[-1.28,60.77],[-1.63,60.63],[-1.67,60.21],[-1.2,60.07],[-1.16,60.56],[-0.81,60.63]]],[[[12.87,61.34],[12.51,61.62],[12.61,61.76],[13.07,61.76],[14.29,62.12],[14.5,62.55],[14.89,62.98],[15.01,63.48],[15.21,63.62],[15.22,63.91],[14.95,64.06],[14.95,64.2],[13.46,64.79],[13.38,65.22],[13.19,65.3],[13.2,65.66],[13.6,65.96],[13.79,65.96],[14.8,66.77],[15,66.77],[15.72,67.37],[16.32,67.52],[16.43,67.74],[16.43,67.67],[16.43,67.74],[16.64,67.82],[16.74,67.89],[16.74,67.82],[16.84,67.89],[16.94,67.97],[17.05,68.05],[17.06,68.12],[17.27,68.27],[17.29,68.5],[17.6,68.65],[18.02,68.88],[18.43,68.95],[18.65,69.18],[19.16,69.26],[19.38,69.41],[18.79,69.56],[18.92,69.79],[18.31,69.79],[17.89,69.64],[16.87,69.49],[17.04,69.11],[17.65,69.18],[17.52,68.88],[16.61,68.73],[16.62,68.88],[15.92,68.88],[15.94,69.11],[15.75,69.33],[14.52,68.88],[14.4,68.5],[14.19,68.2],[15.58,68.27],[15.36,67.97],[15.07,67.97],[14.95,67.67],[14.55,67.52],[14.44,67.3],[14.13,67.07],[13.64,67.07],[13.63,66.77],[13.24,66.77],[12.94,66.62],[13.12,66.25],[12.35,66.25],[12.34,65.88],[12.53,65.74],[12.14,65.59],[12.04,65.44],[12.13,65.15],[11.45,65],[11.35,64.86],[11.44,64.57],[10.87,64.64],[10.3,64.42],[10.3,64.28],[9.92,64.13],[9.92,63.99],[9.54,63.91],[9.54,63.62],[9.26,63.41],[8.98,63.48],[9.07,63.7],[8.5,63.7],[8.22,63.48],[7.84,63.55],[7.75,63.34],[8.22,63.34],[8.23,63.19],[7.95,63.05],[6.92,63.05],[6.92,62.83],[7.39,62.76],[7.4,62.62],[6.64,62.76],[6.56,62.47],[5.91,62.4],[5.44,62.4],[5.45,62.19],[5.08,62.26],[5.19,61.9],[4.91,61.76],[5.03,61.19],[4.95,61.05],[5.16,60.49],[4.89,60.42],[4.9,60.21],[5.26,60.28],[5.45,60.14],[5.18,60],[5.28,59.78],[5.21,59.29],[5.85,59.29],[5.95,59.02],[5.5,59.02],[5.51,58.6],[5.7,58.46],[6.52,58.25],[6.61,58.04],[7.6,57.97],[8.67,58.32],[9.11,58.74],[9.38,58.74],[9.65,59.02],[10.01,58.95],[10.37,59.16],[10.47,59.43],[10.83,59.16],[11.1,59.16],[11.18,58.39],[11.36,58.39],[11.45,58.11],[11.71,57.97],[11.89,57.97],[12.16,58.18],[12.09,58.88],[12,58.88],[12.01,59.43],[11.92,59.92],[12.38,60.07],[12.58,60.49],[12.31,60.77],[12.31,60.98],[12.68,61.12],[12.87,61.34]],[[16.85,67.97],[16.84,67.89],[16.74,67.89],[16.85,67.97]]],[[[-6.96,62.4],[-7.32,62.33],[-7.28,62.05],[-6.69,61.9],[-6.66,62.26],[-6.96,62.4]]],[[[13.59,68.12],[14.09,68.2],[14.1,68.42],[13.7,68.42],[13.39,68.2],[13.59,68.12]]]]},"properties":{"NAME":"Old Kingdom of Norway","C":1,"name":"Old Kingdom of Norway","start_year":1188,"end_year":1271,"capital":"","type":"polity","region":"","event":"","source":"Cliopatria / Seshat Global History Databank (CC BY 4.0)","wikipedia":"Norway","wikidata":"Q202266","_a":319,"_c":[6.03,63.81],"_nz":"挪威早期王国","_sz":""}},
{"type":"Feature","geometry":{"type":"Polygon","coordinates":[[[14.6,51.71],[14.61,51.85],[14.95,51.98],[14.96,52.12],[14.54,52.32],[14.55,52.65],[14.13,52.79],[14.05,52.99],[12.76,52.86],[12.5,53.06],[12.16,52.99],[11.22,53.19],[10.88,53.46],[10.88,53.73],[11.22,54],[10.88,54.07],[11.05,54.21],[11.05,54.41],[10.19,54.48],[9.93,54.27],[8.8,54.21],[8.89,53.87],[8.46,53.94],[8.38,53.66],[7.94,53.73],[7.08,53.73],[6.92,53.46],[6.23,53.53],[5.54,53.39],[5.21,53.12],[5.39,52.86],[4.97,52.65],[4.87,52.99],[4.7,52.99],[4.45,52.72],[4.46,52.52],[4.22,52.32],[4.22,52.18],[3.81,51.92],[3.74,51.65],[3.4,51.65],[3.41,51.51],[3.16,51.38],[3.25,51.18],[4.1,51.11],[4.03,50.78],[3.7,50.71],[3.54,50.51],[3.73,50.11],[4.15,49.98],[4.58,49.91],[4.68,49.45],[5.03,49.12],[4.87,48.99],[4.88,48.52],[5.3,48.39],[5.82,47.86],[5.82,47.73],[5.58,47.66],[5.59,47.14],[5.43,47.07],[5.37,46.41],[5.3,46.28],[5.07,45.63],[4.5,45.56],[4.68,45.24],[4.36,45.17],[3.97,44.78],[4.06,44.52],[4.47,44.32],[4.48,44.12],[4.73,43.93],[4.41,43.67],[4.34,43.47],[5.06,43.47],[5.39,43.41],[5.8,43.15],[6.28,43.15],[6.6,43.28],[6.67,43.47],[7.47,43.8],[7.55,43.8],[7.55,43.99],[7.71,44.12],[8.19,44.12],[8.35,44.32],[8.35,44.45],[8.59,44.65],[8.91,44.58],[9.16,44.65],[9.48,44.65],[9.64,44.52],[9.65,44.32],[9.97,44.12],[9.97,44.06],[9.97,43.99],[10.21,43.93],[10.7,43.8],[10.62,43.34],[10.78,43.21],[10.78,42.95],[11.02,42.82],[11.02,42.63],[11.49,42.37],[11.57,42.37],[11.74,42.63],[12.06,42.76],[11.98,43.15],[11.82,43.34],[12.22,43.41],[12.14,43.08],[12.3,43.08],[12.3,42.56],[12.93,42.17],[12.86,42.5],[13.1,42.69],[13.34,42.69],[13.58,42.89],[13.91,42.95],[13.75,43.08],[13.67,43.41],[13.36,43.67],[12.87,43.8],[12.31,44.19],[12.15,44.45],[12.16,44.84],[12.4,44.78],[12.4,45.04],[12.16,45.17],[12.16,45.37],[12,45.56],[12.16,45.69],[12.74,45.82],[12.98,45.82],[13.71,45.76],[13.63,45.5],[13.95,45.04],[14.19,45.04],[14.28,45.37],[14.45,45.63],[15.34,45.5],[15.26,45.76],[15.68,45.96],[15.6,46.22],[16.02,46.35],[15.86,46.68],[16.12,47.07],[16.14,47.53],[16.3,47.53],[16.32,47.86],[16.49,47.99],[16.98,48.06],[16.83,48.32],[16.93,48.72],[17.94,48.99],[18.38,49.45],[18.72,49.52],[18.32,49.85],[18.32,49.98],[17.9,49.98],[17.66,50.11],[17.25,50.25],[17.08,50.38],[16.42,50.51],[16.34,50.65],[15.92,50.71],[15.93,50.98],[15.68,51.05],[15.69,51.38],[15.53,51.65],[15.19,51.65],[14.93,51.45],[14.76,51.45],[14.6,51.65],[14.6,51.71]]]},"properties":{"NAME":"Holy Roman Empire","C":7,"name":"Holy Roman Empire","start_year":1188,"end_year":1201,"capital":"","type":"polity","region":"","event":"","source":"Cliopatria / Seshat Global History Databank (CC BY 4.0)","wikipedia":"Holy Roman Empire","wikidata":"Q12548","_a":192,"_c":[10.94,48.33],"_nz":"神圣罗马帝国","_sz":""}},
{"type":"Feature","geometry":{"type":"Polygon","coordinates":[[[25.42,47.07],[25.26,47.2],[25.21,47.47],[24.89,47.6],[24.91,47.8],[24.59,47.93],[24.69,48.13],[24.37,48.26],[24.38,48.39],[24.05,48.46],[23.83,48.72],[23.09,48.85],[22.78,49.12],[22.52,49.05],[21.8,49.38],[21.39,49.45],[20.96,49.32],[20.21,49.38],[19.87,49.18],[19.39,49.58],[19.13,49.45],[18.72,49.52],[18.38,49.45],[17.94,48.99],[16.93,48.72],[16.83,48.32],[16.98,48.06],[16.49,47.99],[16.32,47.86],[16.3,47.53],[16.14,47.53],[16.12,47.07],[15.86,46.68],[16.02,46.35],[15.6,46.22],[15.68,45.96],[15.26,45.76],[15.34,45.5],[14.45,45.63],[14.28,45.37],[14.6,45.37],[14.6,45.17],[14.92,44.97],[14.91,44.58],[15.15,44.45],[15.15,44.39],[15.39,44.32],[15.38,44.12],[15.62,43.93],[15.86,43.93],[16.1,43.73],[16.42,43.73],[17.05,43.47],[17.37,43.21],[17.52,43.08],[17.52,43.02],[18.01,43.15],[18.01,43.28],[17.85,43.28],[17.62,43.47],[17.55,43.86],[17.15,43.99],[16.92,44.19],[16.92,44.32],[16.29,44.58],[16.29,44.84],[16.62,44.78],[16.79,45.04],[17.03,45.04],[17.1,44.78],[17.5,44.65],[18.09,45.1],[18.58,45.1],[18.89,44.84],[19.14,44.97],[19.24,45.24],[19.89,45.24],[20.14,45.37],[20.29,45.17],[20.53,45.1],[20.52,44.91],[20.75,44.71],[21.41,44.84],[21.88,44.65],[21.95,44.52],[22.69,44.65],[22.95,44.84],[23.32,45.5],[24.14,45.5],[24.47,45.56],[24.56,45.76],[25.54,45.76],[25.81,45.96],[25.91,46.15],[25.75,46.22],[25.71,46.68],[25.42,47.07]]]},"properties":{"NAME":"Kingdom of Hungary","C":10,"name":"Kingdom of Hungary","start_year":1192,"end_year":1201,"capital":"","type":"polity","region":"","event":"","source":"Cliopatria / Seshat Global History Databank (CC BY 4.0)","wikipedia":"Kingdom of Hungary","wikidata":"Q171150","_a":76,"_c":[20.1,46.3],"_nz":"匈牙利王国","_sz":""}},
{"type":"Feature","geometry":{"type":"Polygon","coordinates":[[[68.49,37.13],[67.92,37],[67.75,37.25],[66.14,37.38],[65.94,37.51],[65.63,37.51],[65.24,37.84],[64.66,38.03],[64.37,38.42],[64.01,38.55],[63.84,38.8],[63.42,39],[63.25,39.26],[63.09,39.26],[62.65,39.71],[62.69,39.84],[62.32,40.23],[62.4,40.55],[62.3,40.74],[62.44,41.26],[62.34,41.46],[62.13,41.59],[62.17,41.72],[61.94,42.04],[61.78,42.04],[61.56,42.37],[61.4,42.37],[61.17,42.69],[61.01,42.69],[60.7,43.02],[60.72,43.08],[60.39,43.34],[60.37,43.54],[59.12,43.41],[58.63,43.67],[58.34,43.47],[58.05,43.02],[57.96,42.37],[57.56,41.78],[57.46,41.39],[56.83,40.74],[54.39,40.81],[54.37,40.74],[53.4,40.68],[53.34,40.74],[52.94,40.74],[52.78,40.36],[52.79,40.03],[53.5,40.03],[53.52,39.38],[53.99,39],[53.83,37.84],[53.91,37.84],[53.96,37.32],[54.04,37.32],[54.83,37.38],[55.03,37.19],[55.34,37.19],[55.85,37],[57.31,36.93],[58.21,37.13],[58.32,37.25],[58.61,37.19],[59.12,37.38],[60.32,37.51],[60.92,37.38],[60.97,37.25],[62.65,37.13],[63.5,36.74],[63.59,36.48],[64.16,36.22],[64.61,36.16],[66.62,36.16],[67.8,36.55],[68.19,36.55],[68.49,37.13]]]},"properties":{"NAME":"Khwarezmid Dynasty","C":0,"name":"Khwarezmid Dynasty","start_year":1192,"end_year":1201,"capital":"","type":"polity","region":"","event":"","source":"Cliopatria / Seshat Global History Databank (CC BY 4.0)","wikipedia":"Anushtegin dynasty","wikidata":"Q486918","_a":119,"_c":[60.6,39.92],"_nz":"花剌子模王朝","_sz":""}},
{"type":"Feature","geometry":{"type":"Polygon","coordinates":[[[34.57,31.79],[34.94,31.72],[35.19,31.98],[35.53,33.2],[35.78,33.33],[35.83,33.84],[35.6,33.91],[35.45,33.91],[35.5,33.65],[35.35,33.65],[35.4,33.39],[35.22,33.07],[35.06,33.01],[35.02,32.62],[34.77,32.36],[34.81,31.98],[34.57,31.79]]]},"properties":{"NAME":"Kingdom of Jerusalem","C":4,"name":"Kingdom of Jerusalem","start_year":1192,"end_year":1235,"capital":"","type":"polity","region":"","event":"","source":"Cliopatria / Seshat Global History Databank (CC BY 4.0)","wikipedia":"Kingdom of Jerusalem","wikidata":"Q55502","_a":3,"_c":[35.2,32.82],"_nz":"耶路撒冷王国","_sz":""}},
{"type":"Feature","geometry":{"type":"Polygon","coordinates":[[[1.19,42.24],[1.04,41.91],[0.64,41.98],[0.57,41.78],[0.74,41.65],[1.06,41.65],[1.13,41.78],[1.37,41.85],[1.75,42.17],[1.81,42.5],[1.73,42.63],[1.49,42.63],[1.19,42.24]]]},"properties":{"NAME":"County of Urgell","C":10,"name":"County of Urgell","start_year":1192,"end_year":1201,"capital":"","type":"polity","region":"","event":"","source":"Cliopatria / Seshat Global History Databank (CC BY 4.0)","wikipedia":"County of Urgell","wikidata":"Q1514510","_a":1,"_c":[1.19,42.14],"_nz":"乌赫尔伯国","_sz":""}},
{"type":"Feature","geometry":{"type":"Polygon","coordinates":[[[29.39,49.32],[27.23,49.45],[26.92,49.65],[26.67,49.65],[26.44,49.85],[26.11,49.91],[25.82,50.31],[25.66,50.38],[25.69,50.65],[24.55,50.25],[23.88,50.25],[23.38,50.31],[23.31,50.45],[22.98,50.45],[22.95,50.11],[22.26,49.91],[22.16,49.71],[21.39,49.45],[21.8,49.38],[22.52,49.05],[22.78,49.12],[23.09,48.85],[23.83,48.72],[24.05,48.46],[24.38,48.39],[24.37,48.26],[24.69,48.13],[24.59,47.93],[24.91,47.8],[24.89,47.6],[25.21,47.47],[25.26,47.2],[25.42,47.07],[25.75,47.14],[26.11,47.4],[26.44,47.4],[27.14,47.86],[28.58,48.13],[29.03,48.46],[29.16,48.85],[29.35,49.05],[29.39,49.32]]]},"properties":{"NAME":"Principality of Halych","C":4,"name":"Principality of Halych","start_year":1192,"end_year":1201,"capital":"","type":"polity","region":"","event":"","source":"Cliopatria / Seshat Global History Databank (CC BY 4.0)","wikipedia":"Principality of Halych","wikidata":"Q3403551","_a":29,"_c":[25.39,48.86],"_nz":"加利奇公国","_sz":""}},
{"type":"Feature","geometry":{"type":"Polygon","coordinates":[[[47.73,41.26],[47.35,41.33],[46.82,41.85],[46.43,41.91],[46.23,42.11],[45.68,42.17],[45.75,42.5],[45.16,42.76],[44.74,42.69],[44.69,42.82],[44.37,42.82],[44.18,42.69],[43.78,42.69],[43.74,42.89],[43.2,43.02],[42.92,43.21],[41.95,43.21],[40.74,43.6],[40.33,43.6],[40.3,43.86],[39.96,43.8],[39.35,43.99],[39.76,43.54],[40.22,43.41],[40.42,43.15],[40.82,43.15],[41.12,43.02],[41.61,42.63],[41.48,42.37],[41.7,42.24],[41.82,41.98],[41.58,41.52],[41.8,41.39],[41.25,41],[41.66,40.55],[41.95,40.42],[42.35,40.42],[42.62,40.61],[43.1,40.68],[43.15,40.94],[43.57,41.07],[43.77,40.87],[43.59,40.29],[43.72,40.1],[44.41,39.97],[44.66,40.1],[45.33,39.84],[45.79,39.32],[45.95,39.32],[46.22,39.06],[46.2,38.93],[46.67,38.93],[47.4,39.51],[47.31,39.9],[47,39.9],[46.8,40.1],[46.94,40.42],[46.87,40.48],[46.28,40.29],[45.88,40.29],[45.85,40.55],[46.32,40.94],[46.8,40.94],[47.24,40.74],[47.72,40.81],[47.84,41],[47.73,41.26]]]},"properties":{"NAME":"Kingdom of Georgia","C":2,"name":"Kingdom of Georgia","start_year":1192,"end_year":1201,"capital":"","type":"polity","region":"","event":"","source":"Cliopatria / Seshat Global History Databank (CC BY 4.0)","wikipedia":"Kingdom of Georgia","wikidata":"Q154667","_a":46,"_c":[43.45,41.56],"_nz":"格鲁吉亚王国","_sz":""}},
{"type":"Feature","geometry":{"type":"Polygon","coordinates":[[[-4.86,17.26],[-5.01,17.39],[-5.6,17.45],[-5.6,17.58],[-6.12,17.51],[-6.57,17.64],[-7.89,17.58],[-8.18,17.39],[-8.53,16.61],[-8.58,15.46],[-8.35,14.81],[-8.41,14.49],[-7.89,13.98],[-7.89,13.85],[-6.71,13.34],[-5.31,13.34],[-5.09,13.46],[-4.8,13.46],[-4.36,13.72],[-4.29,13.98],[-4.07,14.04],[-4.15,14.17],[-3.86,14.49],[-3.8,15.78],[-3.88,15.78],[-3.88,16.23],[-4.19,16.74],[-4.79,17.26],[-4.86,17.26]]]},"properties":{"NAME":"Ghana Empire","C":1,"name":"Ghana Empire","start_year":1192,"end_year":1201,"capital":"","type":"polity","region":"","event":"","source":"Cliopatria / Seshat Global History Databank (CC BY 4.0)","wikipedia":"Ghana Empire","wikidata":"Q206789","_a":21,"_c":[-6.19,15.49],"_nz":"加纳帝国","_sz":""}},
{"type":"Feature","geometry":{"type":"MultiPolygon","coordinates":[[[[24.16,35.52],[23.62,35.52],[23.68,35.26],[24.45,35.19],[24.76,35.19],[24.82,35],[26.14,35.07],[26.23,35.19],[25.68,35.13],[25.69,35.32],[24.3,35.32],[24.16,35.52]]],[[[22.89,36.42],[22.87,36.16],[23.11,36.16],[23.12,36.35],[22.89,36.42]]],[[[25.05,37.51],[25.29,37.51],[25.22,37.71],[24.99,37.71],[25.05,37.51]]],[[[20.62,37.9],[20.61,37.71],[20.92,37.64],[20.93,37.9],[20.62,37.9]]],[[[24.69,38.03],[24.68,37.84],[24.83,37.71],[25.07,37.77],[24.69,38.03]]],[[[20.32,38.16],[20.79,38.09],[20.8,38.29],[20.57,38.42],[20.33,38.35],[20.32,38.16]]],[[[24.36,39],[24.36,38.87],[24.66,38.74],[24.67,38.93],[24.36,39]]],[[[25.07,40.03],[24.97,39.84],[25.45,39.84],[25.46,40.03],[25.07,40.03]]],[[[24.49,40.81],[24.55,40.55],[24.79,40.61],[24.81,40.81],[24.49,40.81]]],[[[27.74,35.9],[28.14,36.03],[28.25,36.48],[28.02,36.48],[27.69,36.29],[27.74,35.9]]],[[[25.99,37.51],[26.3,37.58],[26.08,37.71],[25.99,37.51]]],[[[25.9,38.48],[25.88,38.16],[26.11,38.16],[26.22,38.55],[25.91,38.67],[25.9,38.48]]],[[[26.09,39],[26.25,38.93],[26.64,39],[26.51,39.32],[26.04,39.38],[25.79,39.19],[26.1,39.13],[26.09,39]]],[[[27.68,42.69],[27.36,42.69],[27.26,42.5],[26.21,42.37],[25.33,42.43],[25.2,42.69],[24.88,42.69],[24.81,42.82],[23.84,42.82],[23.83,42.63],[23.11,42.63],[22.94,42.5],[22.99,42.04],[23.43,41.52],[23.34,41.39],[22.86,41.39],[22.53,41.13],[22.05,41.13],[21.81,41],[21.66,41.13],[21.61,41.65],[21.77,41.72],[21.71,42.11],[21.48,42.11],[21.25,42.3],[21.09,42.3],[21.19,42.76],[20.97,42.95],[20.81,42.95],[20.55,42.69],[20.23,42.63],[19.72,42.24],[19.47,41.85],[19.54,41.78],[19.45,41.52],[19.5,40.87],[19.25,40.74],[19.49,40.61],[19.47,40.29],[19.63,40.29],[20.01,39.97],[20,39.77],[20.15,39.71],[20.3,39.38],[20.91,39.06],[20.74,38.8],[20.97,38.74],[21.19,38.42],[21.74,38.35],[21.73,38.16],[21.42,38.16],[21.24,37.84],[21.7,37.51],[21.68,37.19],[21.74,36.87],[21.91,37.06],[22.22,37.06],[22.36,36.67],[22.51,36.67],[22.6,36.87],[22.83,36.87],[23.06,36.67],[22.85,37.25],[22.7,37.32],[22.71,37.58],[22.95,37.58],[23.4,37.32],[23.34,37.64],[23.11,37.64],[23.04,37.9],[23.21,38.03],[23.44,38.03],[23.98,37.84],[24,38.22],[24.16,38.22],[24.18,38.55],[24.03,38.67],[23.56,38.74],[23.63,38.48],[23.31,38.48],[23.17,38.67],[22.94,38.74],[23.03,38.93],[23.33,38.8],[23.49,38.87],[22.96,39.13],[22.82,39.38],[23.14,39.45],[22.61,39.9],[22.54,40.1],[22.57,40.55],[22.89,40.61],[22.96,40.42],[23.74,40.23],[23.84,40.55],[23.68,40.61],[23.7,40.81],[24.01,40.74],[24.35,41],[25.85,40.94],[26.08,40.87],[26.14,40.61],[26.55,40.74],[27.02,40.68],[27.53,41.07],[29.12,41.07],[29.1,40.94],[29.39,40.68],[28.91,40.61],[29.05,40.36],[27.94,40.36],[27.7,40.29],[27.47,40.42],[26.67,40.36],[26.6,40.48],[26.27,40.29],[26.13,39.51],[26.85,39.58],[26.74,39.26],[26.89,39.19],[26.96,39],[26.85,38.61],[27.08,38.55],[27.06,38.35],[26.59,38.35],[26.54,38.61],[26.38,38.67],[26.43,38.22],[26.82,38.22],[26.89,38.09],[27.28,38.03],[27.16,37.58],[27.54,37.38],[27.6,37.13],[28.07,37.13],[28.14,37.06],[28.03,36.67],[28.19,36.67],[28.36,36.87],[29.12,36.74],[29.24,36.22],[29.94,36.22],[30.03,36.35],[30.49,36.35],[30.54,36.87],[30.85,36.93],[30.72,37.19],[30.75,37.51],[30.6,37.64],[30.15,37.84],[30.1,38.09],[29.88,38.29],[29.91,38.67],[29.77,38.87],[29.92,39.58],[30.1,39.77],[30.78,40.29],[31.1,40.29],[31.27,40.42],[31.92,40.55],[33.59,40.68],[33.78,40.94],[36.88,40.94],[37.17,40.74],[37.57,40.74],[37.86,40.61],[38.67,40.68],[40.57,40.68],[41.25,41],[41.8,41.39],[41.58,41.52],[41.05,41.2],[40.37,40.94],[39.74,40.94],[39.05,41.13],[38.78,40.94],[38.3,40.87],[38.16,41],[37.83,40.94],[37.77,41.07],[37.21,41.07],[36.77,41.33],[36.21,41.26],[35.95,41.72],[35.31,41.65],[35.09,41.78],[35.12,42.04],[34.88,42.04],[34.78,41.91],[32.63,41.91],[32.69,41.78],[32.03,41.52],[31.53,41.39],[31.18,41.07],[30.62,41.07],[30.48,41.2],[28.96,41.13],[28.98,41.26],[28.51,41.33],[28.28,41.46],[28.22,41.65],[27.98,41.65],[27.94,42.04],[27.49,42.43],[27.51,42.63],[27.68,42.69]]],[[[25.72,40.29],[25.7,40.1],[26.02,40.16],[26.04,40.29],[25.72,40.29]]],[[[27.71,43.02],[27.99,43.34],[27.74,43.28],[27.71,43.02]]],[[[34.09,45.04],[33.6,45.04],[33.52,44.45],[34.1,44.52],[34.38,44.78],[34.09,45.04]]]]},"properties":{"NAME":"Byzantine Empire","C":8,"name":"Byzantine Empire","start_year":1192,"end_year":1201,"capital":"","type":"polity","region":"","event":"","source":"Cliopatria / Seshat Global History Databank (CC BY 4.0)","wikipedia":"Byzantine Empire","wikidata":"Q112039853","_a":226,"_c":[30.53,40.02],"_nz":"拜占庭帝国","_sz":""}},
{"type":"Feature","geometry":{"type":"Polygon","coordinates":[[[34.31,35.71],[33.74,35.39],[32.89,35.39],[32.88,35.26],[32.55,35.13],[32.25,35.13],[32.23,34.94],[32.37,34.74],[33.04,34.55],[33.13,34.68],[33.52,34.74],[33.7,34.94],[34.09,35],[33.96,35.26],[34.53,35.58],[34.31,35.71]]]},"properties":{"NAME":"Kingdom of Cyprus","C":2,"name":"Kingdom of Cyprus","start_year":1192,"end_year":1362,"capital":"","type":"polity","region":"","event":"","source":"Cliopatria / Seshat Global History Databank (CC BY 4.0)","wikipedia":"Kingdom of Cyprus","wikidata":"Q213638","_a":3,"_c":[33.39,35.13],"_nz":"塞浦路斯王国","_sz":""}},
{"type":"Feature","geometry":{"type":"Polygon","coordinates":[[[66.67,24.86],[67.1,24.76],[67.42,23.97],[67.69,23.79],[67.85,23.91],[68.09,23.7],[68.95,24],[69.12,24.7],[69.34,25.02],[70.22,25.7],[70.26,26.3],[70.4,26.59],[70.63,26.62],[70.89,26.49],[71.46,27.25],[72,28.32],[72.33,28.97],[72.36,29.36],[72.12,29.85],[71.49,29.96],[70.28,29.95],[70,29.81],[69.64,29.36],[68.7,29.19],[68.13,29.39],[67.64,29.28],[67.52,29.12],[67.5,28.37],[67.17,27.45],[67.16,26.1],[67.03,25.55],[66.67,25.03],[66.67,24.86]]]},"properties":{"NAME":"Sind-Habbari Dynasty","C":6,"name":"Sind-Habbari Dynasty","start_year":1192,"end_year":1201,"capital":"","type":"polity","region":"","event":"","source":"Cliopatria / Seshat Global History Databank (CC BY 4.0)","wikipedia":"Habbari dynasty","wikidata":"Q5636647","_a":36,"_c":[69.51,26.83],"_nz":"信德-哈巴里王朝","_sz":""}},
{"type":"Feature","geometry":{"type":"Polygon","coordinates":[[[33.68,23.69],[35.11,23.88],[35.55,23.81],[35.56,23.94],[35.85,23.88],[35.86,24.01],[35.15,24.65],[34.61,25.81],[34.46,25.87],[34.2,26.52],[34.05,26.58],[34.07,26.97],[33.93,27.03],[33.8,27.42],[33.59,27.61],[33.61,27.99],[33.11,28.38],[32.84,28.89],[32.69,28.96],[32.64,29.34],[32.43,29.6],[32.53,29.92],[32.86,29.22],[33.21,28.89],[33.19,28.51],[33.4,28.32],[33.55,28.32],[33.62,28.12],[34.12,27.74],[34.35,27.74],[34.36,27.93],[34.52,28.06],[34.75,29.28],[34.91,29.41],[34.85,28.57],[34.61,28.25],[34.59,28.06],[35.05,28.12],[35.41,27.87],[35.47,27.61],[35.61,27.54],[35.67,27.29],[36.16,26.77],[36.43,26.19],[36.72,26],[36.77,25.68],[37.27,25.23],[37.33,24.97],[37.17,24.78],[37.39,24.65],[37.44,24.33],[38.03,24.14],[38.6,23.62],[38.87,23.04],[38.86,22.85],[39.14,22.53],[39.03,21.76],[39.17,21.63],[39.15,21.18],[39.35,20.79],[39.84,20.28],[40.14,20.28],[40.56,19.83],[40.85,19.7],[40.84,19.51],[40.99,19.44],[41.04,19.12],[41.25,18.86],[41.24,18.61],[41.45,18.48],[41.78,17.84],[42.28,17.45],[42.34,17.13],[42.82,16.61],[42.78,15.84],[42.71,15.84],[42.75,15.14],[42.89,15.07],[42.95,14.88],[43.06,13.98],[43.26,13.72],[43.24,13.08],[43.45,12.89],[43.44,12.69],[44.39,12.63],[44.61,12.76],[45.05,12.76],[45.74,13.34],[46.84,13.4],[47.67,13.72],[47.75,13.91],[48.79,14.04],[49.02,14.24],[49.02,14.36],[49.48,14.69],[49.35,14.88],[48.63,15.14],[47.85,15.71],[47.86,15.84],[47.58,16.04],[47.59,16.16],[46.82,16.87],[46.62,17.26],[46.47,17.26],[45.64,18.03],[45.64,18.16],[45.29,18.41],[45.3,18.54],[44.46,19.31],[44.47,19.51],[43.97,19.89],[43.98,20.02],[42.78,21.18],[42.45,21.82],[41.89,22.46],[41.75,22.66],[41.55,23.11],[41.41,23.17],[41.35,23.36],[41.2,23.49],[41.01,23.94],[40.72,24.2],[40.19,25.23],[40.28,25.42],[40.13,25.49],[40.1,26.07],[40.03,26.26],[39.88,26.26],[39.91,26.64],[39.76,26.64],[39.71,27.03],[39.64,27.03],[39.6,27.54],[39.62,27.8],[39.4,27.87],[39.37,28.44],[39.23,28.57],[39.15,29.41],[39.02,29.67],[38.97,29.92],[39,30.24],[38.87,30.5],[38.92,31.01],[38.77,31.08],[38.72,31.34],[38.86,31.98],[38.7,31.98],[38.66,32.3],[38.73,32.94],[39.5,33.71],[39.81,33.78],[40.47,34.16],[40.85,34.1],[40.91,33.97],[41.21,33.91],[41.27,33.78],[42.29,33.26],[42.36,33.26],[42.57,33.71],[42.89,33.84],[43.24,34.16],[43.4,34.16],[43.66,34.42],[43.81,34.42],[43.93,34.68],[44.17,34.81],[44.41,35.39],[44.9,35.58],[44.95,35.97],[44.59,36.16],[44.61,36.29],[44.34,36.55],[44.36,36.67],[43.78,37],[43.55,37],[43.3,37.45],[43.32,37.58],[43.55,37.58],[43.57,37.71],[44.44,37.77],[44.31,37.9],[44.45,38.35],[44.31,38.42],[44.32,39],[44.52,39.26],[44.85,39.32],[44.87,39.45],[43.7,39.51],[41.45,39.26],[40.68,39.32],[40.5,39.19],[40.26,39.19],[39.83,38.87],[38.58,38.35],[38.2,38.42],[37.85,38.16],[37.51,37.9],[37.31,37.58],[36.98,37.38],[36.77,36.93],[36.6,36.8],[36.61,36.22],[36.41,35.84],[35.85,35.64],[35.99,35.52],[35.96,35.19],[36.27,35.19],[36.17,34.94],[36.31,34.87],[36.27,34.42],[36.01,34.16],[35.63,34.23],[35.7,34.16],[35.6,33.91],[35.83,33.84],[35.78,33.33],[35.53,33.2],[35.19,31.98],[34.94,31.72],[34.57,31.79],[34.63,31.66],[34.31,31.4],[34.3,31.27],[33.75,31.08],[32.83,31.01],[32.77,31.14],[32.53,31.08],[32,31.08],[31.88,31.46],[31.27,31.46],[30.97,31.53],[30.81,31.46],[30.35,31.46],[30.34,31.27],[29.88,31.27],[29.87,31.08],[29.63,30.95],[29.49,31.01],[29.4,30.82],[28.87,30.82],[28.5,31.01],[27.51,31.14],[27.3,31.34],[26.85,31.46],[25.25,31.46],[25.1,31.59],[25.11,31.79],[24.89,31.98],[24.13,31.98],[23.68,32.17],[23.3,32.17],[23.08,32.36],[23.09,32.62],[21.88,32.94],[21.41,32.75],[21.11,32.81],[20.87,32.62],[20.33,32.49],[20.25,32.24],[20.09,32.11],[20,31.59],[20.21,31.27],[20.13,31.14],[20.2,30.89],[19.97,30.69],[19.96,30.56],[19.66,30.37],[18.82,30.24],[18.81,30.05],[19.19,30.05],[20.95,30.56],[21.94,30.56],[22.54,30.44],[22.92,30.31],[23.51,29.99],[24.26,29.79],[24.33,29.67],[24.78,29.54],[24.85,29.34],[25,29.41],[25.15,29.28],[25.37,29.28],[25.59,28.96],[27.14,28.25],[28.15,27.35],[28.27,26.58],[28.35,26.58],[28.24,25.94],[28.29,25.16],[28.57,24.65],[29.67,24.2],[30.1,23.75],[30.4,23.56],[30.54,23.36],[31.67,23.75],[32.04,23.69],[33.39,23.81],[33.68,23.69]]]},"properties":{"NAME":"Ayyubid Sultanate","C":8,"name":"Ayyubid Sultanate","start_year":1192,"end_year":1201,"capital":"","type":"polity","region":"","event":"","source":"Cliopatria / Seshat Global History Databank (CC BY 4.0)","wikipedia":"Ayyubid dynasty","wikidata":"Q180114","_a":824,"_c":[34.14,26.07],"_nz":"阿尤布苏丹国","_sz":""}},
{"type":"Feature","geometry":{"type":"Polygon","coordinates":[[[56.26,27.16],[56.71,27.16],[56.77,27.03],[57.05,26.84],[57.18,25.94],[57.38,25.74],[57.68,25.74],[57.74,25.62],[57.96,25.55],[58.78,25.55],[59.06,25.36],[60.63,25.36],[60.62,25.23],[60.92,25.23],[61.13,25.1],[61.66,25.16],[61.72,25.04],[62.02,25.04],[62.18,25.16],[62.47,25.1],[62.56,25.23],[63.54,25.23],[63.63,25.36],[64.23,25.36],[64.28,25.23],[64.8,25.16],[64.82,25.29],[66.02,25.36],[66.35,25.55],[66.62,25.36],[66.67,24.86],[66.67,25.03],[67.03,25.55],[67.16,26.1],[67.17,27.45],[67.5,28.37],[67.52,29.12],[67.64,29.28],[68.13,29.39],[68.7,29.19],[69.64,29.36],[70,29.81],[70.28,29.95],[71.49,29.96],[72.12,29.85],[72.36,29.36],[72.33,28.97],[72,28.32],[72.69,28.25],[72.96,28.12],[73.23,28.39],[73.81,28.97],[74.52,29.22],[75.39,29.22],[76.3,28.49],[76.61,27.71],[76.84,27.42],[77.56,27.29],[77.77,27.61],[78.02,27.74],[78.07,27.99],[77.87,28.12],[77.89,28.25],[77.51,28.64],[77.3,28.7],[77.35,28.96],[77.17,29.22],[77.24,29.54],[77.1,29.6],[77.06,29.79],[77.14,30.18],[77.27,30.44],[77.44,30.5],[77.62,30.95],[77.9,31.21],[78.22,31.27],[78.45,31.59],[78.04,31.79],[77.3,31.91],[77.04,32.11],[76.52,32.17],[76.4,32.3],[75.33,32.3],[75.21,32.43],[74.77,32.49],[74.67,32.75],[74.38,32.81],[74.08,33.14],[74.17,33.52],[74.03,33.59],[74.09,33.84],[74.28,33.97],[73.93,34.1],[73.97,34.29],[73.84,34.36],[73.92,34.68],[73.7,34.74],[73.8,34.85],[72.91,35.55],[71.86,35.72],[70.18,35.44],[69.45,36.45],[69.91,36.57],[70.45,37.28],[70.36,37.84],[70.3,38.05],[70.29,38.03],[70.16,37.84],[70.27,37.64],[70.08,37.51],[69.55,37.58],[69.35,37.13],[69.12,37.13],[69.01,37.32],[68.6,37.25],[68.49,37.13],[68.19,36.55],[67.8,36.55],[66.62,36.16],[64.61,36.16],[64.16,36.22],[63.59,36.48],[63.5,36.74],[62.65,37.13],[60.97,37.25],[60.92,37.38],[60.32,37.51],[59.12,37.38],[58.61,37.19],[58.32,37.25],[58.21,37.13],[57.31,36.93],[55.85,37],[55.34,37.19],[55.03,37.19],[54.83,37.38],[54.04,37.32],[54.03,36.87],[53.64,36.87],[53.54,36.74],[53.82,36.55],[53.79,36.42],[54.16,36.29],[54.2,36.1],[54.41,35.97],[54.62,35.45],[55.01,35],[54.98,34.87],[55.17,34.61],[55.14,34.42],[55.32,34.16],[55.01,33.26],[54.57,32.88],[54.35,32.49],[53.94,32.3],[53.75,32.04],[53.75,31.53],[53.87,31.34],[53.82,31.01],[53.87,30.24],[54.16,29.6],[54.36,29.41],[54.51,29.41],[54.7,29.15],[54.85,29.15],[55.06,28.96],[55.04,28.83],[55.25,28.7],[55.23,28.57],[55.51,28.38],[55.49,28.25],[55.84,27.99],[55.81,27.74],[56.28,27.29],[56.26,27.16]]]},"properties":{"NAME":"Ghurid Dynasty","C":1,"name":"Ghurid Dynasty","start_year":1192,"end_year":1201,"capital":"","type":"polity","region":"","event":"","source":"Cliopatria / Seshat Global History Databank (CC BY 4.0)","wikipedia":"Ghurid dynasty","wikidata":"Q199443","_a":329,"_c":[66,31.45],"_nz":"古尔王朝","_sz":""}},
{"type":"Feature","geometry":{"type":"Polygon","coordinates":[[[82.47,24.83],[83.08,24.84],[83.13,24.73],[83.53,24.71],[83.95,25.09],[84.72,25.15],[85.11,25.6],[85.35,26.12],[85.59,27.19],[85.07,27.42],[84.49,27.25],[83.99,27.34],[83.71,27.51],[83.26,27.54],[82.92,27.7],[82.18,28.29],[81.81,28.43],[81.36,28.86],[81,28.89],[79.08,29.7],[78.84,29.98],[78.62,30.15],[78.5,30.08],[78.44,29.71],[78.8,27.51],[79.66,26.24],[79.93,26.06],[80.32,26.01],[80.73,25.76],[81.22,25.06],[82.13,24.79],[82.47,24.83]]]},"properties":{"NAME":"Gahadavala Dynasty","C":4,"name":"Gahadavala Dynasty","start_year":1192,"end_year":1201,"capital":"","type":"polity","region":"","event":"","source":"Cliopatria / Seshat Global History Databank (CC BY 4.0)","wikipedia":"Gahadavala dynasty","wikidata":"Q1147823","_a":39,"_c":[82.02,27.43],"_nz":"加哈达瓦拉王朝","_sz":""}},
{"type":"Feature","geometry":{"type":"Polygon","coordinates":[[[25.99,51.05],[26.03,51.38],[25.53,51.51],[25.62,52.25],[25.53,52.25],[25.44,52.92],[25.75,53.33],[25.28,53.73],[25.14,54],[24.73,54.14],[24.58,54.41],[24.5,54.41],[24.31,54.27],[23.42,54.07],[23.04,53.73],[22.92,53.46],[22.65,53.26],[22.43,52.79],[22.29,52.25],[22.1,52.05],[22.35,51.92],[22.69,51.92],[22.67,51.71],[23,51.58],[22.88,51.25],[23.04,51.18],[23.09,50.78],[22.92,50.71],[22.98,50.45],[23.31,50.45],[23.38,50.31],[23.88,50.25],[24.55,50.25],[25.69,50.65],[25.96,50.85],[25.99,51.05]]]},"properties":{"NAME":"Principality of Volhynia","C":7,"name":"Principality of Volhynia","start_year":1192,"end_year":1201,"capital":"","type":"polity","region":"","event":"","source":"Cliopatria / Seshat Global History Databank (CC BY 4.0)","wikipedia":"Principality of Volhynia","wikidata":"Q680472","_a":17,"_c":[24.07,52.36],"_nz":"沃里尼亚公国","_sz":""}},
{"type":"Feature","geometry":{"type":"Polygon","coordinates":[[[22.65,53.26],[22.3,53.26],[22.5,53.53],[22.17,53.66],[21.72,53.46],[21.38,53.53],[21.02,53.33],[20.58,53.26],[20.49,53.12],[19.97,53.12],[19.9,53.33],[19.56,53.39],[19.36,54.07],[19.46,54.34],[18.69,54.41],[18.45,54.68],[18.46,54.89],[17.5,54.89],[17.5,54.82],[17.58,54.68],[17.53,54],[17.78,53.73],[17.76,53.53],[16.9,53.53],[16.72,53.39],[16.8,53.12],[17.12,52.86],[17.55,52.79],[17.63,52.65],[18.05,52.59],[18.21,52.45],[18.35,51.92],[18.08,51.65],[17.97,51.25],[18.05,51.11],[18.71,50.85],[18.7,50.71],[19.03,50.58],[19.1,50.38],[19.08,49.98],[19.24,49.91],[19.39,49.58],[19.87,49.18],[20.21,49.38],[20.96,49.32],[21.39,49.45],[22.16,49.71],[22.26,49.91],[22.95,50.11],[22.98,50.45],[22.92,50.71],[23.09,50.78],[23.04,51.18],[22.88,51.25],[23,51.58],[22.67,51.71],[22.69,51.92],[22.35,51.92],[22.1,52.05],[22.29,52.25],[22.43,52.79],[22.65,53.26]],[[20.15,52.05],[20.22,51.92],[19.87,51.78],[19.62,51.85],[18.65,52.65],[18.66,52.79],[18.33,52.99],[18.26,53.26],[18.53,53.33],[18.93,52.92],[19.1,52.92],[19.42,52.65],[19.48,52.32],[20.08,52.25],[20.15,52.05]]]},"properties":{"NAME":"Duchy of Sandomierz","C":6,"name":"Duchy of Sandomierz","start_year":1192,"end_year":1201,"capital":"","type":"polity","region":"","event":"","source":"Cliopatria / Seshat Global History Databank (CC BY 4.0)","wikipedia":"Duchy of Sandomierz","wikidata":"Q16933165","_a":36,"_c":[19.92,52.04],"_nz":"桑多梅日公国","_sz":""}},
{"type":"Feature","geometry":{"type":"Polygon","coordinates":[[[76.6,35.77],[76.52,35.77],[75.91,35.52],[75.81,35.38],[75.47,35.07],[75.39,34.81],[75.06,34.33],[74.53,34.67],[73.96,34.72],[73.8,34.85],[73.7,34.74],[73.92,34.68],[73.84,34.36],[73.97,34.29],[73.93,34.1],[74.28,33.97],[74.09,33.84],[74.03,33.59],[74.17,33.52],[74.08,33.14],[74.38,32.81],[74.67,32.75],[74.77,32.49],[75.21,32.43],[75.33,32.3],[76.4,32.3],[76.52,32.17],[77.04,32.11],[77.3,31.91],[78.04,31.79],[78.45,31.59],[78.75,31.59],[78.8,31.79],[78.46,32.3],[78.53,32.56],[78.32,32.94],[78.37,33.14],[78.16,33.52],[78.12,33.97],[78.05,33.97],[78.12,34.55],[78.04,34.55],[78.42,35.64],[79.07,36.29],[77.35,35.97],[76.6,35.77]]]},"properties":{"NAME":"Kashmir","C":7,"name":"Kashmir","start_year":1192,"end_year":1201,"capital":"","type":"polity","region":"","event":"","source":"Cliopatria / Seshat Global History Databank (CC BY 4.0)","wikipedia":"Kashmir","wikidata":"Q43100","_a":25,"_c":[76.38,33.94],"_nz":"克什米尔","_sz":""}},
{"type":"Feature","geometry":{"type":"Polygon","coordinates":[[[0.99,42.82],[0.67,42.82],[0.6,42.69],[0.7,42.37],[1.19,42.24],[1.49,42.63],[0.99,42.82]]]},"properties":{"NAME":"County of Pallars Sobirà","C":7,"name":"County of Pallars Sobirà","start_year":1192,"end_year":1201,"capital":"","type":"polity","region":"","event":"","source":"Cliopatria / Seshat Global History Databank (CC BY 4.0)","wikipedia":"Pallars Sobirà","wikidata":"Q12719","_a":1,"_c":[1.05,42.53],"_nz":"上帕利亚斯伯国","_sz":""}},
{"type":"Feature","geometry":{"type":"Polygon","coordinates":[[[1.13,41.78],[1.06,41.65],[0.74,41.65],[0.57,41.78],[0.64,41.98],[1.04,41.91],[1.19,42.24],[0.7,42.37],[0.6,42.69],[0.04,42.69],[-0.86,42.95],[-1.46,42.37],[-1.43,41.91],[-1.83,41.91],[-1.98,41.78],[-1.88,41.52],[-2.12,41.46],[-2.1,41.2],[-1.51,40.74],[-1.73,40.36],[-0.53,40.16],[-0.37,40.23],[-0.17,40.74],[0.39,40.68],[0.4,40.55],[0.71,40.68],[0.7,40.94],[0.93,41.07],[1.47,41.26],[2.11,41.33],[2.33,41.59],[2.89,41.72],[3.11,41.98],[2.86,42.24],[2.86,42.3],[2.23,42.17],[2.08,41.85],[1.85,41.78],[1.13,41.78]]]},"properties":{"NAME":"Crown of Aragon","C":2,"name":"Crown of Aragon","start_year":1192,"end_year":1201,"capital":"","type":"polity","region":"","event":"","source":"Cliopatria / Seshat Global History Databank (CC BY 4.0)","wikipedia":"Crown of Aragon","wikidata":"Q204920","_a":15,"_c":[0.49,41.56],"_nz":"阿拉贡王国","_sz":""}},
{"type":"Feature","geometry":{"type":"MultiPolygon","coordinates":[[[[34.38,44.78],[35.3,44.97],[35.41,45.17],[35.73,45.17],[35.88,45.04],[36.37,45.1],[36.42,45.43],[35.02,45.3],[34.99,45.63],[34.74,45.63],[34.54,45.96],[34.15,46.09],[33.74,46.02],[33.71,45.82],[32.61,45.5],[33.22,45.24],[33.47,45.24],[33.6,45.04],[34.09,45.04],[34.38,44.78]]],[[[29.58,45.43],[29.61,45.69],[29.86,45.69],[30.04,45.89],[30.3,45.96],[30.88,46.68],[31.61,46.61],[31.79,46.74],[32.19,46.68],[32.06,46.35],[32.68,46.09],[32.95,46.22],[33.59,46.15],[33.61,46.28],[34.02,46.28],[34.08,46.15],[34.74,46.15],[34.76,46.28],[35.25,46.28],[35.63,46.68],[36.8,46.81],[36.91,46.94],[37.52,47.14],[38.68,47.2],[39.03,47.33],[39.23,47.99],[39.11,48.19],[39.17,48.52],[38.88,48.79],[38.91,48.92],[38.68,49.05],[38.65,49.32],[38.5,49.38],[38.29,50.05],[37.99,50.25],[38.02,50.38],[37.79,50.05],[37.61,49.98],[37.59,49.91],[37.21,49.65],[35.41,49.38],[31.57,49.38],[29.39,49.32],[29.35,49.05],[29.16,48.85],[29.03,48.46],[28.58,48.13],[27.14,47.86],[26.44,47.4],[26.11,47.4],[25.75,47.14],[25.42,47.07],[25.71,46.68],[25.75,46.22],[25.91,46.15],[25.81,45.96],[25.54,45.76],[24.56,45.76],[24.47,45.56],[24.14,45.5],[23.32,45.5],[22.95,44.84],[22.69,44.65],[22.52,44.52],[22.5,44.32],[22.89,44.12],[22.95,43.8],[23.6,43.86],[24.15,43.67],[24.88,43.73],[25.43,43.6],[25.85,43.73],[26.28,44.06],[27.49,44.06],[27.83,44.19],[27.94,44.52],[27.8,44.71],[27.97,44.78],[28,45.04],[27.85,45.17],[27.87,45.37],[28.28,45.43],[28.35,45.3],[28.67,45.24],[29.1,45.43],[29.58,45.43]]]]},"properties":{"NAME":"Halych-Volhynia occupation","C":3,"name":"Halych-Volhynia occupation","start_year":1192,"end_year":1205,"capital":"","type":"polity","region":"","event":"","source":"Cliopatria / Seshat Global History Databank (CC BY 4.0)","wikipedia":"Kingdom of Galicia-Volhynia","wikidata":"Q239502","_a":113,"_c":[30.87,46.99],"_nz":"加利奇-沃里尼亚占领区","_sz":""}},
{"type":"Feature","geometry":{"type":"MultiPolygon","coordinates":[[[[130.36,30.31],[130.62,30.18],[130.72,30.44],[130.44,30.5],[130.36,30.31]]],[[[130.82,30.5],[131.02,30.44],[131.17,30.82],[130.92,30.76],[130.82,30.5]]],[[[129.93,32.24],[130.13,32.17],[130.37,32.36],[130.53,32.56],[129.99,32.56],[129.93,32.24]]],[[[128.88,32.81],[128.65,32.81],[128.57,32.62],[128.77,32.56],[128.88,32.81]]],[[[133.2,36.35],[133.1,36.16],[133.33,36.16],[133.43,36.35],[133.2,36.35]]],[[[142.09,39.64],[141.97,39.71],[142.07,39.97],[141.78,40.48],[141.44,40.68],[141.53,40.81],[141.38,40.94],[141.54,41.39],[140.92,41.52],[140.69,41.2],[140.34,41.26],[140.18,40.81],[139.9,40.74],[139.77,40.55],[139.99,40.29],[139.66,39.9],[139.89,39.9],[140.04,39.64],[139.95,39.26],[139.32,38.09],[138.77,37.84],[138.51,37.38],[137.63,37.06],[137.25,36.8],[137.1,36.8],[137.15,37.19],[137.37,37.58],[136.72,37.38],[136.57,37.13],[136.71,36.8],[136.45,36.48],[136,36.22],[135.91,35.9],[136.08,35.77],[135.71,35.52],[135.28,35.58],[135.38,35.77],[133.47,35.52],[132.96,35.58],[132.69,35.52],[132.56,35.26],[131.48,34.61],[131.41,34.49],[130.92,34.42],[130.8,34.16],[130.86,33.97],[130.42,33.84],[130.33,33.65],[129.92,33.59],[129.83,33.39],[129.6,33.39],[129.56,33.14],[129.68,33.07],[129.79,32.62],[130,32.75],[130.1,32.62],[130.33,32.62],[130.44,32.88],[130.57,32.81],[130.52,32.36],[130.21,32.17],[130.1,31.91],[130.27,31.59],[130.14,31.27],[130.47,31.14],[130.72,31.21],[130.79,31.01],[131.41,31.4],[131.6,31.85],[131.58,32.17],[131.78,32.62],[132.08,32.94],[132.09,33.14],[131.64,33.33],[131.82,33.71],[131.1,33.65],[131.09,33.97],[131.94,33.97],[132.19,33.84],[132.32,34.29],[133.25,34.29],[134.47,34.74],[134.94,34.61],[134.63,34.29],[134.2,34.36],[133.63,34.29],[133.51,34.04],[133.12,34.04],[132.88,34.16],[132.56,33.65],[132.08,33.46],[132.36,33.39],[132.45,33.26],[132.43,32.88],[132.66,32.88],[132.68,32.75],[133.03,32.69],[133.16,33.14],[133.54,33.46],[133.85,33.46],[133.99,33.26],[134.22,33.26],[134.37,33.59],[134.66,33.71],[134.78,33.97],[134.72,34.16],[134.91,34.23],[135.21,34.68],[135.44,34.68],[135.34,34.49],[135.02,34.29],[135.15,34.1],[135.03,33.84],[135.35,33.71],[135.41,33.52],[135.81,33.39],[136.45,34.23],[136.91,34.23],[136.97,34.36],[136.79,34.61],[136.6,34.68],[136.73,34.94],[136.94,34.74],[137.24,34.74],[137.07,34.55],[138.26,34.61],[138.42,34.94],[138.8,35.07],[138.68,34.68],[138.95,34.61],[139.23,35],[139.21,35.26],[139.72,35.19],[139.7,35.45],[139.96,35.64],[140.08,35.58],[139.7,34.87],[140.41,35.19],[140.54,35.58],[140.91,35.84],[140.67,35.97],[140.61,36.42],[140.79,36.87],[141.13,37.32],[141.12,37.58],[140.96,37.71],[141.04,37.84],[140.92,38.03],[141.08,38.29],[141.51,38.35],[141.63,38.8],[141.83,39],[142.09,39.64]]],[[[138.14,37.96],[138.34,37.77],[138.61,38.09],[138.34,38.29],[138.14,37.96]]]]},"properties":{"NAME":"Kamakura Shogunate","C":11,"name":"Kamakura Shogunate","start_year":1192,"end_year":1325,"capital":"","type":"polity","region":"","event":"","source":"Cliopatria / Seshat Global History Databank (CC BY 4.0)","wikipedia":"Kamakura shogunate","wikidata":"Q736839","_a":153,"_c":[135.33,35.85],"_nz":"镰仓幕府","_sz":""}},
{"type":"Feature","geometry":{"type":"Polygon","coordinates":[[[20.97,42.95],[21.78,43.21],[21.8,43.47],[21.65,43.6],[20.94,43.8],[20.79,44.12],[20.48,44.25],[20.23,44.12],[19.83,44.25],[19.42,44.19],[19.5,44.06],[19.41,43.86],[19,43.86],[18.83,43.67],[18.51,43.54],[18.42,43.34],[18.01,43.28],[18.01,43.15],[17.52,43.02],[17.52,42.95],[17.51,42.82],[17.83,42.89],[18.14,42.63],[18.85,42.37],[19.39,41.85],[19.47,41.85],[19.72,42.24],[20.23,42.63],[20.55,42.69],[20.81,42.95],[20.97,42.95]]]},"properties":{"NAME":"Kingdom of Serbia","C":2,"name":"Kingdom of Serbia","start_year":1192,"end_year":1201,"capital":"","type":"polity","region":"","event":"","source":"Cliopatria / Seshat Global History Databank (CC BY 4.0)","wikipedia":"Kingdom of Serbia","wikidata":"Q241748","_a":10,"_c":[19.66,43.05],"_nz":"塞尔维亚王国","_sz":""}},
{"type":"Feature","geometry":{"type":"Polygon","coordinates":[[[39.83,38.87],[39.07,39.06],[39.22,39.58],[38.85,39.77],[38.8,40.55],[38.67,40.68],[37.86,40.61],[37.57,40.74],[37.17,40.74],[36.88,40.94],[33.78,40.94],[33.59,40.68],[31.92,40.55],[31.27,40.42],[31.1,40.29],[30.78,40.29],[30.1,39.77],[29.92,39.58],[29.77,38.87],[29.91,38.67],[29.88,38.29],[30.1,38.09],[30.15,37.84],[30.6,37.64],[31.07,37.64],[31.37,37.51],[31.51,37.32],[31.82,37.32],[32.04,37.13],[32.27,37.13],[32.64,36.93],[33.27,36.93],[33.67,37.13],[34.3,37.19],[34.56,37.45],[34.88,37.45],[35.6,38.35],[36.75,38.16],[37.85,38.16],[38.2,38.42],[38.58,38.35],[39.83,38.87]]]},"properties":{"NAME":"Sultanate of Rum","C":10,"name":"Sultanate of Rum","start_year":1192,"end_year":1201,"capital":"","type":"polity","region":"","event":"","source":"Cliopatria / Seshat Global History Databank (CC BY 4.0)","wikipedia":"Sultanate of Rum","wikidata":"Q975405","_a":40,"_c":[34.8,38.94],"_nz":"鲁姆苏丹国","_sz":""}},
{"type":"Feature","geometry":{"type":"Polygon","coordinates":[[[17.66,50.11],[18.09,50.31],[18.34,50.25],[19.1,50.38],[19.03,50.58],[18.7,50.71],[17.52,50.71],[17.25,50.25],[17.66,50.11]]]},"properties":{"NAME":"Duchy of Wrocław","C":5,"name":"Duchy of Wrocław","start_year":1192,"end_year":1201,"capital":"","type":"polity","region":"","event":"","source":"Cliopatria / Seshat Global History Databank (CC BY 4.0)","wikipedia":"Duchy of Wrocław","wikidata":"Q568638","_a":1,"_c":[18.18,50.41],"_nz":"弗罗茨瓦夫公国","_sz":""}},
{"type":"Feature","geometry":{"type":"MultiPolygon","coordinates":[[[[46.2,38.93],[46.22,39.06],[45.95,39.32],[45.79,39.32],[45.33,39.84],[44.66,40.1],[44.41,39.97],[43.72,40.1],[43.59,40.29],[43.77,40.87],[43.57,41.07],[43.15,40.94],[43.1,40.68],[42.62,40.61],[42.35,40.42],[41.95,40.42],[41.66,40.55],[41.25,41],[40.57,40.68],[38.67,40.68],[38.8,40.55],[38.85,39.77],[39.22,39.58],[39.07,39.06],[39.83,38.87],[40.26,39.19],[40.5,39.19],[40.68,39.32],[41.45,39.26],[43.7,39.51],[44.87,39.45],[45.65,38.93],[46.2,38.93]]],[[[48.48,41.78],[48.12,41.98],[48.12,41.59],[48.28,41.59],[48.48,41.78]]]]},"properties":{"NAME":"Hamdanid Emirates","C":2,"name":"Hamdanid Emirates","start_year":1192,"end_year":1201,"capital":"","type":"polity","region":"","event":"","source":"Cliopatria / Seshat Global History Databank (CC BY 4.0)","wikipedia":"Hamdanid dynasty","wikidata":"Q837187","_a":31,"_c":[43.58,40.42],"_nz":"哈姆丹诸埃米尔","_sz":""}},
{"type":"Feature","geometry":{"type":"Polygon","coordinates":[[[27.99,43.34],[28.16,43.47],[28.48,43.47],[28.62,43.99],[28.58,44.39],[28.84,44.58],[28.8,44.97],[29.05,44.97],[29.11,44.84],[29.53,44.91],[29.66,45.37],[29.58,45.43],[29.1,45.43],[28.67,45.24],[28.35,45.3],[28.28,45.43],[27.87,45.37],[27.85,45.17],[28,45.04],[27.97,44.78],[27.8,44.71],[27.94,44.52],[27.83,44.19],[27.49,44.06],[26.28,44.06],[25.85,43.73],[25.43,43.6],[24.88,43.73],[24.15,43.67],[23.6,43.86],[22.95,43.8],[22.89,44.12],[22.5,44.32],[22.52,44.52],[22.69,44.65],[21.95,44.52],[21.88,44.65],[21.41,44.84],[20.75,44.71],[20.52,44.91],[20.53,45.1],[20.29,45.17],[20.14,45.37],[19.89,45.24],[19.24,45.24],[19.14,44.97],[19.3,44.91],[19.11,44.32],[19.42,44.19],[19.83,44.25],[20.23,44.12],[20.48,44.25],[20.79,44.12],[20.94,43.8],[21.65,43.6],[21.8,43.47],[21.78,43.21],[20.97,42.95],[21.19,42.76],[21.09,42.3],[21.25,42.3],[21.48,42.11],[21.71,42.11],[21.77,41.72],[21.61,41.65],[21.66,41.13],[21.81,41],[22.05,41.13],[22.53,41.13],[22.86,41.39],[23.34,41.39],[23.43,41.52],[22.99,42.04],[22.94,42.5],[23.11,42.63],[23.83,42.63],[23.84,42.82],[24.81,42.82],[24.88,42.69],[25.2,42.69],[25.33,42.43],[26.21,42.37],[27.26,42.5],[27.36,42.69],[27.68,42.69],[27.85,42.76],[27.87,42.95],[27.71,43.02],[27.74,43.28],[27.99,43.34]]]},"properties":{"NAME":"Second Bulgarian Empire","C":1,"name":"Second Bulgarian Empire","start_year":1192,"end_year":1201,"capital":"","type":"polity","region":"","event":"","source":"Cliopatria / Seshat Global History Databank (CC BY 4.0)","wikipedia":"Second Bulgarian Empire","wikidata":"Q420759","_a":47,"_c":[24.39,43.22],"_nz":"保加利亚第二帝国","_sz":""}},
{"type":"Feature","geometry":{"type":"MultiPolygon","coordinates":[[[[1.89,47.14],[1.32,47.14],[1.2,47.73],[1.28,47.8],[0.93,48.06],[0.91,48.39],[1.06,48.59],[1.39,48.65],[1.77,49.18],[1.82,49.78],[1.45,50.25],[1.05,49.98],[0.22,49.85],[-0.01,49.65],[0.01,49.38],[-1.25,49.45],[-1.36,49.78],[-2.03,49.78],[-1.91,49.38],[-1.65,49.25],[-1.72,49.05],[-1.6,48.65],[-2.52,48.72],[-2.76,48.59],[-3.12,48.92],[-3.46,48.92],[-3.85,48.72],[-4.6,48.72],[-4.91,48.52],[-4.89,48.32],[-4.64,48.32],[-4.69,47.99],[-4.42,47.8],[-3.93,47.86],[-3.76,47.73],[-3.34,47.73],[-3.16,47.47],[-2.58,47.47],[-2.56,47.27],[-2.23,47.27],[-2.14,47.14],[-2.19,46.81],[-2.01,46.61],[-1.67,46.35],[-1.25,46.28],[-1.21,45.76],[-1.05,45.69],[-1.03,45.5],[-1.19,45.43],[-1.25,45.17],[-1.21,44.52],[-1.35,44.25],[-1.32,43.86],[-1.46,43.54],[-1.69,43.34],[-0.96,43.34],[-0.86,42.95],[0.04,42.69],[0.6,42.69],[0.67,42.82],[0.99,42.82],[0.98,43.02],[0.81,43.21],[0.97,43.34],[0.64,43.47],[0.95,43.67],[0.92,44.19],[1.06,44.52],[1.38,44.65],[1.45,44.84],[2.1,44.78],[2.28,44.52],[2.52,44.58],[2.58,44.84],[2.75,44.84],[2.92,44.65],[3.16,44.71],[3.23,44.91],[3.47,44.91],[3.56,44.78],[3.97,44.78],[4.36,45.17],[4.27,45.37],[3.94,45.37],[3.92,45.96],[4.08,46.02],[3.98,46.35],[4.23,46.41],[4.05,46.68],[3.8,46.68],[3.73,46.55],[3.07,46.61],[2.71,47.2],[1.89,47.14]]],[[[-4.64,52.18],[-5.22,52.05],[-5.26,51.71],[-4.91,51.58],[-4.42,51.71],[-4.31,51.51],[-3.89,51.58],[-3.7,51.38],[-3.28,51.38],[-3.09,51.25],[-4.2,51.31],[-4.43,51.05],[-4.68,51.05],[-4.66,50.85],[-4.82,50.78],[-4.88,50.58],[-5.13,50.58],[-5.28,50.38],[-5.77,50.25],[-5.75,50.05],[-5.15,49.98],[-4.93,50.25],[-4.35,50.38],[-4.09,50.25],[-3.58,50.25],[-3.46,50.65],[-3.13,50.71],[-2.1,50.58],[-2.03,50.71],[-1.52,50.71],[-1.51,50.58],[-1.18,50.58],[-1.11,50.78],[0.49,50.78],[1.31,51.11],[1.38,51.38],[0.86,51.51],[0.84,51.78],[1.18,51.78],[1.17,51.98],[1.43,51.98],[1.74,52.38],[1.72,52.72],[1.53,52.92],[1.09,53.06],[0.49,53.06],[0.34,52.86],[0.08,52.92],[0.32,53.12],[0.3,53.39],[0.02,53.6],[0,53.8],[-0.18,53.94],[-0.2,54.21],[-0.67,54.61],[-1.29,54.68],[-1.49,54.95],[-1.63,55.57],[-2.11,55.91],[-2.27,55.77],[-2.24,55.5],[-2.56,55.23],[-3.14,54.95],[-3.4,54.95],[-3.65,54.82],[-3.59,54.27],[-3.32,54.21],[-3.1,53.73],[-3.15,53.46],[-3.31,53.33],[-2.86,53.12],[-3.2,53.06],[-3.17,52.86],[-3.07,52.65],[-3.62,52.25],[-3.88,52.25],[-3.85,51.98],[-4,51.78],[-4.26,51.85],[-4.19,51.98],[-4.62,51.98],[-4.64,52.18]]],[[[-6.15,53.33],[-6.24,53.39],[-6.08,53.46],[-6.29,53.73],[-6.33,54.07],[-5.9,54.07],[-5.67,54.34],[-5.42,54.41],[-5.55,54.75],[-5.73,54.75],[-5.94,55.02],[-6.44,54.89],[-6.33,54.68],[-5.95,54.48],[-6.01,54.27],[-6.53,54.27],[-6.65,53.87],[-7.25,53.87],[-7.32,53.73],[-7.91,53.6],[-7.86,53.26],[-7.65,52.99],[-8.18,53.12],[-8.19,52.59],[-8.35,52.52],[-8.32,52.32],[-8.83,52.32],[-8.89,52.12],[-8.58,51.71],[-8.41,51.71],[-7.68,51.98],[-7.61,52.12],[-6.43,52.18],[-6.23,52.65],[-6.15,52.65],[-6.09,52.86],[-6.15,53.33]]]]},"properties":{"NAME":"Angevin Empire","C":0,"name":"Angevin Empire","start_year":1192,"end_year":1201,"capital":"","type":"polity","region":"","event":"","source":"Cliopatria / Seshat Global History Databank (CC BY 4.0)","wikipedia":"Angevin Empire","wikidata":"Q538677","_a":175,"_c":[-2.26,49.3],"_nz":"安茹帝国","_sz":""}},
{"type":"Feature","geometry":{"type":"Polygon","coordinates":[[[53.64,36.87],[53.57,36.87],[52.19,36.55],[51.64,36.55],[50.82,36.74],[50.32,37],[50,37.38],[49.09,37.51],[48.83,37.84],[48.84,38.35],[48.76,38.35],[48.8,39],[48.92,39.19],[49.18,39.32],[49.03,39.38],[49,39.64],[48.78,39.71],[48.72,39.84],[48.09,39.84],[47.9,39.64],[47.4,39.51],[46.67,38.93],[46.2,38.93],[45.65,38.93],[44.87,39.45],[44.85,39.32],[44.52,39.26],[44.32,39],[44.31,38.42],[44.45,38.35],[44.31,37.9],[44.44,37.77],[43.57,37.71],[43.55,37.58],[43.32,37.58],[43.3,37.45],[43.55,37],[43.78,37],[44.36,36.67],[44.34,36.55],[44.61,36.29],[44.59,36.16],[44.95,35.97],[44.9,35.58],[44.41,35.39],[44.17,34.81],[43.93,34.68],[43.81,34.42],[43.66,34.42],[43.4,34.16],[43.24,34.16],[42.89,33.84],[42.57,33.71],[42.36,33.26],[42.58,33.14],[42.71,32.94],[43.15,32.81],[44.46,31.59],[44.44,31.46],[44.66,31.34],[45.4,30.5],[45.55,30.5],[46.1,29.99],[46.53,29.79],[46.59,29.6],[46.75,29.67],[46.87,29.41],[47.1,29.47],[47.46,29.28],[47.57,29.6],[48.07,29.99],[48.9,29.99],[48.99,30.05],[48.94,30.31],[49.59,29.99],[50.06,30.18],[50.24,29.73],[50.65,29.41],[50.62,29.15],[50.92,29.09],[50.81,28.83],[51.03,28.77],[51.07,28.44],[51.33,28.12],[51.32,27.99],[51.6,27.8],[52.05,27.8],[52.48,27.61],[52.74,27.22],[53.46,26.97],[53.66,26.71],[54.26,26.71],[54.46,26.52],[54.83,26.45],[55.24,26.77],[55.29,26.52],[55.6,26.64],[56.06,26.71],[56.31,26.9],[56.26,27.16],[56.28,27.29],[55.81,27.74],[55.84,27.99],[55.49,28.25],[55.51,28.38],[55.23,28.57],[55.25,28.7],[55.04,28.83],[55.06,28.96],[54.85,29.15],[54.7,29.15],[54.51,29.41],[54.36,29.41],[54.16,29.6],[53.87,30.24],[53.82,31.01],[53.87,31.34],[53.75,31.53],[53.75,32.04],[53.94,32.3],[54.35,32.49],[54.57,32.88],[55.01,33.26],[55.32,34.16],[55.14,34.42],[55.17,34.61],[54.98,34.87],[55.01,35],[54.62,35.45],[54.41,35.97],[54.2,36.1],[54.16,36.29],[53.79,36.42],[53.82,36.55],[53.54,36.74],[53.64,36.87]]]},"properties":{"NAME":"Great Seljuk Empire","C":7,"name":"Great Seljuk Empire","start_year":1192,"end_year":1201,"capital":"","type":"polity","region":"","event":"","source":"Cliopatria / Seshat Global History Databank (CC BY 4.0)","wikipedia":"Seljuk Empire","wikidata":"Q3708094","_a":187,"_c":[49.34,33.15],"_nz":"塞尔柱帝国","_sz":""}},
{"type":"Feature","geometry":{"type":"Polygon","coordinates":[[[76.01,25.92],[76.55,26.26],[76.93,26.61],[77.18,27.03],[76.99,27.22],[76.61,27.71],[76.3,28.49],[75.39,29.22],[74.52,29.22],[73.81,28.97],[73.23,28.39],[72.7,27.87],[71.68,27.21],[71.9,26.44],[73.24,25.64],[73.71,25.48],[73.89,25.55],[74.66,25.78],[74.82,25.7],[74.92,25.39],[76.01,25.92]]]},"properties":{"NAME":"Chauhan Dynasty","C":4,"name":"Chauhan Dynasty","start_year":1192,"end_year":1201,"capital":"","type":"polity","region":"","event":"","source":"Cliopatria / Seshat Global History Databank (CC BY 4.0)","wikipedia":"Chauhan Dynasty","wikidata":"Q1068371","_a":21,"_c":[74.43,27.31],"_nz":"兆汉王朝","_sz":""}},
{"type":"Feature","geometry":{"type":"Polygon","coordinates":[[[36.6,36.8],[36.77,36.93],[36.98,37.38],[37.31,37.58],[37.51,37.9],[37.85,38.16],[36.75,38.16],[35.6,38.35],[34.88,37.45],[34.56,37.45],[34.3,37.19],[33.67,37.13],[33.27,36.93],[32.64,36.93],[32.27,37.13],[32.04,37.13],[31.82,37.32],[31.51,37.32],[31.37,37.51],[31.07,37.64],[30.6,37.64],[30.75,37.51],[30.72,37.19],[30.85,36.93],[30.93,36.93],[32.07,36.61],[32.5,36.22],[32.56,36.03],[33.98,36.29],[34.25,36.67],[34.58,36.87],[34.89,36.87],[35.33,36.61],[35.49,36.61],[35.83,36.93],[36.14,36.93],[36.27,36.67],[36.52,36.8],[36.6,36.8]]]},"properties":{"NAME":"Armenian Kingdom of Cilicia","C":3,"name":"Armenian Kingdom of Cilicia","start_year":1192,"end_year":1201,"capital":"","type":"polity","region":"","event":"","source":"Cliopatria / Seshat Global History Databank (CC BY 4.0)","wikipedia":"Armenian Kingdom of Cilicia","wikidata":"Q335088","_a":17,"_c":[34.23,37.19],"_nz":"奇里乞亚亚美尼亚王国","_sz":""}}
]}