{"type":"FeatureCollection","features":[{"type":"Feature","properties":{"NAME":"Alodia","C":4,"name":"Alodia","start_year":602,"end_year":1501,"capital":"","type":"polity","region":"","event":"","source":"Cliopatria / Seshat Global History Databank (CC BY 4.0)","wikipedia":"Alodia","wikidata":"Q449639","_a":15,"_c":[33.57,16.74],"_nz":"阿洛迪亚","_sz":""},"geometry":{"type":"Polygon","coordinates":[[[35.37,17.96],[35.5,17.64],[36,17.32],[36.05,16.81],[35.67,16.49],[34.71,16.49],[34.56,16.23],[34.68,15.78],[34.1,15.84],[33.86,15.46],[32.53,15.2],[32.53,15.33],[31.8,15.52],[31.53,15.97],[31.54,16.23],[31.39,16.36],[31.48,16.61],[31.21,17.32],[31.09,18.22],[31.1,18.29],[31.54,18.16],[33.24,18.29],[34.12,18.03],[34.48,18.03],[34.63,17.9],[35.29,17.96],[35.37,17.96]]]}},{"type":"Feature","properties":{"NAME":"Kathmandu","C":5,"name":"Kathmandu","start_year":1202,"end_year":1743,"capital":"","type":"polity","region":"","event":"","source":"Cliopatria / Seshat Global History Databank (CC BY 4.0)","wikipedia":"Kathmandu","wikidata":"Q3037","_a":0,"_c":[85.4,27.77],"_nz":"加德满都","_sz":""},"geometry":{"type":"Polygon","coordinates":[[[85.56,27.8],[85.36,27.93],[85.24,27.67],[85.45,27.61],[85.55,27.74],[85.56,27.8]]]}},{"type":"Feature","properties":{"NAME":"County of Urgell","C":10,"name":"County of Urgell","start_year":1344,"end_year":1515,"capital":"","type":"polity","region":"","event":"","source":"Cliopatria / Seshat Global History Databank (CC BY 4.0)","wikipedia":"County of Urgell","wikidata":"Q1514510","_a":0,"_c":[1.65,42.53],"_nz":"乌赫尔伯国","_sz":""},"geometry":{"type":"Polygon","coordinates":[[[1.49,42.56],[1.58,42.43],[1.81,42.56],[1.73,42.56],[1.73,42.63],[1.65,42.63],[1.57,42.63],[1.49,42.63],[1.49,42.56]]]}},{"type":"Feature","properties":{"NAME":"Sind-Samma Dynasty","C":6,"name":"Sind-Samma Dynasty","start_year":1352,"end_year":1520,"capital":"","type":"polity","region":"","event":"","source":"Cliopatria / Seshat Global History Databank (CC BY 4.0)","wikipedia":"Samma dynasty","wikidata":"Q27260","_a":18,"_c":[68.32,26.07],"_nz":"信德-萨玛王朝","_sz":""},"geometry":{"type":"Polygon","coordinates":[[[69.83,25.16],[69.75,25.16],[69.83,25.74],[70.28,26.32],[70.02,26.58],[70.05,26.77],[69.87,27.09],[69.94,27.54],[70.23,27.93],[70.01,27.99],[69.91,28.32],[69.76,28.32],[69.74,28.19],[69.51,28.12],[69.24,27.87],[68.53,27.67],[68.35,27.48],[67.4,27.09],[66.98,26.77],[66.4,25.81],[66.36,25.49],[66.51,25.49],[66.7,25.23],[66.65,24.84],[67.24,24.71],[67.27,24.39],[67.35,24.39],[67.31,24.07],[67.46,24.07],[67.51,23.88],[67.66,23.81],[68.33,23.81],[68.41,23.94],[68.72,24.01],[68.74,24.2],[69.49,24.2],[69.7,24.07],[70,24.14],[70.09,24.26],[69.8,24.91],[69.83,25.16]]]}},{"type":"Feature","properties":{"NAME":"Ceylon","C":0,"name":"Ceylon","start_year":1352,"end_year":1501,"capital":"","type":"polity","region":"","event":"","source":"Cliopatria / Seshat Global History Databank (CC BY 4.0)","wikipedia":"Sri Lanka","wikidata":"Q918153","_a":7,"_c":[80.77,7.42],"_nz":"锡兰","_sz":""},"geometry":{"type":"Polygon","coordinates":[[[81.25,8.51],[81.4,8.51],[81.45,8.13],[81.65,7.94],[81.77,7.49],[81.92,7.42],[81.88,6.71],[81.34,6.14],[80.67,5.88],[80.23,5.88],[79.95,6.14],[79.76,6.65],[79.74,7.68],[79.61,7.87],[79.62,8.06],[79.76,8.06],[79.81,8.77],[79.89,8.96],[80.19,8.78],[81.25,8.55],[81.25,8.51]]]}},{"type":"Feature","properties":{"NAME":"Jaffna kingdom","C":5,"name":"Jaffna kingdom","start_year":1352,"end_year":1587,"capital":"","type":"polity","region":"","event":"","source":"Cliopatria / Seshat Global History Databank (CC BY 4.0)","wikipedia":"Jaffna kingdom","wikidata":"Q1311219","_a":2,"_c":[80.48,9.16],"_nz":"贾夫纳王国","_sz":""},"geometry":{"type":"Polygon","coordinates":[[[79.8,9.57],[80.14,9.52],[79.97,9.28],[80.03,9.05],[79.7,9.11],[79.93,8.88],[81.17,8.49],[81.26,8.55],[80.79,9.33],[80.23,9.84],[80.01,9.83],[79.75,9.64],[79.8,9.57]]]}},{"type":"Feature","properties":{"NAME":"Zayyanid dynasty","C":3,"name":"Zayyanid dynasty","start_year":1363,"end_year":1506,"capital":"","type":"polity","region":"","event":"","source":"Cliopatria / Seshat Global History Databank (CC BY 4.0)","wikipedia":"Zayyanid dynasty","wikidata":"Q307697","_a":24,"_c":[1.27,35.2],"_nz":"扎亚尼德王朝","_sz":""},"geometry":{"type":"MultiPolygon","coordinates":[[[[2.61,34.42],[2.53,34.42],[2.53,34.49],[2.61,34.49],[2.61,34.42]]],[[[4.67,35.07],[4.6,34.74],[4.45,34.61],[4.46,34.55],[2.92,34.36],[2.45,34.61],[1.29,34.61],[0.68,34.42],[0.45,34.49],[0.3,34.36],[-0.47,34.36],[-0.54,34.16],[-0.69,34.16],[-0.68,34.04],[-1.5,33.46],[-1.58,33.46],[-1.72,34.68],[-2.11,34.94],[-2.12,35.07],[-2.04,35.07],[-1.36,35.26],[-1.14,35.45],[-1.22,35.64],[-1.07,35.58],[-0.92,35.71],[-0.53,35.71],[-0.46,35.84],[0.08,35.84],[0.38,36.22],[0.68,36.29],[0.68,36.42],[0.91,36.35],[1.22,36.55],[1.53,36.48],[2.38,36.67],[2.69,36.61],[2.84,36.74],[3.23,36.74],[3.46,36.87],[3.85,36.8],[4.31,36.93],[4.39,36.93],[4.48,36.67],[4.63,36.61],[4.64,36.42],[4.56,36.42],[4.56,36.35],[4.64,36.29],[4.67,35.13],[4.67,35.07]]]]}},{"type":"Feature","properties":{"NAME":"Shirvan","C":9,"name":"Shirvan","start_year":1415,"end_year":1533,"capital":"","type":"polity","region":"","event":"","source":"Cliopatria / Seshat Global History Databank (CC BY 4.0)","wikipedia":"Shirvan","wikidata":"Q638064","_a":12,"_c":[47.97,40.65],"_nz":"希尔万","_sz":""},"geometry":{"type":"Polygon","coordinates":[[[47,39.9],[46.88,40.1],[46.65,40.16],[46.61,40.36],[45.69,40.55],[45.99,40.87],[46.48,40.94],[46.78,41.26],[47.11,41.33],[47.22,41.46],[47.3,41.46],[47.5,41.26],[47.99,41.33],[48.17,41.85],[48.09,41.85],[48.12,41.98],[48.28,41.98],[49.09,41.26],[49.06,41.13],[49.27,41],[49.24,40.87],[49.51,40.61],[50.05,40.55],[50.26,40.42],[49.69,40.36],[49.51,40.23],[49.27,39.38],[49.19,39.38],[49.18,39.32],[49.03,39.38],[49,39.64],[48.78,39.71],[48.72,39.84],[47.37,39.77],[47.31,39.9],[47.08,39.9],[47,39.9]]]}},{"type":"Feature","properties":{"NAME":"Ethiopian Empire","C":11,"name":"Ethiopian Empire","start_year":1415,"end_year":1501,"capital":"","type":"polity","region":"","event":"","source":"Cliopatria / Seshat Global History Databank (CC BY 4.0)","wikipedia":"Ethiopian Empire","wikidata":"Q207521","_a":67,"_c":[39.39,11.19],"_nz":"埃塞俄比亚帝国","_sz":""},"geometry":{"type":"MultiPolygon","coordinates":[[[[39.87,15.01],[39.67,13.72],[39.81,13.59],[39.73,13.34],[39.8,13.34],[39.79,13.01],[39.85,12.82],[40,12.76],[40.25,11.79],[40.32,11.79],[40.32,11.54],[40.52,11.09],[40.55,9.8],[40.54,9.74],[40.54,9.67],[40.54,9.61],[40.54,9.54],[40.61,9.54],[40.81,8.96],[41.24,8.64],[41.23,8.51],[41.96,8.39],[42.11,8.58],[42.26,8.58],[42.26,8.51],[42.1,8.13],[42.08,7.61],[42.29,7.42],[42.29,7.16],[42.14,7.04],[42.05,6.65],[41.76,6.65],[41.68,6.52],[41.75,6.33],[41.6,6.2],[41.25,6.52],[41.18,6.84],[41.03,6.78],[40.95,6.52],[40.81,6.52],[40.8,6.33],[41.16,6.07],[41.16,5.94],[41.3,5.94],[41.22,5.56],[41,5.75],[40.71,5.81],[40.27,5.43],[39.83,5.43],[39.76,5.62],[39.61,5.56],[39.26,5.81],[39.19,6.07],[39.05,6.14],[39.06,6.46],[38.55,6.71],[38.7,6.84],[38.64,7.16],[38.49,7.1],[38.42,7.23],[38.27,7.23],[38.12,7.04],[37.98,7.04],[37.91,7.16],[37.54,7.16],[37.47,7.29],[37.18,7.36],[37.27,7.94],[37.2,8],[37.49,8],[37.5,8.26],[37.28,8.32],[37.36,8.51],[37.15,8.77],[37.09,9.16],[37.47,9.61],[37.48,9.93],[37.28,10.38],[36.77,10.44],[36.48,10.64],[36.48,10.83],[36.71,11.09],[36.65,11.28],[36.8,11.41],[36.75,12.24],[36.91,12.44],[37,12.89],[37.22,13.14],[37.16,13.34],[37.31,13.34],[37.62,13.91],[37.56,14.17],[37.87,14.69],[38.14,15.65],[38.29,15.71],[38.53,16.23],[38.68,16.29],[39.08,16.94],[39.22,16.81],[39.27,16.23],[39.47,15.91],[39.46,15.71],[39.68,15.52],[39.73,15.2],[39.88,15.2],[39.88,15.07],[39.87,15.01]]],[[[36.65,11.41],[36.65,11.47],[36.73,11.47],[36.72,11.41],[36.65,11.41]]],[[[38.14,15.71],[38.14,15.78],[38.22,15.78],[38.21,15.71],[38.14,15.71]]]]}},{"type":"Feature","properties":{"NAME":"Adal Sultanate","C":9,"name":"Adal Sultanate","start_year":1415,"end_year":1528,"capital":"","type":"polity","region":"","event":"","source":"Cliopatria / Seshat Global History Databank (CC BY 4.0)","wikipedia":"Adal Sultanate","wikidata":"Q2365048","_a":22,"_c":[42.72,10.67],"_nz":"阿达尔苏丹国","_sz":""},"geometry":{"type":"Polygon","coordinates":[[[42.81,11.6],[43.25,11.6],[43.67,11.21],[43.73,10.96],[44.08,10.57],[44.37,10.44],[45.11,10.51],[45.1,10.38],[44.87,10.06],[44.72,10.06],[44.49,9.8],[44.05,9.67],[43.9,9.48],[43.68,9.41],[43.67,9.29],[42.63,8.84],[42.55,8.71],[42.41,8.71],[42.4,8.58],[42.26,8.64],[42.26,8.58],[42.11,8.58],[41.96,8.39],[41.23,8.51],[41.24,8.64],[40.81,8.96],[40.61,9.54],[40.61,9.61],[40.61,9.67],[40.62,9.74],[40.62,9.8],[40.55,9.8],[40.52,11.09],[40.32,11.54],[40.32,11.79],[40.33,11.86],[42.86,12.95],[43.15,12.89],[43.22,12.63],[43.5,12.31],[43.48,11.99],[42.81,11.73],[42.73,11.6],[42.81,11.6]]]}},{"type":"Feature","properties":{"NAME":"Makuria Kingdom","C":3,"name":"Makuria Kingdom","start_year":1415,"end_year":1506,"capital":"","type":"polity","region":"","event":"","source":"Cliopatria / Seshat Global History Databank (CC BY 4.0)","wikipedia":"Makuria","wikidata":"Q829356","_a":28,"_c":[32.92,20.85],"_nz":"马库里亚王国","_sz":""},"geometry":{"type":"Polygon","coordinates":[[[33.84,22.14],[33.88,23.17],[33.81,23.17],[33.82,23.49],[33.68,23.62],[33.68,23.69],[33.39,23.81],[32.04,23.69],[31.67,23.75],[30.54,23.36],[30.53,23.3],[30.74,22.85],[30.72,22.27],[30.56,21.95],[30.64,21.95],[30.69,21.31],[30.76,21.31],[30.74,20.79],[30.82,20.79],[30.91,19.31],[30.99,19.31],[31.1,18.35],[31.1,18.29],[31.54,18.16],[33.24,18.29],[34.12,18.03],[34.48,18.03],[34.63,17.9],[35.29,17.96],[35.3,18.03],[35.16,18.22],[34.94,18.29],[34.88,18.61],[34.6,18.93],[34.47,19.38],[34.26,19.64],[33.82,21.63],[33.75,21.63],[33.84,22.01],[33.76,22.08],[33.84,22.08],[33.84,22.14]]]}},{"type":"Feature","properties":{"NAME":"Principality of Wallachia","C":11,"name":"Principality of Wallachia","start_year":1422,"end_year":1528,"capital":"","type":"polity","region":"","event":"","source":"Cliopatria / Seshat Global History Databank (CC BY 4.0)","wikipedia":"Wallachia","wikidata":"Q171393","_a":11,"_c":[25.25,44.62],"_nz":"瓦拉几亚公国","_sz":""},"geometry":{"type":"Polygon","coordinates":[[[27.63,45.43],[26.66,45.5],[26.42,45.5],[26.24,45.37],[26.1,45.63],[25.94,45.63],[25.85,45.5],[25.44,45.5],[25.35,45.37],[25.04,45.63],[23.48,45.5],[23.47,45.37],[23.14,45.24],[22.65,45.24],[22.53,44.71],[22.69,44.65],[22.52,44.52],[22.5,44.32],[22.89,44.12],[22.95,43.8],[23.6,43.86],[24.15,43.67],[24.88,43.73],[25.43,43.6],[25.85,43.73],[26.28,44.06],[27.49,44.06],[27.83,44.19],[27.94,44.52],[27.79,44.58],[27.8,44.71],[27.97,44.78],[28,45.04],[27.85,45.17],[27.86,45.3],[27.63,45.43]]]}},{"type":"Feature","properties":{"NAME":"Livonian Conference","C":10,"name":"Livonian Conference","start_year":1422,"end_year":1511,"capital":"","type":"polity","region":"","event":"","source":"Cliopatria / Seshat Global History Databank (CC BY 4.0)","wikipedia":"Livonian language","wikidata":"Q33698","_a":29,"_c":[24.53,57.71],"_nz":"利沃尼亚联盟","_sz":""},"geometry":{"type":"MultiPolygon","coordinates":[[[[27.64,59.16],[27.37,59.16],[27.45,58.53],[27.54,58.53],[27.48,58.18],[27.66,58.18],[27.65,58.11],[27.64,58.04],[27.73,58.04],[27.72,57.97],[27.39,57.56],[27.8,57.35],[27.65,56.94],[27.9,56.87],[27.88,56.73],[28.19,56.46],[28.15,56.18],[27.97,56.18],[27.47,55.77],[26.87,55.84],[26.5,55.7],[25.83,55.98],[25.76,56.11],[25.07,56.18],[24.83,56.39],[24.11,56.25],[23.42,56.39],[21.74,56.39],[21.38,56.32],[21.19,56.11],[20.92,56.05],[20.92,56.11],[20.87,56.46],[20.95,56.46],[21,56.94],[21.28,57.08],[21.41,57.49],[21.79,57.7],[22.52,57.83],[23.58,57.01],[23.94,57.08],[24.23,57.28],[24.27,58.25],[23.82,58.25],[23.67,58.46],[23.41,58.53],[23.41,59.29],[23.96,59.36],[24.16,59.5],[25.35,59.57],[25.37,59.71],[25.55,59.71],[25.54,59.64],[26.45,59.64],[26.79,59.5],[28.06,59.5],[28.03,59.29],[27.73,59.16],[27.64,59.16]]],[[[21.85,58.25],[21.88,58.53],[22.15,58.53],[22.25,58.67],[23.23,58.6],[23.12,58.39],[22.29,58.18],[22.08,57.9],[21.9,57.9],[22.02,58.18],[21.93,58.18],[21.85,58.25]]],[[[22.35,58.74],[22.37,58.88],[22.19,58.88],[22.2,59.02],[22.49,59.16],[22.84,59.09],[22.9,58.81],[22.71,58.74],[22.62,58.74],[22.35,58.74]]]]}},{"type":"Feature","properties":{"NAME":"Republic of Ragusa","C":0,"name":"Republic of Ragusa","start_year":1429,"end_year":1771,"capital":"","type":"polity","region":"","event":"","source":"Cliopatria / Seshat Global History Databank (CC BY 4.0)","wikipedia":"Republic of Ragusa","wikidata":"Q208169","_a":0,"_c":[17.95,42.79],"_nz":"拉古萨共和国","_sz":""},"geometry":{"type":"MultiPolygon","coordinates":[[[[18.3,42.56],[18.3,42.63],[18.38,42.63],[18.38,42.56],[18.3,42.56]]],[[[17.75,42.69],[17.67,42.69],[17.67,42.76],[17.75,42.76],[17.75,42.69]]],[[[17.83,42.89],[17.51,42.82],[17.52,42.95],[17.52,43.02],[18.08,43.02],[18.31,42.69],[18.3,42.63],[18.14,42.63],[17.83,42.89]]]]}},{"type":"Feature","properties":{"NAME":"Joseon","C":10,"name":"Joseon","start_year":1440,"end_year":1515,"capital":"","type":"polity","region":"","event":"","source":"Cliopatria / Seshat Global History Databank (CC BY 4.0)","wikipedia":"Joseon","wikidata":"Q28405","_a":64,"_c":[127.51,38.11],"_nz":"朝鲜王朝","_sz":""},"geometry":{"type":"MultiPolygon","coordinates":[[[[126.7,33.26],[126.14,33.2],[126.36,33.52],[127,33.59],[126.78,33.26],[126.7,33.26]]],[[[129.7,41.65],[129.81,41.46],[129.73,41.33],[129.88,41.2],[129.76,40.87],[129.24,40.68],[129.08,40.42],[128.68,40.29],[128.37,40.03],[127.93,39.97],[127.58,39.77],[127.67,39.64],[127.44,39.26],[127.8,39.19],[127.92,39],[128.36,38.8],[128.84,37.96],[129.1,37.58],[129.26,37.58],[129.47,37.25],[129.41,37.13],[129.53,37.06],[129.4,36.35],[129.47,36.35],[129.42,36.1],[129.58,36.1],[129.67,35.97],[129.54,35.71],[129.62,35.71],[129.15,35.07],[128.53,35.07],[128.55,34.94],[128.81,35],[128.68,34.74],[128.33,34.81],[128.31,34.94],[128.08,34.94],[128.07,34.74],[127.76,34.74],[127.38,34.42],[127.22,34.42],[127.13,34.55],[127.3,34.74],[127.22,34.74],[127.02,34.49],[126.63,34.29],[126.42,34.36],[126.48,34.49],[126.35,34.36],[126.12,34.36],[126.48,34.81],[126.2,34.87],[126.38,35.26],[126.3,35.26],[126.52,35.71],[126.77,35.9],[126.61,35.9],[126.68,36.03],[126.52,36.03],[126.43,36.16],[126.45,36.67],[126.26,36.61],[126.05,36.8],[126.3,37],[126.65,37.06],[126.7,37.32],[126.54,37.45],[126.6,37.58],[126.25,37.64],[126.35,37.84],[125.84,37.77],[125.83,37.9],[125.68,37.9],[125.39,37.64],[125.23,37.64],[125.3,37.77],[125.21,37.9],[124.9,37.9],[125.08,38.09],[124.76,38.09],[124.87,38.29],[124.79,38.29],[124.96,38.61],[125.15,38.67],[125.19,38.74],[125.03,38.74],[125.39,39.38],[125.31,39.51],[124.87,39.58],[124.86,39.71],[124.51,39.64],[124.34,39.9],[124.27,39.9],[124.57,40.29],[126.11,41],[126.83,41.78],[127.07,41.78],[127.11,41.59],[127.38,41.52],[127.34,41.46],[128.22,41.46],[128.34,41.65],[128.27,41.78],[128.11,41.78],[128.15,41.85],[127.99,41.85],[128.07,41.98],[128.84,42.04],[129.17,42.3],[129.7,42.5],[129.89,43.02],[129.97,43.02],[130.28,42.89],[130.38,42.56],[130.74,42.5],[130.61,42.3],[130.32,42.24],[129.74,41.72],[129.7,41.65]]]]}},{"type":"Feature","properties":{"NAME":"Later Mayan City-States","C":2,"name":"Later Mayan City-States","start_year":1450,"end_year":1525,"capital":"","type":"polity","region":"","event":"","source":"Cliopatria / Seshat Global History Databank (CC BY 4.0)","wikipedia":"Maya civilization","wikidata":"Q28567","_a":34,"_c":[-89.28,18.38],"_nz":"后期玛雅城邦","_sz":""},"geometry":{"type":"MultiPolygon","coordinates":[[[[-88.49,17.19],[-88.56,17.19],[-88.57,17.26],[-88.72,17.26],[-89.1,16.87],[-89.08,16.74],[-89.31,16.81],[-89.81,16.68],[-89.94,16.55],[-89.96,16.16],[-90.03,16.16],[-89.93,15.97],[-90.07,15.91],[-90.21,15.33],[-91.31,15.33],[-91.37,15.2],[-91.65,15.14],[-91.75,15.33],[-91.9,15.33],[-91.9,15.84],[-91.58,16.16],[-90.75,16.55],[-90.58,16.87],[-90.64,18.67],[-91.07,18.99],[-91.2,18.93],[-91.23,19.06],[-90.81,19.25],[-90.74,19.7],[-90.48,19.89],[-90.49,20.41],[-90.42,20.41],[-90.32,21.11],[-90.17,21.11],[-89.98,21.31],[-89.18,21.37],[-88.48,21.63],[-87.34,21.5],[-87.22,21.63],[-86.92,21.63],[-86.75,21.5],[-86.72,20.92],[-86.71,20.86],[-87.35,20.21],[-87.29,19.89],[-87.55,19.64],[-87.39,19.57],[-87.37,19.44],[-87.49,19.31],[-87.45,19.06],[-87.73,18.48],[-87.7,18.29],[-87.91,18.22],[-88.04,18.54],[-87.96,18.54],[-87.99,18.74],[-88.25,18.48],[-88.23,18.35],[-88.08,18.35],[-88.03,18.03],[-88.1,18.03],[-88.17,17.51],[-88.55,17.58],[-88.42,17.26],[-88.5,17.26],[-88.49,17.19]]],[[[-86.7,20.34],[-86.99,20.28],[-87.02,20.47],[-86.74,20.6],[-86.67,20.6],[-86.7,20.34]]]]}},{"type":"Feature","properties":{"NAME":"Haudenosaunee","C":5,"name":"Haudenosaunee","start_year":1450,"end_year":1571,"capital":"","type":"polity","region":"","event":"","source":"Cliopatria / Seshat Global History Databank (CC BY 4.0)","wikipedia":"Iroquois","wikidata":"Q68518","_a":16,"_c":[-75.78,43.77],"_nz":"易洛魁联盟","_sz":""},"geometry":{"type":"Polygon","coordinates":[[[-73.61,44.06],[-73.72,44.45],[-73.57,44.65],[-73.63,44.91],[-73.33,44.97],[-73.37,45.04],[-73.45,45.04],[-73.5,45.3],[-74.3,45.43],[-74.26,45.37],[-74.98,45.17],[-75.04,44.97],[-75.54,44.84],[-75.73,44.58],[-76.07,44.45],[-76.16,44.32],[-76.1,44.19],[-76.26,44.19],[-76.01,43.86],[-76.19,43.73],[-76.17,43.54],[-76.54,43.47],[-76.51,43.41],[-76.67,43.41],[-76.76,43.28],[-78.08,43.34],[-78.09,42.89],[-78.17,42.89],[-78.11,42.76],[-78.23,42.69],[-77.91,42.37],[-76.12,42.3],[-75.31,42.11],[-75.22,42.43],[-75.06,42.43],[-74.82,42.76],[-74.27,42.95],[-74.3,43.02],[-74.06,43.02],[-73.67,43.54],[-73.72,43.8],[-73.53,43.73],[-73.65,43.99],[-73.57,43.99],[-73.61,44.06]]]}},{"type":"Feature","properties":{"NAME":"Hafsid Dynasty","C":9,"name":"Hafsid Dynasty","start_year":1453,"end_year":1511,"capital":"","type":"polity","region":"","event":"","source":"Cliopatria / Seshat Global History Databank (CC BY 4.0)","wikipedia":"Hafsid dynasty","wikidata":"Q752662","_a":106,"_c":[11.65,33.66],"_nz":"哈夫斯王朝","_sz":""},"geometry":{"type":"Polygon","coordinates":[[[10.85,35.64],[11.08,35.58],[11.08,35.39],[11.01,35.39],[11.08,35],[10.85,34.94],[10.85,34.81],[10.54,34.55],[10,34.29],[10.08,34.23],[10.01,33.91],[10.24,33.71],[10.54,33.71],[10.7,33.52],[11.08,33.59],[11.16,33.2],[11.46,33.2],[12.23,32.81],[12.61,32.88],[12.53,32.75],[12.84,32.75],[12.84,32.88],[13.07,32.94],[13.3,32.94],[13.45,32.81],[13.76,32.88],[13.76,32.75],[14.07,32.75],[14.44,32.49],[14.67,32.56],[14.75,32.43],[15.21,32.36],[15.42,31.66],[15.58,31.59],[15.65,31.4],[16.18,31.21],[17.47,31.08],[18,30.89],[18.59,30.37],[18.9,30.37],[18.81,29.99],[18.28,30.05],[16.7,30.69],[15.49,30.95],[15.18,30.89],[15.19,31.08],[14.58,31.53],[14.59,31.66],[13.83,32.11],[13.3,32.24],[13.07,32.17],[13.07,32.3],[12.46,32.36],[11.77,32.3],[11.77,32.43],[11.54,32.43],[11.46,32.56],[11.31,32.49],[11.16,32.69],[10.39,33.01],[10.01,33.01],[10.08,33.14],[9.63,33.14],[9.55,33.33],[9.62,33.46],[9.32,33.59],[9.08,34.04],[8.93,34.04],[8.93,34.16],[8.77,34.23],[8.08,34.23],[8,34.42],[7.85,34.49],[7.15,34.49],[6.92,34.61],[4.53,34.61],[4.45,34.61],[4.6,34.74],[4.67,35.07],[4.67,35.13],[4.64,36.29],[4.56,36.35],[4.64,36.35],[4.64,36.42],[4.63,36.61],[4.48,36.67],[4.39,36.93],[4.47,36.93],[4.86,36.87],[5.1,36.67],[5.56,36.67],[5.64,36.8],[6.11,36.8],[6.1,36.93],[6.33,37.06],[6.8,36.87],[7.19,36.87],[7.35,37.06],[7.66,37],[7.74,36.87],[8.52,36.87],[8.9,37.13],[9.06,37.06],[9.6,37.32],[9.99,37.19],[10.23,37.25],[10.23,37.06],[10.31,37.06],[10.23,36.8],[10.54,36.74],[10.85,37],[11.01,37],[11.01,36.8],[10.46,36.42],[10.54,36.35],[10.46,35.9],[10.85,35.71],[10.85,35.64]]]}},{"type":"Feature","properties":{"NAME":"Ryazan","C":5,"name":"Ryazan","start_year":1453,"end_year":1501,"capital":"","type":"polity","region":"","event":"","source":"Cliopatria / Seshat Global History Databank (CC BY 4.0)","wikipedia":"Ryazan","wikidata":"Q269109","_a":4,"_c":[39.53,54.62],"_nz":"梁赞","_sz":""},"geometry":{"type":"Polygon","coordinates":[[[39.84,53.66],[39.86,53.73],[39.89,54.21],[40.3,54.48],[40.47,55.16],[40.33,55.29],[40.51,55.63],[40.44,55.7],[40.26,55.7],[40.14,55.57],[39.89,55.63],[39.67,55.43],[39.3,55.36],[39.07,55.16],[38.9,55.16],[38.54,54.75],[38.58,54.55],[38.91,54.48],[38.88,54.34],[38.96,54.34],[38.99,54.07],[39.14,54],[39.17,53.73],[39.34,53.73],[39.46,53.53],[39.72,53.53],[39.75,53.66],[39.84,53.66]]]}},{"type":"Feature","properties":{"NAME":"Qasim Khanate","C":3,"name":"Qasim Khanate","start_year":1453,"end_year":1501,"capital":"","type":"polity","region":"","event":"","source":"Cliopatria / Seshat Global History Databank (CC BY 4.0)","wikipedia":"Qasim Khanate","wikidata":"Q836169","_a":5,"_c":[41.05,54.76],"_nz":"卡西姆汗国","_sz":""},"geometry":{"type":"Polygon","coordinates":[[[41.79,54.21],[42.23,55.23],[41.8,55.23],[41.85,55.43],[41.71,55.57],[41.81,55.91],[41.19,55.91],[40.44,55.7],[40.51,55.63],[40.33,55.29],[40.47,55.16],[40.3,54.48],[39.89,54.21],[39.86,53.73],[40.03,53.73],[40.08,53.6],[40.63,53.73],[40.86,53.6],[41.06,53.73],[41.05,54],[41.77,54.14],[41.79,54.21]]]}},{"type":"Feature","properties":{"NAME":"Republic of Genoa","C":9,"name":"Republic of Genoa","start_year":1453,"end_year":1525,"capital":"","type":"polity","region":"","event":"","source":"Cliopatria / Seshat Global History Databank (CC BY 4.0)","wikipedia":"Republic of Genoa","wikidata":"Q174306","_a":318,"_c":[23.38,42.56],"_nz":"热那亚共和国","_sz":""},"geometry":{"type":"MultiPolygon","coordinates":[[[[26.11,38.16],[25.88,38.16],[25.9,38.48],[25.82,38.48],[25.91,38.67],[25.99,38.67],[26.22,38.55],[26.11,38.16]]],[[[24.97,39.84],[25.07,40.03],[25.15,40.03],[25.46,40.03],[25.45,39.84],[24.97,39.84]]],[[[26.23,40.74],[26.22,40.68],[26.07,40.68],[26.08,40.87],[26.23,40.74]]],[[[9.57,42.76],[9.58,41.98],[9.5,41.98],[9.5,41.78],[9.26,41.39],[9.1,41.33],[8.78,41.52],[8.78,41.72],[8.62,41.72],[8.7,41.91],[8.54,42.11],[8.53,42.5],[8.77,42.69],[9.17,42.76],[9.25,43.02],[9.33,43.02],[9.49,43.02],[9.49,42.76],[9.57,42.76]]],[[[7.31,43.8],[7.31,43.73],[7.23,43.73],[7.23,43.8],[7.31,43.8]]],[[[9.89,44.06],[9.97,44.06],[9.97,43.99],[9.89,43.99],[9.89,44.06]]],[[[9.16,44.71],[9.48,44.65],[9.64,44.52],[9.65,44.32],[9.97,44.19],[9.97,44.12],[9.73,44.12],[9.16,44.45],[8.59,44.45],[8.19,44.19],[8.03,43.93],[7.39,43.8],[7.31,43.8],[7.39,43.93],[7.63,43.99],[7.63,44.12],[7.71,44.12],[7.79,44.12],[7.87,44.12],[7.95,44.12],[8.03,44.12],[8.11,44.52],[8.43,44.52],[8.59,44.65],[8.91,44.58],[8.99,44.71],[9.16,44.71]]],[[[27.01,37.64],[26.62,37.64],[26.56,37.84],[26.64,37.84],[27.03,37.84],[27.01,37.64]]],[[[26.25,38.93],[26.09,39],[26.1,39.13],[25.79,39.19],[26.04,39.38],[26.12,39.38],[26.51,39.32],[26.64,39],[26.25,38.93]]],[[[33.54,44.58],[33.53,44.52],[33.45,44.52],[33.46,44.58],[33.54,44.58]]],[[[34.95,44.84],[34.38,44.78],[33.93,44.45],[33.52,44.45],[33.53,44.52],[33.85,44.52],[34.03,44.65],[34.11,44.65],[34.12,44.71],[34.48,44.91],[34.56,44.91],[35.4,45.1],[35.39,45.04],[34.95,44.84]]],[[[37.22,45.3],[37.17,45.04],[36.94,45.1],[36.86,45.1],[36.78,45.1],[36.75,45.43],[37.22,45.3]]],[[[36.23,45.24],[36.25,45.37],[36.26,45.43],[36.42,45.43],[36.38,45.17],[36.23,45.24]]],[[[39.39,47.47],[39.53,47.33],[39.48,47.07],[39.22,47.01],[39.23,47.07],[39.24,47.14],[39.26,47.2],[39.27,47.27],[39.13,47.4],[39.3,47.47],[39.39,47.47]]]]}},{"type":"Feature","properties":{"NAME":"Samudera Pasai Sultanate","C":3,"name":"Samudera Pasai Sultanate","start_year":1459,"end_year":1515,"capital":"","type":"polity","region":"","event":"","source":"Cliopatria / Seshat Global History Databank (CC BY 4.0)","wikipedia":"Samudera Pasai Sultanate","wikidata":"Q3284315","_a":2,"_c":[96.5,5.17],"_nz":"苏木都剌巴赛苏丹国","_sz":""},"geometry":{"type":"Polygon","coordinates":[[[97.24,4.85],[97.4,5.24],[96.24,5.24],[95.95,5.36],[95.75,5.62],[95.6,5.62],[95.65,5.24],[95.86,5.04],[96.79,4.72],[97.01,4.72],[97.16,4.85],[97.24,4.85]]]}},{"type":"Feature","properties":{"NAME":"Sultanate of Kedah","C":9,"name":"Sultanate of Kedah","start_year":1459,"end_year":1511,"capital":"","type":"polity","region":"","event":"","source":"Cliopatria / Seshat Global History Databank (CC BY 4.0)","wikipedia":"Kedah Sultanate","wikidata":"Q1317579","_a":2,"_c":[100.32,5.82],"_nz":"吉打苏丹国","_sz":""},"geometry":{"type":"MultiPolygon","coordinates":[[[[100.3,4.98],[100.28,5.94],[100.02,6.46],[100.03,6.52],[100.33,6.65],[100.39,6.52],[100.96,6.26],[101.03,6.26],[101.07,5.62],[100.9,5.24],[100.75,5.24],[100.75,5.17],[100.3,4.98]]],[[[99.65,6.33],[99.58,6.39],[99.88,6.52],[99.87,6.26],[99.65,6.26],[99.65,6.33]]]]}},{"type":"Feature","properties":{"NAME":"Lan Na Kingdom","C":1,"name":"Lan Na Kingdom","start_year":1459,"end_year":1506,"capital":"","type":"polity","region":"","event":"","source":"Cliopatria / Seshat Global History Databank (CC BY 4.0)","wikipedia":"Lan Na","wikidata":"Q1059707","_a":8,"_c":[99.1,19.19],"_nz":"兰纳王国","_sz":""},"geometry":{"type":"Polygon","coordinates":[[[100.58,18.99],[100.75,19.19],[100.63,19.31],[100.66,19.51],[100.46,19.7],[100.6,20.09],[100.54,20.21],[100.13,20.41],[99.83,20.41],[99.41,20.09],[99.19,20.09],[98.92,19.76],[98.1,19.76],[97.94,19.64],[97.87,18.67],[97.77,18.54],[97.47,18.48],[97.45,18.35],[97.6,18.35],[97.77,18.03],[97.76,17.96],[97.84,17.96],[98.29,18.03],[98.64,18.41],[99.58,18.29],[99.61,18.48],[99.76,18.48],[100.19,18.86],[100.57,18.93],[100.58,18.99]]]}},{"type":"Feature","properties":{"NAME":"Sultanate of Sulu","C":11,"name":"Sultanate of Sulu","start_year":1459,"end_year":1506,"capital":"","type":"polity","region":"","event":"","source":"Cliopatria / Seshat Global History Databank (CC BY 4.0)","wikipedia":"Sultanate of Sulu","wikidata":"Q422065","_a":0,"_c":[122.03,6.59],"_nz":"苏禄苏丹国","_sz":""},"geometry":{"type":"Polygon","coordinates":[[[122.04,6.39],[122.19,6.46],[122.29,6.71],[121.85,6.78],[121.76,6.46],[121.97,6.39],[122.04,6.39]]]}},{"type":"Feature","properties":{"NAME":"Ayutthaya Kingdom","C":9,"name":"Ayutthaya Kingdom","start_year":1459,"end_year":1506,"capital":"","type":"polity","region":"","event":"","source":"Cliopatria / Seshat Global History Databank (CC BY 4.0)","wikipedia":"Ayutthaya Kingdom","wikidata":"Q841364","_a":78,"_c":[100.69,12.92],"_nz":"阿瑜陀耶王国","_sz":""},"geometry":{"type":"Polygon","coordinates":[[[102.74,12.05],[102.84,12.31],[102.41,13.01],[102.39,13.53],[102.71,13.72],[102.9,14.11],[103.23,14.36],[103.45,14.36],[103.61,14.49],[103.29,14.81],[103.23,15.52],[103.05,15.78],[103.06,16.36],[103.23,16.55],[102.1,16.87],[101.87,16.81],[101.61,17.06],[101.47,17.06],[101.31,17.51],[101.02,17.51],[101.27,18.22],[101.13,18.29],[101.18,18.61],[101.35,18.74],[101.4,19.06],[101.18,19.57],[100.66,19.51],[100.63,19.31],[100.75,19.19],[100.58,18.99],[100.57,18.93],[100.19,18.86],[99.76,18.48],[99.61,18.48],[99.58,18.29],[98.64,18.41],[98.29,18.03],[97.84,17.96],[97.8,17.71],[97.94,17.64],[97.92,17.51],[98.63,16.81],[98.6,16.61],[98.67,16.61],[98.67,16.55],[98.64,16.36],[98.93,16.36],[98.91,16.16],[98.49,15.84],[98.19,15.78],[98.08,15.52],[97.78,15.46],[97.77,15.39],[97.77,14.81],[97.99,14.75],[97.88,14.49],[98.07,14.24],[98.04,13.98],[98.25,13.85],[98.28,13.53],[98.42,13.46],[98.65,12.82],[98.61,11.73],[98.76,11.73],[98.65,11.41],[98.7,11.09],[98.6,10.83],[98.45,10.76],[98.51,9.8],[98.13,8.71],[98.21,7.74],[98.43,7.81],[98.38,8.13],[98.47,8.32],[98.62,8.32],[98.67,8.06],[98.95,7.94],[98.94,7.68],[99.22,7.61],[99.28,7.29],[99.49,7.29],[99.48,7.1],[99.63,7.1],[99.61,6.84],[99.95,6.52],[100.03,6.52],[100.33,6.65],[100.39,6.52],[100.96,6.26],[100.96,6.33],[101.04,6.46],[101.19,6.46],[101.21,6.78],[101.14,6.78],[101.22,6.91],[100.85,6.91],[100.65,7.16],[100.51,7.16],[100.53,7.49],[100.38,7.49],[100.47,7.68],[100.34,7.87],[100.3,8.39],[100.09,8.45],[99.96,8.71],[99.93,9.29],[99.64,9.35],[99.34,9.22],[99.29,9.54],[99.16,9.67],[99.31,10.64],[99.48,10.83],[99.6,11.41],[99.85,11.73],[99.88,11.99],[100.03,12.05],[100.1,13.4],[100.56,13.53],[100.99,13.46],[100.83,12.63],[101.55,12.56],[101.79,12.69],[102.11,12.31],[102.26,12.31],[102.22,11.99],[102.44,11.99],[102.6,12.11],[102.67,12.05],[102.74,12.05]]]}},{"type":"Feature","properties":{"NAME":"Tahirid Sultanate","C":10,"name":"Tahirid Sultanate","start_year":1459,"end_year":1511,"capital":"","type":"polity","region":"","event":"","source":"Cliopatria / Seshat Global History Databank (CC BY 4.0)","wikipedia":"Tahirid dynasty","wikidata":"Q373981","_a":67,"_c":[47.3,15.94],"_nz":"塔希尔苏丹国","_sz":""},"geometry":{"type":"Polygon","coordinates":[[[45.92,17.84],[46.47,17.26],[46.62,17.26],[46.82,16.87],[46.97,16.94],[46.96,16.74],[47.24,16.55],[47.37,16.29],[50.12,16.61],[50.48,16.55],[51.67,16.68],[52.38,16.29],[52.26,15.59],[51.5,15.2],[50.76,15.07],[50.23,14.81],[49.41,14.69],[48.79,14.04],[47.75,13.91],[47.67,13.72],[46.84,13.4],[45.74,13.34],[45.05,12.76],[44.61,12.76],[44.39,12.63],[43.44,12.69],[43.45,12.89],[43.24,13.08],[43.26,13.72],[43.06,13.98],[42.95,14.88],[42.89,15.07],[42.75,15.14],[42.71,15.84],[42.78,15.84],[42.82,16.61],[42.48,17],[42.48,17.13],[42.34,17.13],[42.35,17.32],[42.21,17.45],[42.21,17.51],[42.66,17.71],[43.21,18.16],[43.51,18.22],[44.36,18.93],[44.53,19.25],[44.6,19.25],[45.85,17.84],[45.92,17.84]]]}},{"type":"Feature","properties":{"NAME":"Sultanate of Palembang","C":7,"name":"Sultanate of Palembang","start_year":1459,"end_year":1511,"capital":"","type":"polity","region":"","event":"","source":"Cliopatria / Seshat Global History Databank (CC BY 4.0)","wikipedia":"Palembang Sultanate","wikidata":"Q3503555","_a":14,"_c":[105.67,-2.86],"_nz":"巨港苏丹国","_sz":""},"geometry":{"type":"MultiPolygon","coordinates":[[[[105.86,-2.93],[106.01,-3.06],[106.01,-3.25],[105.73,-3.57],[105.74,-3.7],[105.89,-3.76],[105.76,-4.21],[105.53,-4.09],[105.3,-3.7],[105.02,-3.83],[104.88,-4.09],[104.37,-4.15],[104.29,-3.96],[104.15,-3.96],[103.55,-3.51],[103.31,-2.86],[103.16,-2.74],[103.15,-2.35],[103.29,-2.35],[103.36,-2.03],[103.57,-1.96],[103.79,-1.71],[104.15,-1.71],[104.15,-1.58],[104.44,-1.51],[104.44,-1.84],[104.52,-1.96],[104.81,-2.03],[104.82,-2.29],[105.48,-2.35],[105.64,-2.8],[105.79,-2.93],[105.86,-2.93]]],[[[108.03,-2.54],[108.18,-2.67],[108.12,-3.19],[107.47,-3.19],[107.45,-2.61],[107.52,-2.61],[107.52,-2.54],[108.03,-2.54]]],[[[106.58,-2.74],[106.58,-2.86],[106.8,-2.86],[106.81,-3.06],[106.45,-3.19],[105.78,-2.8],[105.77,-2.41],[105.62,-2.16],[105.11,-2.16],[104.96,-1.96],[105.24,-1.84],[105.24,-1.51],[105.6,-1.64],[105.6,-1.51],[105.97,-1.51],[106.21,-2.41],[106.72,-2.61],[106.72,-2.67],[106.58,-2.74]]]]}},{"type":"Feature","properties":{"NAME":"Sultanate of Malacca","C":8,"name":"Sultanate of Malacca","start_year":1459,"end_year":1511,"capital":"","type":"polity","region":"","event":"","source":"Cliopatria / Seshat Global History Databank (CC BY 4.0)","wikipedia":"Malacca Sultanate","wikidata":"Q46652","_a":1,"_c":[103.6,1.38],"_nz":"马六甲苏丹国","_sz":""},"geometry":{"type":"MultiPolygon","coordinates":[[[[104.06,0.99],[103.77,0.93],[103.77,1.12],[103.92,1.25],[104.07,1.19],[104.06,1.06],[104.06,0.99]]],[[[103.14,1.76],[104.16,1.83],[104.22,1.38],[103.93,1.38],[103.85,1.25],[103.63,1.25],[103.56,1.38],[103.27,1.31],[103.28,1.44],[102.99,1.64],[103.07,1.76],[103.14,1.76]]]]}},{"type":"Feature","properties":{"NAME":"Electorate of Trier","C":7,"name":"Electorate of Trier","start_year":1459,"end_year":1555,"capital":"","type":"polity","region":"","event":"","source":"Cliopatria / Seshat Global History Databank (CC BY 4.0)","wikipedia":"Electorate of Trier","wikidata":"Q1794352","_a":8,"_c":[10.02,49.49],"_nz":"特里尔选侯国","_sz":""},"geometry":{"type":"MultiPolygon","coordinates":[[[[7.02,49.52],[7.02,49.58],[7.6,49.58],[7.51,49.91],[7.76,49.91],[7.85,49.71],[8.27,49.71],[8.36,49.45],[8.61,49.45],[8.77,49.32],[8.27,49.25],[8.11,48.99],[8.03,48.99],[7.69,49.25],[7.69,49.38],[7.36,49.25],[7.1,49.45],[7.1,49.52],[7.02,49.52]]],[[[12.36,48.85],[12.27,48.79],[12.28,48.92],[12.11,48.99],[11.69,48.92],[11.53,49.12],[11.28,49.18],[11.03,49.25],[11.03,49.45],[11.28,49.52],[11.2,49.78],[11.7,49.91],[11.87,50.18],[12.12,50.18],[12.37,49.98],[12.37,49.71],[12.53,49.65],[12.53,49.52],[13.03,49.25],[12.86,49.12],[12.61,49.12],[12.52,48.85],[12.44,48.85],[12.36,48.85]]]]}},{"type":"Feature","properties":{"NAME":"Principality of Orange","C":7,"name":"Principality of Orange","start_year":1459,"end_year":1563,"capital":"","type":"polity","region":"","event":"","source":"Cliopatria / Seshat Global History Databank (CC BY 4.0)","wikipedia":"Principality of Orange","wikidata":"Q2281221","_a":0,"_c":[4.92,44.19],"_nz":"奥兰治公国","_sz":""},"geometry":{"type":"Polygon","coordinates":[[[4.88,44.25],[4.8,44.12],[5.04,44.19],[4.96,44.25],[4.88,44.25]]]}},{"type":"Feature","properties":{"NAME":"Duchy of Bavaria","C":4,"name":"Duchy of Bavaria","start_year":1459,"end_year":1506,"capital":"","type":"polity","region":"","event":"","source":"Cliopatria / Seshat Global History Databank (CC BY 4.0)","wikipedia":"Duchy of Bavaria","wikidata":"Q47261","_a":8,"_c":[11.94,48.26],"_nz":"巴伐利亚公国","_sz":""},"geometry":{"type":"Polygon","coordinates":[[[12.44,48.85],[12.52,48.85],[12.61,49.12],[12.86,49.12],[13.03,49.25],[13.36,48.99],[13.36,48.85],[13.19,48.85],[13.27,48.59],[13.77,48.59],[13.85,48.46],[13.18,48.06],[12.93,48.06],[12.77,48.19],[12.76,47.99],[12.93,47.93],[12.92,47.73],[13.09,47.6],[12.84,47.53],[12.76,47.66],[12.51,47.66],[12.51,47.4],[12.34,47.33],[12.26,47.53],[12.01,47.53],[11.85,47.27],[11.6,47.27],[11.44,47.33],[11.44,47.47],[11.27,47.47],[11.27,47.53],[10.69,47.6],[10.61,47.6],[10.69,47.73],[10.45,47.8],[10.53,48.19],[10.53,48.26],[10.44,48.59],[10.28,48.72],[10.28,48.85],[10.03,48.99],[10.03,49.12],[10.36,49.25],[10.61,48.92],[10.94,48.85],[11.03,48.99],[10.86,49.05],[11.28,49.18],[11.53,49.12],[11.69,48.92],[12.11,48.99],[12.28,48.92],[12.27,48.79],[12.36,48.85],[12.44,48.85]]]}},{"type":"Feature","properties":{"NAME":"Beylik of Dulkadir","C":9,"name":"Beylik of Dulkadir","start_year":1463,"end_year":1511,"capital":"","type":"polity","region":"","event":"","source":"Cliopatria / Seshat Global History Databank (CC BY 4.0)","wikipedia":"Beylik of Dulkadir","wikidata":"Q1264808","_a":5,"_c":[37.56,38.13],"_nz":"杜勒卡迪尔贝伊国","_sz":""},"geometry":{"type":"Polygon","coordinates":[[[39.36,38.35],[39.31,38.55],[38.85,38.61],[36.83,38.74],[36.48,38.48],[36.16,38.42],[36.05,38.16],[35.72,38.03],[35.62,37.84],[36.01,37.84],[36.15,37.64],[37.01,37.71],[37.65,37.77],[38.02,37.64],[38.08,37.51],[38.4,37.51],[39.06,37.84],[39.16,38.03],[39.5,38.22],[39.44,38.35],[39.36,38.35]]]}},{"type":"Feature","properties":{"NAME":"Kingdom of Imereti","C":9,"name":"Kingdom of Imereti","start_year":1468,"end_year":1578,"capital":"","type":"polity","region":"","event":"","source":"Cliopatria / Seshat Global History Databank (CC BY 4.0)","wikipedia":"Kingdom of Imereti","wikidata":"Q1069959","_a":2,"_c":[43.1,42.27],"_nz":"伊梅列季王国","_sz":""},"geometry":{"type":"Polygon","coordinates":[[[43.23,41.85],[43.48,41.91],[43.7,42.24],[43.68,42.56],[43.78,42.69],[43.8,42.76],[43.74,42.89],[43.51,42.95],[43.43,42.95],[43.25,42.82],[42.7,42.89],[42.62,42.89],[42.58,42.69],[42.73,42.63],[42.71,42.5],[42.53,42.43],[42.39,42.04],[42.66,41.78],[42.62,41.59],[43.2,41.72],[43.23,41.85]]]}},{"type":"Feature","properties":{"NAME":"Principality of Abkhazia","C":4,"name":"Principality of Abkhazia","start_year":1468,"end_year":1571,"capital":"","type":"polity","region":"","event":"","source":"Cliopatria / Seshat Global History Databank (CC BY 4.0)","wikipedia":"Principality of Abkhazia","wikidata":"Q1760473","_a":1,"_c":[40.87,43.25],"_nz":"阿布哈兹公国","_sz":""},"geometry":{"type":"Polygon","coordinates":[[[41.04,43.02],[41.12,43.02],[41.1,42.95],[41.18,42.95],[41.17,42.89],[41.25,42.89],[41.33,42.89],[41.51,42.95],[41.72,43.28],[41.74,43.34],[41.41,43.34],[41.28,43.47],[40.74,43.6],[40.17,43.6],[39.99,43.47],[40.22,43.41],[40.42,43.15],[40.82,43.15],[40.96,43.02],[41.04,43.02]]]}},{"type":"Feature","properties":{"NAME":"Samtskhe-Saatabago","C":0,"name":"Samtskhe-Saatabago","start_year":1468,"end_year":1501,"capital":"","type":"polity","region":"","event":"","source":"Cliopatria / Seshat Global History Databank (CC BY 4.0)","wikipedia":"Samtskhe-Saatabago","wikidata":"Q2029317","_a":7,"_c":[42.16,40.72],"_nz":"萨姆茨赫-萨塔巴戈","_sz":""},"geometry":{"type":"MultiPolygon","coordinates":[[[[43.48,40.1],[43.17,40.16],[42.84,40.03],[42.47,39.71],[42.07,39.71],[41.55,39.9],[41.24,39.9],[41.37,40.23],[41.15,40.36],[40.93,40.48],[41.07,40.87],[40.5,40.74],[40.46,41],[40.54,41],[41.05,41.2],[41.16,41.39],[41.31,41.33],[41.41,41.46],[41.57,41.46],[41.58,41.52],[41.97,41.46],[42.07,41.59],[42.62,41.59],[43.2,41.72],[43.73,41.52],[43.69,41.33],[43.77,41.33],[43.93,40.87],[43.77,40.87],[43.74,40.68],[43.87,40.55],[43.83,40.29],[43.82,40.23],[43.48,40.1]]],[[[40.39,41.07],[40.47,41.07],[40.46,41],[40.38,41],[40.39,41.07]]]]}},{"type":"Feature","properties":{"NAME":"Ashikaga Shogunate","C":7,"name":"Ashikaga Shogunate","start_year":1468,"end_year":1539,"capital":"","type":"polity","region":"","event":"","source":"Cliopatria / Seshat Global History Databank (CC BY 4.0)","wikipedia":"Ashikaga shogunate","wikidata":"Q1154406","_a":0,"_c":[135.95,35.17],"_nz":"足利幕府","_sz":""},"geometry":{"type":"Polygon","coordinates":[[[135.76,35],[135.84,35.32],[136.03,35.39],[136.01,35.19],[136.13,35.13],[136.06,35],[135.8,34.94],[135.83,35],[135.76,35]]]}},{"type":"Feature","properties":{"NAME":"Kingdom of Georgia","C":2,"name":"Kingdom of Georgia","start_year":1468,"end_year":1506,"capital":"","type":"polity","region":"","event":"","source":"Cliopatria / Seshat Global History Databank (CC BY 4.0)","wikipedia":"Kingdom of Georgia","wikidata":"Q154667","_a":7,"_c":[44.6,41.65],"_nz":"格鲁吉亚王国","_sz":""},"geometry":{"type":"Polygon","coordinates":[[[45.77,40.94],[45.58,41.2],[45.42,41.2],[44.89,41.78],[44.5,41.85],[44.66,42.24],[44.59,42.3],[44.76,42.37],[44.82,42.69],[44.74,42.69],[44.69,42.82],[43.86,42.69],[43.78,42.69],[43.68,42.56],[43.7,42.24],[43.48,41.91],[43.23,41.85],[43.2,41.72],[43.73,41.52],[43.69,41.33],[43.77,41.33],[43.93,40.87],[44.24,40.81],[44.29,40.68],[44.62,40.74],[44.76,40.61],[45.15,40.61],[45.29,40.48],[45.69,40.55],[45.99,40.87],[45.77,40.94]]]}},{"type":"Feature","properties":{"NAME":"Tibet","C":0,"name":"Tibet","start_year":1468,"end_year":1539,"capital":"","type":"polity","region":"","event":"","source":"Cliopatria / Seshat Global History Databank (CC BY 4.0)","wikipedia":"History of Tibet","wikidata":"Q521263","_a":215,"_c":[90.17,32.4],"_nz":"西藏","_sz":""},"geometry":{"type":"Polygon","coordinates":[[[98.37,28.44],[98.57,28.32],[98.54,28.19],[98.87,28.32],[99.03,29.22],[99.24,29.15],[99.4,29.47],[99.53,29.41],[99.41,28.96],[99.49,28.96],[99.43,28.44],[99.61,28.25],[99.7,28.32],[99.74,28.77],[99.98,28.83],[100.68,29.73],[101.1,31.66],[101.18,31.66],[101.87,33.52],[101.2,33.78],[100.86,33.91],[98.85,34.1],[98.32,34.36],[98.29,34.49],[97.72,34.61],[97.68,34.74],[97.45,34.74],[96.55,35.26],[95.77,35.45],[93.54,36.61],[92.6,36.8],[92.36,37],[91.79,36.93],[91.39,36.67],[91.25,36.48],[90.26,36.55],[89.83,36.42],[89.71,36.55],[88.67,36.67],[87.24,36.35],[86.8,36.42],[86.52,36.29],[86.24,35.9],[85.89,35.77],[85.7,35.9],[85,35.9],[84.63,35.71],[83.88,35.77],[83.28,35.58],[82.81,35.58],[82.74,35.84],[82.35,35.84],[82.02,35.52],[81.67,35.39],[81.48,35.52],[80.22,35.45],[80.21,35.39],[80.17,35],[80.02,34.74],[79.59,34.55],[79.45,34.04],[78.98,34.04],[78.94,33.59],[78.93,33.52],[79.03,33.33],[79.18,33.33],[79.42,33.07],[79.39,32.94],[79.57,32.75],[79.35,32.49],[79.02,32.36],[78.8,32.43],[78.7,32.62],[78.53,32.56],[78.46,32.3],[78.54,32.3],[78.56,32.04],[78.75,31.91],[78.75,31.59],[78.83,31.59],[79.1,31.46],[79.45,31.01],[79.97,30.95],[80.26,30.56],[80.84,30.44],[81.07,30.12],[81.3,30.12],[81.59,30.37],[82.04,30.37],[82.47,29.92],[83.31,29.6],[83.43,29.47],[83.45,29.22],[83.66,29.15],[83.84,29.28],[84.14,29.28],[84.27,29.15],[84.22,28.96],[84.41,28.77],[84.7,28.7],[84.74,28.57],[85.2,28.57],[85.08,28.38],[85.28,28.25],[85.75,28.32],[85.97,27.93],[86.23,28.12],[86.34,27.93],[86.82,28.06],[87.37,27.8],[87.75,27.8],[88.21,27.87],[88.56,28.06],[88.84,27.99],[88.87,28.12],[89.19,28.19],[89.62,28.12],[89.97,28.32],[90.6,28.44],[92.13,28.51],[93.15,28.7],[93.51,28.64],[93.83,28.7],[94.66,29.28],[95.42,29.02],[95.55,29.22],[95.97,29.41],[96.2,29.41],[96.32,29.28],[96.21,29.15],[96.24,28.96],[97.3,28.96],[97.56,28.83],[97.57,28.57],[97.56,28.51],[97.98,28.38],[98.16,28.19],[98.37,28.44]]]}},{"type":"Feature","properties":{"NAME":"Ming Dynasty","C":5,"name":"Ming Dynasty","start_year":1468,"end_year":1515,"capital":"","type":"polity","region":"","event":"","source":"Cliopatria / Seshat Global History Databank (CC BY 4.0)","wikipedia":"Ming dynasty","wikidata":"Q9903","_a":909,"_c":[113.74,32.28],"_nz":"明","_sz":""},"geometry":{"type":"MultiPolygon","coordinates":[[[[109.86,18.35],[109.84,18.22],[109.25,18.22],[109.12,18.35],[108.76,18.41],[108.64,18.54],[108.7,19.38],[109.2,19.7],[109.25,19.96],[110.16,20.09],[110.59,20.02],[110.61,20.15],[110.91,20.15],[111.09,19.89],[111.03,19.57],[110.88,19.57],[110.85,19.38],[110.68,19.25],[110.51,18.67],[110.19,18.54],[110.18,18.48],[109.86,18.35]]],[[[122.27,30.18],[122.28,29.99],[121.98,29.99],[122.02,30.12],[122.05,30.18],[122.27,30.18]]],[[[127.97,45.37],[128.03,45.1],[128.19,45.1],[128.25,44.84],[128.41,44.84],[128.43,44.65],[128.6,44.65],[128.62,44.45],[128.78,44.45],[128.81,44.25],[128.97,44.25],[129,44.06],[129.16,44.06],[129.18,43.86],[129.39,43.93],[129.25,43.73],[129.33,43.73],[129.32,43.6],[129.49,43.6],[129.51,43.41],[129.67,43.41],[129.81,43.02],[129.89,43.02],[129.7,42.5],[129.17,42.3],[128.84,42.04],[128.07,41.98],[127.99,41.85],[128.15,41.85],[128.11,41.78],[128.27,41.78],[128.34,41.65],[128.22,41.46],[127.34,41.46],[127.38,41.52],[127.11,41.59],[127.07,41.78],[126.83,41.78],[126.11,41],[124.57,40.29],[124.27,39.9],[124.23,39.84],[123.6,39.84],[122.94,39.64],[122.17,39.26],[121.95,39],[121.72,39],[121.42,38.74],[121.03,38.74],[121.2,39.06],[121.52,39.06],[121.69,39.38],[121.3,39.38],[121.21,39.51],[121.28,39.64],[121.44,39.64],[121.5,39.9],[121.78,39.97],[122.23,40.48],[122.11,40.68],[121.83,40.74],[121.82,40.87],[121.11,40.87],[121,40.68],[120.65,40.48],[120.5,40.23],[119.38,39.77],[119.22,39.32],[118.45,39.06],[118.06,39.06],[118.05,39.19],[117.89,39.19],[117.58,38.74],[117.65,38.74],[117.6,38.48],[118.05,38.29],[118.07,38.16],[118.58,38.09],[118.65,38.22],[118.8,38.22],[118.77,38.16],[119.46,37.96],[119.39,37.84],[119.24,37.84],[118.98,37.32],[119.14,37.32],[119.16,37.19],[119.7,37.19],[119.83,37.45],[120.2,37.58],[120.19,37.71],[120.75,37.9],[121.11,37.84],[121.17,37.64],[121.48,37.64],[121.5,37.51],[122.15,37.58],[122.12,37.51],[122.71,37.45],[122.47,37.13],[122.57,37],[122.39,36.8],[121.91,36.93],[121.21,36.61],[120.98,36.61],[120.96,36.42],[120.73,36.42],[120.66,36.1],[120.32,36.03],[119.99,35.64],[119.62,35.52],[119.23,34.81],[119.46,34.81],[119.43,34.74],[119.71,34.68],[119.73,34.55],[120.34,34.36],[120.49,34.16],[120.55,33.59],[120.93,33.2],[120.92,32.62],[121.4,32.49],[121.5,32.17],[121.78,32.11],[121.99,31.85],[121.84,31.66],[121.96,31.59],[121.91,31.46],[121.58,31.4],[121.74,31.4],[122,31.08],[121.9,30.82],[121.52,30.82],[121.2,30.56],[121.05,30.56],[120.68,30.18],[120.81,30.12],[121.1,30.31],[121.48,30.31],[121.62,30.05],[122.03,29.92],[121.86,29.67],[122.02,29.67],[121.94,29.22],[121.71,29.22],[121.74,29.54],[121.57,29.47],[121.65,29.47],[121.54,29.15],[121.74,29.09],[121.71,28.77],[121.52,28.64],[121.65,28.57],[121.65,28.32],[121.15,28.19],[121.19,28.32],[121.12,28.32],[121.04,28.06],[120.87,27.99],[120.71,27.74],[120.66,27.54],[120.73,27.54],[120.55,27.16],[120.39,27.16],[120.25,26.9],[120.1,26.9],[120.06,26.77],[120.21,26.77],[120.16,26.58],[119.84,26.52],[119.94,26.32],[119.59,26.13],[119.78,26],[119.53,25.62],[119.9,25.62],[119.87,25.49],[119.47,25.36],[119.42,25.49],[119.27,25.49],[119.39,25.36],[119.34,25.16],[119.03,25.1],[119.07,24.97],[118.82,24.84],[118.76,24.59],[118.15,24.52],[118.08,24.2],[117.72,23.94],[117.69,23.81],[117.47,23.81],[117.18,23.49],[116.89,23.56],[116.78,23.36],[116.81,23.17],[116.59,23.17],[116.54,22.91],[115.7,22.79],[115.67,22.66],[115.37,22.66],[115.17,22.79],[114.9,22.53],[114.75,22.53],[114.64,22.72],[114.53,22.14],[114.37,22.08],[114,22.08],[114,22.46],[113.79,22.53],[113.75,22.72],[113.6,22.72],[113.7,22.46],[113.64,22.14],[113.42,22.14],[113.32,22.01],[113.11,22.08],[113.07,21.89],[112.77,21.89],[112.44,21.69],[111.86,21.76],[111.66,21.5],[110.98,21.44],[110.74,21.31],[110.72,21.18],[110.42,21.18],[110.48,21.11],[110.36,20.86],[110.62,20.6],[110.49,20.28],[109.88,20.21],[109.93,20.47],[109.79,20.54],[109.77,20.86],[109.7,20.86],[109.87,21.44],[109.81,21.5],[109.12,21.37],[109.09,21.63],[108.65,21.69],[108.56,21.56],[108.17,21.5],[108.1,21.5],[107.97,21.63],[107.59,21.56],[107.46,21.69],[107.24,21.69],[106.71,22.08],[106.61,22.34],[106.77,22.85],[106.71,22.91],[106.33,22.85],[106.2,22.98],[105.75,22.98],[105.44,23.3],[105.21,23.3],[104.96,23.11],[104.84,22.85],[104.52,22.72],[104.15,22.79],[103.96,22.53],[103.77,22.72],[103.32,22.72],[103.22,22.53],[102.92,22.53],[102.87,22.66],[102.58,22.72],[102.15,22.4],[101.72,22.46],[101.64,22.01],[101.88,21.63],[101.81,21.18],[101.36,21.18],[101.32,21.37],[101.18,21.44],[101.16,21.76],[100.74,21.5],[100.22,21.5],[100.03,21.69],[100.07,21.95],[99.94,22.08],[99.29,22.14],[99.57,22.98],[98.94,23.24],[98.87,23.69],[98.73,23.75],[98.88,24.14],[97.65,23.94],[97.79,24.33],[97.59,24.46],[97.65,24.78],[97.82,24.91],[97.87,25.16],[98.13,25.36],[98.17,25.55],[98.67,25.81],[98.84,26.58],[98.76,26.58],[98.74,27.48],[98.56,27.67],[98.26,27.67],[98.16,28.19],[98.37,28.44],[98.57,28.32],[98.54,28.19],[98.87,28.32],[99.03,29.22],[99.24,29.15],[99.4,29.47],[99.53,29.41],[99.41,28.96],[99.49,28.96],[99.43,28.44],[99.61,28.25],[99.7,28.32],[99.74,28.77],[99.98,28.83],[100.68,29.73],[101.1,31.66],[101.18,31.66],[101.87,33.52],[101.2,33.78],[101.53,33.84],[101.69,34.1],[101.53,34.29],[101.07,34.29],[100.85,34.55],[100.92,34.74],[101.23,34.74],[101.75,34.49],[102.03,34.61],[102.1,34.81],[101.74,34.87],[101.71,35],[102.09,35.19],[102.09,35.39],[102.24,35.58],[102.57,35.64],[102.62,35.97],[102.8,36.03],[102.92,36.35],[102.79,36.61],[102.84,36.74],[102.61,36.93],[102.69,37.13],[102.53,37.32],[102.25,37.38],[102.09,37.58],[102.1,37.77],[101.7,37.58],[101.55,37.77],[101.26,37.84],[101.24,37.96],[100.87,38.03],[100.41,38.61],[100,38.74],[99.9,38.87],[100.06,39.26],[100.5,39.71],[100.77,39.77],[100.74,39.71],[101.18,39.64],[101.17,39.26],[101.56,39.26],[101.63,39.06],[102.12,38.93],[102.09,38.87],[102.36,38.93],[102.55,39.19],[103,39.13],[102.97,39.06],[103.12,39.06],[102.88,38.87],[103.14,38.74],[102.85,38.61],[102.79,38.48],[103,38.42],[103.02,38.29],[103.3,38.22],[103.33,38.09],[103.61,38.03],[103.58,37.96],[103.66,37.96],[103.76,37.84],[104.36,37.77],[104.46,37.64],[105.22,37.77],[105.43,37.9],[106.16,37.96],[106.51,38.22],[106.67,38.74],[106.59,38.74],[106.92,39.45],[107.33,39.64],[107.44,39.38],[107.65,39.32],[107.29,38.55],[107.44,38.55],[107.51,38.35],[107.9,38.35],[107.97,38.16],[108.75,37.96],[108.84,37.84],[109.42,37.9],[109.53,37.96],[109.6,38.29],[109.78,38.35],[109.83,38.61],[109.75,38.61],[109.96,39.06],[110.29,39.26],[110.42,39.51],[111.16,39.58],[111.45,39.84],[111.65,39.77],[111.91,39.97],[112.68,41.26],[113.77,42.63],[114.67,43.6],[115.39,44.12],[116.2,44.39],[116.48,44.58],[117.25,44.78],[118.73,45.43],[121.92,45.69],[123.62,46.15],[124.19,46.15],[124.27,46.15],[124.96,46.09],[126.3,46.35],[126.87,46.35],[126.82,46.28],[127.07,46.28],[127.02,46.22],[127.53,46.02],[127.66,45.63],[127.83,45.63],[127.78,45.56],[127.93,45.43],[127.88,45.37],[127.97,45.37]]]]}},{"type":"Feature","properties":{"NAME":"Principality of Mingrelia","C":7,"name":"Principality of Mingrelia","start_year":1468,"end_year":1571,"capital":"","type":"polity","region":"","event":"","source":"Cliopatria / Seshat Global History Databank (CC BY 4.0)","wikipedia":"Principality of Mingrelia","wikidata":"Q2907860","_a":3,"_c":[42.38,42.66],"_nz":"明格列尔公国","_sz":""},"geometry":{"type":"Polygon","coordinates":[[[42.7,42.89],[43.25,42.82],[43.43,42.95],[43.44,43.02],[42.53,43.28],[41.8,43.28],[41.72,43.28],[41.51,42.95],[41.33,42.89],[41.32,42.82],[41.61,42.63],[41.48,42.37],[41.7,42.24],[41.6,42.11],[41.68,42.11],[41.76,42.11],[42.39,42.04],[42.53,42.43],[42.71,42.5],[42.73,42.63],[42.58,42.69],[42.62,42.89],[42.7,42.89]]]}},{"type":"Feature","properties":{"NAME":"Nogai Horde","C":2,"name":"Nogai Horde","start_year":1468,"end_year":1501,"capital":"","type":"polity","region":"","event":"","source":"Cliopatria / Seshat Global History Databank (CC BY 4.0)","wikipedia":"Nogai Horde","wikidata":"Q631210","_a":171,"_c":[52.36,47.81],"_nz":"诺盖帐","_sz":""},"geometry":{"type":"MultiPolygon","coordinates":[[[[53.17,45.96],[53.08,45.96],[53.1,46.02],[53.18,46.02],[53.17,45.96]]],[[[47.72,48.19],[47.52,48.39],[46.72,48.52],[46.08,48.99],[46.14,49.91],[46.65,50.58],[46.81,50.58],[47.17,51.58],[47.25,51.58],[47.31,51.78],[47.07,51.85],[47.13,52.05],[47.48,52.38],[48.58,52.65],[49.01,52.92],[49.07,53.12],[49.58,53.66],[50.32,54.07],[51.03,54.14],[51.62,54.34],[51.97,54.61],[53.02,54.61],[52.99,54.55],[53.12,54.41],[53.02,54.14],[53.26,54.07],[53.4,53.73],[53.57,53.73],[53.61,53.6],[53.89,53.66],[54.08,53.46],[54.36,53.53],[54.38,53.33],[54.71,53.06],[54.66,52.92],[54.9,52.86],[54.85,52.72],[56.13,52.72],[56.11,52.65],[56.49,52.52],[56.44,52.38],[56.59,52.32],[56.58,52.05],[56.55,51.98],[56.54,51.71],[56.63,51.71],[56.56,51.51],[56.24,51.31],[56,50.85],[56.31,50.51],[56.26,50.11],[55.28,49.38],[55.28,49.12],[55.49,48.99],[55.5,48.72],[55.58,48.72],[55.54,48.59],[55.62,48.59],[55.58,48.46],[55.75,48.19],[55.06,47.8],[55.06,47.2],[55.14,47.2],[55.1,47.07],[55.25,47.01],[55.21,46.87],[55.34,46.74],[55.78,46.55],[56.35,46.55],[58.64,45.96],[58.62,45.89],[57.96,44.45],[58.04,44.45],[57.99,44.25],[58.07,44.25],[57.96,43.86],[58.19,43.8],[58.36,43.54],[58.34,43.47],[57.33,43.02],[57.2,42.24],[57.28,42.24],[57.28,41.91],[57.45,41.65],[57.4,41.46],[57.21,41.33],[56.43,41.07],[55.86,41],[54.68,41.07],[54.7,41.13],[54.67,41.33],[54.09,41.59],[53.91,42.17],[53.19,42.17],[52.81,41.91],[52.8,41.52],[52.72,41.52],[52.49,41.91],[52.52,42.04],[52.44,42.04],[52.68,42.37],[52.79,42.82],[52.42,42.95],[51.94,42.95],[51.77,43.28],[51.44,43.21],[51.31,43.34],[51.32,43.73],[51.04,43.93],[51.07,44.06],[50.88,44.25],[50.19,44.45],[50.22,44.58],[50.4,44.65],[50.86,44.52],[51.42,44.52],[51.47,44.71],[51.02,44.84],[51.06,45.04],[51.47,45.37],[51.88,45.37],[52.09,45.24],[53.88,45.24],[53.81,44.97],[54.3,44.97],[54.36,45.24],[54.22,45.3],[54.29,45.56],[53.88,45.56],[53.67,45.37],[53.42,45.37],[53.06,45.56],[53.07,45.89],[53.25,45.96],[53.35,46.35],[53.27,46.35],[53.27,46.68],[53.19,46.68],[53.24,46.87],[53.11,47.01],[51.86,46.94],[51.81,47.07],[51.58,47.14],[50.84,47.14],[50.38,46.94],[50.3,46.94],[50.04,47.2],[50.07,47.33],[49.92,47.4],[49.95,47.53],[49.26,47.73],[49.13,47.86],[48.88,47.86],[48.45,48.13],[48.2,48.13],[48.22,48.19],[47.72,48.19]]]]}},{"type":"Feature","properties":{"NAME":"Golden Horde","C":1,"name":"Golden Horde","start_year":1468,"end_year":1501,"capital":"","type":"polity","region":"","event":"","source":"Cliopatria / Seshat Global History Databank (CC BY 4.0)","wikipedia":"Golden Horde","wikidata":"Q79965","_a":134,"_c":[41.79,50.95],"_nz":"金帐汗国","_sz":""},"geometry":{"type":"MultiPolygon","coordinates":[[[[47.41,45.43],[47.4,45.37],[47.32,45.37],[47.33,45.43],[47.41,45.43]]],[[[47.5,45.43],[47.35,45.5],[47.54,45.63],[47.52,45.56],[47.5,45.43]]],[[[47.07,51.85],[47.31,51.78],[47.25,51.58],[47.17,51.58],[46.81,50.58],[46.65,50.58],[46.14,49.91],[46.08,48.99],[45.63,48.85],[45.51,48.65],[44.98,48.52],[44.85,48.32],[44.57,48.19],[44.53,47.99],[43.97,47.33],[43.8,47.27],[43.59,46.68],[43.51,46.68],[43.52,46.74],[42.13,46.74],[42.05,46.74],[40.6,47.33],[39.39,47.47],[39.3,47.47],[39.22,47.47],[38.42,47.6],[38.44,47.73],[37.43,48.06],[36.85,48.59],[37.84,48.99],[37.86,49.12],[37.71,49.18],[37.67,49.45],[37.59,49.45],[37.63,49.65],[37.54,49.65],[37.75,50.31],[37.84,50.31],[37.9,51.05],[38.09,51.18],[38.15,51.45],[37.94,51.65],[37.96,51.78],[37.48,51.92],[37.43,52.05],[37.01,52.12],[36.74,52.45],[36.43,52.59],[36.32,52.92],[35.77,53.12],[36.1,53.94],[36.02,53.94],[36.06,54.14],[35.89,54.14],[35.93,54.34],[36.55,54.41],[36.77,54.61],[37.13,54.68],[37.83,54.68],[38.21,54.82],[38.54,54.75],[38.58,54.55],[38.91,54.48],[38.88,54.34],[38.96,54.34],[38.99,54.07],[39.14,54],[39.17,53.73],[39.34,53.73],[39.46,53.53],[39.72,53.53],[39.75,53.66],[39.84,53.66],[39.86,53.73],[40.03,53.73],[40.08,53.6],[40.63,53.73],[40.86,53.6],[41.06,53.73],[41.05,54],[41.77,54.14],[41.79,54.21],[42.23,55.23],[41.8,55.23],[41.85,55.43],[41.71,55.57],[41.81,55.91],[41.89,55.91],[41.88,55.84],[42.31,55.84],[45.29,56.11],[45.75,56.18],[45.88,56.32],[46.22,56.25],[47.23,56.39],[47.54,56.52],[47.6,56.46],[47.69,56.46],[47.8,56.25],[47.6,56.18],[47.62,55.98],[47.4,55.84],[47.62,55.7],[47.62,55.43],[47.41,55.29],[47.08,55.36],[46.62,55.02],[46.21,55.09],[46.17,54.68],[46.35,54.68],[46.39,54.55],[45.81,54.34],[45.9,54.34],[45.91,54.07],[46.06,54],[46.07,53.73],[46.46,53.6],[46.38,53.33],[46.6,53.19],[46.54,52.99],[46.33,52.86],[46.46,52.72],[46.43,52.59],[47.03,52.32],[47.04,52.05],[47.13,52.05],[47.07,51.85]]]]}},{"type":"Feature","properties":{"NAME":"Mamluk Sultanate","C":4,"name":"Mamluk Sultanate","start_year":1468,"end_year":1515,"capital":"","type":"polity","region":"","event":"","source":"Cliopatria / Seshat Global History Databank (CC BY 4.0)","wikipedia":"Mamluk Sultanate","wikidata":"Q282428","_a":521,"_c":[31.67,27.64],"_nz":"马穆鲁克苏丹国","_sz":""},"geometry":{"type":"Polygon","coordinates":[[[40.96,34.42],[40.77,34.74],[40.55,34.81],[40.51,35.13],[40.36,35.13],[40.37,35.26],[39.88,35.71],[39.13,35.9],[38.13,35.97],[38.09,36.29],[38.26,36.35],[38.38,36.74],[37.96,37.13],[38.08,37.51],[38.02,37.64],[37.65,37.77],[37.01,37.71],[37.06,37.45],[36.58,37.32],[36.57,37.25],[36.4,37.13],[36.38,36.93],[36.22,36.87],[36.21,36.8],[36.29,36.8],[36.26,36.61],[35.84,36.29],[35.99,36.22],[35.84,35.58],[35.99,35.52],[35.88,35.19],[35.96,35.19],[35.93,34.87],[36.07,34.74],[36.05,34.55],[35.79,34.29],[35.64,34.36],[35.68,33.97],[35.45,33.91],[35.5,33.65],[35.35,33.65],[35.4,33.39],[35.22,33.07],[35.06,33.01],[35.02,32.62],[34.77,32.36],[34.81,31.98],[34.57,31.85],[34.63,31.66],[34.31,31.4],[34.3,31.27],[33.98,31.14],[32.83,31.01],[32.77,31.14],[32.53,31.08],[32.24,31.21],[32.3,31.08],[32,31.08],[31.94,31.27],[31.78,31.21],[31.88,31.46],[31.27,31.46],[31.12,31.53],[31.2,31.66],[30.97,31.66],[30.97,31.53],[30.81,31.46],[30.35,31.46],[30.27,31.4],[30.34,31.27],[29.88,31.27],[29.8,31.21],[29.87,31.08],[29.63,30.95],[29.49,31.01],[29.4,30.82],[28.87,30.82],[28.5,31.01],[27.51,31.14],[27.3,31.34],[26.85,31.46],[25.25,31.46],[25.1,31.59],[25.11,31.79],[24.89,31.98],[24.13,31.98],[23.68,32.17],[23.3,32.17],[23.08,32.36],[23.09,32.62],[21.88,32.94],[21.41,32.75],[21.11,32.81],[20.87,32.62],[20.64,32.69],[20.72,32.56],[20.56,32.56],[20.48,32.43],[20.33,32.49],[20.25,32.24],[20.02,32.24],[20.09,32.11],[20,31.59],[20.21,31.27],[20.13,31.14],[20.2,30.89],[19.97,30.69],[19.96,30.56],[19.66,30.37],[18.82,30.24],[18.81,30.05],[19.19,30.05],[20.95,30.56],[21.94,30.56],[22.54,30.44],[22.77,30.37],[22.76,30.24],[22.92,30.31],[23.51,29.99],[24.26,29.79],[24.33,29.67],[24.78,29.54],[24.85,29.34],[25,29.41],[25.15,29.28],[25.37,29.28],[25.59,28.96],[27.14,28.25],[27.29,28.12],[27.28,27.93],[27.43,27.99],[27.79,27.67],[27.71,27.54],[27.94,27.54],[28.15,27.35],[28.27,26.58],[28.35,26.58],[28.24,25.94],[28.29,25.16],[28.57,24.65],[29.67,24.2],[29.96,23.88],[30.11,23.88],[30.1,23.75],[30.4,23.56],[30.46,23.36],[30.54,23.36],[31.67,23.75],[32.04,23.69],[33.39,23.81],[33.68,23.69],[33.76,23.69],[35.11,23.88],[35.55,23.81],[35.56,23.94],[35.85,23.88],[35.86,24.01],[35.15,24.65],[34.61,25.81],[34.46,25.87],[34.2,26.52],[34.05,26.58],[34.07,26.97],[33.93,27.03],[33.8,27.42],[33.59,27.61],[33.61,27.99],[33.11,28.38],[32.84,28.89],[32.69,28.96],[32.64,29.34],[32.43,29.6],[32.53,29.92],[32.86,29.22],[33.21,28.89],[33.19,28.51],[33.4,28.32],[33.55,28.32],[33.62,28.12],[34.12,27.74],[34.35,27.74],[34.36,27.93],[34.52,28.06],[34.75,29.28],[34.91,29.41],[34.85,28.57],[34.61,28.25],[34.59,28.06],[35.05,28.12],[35.41,27.87],[35.47,27.61],[35.61,27.54],[35.67,27.29],[36.16,26.77],[36.43,26.19],[36.72,26],[36.77,25.68],[37.27,25.23],[37.33,24.97],[37.18,24.91],[37.17,24.78],[37.39,24.65],[37.44,24.33],[38.03,24.14],[38.6,23.62],[38.87,23.04],[38.86,22.85],[39.14,22.53],[39.03,21.76],[39.17,21.63],[39.15,21.18],[39.35,20.79],[39.84,20.28],[40.14,20.28],[40.56,19.83],[40.85,19.7],[40.84,19.51],[40.99,19.44],[41.04,19.12],[41.25,18.86],[41.24,18.61],[41.45,18.48],[41.58,18.09],[42.14,17.51],[42.21,17.51],[42.66,17.71],[43.21,18.16],[43.51,18.22],[44.36,18.93],[44.53,19.25],[44.53,19.31],[44.46,19.31],[44.47,19.51],[43.97,19.89],[43.98,20.02],[42.78,21.18],[42.45,21.82],[41.89,22.46],[41.9,22.59],[41.75,22.66],[41.55,23.11],[41.41,23.17],[41.35,23.36],[41.42,23.43],[41.2,23.49],[41.01,23.94],[40.72,24.2],[40.19,25.23],[40.28,25.42],[40.13,25.49],[40.1,26.07],[39.94,26],[40.03,26.26],[39.88,26.26],[39.9,26.45],[39.82,26.45],[39.91,26.64],[39.76,26.64],[39.6,27.54],[39.53,27.54],[39.62,27.8],[39.47,27.8],[39.34,27.99],[39.36,28.25],[39.28,28.25],[39.37,28.44],[39.23,28.57],[39.15,29.41],[39.02,29.67],[39.04,29.92],[38.97,29.92],[39,30.24],[38.87,30.5],[38.89,30.76],[38.82,30.76],[38.92,31.01],[38.77,31.08],[38.79,31.34],[38.72,31.34],[38.86,31.98],[38.7,31.98],[38.74,32.3],[38.66,32.3],[38.73,32.94],[39.5,33.71],[40.96,34.36],[40.96,34.42]]]}},{"type":"Feature","properties":{"NAME":"Ramadanid Emirate","C":10,"name":"Ramadanid Emirate","start_year":1468,"end_year":1511,"capital":"","type":"polity","region":"","event":"","source":"Cliopatria / Seshat Global History Databank (CC BY 4.0)","wikipedia":"Ramadanid Emirate","wikidata":"Q2261321","_a":6,"_c":[35.34,37.06],"_nz":"拉马丹埃米尔国","_sz":""},"geometry":{"type":"Polygon","coordinates":[[[36.58,37.32],[37.06,37.45],[37.01,37.71],[36.15,37.64],[36.01,37.84],[35.62,37.84],[35.39,37.9],[35.06,37.71],[34.88,37.45],[34.56,37.45],[34.3,37.19],[33.75,37.13],[33.78,36.61],[33.61,36.48],[33.66,36.22],[33.74,36.22],[33.98,36.29],[34.25,36.67],[34.58,36.87],[34.89,36.87],[34.95,36.67],[35.11,36.74],[35.33,36.61],[35.49,36.61],[35.83,36.93],[36.14,36.87],[36.22,36.87],[36.38,36.93],[36.4,37.13],[36.57,37.25],[36.58,37.32]]]}},{"type":"Feature","properties":{"NAME":"Kingdom of Kakheti","C":7,"name":"Kingdom of Kakheti","start_year":1468,"end_year":1578,"capital":"","type":"polity","region":"","event":"","source":"Cliopatria / Seshat Global History Databank (CC BY 4.0)","wikipedia":"Kingdom of Kakheti","wikidata":"Q1209822","_a":5,"_c":[45.86,41.82],"_nz":"卡赫季王国","_sz":""},"geometry":{"type":"Polygon","coordinates":[[[46.8,41.78],[46.67,41.91],[46.43,41.91],[46.23,42.11],[45.68,42.17],[45.68,42.56],[45.44,42.56],[45.16,42.76],[44.9,42.69],[44.82,42.69],[44.76,42.37],[44.59,42.3],[44.66,42.24],[44.5,41.85],[44.89,41.78],[45.42,41.2],[45.58,41.2],[45.77,40.94],[45.99,40.87],[46.48,40.94],[46.78,41.26],[47.11,41.33],[47.22,41.46],[47.23,41.52],[46.88,41.78],[46.8,41.78]]]}},{"type":"Feature","properties":{"NAME":"Principality of Guria","C":3,"name":"Principality of Guria","start_year":1468,"end_year":1506,"capital":"","type":"polity","region":"","event":"","source":"Cliopatria / Seshat Global History Databank (CC BY 4.0)","wikipedia":"Principality of Guria","wikidata":"Q2195101","_a":1,"_c":[42.12,41.79],"_nz":"古里亚公国","_sz":""},"geometry":{"type":"Polygon","coordinates":[[[41.69,41.72],[41.68,41.65],[41.6,41.65],[41.59,41.59],[41.58,41.52],[41.97,41.46],[42.07,41.59],[42.62,41.59],[42.66,41.78],[42.39,42.04],[41.76,42.11],[41.75,42.04],[41.82,41.98],[41.7,41.78],[41.69,41.72]]]}},{"type":"Feature","properties":{"NAME":"Mahdids","C":4,"name":"Mahdids","start_year":1475,"end_year":1501,"capital":"","type":"polity","region":"","event":"","source":"Cliopatria / Seshat Global History Databank (CC BY 4.0)","wikipedia":"Mahdids","wikidata":"Q1884830","_a":1,"_c":[58.77,23.27],"_nz":"马赫迪王朝","_sz":""},"geometry":{"type":"Polygon","coordinates":[[[58.48,23.24],[58.54,23.11],[58.91,23.04],[59.05,22.91],[59.27,22.98],[58.81,23.62],[58.29,23.62],[58.27,23.43],[58.4,23.24],[58.48,23.24]]]}},{"type":"Feature","properties":{"NAME":"Mali Empire","C":11,"name":"Mali Empire","start_year":1475,"end_year":1563,"capital":"","type":"polity","region":"","event":"","source":"Cliopatria / Seshat Global History Databank (CC BY 4.0)","wikipedia":"Mali Empire","wikidata":"Q184536","_a":45,"_c":[-11.65,11.73],"_nz":"马里帝国","_sz":""},"geometry":{"type":"Polygon","coordinates":[[[-14.35,13.79],[-14.27,13.79],[-14.2,13.79],[-10.74,13.34],[-8.97,12.95],[-8.75,12.76],[-7.14,12.63],[-6.84,12.31],[-6.55,12.24],[-6.47,12.11],[-6.47,12.05],[-6.76,11.79],[-6.97,10.76],[-7.26,10.31],[-7.19,10.19],[-7.33,10.19],[-7.62,9.8],[-8.06,9.67],[-8.06,9.54],[-9.74,9.54],[-9.82,9.74],[-10.04,9.61],[-10.04,9.74],[-10.33,9.67],[-10.92,9.93],[-11.13,9.86],[-11.87,10.06],[-12.16,9.99],[-12.97,10.19],[-13.19,10.57],[-13.12,10.7],[-13.19,10.7],[-13.19,10.96],[-13.57,11.41],[-14.37,11.6],[-14.81,11.28],[-14.96,11.41],[-15.39,11.28],[-15.48,11.86],[-15.62,11.73],[-16.06,11.73],[-16.14,11.86],[-16.28,11.79],[-16.36,12.18],[-16.58,12.18],[-16.81,12.37],[-16.82,13.01],[-16.75,13.01],[-16.83,13.4],[-16.54,13.46],[-16.62,13.85],[-16.55,13.91],[-15.45,13.91],[-14.86,13.79],[-14.57,13.91],[-14.64,13.79],[-14.42,13.79],[-14.35,13.79]]]}},{"type":"Feature","properties":{"NAME":"Kashmiri Sultanate","C":9,"name":"Kashmiri Sultanate","start_year":1475,"end_year":1525,"capital":"","type":"polity","region":"","event":"","source":"Cliopatria / Seshat Global History Databank (CC BY 4.0)","wikipedia":"Kashmir Sultanate","wikidata":"Q123027565","_a":24,"_c":[76.46,33.52],"_nz":"克什米尔苏丹国","_sz":""},"geometry":{"type":"Polygon","coordinates":[[[78.94,34.16],[79.02,34.16],[79.01,34.42],[78.17,34.74],[78.24,35],[78.17,35],[78.06,35.45],[77.56,35.32],[76.88,34.81],[76.74,34.87],[75.73,34.55],[75.36,34.61],[75.29,34.94],[74.81,34.87],[74.52,34.94],[74.49,35.13],[74.19,35.13],[74.15,35],[73.64,34.81],[73.61,34.68],[73.34,34.55],[73.34,33.91],[73.42,33.91],[73.49,33.26],[73.57,33.26],[73.51,33.01],[73.77,32.81],[74.21,32.75],[74.26,32.62],[74.78,32.56],[74.9,32.43],[74.98,32.43],[75.21,32.43],[75.33,32.3],[76.4,32.3],[76.52,32.17],[77.04,32.11],[77.3,31.91],[78.04,31.79],[78.45,31.59],[78.52,31.59],[78.6,31.59],[78.68,31.59],[78.75,31.59],[78.75,31.91],[78.56,32.04],[78.54,32.3],[78.46,32.3],[78.53,32.56],[78.7,32.62],[78.8,32.43],[79.02,32.36],[79.35,32.49],[79.57,32.75],[79.39,32.94],[79.42,33.07],[79.18,33.33],[79.03,33.33],[78.93,33.52],[78.85,33.52],[78.87,33.91],[78.8,33.91],[78.93,34.1],[78.94,34.16]]]}},{"type":"Feature","properties":{"NAME":"Khmer Empire","C":11,"name":"Khmer Empire","start_year":1475,"end_year":1539,"capital":"","type":"polity","region":"","event":"","source":"Cliopatria / Seshat Global History Databank (CC BY 4.0)","wikipedia":"Khmer Empire","wikidata":"Q201705","_a":40,"_c":[105.68,11.54],"_nz":"高棉帝国","_sz":""},"geometry":{"type":"MultiPolygon","coordinates":[[[[103.98,10.44],[104.12,10.44],[104.09,10.06],[103.94,10.06],[103.81,10.25],[103.91,10.44],[103.98,10.44]]],[[[108.64,11.66],[108.81,11.28],[108.81,11.21],[107.34,10.38],[107.05,10.44],[107.07,10.7],[107,10.7],[106.98,10.51],[106.76,10.44],[106.82,10.31],[106.67,10.25],[106.81,10.19],[106.79,10.06],[106.64,9.99],[106.7,9.8],[106.55,9.8],[106.6,9.54],[106.23,9.48],[106.14,9.29],[105.62,9.16],[105.14,8.58],[104.76,8.51],[104.7,8.64],[104.86,8.77],[104.71,8.77],[104.79,9.74],[105.03,9.99],[104.54,10.19],[104.42,10.44],[104.12,10.44],[103.92,10.57],[103.55,10.51],[103.49,10.7],[103.64,10.76],[103.6,11.09],[103.36,10.83],[103.06,10.83],[103.05,11.47],[102.84,11.6],[102.87,11.86],[102.74,11.99],[102.74,12.05],[102.84,12.31],[102.41,13.01],[102.39,13.53],[102.71,13.72],[102.9,14.11],[103.23,14.36],[103.45,14.36],[103.61,14.49],[103.81,14.36],[104.92,14.43],[104.98,14.3],[105.28,14.3],[105.26,14.17],[105.69,14.11],[106.03,13.91],[106.17,14.43],[106.63,14.56],[106.89,14.3],[107.51,14.56],[107.38,14.11],[107.62,13.66],[107.64,13.27],[108.45,13.27],[108.65,13.08],[108.75,12.69],[108.96,12.63],[108.87,12.44],[108.72,12.44],[108.64,11.73],[108.64,11.66]]]]}},{"type":"Feature","properties":{"NAME":"Demak Sultanate","C":1,"name":"Demak Sultanate","start_year":1475,"end_year":1518,"capital":"","type":"polity","region":"","event":"","source":"Cliopatria / Seshat Global History Databank (CC BY 4.0)","wikipedia":"Demak Sultanate","wikidata":"Q49322","_a":1,"_c":[110.99,-6.78],"_nz":"淡目苏丹国","_sz":""},"geometry":{"type":"Polygon","coordinates":[[[110.34,-6.85],[110.6,-6.4],[110.89,-6.4],[111.05,-6.66],[111.49,-6.59],[111.64,-6.72],[111.64,-6.79],[111.5,-6.85],[111.51,-6.98],[110.94,-7.17],[110.34,-6.91],[110.34,-6.85]]]}},{"type":"Feature","properties":{"NAME":"Lê Dynasty","C":10,"name":"Lê Dynasty","start_year":1475,"end_year":1528,"capital":"","type":"polity","region":"","event":"","source":"Cliopatria / Seshat Global History Databank (CC BY 4.0)","wikipedia":"Lê dynasty","wikidata":"Q10800789","_a":60,"_c":[106.74,17.93],"_nz":"黎朝","_sz":""},"geometry":{"type":"Polygon","coordinates":[[[108.09,21.44],[107.79,21.44],[107.42,20.99],[106.88,20.86],[106.83,20.6],[106.69,20.6],[106.54,20.15],[105.97,19.83],[105.73,18.86],[106.05,18.54],[106.03,18.41],[106.18,18.41],[106.29,18.22],[106.57,18.09],[106.52,17.77],[106.77,17.51],[106.75,17.39],[107.1,17.26],[107.33,16.87],[107.48,16.87],[107.67,16.68],[107.65,16.55],[107.86,16.49],[107.84,16.36],[108.14,16.36],[108.33,16.16],[108.37,15.91],[108.7,15.65],[108.68,15.52],[109.02,15.33],[108.97,15.01],[109.16,14.75],[109.18,14.36],[109.35,14.04],[109.33,13.27],[109.51,12.95],[109.47,12.56],[109.32,12.56],[109.34,12.69],[109.03,12.63],[108.96,12.63],[108.75,12.69],[108.65,13.08],[108.45,13.27],[107.64,13.27],[107.62,13.66],[107.38,14.11],[107.51,14.56],[107.69,15.33],[107.3,15.65],[107.5,16.04],[107.15,16.16],[106.97,16.42],[106.69,16.49],[106.61,16.94],[105.21,18.35],[105.25,18.61],[105.12,18.74],[104.62,18.86],[104.51,19.06],[103.96,19.31],[104.08,19.64],[104.69,19.7],[104.95,19.96],[104.98,20.15],[104.65,20.41],[104.5,20.41],[104.82,20.99],[104.69,21.11],[104.73,21.37],[104.59,21.37],[104.62,21.56],[104.56,21.69],[104.42,21.69],[104.45,21.89],[104.32,22.01],[104.25,22.01],[104.26,22.08],[103.96,22.53],[104.15,22.79],[104.52,22.72],[104.84,22.85],[104.96,23.11],[105.21,23.3],[105.44,23.3],[105.75,22.98],[106.2,22.98],[106.33,22.85],[106.71,22.91],[106.77,22.85],[106.61,22.34],[106.71,22.08],[107.24,21.69],[107.46,21.69],[107.59,21.56],[107.97,21.63],[108.1,21.5],[108.09,21.44]]]}},{"type":"Feature","properties":{"NAME":"Astrakhan Khanate","C":3,"name":"Astrakhan Khanate","start_year":1475,"end_year":1501,"capital":"","type":"polity","region":"","event":"","source":"Cliopatria / Seshat Global History Databank (CC BY 4.0)","wikipedia":"Astrakhan Khanate","wikidata":"Q210163","_a":37,"_c":[46.84,46.33],"_nz":"阿斯特拉罕汗国","_sz":""},"geometry":{"type":"Polygon","coordinates":[[[48.22,48.19],[47.72,48.19],[47.52,48.39],[46.72,48.52],[46.08,48.99],[45.63,48.85],[45.51,48.65],[44.98,48.52],[44.85,48.32],[44.57,48.19],[44.53,47.99],[43.97,47.33],[43.8,47.27],[43.59,46.68],[43.51,46.68],[43.5,46.61],[43.62,46.41],[43.44,46.35],[43.51,46.28],[43.38,46.02],[43.68,45.89],[43.83,45.43],[44.73,45.04],[45.35,44.91],[45.35,44.52],[45.43,44.52],[45.31,44.32],[45.33,43.99],[45.65,43.99],[45.78,43.86],[45.96,43.93],[46.55,43.67],[46.99,43.86],[47.32,43.86],[47.34,43.99],[47.01,44.32],[46.63,44.45],[46.69,44.71],[47.04,44.84],[47.33,45.43],[47.48,45.37],[47.47,45.69],[48.59,45.96],[48.64,46.15],[49.06,46.22],[49.3,46.55],[49.63,46.55],[50.29,46.87],[50.3,46.94],[50.04,47.2],[50.07,47.33],[49.92,47.4],[49.95,47.53],[49.26,47.73],[49.13,47.86],[48.88,47.86],[48.45,48.13],[48.2,48.13],[48.22,48.19]]]}},{"type":"Feature","properties":{"NAME":"Lan Xang","C":5,"name":"Lan Xang","start_year":1475,"end_year":1506,"capital":"","type":"polity","region":"","event":"","source":"Cliopatria / Seshat Global History Databank (CC BY 4.0)","wikipedia":"Lan Xang","wikidata":"Q853477","_a":67,"_c":[103.91,18.31],"_nz":"澜沧王国","_sz":""},"geometry":{"type":"Polygon","coordinates":[[[104.26,22.08],[103.96,22.53],[103.77,22.72],[103.32,22.72],[103.22,22.53],[102.92,22.53],[102.87,22.66],[102.58,22.72],[102.15,22.4],[101.72,22.46],[101.64,22.01],[101.88,21.63],[101.81,21.18],[101.36,21.18],[101.32,21.37],[101.18,21.44],[100.69,21.18],[100.64,20.86],[100.24,20.66],[100.13,20.41],[100.54,20.21],[100.6,20.09],[100.46,19.7],[100.66,19.51],[101.18,19.57],[101.4,19.06],[101.35,18.74],[101.18,18.61],[101.13,18.29],[101.27,18.22],[101.02,17.51],[101.31,17.51],[101.47,17.06],[101.61,17.06],[101.87,16.81],[102.1,16.87],[103.23,16.55],[103.06,16.36],[103.05,15.78],[103.23,15.52],[103.29,14.81],[103.61,14.49],[103.81,14.36],[104.92,14.43],[104.98,14.3],[105.28,14.3],[105.26,14.17],[105.69,14.11],[106.03,13.91],[106.17,14.43],[106.63,14.56],[106.89,14.3],[107.51,14.56],[107.69,15.33],[107.3,15.65],[107.5,16.04],[107.15,16.16],[106.97,16.42],[106.69,16.49],[106.61,16.94],[105.21,18.35],[105.25,18.61],[105.12,18.74],[104.62,18.86],[104.51,19.06],[103.96,19.31],[104.08,19.64],[104.69,19.7],[104.95,19.96],[104.98,20.15],[104.65,20.41],[104.5,20.41],[104.82,20.99],[104.69,21.11],[104.73,21.37],[104.59,21.37],[104.62,21.56],[104.56,21.69],[104.42,21.69],[104.45,21.89],[104.32,22.01],[104.25,22.01],[104.26,22.08]]]}},{"type":"Feature","properties":{"NAME":"Kingdom of Scotland","C":4,"name":"Kingdom of Scotland","start_year":1475,"end_year":1551,"capital":"","type":"polity","region":"","event":"","source":"Cliopatria / Seshat Global History Databank (CC BY 4.0)","wikipedia":"Kingdom of Scotland","wikidata":"Q230791","_a":42,"_c":[-4.2,57.76],"_nz":"苏格兰王国","_sz":""},"geometry":{"type":"MultiPolygon","coordinates":[[[[-1.85,57.7],[-1.82,57.42],[-2.08,57.28],[-2.21,56.87],[-2.53,56.59],[-2.79,56.52],[-2.67,56.25],[-3.27,56.11],[-3,56.05],[-2.66,56.11],[-2.19,55.91],[-2.11,55.91],[-2.27,55.77],[-2.24,55.5],[-2.56,55.23],[-2.73,55.23],[-2.81,55.09],[-3.14,54.95],[-3.4,54.95],[-3.49,54.95],[-3.74,54.82],[-4.42,54.75],[-4.95,54.82],[-4.94,54.68],[-5.11,54.68],[-5.33,55.02],[-5.15,55.02],[-5.17,55.16],[-4.77,55.43],[-4.79,55.63],[-4.98,55.7],[-5,55.84],[-5.44,55.91],[-5.43,55.77],[-5.16,55.77],[-5.12,55.43],[-5.38,55.43],[-5.57,55.57],[-5.63,55.29],[-5.89,55.29],[-5.92,55.5],[-5.69,55.77],[-5.8,55.98],[-5.89,55.98],[-5.95,55.77],[-6.13,55.77],[-6.19,55.57],[-6.36,55.57],[-6.38,55.7],[-6.63,55.63],[-6.51,55.98],[-6.07,55.98],[-5.92,56.18],[-5.66,56.18],[-5.68,56.39],[-6.29,56.32],[-6.23,56.52],[-6.34,56.66],[-5.91,56.73],[-5.95,57.01],[-6.06,57.14],[-6.41,57.14],[-6.62,57.35],[-6.8,57.35],[-6.82,57.49],[-6.47,57.56],[-6.5,57.77],[-6.32,57.77],[-6.12,57.56],[-6.09,57.35],[-5.81,57.28],[-5.7,57.14],[-5.73,57.35],[-5.92,57.42],[-5.89,57.83],[-5.73,57.97],[-5.46,57.97],[-5.42,58.32],[-5.24,58.32],[-5.26,58.46],[-5.17,58.46],[-5.2,58.67],[-4.02,58.6],[-3.68,58.74],[-3.14,58.74],[-3.02,58.53],[-3.43,58.18],[-4.12,57.97],[-3.93,57.9],[-3.99,57.7],[-3.73,57.7],[-3.73,57.77],[-1.85,57.7]]],[[[-7.47,57.08],[-7.6,57.35],[-7.25,57.42],[-7.23,57.28],[-7.32,57.28],[-7.29,57.08],[-7.47,57.08]]],[[[-7.56,57.7],[-7.12,57.7],[-7.11,57.63],[-7.44,57.49],[-7.56,57.7]]],[[[-6.26,58.53],[-6.21,58.18],[-6.39,58.18],[-6.52,57.9],[-7.13,57.77],[-7.07,57.97],[-7.28,58.18],[-6.85,58.32],[-6.76,58.32],[-6.79,58.46],[-6.26,58.53]]],[[[-3.53,59.02],[-3.44,59.02],[-3.38,59.22],[-3.2,59.22],[-3.09,59.09],[-2.81,59.02],[-2.79,58.88],[-2.97,58.88],[-3.06,58.88],[-3.42,58.81],[-3.53,59.02]]],[[[-2.84,59.29],[-2.58,59.36],[-2.56,59.22],[-2.65,59.22],[-2.64,59.16],[-2.83,59.16],[-2.84,59.29]]],[[[-0.83,60.84],[-0.81,60.63],[-1.16,60.56],[-1.05,60.35],[-1.14,60.35],[-1.2,60.07],[-1.67,60.21],[-1.63,60.63],[-1.36,60.7],[-1.35,60.56],[-1.26,60.56],[-1.28,60.77],[-0.83,60.84]]]]}},{"type":"Feature","properties":{"NAME":"Kapisa","C":1,"name":"Kapisa","start_year":1475,"end_year":1501,"capital":"","type":"polity","region":"","event":"","source":"Cliopatria / Seshat Global History Databank (CC BY 4.0)","wikipedia":"Kapisa","wikidata":"Q28336424","_a":20,"_c":[69.57,35.14],"_nz":"迦毕试","_sz":""},"geometry":{"type":"Polygon","coordinates":[[[71.05,36.48],[71.04,36.16],[71.66,35.52],[71.62,35.07],[71.05,34.61],[71.02,34.49],[71.16,34.42],[71.11,34.23],[70.96,34.23],[70.76,34.04],[70.9,33.97],[70.87,33.52],[70.62,33.46],[70.58,33.26],[70.4,33.14],[70.37,33.01],[70.44,33.01],[70.33,32.81],[69.61,32.69],[69.53,32.69],[69.58,33.26],[69.11,33.2],[68.82,33.65],[68.59,33.65],[68.59,33.97],[68.28,33.97],[68.26,34.23],[67.95,34.23],[67.54,34.42],[67.56,34.55],[67.49,34.55],[67.55,34.81],[67.98,35],[68.24,35.45],[68.65,35.58],[68.86,35.77],[68.81,35.9],[68.59,35.97],[68.62,36.1],[68.88,36.8],[68.82,36.87],[68.74,36.87],[68.71,37.06],[68.49,37.13],[68.78,37.32],[69.01,37.32],[69.12,37.13],[69.35,37.13],[69.55,37.58],[70.17,37.58],[70.15,37.51],[70.88,37.32],[70.85,37.19],[70.99,37.13],[70.9,36.8],[70.98,36.8],[70.97,36.48],[71.05,36.48]]]}},{"type":"Feature","properties":{"NAME":"Chámpa","C":6,"name":"Chámpa","start_year":1475,"end_year":1539,"capital":"","type":"polity","region":"","event":"","source":"Cliopatria / Seshat Global History Databank (CC BY 4.0)","wikipedia":"Champa","wikidata":"Q216786","_a":1,"_c":[108.98,11.99],"_nz":"占婆","_sz":""},"geometry":{"type":"Polygon","coordinates":[[[108.64,11.66],[108.81,11.28],[108.89,11.28],[109.21,11.6],[109.29,12.31],[109.22,12.31],[109.32,12.56],[109.19,12.69],[109.03,12.63],[108.96,12.63],[108.87,12.44],[108.72,12.44],[108.64,11.73],[108.64,11.66]]]}},{"type":"Feature","properties":{"NAME":"Bahrani Dynasty","C":3,"name":"Bahrani Dynasty","start_year":1475,"end_year":1518,"capital":"","type":"polity","region":"","event":"","source":"Cliopatria / Seshat Global History Databank (CC BY 4.0)","wikipedia":"Al-Ahsa Oasis","wikidata":"Q311341","_a":49,"_c":[51.75,26.55],"_nz":"巴林王朝","_sz":""},"geometry":{"type":"MultiPolygon","coordinates":[[[[55.49,24.52],[55.46,24.46],[54.81,23.94],[54.27,23.75],[51.88,23.69],[51.82,23.88],[51.17,24.07],[51.18,24.2],[50.48,24.78],[50.03,25.68],[49.67,25.87],[49.88,26.45],[49.25,26.97],[49.27,27.09],[49.06,27.29],[48.55,27.48],[48.53,27.99],[48.47,28.12],[48.25,28.19],[48.21,28.51],[48.06,28.51],[48.14,28.64],[47.87,28.89],[47.9,29.15],[47.89,29.09],[47.82,29.09],[47.82,29.12],[47.74,29.09],[47.45,29.22],[47.47,29.34],[48.08,29.41],[48.22,29.28],[48.32,28.83],[48.46,28.77],[48.44,28.57],[48.58,28.51],[48.56,28.32],[48.97,27.93],[48.97,27.87],[48.87,27.67],[49.24,27.61],[49.36,27.29],[50.13,26.77],[50.12,26.58],[50.25,26.45],[50.22,26.13],[50.07,26.07],[50.21,26],[50.33,25.62],[50.61,25.42],[50.65,25.1],[50.73,25.1],[50.77,25.55],[50.92,25.62],[50.95,25.94],[51.12,26.13],[51.42,26.13],[51.7,25.87],[51.57,25.36],[51.72,25.29],[51.69,24.97],[51.52,24.78],[51.41,24.33],[51.85,24.26],[51.91,24.01],[52.28,24.01],[52.6,24.26],[53.11,24.14],[54.08,24.14],[54.1,24.33],[54.32,24.26],[54.56,24.46],[54.74,24.84],[55.14,25.1],[55.41,25.55],[55.73,25.74],[55.87,25.68],[55.92,25.36],[56.05,25.23],[56.02,24.84],[55.55,24.65],[55.52,24.59],[55.54,24.59],[55.54,24.52],[55.49,24.52]]],[[[50.65,25.87],[50.43,25.94],[50.46,26.26],[50.69,26.26],[50.67,26.13],[50.67,26.07],[50.65,25.87]]]]}},{"type":"Feature","properties":{"NAME":"Aq Qoyunlu","C":1,"name":"Aq Qoyunlu","start_year":1475,"end_year":1501,"capital":"","type":"polity","region":"","event":"","source":"Cliopatria / Seshat Global History Databank (CC BY 4.0)","wikipedia":"Aq Qoyunlu","wikidata":"Q555994","_a":363,"_c":[49.52,33.02],"_nz":"白羊王朝","_sz":""},"geometry":{"type":"Polygon","coordinates":[[[47,39.9],[46.88,40.1],[46.65,40.16],[46.61,40.36],[45.69,40.55],[45.29,40.48],[45.15,40.61],[44.76,40.61],[44.62,40.74],[44.29,40.68],[44.24,40.81],[43.93,40.87],[43.77,40.87],[43.74,40.68],[43.87,40.55],[43.83,40.29],[43.82,40.23],[43.48,40.1],[43.17,40.16],[42.84,40.03],[42.47,39.71],[42.07,39.71],[41.55,39.9],[41.24,39.9],[41.37,40.23],[41.15,40.36],[40.73,40.23],[40.03,40.29],[39.93,40.16],[39.78,40.16],[39.65,39.84],[39.93,39.58],[39.91,39.45],[40.07,39.45],[40.18,39.13],[38.87,38.8],[38.85,38.61],[39.31,38.55],[39.36,38.35],[39.44,38.35],[39.5,38.22],[39.16,38.03],[39.06,37.84],[38.4,37.51],[38.08,37.51],[37.96,37.13],[38.38,36.74],[38.26,36.35],[38.09,36.29],[38.13,35.97],[39.13,35.9],[39.88,35.71],[40.37,35.26],[40.36,35.13],[40.51,35.13],[40.55,34.81],[40.77,34.74],[40.96,34.42],[41.04,34.42],[41.43,33.78],[41.86,33.59],[42.06,33.33],[42.58,33.14],[42.71,32.94],[43.15,32.81],[44.46,31.59],[44.44,31.46],[44.66,31.34],[44.64,31.14],[44.79,31.21],[45.4,30.5],[45.55,30.5],[46.1,29.99],[46.53,29.79],[46.59,29.6],[46.75,29.67],[46.87,29.41],[47.1,29.47],[47.24,29.34],[47.77,29.34],[47.87,29.54],[48.4,29.6],[48.37,29.92],[48.9,29.99],[48.99,30.05],[48.94,30.31],[49.59,29.99],[50.06,30.18],[50.24,29.73],[50.65,29.41],[50.62,29.15],[50.92,29.09],[50.81,28.83],[51.03,28.77],[51.07,28.44],[51.33,28.12],[51.32,27.99],[51.6,27.8],[52.05,27.8],[52.48,27.61],[52.74,27.22],[53.46,26.97],[53.66,26.71],[54.26,26.71],[54.46,26.52],[54.83,26.45],[55.24,26.77],[55.54,26.77],[55.31,26.71],[55.29,26.52],[55.44,26.52],[55.6,26.64],[56.06,26.71],[56.31,26.9],[56.32,27.03],[56.1,27.03],[56.19,27.16],[56.71,27.16],[57.05,26.84],[57.11,26.07],[57.38,25.74],[57.68,25.74],[57.74,25.62],[57.96,25.55],[58.78,25.55],[59.06,25.36],[60.63,25.36],[60.62,25.23],[60.98,25.16],[61.06,25.16],[61.07,25.87],[60.83,26.39],[60.8,26.77],[60.68,27.03],[60.54,27.09],[60.56,27.22],[60.42,27.29],[60.43,27.42],[60.29,27.48],[60.31,27.61],[60.17,27.67],[60.18,27.8],[60.04,27.87],[60.06,27.99],[59.92,28.06],[59.93,28.19],[59.79,28.25],[59.57,28.83],[59.43,28.89],[59.28,29.41],[58.96,29.79],[58.86,30.18],[58.53,30.5],[58.31,31.01],[58.1,31.14],[57.94,31.98],[57.86,31.98],[57.89,32.17],[57.54,32.81],[57.59,33.07],[57.21,33.52],[57.23,33.65],[57.09,33.71],[57.12,33.91],[56.88,34.29],[56.85,34.55],[56.08,35.39],[55.15,35.77],[54.12,35.64],[52.88,35.64],[52.59,35.77],[52.74,36.16],[52.98,36.22],[53.18,36.48],[53.17,36.8],[53.09,36.8],[52.19,36.55],[51.26,36.61],[50.53,36.87],[50.63,37],[50.57,37.06],[50.32,37],[49.85,37.45],[49.09,37.51],[48.83,37.84],[48.82,38.67],[48.74,38.67],[48.92,39.19],[49.16,39.26],[49.18,39.32],[49.03,39.38],[49,39.64],[48.78,39.71],[48.72,39.84],[47.37,39.77],[47.31,39.9],[47.08,39.9],[47,39.9]]]}},{"type":"Feature","properties":{"NAME":"Kingdom of Mrauk U","C":3,"name":"Kingdom of Mrauk U","start_year":1482,"end_year":1528,"capital":"","type":"polity","region":"","event":"","source":"Cliopatria / Seshat Global History Databank (CC BY 4.0)","wikipedia":"Kingdom of Mrauk U","wikidata":"Q10791211","_a":19,"_c":[93.71,19.99],"_nz":"妙乌王国","_sz":""},"geometry":{"type":"Polygon","coordinates":[[[95.04,18.03],[95.16,18.35],[94.96,18.54],[94.83,19.64],[94.33,20.79],[94.34,21.89],[94.26,21.89],[94.37,22.59],[94.3,22.59],[94.33,22.79],[94.07,23.04],[93.42,23.17],[93.34,23.17],[93.15,22.91],[93.23,22.91],[93.19,22.14],[93.02,22.01],[92.73,22.08],[92.69,21.31],[92.33,21.37],[92.35,20.99],[92.25,20.79],[92.63,20.34],[92.85,20.34],[92.83,20.15],[93.06,20.21],[93.02,19.96],[93.4,20.02],[93.38,19.89],[93.6,19.89],[93.58,19.7],[93.8,19.7],[93.68,19.38],[93.53,19.38],[93.51,19.25],[93.76,18.93],[93.54,18.93],[93.51,18.74],[93.8,18.67],[93.83,18.86],[94.12,18.86],[94.23,18.54],[94.36,18.48],[94.52,18.03],[94.53,17.58],[94.61,17.58],[94.44,16.87],[94.43,16.81],[94.57,16.81],[95.06,17.64],[95.04,18.03]]]}},{"type":"Feature","properties":{"NAME":"Mongol Khanate","C":4,"name":"Mongol Khanate","start_year":1482,"end_year":1515,"capital":"","type":"polity","region":"","event":"","source":"Cliopatria / Seshat Global History Databank (CC BY 4.0)","wikipedia":"Mongol khanate","wikidata":"Q19927420","_a":989,"_c":[103.71,44.81],"_nz":"蒙古汗国","_sz":""},"geometry":{"type":"MultiPolygon","coordinates":[[[[112.91,55.57],[112.85,55.5],[114.53,55.23],[114.47,55.16],[116.47,54.95],[116.41,54.89],[117.14,54.82],[117.08,54.75],[117.48,54.82],[117.36,54.68],[118.94,54.41],[118.88,54.34],[119.14,54.34],[119.08,54.27],[119.26,54.27],[119.19,54.21],[119.97,54],[119.9,53.94],[120.41,53.73],[120.35,53.66],[120.92,53.53],[120.86,53.46],[121.15,53.39],[121.09,53.33],[121.58,53.39],[121.46,53.26],[121.63,53.26],[121.6,53.12],[122.14,53.06],[122.08,52.99],[122.53,52.92],[122.47,52.86],[122.82,52.86],[122.76,52.79],[123.02,52.79],[122.96,52.72],[123.13,52.72],[123.07,52.65],[123.52,52.59],[123.46,52.52],[123.63,52.52],[123.57,52.45],[124.42,52.25],[124.36,52.18],[124.87,52.18],[124.82,52.12],[125.07,52.12],[125.01,52.05],[125.27,52.05],[125.21,51.98],[125.6,51.85],[125.57,51.71],[125.74,51.71],[125.82,51.31],[125.9,51.31],[125.9,51.11],[126.07,50.91],[125.96,50.78],[126.1,50.65],[125.99,50.51],[126.13,50.38],[126.02,50.25],[126.13,50.18],[126,49.91],[126.11,49.85],[125.96,49.45],[126.05,49.45],[125.9,49.05],[125.99,49.05],[125.71,48.59],[125.8,48.59],[125.47,47.93],[125.55,47.93],[125.4,47.73],[125.49,47.73],[125.1,47.2],[125.18,47.2],[124.81,46.68],[124.24,46.22],[124.19,46.15],[123.62,46.15],[121.92,45.69],[118.73,45.43],[117.25,44.78],[116.48,44.58],[116.2,44.39],[115.39,44.12],[114.67,43.6],[113.77,42.63],[112.68,41.26],[111.91,39.97],[111.65,39.77],[111.45,39.84],[111.16,39.58],[110.42,39.51],[110.29,39.26],[109.96,39.06],[109.75,38.61],[109.83,38.61],[109.78,38.35],[109.6,38.29],[109.53,37.96],[109.42,37.9],[108.84,37.84],[108.75,37.96],[107.97,38.16],[107.9,38.35],[107.51,38.35],[107.44,38.55],[107.29,38.55],[107.65,39.32],[107.44,39.38],[107.33,39.64],[106.92,39.45],[106.59,38.74],[106.67,38.74],[106.51,38.22],[106.16,37.96],[105.43,37.9],[105.22,37.77],[104.46,37.64],[104.36,37.77],[103.76,37.84],[103.66,37.96],[103.69,38.03],[103.61,38.03],[103.33,38.09],[103.3,38.22],[103.02,38.29],[103,38.42],[102.79,38.48],[102.85,38.61],[103.14,38.74],[102.88,38.87],[103.12,39.06],[102.97,39.06],[103,39.13],[102.55,39.19],[102.36,38.93],[102.09,38.87],[102.12,38.93],[101.63,39.06],[101.56,39.26],[101.17,39.26],[101.18,39.64],[100.74,39.71],[100.77,39.77],[100.5,39.71],[100.06,39.26],[99.9,38.87],[100,38.74],[100.41,38.61],[100.87,38.03],[101.24,37.96],[101.26,37.84],[101.55,37.77],[101.7,37.58],[102.1,37.77],[102.09,37.58],[102.25,37.38],[102.53,37.32],[102.69,37.13],[102.61,36.93],[102.84,36.74],[102.79,36.61],[102.92,36.35],[102.8,36.03],[102.62,35.97],[102.57,35.64],[102.24,35.58],[102.09,35.39],[102.09,35.19],[101.71,35],[101.74,34.87],[102.1,34.81],[102.03,34.61],[101.75,34.49],[101.23,34.74],[100.92,34.74],[100.85,34.55],[101.07,34.29],[101.53,34.29],[101.69,34.1],[101.53,33.84],[101.2,33.78],[100.86,33.91],[98.85,34.1],[98.32,34.36],[98.29,34.49],[97.72,34.61],[97.68,34.74],[97.45,34.74],[96.55,35.26],[95.77,35.45],[93.54,36.61],[92.6,36.8],[92.36,37],[91.79,36.93],[91.39,36.67],[91.31,36.67],[91.36,36.8],[90.94,36.93],[91,37.13],[91.46,37.32],[91.53,37.51],[91.4,37.58],[91.45,37.71],[91.28,37.9],[90.94,38.03],[91.04,38.29],[90.88,38.48],[90.95,38.67],[92.49,39.19],[92.59,39.26],[92.69,39.71],[91.83,40.29],[91.01,40.42],[90.65,40.68],[90.7,40.81],[90.49,41.07],[90.46,41.72],[90.38,41.72],[90.46,41.91],[90.36,42.04],[90.58,42.89],[90,43.02],[90.03,43.08],[89.12,43.21],[89.15,43.28],[87.47,43.47],[87.5,43.54],[87.04,43.6],[87.07,43.67],[86.67,43.67],[86.7,43.73],[85.25,43.93],[85.28,43.99],[83.99,44.19],[84.02,44.25],[83.7,44.25],[83.73,44.32],[83.16,44.32],[83.19,44.39],[82.27,44.52],[81.9,44.78],[81.6,44.84],[81.28,45.24],[82.61,45.3],[82.67,45.43],[82.1,45.63],[82.21,45.89],[82.54,46.09],[82.92,46.94],[83.64,47.07],[83.61,47.01],[83.86,47.01],[83.8,46.87],[83.96,46.87],[83.93,46.81],[84.59,46.81],[85.51,47.73],[85.56,47.99],[85.48,47.99],[85.64,48.32],[85.67,48.39],[86.19,49.25],[86.57,49.52],[86.63,49.78],[86.8,49.78],[87.96,50.98],[88.36,51.25],[88.4,51.45],[88.57,51.45],[89.97,52.65],[91.52,53.6],[94.4,54.41],[96.46,54.75],[96.56,54.89],[98.54,55.09],[99.5,55.09],[99.45,55.02],[100.69,54.82],[100.64,54.75],[100.9,54.75],[100.85,54.68],[101.74,54.48],[101.68,54.41],[101.86,54.41],[101.81,54.34],[102.07,54.34],[102.02,54.27],[102.19,54.27],[102.14,54.21],[102.4,54.21],[102.35,54.14],[102.64,54.07],[102.63,53.94],[102.8,53.94],[102.78,53.8],[102.96,53.8],[102.94,53.66],[103.11,53.66],[103.06,53.6],[103.22,53.46],[103.12,53.33],[103.32,53.12],[103.24,52.79],[103.4,52.65],[103.27,52.12],[103.84,51.85],[103.57,51.58],[104.12,51.51],[104.07,51.45],[104.83,51.45],[105.74,51.65],[106.01,51.78],[106.4,52.32],[106.82,52.32],[107.33,52.65],[107.9,52.72],[108.43,53.19],[108.83,53.26],[109.64,54.27],[109.55,54.27],[109.66,54.41],[109.55,54.48],[109.6,54.55],[109.51,54.55],[109.74,54.82],[109.65,54.82],[109.76,54.95],[109.68,54.95],[109.85,55.16],[109.76,55.16],[109.99,55.84],[111.39,55.84],[111.33,55.77],[112.82,55.57],[112.91,55.57]]],[[[109.02,53.94],[109.11,53.94],[108.87,53.53],[108.52,53.53],[108.6,53.73],[108.93,53.94],[109.02,53.94]]]]}},{"type":"Feature","properties":{"NAME":"Pskov Republic","C":9,"name":"Pskov Republic","start_year":1482,"end_year":1506,"capital":"","type":"polity","region":"","event":"","source":"Cliopatria / Seshat Global History Databank (CC BY 4.0)","wikipedia":"Pskov Republic","wikidata":"Q317078","_a":6,"_c":[28.58,58.11],"_nz":"普斯科夫共和国","_sz":""},"geometry":{"type":"Polygon","coordinates":[[[29.76,57.35],[28.98,58.04],[29.04,58.39],[28.89,58.53],[28.91,58.67],[28.82,58.67],[28.85,58.81],[28.76,58.81],[28.78,58.95],[28.43,59.02],[28.04,59.36],[28.03,59.29],[27.73,59.16],[27.71,59.02],[27.8,59.02],[27.72,58.53],[27.63,58.53],[27.54,58.53],[27.48,58.18],[27.66,58.18],[27.75,58.18],[27.94,58.25],[27.92,58.11],[28.01,58.11],[27.98,57.9],[27.81,57.97],[27.72,57.97],[27.39,57.56],[27.8,57.35],[27.65,56.94],[27.9,56.87],[28.27,56.94],[28.38,57.08],[29.58,56.87],[29.76,57.35]]]}},{"type":"Feature","properties":{"NAME":"County of Nevers","C":6,"name":"County of Nevers","start_year":1482,"end_year":1518,"capital":"","type":"polity","region":"","event":"","source":"Cliopatria / Seshat Global History Databank (CC BY 4.0)","wikipedia":"County of Nevers","wikidata":"Q2070440","_a":8,"_c":[3.52,48.23],"_nz":"讷韦尔伯国","_sz":""},"geometry":{"type":"MultiPolygon","coordinates":[[[[3.73,46.55],[3.07,46.61],[2.9,46.81],[2.7,47.33],[2.37,47.47],[2.43,47.86],[2.76,47.8],[3.01,47.86],[3.08,47.99],[3.58,47.93],[3.75,47.8],[3.77,47.53],[3.6,47.53],[3.61,47.4],[3.94,47.33],[3.95,47.14],[3.87,47.14],[3.96,46.81],[3.8,46.74],[3.73,46.55]]],[[[4.25,49.65],[4.33,49.85],[4.49,49.91],[4.58,49.91],[4.58,49.85],[4.58,49.78],[4.59,49.71],[4.67,49.71],[4.67,49.65],[4.67,49.58],[4.18,49.52],[4.17,49.65],[4.25,49.65]]]]}},{"type":"Feature","properties":{"NAME":"Sunda Kingdom","C":0,"name":"Sunda Kingdom","start_year":1482,"end_year":1518,"capital":"","type":"polity","region":"","event":"","source":"Cliopatria / Seshat Global History Databank (CC BY 4.0)","wikipedia":"Sunda Kingdom","wikidata":"Q1469742","_a":10,"_c":[107.69,-6.91],"_nz":"巽他王国","_sz":""},"geometry":{"type":"Polygon","coordinates":[[[108.11,-6.27],[108.05,-6.46],[108.21,-6.72],[108.07,-6.79],[108.09,-7.11],[108.68,-7.24],[108.75,-7.24],[109.41,-7.24],[109.65,-7.49],[110.01,-7.56],[109.89,-7.94],[109.82,-7.94],[108.78,-7.69],[108.14,-7.88],[107.16,-7.49],[106.43,-7.49],[106.28,-7.43],[106.33,-7.04],[105.89,-6.85],[105.37,-6.85],[105.43,-6.53],[105.65,-6.46],[105.7,-6.08],[105.91,-5.89],[106.49,-5.95],[106.65,-6.08],[107,-5.89],[107.37,-6.01],[107.53,-6.21],[108.04,-6.27],[108.11,-6.27]]]}},{"type":"Feature","properties":{"NAME":"Majapahit","C":7,"name":"Majapahit","start_year":1482,"end_year":1515,"capital":"","type":"polity","region":"","event":"","source":"Cliopatria / Seshat Global History Databank (CC BY 4.0)","wikipedia":"Majapahit","wikidata":"Q49326","_a":16,"_c":[112.95,-7.88],"_nz":"满者伯夷","_sz":""},"geometry":{"type":"MultiPolygon","coordinates":[[[[115.92,-8.52],[115.91,-8.39],[116.12,-8.2],[116.48,-8.2],[116.64,-8.33],[116.65,-8.52],[116.45,-8.71],[116.47,-8.97],[115.73,-8.91],[115.72,-8.71],[115.94,-8.71],[115.93,-8.59],[115.92,-8.52]]],[[[113.78,-7.17],[113.28,-7.3],[112.69,-7.24],[112.71,-7.56],[113.09,-7.75],[114.26,-7.69],[114.41,-7.81],[114.35,-8.01],[114.43,-8.14],[115.3,-8.07],[115.61,-8.26],[115.63,-8.52],[115.34,-8.59],[115.08,-8.91],[114.93,-8.91],[114.98,-8.65],[114.37,-8.33],[114.32,-8.52],[114.47,-8.65],[114.49,-8.84],[114.27,-8.84],[114.18,-8.65],[113.74,-8.65],[113.21,-8.33],[112.99,-8.33],[112.85,-8.46],[112.27,-8.46],[111.89,-8.33],[110.65,-8.26],[109.9,-8.01],[109.89,-7.94],[110.01,-7.56],[109.65,-7.49],[109.41,-7.24],[109.24,-6.85],[109.31,-6.85],[110.27,-6.91],[110.34,-6.91],[110.94,-7.17],[111.51,-6.98],[111.5,-6.85],[111.64,-6.79],[111.72,-6.79],[112.16,-6.91],[112.52,-6.85],[112.53,-6.98],[112.74,-6.85],[113.99,-6.91],[113.99,-6.98],[113.78,-7.17]]],[[[115.08,-6.85],[115.29,-6.79],[115.38,-6.98],[115.23,-7.04],[115.16,-7.04],[115.08,-6.85]]]]}},{"type":"Feature","properties":{"NAME":"Shan States","C":4,"name":"Shan States","start_year":1482,"end_year":1501,"capital":"","type":"polity","region":"","event":"","source":"Cliopatria / Seshat Global History Databank (CC BY 4.0)","wikipedia":"Shan States","wikidata":"Q4765854","_a":83,"_c":[97.29,23.21],"_nz":"掸邦","_sz":""},"geometry":{"type":"Polygon","coordinates":[[[101.16,21.76],[100.74,21.5],[100.22,21.5],[100.03,21.69],[100.07,21.95],[99.94,22.08],[99.29,22.14],[99.57,22.98],[98.94,23.24],[98.87,23.69],[98.73,23.75],[98.88,24.14],[97.65,23.94],[97.79,24.33],[97.59,24.46],[97.65,24.78],[97.82,24.91],[97.87,25.16],[98.13,25.36],[98.17,25.55],[98.67,25.81],[98.84,26.58],[98.76,26.58],[98.74,27.48],[98.56,27.67],[98.26,27.67],[98.16,28.19],[97.98,28.38],[97.56,28.51],[97.48,28.51],[97.34,27.93],[97,27.74],[96.94,27.48],[97.13,27.35],[97.16,27.16],[96.94,27.16],[96.89,27.29],[96.21,27.29],[95.58,26.77],[95.16,26.58],[95.08,26.19],[95.19,26],[94.88,25.55],[94.71,25.49],[94.74,24.84],[94.37,24.39],[94.13,23.88],[93.85,24.01],[93.4,24.01],[93.43,23.24],[93.42,23.17],[94.07,23.04],[94.33,22.79],[94.3,22.59],[94.37,22.59],[94.52,23.04],[94.9,23.56],[95.23,23.75],[96.24,24.01],[96.69,24.01],[97.3,23.69],[97.61,23.3],[97.63,22.98],[97.76,22.85],[97.75,22.79],[97.53,20.41],[97.46,20.41],[97.4,20.02],[97.23,19.89],[96.89,18.54],[97.15,18.35],[97.16,17.9],[97.77,18.03],[97.6,18.35],[97.45,18.35],[97.47,18.48],[97.77,18.54],[97.87,18.67],[97.94,19.64],[98.1,19.76],[98.92,19.76],[99.19,20.09],[99.41,20.09],[99.83,20.41],[100.13,20.41],[100.24,20.66],[100.64,20.86],[100.69,21.18],[101.18,21.44],[101.16,21.76]]]}},{"type":"Feature","properties":{"NAME":"Comtat Venaissin","C":2,"name":"Comtat Venaissin","start_year":1482,"end_year":1672,"capital":"","type":"polity","region":"","event":"","source":"Cliopatria / Seshat Global History Databank (CC BY 4.0)","wikipedia":"Comtat Venaissin","wikidata":"Q1122980","_a":1,"_c":[4.96,44.13],"_nz":"沃奈桑伯爵领地","_sz":""},"geometry":{"type":"Polygon","coordinates":[[[4.71,44.32],[4.72,44.19],[5.04,44.25],[4.96,44.12],[4.8,44.12],[4.73,43.8],[4.97,43.73],[5.05,43.93],[5.29,43.99],[5.11,44.52],[4.95,44.39],[4.71,44.45],[4.63,44.32],[4.71,44.32]]]}},{"type":"Feature","properties":{"NAME":"Kalmar Union","C":3,"name":"Kalmar Union","start_year":1482,"end_year":1501,"capital":"","type":"polity","region":"","event":"","source":"Cliopatria / Seshat Global History Databank (CC BY 4.0)","wikipedia":"Kalmar Union","wikidata":"Q62623","_a":1034,"_c":[3.35,61.96],"_nz":"卡尔马联盟","_sz":""},"geometry":{"type":"MultiPolygon","coordinates":[[[[-8.38,52.72],[-8.37,52.65],[-8.46,52.65],[-8.46,52.72],[-8.38,52.72]]],[[[-6.33,52.72],[-6.32,52.65],[-6.4,52.65],[-6.41,52.72],[-6.33,52.72]]],[[[-6.2,53.06],[-6.19,52.99],[-6.28,52.99],[-6.28,53.06],[-6.2,53.06]]],[[[-6.28,53.06],[-6.37,53.06],[-6.38,53.12],[-6.29,53.12],[-6.28,53.06]]],[[[10.28,55.98],[9.93,55.84],[9.93,55.7],[9.75,55.7],[9.75,55.57],[10.63,55.63],[10.63,55.5],[10.8,55.43],[10.88,54.95],[10.71,54.75],[10.54,54.75],[10.54,55.02],[9.93,55.09],[10.01,55.02],[9.93,54.55],[11.05,54.41],[11.05,54.21],[10.79,54.07],[10.79,54],[10.53,54],[10.36,53.87],[10.36,53.66],[10.01,53.73],[9.93,53.6],[9.58,53.6],[9.24,53.87],[8.89,53.87],[8.89,53.94],[8.81,53.94],[8.8,54.21],[8.54,54.27],[8.54,54.41],[8.8,54.48],[8.8,54.61],[8.53,54.82],[8.44,55.23],[8.53,55.23],[8.53,55.36],[8.35,55.5],[8.09,55.5],[8.09,55.63],[8,55.63],[8.08,56.11],[7.99,56.11],[7.98,56.66],[8.24,56.73],[8.15,56.87],[8.5,57.21],[9.39,57.21],[9.66,57.42],[9.66,57.56],[9.83,57.56],[9.92,57.7],[10.46,57.77],[10.55,57.28],[10.28,57.08],[10.28,56.59],[10.9,56.52],[10.81,56.18],[10.54,56.18],[10.54,56.11],[10.36,56.11],[10.37,56.25],[10.28,56.25],[10.28,55.98]]],[[[10.63,55.98],[10.63,55.77],[10.54,55.77],[10.36,55.77],[10.45,55.98],[10.63,55.98]]],[[[-6.74,61.62],[-6.72,61.48],[-6.71,61.41],[-6.99,61.48],[-7.02,61.62],[-6.74,61.62]]],[[[5.18,61.97],[5.18,62.05],[5.09,62.05],[5.08,62.26],[5.45,62.19],[5.44,62.4],[5.72,62.4],[5.73,62.19],[5.92,62.19],[5.91,62.4],[6.56,62.47],[6.64,62.76],[7.4,62.62],[7.39,62.76],[6.92,62.83],[6.92,63.05],[7.95,63.05],[7.94,63.19],[8.23,63.19],[8.22,63.34],[7.75,63.34],[7.84,63.55],[8.22,63.48],[8.5,63.7],[9.07,63.7],[8.98,63.48],[9.26,63.41],[9.35,63.62],[9.54,63.62],[9.54,63.91],[9.92,63.99],[9.92,64.13],[10.3,64.28],[10.3,64.42],[10.87,64.64],[11.16,64.64],[11.35,64.49],[11.44,64.57],[11.35,64.86],[11.45,64.86],[11.45,65],[11.74,65.08],[11.84,65.22],[12.13,65.15],[12.04,65.44],[12.13,65.44],[12.14,65.59],[12.53,65.74],[12.53,65.88],[12.34,65.88],[12.44,66.11],[12.34,66.11],[12.35,66.25],[12.64,66.25],[12.63,66.11],[12.82,66.03],[12.93,66.25],[13.12,66.25],[12.94,66.62],[13.23,66.62],[13.24,66.77],[13.63,66.77],[13.54,67],[13.64,67.07],[14.13,67.07],[14.44,67.3],[14.55,67.52],[14.95,67.67],[15.07,67.97],[15.36,67.97],[15.58,68.27],[15.88,68.27],[15.88,68.35],[15.09,68.42],[14.98,68.27],[14.19,68.2],[14.19,68.35],[14.4,68.5],[14.9,68.57],[14.91,68.73],[14.41,68.65],[14.42,68.8],[14.93,68.95],[15.03,69.11],[15.33,69.03],[15.32,68.8],[15.52,68.8],[15.44,69.18],[15.75,69.33],[16.15,69.33],[16.14,69.18],[15.94,69.11],[15.92,68.88],[16.62,68.88],[16.61,68.73],[17.21,68.8],[17.23,69.03],[17.33,69.03],[17.32,68.88],[17.52,68.88],[17.65,69.18],[17.04,69.11],[16.96,69.33],[16.86,69.33],[16.87,69.49],[17.89,69.64],[17.98,69.49],[18.58,69.49],[18.59,69.56],[18.19,69.56],[18.2,69.72],[18.82,69.79],[18.72,69.87],[18.75,70.1],[18.86,70.18],[19.66,70.1],[19.59,70.33],[19.79,70.33],[19.88,70.26],[19.84,69.87],[20.04,69.87],[20.16,70.02],[20.36,70.02],[20.29,70.26],[20.81,70.33],[20.77,70.02],[21.77,69.95],[21.79,70.1],[21.38,70.1],[21.43,70.41],[22.03,70.33],[22.02,70.26],[22.33,70.33],[22.47,70.57],[22.37,70.57],[22.41,70.8],[23.44,70.88],[23.3,70.64],[23.5,70.64],[23.63,70.8],[24.33,70.72],[24.27,70.95],[25.21,71.03],[25.3,70.95],[25.34,71.19],[25.87,71.27],[25.86,71.19],[26.06,71.19],[25.88,70.8],[26.44,71.03],[26.75,71.03],[26.68,70.72],[26.56,70.64],[26.96,70.57],[27.09,70.72],[27.01,70.8],[27.36,71.03],[27.38,71.11],[28.22,71.19],[28.2,71.11],[28.41,71.11],[28.46,70.88],[28.25,70.88],[28.22,70.72],[28.32,70.72],[28.18,70.57],[28.38,70.57],[28.44,70.8],[28.68,70.95],[29.29,70.95],[29.36,70.8],[30.07,70.8],[30.24,70.64],[30.65,70.64],[30.63,70.57],[31.12,70.49],[30.96,70.26],[30.55,70.26],[30.21,70.1],[28.91,70.18],[28.89,70.1],[28.58,70.1],[28.16,69.56],[28.06,69.56],[28.01,69.33],[27.78,69.18],[27.75,69.03],[27.65,69.03],[27.45,68.57],[27.35,68.57],[27.29,68.27],[27.05,68.05],[26.93,67.44],[27.27,67.15],[27.47,67.15],[27.45,67.07],[27.83,67],[27.81,66.92],[28.96,66.77],[29.05,66.77],[29.87,66.03],[30.06,66.03],[30.31,65.81],[30.21,65.37],[29.86,65.08],[29.8,64.79],[29.58,64.64],[29.53,64.42],[29.3,64.2],[29.39,64.2],[29.36,64.06],[29.53,63.91],[29.48,63.7],[29.58,63.7],[29.55,63.55],[29.64,63.55],[29.61,63.41],[29.71,63.41],[29.68,63.26],[29.84,63.12],[29.78,62.83],[29.87,62.83],[29.82,62.55],[29.91,62.55],[29.84,62.19],[29.29,61.76],[29.37,61.69],[29.29,61.26],[29.38,61.26],[29.41,60.91],[29.59,60.91],[29.64,60.7],[30,60.63],[29.93,60.28],[29.83,60.21],[29.73,60.21],[29.38,60.28],[28.99,60.14],[28.49,60.42],[28.54,60.7],[28.45,60.7],[28.24,60.56],[27.13,60.49],[27.05,60.56],[26.75,60.42],[26.4,60.49],[25.82,60.28],[24.61,60.14],[24.5,60],[24.05,60.07],[23.76,59.92],[23.03,59.85],[23.05,60.07],[22.31,60],[22.36,60.42],[21.91,60.42],[21.74,60.56],[21.46,60.56],[21.33,60.98],[21.23,60.98],[21.25,61.12],[21.44,61.19],[21.5,61.69],[21.24,61.83],[21.19,62.26],[21.29,62.33],[21.2,62.33],[21.21,62.47],[20.95,62.62],[21.07,62.83],[21.26,62.9],[21.28,63.05],[21.48,63.12],[21.5,63.34],[21.96,63.26],[22.16,63.34],[22.37,63.48],[22.38,63.62],[22.78,63.77],[22.8,63.91],[23.28,63.99],[23.3,64.13],[23.49,64.13],[23.82,64.42],[24.01,64.42],[24.54,64.79],[24.56,64.93],[25.23,64.93],[25.23,65.52],[24.67,65.59],[24.68,65.66],[24.21,65.74],[24.22,65.81],[22.47,65.74],[22.38,65.81],[22.44,65.52],[21.76,65.44],[21.65,65.37],[21.62,65.08],[21.21,64.93],[21.3,64.86],[21.28,64.64],[21.47,64.64],[21.54,64.42],[21.14,64.28],[20.81,63.91],[20.62,63.91],[20.41,63.7],[19.83,63.62],[19.73,63.48],[19.35,63.48],[19.14,63.26],[18.75,63.12],[18.47,63.12],[18.35,62.83],[17.98,62.83],[17.96,62.62],[17.76,62.47],[17.39,62.47],[17.56,62.33],[17.55,62.19],[17.36,62.05],[17.51,61.69],[17.24,61.69],[17.19,60.98],[17.28,60.98],[17.26,60.77],[18.61,60.42],[18.5,60.21],[18.78,60.21],[19.03,60],[19.01,59.71],[18.83,59.71],[18.63,59.5],[18.35,59.43],[18.41,59.09],[18.14,59.09],[17.95,58.88],[17.5,58.88],[17.49,58.74],[17.13,58.74],[17.03,58.6],[16.85,58.6],[16.84,58.46],[16.66,58.46],[16.83,58.32],[16.81,58.04],[16.63,57.9],[16.71,57.83],[16.7,57.7],[16.61,57.7],[16.69,57.42],[16.5,57.28],[16.48,56.87],[16.76,57.08],[16.86,57.35],[17.13,57.42],[17.12,57.28],[16.94,57.14],[16.92,56.94],[16.74,56.8],[16.63,56.39],[16.27,56.25],[16.28,56.52],[16.19,56.52],[16.09,56.25],[15.82,56.11],[14.77,56.18],[14.76,55.98],[14.23,55.91],[14.3,55.36],[12.81,55.36],[12.73,55.5],[12.9,55.57],[12.91,55.77],[12.56,55.98],[12.56,55.7],[12.2,55.57],[12.38,55.43],[12.37,55.23],[12.11,55.16],[12.1,54.75],[11.23,54.68],[10.88,54.75],[10.88,54.95],[11.32,55.02],[11.41,54.89],[11.67,54.89],[11.67,55.09],[11.5,55.23],[10.97,55.29],[11.06,55.57],[10.89,55.63],[10.89,55.77],[11.24,55.84],[11.33,56.05],[11.6,56.05],[11.77,55.84],[11.86,56.11],[12.48,56.18],[12.48,56.32],[12.66,56.32],[12.57,56.52],[12.75,56.52],[12.75,56.66],[12.4,56.8],[12.41,56.94],[12.14,57.08],[12.06,57.35],[11.79,57.42],[11.71,58.11],[11.45,58.11],[11.45,58.32],[11.18,58.39],[11.1,59.16],[10.83,59.16],[10.56,59.36],[10.56,59.64],[10.47,59.64],[10.37,59.16],[10.19,59.16],[10.01,58.95],[9.65,59.02],[9.56,58.88],[9.38,58.88],[9.38,58.74],[9.11,58.74],[9.11,58.6],[8.93,58.6],[8.67,58.32],[7.6,57.97],[6.61,58.04],[6.52,58.25],[5.97,58.32],[5.51,58.6],[5.5,59.02],[5.95,59.02],[6.03,59.36],[5.84,59.43],[5.85,59.29],[5.21,59.29],[5.28,59.78],[5.19,59.78],[5.18,60],[5.45,60.14],[5.26,60.28],[4.9,60.21],[4.89,60.42],[5.16,60.49],[4.95,61.05],[5.13,61.19],[5.03,61.19],[4.93,61.48],[5.2,61.62],[4.92,61.62],[4.91,61.76],[5.09,61.9],[5.19,61.9],[5.18,61.97]]],[[[-6.77,62.33],[-6.66,62.26],[-6.69,61.9],[-6.79,61.9],[-7.28,62.05],[-7.32,62.33],[-6.96,62.4],[-6.77,62.33]]],[[[-20.54,66.18],[-20.05,66.18],[-20.01,66.03],[-19.55,65.81],[-19.57,66.18],[-19.18,66.18],[-19.2,66.25],[-18.72,66.25],[-18.36,66.03],[-18.43,66.25],[-18.04,66.25],[-17.59,66.03],[-17.46,66.25],[-16.66,66.18],[-16.67,66.55],[-15.79,66.55],[-15.61,66.25],[-15.34,66.33],[-15.36,66.4],[-15.07,66.4],[-14.99,66.11],[-14.7,66.11],[-14.64,65.88],[-14.72,65.81],[-14.33,65.81],[-14.29,65.66],[-13.7,65.59],[-13.64,65.37],[-13.72,65.3],[-13.51,65.22],[-13.47,65.08],[-13.93,65],[-13.88,64.79],[-14.07,64.79],[-14.05,64.71],[-14.43,64.71],[-14.47,64.49],[-14.74,64.42],[-14.8,64.28],[-15.27,64.28],[-15.5,64.42],[-15.46,64.28],[-16.09,64.13],[-16.07,64.06],[-16.6,63.91],[-16.58,63.84],[-17.7,63.77],[-18.16,63.41],[-19.39,63.41],[-19.81,63.55],[-20.37,63.55],[-20.53,63.77],[-21.15,63.91],[-22.8,63.77],[-22.9,64.06],[-22.83,64.13],[-22.33,64.06],[-22.36,64.13],[-22.17,64.13],[-22.02,64.28],[-22.1,64.49],[-22.5,64.57],[-22.58,64.79],[-23.98,64.71],[-24.16,64.93],[-22.61,65.15],[-22.59,65.37],[-22.03,65.44],[-22.06,65.52],[-23.31,65.52],[-23.28,65.44],[-24.03,65.37],[-24.37,65.52],[-24.42,65.66],[-24.13,65.66],[-24.21,65.88],[-23.8,65.81],[-23.91,66.11],[-23.62,66.11],[-23.67,66.25],[-23.28,66.25],[-22.94,66.11],[-23.17,66.48],[-22.97,66.48],[-23,66.55],[-22.61,66.55],[-21.48,66.11],[-21.38,65.52],[-21.26,65.44],[-20.97,65.74],[-20.78,65.74],[-20.76,65.66],[-20.54,65.59],[-20.4,65.74],[-20.54,66.18]]],[[[14.64,55.29],[14.99,55.23],[15.08,55.23],[15.07,55.02],[14.64,55.09],[14.64,55.29]]],[[[19.05,57.97],[19.03,57.83],[18.84,57.7],[18.91,57.42],[18.45,57.21],[18.34,56.94],[18.08,56.94],[18.03,57.49],[18.03,57.56],[18.23,57.83],[18.6,57.97],[19.05,57.97]]],[[[19.95,60.07],[19.68,60.14],[19.7,60.28],[19.7,60.35],[19.72,60.49],[20.17,60.42],[20.15,60.21],[19.95,60.07]]],[[[12.79,67.89],[12.79,68.05],[12.89,68.05],[12.89,68.12],[13.19,68.12],[13.19,67.97],[12.79,67.89]]],[[[13.59,68.12],[13.58,68.05],[13.39,68.05],[13.39,68.12],[13.39,68.2],[13.7,68.42],[14.1,68.42],[14.09,68.2],[13.59,68.12]]],[[[23.97,70.95],[23.98,71.03],[23.99,71.11],[24.1,71.11],[24.08,71.03],[24.07,70.95],[23.97,70.95]]]]}},{"type":"Feature","properties":{"NAME":"Sultanate of Cirebon","C":0,"name":"Sultanate of Cirebon","start_year":1482,"end_year":1578,"capital":"","type":"polity","region":"","event":"","source":"Cliopatria / Seshat Global History Databank (CC BY 4.0)","wikipedia":"Sultanate of Cirebon","wikidata":"Q2077648","_a":1,"_c":[108.73,-6.75],"_nz":"井里汶苏丹国","_sz":""},"geometry":{"type":"Polygon","coordinates":[[[108.75,-7.24],[109.41,-7.24],[109.24,-6.85],[109.17,-6.85],[108.58,-6.79],[108.34,-6.34],[108.19,-6.27],[108.11,-6.27],[108.05,-6.46],[108.21,-6.72],[108.07,-6.79],[108.09,-7.11],[108.68,-7.24],[108.75,-7.24]]]}},{"type":"Feature","properties":{"NAME":"Papal States","C":4,"name":"Papal States","start_year":1487,"end_year":1506,"capital":"","type":"polity","region":"","event":"","source":"Cliopatria / Seshat Global History Databank (CC BY 4.0)","wikipedia":"Papal States","wikidata":"Q170174","_a":11,"_c":[12.61,43.06],"_nz":"教皇国","_sz":""},"geometry":{"type":"MultiPolygon","coordinates":[[[[11.57,42.37],[11.57,42.3],[11.49,42.3],[11.49,42.37],[11.57,42.37]]],[[[13.75,43.15],[13.75,43.08],[13.83,43.08],[13.83,43.02],[13.91,43.02],[13.91,42.95],[13.58,42.89],[13.34,42.69],[13.1,42.69],[12.86,42.5],[13.01,42.04],[13.33,41.98],[13.41,41.85],[13.8,41.85],[13.96,41.72],[14.04,41.52],[13.79,41.2],[13.71,41.2],[13.4,41.33],[13,41.33],[12.92,41.46],[12.6,41.52],[12.13,41.91],[12.13,42.04],[11.73,42.17],[11.65,42.37],[11.57,42.37],[11.74,42.63],[12.06,42.76],[11.98,43.15],[11.9,43.15],[11.82,43.34],[12.14,43.41],[12.23,43.6],[11.74,43.8],[11.75,44.12],[11.51,44.39],[11.18,44.32],[11.26,44.84],[11.59,44.91],[11.67,44.91],[11.67,44.84],[11.75,44.84],[11.99,44.65],[12.16,44.71],[12.16,44.65],[12.31,44.19],[12.87,43.8],[13.04,43.86],[13.03,43.73],[13.36,43.67],[13.75,43.28],[13.75,43.21],[13.75,43.15]]]]}},{"type":"Feature","properties":{"NAME":"Kingdom of England","C":9,"name":"Kingdom of England","start_year":1487,"end_year":1501,"capital":"","type":"polity","region":"","event":"","source":"Cliopatria / Seshat Global History Databank (CC BY 4.0)","wikipedia":"Kingdom of England","wikidata":"Q179876","_a":53,"_c":[-2.41,52.94],"_nz":"英格兰王国","_sz":""},"geometry":{"type":"MultiPolygon","coordinates":[[[[2.07,51.11],[2.09,50.85],[1.76,50.78],[1.58,50.98],[1.74,51.05],[1.83,51.05],[2.07,51.11]]],[[[0,53.8],[0.02,53.6],[0.3,53.39],[0.32,53.12],[0.08,52.92],[0.34,52.86],[0.49,53.06],[1.09,53.06],[1.53,52.92],[1.72,52.72],[1.74,52.38],[1.65,52.38],[1.59,52.12],[1.43,51.98],[1.17,51.98],[1.18,51.78],[0.84,51.78],[0.86,51.51],[0.52,51.51],[1.38,51.38],[1.31,51.11],[0.49,50.78],[-1.37,50.85],[-1.11,50.78],[-1.18,50.58],[-1.51,50.58],[-1.52,50.71],[-2.03,50.71],[-2.1,50.58],[-3.13,50.71],[-3.46,50.65],[-3.58,50.25],[-4.09,50.25],[-4.19,50.38],[-4.35,50.38],[-4.93,50.25],[-5.15,49.98],[-5.75,50.05],[-5.77,50.25],[-5.28,50.38],[-5.13,50.58],[-4.88,50.58],[-4.82,50.78],[-4.66,50.85],[-4.68,51.05],[-4.43,51.05],[-4.2,51.31],[-3.09,51.25],[-3.11,51.38],[-2.95,51.45],[-3.12,51.51],[-3.28,51.38],[-3.7,51.38],[-3.89,51.58],[-4.31,51.51],[-4.42,51.71],[-4.91,51.58],[-5.26,51.71],[-5.22,52.05],[-4.55,52.18],[-4.16,52.45],[-4.3,52.92],[-4.79,52.79],[-4.81,52.92],[-4.49,53.12],[-4.67,53.19],[-4.7,53.46],[-4.27,53.46],[-4.16,53.26],[-3.15,53.46],[-3.1,53.73],[-3.2,53.87],[-2.97,54.14],[-3.3,54.07],[-3.32,54.21],[-3.59,54.27],[-3.62,54.55],[-3.7,54.55],[-3.65,54.82],[-3.39,54.89],[-3.4,54.95],[-3.14,54.95],[-2.81,55.09],[-2.73,55.23],[-2.56,55.23],[-2.24,55.5],[-2.27,55.77],[-2.11,55.91],[-2.02,55.91],[-1.63,55.57],[-1.49,54.95],[-1.4,54.95],[-1.29,54.68],[-0.67,54.61],[-0.39,54.41],[-0.38,54.27],[-0.29,54.27],[-0.18,53.94],[0,53.8]]],[[[-6.59,54.07],[-6.33,54.07],[-6.29,53.73],[-6.09,53.53],[-6.24,53.39],[-6.14,53.26],[-6.73,53.19],[-6.92,53.94],[-6.83,53.94],[-6.75,53.94],[-6.59,54.07]]],[[[-4.38,54.41],[-4.36,54.21],[-4.86,54.07],[-4.8,54.27],[-4.81,54.34],[-4.38,54.41]]]]}},{"type":"Feature","properties":{"NAME":"Ava Kingdom","C":3,"name":"Ava Kingdom","start_year":1487,"end_year":1501,"capital":"","type":"polity","region":"","event":"","source":"Cliopatria / Seshat Global History Databank (CC BY 4.0)","wikipedia":"Kingdom of Ava","wikidata":"Q2500952","_a":21,"_c":[96.01,20.96],"_nz":"阿瓦王国","_sz":""},"geometry":{"type":"Polygon","coordinates":[[[97.76,22.85],[97.63,22.98],[97.61,23.3],[97.3,23.69],[96.69,24.01],[96.24,24.01],[95.23,23.75],[94.9,23.56],[94.52,23.04],[94.37,22.59],[94.26,21.89],[94.34,21.89],[94.33,20.79],[94.83,19.64],[96.41,18.29],[96.39,18.16],[96.53,18.09],[96.5,17.9],[97.16,17.9],[97.15,18.35],[96.89,18.54],[97.23,19.89],[97.4,20.02],[97.46,20.41],[97.53,20.41],[97.75,22.79],[97.76,22.85]]]}},{"type":"Feature","properties":{"NAME":"Crimean Khanate","C":11,"name":"Crimean Khanate","start_year":1487,"end_year":1501,"capital":"","type":"polity","region":"","event":"","source":"Cliopatria / Seshat Global History Databank (CC BY 4.0)","wikipedia":"Crimean Khanate","wikidata":"Q160440","_a":48,"_c":[37.16,46.89],"_nz":"克里米亚汗国","_sz":""},"geometry":{"type":"MultiPolygon","coordinates":[[[[34.99,45.63],[35.02,45.3],[35.75,45.3],[36.26,45.43],[36.23,45.24],[36.38,45.17],[36.2,45.04],[35.41,45.17],[35.4,45.1],[34.57,44.97],[34.56,44.91],[34.39,44.91],[34.03,44.65],[33.56,44.71],[33.57,44.78],[33.61,45.1],[33.47,45.24],[33.22,45.24],[32.61,45.5],[33.71,45.82],[33.74,46.02],[34.15,46.09],[34.54,45.96],[34.74,45.63],[34.82,45.63],[34.99,45.63]]],[[[42.23,46.41],[42.47,46.41],[42.34,46.15],[42.49,46.09],[42.3,45.96],[42.22,45.5],[42,45.24],[41.68,45.24],[41.63,45.43],[41.48,45.5],[41.51,45.63],[41.36,45.69],[41.38,45.82],[41.07,45.89],[41.17,46.02],[40.6,46.02],[40.54,46.15],[40.38,46.15],[38.83,45.69],[38.37,45.37],[37.85,45.17],[37.52,45.17],[37.26,45.04],[36.78,45.1],[36.75,45.43],[36.91,45.43],[36.97,45.3],[37.7,45.3],[37.75,45.56],[37.59,45.63],[37.76,45.63],[37.89,45.96],[38.33,46.15],[38.37,46.35],[37.9,46.48],[37.84,46.61],[38.49,46.61],[38.62,46.87],[39.14,47.01],[39.22,47.01],[39.48,47.07],[39.53,47.33],[39.39,47.47],[40.6,47.33],[42.05,46.74],[42.03,46.68],[42.25,46.55],[42.23,46.41]]],[[[37.52,47.14],[37.17,47.01],[37.23,46.87],[36.91,46.94],[36.8,46.81],[35.63,46.68],[35.25,46.28],[34.76,46.28],[34.74,46.15],[34.08,46.15],[34.02,46.28],[33.61,46.28],[33.59,46.15],[32.95,46.22],[32.85,46.09],[32.68,46.09],[32.06,46.35],[31.82,46.35],[31.84,46.48],[32.16,46.48],[32.35,46.68],[32.92,46.61],[33.69,46.87],[34.08,47.27],[34.04,47.53],[34.28,47.53],[34.47,47.66],[35.03,47.53],[35.19,48.06],[35.12,48.13],[35.43,48.52],[35.49,48.85],[35.5,48.92],[35.6,49.05],[35.95,49.12],[36.08,48.92],[36.33,48.92],[36.31,48.79],[36.85,48.59],[37.43,48.06],[38.44,47.73],[38.42,47.6],[39.22,47.47],[39.21,47.4],[38.68,47.2],[37.52,47.14]]]]}},{"type":"Feature","properties":{"NAME":"Prome Kingdom","C":4,"name":"Prome Kingdom","start_year":1487,"end_year":1501,"capital":"","type":"polity","region":"","event":"","source":"Cliopatria / Seshat Global History Databank (CC BY 4.0)","wikipedia":"Prome Kingdom","wikidata":"Q13576027","_a":3,"_c":[95.68,18.64],"_nz":"卑谬王国","_sz":""},"geometry":{"type":"Polygon","coordinates":[[[96.53,18.09],[96.39,18.16],[96.41,18.29],[94.83,19.64],[94.96,18.54],[95.16,18.35],[95.04,18.03],[95.06,17.64],[96.5,17.9],[96.53,18.09]]]}},{"type":"Feature","properties":{"NAME":"Principality of Moldavia","C":8,"name":"Principality of Moldavia","start_year":1487,"end_year":1506,"capital":"","type":"polity","region":"","event":"","source":"Cliopatria / Seshat Global History Databank (CC BY 4.0)","wikipedia":"Moldavia","wikidata":"Q10957559","_a":17,"_c":[27.23,47.11],"_nz":"摩尔达维亚公国","_sz":""},"geometry":{"type":"Polygon","coordinates":[[[29.22,47.27],[28.98,47.33],[28.93,47.6],[29.03,47.73],[28.88,47.86],[28.56,47.93],[28.57,48.06],[28.42,48.19],[27.54,48.46],[27.39,48.65],[25.98,48.65],[25.51,48.92],[25.34,48.92],[25.25,48.79],[25.56,48.59],[25.54,48.39],[25.01,48.06],[24.99,47.8],[24.91,47.8],[24.88,47.53],[25.03,47.4],[25.02,47.2],[25.67,47.14],[25.73,46.87],[25.97,46.81],[25.94,46.55],[26.48,46.15],[26.44,45.76],[26.1,45.63],[26.24,45.37],[26.42,45.5],[26.66,45.5],[27.63,45.43],[27.86,45.3],[28.12,45.43],[28.15,45.69],[28.31,45.69],[28.33,45.89],[28.51,46.02],[28.44,46.15],[28.89,46.48],[29.57,46.74],[29.58,46.81],[29.35,46.94],[29.36,47.07],[29.21,47.2],[29.22,47.27]]]}},{"type":"Feature","properties":{"NAME":"Hanthawaddy Kingdom","C":2,"name":"Hanthawaddy Kingdom","start_year":1487,"end_year":1506,"capital":"","type":"polity","region":"","event":"","source":"Cliopatria / Seshat Global History Databank (CC BY 4.0)","wikipedia":"Hanthawaddy Kingdom","wikidata":"Q1572529","_a":12,"_c":[96.59,16.75],"_nz":"汉达瓦底王国","_sz":""},"geometry":{"type":"Polygon","coordinates":[[[98.67,16.55],[98.64,16.36],[98.93,16.36],[98.91,16.16],[98.49,15.84],[98.19,15.78],[98.08,15.52],[97.78,15.46],[97.79,15.52],[97.72,15.52],[97.69,15.91],[97.55,15.97],[97.62,16.49],[97.4,16.49],[97.27,16.61],[97.16,16.87],[97.2,17.13],[97.05,17.13],[97,17.32],[96.93,17.32],[96.92,16.74],[96.83,16.61],[96.67,16.49],[96.37,16.49],[96.35,16.36],[96.03,16.16],[95.81,16.16],[95.61,15.71],[95.31,15.71],[95.34,15.91],[94.87,15.71],[94.81,15.84],[94.24,15.97],[94.35,16.81],[94.43,16.81],[94.57,16.81],[95.06,17.64],[96.5,17.9],[97.16,17.9],[97.77,18.03],[97.76,17.96],[97.84,17.96],[97.8,17.71],[97.94,17.64],[97.92,17.51],[98.63,16.81],[98.6,16.61],[98.67,16.61],[98.67,16.55]]]}},{"type":"Feature","properties":{"NAME":"Republic of Florence","C":5,"name":"Republic of Florence","start_year":1487,"end_year":1506,"capital":"","type":"polity","region":"","event":"","source":"Cliopatria / Seshat Global History Databank (CC BY 4.0)","wikipedia":"Republic of Florence","wikidata":"Q148540","_a":3,"_c":[11.22,43.67],"_nz":"佛罗伦萨共和国","_sz":""},"geometry":{"type":"Polygon","coordinates":[[[10.7,42.95],[10.54,43.08],[10.37,43.67],[10.21,43.86],[10.21,43.93],[10.7,43.8],[10.86,44.25],[10.94,44.25],[11.02,44.25],[11.1,44.25],[11.1,44.32],[11.18,44.32],[11.51,44.39],[11.75,44.12],[11.74,43.8],[12.23,43.6],[12.14,43.41],[11.82,43.34],[11.9,43.15],[11.66,43.15],[11.58,43.34],[11.26,43.47],[11.02,43.47],[10.78,43.34],[10.78,42.95],[10.7,42.95]]]}},{"type":"Feature","properties":{"NAME":"Bornu Empire","C":0,"name":"Bornu Empire","start_year":1487,"end_year":1578,"capital":"","type":"polity","region":"","event":"","source":"Cliopatria / Seshat Global History Databank (CC BY 4.0)","wikipedia":"Kanem-Bornu Empire","wikidata":"Q1139762","_a":27,"_c":[13.72,13.4],"_nz":"博尔努帝国","_sz":""},"geometry":{"type":"Polygon","coordinates":[[[14.14,14.94],[14,15.2],[13.85,15.14],[12.97,15.52],[12.02,15.59],[11.43,15.33],[10.98,14.69],[10.75,13.4],[10.68,13.4],[11.11,12.44],[11.4,12.11],[12.28,11.79],[12.28,11.66],[13.01,11.66],[13.52,11.86],[14.11,11.92],[14.48,12.11],[14.7,12.05],[14.77,12.24],[15.14,12.24],[15.21,12.11],[15.06,12.05],[15.06,11.86],[15.28,11.92],[15.28,11.79],[15.43,11.79],[15.42,11.66],[15.79,11.28],[16.22,11.21],[16.52,11.34],[16.67,11.6],[16.75,12.18],[16.61,12.37],[16.54,12.89],[15.45,13.98],[15.09,14.17],[14.22,14.94],[14.14,14.94]]]}},{"type":"Feature","properties":{"NAME":"Ahmadnagar Sultanate","C":3,"name":"Ahmadnagar Sultanate","start_year":1492,"end_year":1539,"capital":"","type":"polity","region":"","event":"","source":"Cliopatria / Seshat Global History Databank (CC BY 4.0)","wikipedia":"Ahmadnagar Sultanate","wikidata":"Q400998","_a":11,"_c":[74.8,19.45],"_nz":"艾哈迈德纳加尔苏丹国","_sz":""},"geometry":{"type":"Polygon","coordinates":[[[76.71,19.83],[76.37,20.09],[76.38,20.21],[76.18,20.41],[76.03,20.41],[75.7,20.73],[75.62,20.73],[75.53,20.6],[75.39,20.6],[75.37,20.47],[74.83,20.28],[73.86,20.21],[73.32,20.02],[72.97,19.51],[72.74,19.44],[72.87,19.31],[72.94,18.54],[72.93,18.48],[73.15,18.48],[73.17,18.61],[73.32,18.67],[74.22,18.74],[75.15,18.48],[75.63,18.16],[76.55,18.41],[76.5,18.67],[76.24,18.99],[76.26,19.19],[76.43,19.38],[76.86,19.25],[76.71,19.83]]]}},{"type":"Feature","properties":{"NAME":"House of Habsburg","C":11,"name":"House of Habsburg","start_year":1492,"end_year":1501,"capital":"","type":"polity","region":"","event":"","source":"Cliopatria / Seshat Global History Databank (CC BY 4.0)","wikipedia":"House of Habsburg","wikidata":"Q65968","_a":40,"_c":[11.94,47.02],"_nz":"哈布斯堡王朝","_sz":""},"geometry":{"type":"MultiPolygon","coordinates":[[[[6.98,47.53],[6.89,47.93],[6.97,47.93],[7.06,47.93],[7.22,48.06],[7.47,48.06],[7.56,47.6],[7.48,47.6],[7.4,47.47],[7.07,47.53],[6.98,47.53]]],[[[8.06,47.33],[7.73,47.33],[7.56,47.47],[7.56,47.53],[7.89,47.66],[7.8,47.8],[7.64,47.8],[7.63,48.26],[7.71,48.32],[7.79,48.32],[7.8,48.13],[7.96,48.26],[8.21,48.26],[8.21,48.13],[8.13,48.13],[8.22,47.66],[8.05,47.6],[8.14,47.53],[8.06,47.33]]],[[[8.71,47.99],[8.71,47.93],[8.79,47.86],[8.63,47.86],[8.63,47.99],[8.71,47.99]]],[[[8.46,47.99],[8.38,47.99],[8.3,47.99],[8.21,47.99],[8.21,48.06],[8.21,48.13],[8.29,48.13],[8.38,48.13],[8.38,48.06],[8.46,48.06],[8.46,47.99]]],[[[8.54,48.32],[8.79,48.32],[8.71,48.19],[8.54,48.26],[8.54,48.32]]],[[[8.95,48.19],[8.87,48.19],[8.87,48.26],[8.87,48.32],[8.95,48.32],[8.95,48.26],[9.04,48.26],[9.04,48.19],[8.95,48.19]]],[[[8.29,48.26],[8.21,48.39],[8.45,48.39],[8.29,48.32],[8.29,48.26]]],[[[8.45,48.52],[8.37,48.46],[8.29,48.59],[8.45,48.59],[8.45,48.52]]],[[[8.62,48.52],[8.53,48.59],[8.62,48.65],[8.7,48.52],[8.62,48.52]]],[[[16.91,48.32],[16.98,48.06],[16.49,47.99],[16.32,47.86],[16.3,47.53],[16.14,47.53],[16.03,46.81],[15.86,46.68],[16.02,46.35],[15.6,46.22],[15.68,45.96],[15.26,45.76],[15.34,45.5],[14.45,45.63],[14.28,45.37],[14.2,45.37],[14.19,45.3],[14.19,45.24],[14.19,45.17],[14.19,45.1],[14.19,45.04],[14.11,45.04],[14.03,45.04],[13.79,45.24],[14.12,45.5],[13.71,45.5],[13.71,45.56],[13.71,45.63],[13.71,45.69],[13.71,45.76],[13.63,45.76],[13.56,46.02],[13.89,46.15],[13.89,46.28],[13.73,46.35],[13.73,46.48],[13.56,46.48],[12.09,46.68],[11.52,46.61],[11.27,46.41],[11.11,46.41],[11.19,46.61],[10.53,46.55],[10.45,46.55],[10.37,46.55],[10.37,46.61],[10.45,46.94],[10.12,46.94],[10.12,47.2],[10.2,47.33],[10.37,47.33],[10.45,47.6],[10.61,47.6],[10.69,47.6],[10.69,47.53],[10.78,47.53],[10.86,47.53],[10.94,47.53],[11.02,47.4],[11.27,47.47],[11.44,47.47],[11.44,47.33],[11.6,47.27],[11.85,47.27],[12.01,47.53],[12.26,47.53],[12.34,47.33],[12.18,47.27],[12.18,47.07],[13,47.07],[13.08,47.07],[13.74,47.07],[13.66,47.27],[13.41,47.27],[13.42,47.66],[13.18,47.93],[13.18,48.06],[13.85,48.46],[13.93,48.46],[13.93,48.52],[14.01,48.52],[14.02,48.59],[14.1,48.59],[14.1,48.65],[14.6,48.59],[14.85,48.72],[14.94,48.99],[15.69,48.92],[16.18,48.72],[16.84,48.72],[16.93,48.65],[16.83,48.32],[16.91,48.32]]],[[[9.54,47.27],[9.54,47.33],[9.62,47.33],[9.62,47.4],[9.79,47.27],[9.54,47.27]]],[[[9.12,47.86],[9.12,47.99],[9.29,47.99],[9.29,47.8],[9.04,47.73],[8.96,47.73],[8.88,47.73],[8.96,47.99],[9.04,47.86],[9.12,47.86]]],[[[9.45,47.93],[9.54,47.99],[9.54,47.86],[9.37,47.93],[9.45,47.93]]],[[[10.53,48.26],[10.53,48.19],[10.36,47.99],[10.12,48.06],[10.2,48.26],[10.53,48.26]]],[[[9.45,48.19],[9.45,48.46],[9.53,48.46],[9.62,48.46],[9.95,48.46],[10.03,48.26],[9.78,48.32],[9.45,48.19]]],[[[9.37,48.46],[9.37,48.26],[9.2,48.26],[9.2,48.32],[9.37,48.46]]],[[[10.11,48.32],[10.11,48.39],[10.11,48.46],[10.2,48.46],[10.2,48.39],[10.28,48.39],[10.28,48.32],[10.2,48.32],[10.11,48.32]]]]}},{"type":"Feature","properties":{"NAME":"Vijayanagara Empire","C":6,"name":"Vijayanagara Empire","start_year":1492,"end_year":1501,"capital":"","type":"polity","region":"","event":"","source":"Cliopatria / Seshat Global History Databank (CC BY 4.0)","wikipedia":"Vijayanagara Empire","wikidata":"Q167639","_a":81,"_c":[78.12,13.4],"_nz":"毗奢耶那伽罗帝国","_sz":""},"geometry":{"type":"Polygon","coordinates":[[[81.91,17.58],[81.54,16.87],[81.62,16.36],[81.32,16.29],[81.12,15.78],[80.46,15.78],[80.1,15.2],[80.19,14.62],[80.26,14.62],[80.25,13.66],[80.16,13.53],[80.31,13.53],[80.43,13.27],[80.3,12.63],[79.88,11.99],[79.9,10.25],[79.32,10.25],[79.3,9.93],[78.99,9.67],[78.96,9.22],[78.59,9.16],[78.28,8.96],[78.18,8.45],[77.57,8.06],[77.14,8.13],[76.72,8.51],[76.73,8.64],[76.59,8.71],[76.53,8.96],[76.32,9.16],[76.34,9.35],[76.2,9.48],[76.21,9.67],[76.36,9.67],[76.36,9.8],[76.22,9.86],[76.23,10.06],[75.9,10.57],[75.73,11.21],[75.58,11.28],[75.34,11.92],[75.06,12.18],[74.75,12.82],[74.66,13.59],[74.31,14.56],[74.31,14.62],[74.55,14.81],[74.52,15.26],[75.05,15.39],[75.33,16.04],[75.5,16.29],[75.9,16.55],[75.91,16.68],[76.44,16.81],[76.53,16.94],[77.69,17.39],[77.76,17.39],[77.83,17.39],[77.91,17.39],[77.91,17.45],[79.43,17.77],[80.23,18.29],[80.26,18.54],[80.43,18.74],[80.5,18.74],[80.83,18.41],[81.65,18.41],[81.63,18.29],[81.91,18.16],[81.92,17.64],[81.91,17.58]]]}},{"type":"Feature","properties":{"NAME":"Moghulistan","C":5,"name":"Moghulistan","start_year":1492,"end_year":1511,"capital":"","type":"polity","region":"","event":"","source":"Cliopatria / Seshat Global History Databank (CC BY 4.0)","wikipedia":"Moghulistan","wikidata":"Q1191125","_a":189,"_c":[83.16,40.35],"_nz":"莫卧儿斯坦","_sz":""},"geometry":{"type":"Polygon","coordinates":[[[91.31,36.67],[91.36,36.8],[90.94,36.93],[91,37.13],[91.46,37.32],[91.53,37.51],[91.4,37.58],[91.45,37.71],[91.28,37.9],[90.94,38.03],[91.04,38.29],[90.88,38.48],[90.95,38.67],[92.49,39.19],[92.59,39.26],[92.69,39.71],[91.83,40.29],[91.01,40.42],[90.65,40.68],[90.7,40.81],[90.49,41.07],[90.46,41.72],[90.38,41.72],[90.46,41.91],[90.36,42.04],[90.58,42.89],[90,43.02],[90.03,43.08],[89.12,43.21],[89.15,43.28],[87.47,43.47],[87.5,43.54],[87.04,43.6],[87.07,43.67],[86.67,43.67],[86.7,43.73],[85.25,43.93],[85.28,43.99],[83.99,44.19],[84.02,44.25],[83.7,44.25],[83.73,44.32],[83.16,44.32],[83.19,44.39],[82.27,44.52],[81.9,44.78],[81.6,44.84],[81.28,45.24],[81.2,45.24],[81.23,45.3],[81.14,45.3],[80.93,45.17],[80.25,45.1],[79.92,44.91],[80.41,44.71],[80.3,44.45],[80.38,44.45],[80.36,43.99],[80.74,43.54],[80.68,43.41],[80.79,43.28],[80.63,43.08],[80.47,43.08],[80.47,42.89],[80.29,42.82],[80.14,42.04],[78.77,41.59],[77.31,40.61],[76.17,39.58],[75.3,39.06],[73.96,38.55],[73.79,38.74],[73.71,38.74],[73.62,37.64],[73.7,37.64],[73.65,37.45],[73.78,37.38],[73.69,37.06],[73.8,36.87],[75.23,37],[75.47,36.74],[75.9,36.61],[75.91,36.1],[76.15,35.84],[76.56,35.9],[76.52,35.77],[76.92,35.52],[77.98,35.45],[78.09,35.58],[78.33,35.58],[78.48,35.84],[78.65,35.9],[79.44,35.97],[79.74,35.64],[80.15,35.45],[80.22,35.45],[81.48,35.52],[81.67,35.39],[82.02,35.52],[82.35,35.84],[82.74,35.84],[82.81,35.58],[83.28,35.58],[83.88,35.77],[84.63,35.71],[85,35.9],[85.7,35.9],[85.89,35.77],[86.24,35.9],[86.52,36.29],[86.8,36.42],[87.24,36.35],[88.67,36.67],[89.71,36.55],[89.83,36.42],[90.26,36.55],[91.25,36.48],[91.39,36.67],[91.31,36.67]]]}},{"type":"Feature","properties":{"NAME":"Kingdom of Hungary","C":10,"name":"Kingdom of Hungary","start_year":1492,"end_year":1520,"capital":"","type":"polity","region":"","event":"","source":"Cliopatria / Seshat Global History Databank (CC BY 4.0)","wikipedia":"Kingdom of Hungary","wikidata":"Q171150","_a":69,"_c":[20.38,46.76],"_nz":"匈牙利王国","_sz":""},"geometry":{"type":"Polygon","coordinates":[[[20.7,49.25],[20.71,49.38],[21.8,49.38],[22.52,49.05],[22.78,49.12],[22.93,48.92],[23.67,48.79],[24.05,48.46],[24.38,48.39],[24.37,48.26],[24.69,48.13],[24.59,47.93],[24.91,47.8],[24.88,47.53],[25.03,47.4],[25.02,47.2],[25.67,47.14],[25.73,46.87],[25.97,46.81],[25.94,46.55],[26.48,46.15],[26.44,45.76],[26.1,45.63],[25.94,45.63],[25.85,45.5],[25.44,45.5],[25.35,45.37],[25.04,45.63],[23.48,45.5],[23.47,45.37],[23.14,45.24],[22.65,45.24],[22.53,44.71],[22.28,44.52],[21.95,44.52],[21.88,44.65],[21.41,44.84],[21.08,44.84],[20.83,44.71],[20.27,44.78],[19.92,44.45],[19.03,44.45],[18.72,44.71],[17.77,45.1],[16.54,45.04],[16.29,44.84],[16.29,44.58],[16.52,44.45],[16.52,44.32],[16.27,44.25],[16.26,43.93],[15.7,44.06],[15.55,44.25],[15.15,44.39],[15.15,44.45],[14.91,44.58],[14.92,44.97],[14.76,44.97],[14.76,45.1],[14.6,45.17],[14.6,45.37],[14.36,45.37],[14.28,45.37],[14.45,45.63],[15.34,45.5],[15.26,45.76],[15.68,45.96],[15.6,46.22],[16.02,46.35],[15.86,46.68],[16.03,46.81],[16.14,47.53],[16.3,47.53],[16.32,47.86],[16.49,47.99],[16.98,48.06],[16.91,48.32],[16.83,48.32],[16.93,48.65],[16.84,48.72],[17.43,48.79],[17.94,48.99],[18.38,49.45],[18.88,49.52],[19.13,49.45],[19.47,49.58],[19.87,49.18],[20.21,49.38],[20.55,49.38],[20.45,49.25],[20.54,49.25],[20.7,49.25]],[[20.37,49.25],[20.29,49.25],[20.28,49.18],[20.28,49.12],[20.36,49.12],[20.37,49.18],[20.45,49.18],[20.45,49.25],[20.37,49.25]]]}},{"type":"Feature","properties":{"NAME":"Kingdom of Kongo","C":10,"name":"Kingdom of Kongo","start_year":1492,"end_year":1661,"capital":"","type":"polity","region":"","event":"","source":"Cliopatria / Seshat Global History Databank (CC BY 4.0)","wikipedia":"Kingdom of Kongo","wikidata":"Q796583","_a":18,"_c":[14.41,-6.37],"_nz":"刚果王国","_sz":""},"geometry":{"type":"MultiPolygon","coordinates":[[[[15.94,-5.76],[16.16,-6.98],[15.95,-7.49],[15.37,-7.94],[14.71,-8.07],[14.64,-8.26],[14.13,-8.2],[13.25,-8.46],[12.74,-7.36],[12.74,-7.04],[12.22,-6.46],[12.22,-6.01],[12.66,-6.01],[12.88,-5.82],[13.1,-5.82],[13.17,-5.69],[13.61,-5.56],[13.82,-5.18],[14.62,-4.99],[14.7,-4.92],[14.62,-4.79],[14.91,-4.6],[14.91,-4.47],[15.42,-4.6],[15.64,-4.34],[16.08,-4.28],[16.23,-4.6],[16.37,-4.6],[16.37,-4.73],[16.52,-4.79],[16.59,-5.11],[16.01,-5.44],[16.01,-5.69],[15.94,-5.69],[15.94,-5.76]]],[[[14.55,-4.92],[14.55,-4.86],[14.62,-4.86],[14.62,-4.92],[14.55,-4.92]]],[[[14.99,-4.47],[14.99,-4.41],[15.06,-4.41],[15.06,-4.47],[14.99,-4.47]]]]}},{"type":"Feature","properties":{"NAME":"Berar Sultanate","C":7,"name":"Berar Sultanate","start_year":1492,"end_year":1518,"capital":"","type":"polity","region":"","event":"","source":"Cliopatria / Seshat Global History Databank (CC BY 4.0)","wikipedia":"Berar Sultanate","wikidata":"Q818666","_a":15,"_c":[78.19,20.28],"_nz":"贝拉尔苏丹国","_sz":""},"geometry":{"type":"Polygon","coordinates":[[[78.79,20.54],[78.88,20.66],[78.68,20.86],[78.7,21.05],[78.53,21.44],[78.18,21.69],[77.75,21.76],[76.69,21.63],[76.51,21.31],[75.96,21.05],[75.7,20.79],[75.7,20.73],[76.03,20.41],[76.18,20.41],[76.38,20.21],[76.37,20.09],[76.71,19.83],[76.86,19.25],[77.09,19.25],[77.25,19.38],[77.68,19.25],[79.25,19.38],[79.31,19.25],[79.81,19.12],[80,18.86],[80.36,18.8],[80.37,18.86],[80.69,19.7],[80.48,19.76],[80.31,19.64],[79.8,19.64],[79.51,19.76],[79.55,20.02],[78.74,20.09],[78.85,20.41],[78.78,20.47],[78.79,20.54]]]}},{"type":"Feature","properties":{"NAME":"Kingdom of Bohemia","C":3,"name":"Kingdom of Bohemia","start_year":1492,"end_year":1501,"capital":"","type":"polity","region":"","event":"","source":"Cliopatria / Seshat Global History Databank (CC BY 4.0)","wikipedia":"Kingdom of Bohemia","wikidata":"Q42585","_a":27,"_c":[15.68,50.46],"_nz":"波希米亚王国","_sz":""},"geometry":{"type":"MultiPolygon","coordinates":[[[[19.09,50.18],[19.09,50.11],[19.08,50.05],[19.17,50.05],[19.24,49.85],[18.88,49.52],[18.38,49.45],[17.94,48.99],[17.43,48.79],[16.84,48.72],[16.18,48.72],[15.69,48.92],[14.94,48.99],[14.85,48.72],[14.6,48.59],[14.1,48.65],[13.61,48.92],[13.52,48.92],[13.53,48.99],[13.44,48.99],[13.36,48.99],[13.03,49.25],[12.53,49.52],[12.53,49.65],[12.37,49.71],[12.37,49.98],[12.12,50.18],[12.12,50.25],[12.29,50.25],[12.38,50.38],[12.8,50.38],[13.05,50.58],[14.15,50.85],[14.33,50.98],[14.33,51.25],[14.34,51.31],[14.25,51.31],[14.25,51.38],[14.26,51.45],[14.26,51.51],[14.26,51.58],[14.26,51.71],[14.1,51.85],[13.76,51.85],[13.59,51.98],[13.51,51.98],[13.51,52.05],[13.42,52.05],[13.43,52.18],[13.94,52.32],[14.36,52.12],[14.62,52.12],[14.78,51.92],[14.87,52.05],[15.04,52.05],[15.13,52.25],[15.47,52.18],[15.65,52.32],[15.81,52.25],[15.81,52.12],[16.14,51.85],[16.13,51.71],[16.56,51.71],[16.72,51.58],[16.98,51.71],[17.32,51.71],[17.55,51.25],[17.97,51.25],[18.05,51.11],[18.71,50.85],[18.7,50.71],[19.03,50.58],[19.02,50.45],[19.19,50.38],[19.17,50.18],[19.09,50.18]],[[14.27,51.92],[14.19,52.12],[13.93,52.12],[13.93,52.05],[14.27,51.92]]],[[[13.58,51.65],[13.24,51.71],[13.25,51.85],[13.5,51.85],[13.59,51.85],[13.59,51.78],[13.67,51.78],[13.67,51.71],[13.67,51.65],[13.58,51.65]]]]}},{"type":"Feature","properties":{"NAME":"Khanate of Kazan","C":0,"name":"Khanate of Kazan","start_year":1492,"end_year":1501,"capital":"","type":"polity","region":"","event":"","source":"Cliopatria / Seshat Global History Databank (CC BY 4.0)","wikipedia":"Khanate of Kazan","wikidata":"Q186537","_a":49,"_c":[50.12,54.91],"_nz":"喀山汗国","_sz":""},"geometry":{"type":"MultiPolygon","coordinates":[[[[52.48,56.52],[52.46,56.46],[52.66,56.52],[52.67,56.32],[52.87,56.39],[52.8,56.18],[53.06,56.18],[53.1,56.05],[53.36,56.05],[53.4,55.91],[53.9,55.84],[53.87,55.77],[54.14,55.77],[54.11,55.7],[54.35,55.63],[54.3,55.5],[54.42,55.36],[54.21,55.02],[53.18,54.82],[52.98,54.75],[53.04,54.68],[53.02,54.61],[51.97,54.61],[51.62,54.34],[51.03,54.14],[50.32,54.07],[49.58,53.66],[49.07,53.12],[49.01,52.92],[48.58,52.65],[47.48,52.38],[47.13,52.05],[47.04,52.05],[47.03,52.32],[46.43,52.59],[46.46,52.72],[46.33,52.86],[46.54,52.99],[46.6,53.19],[46.38,53.33],[46.46,53.6],[46.07,53.73],[46.06,54],[45.91,54.07],[45.9,54.34],[45.81,54.34],[46.39,54.55],[46.35,54.68],[46.17,54.68],[46.21,55.09],[46.62,55.02],[47.08,55.36],[47.41,55.29],[47.62,55.43],[47.62,55.7],[47.4,55.84],[47.62,55.98],[47.6,56.18],[47.8,56.25],[47.69,56.46],[47.71,56.52],[47.83,56.87],[48.05,57.01],[48.19,57.42],[48.5,57.56],[48.53,57.63],[49,57.7],[49.04,57.56],[49.93,57.56],[50.81,57.77],[51.23,57.7],[51.2,57.63],[51.39,57.42],[51.34,57.28],[51.56,57.14],[51.57,56.94],[51.75,56.94],[51.85,56.73],[52.39,56.52],[52.48,56.52]]],[[[52.78,56.39],[52.7,56.39],[52.72,56.46],[52.81,56.46],[52.78,56.39]]]]}},{"type":"Feature","properties":{"NAME":"Bijapur Sultanate","C":10,"name":"Bijapur Sultanate","start_year":1492,"end_year":1511,"capital":"","type":"polity","region":"","event":"","source":"Cliopatria / Seshat Global History Databank (CC BY 4.0)","wikipedia":"Adil Shahi dynasty","wikidata":"Q83821","_a":21,"_c":[75.42,16.68],"_nz":"比贾布尔苏丹国","_sz":""},"geometry":{"type":"MultiPolygon","coordinates":[[[[77.69,17.45],[77.69,17.39],[76.53,16.94],[76.44,16.81],[75.91,16.68],[75.9,16.55],[75.5,16.29],[75.33,16.04],[75.05,15.39],[74.52,15.26],[74.55,14.81],[74.31,14.62],[74.24,14.62],[73.91,15.07],[73.93,15.26],[73.79,15.33],[73.75,15.65],[73.54,15.78],[73.42,16.04],[73.33,16.61],[73.25,16.61],[73.25,17.32],[73.01,17.84],[72.93,18.41],[72.93,18.48],[73.15,18.48],[73.17,18.61],[73.32,18.67],[74.22,18.74],[75.15,18.48],[75.63,18.16],[76.55,18.41],[77.11,18.16],[77.16,17.96],[77.3,17.9],[77.28,17.71],[77.7,17.51],[77.69,17.45]]],[[[77.91,17.39],[77.69,17.39],[77.71,17.58],[77.91,17.45],[77.91,17.39]]]]}},{"type":"Feature","properties":{"NAME":"Electorate of Saxony","C":1,"name":"Electorate of Saxony","start_year":1492,"end_year":1501,"capital":"","type":"polity","region":"","event":"","source":"Cliopatria / Seshat Global History Databank (CC BY 4.0)","wikipedia":"Electorate of Saxony","wikidata":"Q156199","_a":9,"_c":[12.14,51.11],"_nz":"萨克森选侯国","_sz":""},"geometry":{"type":"Polygon","coordinates":[[[10.61,51.05],[10.78,50.85],[10.53,50.65],[10.36,50.65],[10.36,50.85],[9.94,50.91],[10.02,51.18],[10.1,51.18],[10.61,51.38],[11.12,51.31],[11.2,51.31],[11.29,51.31],[11.12,51.38],[11.29,51.51],[11.21,51.51],[10.87,51.45],[10.87,51.65],[11.38,51.71],[11.46,51.58],[11.54,51.51],[11.37,51.31],[11.88,51.31],[12.05,51.38],[11.97,51.58],[12.31,51.58],[12.31,51.71],[12.4,51.71],[12.4,51.85],[12.23,51.92],[12.15,52.12],[12.4,52.18],[13.42,52.05],[13.51,52.05],[13.51,51.98],[13.59,51.98],[13.76,51.85],[14.1,51.85],[14.26,51.71],[14.26,51.58],[14.09,51.58],[13.91,51.38],[14.08,51.31],[14.08,51.18],[13.99,51.18],[14.16,51.11],[14.33,51.25],[14.33,50.98],[14.15,50.85],[13.05,50.58],[12.8,50.38],[12.38,50.38],[12.29,50.25],[12.12,50.25],[11.96,50.31],[11.96,50.58],[12.21,50.65],[12.21,50.78],[12.05,50.85],[11.96,50.71],[11.71,50.71],[11.54,50.51],[11.28,50.58],[11.2,50.51],[11.28,50.25],[11.11,50.25],[11.11,50.11],[10.69,50.05],[10.36,50.18],[10.36,50.51],[10.86,50.51],[11.03,50.71],[11.29,50.78],[11.12,51.05],[10.86,51.11],[10.78,51.11],[10.7,51.11],[10.7,51.18],[10.78,51.18],[10.87,51.18],[10.53,51.25],[10.36,51.11],[10.61,51.05]],[[12.64,51.38],[12.73,51.38],[12.73,51.31],[12.81,51.31],[12.9,51.31],[12.9,51.38],[12.9,51.45],[12.81,51.45],[12.73,51.45],[12.65,51.45],[12.64,51.38]],[[12.55,50.91],[12.55,50.78],[12.63,50.78],[12.63,50.65],[12.77,50.7],[12.72,50.71],[12.81,50.98],[12.72,50.98],[12.55,50.91]],[[12.89,50.65],[12.97,50.65],[13.05,50.65],[12.89,50.68],[12.89,50.65]],[[11.96,51.11],[11.96,51.05],[12.22,51.05],[12.22,51.31],[12.05,51.31],[11.88,51.11],[11.96,51.11]],[[13.5,51.92],[13.5,51.85],[13.59,51.92],[13.5,51.92]],[[13.25,51.85],[13.24,51.71],[13.58,51.65],[13.67,51.65],[13.67,51.78],[13.5,51.85],[13.25,51.85]]]}},{"type":"Feature","properties":{"NAME":"Ottoman Empire","C":6,"name":"Ottoman Empire","start_year":1492,"end_year":1501,"capital":"","type":"polity","region":"","event":"","source":"Cliopatria / Seshat Global History Databank (CC BY 4.0)","wikipedia":"Ottoman Empire","wikidata":"Q12560","_a":285,"_c":[28.71,41.75],"_nz":"奥斯曼帝国","_sz":""},"geometry":{"type":"MultiPolygon","coordinates":[[[[20.79,38.09],[20.32,38.16],[20.33,38.35],[20.49,38.42],[20.57,38.42],[20.8,38.29],[20.79,38.09]]],[[[23.49,38.8],[23.57,38.8],[23.56,38.74],[23.48,38.74],[23.49,38.8]]],[[[26.25,38.93],[26.09,39],[26.1,39.13],[25.79,39.19],[26.04,39.38],[26.12,39.38],[26.51,39.32],[26.64,39],[26.25,38.93]]],[[[20.07,39.58],[20.07,39.64],[20.15,39.64],[20.15,39.58],[20.07,39.58]]],[[[24.97,39.84],[25.07,40.03],[25.15,40.03],[25.46,40.03],[25.45,39.84],[24.97,39.84]]],[[[25.7,40.1],[25.72,40.29],[25.8,40.29],[26.04,40.29],[26.02,40.16],[25.7,40.1]]],[[[24.79,40.61],[24.55,40.55],[24.49,40.81],[24.57,40.81],[24.81,40.81],[24.79,40.61]]],[[[28.58,44.39],[28.54,43.99],[28.62,43.99],[28.48,43.47],[28.16,43.47],[28.23,43.34],[27.9,43.28],[27.8,43.15],[27.85,42.76],[27.51,42.63],[27.49,42.43],[27.94,42.04],[27.98,41.65],[28.22,41.65],[28.28,41.46],[28.51,41.33],[28.98,41.26],[28.96,41.13],[30.48,41.2],[30.62,41.07],[31.18,41.07],[31.53,41.39],[32.03,41.52],[32.04,41.65],[32.19,41.59],[32.69,41.78],[32.63,41.91],[34.78,41.91],[34.88,42.04],[35.12,42.04],[35.16,41.72],[35.95,41.72],[36.21,41.26],[36.77,41.33],[37.07,41.13],[37.23,41.2],[37.21,41.07],[37.44,41],[37.77,41.07],[37.83,40.94],[38.16,41],[38.3,40.87],[38.54,40.87],[39.21,41.13],[39.74,40.94],[40.38,41],[40.46,41],[40.5,40.74],[41.07,40.87],[40.93,40.48],[41.15,40.36],[40.73,40.23],[40.03,40.29],[39.93,40.16],[39.78,40.16],[39.65,39.84],[39.93,39.58],[39.91,39.45],[40.07,39.45],[40.18,39.13],[38.87,38.8],[38.85,38.61],[36.83,38.74],[36.48,38.48],[36.16,38.42],[36.05,38.16],[35.72,38.03],[35.62,37.84],[35.39,37.9],[35.06,37.71],[34.88,37.45],[34.56,37.45],[34.3,37.19],[33.75,37.13],[33.78,36.61],[33.61,36.48],[33.66,36.22],[33.58,36.22],[32.56,36.03],[32.5,36.22],[32.07,36.61],[31.39,36.87],[30.62,36.93],[30.49,36.35],[30.03,36.35],[29.94,36.22],[29.24,36.22],[29.12,36.74],[28.36,36.87],[28.19,36.67],[28.03,36.67],[28.14,37.06],[28.07,37.13],[27.6,37.13],[27.54,37.38],[27.22,37.32],[27.31,37.45],[27.16,37.58],[27.26,37.77],[27.18,37.77],[27.28,38.03],[26.89,38.09],[26.82,38.22],[26.43,38.22],[26.45,38.55],[26.37,38.55],[26.46,38.67],[26.59,38.35],[27.06,38.35],[27.08,38.55],[26.85,38.61],[26.96,39],[26.88,39],[26.89,39.19],[26.74,39.26],[26.85,39.58],[26.13,39.51],[26.17,39.97],[26.25,39.97],[26.27,40.29],[26.6,40.48],[26.68,40.48],[26.67,40.36],[27.47,40.42],[27.54,40.29],[27.7,40.29],[27.79,40.48],[27.95,40.48],[27.94,40.36],[29.05,40.36],[28.9,40.48],[28.91,40.61],[29.48,40.74],[29.49,40.87],[29.25,40.81],[29.1,40.94],[29.12,41.07],[28.63,41],[28.41,41.13],[28.17,41.13],[28.08,41],[27.53,41.07],[27.02,40.68],[26.92,40.48],[26.63,40.74],[26.14,40.61],[26.08,40.87],[25.38,41],[24.35,41],[24.01,40.74],[23.7,40.81],[23.68,40.61],[23.84,40.55],[23.74,40.23],[23.27,40.29],[22.88,40.48],[22.89,40.61],[22.65,40.61],[22.56,40.36],[22.54,40.1],[22.7,40.1],[22.61,39.9],[23.14,39.45],[22.82,39.38],[22.8,39.06],[22.96,39.13],[23.49,38.87],[23.33,38.8],[23.03,38.93],[22.94,38.74],[23.17,38.67],[23.31,38.48],[23.63,38.48],[23.56,38.74],[24.03,38.67],[24.18,38.55],[24.16,38.22],[24,38.22],[23.98,37.84],[23.44,38.03],[23.21,38.03],[23.2,37.9],[23.04,37.9],[23.11,37.64],[23.34,37.64],[23.41,37.51],[23.4,37.32],[23.17,37.32],[23.1,37.51],[22.71,37.58],[22.7,37.32],[22.85,37.25],[23.06,36.67],[22.83,36.87],[22.6,36.87],[22.51,36.67],[22.36,36.67],[22.22,37.06],[21.67,37],[21.61,37.38],[21.7,37.51],[21.24,37.84],[21.42,38.16],[21.73,38.16],[21.74,38.35],[21.19,38.42],[20.97,38.74],[20.74,38.8],[20.91,39.06],[20.3,39.38],[20.15,39.71],[19.92,39.71],[20.01,39.97],[19.63,40.29],[19.47,40.29],[19.49,40.61],[19.25,40.61],[19.25,40.74],[19.5,40.87],[19.43,41],[19.43,41.07],[19.67,41.07],[19.77,41.52],[19.45,41.59],[19.46,41.65],[19.54,41.65],[19.54,41.72],[19.54,41.78],[19.46,41.78],[19.47,41.85],[19.39,41.85],[19.39,41.91],[19.4,42.11],[19.16,42.17],[18.78,42.5],[18.71,42.82],[18.31,42.69],[18.08,43.02],[17.52,43.02],[17.52,43.08],[17.44,43.08],[17.44,43.15],[17.36,43.15],[17.37,43.21],[17.05,43.47],[17.06,43.54],[16.98,43.54],[16.82,43.73],[16.58,43.73],[16.26,43.93],[16.27,44.25],[16.52,44.32],[16.52,44.45],[16.29,44.58],[16.29,44.84],[16.54,45.04],[17.77,45.1],[18.72,44.71],[19.03,44.45],[19.92,44.45],[20.27,44.78],[20.83,44.71],[21.08,44.84],[21.41,44.84],[21.88,44.65],[21.95,44.52],[22.28,44.52],[22.53,44.71],[22.69,44.65],[22.52,44.52],[22.5,44.32],[22.89,44.12],[22.95,43.8],[23.6,43.86],[24.15,43.67],[24.88,43.73],[25.43,43.6],[25.85,43.73],[26.28,44.06],[27.49,44.06],[27.83,44.19],[27.94,44.52],[27.79,44.58],[27.8,44.71],[27.97,44.78],[28,45.04],[27.85,45.17],[27.86,45.3],[28.12,45.43],[28.15,45.69],[28.31,45.69],[28.33,45.89],[28.51,46.02],[28.44,46.15],[28.89,46.48],[29.57,46.74],[29.65,46.74],[30.02,46.41],[30.27,46.41],[30.42,46.28],[30.4,46.09],[29.86,45.69],[29.61,45.69],[29.58,45.43],[29.67,45.43],[29.53,44.91],[29.11,44.78],[29.03,44.84],[29.04,44.91],[28.8,44.97],[28.84,44.58],[28.58,44.39]]],[[[34.95,44.84],[34.38,44.78],[33.93,44.45],[33.52,44.45],[33.47,44.65],[33.55,44.65],[33.56,44.71],[34.03,44.65],[34.39,44.91],[34.56,44.91],[34.57,44.97],[35.4,45.1],[35.39,45.04],[34.95,44.84]]],[[[36.23,45.24],[36.25,45.37],[36.26,45.43],[36.42,45.43],[36.38,45.17],[36.23,45.24]]],[[[29.97,46.68],[29.97,46.61],[29.88,46.61],[29.89,46.68],[29.97,46.68]]],[[[39.39,47.47],[39.53,47.33],[39.48,47.07],[39.22,47.01],[39.23,47.07],[39.24,47.14],[39.26,47.2],[39.27,47.27],[39.13,47.4],[39.3,47.47],[39.39,47.47]]]]}},{"type":"Feature","properties":{"NAME":"Republic of Venice","C":9,"name":"Republic of Venice","start_year":1492,"end_year":1501,"capital":"","type":"polity","region":"","event":"","source":"Cliopatria / Seshat Global History Databank (CC BY 4.0)","wikipedia":"Republic of Venice","wikidata":"Q4948","_a":306,"_c":[21.93,40.61],"_nz":"威尼斯共和国","_sz":""},"geometry":{"type":"MultiPolygon","coordinates":[[[[19.45,41.59],[19.77,41.52],[19.67,41.07],[19.43,41.07],[19.43,41.13],[19.51,41.13],[19.45,41.46],[19.53,41.52],[19.45,41.52],[19.45,41.59]]],[[[18.78,42.5],[19.16,42.17],[19.4,42.11],[19.39,41.91],[19.31,41.91],[18.85,42.37],[18.69,42.37],[18.7,42.43],[18.3,42.63],[18.31,42.69],[18.71,42.82],[18.78,42.5]]],[[[17.59,42.76],[17.51,42.76],[17.51,42.82],[17.59,42.82],[17.59,42.76]]],[[[17.36,43.08],[17.52,43.08],[17.52,42.95],[17.36,43.02],[17.36,43.08]]],[[[17.05,43.47],[17.37,43.21],[17.29,43.21],[17.12,43.15],[17.05,43.41],[16.73,43.34],[16.73,43.54],[16.58,43.6],[15.93,43.47],[16.01,43.6],[15.94,43.73],[15.7,43.8],[15.62,43.93],[15.37,43.86],[15.46,43.99],[15.22,44.06],[15.14,44.32],[15.15,44.39],[15.55,44.25],[15.7,44.06],[16.26,43.93],[16.58,43.73],[16.82,43.73],[16.98,43.54],[17.06,43.54],[17.05,43.47]]],[[[15.07,44.39],[15.07,44.45],[15.15,44.45],[15.15,44.39],[15.07,44.39]]],[[[14.99,44.45],[14.99,44.52],[15.07,44.52],[15.07,44.45],[14.99,44.45]]],[[[14.26,44.58],[14.27,44.97],[14.35,44.97],[14.51,44.91],[14.5,44.52],[14.26,44.58]]],[[[14.52,45.17],[14.68,45.17],[14.76,45.04],[14.52,45.1],[14.52,45.17]]],[[[13.95,45.04],[13.94,44.91],[13.78,44.91],[13.71,45.24],[13.54,45.3],[13.55,45.5],[13.63,45.5],[13.71,45.5],[14.12,45.5],[13.79,45.24],[14.03,45.04],[13.95,45.04]]],[[[12.16,45.17],[12.4,45.04],[12.4,44.78],[12.24,44.78],[12.24,44.84],[12.24,44.97],[11.83,44.97],[11.75,44.84],[11.67,44.84],[11.67,44.91],[11.59,44.91],[10.7,45.3],[10.62,45.43],[10.45,45.37],[10.45,45.17],[9.88,45.3],[9.72,45.56],[9.47,45.56],[9.31,45.69],[9.31,45.89],[9.39,46.02],[9.63,46.09],[10.12,46.02],[10.37,46.35],[10.53,46.28],[10.53,46.22],[10.53,46.15],[10.53,46.09],[10.45,46.09],[10.45,46.02],[10.45,45.96],[10.45,45.89],[10.7,45.69],[11.02,45.76],[11.35,46.09],[11.68,46.09],[11.84,46.22],[11.84,46.48],[12.09,46.68],[13.56,46.48],[13.4,46.35],[13.48,46.15],[13.31,46.09],[13.31,45.82],[13.23,45.82],[13.14,45.82],[13.14,45.76],[13.14,45.69],[13.06,45.69],[13.06,45.63],[12.82,45.69],[12.65,45.56],[12.16,45.5],[12.16,45.17]]],[[[34.09,35],[33.7,34.94],[33.52,34.74],[33.13,34.68],[33.04,34.55],[32.37,34.74],[32.23,34.94],[32.25,35.13],[32.55,35.13],[32.88,35.26],[32.89,35.39],[33.74,35.39],[34.31,35.71],[34.39,35.71],[34.54,35.71],[34.53,35.58],[33.96,35.26],[34.09,35]]],[[[24.15,35.39],[24.3,35.32],[25.69,35.32],[25.68,35.13],[26.23,35.19],[26.14,35.07],[24.82,35],[24.76,35.19],[24.53,35.19],[24.45,35.19],[23.68,35.26],[23.62,35.52],[24.16,35.52],[24.15,35.39]]],[[[22.87,36.16],[22.89,36.42],[22.96,36.42],[23.12,36.35],[23.11,36.16],[22.87,36.16]]],[[[21.9,36.93],[21.74,36.87],[21.75,37],[21.91,37],[21.9,36.93]]],[[[25.34,37.13],[25.42,37.13],[25.57,37.13],[25.56,37],[25.33,37],[25.34,37.13]]],[[[24.2,37.64],[24.28,37.71],[24.36,37.71],[24.43,37.58],[24.27,37.51],[24.2,37.64]]],[[[24.99,37.71],[25.06,37.71],[25.22,37.71],[25.29,37.51],[25.05,37.51],[24.99,37.71]]],[[[20.62,37.9],[20.7,37.9],[20.93,37.9],[20.92,37.64],[20.61,37.71],[20.62,37.9]]],[[[24.68,37.84],[24.69,38.03],[24.77,38.03],[25.07,37.77],[24.83,37.71],[24.68,37.84]]],[[[24.36,39],[24.44,39],[24.67,38.93],[24.66,38.74],[24.36,38.87],[24.36,39]]],[[[19.92,39.77],[19.92,39.71],[19.91,39.58],[19.76,39.64],[19.76,39.77],[19.92,39.77]]]]}},{"type":"Feature","properties":{"NAME":"Eastern Chagatai Khanate","C":6,"name":"Eastern Chagatai Khanate","start_year":1492,"end_year":1501,"capital":"","type":"polity","region":"","event":"","source":"Cliopatria / Seshat Global History Databank (CC BY 4.0)","wikipedia":"Moghulistan","wikidata":"Q1191125","_a":78,"_c":[76.27,42.55],"_nz":"东察合台汗国","_sz":""},"geometry":{"type":"Polygon","coordinates":[[[73.73,38.8],[73.79,39],[73.65,39.06],[73.69,39.19],[73.61,39.19],[73.67,39.38],[73.69,39.45],[73.93,39.71],[73.85,39.71],[73.95,40.03],[73.82,40.1],[73.86,40.23],[73.63,40.48],[73.47,40.48],[73.37,40.68],[73.21,40.68],[73.18,40.81],[72.94,40.81],[72.98,40.94],[72.85,41],[72.77,41],[72.1,41.39],[71.72,41.46],[71.77,41.59],[71.39,41.65],[71.59,41.78],[73.1,41.98],[73.67,42.24],[73.9,42.24],[73.95,42.37],[74.27,42.37],[74.4,42.5],[75.29,42.76],[76.33,43.6],[76.61,44.12],[76.5,44.25],[76.55,44.39],[76.47,44.39],[76.52,44.52],[76.44,44.52],[76.49,44.65],[76.41,44.65],[76.43,44.91],[76.1,45.3],[76.15,45.43],[75.71,45.96],[75.54,45.96],[75.23,46.41],[75.32,46.41],[75.53,46.55],[75.51,46.48],[77.39,46.48],[77.36,46.41],[77.83,46.35],[77.8,46.28],[78.97,46.35],[79,46.41],[79.47,46.35],[79.44,46.28],[79.87,46.15],[79.9,46.02],[80.79,45.63],[80.82,45.5],[80.98,45.5],[81.14,45.3],[80.93,45.17],[80.25,45.1],[79.92,44.91],[80.41,44.71],[80.3,44.45],[80.38,44.45],[80.36,43.99],[80.74,43.54],[80.68,43.41],[80.79,43.28],[80.63,43.08],[80.47,43.08],[80.47,42.89],[80.29,42.82],[80.14,42.04],[78.77,41.59],[77.31,40.61],[76.17,39.58],[75.3,39.06],[73.96,38.55],[73.79,38.74],[73.81,38.8],[73.73,38.8]]]}},{"type":"Feature","properties":{"NAME":"Bidar Sultanate","C":9,"name":"Bidar Sultanate","start_year":1492,"end_year":1518,"capital":"","type":"polity","region":"","event":"","source":"Cliopatria / Seshat Global History Databank (CC BY 4.0)","wikipedia":"Bidar Sultanate","wikidata":"Q669317","_a":8,"_c":[78.34,18.42],"_nz":"比达尔苏丹国","_sz":""},"geometry":{"type":"Polygon","coordinates":[[[80.36,18.8],[80,18.86],[79.81,19.12],[79.31,19.25],[79.25,19.38],[77.68,19.25],[77.25,19.38],[77.09,19.25],[76.86,19.25],[76.43,19.38],[76.26,19.19],[76.24,18.99],[76.5,18.67],[76.55,18.41],[77.11,18.16],[77.16,17.96],[77.3,17.9],[77.28,17.71],[77.7,17.51],[77.71,17.58],[77.78,17.58],[77.77,17.51],[77.85,17.51],[77.92,17.51],[77.91,17.45],[79.43,17.77],[80.23,18.29],[80.26,18.54],[80.43,18.74],[80.44,18.8],[80.36,18.8]]]}},{"type":"Feature","properties":{"NAME":"Electorate of Brandenburg","C":11,"name":"Electorate of Brandenburg","start_year":1492,"end_year":1528,"capital":"","type":"polity","region":"","event":"","source":"Cliopatria / Seshat Global History Databank (CC BY 4.0)","wikipedia":"Margraviate of Brandenburg","wikidata":"Q148499","_a":12,"_c":[13.76,53],"_nz":"勃兰登堡选侯国","_sz":""},"geometry":{"type":"MultiPolygon","coordinates":[[[[13.93,52.12],[14.19,52.12],[14.27,51.92],[13.93,52.05],[13.93,52.12]]],[[[15.49,52.65],[15.65,52.32],[15.47,52.18],[15.13,52.25],[15.04,52.05],[14.87,52.05],[14.78,51.92],[14.62,52.12],[14.36,52.12],[13.94,52.32],[13.43,52.18],[13.42,52.05],[12.4,52.18],[12.41,52.32],[12.58,52.45],[12.33,52.65],[12.33,52.79],[11.9,52.59],[11.13,52.52],[11.04,52.86],[11.22,53.06],[11.39,53.06],[11.39,53.19],[11.22,53.19],[11.13,53.33],[11.31,53.46],[11.56,53.39],[11.74,53.6],[11.91,53.6],[12.17,53.39],[13.2,53.33],[13.55,53.66],[13.9,53.73],[14.32,53.39],[14.23,53.26],[14.48,53.06],[14.65,53.06],[14.82,53.19],[15.26,53.26],[15.44,53.53],[15.78,53.46],[15.7,53.66],[15.79,53.73],[16.05,53.66],[15.98,54.07],[16.41,54],[16.31,53.8],[16.4,53.8],[16.48,53.6],[16.3,53.53],[16.29,53.39],[16.12,53.33],[16.11,53.12],[16.02,53.12],[16.1,52.86],[15.57,52.65],[15.49,52.65]]]]}},{"type":"Feature","properties":{"NAME":"Lodi Dynasty","C":4,"name":"Lodi Dynasty","start_year":1497,"end_year":1518,"capital":"","type":"polity","region":"","event":"","source":"Cliopatria / Seshat Global History Databank (CC BY 4.0)","wikipedia":"Lodi dynasty","wikidata":"Q11709","_a":95,"_c":[78.75,28.61],"_nz":"洛迪王朝","_sz":""},"geometry":{"type":"Polygon","coordinates":[[[78.45,31.59],[78.04,31.79],[77.3,31.91],[77.04,32.11],[76.52,32.17],[76.4,32.3],[75.33,32.3],[75.21,32.43],[74.98,32.43],[74.97,32.36],[74.42,31.98],[74.27,31.98],[72.92,30.31],[72.58,29.73],[72.51,29.34],[72.86,28.83],[73.02,28.83],[73.13,28.64],[73.83,28.32],[73.95,28.12],[74.31,28.06],[75.29,27.61],[75.68,27.29],[76.11,27.16],[76.64,26.71],[77.07,26.58],[77.19,26.39],[78.17,26],[78.35,25.68],[78.57,25.68],[78.96,25.29],[79.48,25.29],[79.47,25.16],[79.75,25.1],[82.34,24.91],[82.7,24.78],[83.59,24.78],[84.61,25.04],[84.68,25.04],[84.88,25.36],[84.99,26.39],[84.91,26.39],[84.59,26.64],[84.36,26.64],[84.38,26.77],[83.95,26.84],[82.71,27.48],[81.62,27.67],[81.5,27.8],[80.99,27.93],[80.44,27.8],[80.05,28.12],[79.76,28.19],[79.71,28.32],[79.49,28.32],[78.93,28.57],[78.88,28.7],[78.59,28.77],[78.54,28.89],[77.85,29.22],[77.23,29.86],[77.31,30.24],[77.52,30.5],[77.5,30.76],[77.72,31.08],[78.22,31.27],[78.43,31.53],[78.45,31.59]]]}},{"type":"Feature","properties":{"NAME":"Swiss Confederation","C":2,"name":"Swiss Confederation","start_year":1497,"end_year":1501,"capital":"","type":"polity","region":"","event":"","source":"Cliopatria / Seshat Global History Databank (CC BY 4.0)","wikipedia":"Switzerland","wikidata":"Q39","_a":5,"_c":[8.15,46.81],"_nz":"瑞士邦联","_sz":""},"geometry":{"type":"MultiPolygon","coordinates":[[[[9.14,46.28],[8.9,46.22],[8.65,46.48],[8.4,46.48],[8.4,46.55],[8.4,46.61],[8.4,46.68],[8.32,46.68],[8.32,46.61],[8.24,46.61],[8.15,46.61],[7.5,46.41],[7.59,46.02],[7.43,45.89],[7.1,45.89],[6.94,45.96],[6.93,46.15],[7.02,46.15],[7.26,46.35],[7.17,46.41],[7.09,46.55],[6.68,46.61],[6.75,46.81],[7.08,46.94],[6.83,47.14],[6.83,47.2],[7.15,47.27],[7.23,47.47],[7.56,47.4],[7.56,47.47],[7.73,47.33],[8.06,47.33],[8.14,47.53],[8.05,47.6],[8.22,47.66],[8.47,47.6],[8.55,47.73],[8.88,47.73],[8.96,47.73],[9.04,47.73],[9.54,47.6],[9.62,47.4],[9.62,47.33],[9.54,47.33],[9.54,47.27],[9.21,47.27],[9.38,46.94],[8.97,47.01],[8.72,46.94],[8.73,46.81],[8.64,46.81],[8.73,46.61],[9.06,46.61],[9.14,46.28]]],[[[6.67,46.81],[6.67,46.87],[6.75,46.87],[6.75,46.81],[6.67,46.81]]],[[[7.56,47.47],[7.48,47.47],[7.4,47.47],[7.4,47.53],[7.48,47.53],[7.48,47.6],[7.56,47.6],[7.56,47.53],[7.56,47.47]]]]}},{"type":"Feature","properties":{"NAME":"Sultanate of Brunei","C":5,"name":"Sultanate of Brunei","start_year":1497,"end_year":1501,"capital":"","type":"polity","region":"","event":"","source":"Cliopatria / Seshat Global History Databank (CC BY 4.0)","wikipedia":"Bruneian Sultanate (1368-1888)","wikidata":"Q887803","_a":164,"_c":[115.15,7.9],"_nz":"文莱苏丹国","_sz":""},"geometry":{"type":"MultiPolygon","coordinates":[[[[116.56,6.2],[116.33,6.01],[115.99,5.36],[115.84,5.3],[115.83,5.11],[115.6,4.91],[115.59,4.79],[115.15,4.66],[115.08,4.79],[115,4.59],[114.78,4.59],[114.77,4.46],[114.63,4.53],[114.26,4.4],[114.11,4.27],[114.02,3.95],[113.49,3.56],[113.4,3.18],[113.09,2.92],[112.65,2.73],[111.62,2.54],[111.6,2.09],[111.38,1.96],[111.49,1.12],[110.91,1.12],[110.33,1.38],[110.04,1.38],[109.83,1.57],[109.61,1.51],[109.62,1.64],[109.4,1.7],[109.11,1.64],[109.34,2.02],[109.63,2.02],[109.63,1.89],[109.98,1.7],[110.28,1.83],[110.49,1.57],[110.92,1.51],[111.01,2.02],[111.16,2.15],[111.1,2.41],[111.25,2.41],[111.26,2.73],[111.71,2.92],[112.81,3.11],[113.11,3.37],[113.2,3.69],[113.66,4.01],[113.83,4.53],[114.28,4.66],[114.74,5.04],[115.31,4.98],[115.47,5.11],[115.26,5.3],[115.35,5.49],[115.5,5.62],[115.79,5.62],[116.05,6.2],[116.35,6.39],[116.52,6.65],[116.62,6.97],[116.84,7.04],[116.82,6.78],[116.89,6.78],[116.9,6.91],[117.2,7.04],[117.39,6.59],[116.56,6.26],[116.56,6.2]]],[[[117.23,7.36],[117.21,7.16],[116.99,7.1],[117.01,7.29],[117.01,7.36],[117.23,7.36]]],[[[120.95,14.49],[120.97,14.62],[121.12,14.69],[121.18,14.56],[121.1,14.56],[121.09,14.49],[120.95,14.49]]]]}},{"type":"Feature","properties":{"NAME":"Inca Empire","C":9,"name":"Inca Empire","start_year":1497,"end_year":1533,"capital":"","type":"polity","region":"","event":"","source":"Cliopatria / Seshat Global History Databank (CC BY 4.0)","wikipedia":"Inca Empire","wikidata":"Q28573","_a":694,"_c":[-72,-17.33],"_nz":"印加帝国","_sz":""},"geometry":{"type":"MultiPolygon","coordinates":[[[[-77.96,0.03],[-77.74,-0.04],[-77.82,-0.29],[-77.6,-0.55],[-77.68,-0.81],[-77.53,-0.81],[-77.62,-2.09],[-77.55,-2.16],[-77.63,-2.16],[-77.64,-2.74],[-77.71,-2.74],[-77.64,-2.93],[-77.79,-2.93],[-77.8,-3.25],[-77.87,-3.25],[-77.89,-4.09],[-77.82,-4.09],[-77.85,-4.92],[-77.72,-5.24],[-77.81,-5.69],[-77.61,-6.08],[-77.69,-6.27],[-76.97,-7.88],[-76.62,-8.2],[-76.56,-8.39],[-76.34,-8.39],[-76.24,-9.1],[-76.05,-9.49],[-75.91,-9.55],[-75.92,-9.74],[-75.53,-10.39],[-75.48,-10.71],[-75.33,-10.71],[-75.42,-10.84],[-75.17,-11.35],[-74.66,-11.48],[-74.46,-11.67],[-74.47,-11.8],[-74.06,-12.12],[-74.07,-12.25],[-73.45,-12.7],[-72.51,-12.83],[-72.16,-13.02],[-71.94,-13.02],[-71.88,-13.15],[-71.66,-13.09],[-71.64,-12.96],[-71.5,-13.02],[-71.49,-12.89],[-71.26,-12.76],[-70.67,-12.76],[-70.39,-12.89],[-69.38,-13.02],[-69.24,-13.15],[-69.02,-13.09],[-69.03,-13.21],[-68.74,-13.28],[-68.37,-13.28],[-68.09,-13.41],[-67.96,-13.6],[-67.82,-13.6],[-67.69,-13.79],[-66.76,-14.11],[-66.43,-14.44],[-66,-14.56],[-65.67,-14.89],[-64.87,-15.01],[-64.32,-15.34],[-63.8,-15.34],[-63.75,-15.53],[-63.12,-15.85],[-62.53,-16.49],[-62.58,-17.59],[-62.98,-18.49],[-63,-19.26],[-62.93,-19.26],[-63.13,-20.22],[-63.2,-20.22],[-63.18,-20.61],[-63.32,-20.61],[-63.43,-20.86],[-63.4,-21.19],[-63.55,-21.19],[-63.66,-21.44],[-63.81,-22.02],[-63.74,-22.09],[-63.92,-22.28],[-64.08,-22.86],[-64.84,-23.5],[-65.06,-23.95],[-65.07,-24.47],[-65.14,-24.47],[-65.27,-25.24],[-65.44,-25.37],[-65.68,-25.88],[-65.68,-26.27],[-65.76,-26.27],[-66.26,-28.39],[-66.34,-28.39],[-66.35,-28.77],[-66.53,-28.9],[-66.66,-29.48],[-66.74,-29.48],[-67.12,-31.02],[-67.31,-31.15],[-67.74,-31.92],[-67.74,-32.18],[-68.47,-33.66],[-68.64,-33.72],[-68.91,-34.11],[-70.42,-35.2],[-70.6,-35.52],[-70.81,-35.46],[-70.93,-35.59],[-71.72,-35.65],[-71.84,-35.52],[-72.41,-35.39],[-72.67,-35.46],[-72.42,-35.2],[-72.1,-33.98],[-71.91,-33.85],[-71.81,-33.53],[-71.92,-33.4],[-71.63,-32.69],[-71.71,-32.69],[-71.61,-32.37],[-71.76,-32.11],[-71.71,-31.66],[-71.83,-31.54],[-71.77,-31.34],[-71.85,-31.34],[-71.86,-30.83],[-71.94,-30.83],[-71.8,-30.32],[-71.63,-30.25],[-71.42,-29.74],[-71.5,-29.74],[-71.49,-29.42],[-71.73,-29.16],[-71.65,-28.84],[-71.32,-28.39],[-71.26,-27.81],[-71.18,-27.81],[-70.78,-26.27],[-70.89,-26.07],[-70.88,-25.62],[-70.62,-25.43],[-70.57,-25.17],[-70.74,-24.85],[-70.62,-23.76],[-70.53,-23.63],[-70.81,-23.5],[-70.75,-23.18],[-70.51,-23.05],[-70.4,-22.79],[-70.18,-21.38],[-70.26,-21.38],[-70.22,-21.12],[-70.3,-21.12],[-70.3,-20.61],[-70.37,-20.61],[-70.26,-19.84],[-70.34,-19.84],[-70.3,-19.58],[-70.38,-19.58],[-70.43,-18.94],[-70.51,-18.94],[-70.44,-18.42],[-70.59,-18.42],[-70.98,-18.04],[-71.33,-17.91],[-71.5,-17.52],[-71.64,-17.46],[-71.62,-17.33],[-72.05,-17.2],[-72.44,-16.81],[-73.01,-16.69],[-73.21,-16.49],[-73.99,-16.24],[-74.31,-15.91],[-74.74,-15.79],[-74.8,-15.66],[-75.22,-15.53],[-75.47,-15.14],[-76.08,-14.69],[-76.19,-14.37],[-76.46,-14.18],[-76.42,-13.79],[-76.35,-13.79],[-76.38,-13.41],[-76.64,-13.09],[-76.75,-12.7],[-76.89,-12.64],[-76.94,-12.38],[-77.28,-12.12],[-77.32,-11.67],[-77.8,-11.35],[-77.77,-11.03],[-78.36,-10.06],[-78.34,-9.87],[-78.86,-8.97],[-78.98,-8.46],[-79.59,-7.75],[-79.71,-7.3],[-79.85,-7.24],[-79.98,-6.91],[-80.75,-6.34],[-81.33,-6.14],[-81.32,-5.89],[-81.02,-5.82],[-81.01,-5.63],[-81.29,-5.31],[-81.28,-4.92],[-81.42,-4.86],[-81.47,-4.41],[-81.17,-3.96],[-80.95,-3.83],[-80.94,-3.7],[-80.05,-3.12],[-80.04,-2.86],[-80.19,-2.86],[-80.19,-3.06],[-80.41,-3.06],[-80.33,-2.67],[-80.55,-2.67],[-81.12,-2.29],[-81.12,-2.16],[-80.9,-2.09],[-80.96,-1.39],[-80.89,-1.32],[-81.03,-1.19],[-81.03,-0.94],[-80.66,-0.81],[-80.58,-0.23],[-80.29,-0.04],[-80.3,0.09],[-80.16,0.22],[-80.23,0.86],[-79.72,0.99],[-79.65,0.8],[-79.06,0.54],[-78.77,0.29],[-78.19,0.22],[-77.98,0.09],[-77.96,0.03]]],[[[-75.27,-10.84],[-75.34,-10.84],[-75.34,-10.77],[-75.27,-10.77],[-75.27,-10.84]]]]}},{"type":"Feature","properties":{"NAME":"Wattasid dynasty","C":11,"name":"Wattasid dynasty","start_year":1497,"end_year":1501,"capital":"","type":"polity","region":"","event":"","source":"Cliopatria / Seshat Global History Databank (CC BY 4.0)","wikipedia":"Wattasid dynasty","wikidata":"Q970799","_a":77,"_c":[-6.6,31.76],"_nz":"瓦塔斯王朝","_sz":""},"geometry":{"type":"Polygon","coordinates":[[[-2.66,35.07],[-2.2,35.07],[-2.12,35.07],[-2.11,34.94],[-1.72,34.68],[-1.58,33.46],[-1.58,33.39],[-1.88,33.33],[-2.54,32.75],[-2.84,32.62],[-2.83,32.49],[-3.2,32.24],[-3.19,32.04],[-3.35,32.11],[-3.42,31.91],[-3.64,31.79],[-3.56,31.66],[-3.78,31.59],[-3.77,31.34],[-3.92,31.4],[-4.21,31.14],[-4.21,31.01],[-4.65,30.69],[-4.57,30.56],[-4.87,30.5],[-5.44,29.92],[-5.59,29.92],[-5.88,29.67],[-5.88,29.54],[-6.18,29.54],[-7.2,28.77],[-7.35,28.77],[-7.56,28.51],[-8.01,28.38],[-8.66,27.93],[-10.47,27.93],[-11.62,28.25],[-10.98,28.83],[-10.47,29.09],[-10.33,29.34],[-10.04,29.54],[-10.05,29.67],[-9.83,29.79],[-9.63,30.18],[-9.65,30.5],[-9.88,30.56],[-9.86,31.34],[-9.78,31.34],[-9.73,31.72],[-9.38,32.04],[-9.38,32.11],[-8.86,32.24],[-8.8,32.56],[-8.96,32.69],[-8.97,32.75],[-9.05,32.88],[-8.55,33.33],[-7.13,33.84],[-7.06,33.97],[-6.9,33.91],[-6.61,34.16],[-6.7,34.29],[-6.47,34.36],[-6.48,34.49],[-6.33,34.55],[-6.28,34.87],[-6.2,34.87],[-6.29,35.07],[-6.13,35],[-6.15,35.19],[-6,35.32],[-6,35.39],[-5.85,35.32],[-5.71,35.58],[-5.24,35.58],[-5.24,35.52],[-4.75,35.19],[-2.83,35.26],[-2.82,35.13],[-2.67,35.13],[-2.66,35.07]]]}},{"type":"Feature","properties":{"NAME":"Kingdom of Portugal","C":10,"name":"Kingdom of Portugal","start_year":1497,"end_year":1506,"capital":"","type":"polity","region":"","event":"","source":"Cliopatria / Seshat Global History Databank (CC BY 4.0)","wikipedia":"Kingdom of Portugal","wikidata":"Q45670","_a":1589,"_c":[-9.98,21.07],"_nz":"葡萄牙王国","_sz":""},"geometry":{"type":"MultiPolygon","coordinates":[[[[-24.29,14.75],[-24.36,14.75],[-24.45,15.07],[-24.23,15.07],[-24.29,14.75]]],[[[-23.42,15.14],[-23.41,14.88],[-23.78,14.94],[-23.79,15.01],[-23.73,15.33],[-23.58,15.33],[-23.42,15.14]]],[[[-22.99,15.2],[-23.13,15.07],[-23.2,15.07],[-23.28,15.26],[-23.06,15.33],[-22.99,15.2]]],[[[-24.37,16.61],[-24.38,16.68],[-24.08,16.68],[-24.08,16.55],[-24.37,16.49],[-24.37,16.61]]],[[[-22.84,16.87],[-22.83,16.81],[-22.83,16.68],[-22.98,16.68],[-22.98,16.81],[-22.84,16.87]]],[[[-24.97,16.74],[-25.05,16.94],[-25.27,16.87],[-25.35,17.06],[-25.29,17.19],[-24.99,17.26],[-24.91,17],[-24.98,17],[-24.83,16.94],[-24.82,16.74],[-24.97,16.74]]],[[[-25.9,37.96],[-25.11,37.9],[-25.09,37.77],[-25.16,37.77],[-25.7,37.71],[-25.87,37.77],[-25.9,37.96]]],[[[-28.81,38.48],[-28.85,38.67],[-28.27,38.55],[-28.19,38.55],[-28.08,38.35],[-28.39,38.35],[-28.81,38.48]]],[[[-27.88,38.55],[-28.04,38.55],[-28.15,38.74],[-27.89,38.61],[-27.88,38.55]]],[[[-27.03,38.61],[-27.11,38.61],[-27.19,38.61],[-27.36,38.67],[-27.39,38.87],[-27.08,38.87],[-27.03,38.61]]],[[[6.38,0.03],[6.3,0.29],[6.3,0.35],[6.67,0.41],[6.66,0.16],[6.38,0.03]]],[[[7.27,1.7],[7.34,1.7],[7.34,1.51],[7.19,1.51],[7.27,1.7]]],[[[8.31,3.44],[8.46,3.5],[8.54,3.76],[8.83,3.82],[8.9,3.63],[8.9,3.56],[8.68,3.18],[8.31,3.24],[8.31,3.44]]],[[[-2.31,4.85],[-2.45,4.85],[-2.45,4.91],[-2.6,4.91],[-2.52,5.11],[-2.3,5.11],[-2.31,4.85]]],[[[-1.5,5.3],[-1.43,5.3],[-1.28,5.04],[-1.65,4.98],[-1.65,5.24],[-1.5,5.3]]],[[[-22.88,16.23],[-22.58,16.16],[-22.58,16.1],[-22.65,15.97],[-22.94,15.97],[-22.88,16.23]]],[[[-9.38,32.11],[-9.39,32.17],[-9.31,32.17],[-9.33,32.49],[-9.2,32.75],[-8.97,32.75],[-8.96,32.69],[-8.8,32.56],[-8.86,32.24],[-9.38,32.11]]],[[[-17.07,32.62],[-17.17,32.88],[-17.09,32.88],[-17.02,32.88],[-16.79,32.88],[-16.69,32.69],[-17.07,32.62]]],[[[-5.25,35.64],[-5.24,35.58],[-5.71,35.58],[-5.85,35.32],[-6,35.39],[-6.01,35.45],[-5.88,35.77],[-5.42,35.84],[-5.34,35.84],[-5.33,35.77],[-5.33,35.71],[-5.33,35.64],[-5.25,35.64]]],[[[-7.01,40.23],[-7,40.1],[-6.84,40.03],[-6.9,39.77],[-7.44,39.64],[-7.42,39.45],[-7.26,39.38],[-6.99,39],[-7.12,38.74],[-7.27,38.67],[-7.24,38.35],[-7,38.22],[-6.99,38.09],[-7.14,38.09],[-7.28,37.84],[-7.5,37.71],[-7.39,37.25],[-7.47,37.25],[-7.45,37.13],[-7.68,37],[-8.7,37.13],[-9,37],[-8.9,37.58],[-8.82,37.58],[-8.82,38.48],[-9.21,38.42],[-9.23,38.67],[-9.38,38.61],[-9.55,38.74],[-9.57,38.93],[-9.43,39.06],[-9.39,39.45],[-9.16,39.51],[-9.1,39.77],[-9.03,39.77],[-8.93,40.36],[-8.85,40.36],[-8.87,40.61],[-8.73,40.74],[-8.92,41.85],[-8.93,41.91],[-8.47,42.11],[-8.15,42.11],[-8.14,41.98],[-8.22,41.98],[-8.12,41.78],[-6.7,41.98],[-6.35,41.65],[-6.27,41.65],[-6.25,41.46],[-6.93,41],[-6.87,40.36],[-7.01,40.23]]]]}},{"type":"Feature","properties":{"NAME":"Habsburg Monarchy","C":1,"name":"Habsburg Monarchy","start_year":1497,"end_year":1506,"capital":"","type":"polity","region":"","event":"","source":"Cliopatria / Seshat Global History Databank (CC BY 4.0)","wikipedia":"Habsburg Austria","wikidata":"Q66504140","_a":37,"_c":[4.42,49.58],"_nz":"哈布斯堡君主国","_sz":""},"geometry":{"type":"MultiPolygon","coordinates":[[[[4.4,46.09],[4.33,45.96],[4.08,45.96],[3.99,46.28],[4.23,46.35],[4.4,46.09]]],[[[6.11,46.48],[5.87,46.28],[5.37,46.35],[5.43,47.07],[5.59,47.14],[5.58,47.66],[5.82,47.73],[5.82,47.86],[5.9,47.86],[5.98,47.86],[5.98,47.93],[6.06,47.93],[6.15,47.93],[6.14,47.99],[6.23,47.99],[6.89,47.93],[6.98,47.53],[6.99,47.47],[6.99,47.27],[6.83,47.2],[6.83,47.07],[6.5,46.94],[6.51,46.87],[6.19,46.61],[6.1,46.61],[6.11,46.48]]],[[[5.86,49.18],[5.85,49.32],[6.02,49.45],[6.01,49.52],[5.68,49.58],[5.6,49.52],[5.68,49.38],[5.69,49.32],[5.35,49.32],[5.26,49.58],[5.18,49.58],[5.17,49.85],[4.73,50.25],[4.48,50.31],[4.41,49.98],[4.32,49.98],[4.24,49.98],[4.15,49.98],[4.15,50.05],[4.14,50.25],[3.97,50.38],[3.64,50.31],[3.73,50.11],[3.15,50.05],[1.95,50.31],[1.85,50.58],[2.02,50.65],[2.01,50.78],[2.01,50.85],[2.09,50.85],[2.07,51.11],[2.24,51.18],[2.58,51.18],[3.16,51.45],[3.75,51.45],[3.41,51.51],[3.4,51.65],[3.74,51.65],[3.65,51.78],[3.82,51.78],[3.81,51.92],[3.98,51.92],[3.97,52.05],[4.22,52.18],[4.22,52.32],[4.46,52.52],[4.53,52.86],[4.7,52.92],[4.61,53.12],[4.69,53.19],[4.86,53.19],[4.79,52.99],[4.87,52.99],[4.97,52.65],[5.06,52.65],[5.06,52.52],[4.89,52.52],[4.9,52.38],[5.07,52.32],[5,52.05],[5.25,52.05],[5.18,51.78],[5.61,51.65],[5.78,51.51],[5.78,51.38],[5.28,51.18],[5.22,50.71],[5.05,50.71],[5.06,50.45],[5.23,50.31],[5.48,50.45],[5.9,50.38],[5.73,50.58],[5.71,51.05],[5.88,51.05],[5.97,50.78],[6.06,50.78],[6.07,50.45],[6.4,50.51],[6.07,50.25],[6.58,50.11],[6.59,49.98],[6.34,49.78],[6.35,49.58],[6.26,49.52],[6.36,49.25],[6.27,49.25],[5.86,49.18]]]]}},{"type":"Feature","properties":{"NAME":"Duchy of Milan","C":9,"name":"Duchy of Milan","start_year":1497,"end_year":1501,"capital":"","type":"polity","region":"","event":"","source":"Cliopatria / Seshat Global History Databank (CC BY 4.0)","wikipedia":"Duchy of Milan","wikidata":"Q153529","_a":10,"_c":[8.88,45.17],"_nz":"米兰公国","_sz":""},"geometry":{"type":"MultiPolygon","coordinates":[[[[7.23,43.73],[7.23,43.8],[7.31,43.8],[7.31,43.73],[7.23,43.73]]],[[[7.31,43.8],[7.39,43.93],[7.63,43.99],[7.63,44.12],[8.19,44.12],[8.19,44.06],[8.11,44.06],[8.11,43.99],[7.39,43.8],[7.31,43.8]]],[[[9.97,44.06],[9.97,43.99],[9.89,43.99],[9.89,44.06],[9.97,44.06]]],[[[10.05,44.65],[10.13,44.25],[9.97,44.12],[9.89,44.12],[9.57,44.19],[9.16,44.45],[8.59,44.45],[8.43,44.32],[8.35,44.32],[8.43,44.52],[8.35,44.58],[8.02,44.52],[7.94,44.65],[7.94,44.71],[7.94,44.78],[8.34,45.1],[8.34,45.24],[8.58,45.3],[8.58,45.56],[8.33,45.76],[8.01,45.69],[7.92,45.96],[8.4,46.48],[8.65,46.48],[8.9,46.22],[9.14,46.28],[9.3,46.35],[9.3,46.48],[10.04,46.28],[10.12,46.41],[10.04,46.41],[10.04,46.61],[10.37,46.61],[10.37,46.55],[10.45,46.55],[10.53,46.55],[10.53,46.48],[10.53,46.41],[10.53,46.35],[10.53,46.28],[10.37,46.35],[10.12,46.02],[9.63,46.09],[9.39,46.02],[9.31,45.89],[9.31,45.69],[9.47,45.56],[9.72,45.56],[9.88,45.3],[10.45,45.17],[10.45,44.91],[10.05,44.65]]]]}},{"type":"Feature","properties":{"NAME":"County of Savoy","C":7,"name":"County of Savoy","start_year":1497,"end_year":1511,"capital":"","type":"polity","region":"","event":"","source":"Cliopatria / Seshat Global History Databank (CC BY 4.0)","wikipedia":"County of Savoy","wikidata":"Q1232887","_a":12,"_c":[6.74,45.21],"_nz":"萨伏依伯国","_sz":""},"geometry":{"type":"Polygon","coordinates":[[[8.01,45.69],[8.33,45.76],[8.58,45.56],[8.58,45.3],[8.34,45.24],[8.26,45.24],[8.18,45.24],[8.09,45.24],[8.01,45.24],[7.93,45.24],[7.61,45.3],[7.53,45.04],[7.7,44.84],[7.7,44.78],[7.7,44.71],[7.7,44.65],[7.7,44.58],[7.7,44.52],[7.63,44.12],[7.63,43.99],[7.39,43.93],[7.31,43.8],[7.23,43.8],[6.99,43.54],[6.91,43.54],[6.83,43.67],[6.67,43.67],[6.66,43.99],[6.9,44.19],[6.9,44.32],[7.22,44.19],[7.46,44.39],[7.46,44.52],[7.46,44.58],[7.37,44.71],[6.97,44.78],[6.64,44.97],[6.63,45.1],[6.31,45.1],[6.13,45.56],[5.65,45.43],[5.48,45.69],[5.07,45.69],[5.07,45.76],[5.07,45.82],[5.06,45.89],[4.98,45.89],[4.98,45.96],[4.9,45.96],[4.97,46.28],[5.37,46.35],[5.87,46.28],[6.11,46.48],[6.1,46.61],[6.19,46.61],[6.51,46.87],[6.59,46.87],[6.67,46.87],[6.67,46.81],[6.75,46.81],[6.68,46.61],[7.09,46.55],[7.17,46.41],[6.93,46.28],[6.93,46.15],[6.94,45.96],[7.1,45.89],[7.43,45.89],[7.59,46.02],[7.67,46.02],[7.67,45.96],[7.76,45.96],[7.84,45.96],[7.92,45.96],[8.01,45.69]]]}},{"type":"Feature","properties":{"NAME":"Duchy of Styria","C":6,"name":"Duchy of Styria","start_year":1497,"end_year":1501,"capital":"","type":"polity","region":"","event":"","source":"Cliopatria / Seshat Global History Databank (CC BY 4.0)","wikipedia":"Duchy of Styria","wikidata":"Q580447","_a":0,"_c":[13.6,46.12],"_nz":"施蒂里亚公国","_sz":""},"geometry":{"type":"Polygon","coordinates":[[[13.63,45.76],[13.56,46.02],[13.89,46.15],[13.89,46.28],[13.73,46.35],[13.73,46.48],[13.56,46.48],[13.4,46.35],[13.48,46.15],[13.31,46.09],[13.31,45.82],[13.39,45.82],[13.39,45.76],[13.47,45.76],[13.55,45.76],[13.63,45.76]]]}},{"type":"Feature","properties":{"NAME":"County of Foix","C":3,"name":"County of Foix","start_year":1497,"end_year":1501,"capital":"","type":"polity","region":"","event":"","source":"Cliopatria / Seshat Global History Databank (CC BY 4.0)","wikipedia":"County of Foix","wikidata":"Q1481436","_a":22,"_c":[0.55,43.86],"_nz":"富瓦伯国","_sz":""},"geometry":{"type":"MultiPolygon","coordinates":[[[[0.99,42.82],[0.04,42.69],[-0.94,42.95],[-1.01,42.76],[-1.46,42.37],[-1.43,41.91],[-1.83,41.91],[-1.78,42.3],[-2.02,42.37],[-2.2,42.69],[-1.84,43.21],[-1.85,43.34],[-1.77,43.34],[-1.69,43.34],[-1.12,43.28],[-0.89,43.47],[-0.49,43.54],[-0.25,43.47],[-0.07,43.21],[0.09,43.21],[0.08,43.34],[0.4,43.34],[0.48,43.47],[0.72,43.47],[0.87,43.67],[1.03,43.67],[1.28,43.54],[1.3,43.02],[1.87,42.89],[1.73,42.63],[1.65,42.63],[1.57,42.63],[1.49,42.63],[1.07,42.82],[0.99,42.82]]],[[[2.99,43.02],[2.83,43.02],[2.75,43.02],[2.66,43.21],[2.89,43.47],[3.13,43.47],[3.3,43.34],[3.3,43.28],[3.22,43.28],[3.14,43.28],[2.99,43.02]]],[[[1.38,44.65],[1.07,44.45],[-0.07,44.52],[-0.18,44.91],[0.22,44.97],[0.53,45.24],[0.52,45.37],[0.84,45.56],[0.9,45.82],[2.06,45.63],[2.39,45.43],[2.4,45.24],[2.17,45.04],[2.1,44.78],[2.02,44.78],[1.94,44.78],[1.86,44.78],[1.78,44.78],[1.45,44.84],[1.38,44.65]]]]}},{"type":"Feature","properties":{"NAME":"House of Jagiellon","C":2,"name":"House of Jagiellon","start_year":1497,"end_year":1501,"capital":"","type":"polity","region":"","event":"","source":"Cliopatria / Seshat Global History Databank (CC BY 4.0)","wikipedia":"Jagiellonian dynasty","wikidata":"Q194355","_a":238,"_c":[26.82,52.52],"_nz":"雅盖隆王朝","_sz":""},"geometry":{"type":"MultiPolygon","coordinates":[[[[31.65,48.19],[31.66,48.25],[31.57,48.19],[30.54,47.93],[30.55,47.99],[30.47,47.99],[29.8,47.93],[29.7,47.8],[29.53,47.8],[29.51,47.6],[29.34,47.53],[29.39,47.33],[29.23,47.33],[29.22,47.27],[28.98,47.33],[28.93,47.6],[29.03,47.73],[28.88,47.86],[28.56,47.93],[28.57,48.06],[28.42,48.19],[27.54,48.46],[27.39,48.65],[25.98,48.65],[25.51,48.92],[25.34,48.92],[25.25,48.79],[25.56,48.59],[25.54,48.39],[25.01,48.06],[24.99,47.8],[24.91,47.8],[24.59,47.93],[24.69,48.13],[24.37,48.26],[24.38,48.39],[24.05,48.46],[23.67,48.79],[22.93,48.92],[22.78,49.12],[22.52,49.05],[21.8,49.38],[20.71,49.38],[20.7,49.25],[20.54,49.25],[20.45,49.25],[20.55,49.38],[20.21,49.38],[19.87,49.18],[19.47,49.58],[19.13,49.45],[18.88,49.52],[19.24,49.85],[19.17,50.05],[19.08,50.05],[19.09,50.11],[19.09,50.18],[19.17,50.18],[19.19,50.38],[19.02,50.45],[19.03,50.58],[18.7,50.71],[18.71,50.85],[18.05,51.11],[17.97,51.25],[17.55,51.25],[17.32,51.71],[16.98,51.71],[16.72,51.58],[16.56,51.71],[16.13,51.71],[16.14,51.85],[15.81,52.12],[15.81,52.25],[15.65,52.32],[15.49,52.65],[15.57,52.65],[16.1,52.86],[16.02,53.12],[16.11,53.12],[16.12,53.33],[16.29,53.39],[16.3,53.53],[16.48,53.6],[16.4,53.8],[16.66,53.8],[16.82,53.6],[17.08,53.6],[17.19,54],[17.62,54],[17.64,54.34],[17.91,54.48],[18.02,54.89],[18.11,54.89],[18.46,54.89],[18.45,54.68],[18.69,54.41],[19.46,54.34],[19.56,54.48],[19.73,54.48],[19.82,54.48],[19.81,54.34],[20.14,54.21],[20.5,54.27],[20.75,54.21],[20.83,54.07],[20.27,53.66],[20.1,53.66],[19.86,53.87],[19.87,54.07],[19.45,54.21],[19.27,54.07],[19.25,53.87],[18.98,53.66],[18.81,53.66],[18.7,53.39],[19.21,53.33],[19.31,53.46],[19.74,53.46],[19.73,53.33],[19.97,53.12],[20.4,53.06],[20.67,53.26],[20.93,53.26],[21.29,53.46],[22.42,53.6],[22.55,54],[22.46,54],[22.48,54.21],[22.66,54.27],[22.7,54.61],[22.7,54.68],[22.81,54.89],[22.57,55.09],[22.4,55.09],[22.41,55.23],[21.64,55.36],[21.24,55.7],[21.25,55.84],[20.99,55.91],[21,55.98],[20.91,55.98],[20.92,56.05],[21.19,56.11],[21.38,56.32],[21.74,56.39],[23.42,56.39],[24.11,56.25],[24.83,56.39],[25.07,56.18],[25.76,56.11],[25.83,55.98],[26.5,55.7],[26.87,55.84],[27.47,55.77],[27.97,56.18],[28.15,56.18],[28.19,56.46],[27.88,56.73],[27.9,56.87],[28.27,56.94],[28.38,57.08],[29.58,56.87],[29.98,56.59],[29.96,56.46],[30.11,56.32],[30.65,56.39],[30.84,56.46],[31.13,57.08],[31.94,57.14],[32.45,57.49],[32.63,57.49],[32.86,57.77],[33.13,57.77],[33.37,57.63],[33.34,57.49],[33.51,57.42],[33.48,57.28],[33.7,57.08],[34.96,56.73],[34.9,56.46],[35.04,56.32],[35,56.11],[34.79,55.98],[34.22,55.77],[33.8,55.43],[32.88,55.16],[32.74,54.89],[33.15,54.75],[33.12,54.61],[33.5,54.34],[33.48,54.21],[33.7,54],[34.42,53.73],[34.71,53.87],[35.01,54.48],[35.8,54.55],[35.84,54.34],[35.93,54.34],[35.89,54.14],[36.06,54.14],[36.02,53.94],[36.1,53.94],[35.77,53.12],[36.32,52.92],[36.43,52.59],[36.74,52.45],[37.01,52.12],[37.43,52.05],[37.48,51.92],[37.96,51.78],[37.94,51.65],[38.15,51.45],[38.09,51.18],[37.9,51.05],[37.84,50.31],[37.75,50.31],[37.54,49.65],[37.63,49.65],[37.59,49.45],[37.67,49.45],[37.71,49.18],[37.86,49.12],[37.84,48.99],[36.85,48.59],[36.31,48.79],[36.33,48.92],[36.08,48.92],[35.95,49.12],[35.6,49.05],[35.5,48.92],[35.41,48.92],[34.7,49.12],[34.39,49.32],[34.06,49.32],[33.96,49.18],[33.72,49.25],[33.61,49.12],[33.36,49.12],[33.43,48.99],[33.01,48.99],[32.48,48.79],[31.67,48.26],[31.74,48.26],[31.73,48.19],[31.65,48.19]]],[[[20.45,49.18],[20.37,49.18],[20.36,49.12],[20.28,49.12],[20.28,49.18],[20.29,49.25],[20.37,49.25],[20.45,49.25],[20.45,49.18]]]]}},{"type":"Feature","properties":{"NAME":"Crown of Aragon","C":2,"name":"Crown of Aragon","start_year":1497,"end_year":1501,"capital":"","type":"polity","region":"","event":"","source":"Cliopatria / Seshat Global History Databank (CC BY 4.0)","wikipedia":"Crown of Aragon","wikidata":"Q204920","_a":129,"_c":[6.76,39.4],"_nz":"阿拉贡王国","_sz":""},"geometry":{"type":"MultiPolygon","coordinates":[[[[14.57,35.97],[14.57,35.77],[14.34,35.84],[14.34,36.03],[14.42,36.03],[14.57,35.97]]],[[[15.21,37.19],[15.21,37],[15.05,36.74],[14.66,36.74],[14.28,37.13],[13.58,37.25],[13.19,37.58],[12.49,37.71],[12.49,37.9],[12.65,38.09],[13.04,38.03],[13.12,38.16],[13.35,38.16],[13.67,37.96],[14.06,37.96],[15.63,38.29],[15.62,38.16],[15.39,38.16],[15.07,37.58],[15.06,37.51],[15.06,37.25],[15.21,37.19]]],[[[1.66,39],[1.43,38.8],[1.27,38.8],[1.18,39.06],[1.26,39.13],[1.34,39.13],[1.65,39.13],[1.66,39]]],[[[3.2,39.84],[3.52,39.77],[3.3,39.32],[2.82,39.32],[2.66,39.51],[2.35,39.45],[2.34,39.64],[2.88,39.97],[2.96,39.97],[3.19,39.97],[3.2,39.84]]],[[[4.3,39.84],[3.83,39.9],[3.74,40.1],[3.82,40.1],[4.22,40.1],[4.3,39.84]]],[[[9.82,40.74],[9.82,40.36],[9.67,40.29],[9.75,39.64],[9.67,39.64],[9.59,39.13],[9.12,39.19],[8.97,38.87],[8.73,38.87],[8.34,39],[8.41,39.26],[8.33,39.26],[8.33,39.51],[8.41,39.51],[8.48,39.9],[8.32,39.97],[8.4,40.29],[8.32,40.29],[8.32,40.48],[8.16,40.55],[8.15,40.94],[8.55,40.87],[9.02,41.26],[9.1,41.26],[9.5,41.2],[9.82,40.74]]],[[[-1.35,39.45],[-1.37,39.71],[-1.15,39.9],[-1.16,40.1],[-1.73,40.36],[-1.51,40.74],[-2.1,41.2],[-2.12,41.46],[-1.88,41.52],[-1.98,41.78],[-1.82,41.78],[-1.83,41.91],[-1.43,41.91],[-1.46,42.37],[-1.01,42.76],[-0.94,42.95],[0.04,42.69],[0.99,42.82],[1.07,42.82],[1.49,42.63],[1.49,42.56],[1.58,42.43],[1.81,42.56],[2.52,42.82],[2.75,43.02],[2.83,43.02],[2.99,43.02],[3.01,42.56],[3.18,42.37],[3.12,41.91],[2.57,41.59],[2.33,41.59],[2.11,41.33],[1.24,41.2],[0.7,40.94],[0.71,40.68],[0.25,40.42],[0.18,40.16],[-0.13,40.03],[-0.35,39.71],[-0.31,39.13],[0.1,38.74],[-0.36,38.48],[-0.44,38.48],[-1.1,39.06],[-1.1,39.13],[-1.11,39.38],[-1.35,39.45]]]]}},{"type":"Feature","properties":{"NAME":"Shaybanids","C":6,"name":"Shaybanids","start_year":1497,"end_year":1501,"capital":"","type":"polity","region":"","event":"","source":"Cliopatria / Seshat Global History Databank (CC BY 4.0)","wikipedia":"Shaybanids","wikidata":"Q856361","_a":91,"_c":[65.86,42.65],"_nz":"昔班尼王朝","_sz":""},"geometry":{"type":"Polygon","coordinates":[[[60.72,43.08],[60.39,43.34],[60.37,43.54],[60.39,43.6],[60.6,44.06],[60.78,44.12],[60.9,44.52],[61.38,44.78],[61.42,44.91],[61.58,44.91],[61.72,45.37],[61.34,45.43],[61.33,45.69],[61.25,45.69],[61.33,45.96],[61.25,45.96],[61.66,46.74],[61.68,46.81],[63.03,46.41],[64.88,45.56],[64.92,45.43],[65.36,45.3],[65.4,45.17],[66.11,44.84],[66.26,44.58],[66.42,44.58],[66.66,44.32],[66.68,44.12],[70.14,44.32],[70.43,44.45],[71.35,44.32],[70.3,43.15],[70.21,42.89],[70.32,42.76],[70.11,42.37],[70.19,42.37],[70.19,42.11],[70.36,41.91],[69.46,41.59],[69.16,41.65],[68.24,41.52],[66.85,41.13],[66.28,40.55],[66.15,40.1],[65.73,39.71],[65.54,39.32],[64.84,38.74],[64.23,38.48],[64.01,38.55],[63.84,38.8],[63.68,38.8],[63.57,39],[63.42,39],[63.25,39.26],[63.09,39.26],[62.65,39.71],[62.69,39.84],[62.32,40.23],[62.4,40.55],[62.3,40.74],[62.45,41],[62.37,41],[62.44,41.26],[62.3,41.33],[62.34,41.46],[62.13,41.59],[62.17,41.72],[62.03,41.78],[62.07,41.91],[61.94,42.04],[61.78,42.04],[61.56,42.37],[61.4,42.37],[61.17,42.69],[61.01,42.69],[60.7,43.02],[60.72,43.08]]]}},{"type":"Feature","properties":{"NAME":"Teutonic Order","C":7,"name":"Teutonic Order","start_year":1497,"end_year":1520,"capital":"","type":"polity","region":"","event":"","source":"Cliopatria / Seshat Global History Databank (CC BY 4.0)","wikipedia":"Teutonic Order","wikidata":"Q48189","_a":12,"_c":[20.76,54.49],"_nz":"条顿骑士团国","_sz":""},"geometry":{"type":"Polygon","coordinates":[[[22.7,54.68],[22.81,54.89],[22.57,55.09],[22.4,55.09],[22.41,55.23],[21.64,55.36],[21.24,55.7],[21.25,55.84],[20.99,55.91],[20.98,55.84],[20.97,55.63],[21.2,55.36],[20.99,54.95],[20.73,54.95],[20.65,55.09],[19.95,55.02],[19.84,54.68],[20,54.61],[19.83,54.55],[19.82,54.48],[19.81,54.34],[20.14,54.21],[20.5,54.27],[20.75,54.21],[20.83,54.07],[20.27,53.66],[20.1,53.66],[19.86,53.87],[19.87,54.07],[19.45,54.21],[19.27,54.07],[19.25,53.87],[18.98,53.66],[18.81,53.66],[18.7,53.39],[19.21,53.33],[19.31,53.46],[19.74,53.46],[19.73,53.33],[19.97,53.12],[20.4,53.06],[20.67,53.26],[20.93,53.26],[21.29,53.46],[22.42,53.6],[22.55,54],[22.46,54],[22.48,54.21],[22.66,54.27],[22.7,54.61],[22.7,54.68]]]}},{"type":"Feature","properties":{"NAME":"Sultanate of Bengal","C":7,"name":"Sultanate of Bengal","start_year":1497,"end_year":1501,"capital":"","type":"polity","region":"","event":"","source":"Cliopatria / Seshat Global History Databank (CC BY 4.0)","wikipedia":"Bengal Sultanate","wikidata":"Q4083686","_a":41,"_c":[87.43,23.92],"_nz":"孟加拉苏丹国","_sz":""},"geometry":{"type":"Polygon","coordinates":[[[87.24,26.39],[88.23,26.45],[88.35,26.32],[88.88,26.32],[89.15,26.19],[89.6,26.19],[90.02,26],[90.39,26],[90.36,25.42],[90.52,25.04],[90.47,24.78],[90.55,24.78],[90.61,23.81],[90.69,23.81],[90.64,23.04],[90.54,22.85],[90.69,22.85],[90.8,22.59],[90.94,22.53],[90.86,22.01],[90.63,21.95],[90.65,22.08],[90.43,22.08],[90.23,21.76],[89.9,22.01],[89.87,21.82],[89.71,21.76],[89.12,21.76],[89.1,21.63],[88.73,21.63],[88.72,22.08],[88.64,22.08],[88.51,21.69],[88.37,21.69],[88.35,21.56],[88.13,21.63],[88.18,21.95],[88.1,21.95],[87.76,21.63],[87.07,21.44],[86.97,21.24],[86.75,21.31],[86.27,21.05],[85.52,20.99],[85.33,21.24],[85.33,21.76],[84.99,22.01],[85.01,22.14],[84.86,22.14],[84.26,22.66],[84.28,22.85],[84,22.98],[84.03,23.17],[83.96,23.17],[83.91,23.88],[84.2,24.33],[84.36,24.39],[84.67,24.97],[84.68,25.04],[84.88,25.36],[84.99,26.39],[85,26.45],[84.93,26.45],[85,26.84],[85.27,26.71],[85.74,26.77],[85.79,26.64],[86.31,26.64],[86.65,26.45],[87.25,26.45],[87.24,26.39]]]}},{"type":"Feature","properties":{"NAME":"Michoacán","C":1,"name":"Michoacán","start_year":1497,"end_year":1520,"capital":"","type":"polity","region":"","event":"","source":"Cliopatria / Seshat Global History Databank (CC BY 4.0)","wikipedia":"Michoacán","wikidata":"Q79861","_a":10,"_c":[-102.2,19.13],"_nz":"米却肯","_sz":""},"geometry":{"type":"Polygon","coordinates":[[[-101.06,20.21],[-101.76,20.41],[-103.77,20.41],[-104.1,20.21],[-104,19.7],[-103.79,19.38],[-103.39,19.25],[-103.36,19.44],[-103.22,19.51],[-102.99,19.44],[-102.86,19.19],[-102.7,19.12],[-103.07,18.74],[-102.97,18.54],[-102.65,18.41],[-102.6,18.54],[-102.18,18.67],[-102.2,18.41],[-102.41,18.35],[-102.51,18.09],[-102.66,18.09],[-102.56,17.96],[-101.9,17.96],[-101.65,17.84],[-101.56,18.16],[-100.55,18.29],[-100.48,18.29],[-100.49,18.74],[-100.35,18.8],[-100.37,19.31],[-100.3,19.31],[-100.39,19.83],[-100.74,20.09],[-101.05,20.15],[-101.06,20.21]]]}},{"type":"Feature","properties":{"NAME":"Ryukyu Kingdom","C":4,"name":"Ryukyu Kingdom","start_year":1497,"end_year":1518,"capital":"","type":"polity","region":"","event":"","source":"Cliopatria / Seshat Global History Databank (CC BY 4.0)","wikipedia":"Ryukyu Kingdom","wikidata":"Q28025","_a":7,"_c":[126.82,25.78],"_nz":"琉球王国","_sz":""},"geometry":{"type":"MultiPolygon","coordinates":[[[[125.44,24.71],[125.22,24.71],[125.26,24.91],[125.41,24.91],[125.46,24.78],[125.44,24.71]]],[[[128.19,26.84],[128.42,26.84],[128.38,26.71],[127.91,26.39],[127.82,26.07],[127.65,26],[127.68,26.39],[127.87,26.52],[127.93,26.71],[128.17,26.77],[128.19,26.84]]]]}},{"type":"Feature","properties":{"NAME":"Tondo","C":6,"name":"Tondo","start_year":1497,"end_year":1563,"capital":"","type":"polity","region":"","event":"","source":"Cliopatria / Seshat Global History Databank (CC BY 4.0)","wikipedia":"Tondo (historical polity)","wikidata":"Q1642472","_a":1,"_c":[120.78,14.75],"_nz":"汤都","_sz":""},"geometry":{"type":"Polygon","coordinates":[[[120.24,14.69],[120.19,14.81],[120.51,15.01],[120.72,14.94],[120.96,15.07],[121.24,14.94],[121.25,15.01],[121.32,15.01],[121.31,14.94],[121.24,14.94],[121.37,14.88],[121.35,14.75],[121.04,14.62],[120.62,14.75],[120.64,14.43],[120.35,14.43],[120.31,14.69],[120.24,14.69]]]}},{"type":"Feature","properties":{"NAME":"Holy Roman Empire Minor States","C":10,"name":"Holy Roman Empire Minor States","start_year":1497,"end_year":1501,"capital":"","type":"polity","region":"","event":"","source":"Cliopatria / Seshat Global History Databank (CC BY 4.0)","wikipedia":"Holy Roman Empire","wikidata":"Q12548","_a":180,"_c":[10.83,48.63],"_nz":"神圣罗马帝国诸小邦","_sz":""},"geometry":{"type":"MultiPolygon","coordinates":[[[[8.35,44.58],[8.43,44.52],[8.35,44.32],[8.35,44.25],[8.27,44.25],[8.27,44.19],[8.19,44.19],[8.19,44.12],[7.63,44.12],[7.7,44.52],[7.78,44.52],[7.78,44.45],[7.86,44.45],[7.86,44.52],[7.86,44.58],[7.94,44.58],[7.94,44.65],[8.02,44.52],[8.35,44.58]]],[[[6.97,44.78],[7.37,44.71],[7.46,44.58],[7.46,44.52],[7.46,44.39],[7.22,44.19],[6.9,44.32],[6.97,44.78]]],[[[8.34,45.24],[8.34,45.1],[7.94,44.78],[7.86,44.78],[7.86,44.84],[7.78,44.84],[7.7,44.84],[7.53,45.04],[7.61,45.3],[7.93,45.24],[8.01,45.24],[8.09,45.24],[8.18,45.24],[8.26,45.24],[8.34,45.24]]],[[[7.02,46.15],[6.93,46.15],[6.93,46.28],[7.17,46.41],[7.26,46.35],[7.02,46.15]]],[[[8.4,46.61],[8.4,46.55],[8.4,46.48],[7.92,45.96],[7.84,45.96],[7.76,45.96],[7.67,45.96],[7.67,46.02],[7.59,46.02],[7.5,46.41],[8.15,46.61],[8.24,46.61],[8.32,46.61],[8.32,46.68],[8.4,46.68],[8.4,46.61]]],[[[6.75,47.07],[6.83,47.07],[6.83,47.14],[7.08,46.94],[6.75,46.81],[6.75,46.87],[6.67,46.87],[6.59,46.87],[6.51,46.87],[6.5,46.94],[6.59,46.94],[6.59,47.01],[6.67,47.01],[6.67,47.07],[6.75,47.07]]],[[[6.99,47.47],[6.98,47.53],[7.15,47.53],[7.24,47.33],[6.99,47.27],[6.99,47.47]]],[[[7.4,47.4],[7.4,47.47],[7.48,47.47],[7.56,47.47],[7.56,47.4],[7.48,47.4],[7.4,47.4]]],[[[6.8,48.39],[6.8,48.32],[6.64,48.19],[6.46,48.46],[6.71,48.52],[6.8,48.39]]],[[[5.13,48.65],[5.29,48.85],[5.3,48.59],[5.38,48.59],[5.46,48.79],[5.87,48.85],[5.79,48.79],[5.88,48.46],[5.46,48.59],[5.39,48.39],[5.3,48.39],[5.22,48.39],[5.22,48.46],[5.13,48.46],[5.05,48.46],[5.05,48.52],[4.97,48.52],[4.88,48.52],[4.88,48.59],[4.88,48.65],[5.13,48.65]]],[[[6.03,48.92],[6.04,48.79],[5.87,48.85],[5.95,48.92],[6.03,48.92]]],[[[5.7,48.99],[5.45,48.99],[5.36,48.99],[5.35,49.32],[5.85,49.38],[5.85,49.32],[5.61,49.18],[5.7,48.99]]],[[[4.48,50.31],[4.73,50.25],[5.17,49.85],[5.18,49.58],[4.94,49.18],[4.68,49.45],[4.58,49.78],[4.58,49.85],[4.58,49.91],[4.49,49.91],[4.49,49.98],[4.41,49.98],[4.48,50.31]]],[[[4.15,50.05],[3.99,49.98],[3.81,50.11],[3.73,50.11],[3.64,50.31],[3.97,50.38],[4.14,50.25],[4.15,50.05]]],[[[10.13,42.89],[10.21,42.89],[10.46,42.89],[10.46,42.69],[10.21,42.69],[10.13,42.89]]],[[[10.86,42.95],[10.78,42.95],[10.78,43.34],[11.02,43.47],[11.26,43.47],[11.58,43.34],[11.66,43.15],[11.9,43.15],[11.98,43.15],[12.06,42.76],[11.74,42.63],[11.57,42.37],[11.49,42.37],[11.41,42.37],[11.42,42.43],[11.34,42.43],[11.26,42.43],[11.26,42.5],[11.18,42.63],[11.02,42.63],[11.02,42.82],[10.86,42.95]]],[[[10.13,43.99],[10.13,44.06],[10.05,44.06],[10.05,43.99],[9.97,43.99],[9.97,44.06],[9.97,44.12],[10.13,44.25],[10.05,44.65],[10.45,44.91],[10.45,45.17],[10.45,45.37],[10.62,45.43],[10.7,45.3],[11.59,44.91],[11.26,44.84],[11.18,44.32],[11.1,44.32],[11.1,44.25],[11.02,44.25],[10.94,44.25],[10.86,44.25],[10.7,43.8],[10.21,43.93],[10.21,43.99],[10.13,43.99]]],[[[12.24,44.97],[12.24,44.84],[12.16,44.84],[12.16,44.78],[12.16,44.71],[11.99,44.65],[11.75,44.84],[11.83,44.97],[12.24,44.97]]],[[[11.11,46.41],[11.27,46.41],[11.52,46.61],[12.09,46.68],[11.84,46.48],[11.84,46.22],[11.68,46.09],[11.35,46.09],[11.02,45.76],[10.7,45.69],[10.45,45.89],[10.45,45.96],[10.53,46.48],[10.53,46.55],[11.19,46.61],[11.11,46.41]]],[[[11.27,47.53],[11.27,47.47],[11.02,47.4],[10.94,47.53],[11.02,47.53],[11.02,47.6],[11.11,47.6],[11.19,47.6],[11.27,47.6],[11.27,47.53]]],[[[12.51,47.66],[12.76,47.66],[12.84,47.53],[13.09,47.6],[12.92,47.73],[12.93,47.93],[12.76,47.99],[12.77,48.19],[12.93,48.06],[13.18,48.06],[13.18,47.93],[13.42,47.66],[13.41,47.27],[13.66,47.27],[13.74,47.07],[13.08,47.07],[13,47.07],[12.18,47.07],[12.18,47.27],[12.34,47.33],[12.51,47.4],[12.51,47.66]]],[[[13.93,48.52],[13.93,48.46],[13.85,48.46],[13.77,48.59],[13.27,48.59],[13.19,48.85],[13.36,48.85],[13.36,48.99],[13.44,48.99],[13.53,48.99],[13.52,48.92],[13.61,48.92],[14.1,48.65],[14.1,48.59],[14.02,48.59],[14.01,48.52],[13.93,48.52]]],[[[7.71,48.32],[7.63,48.26],[7.64,47.8],[7.8,47.8],[7.89,47.66],[7.56,47.53],[7.56,47.6],[7.47,48.06],[7.22,48.06],[7.06,47.93],[7.13,48.32],[7.05,48.32],[7.04,48.52],[6.88,48.52],[6.87,48.65],[6.37,48.72],[6.45,48.85],[6.03,48.92],[5.86,48.99],[5.94,49.18],[6.02,49.18],[6.11,49.18],[6.19,49.18],[6.19,49.25],[6.27,49.25],[6.36,49.25],[6.36,49.12],[6.53,49.12],[6.69,49.32],[6.86,49.32],[6.85,49.45],[7.1,49.45],[7.36,49.25],[7.69,49.38],[7.69,49.25],[8.03,48.99],[8.03,48.92],[8.11,48.92],[8.11,48.99],[8.27,49.25],[8.77,49.32],[8.61,49.45],[8.36,49.45],[8.27,49.71],[7.85,49.71],[7.76,49.91],[7.51,49.91],[7.6,49.58],[7.02,49.58],[6.35,49.58],[6.34,49.78],[6.59,49.98],[6.58,50.11],[6.07,50.25],[6.4,50.51],[6.07,50.45],[6.06,50.78],[5.97,50.78],[5.88,51.05],[5.71,51.05],[5.73,50.58],[5.9,50.38],[5.48,50.45],[5.23,50.31],[5.06,50.45],[5.05,50.71],[5.22,50.71],[5.28,51.18],[5.78,51.38],[5.78,51.51],[5.61,51.65],[5.18,51.78],[5.25,52.05],[5,52.05],[5.07,52.32],[4.9,52.38],[4.89,52.52],[5.06,52.52],[5.06,52.65],[5.05,52.72],[5.39,52.86],[5.39,52.99],[5.21,53.12],[5.54,53.39],[6.23,53.53],[6.92,53.46],[6.91,53.6],[7.08,53.73],[7.94,53.73],[8.03,53.66],[7.95,53.53],[8.12,53.53],[8.2,53.66],[8.38,53.66],[8.46,53.94],[8.81,53.87],[8.89,53.87],[9.24,53.87],[9.58,53.6],[9.93,53.6],[10.01,53.73],[10.36,53.66],[10.36,53.87],[10.53,54],[10.79,54],[10.88,54],[11.4,54],[11.4,54.14],[12.09,54.27],[12.44,54.48],[13.05,54.48],[13.14,54.68],[13.41,54.75],[13.66,54.61],[13.74,54.27],[13.3,54.21],[14.17,54.07],[14.16,53.87],[13.98,53.8],[14.5,53.73],[14.51,54],[15.04,54.21],[15.99,54.27],[16.62,54.68],[17.94,54.89],[18.02,54.89],[17.91,54.48],[17.64,54.34],[17.62,54],[17.19,54],[17.08,53.6],[16.82,53.6],[16.66,53.8],[16.4,53.8],[16.31,53.8],[16.41,54],[15.98,54.07],[16.05,53.66],[15.79,53.73],[15.7,53.66],[15.78,53.46],[15.44,53.53],[15.26,53.26],[14.82,53.19],[14.65,53.06],[14.48,53.06],[14.23,53.26],[14.32,53.39],[13.9,53.73],[13.55,53.66],[13.2,53.33],[12.17,53.39],[11.91,53.6],[11.74,53.6],[11.56,53.39],[11.31,53.46],[11.13,53.33],[11.22,53.19],[11.39,53.19],[11.39,53.06],[11.22,53.06],[11.04,52.86],[11.13,52.52],[11.9,52.59],[12.33,52.79],[12.33,52.65],[12.58,52.45],[12.41,52.32],[12.4,52.18],[12.15,52.12],[12.23,51.92],[12.4,51.85],[12.4,51.71],[12.31,51.71],[12.31,51.58],[11.97,51.58],[12.05,51.38],[11.88,51.31],[11.37,51.31],[11.54,51.51],[11.46,51.58],[11.38,51.71],[10.87,51.65],[10.87,51.45],[11.21,51.51],[11.21,51.45],[11.2,51.38],[11.12,51.38],[11.12,51.31],[10.61,51.38],[10.1,51.18],[10.02,51.18],[9.94,50.91],[10.36,50.85],[10.36,50.65],[10.53,50.65],[10.78,50.85],[10.61,51.05],[10.36,51.11],[10.53,51.25],[10.87,51.18],[10.78,51.18],[10.7,51.18],[10.7,51.11],[10.78,51.11],[10.86,51.11],[11.12,51.05],[11.29,50.78],[11.03,50.71],[10.86,50.51],[10.36,50.51],[10.36,50.18],[10.69,50.05],[11.11,50.11],[11.11,50.25],[11.28,50.25],[11.2,50.51],[11.28,50.58],[11.54,50.51],[11.71,50.71],[11.96,50.71],[12.05,50.85],[12.21,50.78],[12.21,50.65],[11.96,50.58],[11.96,50.31],[12.12,50.25],[12.12,50.18],[11.87,50.18],[11.7,49.91],[11.2,49.78],[11.28,49.52],[11.03,49.45],[11.03,49.25],[11.28,49.18],[10.86,49.05],[11.03,48.99],[10.94,48.85],[10.61,48.92],[10.36,49.25],[10.03,49.12],[10.03,48.99],[10.28,48.85],[10.28,48.72],[10.44,48.59],[10.53,48.26],[10.2,48.26],[10.12,48.06],[10.36,47.99],[10.53,48.19],[10.45,47.8],[10.69,47.73],[10.61,47.6],[10.45,47.6],[10.37,47.33],[10.2,47.33],[10.12,47.2],[10.12,46.94],[10.45,46.94],[10.37,46.61],[10.04,46.61],[10.04,46.41],[10.12,46.41],[10.04,46.28],[9.3,46.48],[9.3,46.35],[9.14,46.28],[9.06,46.61],[8.73,46.61],[8.64,46.81],[8.73,46.81],[8.72,46.94],[8.97,47.01],[9.38,46.94],[9.21,47.27],[9.54,47.27],[9.79,47.27],[9.62,47.4],[9.54,47.6],[9.04,47.73],[9.29,47.8],[9.29,47.99],[9.12,47.99],[9.12,47.86],[9.04,47.86],[8.96,47.99],[8.88,47.73],[8.55,47.73],[8.47,47.6],[8.22,47.66],[8.13,48.13],[8.21,48.13],[8.21,48.26],[7.96,48.26],[7.8,48.13],[7.79,48.32],[7.71,48.32]],[[8.21,48.06],[8.21,47.99],[8.3,47.99],[8.38,47.99],[8.46,47.99],[8.46,48.06],[8.38,48.06],[8.38,48.13],[8.29,48.13],[8.21,48.13],[8.21,48.06]],[[10.28,48.39],[10.2,48.39],[10.2,48.46],[10.11,48.46],[10.11,48.39],[10.11,48.32],[10.2,48.32],[10.28,48.32],[10.28,48.39]],[[10.03,48.26],[9.95,48.46],[9.62,48.46],[9.53,48.46],[9.45,48.46],[9.45,48.19],[9.78,48.32],[10.03,48.26]],[[9.37,47.93],[9.54,47.86],[9.54,47.99],[9.45,47.93],[9.37,47.93]],[[9.2,48.26],[9.37,48.26],[9.37,48.46],[9.2,48.32],[9.2,48.26]],[[8.54,48.26],[8.71,48.19],[8.79,48.32],[8.54,48.32],[8.54,48.26]],[[8.87,48.19],[8.95,48.19],[9.04,48.19],[9.04,48.26],[8.95,48.26],[8.95,48.32],[8.87,48.32],[8.87,48.26],[8.87,48.19]],[[8.71,47.93],[8.71,47.99],[8.63,47.99],[8.63,47.86],[8.79,47.86],[8.71,47.93]],[[8.7,48.52],[8.62,48.65],[8.53,48.59],[8.62,48.52],[8.7,48.52]],[[8.29,48.32],[8.45,48.39],[8.21,48.39],[8.29,48.26],[8.29,48.32]],[[8.45,48.59],[8.29,48.59],[8.37,48.46],[8.45,48.52],[8.45,48.59]],[[6.86,49.18],[6.86,49.05],[7.11,48.99],[7.2,48.99],[7.36,48.92],[7.53,48.99],[7.53,49.12],[6.86,49.18]],[[7.03,48.92],[6.86,48.99],[6.78,48.99],[6.61,48.99],[6.62,48.85],[6.95,48.79],[7.03,48.92]]],[[[12.55,50.78],[12.55,50.91],[12.72,50.98],[12.81,50.98],[12.81,50.91],[12.8,50.85],[12.8,50.78],[12.72,50.78],[12.72,50.71],[12.8,50.71],[12.63,50.65],[12.63,50.78],[12.55,50.78]]],[[[12.22,51.05],[11.96,51.05],[11.96,51.11],[11.88,51.11],[12.05,51.31],[12.22,51.31],[12.22,51.05]]],[[[14.26,51.51],[14.26,51.45],[14.25,51.38],[14.25,51.31],[14.34,51.31],[14.33,51.25],[14.16,51.11],[13.99,51.18],[14.08,51.18],[14.08,51.31],[13.91,51.38],[14.09,51.58],[14.26,51.58],[14.26,51.51]]],[[[12.81,51.45],[12.9,51.45],[12.9,51.31],[12.64,51.38],[12.73,51.45],[12.81,51.45]]]]}},{"type":"Feature","properties":{"NAME":"Rajahnate of Cebu","C":4,"name":"Rajahnate of Cebu","start_year":1497,"end_year":1563,"capital":"","type":"polity","region":"","event":"","source":"Cliopatria / Seshat Global History Databank (CC BY 4.0)","wikipedia":"Cebu (historical polity)","wikidata":"Q4401071","_a":2,"_c":[123.69,10.38],"_nz":"宿务拉贾国","_sz":""},"geometry":{"type":"Polygon","coordinates":[[[123.27,9.61],[123.26,9.48],[123.48,9.48],[123.6,9.99],[123.85,10.25],[124,10.25],[124.11,11.28],[123.89,11.21],[123.66,10.51],[123.41,10.25],[123.28,9.67],[123.27,9.61]]]}},{"type":"Feature","properties":{"NAME":"Kazakh Khanate","C":6,"name":"Kazakh Khanate","start_year":1497,"end_year":1501,"capital":"","type":"polity","region":"","event":"","source":"Cliopatria / Seshat Global History Databank (CC BY 4.0)","wikipedia":"Kazakh Khanate","wikidata":"Q1433867","_a":529,"_c":[70.35,45.97],"_nz":"哈萨克汗国","_sz":""},"geometry":{"type":"Polygon","coordinates":[[[67.97,39],[67.63,38.03],[67.16,37.71],[66.92,37.38],[66.84,37.38],[66.77,37.38],[66.69,37.38],[66.61,37.38],[66.59,37.32],[65.63,37.51],[65.24,37.84],[64.66,38.03],[64.23,38.48],[64.84,38.74],[65.54,39.32],[65.73,39.71],[66.15,40.1],[66.28,40.55],[66.85,41.13],[68.24,41.52],[69.16,41.65],[69.46,41.59],[70.36,41.91],[70.19,42.11],[70.19,42.37],[70.11,42.37],[70.32,42.76],[70.21,42.89],[70.3,43.15],[71.35,44.32],[70.43,44.45],[70.14,44.32],[66.68,44.12],[66.66,44.32],[66.42,44.58],[66.26,44.58],[66.11,44.84],[65.4,45.17],[65.36,45.3],[64.92,45.43],[64.88,45.56],[63.03,46.41],[61.68,46.81],[61.7,46.87],[61.23,46.94],[61.19,46.81],[61,46.74],[60.98,46.94],[60.57,46.94],[60.53,46.81],[60.12,46.81],[59.84,46.41],[59.49,46.35],[59.31,46.02],[58.72,45.96],[58.64,45.96],[56.35,46.55],[55.78,46.55],[55.34,46.74],[55.21,46.87],[55.25,47.01],[55.1,47.07],[55.14,47.2],[55.06,47.2],[55.06,47.8],[55.75,48.19],[55.58,48.46],[55.62,48.59],[55.54,48.59],[55.58,48.72],[55.5,48.72],[55.49,48.99],[55.28,49.12],[55.28,49.38],[56.26,50.11],[56.31,50.51],[56,50.85],[56.24,51.31],[56.56,51.51],[56.63,51.71],[56.54,51.71],[56.55,51.98],[56.64,51.98],[57.44,51.85],[57.56,51.71],[57.84,51.78],[57.96,51.65],[58.39,51.65],[58.35,51.78],[58.92,51.71],[59.93,51.92],[59.9,52.05],[60.12,52.18],[60.8,53.26],[61.14,53.46],[61.11,53.6],[61.82,53.87],[61.79,54],[61.88,54],[61.96,54],[63.23,54.14],[63.2,54.07],[63.87,54],[63.84,53.94],[64.01,53.94],[63.98,53.87],[64.15,53.87],[64.12,53.8],[64.3,53.8],[64.41,53.66],[65.3,53.53],[65.27,53.46],[66.27,53.39],[66.38,53.26],[67.92,53.06],[67.89,52.99],[69.32,52.92],[73.43,53.26],[74.08,53.53],[74.34,53.53],[75.52,54.14],[76.87,54.55],[77.51,54.61],[77.48,54.55],[77.65,54.55],[77.66,54.41],[76.94,53.73],[76.57,53.19],[76.91,52.86],[76.84,52.72],[77.14,52.32],[77.31,52.32],[77.38,52.12],[77.74,51.98],[77.8,51.78],[78.16,51.65],[78.41,51.31],[78.75,51.31],[78.72,51.25],[79.33,51.11],[79.43,50.98],[80.21,51.18],[81.39,51.18],[81.36,51.11],[82.39,50.98],[82.48,50.85],[83.88,50.78],[84.22,50.31],[84.74,50.18],[84.83,50.18],[84.49,49.85],[83.92,49.71],[83.77,49.58],[84.37,49.45],[84.33,49.38],[85.3,48.99],[85.4,48.85],[85.34,48.72],[85.52,48.59],[85.47,48.32],[85.55,48.32],[85.64,48.32],[85.48,47.99],[85.56,47.99],[85.51,47.73],[84.59,46.81],[83.93,46.81],[83.96,46.87],[83.8,46.87],[83.86,47.01],[83.61,47.01],[83.64,47.07],[82.92,46.94],[82.54,46.09],[82.21,45.89],[82.1,45.63],[82.67,45.43],[82.61,45.3],[81.28,45.24],[81.2,45.24],[81.23,45.3],[81.14,45.3],[80.98,45.5],[80.82,45.5],[80.79,45.63],[79.9,46.02],[79.87,46.15],[79.44,46.28],[79.47,46.35],[79,46.41],[79.03,46.48],[79.09,46.61],[79.25,46.61],[79.28,46.87],[78.7,46.87],[78.1,46.61],[77.91,46.74],[76.73,46.68],[76.76,46.74],[76.35,46.74],[76.32,46.87],[74.6,46.87],[74.44,46.68],[73.95,46.48],[73.87,46.28],[73.63,46.28],[73.53,46.02],[73.72,46.09],[73.64,45.89],[73.5,45.96],[73.33,45.5],[73.74,45.3],[73.91,45.1],[73.86,44.97],[74.13,45.04],[74.25,45.37],[74.12,45.43],[74.32,45.96],[74.75,46.02],[74.88,46.35],[75.15,46.41],[75.23,46.41],[75.54,45.96],[75.71,45.96],[76.15,45.43],[76.1,45.3],[76.43,44.91],[76.41,44.65],[76.49,44.65],[76.44,44.52],[76.52,44.52],[76.47,44.39],[76.55,44.39],[76.5,44.25],[76.61,44.12],[76.33,43.6],[75.29,42.76],[74.4,42.5],[74.27,42.37],[73.95,42.37],[73.9,42.24],[73.67,42.24],[73.1,41.98],[71.59,41.78],[71.39,41.65],[70.72,41.78],[70.51,41.39],[70.44,40.94],[69.73,40.68],[69.43,40.48],[69.27,40.23],[68.7,39.9],[68.59,39.51],[68.73,39.45],[68.69,39.32],[67.97,39]]]}},{"type":"Feature","properties":{"NAME":"Kingdom of Naples","C":9,"name":"Kingdom of Naples","start_year":1497,"end_year":1501,"capital":"","type":"polity","region":"","event":"","source":"Cliopatria / Seshat Global History Databank (CC BY 4.0)","wikipedia":"Kingdom of Naples","wikidata":"Q173065","_a":28,"_c":[15.65,40.46],"_nz":"那不勒斯王国","_sz":""},"geometry":{"type":"Polygon","coordinates":[[[15.72,41.91],[16.12,41.91],[16.11,41.78],[15.87,41.72],[15.94,41.39],[17.2,41],[17.51,40.74],[17.98,40.61],[18.44,40.16],[18.35,39.9],[18.11,39.9],[17.81,40.36],[17.42,40.36],[17.35,40.55],[17.03,40.55],[16.87,40.48],[16.95,40.42],[16.86,40.29],[16.62,40.29],[16.7,40.1],[16.46,39.97],[16.45,39.64],[16.92,39.51],[17.07,39.38],[17.14,39.06],[16.5,38.8],[16.49,38.42],[15.93,37.96],[15.7,37.96],[15.63,38.29],[15.94,38.35],[15.95,38.67],[16.27,38.74],[16.27,38.93],[16.12,39.06],[15.9,39.77],[15.67,39.9],[15.75,40.03],[15.43,40.03],[15.2,40.23],[15.04,40.23],[14.89,40.68],[14.42,40.68],[14.42,40.87],[14.1,40.87],[13.95,41.13],[13.79,41.13],[13.79,41.2],[14.04,41.52],[13.96,41.72],[13.8,41.85],[13.41,41.85],[13.33,41.98],[13.01,42.04],[12.86,42.5],[13.1,42.69],[13.34,42.69],[13.58,42.89],[13.91,42.95],[13.99,42.95],[13.9,42.76],[14.37,42.24],[14.53,42.24],[14.61,42.11],[14.77,42.17],[14.77,42.04],[14.92,41.98],[15.17,42.04],[15.24,41.91],[15.64,41.91],[15.72,41.91]]]}},{"type":"Feature","properties":{"NAME":"Duchy of Lorraine","C":6,"name":"Duchy of Lorraine","start_year":1497,"end_year":1501,"capital":"","type":"polity","region":"","event":"","source":"Cliopatria / Seshat Global History Databank (CC BY 4.0)","wikipedia":"Duchy of Lorraine","wikidata":"Q155019","_a":5,"_c":[6.2,48.72],"_nz":"洛林公国","_sz":""},"geometry":{"type":"MultiPolygon","coordinates":[[[[6.15,47.93],[6.06,47.93],[5.98,47.93],[5.98,47.86],[5.9,47.86],[5.82,47.86],[5.65,48.06],[5.48,48.06],[5.39,48.39],[5.46,48.59],[5.88,48.46],[5.79,48.79],[5.87,48.85],[5.95,48.85],[5.95,48.79],[6.04,48.79],[6.04,48.85],[6.03,48.92],[6.45,48.85],[6.37,48.72],[6.87,48.65],[6.88,48.52],[7.04,48.52],[7.05,48.32],[7.13,48.32],[7.06,47.93],[6.97,47.93],[6.89,47.93],[6.23,47.99],[6.14,47.99],[6.15,47.93]],[[6.46,48.46],[6.64,48.19],[6.8,48.32],[6.8,48.39],[6.71,48.52],[6.46,48.46]]],[[[6.62,48.85],[6.61,48.99],[6.78,48.99],[6.86,48.99],[7.03,48.92],[6.95,48.79],[6.62,48.85]]],[[[7.53,49.12],[7.53,48.99],[7.36,48.92],[7.2,48.99],[7.11,48.99],[6.86,49.05],[6.86,49.18],[7.53,49.12]]],[[[5.18,49.58],[5.26,49.58],[5.36,48.99],[5.45,48.99],[5.7,48.99],[5.61,49.18],[5.85,49.32],[5.86,49.25],[5.86,49.18],[5.94,49.18],[5.86,48.99],[6.03,48.92],[5.95,48.92],[5.87,48.92],[5.87,48.85],[5.46,48.79],[5.38,48.59],[5.3,48.59],[5.29,48.85],[5.13,48.65],[4.88,48.65],[4.87,48.99],[5.03,49.05],[4.94,49.18],[5.18,49.58]]],[[[6.36,49.25],[6.26,49.52],[6.35,49.58],[7.02,49.58],[7.02,49.52],[7.1,49.52],[7.1,49.45],[6.85,49.45],[6.86,49.32],[6.69,49.32],[6.53,49.12],[6.36,49.12],[6.36,49.25]]],[[[5.93,49.38],[5.94,49.32],[5.85,49.32],[5.85,49.38],[5.77,49.38],[5.68,49.38],[5.6,49.52],[5.68,49.58],[6.01,49.52],[6.02,49.45],[6.02,49.38],[5.93,49.38]]]]}},{"type":"Feature","properties":{"NAME":"House of Bourbon","C":2,"name":"House of Bourbon","start_year":1497,"end_year":1518,"capital":"","type":"polity","region":"","event":"","source":"Cliopatria / Seshat Global History Databank (CC BY 4.0)","wikipedia":"House of Bourbon","wikidata":"Q58389","_a":10,"_c":[2.99,45.67],"_nz":"波旁王朝","_sz":""},"geometry":{"type":"Polygon","coordinates":[[[4.4,46.09],[4.33,45.96],[4.08,45.96],[3.99,46.28],[3.73,46.55],[3.07,46.61],[2.9,46.81],[2.4,46.81],[2.35,46.35],[1.52,46.55],[0.94,46.55],[0.95,46.35],[1.21,46.22],[1.21,46.09],[0.97,46.02],[0.9,45.82],[2.06,45.63],[2.39,45.43],[2.4,45.24],[2.17,45.04],[2.1,44.78],[2.28,44.52],[2.52,44.58],[2.58,44.84],[2.75,44.84],[2.92,44.65],[3.16,44.71],[3.23,44.91],[3.47,44.91],[3.56,44.78],[3.97,44.78],[3.96,44.91],[4.12,44.91],[4.36,45.17],[4.52,45.04],[4.85,45.1],[4.84,45.3],[4.59,45.37],[4.58,45.69],[5.07,45.69],[5.07,45.76],[5.07,45.82],[5.06,45.89],[4.98,45.89],[4.98,45.96],[4.9,45.96],[4.4,46.09]]]}},{"type":"Feature","properties":{"NAME":"Warring States Japan","C":8,"name":"Warring States Japan","start_year":1497,"end_year":1506,"capital":"","type":"polity","region":"","event":"","source":"Cliopatria / Seshat Global History Databank (CC BY 4.0)","wikipedia":"Sengoku period","wikidata":"Q204023","_a":160,"_c":[135.33,36.08],"_nz":"战国时代日本","_sz":""},"geometry":{"type":"MultiPolygon","coordinates":[[[[130.36,30.31],[130.44,30.5],[130.72,30.44],[130.69,30.37],[130.62,30.18],[130.36,30.31]]],[[[129.93,32.24],[129.99,32.56],[130.53,32.56],[130.37,32.36],[130.29,32.36],[130.13,32.17],[129.93,32.24]]],[[[128.65,32.81],[128.88,32.81],[128.93,32.75],[128.77,32.56],[128.69,32.56],[128.57,32.62],[128.65,32.81]]],[[[129.59,33.71],[129.73,33.84],[129.8,33.84],[129.88,33.84],[129.82,33.71],[129.59,33.71]]],[[[129.4,34.29],[129.34,34.16],[129.31,34.1],[129.11,34.16],[129.17,34.29],[129.4,34.29]]],[[[129.29,34.55],[129.44,34.55],[129.46,34.42],[129.43,34.36],[129.23,34.42],[129.29,34.55]]],[[[130.92,30.76],[131.17,30.82],[131.1,30.63],[131.07,30.56],[131.02,30.44],[130.82,30.5],[130.92,30.76]]],[[[138.8,35.07],[138.72,35.07],[138.28,34.81],[138.26,34.61],[137.07,34.55],[137.24,34.74],[136.94,34.74],[136.73,34.94],[136.6,34.68],[136.79,34.61],[136.97,34.36],[136.91,34.23],[136.45,34.23],[135.81,33.39],[135.41,33.52],[135.35,33.71],[135.03,33.84],[135.15,34.1],[135.02,34.29],[135.34,34.49],[135.44,34.68],[135.21,34.68],[134.91,34.23],[134.72,34.16],[134.71,33.97],[134.78,33.97],[134.66,33.71],[134.37,33.59],[134.22,33.26],[133.99,33.26],[133.85,33.46],[133.54,33.46],[133.16,33.14],[133.03,32.69],[132.68,32.75],[132.66,32.88],[132.43,32.88],[132.44,33.07],[132.37,33.07],[132.45,33.26],[132.3,33.26],[132.36,33.39],[132.02,33.33],[132.08,33.46],[132.56,33.65],[132.88,34.16],[133.03,34.16],[133.12,34.04],[133.51,34.04],[133.63,34.29],[134.23,34.42],[134.2,34.36],[134.63,34.29],[134.94,34.61],[134.47,34.74],[133.25,34.29],[132.32,34.29],[132.19,33.84],[131.91,33.91],[131.94,33.97],[131.09,33.97],[131.1,33.65],[131.82,33.71],[131.64,33.33],[132.09,33.14],[132,32.94],[132.08,32.94],[131.78,32.62],[131.58,32.17],[131.52,31.85],[131.6,31.85],[131.41,31.4],[131.18,31.4],[131.2,31.27],[130.79,31.01],[130.64,31.01],[130.72,31.21],[130.47,31.14],[130.14,31.27],[130.27,31.59],[130.1,31.91],[130.21,32.17],[130.52,32.36],[130.57,32.81],[130.44,32.88],[130.33,32.62],[130.1,32.62],[130.15,32.75],[130,32.75],[129.79,32.62],[129.7,32.75],[129.75,32.88],[129.63,32.94],[129.68,33.07],[129.56,33.14],[129.62,33.26],[129.54,33.26],[129.6,33.39],[129.83,33.39],[129.92,33.59],[130.33,33.65],[130.42,33.84],[130.86,33.97],[130.88,34.16],[130.8,34.16],[130.92,34.42],[131.41,34.49],[131.48,34.61],[132.56,35.26],[132.69,35.52],[132.96,35.58],[133.47,35.52],[135.38,35.77],[135.28,35.58],[135.71,35.52],[136.08,35.77],[135.91,35.9],[136,36.22],[136.45,36.48],[136.71,36.8],[136.58,37],[136.65,37.13],[136.57,37.13],[136.72,37.38],[137.37,37.58],[137.15,37.19],[136.96,37.13],[137.12,37],[137.1,36.8],[137.25,36.8],[137.63,37.06],[138.51,37.38],[138.77,37.84],[139.32,38.09],[139.95,39.26],[139.87,39.26],[140.04,39.64],[139.89,39.9],[139.66,39.9],[139.99,40.29],[139.77,40.55],[139.9,40.74],[140.18,40.81],[140.34,41.26],[140.69,41.2],[140.92,41.52],[141.54,41.39],[141.4,41.2],[141.48,41.2],[141.38,40.94],[141.53,40.81],[141.44,40.68],[141.63,40.61],[141.62,40.48],[141.78,40.48],[141.89,40.29],[141.85,40.23],[142.07,39.97],[141.97,39.71],[142.09,39.64],[141.96,39.45],[142.04,39.45],[141.88,39.19],[141.95,39.19],[141.55,38.8],[141.63,38.8],[141.51,38.35],[141.08,38.29],[140.92,38.03],[141,38.03],[140.92,37.9],[141.04,37.84],[140.96,37.71],[141.12,37.58],[141.04,37.45],[141.13,37.32],[140.79,36.87],[140.61,36.42],[140.69,36.42],[140.62,36.16],[140.74,36.1],[140.67,35.97],[140.91,35.84],[140.54,35.58],[140.41,35.19],[139.86,34.87],[139.7,34.87],[139.77,35],[139.69,35],[140.03,35.64],[139.73,35.52],[139.72,35.19],[139.21,35.26],[139.18,35.19],[139.14,35.13],[139.22,35.13],[139.19,35.07],[138.95,34.61],[138.68,34.68],[138.77,35],[138.8,35.07]],[[136.06,35],[136.13,35.13],[136.01,35.19],[136.03,35.39],[135.84,35.32],[135.76,35],[135.83,35],[135.8,34.94],[136.06,35]]],[[[138.14,37.96],[138.34,38.29],[138.61,38.35],[138.49,38.16],[138.61,38.09],[138.38,37.84],[138.34,37.77],[138.19,37.77],[138.26,37.9],[138.14,37.96]]],[[[140.58,41.72],[140.31,41.46],[139.95,41.39],[139.96,41.52],[139.88,41.52],[140.12,41.98],[140.32,41.91],[140.27,41.85],[140.22,41.78],[140.3,41.78],[140.21,41.65],[140.58,41.72]]]]}},{"type":"Feature","properties":{"NAME":"Khanate of Sibir","C":4,"name":"Khanate of Sibir","start_year":1497,"end_year":1520,"capital":"","type":"polity","region":"","event":"","source":"Cliopatria / Seshat Global History Databank (CC BY 4.0)","wikipedia":"Khanate of Sibir","wikidata":"Q190513","_a":772,"_c":[73.57,61.59],"_nz":"西伯利亚汗国","_sz":""},"geometry":{"type":"Polygon","coordinates":[[[72.94,72.76],[72.38,72.84],[72.44,72.92],[71.71,72.92],[71.78,73],[70.62,73],[70.55,72.92],[69.36,73],[69.02,72.84],[68.33,71.81],[68.11,71.66],[67.01,71.42],[66.64,71.19],[66.53,71.03],[66.63,71.03],[66.57,70.8],[67.19,70.8],[67.02,70.41],[67.12,70.41],[67.02,70.26],[67.17,70.18],[66.81,70.1],[66.6,69.64],[68.01,69.49],[67.9,69.33],[68,69.33],[68.05,69.11],[68.4,69.03],[68.35,68.95],[68.65,68.95],[68.6,68.88],[68.95,68.95],[68.64,68.5],[68.54,68.5],[68.49,68.27],[68.34,68.35],[68.24,68.35],[67.84,68.05],[67.02,67.07],[66.45,66.62],[66.27,66.33],[65.53,65.74],[65.27,65.3],[65.09,65.15],[64.89,65.15],[64.77,64.93],[64.27,64.57],[64.02,63.77],[64.11,63.77],[64.04,63.48],[64.19,63.41],[64.11,63.26],[64.26,63.19],[64.18,63.05],[64.28,63.05],[64.2,62.9],[64.29,62.9],[64.21,62.76],[64.31,62.76],[64.23,62.62],[64.32,62.62],[63.99,61.83],[63.58,61.41],[62.48,60.7],[61.39,60.35],[58.31,60],[58.27,59.92],[58,59.71],[57.87,59.43],[57.48,59.16],[56.85,58.11],[56.93,58.11],[56.77,57.28],[56.85,57.28],[56.74,56.8],[56.83,56.8],[56.66,56.59],[56.93,56.39],[56.85,56.18],[56.93,56.18],[56.91,55.91],[57.06,55.84],[57.07,55.43],[57.19,55.29],[57.66,55.16],[57.67,54.95],[57.87,55.02],[57.84,54.95],[58.16,54.89],[58.14,54.82],[58.31,54.82],[58.43,54.68],[59.85,54.55],[59.8,54.41],[60.26,54.48],[60.23,54.41],[61.59,54.34],[61.56,54.27],[61.73,54.27],[61.76,54.14],[61.99,54.07],[61.96,54],[63.23,54.14],[63.2,54.07],[63.87,54],[63.84,53.94],[64.01,53.94],[63.98,53.87],[64.15,53.87],[64.12,53.8],[64.3,53.8],[64.41,53.66],[65.3,53.53],[65.27,53.46],[66.27,53.39],[66.38,53.26],[67.92,53.06],[67.89,52.99],[69.32,52.92],[73.43,53.26],[74.08,53.53],[74.34,53.53],[75.52,54.14],[76.87,54.55],[77.51,54.61],[77.48,54.55],[77.65,54.55],[77.66,54.41],[76.94,53.73],[76.57,53.19],[76.91,52.86],[76.84,52.72],[77.14,52.32],[77.31,52.32],[77.38,52.12],[77.74,51.98],[77.8,51.78],[78.16,51.65],[78.41,51.31],[78.75,51.31],[78.72,51.25],[79.33,51.11],[79.43,50.98],[80.21,51.18],[81.39,51.18],[81.36,51.11],[82.39,50.98],[82.48,50.85],[83.88,50.78],[84.22,50.31],[84.74,50.18],[84.78,50.25],[85.05,50.45],[85.81,51.51],[86.09,51.71],[86.04,51.78],[86.47,52.52],[87.05,53.19],[87.17,53.53],[87.68,54.21],[87.94,54.34],[88.03,54.61],[88.29,54.89],[88.07,55.09],[88.25,55.36],[87.99,55.36],[88.08,55.5],[87.91,55.63],[87.96,55.84],[87.78,55.84],[87.78,55.98],[87.61,55.98],[87.61,56.11],[87.44,56.11],[87.48,56.18],[87.31,56.18],[87.31,56.32],[87.13,56.32],[87.18,56.52],[87.01,56.66],[87.1,56.8],[87.01,56.8],[87.2,57.08],[87.47,57.21],[87.72,57.7],[88.29,58.39],[88.63,58.74],[88.81,58.74],[89.13,59.29],[90.37,60.7],[90.28,60.7],[90.39,60.84],[90.3,60.84],[90.48,61.19],[90.28,61.41],[90.39,61.55],[90.19,61.76],[90.24,61.83],[90.15,61.83],[90.17,61.97],[90.08,61.97],[90.19,62.12],[89.99,62.33],[90.04,62.4],[89.95,62.4],[90.01,62.47],[89.92,62.47],[89.9,62.69],[89.81,62.69],[89.76,62.98],[89.66,62.98],[89.72,63.05],[89.63,63.05],[89.58,63.34],[89.48,63.34],[89.54,63.41],[89.45,63.41],[89.5,63.48],[89.41,63.48],[89.47,63.55],[89.37,63.55],[89.43,63.62],[89.34,63.62],[89.4,63.7],[89.3,63.7],[89.36,63.77],[89.17,63.77],[89.16,63.99],[89.07,63.99],[89.12,64.06],[89.03,64.06],[89.09,64.13],[88.9,64.13],[88.89,64.35],[88.79,64.35],[88.85,64.42],[88.76,64.42],[88.82,64.49],[88.72,64.49],[88.78,64.57],[88.59,64.57],[88.58,64.79],[88.48,64.79],[88.54,64.86],[88.45,64.86],[88.51,64.93],[88.32,64.93],[88.3,65.15],[88.21,65.15],[88.27,65.22],[88.17,65.22],[88.23,65.3],[88.04,65.3],[88.07,65.44],[87.97,65.44],[88.09,65.59],[87.77,65.66],[87.83,65.74],[87.54,65.74],[87.6,65.81],[87.21,65.81],[87.27,65.88],[86.37,65.96],[86.43,66.03],[86.2,66.11],[86.26,66.18],[86.07,66.18],[86.09,66.33],[85.9,66.33],[85.92,66.48],[85.73,66.48],[85.75,66.62],[85.56,66.62],[85.58,66.77],[85.39,66.77],[85.37,67],[85.28,67],[85.34,67.07],[85.24,67.07],[85.3,67.15],[85.2,67.15],[85.33,67.3],[85.16,67.44],[85.22,67.52],[85.12,67.52],[85.18,67.59],[85.09,67.59],[85.15,67.67],[85.05,67.67],[85.04,67.89],[84.94,67.89],[85.01,67.97],[84.91,67.97],[85.04,68.12],[84.87,68.27],[84.93,68.35],[84.83,68.35],[84.86,68.5],[84.76,68.5],[84.76,68.73],[84.66,68.73],[84.72,68.8],[84.62,68.8],[84.75,68.95],[84.58,69.11],[84.65,69.18],[84.55,69.18],[84.58,69.33],[84.48,69.33],[84.62,69.49],[84.45,69.64],[84.58,69.79],[84.45,69.87],[84.59,70.02],[84.45,70.1],[84.59,70.26],[84.42,70.41],[84.56,70.57],[84.43,70.64],[84.61,70.95],[84.37,71.03],[84.38,71.27],[84.18,71.27],[84.19,71.5],[83.98,71.5],[84.13,71.66],[84,71.74],[84.07,71.81],[83.97,71.81],[84.04,71.89],[83.83,71.89],[83.88,72.05],[83.67,72.05],[83.75,72.13],[83.33,72.13],[82.52,71.81],[81.38,71.81],[81.45,71.89],[81,71.97],[81.08,72.05],[80.76,72.05],[80.81,72.21],[80.49,72.21],[80.57,72.29],[79.94,72.29],[80.01,72.37],[79.6,72.37],[79.67,72.45],[78.31,72.45],[78.45,72.61],[78.24,72.61],[78.32,72.69],[77.48,72.69],[76.85,72.45],[76.71,72.29],[77.37,72.21],[77.23,72.05],[76.68,72.13],[76.09,72.05],[75.85,71.89],[75.96,71.89],[75.97,71.66],[76.17,71.66],[76.15,71.5],[76.66,71.5],[76.6,71.42],[77.01,71.42],[76.94,71.34],[77.25,71.34],[77.19,71.27],[76.67,71.27],[76.74,71.34],[76.05,71.27],[76.12,71.34],[75.4,71.34],[75.46,71.42],[75.36,71.42],[75.49,71.58],[75.31,71.74],[75.37,71.81],[75.27,71.81],[75.74,72.37],[75.63,72.37],[75.77,72.53],[75.63,72.61],[75.7,72.69],[75.59,72.69],[75.66,72.76],[75.31,72.84],[75.38,72.92],[74.86,72.92],[74.72,72.76],[74.83,72.76],[74.79,72.61],[74.9,72.61],[74.83,72.53],[75.01,72.37],[74.87,72.21],[74.43,72.05],[73.64,71.97],[73.45,71.74],[72.89,71.42],[73.38,71.27],[73.32,71.19],[73.52,71.19],[73.46,71.11],[73.67,71.11],[73.65,70.95],[73.85,70.95],[73.79,70.88],[74,70.88],[73.98,70.72],[74.22,70.64],[74.04,70.41],[73.72,70.26],[73.41,69.72],[73.79,69.41],[73.66,69.11],[74.96,69.11],[75.48,69.26],[76.63,69.18],[76.57,69.11],[77.59,68.88],[77.57,68.73],[77.67,68.73],[77.61,68.65],[77.71,68.65],[77.65,68.57],[77.75,68.57],[77.7,68.5],[77.88,68.35],[77.25,68.05],[77.4,68.5],[77.26,68.57],[77.31,68.65],[77.02,68.65],[77.07,68.73],[76.73,68.8],[76.75,68.95],[76.41,69.03],[76.47,69.11],[74.59,68.88],[74.32,68.65],[74.2,68.35],[74.4,68.35],[74.39,68.2],[74.59,68.2],[74.53,68.12],[74.76,67.89],[74.65,67.74],[74,67.52],[73.63,67],[72.74,66.7],[72.45,66.7],[72.1,66.33],[70.4,66.4],[71.03,66.62],[71.52,66.62],[71.62,66.77],[71.47,66.85],[71.52,66.92],[71.87,67],[72.02,67.22],[72.42,67.37],[72.73,67.67],[73.07,67.74],[73.13,67.82],[73.03,67.82],[73.24,68.12],[73.1,68.2],[73.63,68.65],[72.5,69.03],[72.56,69.11],[72.46,69.11],[72.68,69.41],[72.58,69.41],[72.69,69.56],[72.59,69.56],[72.71,69.72],[72.61,69.72],[72.78,69.95],[72.59,70.1],[72.65,70.18],[72.54,70.18],[72.6,70.26],[72.5,70.26],[72.84,70.57],[72.69,70.64],[72.89,71.03],[72.64,71.11],[72.7,71.19],[72.5,71.19],[72.56,71.27],[72.15,71.27],[72.21,71.34],[72,71.34],[72.06,71.42],[71.81,71.5],[72.25,71.66],[72.56,72.05],[72.66,72.05],[72.92,72.37],[72.82,72.37],[72.98,72.69],[72.87,72.69],[72.94,72.76]]]}},{"type":"Feature","properties":{"NAME":"Kingdom of France","C":7,"name":"Kingdom of France","start_year":1497,"end_year":1501,"capital":"","type":"polity","region":"","event":"","source":"Cliopatria / Seshat Global History Databank (CC BY 4.0)","wikipedia":"Kingdom of France","wikidata":"Q207162","_a":106,"_c":[1.52,46.67],"_nz":"法兰西王国","_sz":""},"geometry":{"type":"MultiPolygon","coordinates":[[[[-1.77,43.34],[-1.85,43.34],[-1.85,43.41],[-1.77,43.41],[-1.77,43.34]]],[[[7.78,44.45],[7.7,44.84],[7.86,44.84],[7.94,44.71],[7.94,44.65],[7.78,44.45]]],[[[4.49,49.98],[4.58,49.85],[4.58,49.78],[4.68,49.45],[4.94,49.18],[5.03,49.05],[4.87,48.99],[4.88,48.65],[4.88,48.59],[5.3,48.39],[5.39,48.39],[5.48,48.06],[5.65,48.06],[5.82,47.86],[5.82,47.73],[5.58,47.66],[5.59,47.14],[5.43,47.07],[5.37,46.35],[4.97,46.28],[4.9,45.96],[4.4,46.09],[4.23,46.35],[3.99,46.28],[3.73,46.55],[3.8,46.74],[3.96,46.81],[3.87,47.14],[3.95,47.14],[3.94,47.33],[3.61,47.4],[3.6,47.53],[3.77,47.53],[3.75,47.8],[3.58,47.93],[3.08,47.99],[3.01,47.86],[2.76,47.8],[2.43,47.86],[2.37,47.47],[2.7,47.33],[2.9,46.81],[2.4,46.81],[2.35,46.35],[1.52,46.55],[0.94,46.55],[0.95,46.35],[1.21,46.22],[1.21,46.09],[0.97,46.02],[0.9,45.82],[0.84,45.56],[0.52,45.37],[0.53,45.24],[0.22,44.97],[-0.18,44.91],[-0.07,44.52],[1.07,44.45],[1.38,44.65],[1.45,44.84],[1.78,44.78],[1.86,44.78],[1.94,44.78],[2.02,44.78],[2.1,44.78],[2.28,44.52],[2.52,44.58],[2.58,44.84],[2.75,44.84],[2.92,44.65],[3.16,44.71],[3.23,44.91],[3.47,44.91],[3.56,44.78],[3.97,44.78],[3.96,44.91],[4.12,44.91],[4.36,45.17],[4.52,45.04],[4.85,45.1],[4.84,45.3],[4.59,45.37],[4.58,45.69],[5.07,45.69],[5.48,45.69],[5.65,45.43],[6.13,45.56],[6.31,45.1],[6.63,45.1],[6.64,44.97],[6.97,44.78],[6.9,44.32],[6.9,44.19],[6.66,43.99],[6.67,43.67],[6.83,43.67],[6.91,43.54],[6.83,43.54],[6.59,43.41],[6.52,43.21],[6.28,43.15],[5.8,43.15],[5.63,43.28],[5.39,43.28],[5.39,43.41],[5.06,43.47],[4.18,43.47],[4.17,43.6],[3.85,43.6],[3.38,43.34],[3.3,43.34],[3.13,43.47],[2.89,43.47],[2.66,43.21],[2.75,43.02],[2.52,42.82],[1.81,42.56],[1.73,42.56],[1.73,42.63],[1.87,42.89],[1.3,43.02],[1.28,43.54],[1.03,43.67],[0.87,43.67],[0.72,43.47],[0.48,43.47],[0.4,43.34],[0.08,43.34],[0.09,43.21],[-0.07,43.21],[-0.25,43.47],[-0.49,43.54],[-0.89,43.47],[-1.12,43.28],[-1.69,43.34],[-1.69,43.41],[-1.46,43.54],[-1.4,43.86],[-1.32,43.86],[-1.35,44.25],[-1.27,44.25],[-1.29,44.52],[-1.21,44.52],[-1.25,45.17],[-1.17,45.17],[-1.19,45.43],[-1.03,45.5],[-1.05,45.69],[-1.21,45.76],[-1.14,45.89],[-1.22,45.89],[-1.25,46.28],[-1.67,46.35],[-2.01,46.61],[-2.02,46.74],[-2.19,46.81],[-2.14,47.14],[-2.23,47.27],[-2.56,47.27],[-2.58,47.47],[-2.83,47.47],[-2.84,47.6],[-3.16,47.47],[-3.34,47.73],[-3.76,47.73],[-3.93,47.86],[-4.42,47.8],[-4.69,47.99],[-4.71,48.13],[-4.55,48.19],[-4.64,48.32],[-4.89,48.32],[-4.91,48.52],[-4.6,48.72],[-3.85,48.72],[-3.46,48.92],[-3.12,48.92],[-2.76,48.59],[-2.52,48.72],[-1.6,48.65],[-1.72,49.05],[-1.64,49.05],[-1.65,49.25],[-1.91,49.38],[-2.03,49.78],[-1.36,49.78],[-1.25,49.45],[0.01,49.38],[-0.01,49.65],[0.22,49.85],[1.22,50.05],[1.45,50.25],[1.44,50.51],[1.43,50.58],[1.69,50.58],[1.84,50.78],[1.93,50.78],[2.01,50.78],[2.02,50.65],[1.85,50.58],[1.95,50.31],[3.15,50.05],[3.73,50.11],[3.81,50.11],[3.99,49.98],[4.15,50.05],[4.15,49.98],[4.49,49.98]]]]}},{"type":"Feature","properties":{"NAME":"Songhai Empire","C":9,"name":"Songhai Empire","start_year":1497,"end_year":1563,"capital":"","type":"polity","region":"","event":"","source":"Cliopatria / Seshat Global History Databank (CC BY 4.0)","wikipedia":"Songhai Empire","wikidata":"Q202687","_a":96,"_c":[-6.39,15.07],"_nz":"桑海帝国","_sz":""},"geometry":{"type":"MultiPolygon","coordinates":[[[[-6.25,12.11],[-6.33,12.11],[-6.33,12.18],[-6.25,12.18],[-6.25,12.11]]],[[[1.27,16.87],[1.57,15.52],[1.72,15.33],[1.65,14.62],[1.21,14.43],[0.26,14.43],[0.18,14.62],[-0.04,14.69],[-0.12,14.94],[-0.41,15.01],[-0.34,15.33],[-0.49,15.33],[-0.71,15.65],[-1.6,16.04],[-2.85,15.97],[-2.99,15.91],[-2.92,15.78],[-3.29,15.71],[-3.28,15.59],[-3.65,15.26],[-3.86,14.81],[-3.86,14.49],[-4.15,14.17],[-4.07,14.04],[-4.29,13.98],[-4.36,13.72],[-4.58,13.66],[-5.38,12.95],[-5.53,12.95],[-5.53,12.82],[-5.67,12.82],[-5.67,12.69],[-6.04,12.44],[-5.96,12.31],[-6.18,12.31],[-6.4,12.11],[-6.47,12.11],[-6.55,12.24],[-6.84,12.31],[-7.14,12.63],[-8.75,12.76],[-8.97,12.95],[-10.74,13.34],[-14.2,13.79],[-14.2,13.85],[-14.35,14.17],[-14.5,14.11],[-14.5,14.24],[-14.15,14.62],[-14.23,14.88],[-14.08,14.94],[-14.09,15.2],[-13.29,15.59],[-13.22,15.71],[-12.64,15.91],[-12.5,16.1],[-12.28,16.16],[-12.35,16.29],[-12.06,16.29],[-11.48,16.55],[-11.34,16.87],[-10.9,17.06],[-10.91,17.19],[-10.54,17.13],[-9.21,17.32],[-9.22,17.45],[-8.92,17.51],[-7.3,17.64],[-6.12,17.58],[-5.97,17.45],[-4.86,17.45],[-3.32,17.77],[-0.44,18.03],[0.44,17.84],[0.96,17.45],[1.26,16.94],[1.27,16.87]]]]}},{"type":"Feature","properties":{"NAME":"Timurid Empire","C":0,"name":"Timurid Empire","start_year":1497,"end_year":1501,"capital":"","type":"polity","region":"","event":"","source":"Cliopatria / Seshat Global History Databank (CC BY 4.0)","wikipedia":"Timurid Empire","wikidata":"Q484195","_a":544,"_c":[59.36,34.36],"_nz":"帖木儿帝国","_sz":""},"geometry":{"type":"MultiPolygon","coordinates":[[[[61.01,42.69],[61.17,42.69],[61.4,42.37],[61.56,42.37],[61.78,42.04],[61.94,42.04],[62.07,41.91],[62.03,41.78],[62.17,41.72],[62.13,41.59],[62.34,41.46],[62.3,41.33],[62.44,41.26],[62.37,41],[62.45,41],[62.3,40.74],[62.4,40.55],[62.32,40.23],[62.69,39.84],[62.65,39.71],[63.09,39.26],[63.25,39.26],[63.42,39],[63.57,39],[63.68,38.8],[63.84,38.8],[64.01,38.55],[64.23,38.48],[64.66,38.03],[65.24,37.84],[65.63,37.51],[66.59,37.32],[66.61,37.38],[66.69,37.38],[66.77,37.38],[66.84,37.38],[66.92,37.38],[67.16,37.71],[67.63,38.03],[67.97,39],[68.69,39.32],[68.73,39.45],[68.59,39.51],[68.7,39.9],[69.27,40.23],[69.43,40.48],[69.73,40.68],[70.44,40.94],[70.51,41.39],[70.72,41.78],[71.39,41.65],[71.77,41.59],[71.72,41.46],[72.1,41.39],[72.77,41],[72.85,41],[72.98,40.94],[72.94,40.81],[73.18,40.81],[73.21,40.68],[73.37,40.68],[73.47,40.48],[73.63,40.48],[73.86,40.23],[73.82,40.1],[73.95,40.03],[73.85,39.71],[73.93,39.71],[73.69,39.45],[73.61,39.45],[73.3,39.45],[73.1,39.32],[72.49,39.38],[71.73,38.67],[71.55,38.87],[71.67,38.74],[71.61,38.55],[71.26,38.42],[70.71,38.42],[70.21,38.03],[70.16,37.84],[70.28,37.71],[70.19,37.64],[70.17,37.58],[69.55,37.58],[69.35,37.13],[69.12,37.13],[69.01,37.32],[68.78,37.32],[68.49,37.13],[68.71,37.06],[68.74,36.87],[68.82,36.87],[68.88,36.8],[68.62,36.1],[68.59,35.97],[68.81,35.9],[68.86,35.77],[68.65,35.58],[68.24,35.45],[67.98,35],[67.55,34.81],[67.49,34.55],[67.56,34.55],[67.54,34.42],[67.95,34.23],[68.26,34.23],[68.28,33.97],[68.59,33.97],[68.59,33.65],[68.82,33.65],[69.11,33.2],[69.58,33.26],[69.53,32.69],[69.46,32.69],[69.3,32.3],[69.29,31.91],[69.6,31.91],[69.73,31.46],[70.11,31.46],[70.06,30.82],[69.86,30.56],[69.94,30.56],[69.89,30.31],[70.04,30.31],[70.09,30.18],[69.88,29.86],[69.71,29.79],[69.65,29.47],[69.85,29.28],[69.65,29.02],[69.62,28.83],[69.69,28.83],[69.53,28.32],[69.68,28.32],[69.73,28.19],[69.5,28.12],[69.23,27.87],[68.84,27.8],[68.34,27.48],[67.71,27.29],[67.13,26.9],[66.59,26.26],[66.35,25.55],[66.02,25.36],[64.82,25.29],[64.8,25.16],[64.58,25.16],[64.28,25.23],[64.23,25.36],[63.63,25.36],[63.54,25.23],[62.56,25.23],[62.47,25.1],[62.18,25.16],[62.02,25.04],[61.72,25.04],[61.66,25.16],[61.13,25.16],[61.06,25.16],[61.07,25.87],[60.83,26.39],[60.8,26.77],[60.68,27.03],[60.54,27.09],[60.56,27.22],[60.42,27.29],[60.43,27.42],[60.29,27.48],[60.31,27.61],[60.17,27.67],[60.18,27.8],[60.04,27.87],[60.06,27.99],[59.92,28.06],[59.93,28.19],[59.79,28.25],[59.57,28.83],[59.43,28.89],[59.28,29.41],[58.96,29.79],[58.86,30.18],[58.53,30.5],[58.31,31.01],[58.1,31.14],[57.94,31.98],[57.86,31.98],[57.89,32.17],[57.54,32.81],[57.59,33.07],[57.21,33.52],[57.23,33.65],[57.09,33.71],[57.12,33.91],[56.88,34.29],[56.85,34.55],[56.08,35.39],[55.15,35.77],[54.12,35.64],[52.88,35.64],[52.59,35.77],[52.74,36.16],[52.98,36.22],[53.18,36.48],[53.17,36.8],[53.24,36.8],[54.03,36.87],[54.09,37.19],[53.91,37.45],[53.91,37.84],[53.83,37.84],[53.99,39],[53.52,39.38],[53.14,39.45],[53.54,39.51],[53.5,40.03],[52.79,40.03],[52.71,40.42],[52.79,40.42],[52.89,40.87],[52.97,40.87],[52.94,40.74],[53.34,40.74],[53.45,40.87],[53.4,40.68],[53.8,40.68],[54.37,40.74],[54.4,40.87],[54.67,41],[54.68,41.07],[55.86,41],[56.43,41.07],[57.21,41.33],[57.4,41.46],[57.45,41.65],[57.28,41.91],[57.28,42.24],[57.2,42.24],[57.33,43.02],[58.34,43.47],[58.42,43.47],[58.63,43.67],[59.12,43.41],[60.29,43.54],[60.37,43.54],[60.39,43.34],[60.72,43.08],[60.7,43.02],[61.01,42.69]]],[[[44.84,42.76],[44.92,42.76],[44.9,42.69],[44.82,42.69],[44.84,42.76]]],[[[44.77,42.82],[44.85,42.82],[44.84,42.76],[44.76,42.76],[44.77,42.82]]]]}},{"type":"Feature","properties":{"NAME":"Crown of Castile","C":7,"name":"Crown of Castile","start_year":1497,"end_year":1501,"capital":"","type":"polity","region":"","event":"","source":"Cliopatria / Seshat Global History Databank (CC BY 4.0)","wikipedia":"Crown of Castile","wikidata":"Q217196","_a":1808,"_c":[-35.86,30.98],"_nz":"卡斯蒂利亚王国","_sz":""},"geometry":{"type":"MultiPolygon","coordinates":[[[[-68.56,18.86],[-68.24,18.67],[-68.29,18.41],[-68.7,18.22],[-68.79,18.35],[-69.1,18.41],[-69.84,18.41],[-69.8,18.67],[-69.44,18.74],[-69.53,18.93],[-69.85,19.06],[-70.04,19.38],[-70.42,19.44],[-70.74,19.64],[-71.11,19.64],[-71.29,19.89],[-70.78,19.96],[-70.23,19.7],[-69.86,19.7],[-69.74,19.38],[-69.44,19.31],[-69.49,19.12],[-69.11,19.06],[-69.03,19.06],[-68.58,18.99],[-68.56,18.86]]],[[[-17.9,27.61],[-18.06,27.67],[-17.99,27.8],[-18,27.87],[-17.85,27.87],[-17.9,27.61]]],[[[-15.83,28.06],[-15.76,28.19],[-15.3,28.12],[-15.36,27.8],[-15.43,27.8],[-15.73,27.74],[-15.83,28.06]]],[[[-17.03,28.06],[-17.18,27.99],[-17.25,27.99],[-17.35,28.19],[-17.12,28.25],[-17.03,28.06]]],[[[-16.37,28.19],[-16.36,28.06],[-16.65,27.93],[-16.91,28.38],[-16.39,28.51],[-16.4,28.57],[-16.09,28.57],[-16.08,28.44],[-16.37,28.19]]],[[[-14.32,28.06],[-14.26,28.32],[-14.12,28.38],[-14.07,28.7],[-13.77,28.77],[-13.76,28.7],[-13.81,28.25],[-14.32,28.06]]],[[[-17.67,28.51],[-17.9,28.51],[-17.99,28.64],[-18,28.83],[-17.86,28.89],[-17.78,28.89],[-17.71,28.89],[-17.67,28.51]]],[[[-13.42,29.22],[-13.47,28.89],[-13.85,28.83],[-13.86,28.96],[-13.86,29.02],[-13.65,29.22],[-13.42,29.22]]],[[[-2.84,35.45],[-2.83,35.32],[-2.83,35.26],[-2.98,35.26],[-2.99,35.45],[-2.84,35.45]]],[[[-1.85,43.41],[-1.85,43.34],[-1.84,43.21],[-2.2,42.69],[-2.02,42.37],[-1.78,42.3],[-1.83,41.91],[-1.82,41.78],[-1.98,41.78],[-1.88,41.52],[-2.12,41.46],[-2.1,41.2],[-1.51,40.74],[-1.73,40.36],[-1.16,40.1],[-1.15,39.9],[-1.37,39.71],[-1.35,39.45],[-1.11,39.38],[-1.1,39.13],[-1.1,39.06],[-0.44,38.48],[-0.43,38.42],[-0.66,38.29],[-0.8,38.03],[-0.7,37.64],[-1.71,37.45],[-1.62,37.32],[-1.86,37.32],[-2.06,36.8],[-2.53,36.87],[-2.68,36.74],[-4.47,36.74],[-4.69,36.55],[-5.23,36.48],[-5.29,36.22],[-5.52,36.16],[-5.58,36.03],[-5.83,36.22],[-6.06,36.22],[-6.43,37],[-6.59,37],[-6.84,37.25],[-7.31,37.25],[-7.39,37.25],[-7.5,37.71],[-7.28,37.84],[-7.14,38.09],[-6.99,38.09],[-7,38.22],[-7.24,38.35],[-7.27,38.67],[-7.12,38.74],[-6.99,39],[-7.26,39.38],[-7.42,39.45],[-7.44,39.64],[-6.9,39.77],[-6.84,40.03],[-7,40.1],[-7.01,40.23],[-6.87,40.36],[-6.93,41],[-6.25,41.46],[-6.27,41.65],[-6.35,41.65],[-6.7,41.98],[-8.12,41.78],[-8.22,41.98],[-8.14,41.98],[-8.15,42.11],[-8.47,42.11],[-8.93,41.91],[-8.94,41.98],[-8.96,42.17],[-8.66,42.37],[-9.08,42.56],[-9.3,43.15],[-8.85,43.41],[-8.37,43.41],[-8.39,43.6],[-8.24,43.73],[-7.28,43.73],[-7.34,43.6],[-7.18,43.54],[-5.73,43.54],[-5.65,43.54],[-4.99,43.41],[-3.47,43.47],[-3.3,43.34],[-1.85,43.41]]]]}},{"type":"Feature","properties":{"NAME":"Grand Principality of Moscow","C":7,"name":"Grand Principality of Moscow","start_year":1497,"end_year":1501,"capital":"","type":"polity","region":"","event":"","source":"Cliopatria / Seshat Global History Databank (CC BY 4.0)","wikipedia":"Principality of Moscow","wikidata":"Q170770","_a":681,"_c":[48.09,62.15],"_nz":"莫斯科大公国","_sz":""},"geometry":{"type":"MultiPolygon","coordinates":[[[[46.41,57.42],[46.43,57.49],[46.52,57.49],[46.5,57.42],[46.41,57.42]]],[[[46.52,57.49],[46.54,57.56],[46.63,57.56],[46.61,57.49],[46.52,57.49]]],[[[63.93,69.72],[63.88,69.64],[64.43,69.56],[64.38,69.49],[64.79,69.49],[64.74,69.41],[64.94,69.41],[64.89,69.33],[65.39,69.33],[65.34,69.26],[66.25,69.11],[66.2,69.03],[67.05,68.95],[67,68.88],[67.3,68.88],[67.25,68.8],[67.74,68.65],[67.69,68.57],[67.99,68.57],[67.94,68.5],[68.29,68.42],[68.24,68.35],[67.84,68.05],[67.02,67.07],[66.45,66.62],[66.27,66.33],[65.53,65.74],[65.27,65.3],[65.09,65.15],[64.89,65.15],[64.77,64.93],[64.27,64.57],[64.02,63.77],[64.11,63.77],[64.04,63.48],[64.19,63.41],[64.11,63.26],[64.26,63.19],[64.18,63.05],[64.28,63.05],[64.2,62.9],[64.29,62.9],[64.21,62.76],[64.31,62.76],[64.23,62.62],[64.32,62.62],[63.99,61.83],[63.58,61.41],[62.48,60.7],[61.39,60.35],[58.31,60],[58.22,60],[57,59.92],[55.25,59.22],[53.53,59.22],[53.41,58.95],[53.23,58.95],[53.09,58.81],[52.75,58.88],[52.72,59.02],[52.48,58.88],[52.12,58.88],[52.09,59.02],[51.91,59.02],[51.44,58.74],[51.33,58.46],[51.52,58.25],[51.25,57.77],[51.23,57.7],[50.81,57.77],[49.93,57.56],[49.04,57.56],[49,57.7],[48.53,57.63],[48.55,57.7],[47.77,57.49],[46.79,57.49],[46.81,57.56],[46.57,57.63],[46.43,57.49],[46.25,57.49],[46.3,57.35],[45.77,57.35],[44.77,57.01],[43.69,56.94],[43.16,56.66],[42.87,56.25],[42.21,56.11],[42.23,55.84],[41.88,55.84],[41.89,55.91],[41.81,55.91],[41.19,55.91],[40.44,55.7],[40.26,55.7],[40.14,55.57],[39.89,55.63],[39.67,55.43],[39.3,55.36],[39.07,55.16],[38.9,55.16],[38.54,54.75],[38.21,54.82],[37.83,54.68],[37.13,54.68],[36.77,54.61],[36.55,54.41],[35.93,54.34],[35.84,54.34],[35.8,54.55],[35.01,54.48],[34.71,53.87],[34.42,53.73],[33.7,54],[33.48,54.21],[33.5,54.34],[33.12,54.61],[33.15,54.75],[32.74,54.89],[32.88,55.16],[33.8,55.43],[34.22,55.77],[34.79,55.98],[35,56.11],[35.04,56.32],[34.9,56.46],[34.96,56.73],[33.7,57.08],[33.48,57.28],[33.51,57.42],[33.34,57.49],[33.37,57.63],[33.13,57.77],[32.86,57.77],[32.63,57.49],[32.45,57.49],[31.94,57.14],[31.13,57.08],[30.84,56.46],[30.65,56.39],[30.11,56.32],[29.96,56.46],[29.98,56.59],[29.58,56.87],[29.76,57.35],[28.98,58.04],[29.04,58.39],[28.89,58.53],[28.91,58.67],[28.82,58.67],[28.85,58.81],[28.76,58.81],[28.78,58.95],[28.43,59.02],[28.04,59.36],[28.05,59.43],[27.88,59.5],[27.93,59.78],[28.29,59.78],[28.41,59.92],[28.85,59.85],[29.16,60.07],[29.15,60],[29.77,59.92],[29.76,59.85],[30.14,59.92],[30.16,60.07],[29.97,60],[29.99,60.14],[29.81,60.14],[29.83,60.21],[29.93,60.28],[30,60.63],[29.64,60.7],[29.59,60.91],[29.41,60.91],[29.38,61.26],[29.29,61.26],[29.37,61.69],[29.29,61.76],[29.84,62.19],[29.91,62.55],[29.82,62.55],[29.87,62.83],[29.78,62.83],[29.84,63.12],[29.68,63.26],[29.71,63.41],[29.61,63.41],[29.64,63.55],[29.55,63.55],[29.58,63.7],[29.48,63.7],[29.53,63.91],[29.36,64.06],[29.39,64.2],[29.3,64.2],[29.53,64.42],[29.58,64.64],[29.8,64.79],[29.86,65.08],[30.21,65.37],[30.31,65.81],[30.06,66.03],[29.87,66.03],[29.05,66.77],[29.07,66.85],[28.97,66.85],[29.07,67.3],[29.16,67.3],[29.21,67.52],[29.31,67.52],[29.48,67.82],[29.57,67.82],[29.51,67.97],[29.81,67.97],[32.29,69.56],[33.48,69.49],[33.44,69.33],[34.46,69.41],[34.44,69.33],[34.84,69.33],[34.82,69.26],[36.13,69.26],[36.1,69.18],[36.3,69.18],[36.28,69.11],[37.96,68.73],[38.01,68.57],[38.21,68.57],[38.19,68.5],[38.38,68.5],[38.36,68.42],[38.93,68.35],[38.91,68.27],[39.48,68.2],[39.45,68.12],[39.97,68.2],[39.95,68.12],[40.15,68.12],[40.27,67.89],[40.66,67.89],[40.64,67.82],[41,67.74],[41.02,67.52],[41.12,67.52],[41.07,67.37],[41.34,67.3],[41.29,67.15],[41.39,67.15],[41.04,66.7],[39.8,66.18],[38.71,66.11],[38.68,66.03],[38,66.03],[38.03,66.11],[37.45,66.11],[37.47,66.18],[36.42,66.25],[36.44,66.33],[35.57,66.33],[35.59,66.4],[35.2,66.4],[35.22,66.48],[34.93,66.48],[34.95,66.55],[34.27,66.55],[34.11,66.7],[33.72,66.7],[33.74,66.77],[33.06,66.77],[32.74,67.07],[32.55,67.07],[32.51,66.92],[32.88,66.85],[33,66.55],[33.68,66.55],[33.63,66.33],[34.38,66.25],[34.36,66.18],[34.56,66.18],[34.87,65.88],[34.67,65.52],[34.44,65.37],[34.79,65.22],[34.73,65],[34.9,64.93],[34.85,64.71],[34.94,64.71],[34.98,64.49],[35.82,64.42],[35.97,64.28],[36.25,64.28],[36.55,63.99],[37.39,63.91],[37.88,63.99],[37.89,64.35],[37.53,64.42],[37.13,64.35],[36.98,64.49],[36.79,64.49],[36.73,64.64],[36.54,64.64],[36.32,64.86],[36.36,65],[36.65,65],[36.69,65.15],[36.92,65.3],[37.21,65.3],[37.19,65.22],[37.48,65.22],[37.45,65.15],[38.16,64.93],[38.21,64.79],[38.9,64.86],[38.88,64.79],[39.43,64.71],[39.41,64.64],[40.19,64.71],[40.24,64.86],[40.07,64.93],[40.12,65.08],[39.93,65.08],[39.88,65.22],[39.68,65.22],[39.54,65.37],[39.61,65.59],[40.26,65.81],[40.4,65.96],[41.44,66.18],[41.96,66.55],[43.49,66.48],[43.46,66.4],[43.66,66.4],[43.61,66.25],[43.97,66.18],[44.13,66.62],[44.35,66.7],[44.38,66.77],[44.28,66.77],[44.37,67],[44.1,67.07],[44.13,67.15],[43.74,67.15],[43.7,67.3],[43.6,67.3],[43.84,67.67],[43.94,67.67],[44.17,68.27],[43.73,68.42],[43.76,68.5],[43.46,68.5],[43.45,68.73],[44.22,68.65],[44.19,68.57],[45.61,68.65],[45.58,68.57],[45.88,68.57],[45.92,68.42],[46.12,68.42],[46.09,68.35],[46.45,68.27],[46.49,68.12],[46.69,68.12],[46.66,67.82],[45.35,67.74],[45.29,67.59],[45.09,67.59],[44.93,67.44],[45.2,67.37],[45.17,67.3],[45.56,67.3],[45.81,66.92],[47.37,66.92],[47.6,67],[47.63,67.07],[47.53,67.07],[47.82,67.52],[47.72,67.52],[47.78,67.67],[48.7,67.74],[48.7,67.97],[49.29,67.97],[50.82,68.5],[51.52,68.5],[51.89,68.65],[52.25,68.57],[52.47,68.8],[53.28,69.03],[54.04,68.95],[53.79,68.65],[53.95,68.57],[53.87,68.42],[53.3,68.27],[54.73,68.35],[54.69,68.27],[54.79,68.27],[55.04,68.57],[55.62,68.73],[57.18,68.65],[57.84,68.95],[58.2,68.88],[58.39,69.03],[59.09,69.03],[59.04,68.95],[59.4,68.88],[59.13,68.57],[59.23,68.57],[59.24,68.42],[59.74,68.42],[59.77,68.65],[59.96,68.8],[60.7,68.88],[60.83,69.11],[60.73,69.11],[60.78,69.18],[60.48,69.18],[60.41,69.41],[60.05,69.49],[60.09,69.72],[59.48,69.72],[59.53,69.79],[59.33,69.79],[59.37,69.87],[59.07,69.87],[59.11,69.95],[58.77,69.87],[58.81,69.95],[58.45,70.02],[58.44,70.18],[58.34,70.18],[58.43,70.33],[58.97,70.57],[59.49,70.41],[59.44,70.33],[59.75,70.33],[59.7,70.26],[59.91,70.26],[59.86,70.18],[60.16,70.18],[60.12,70.1],[60.48,70.02],[60.54,69.79],[60.83,69.95],[61.39,69.87],[61.5,69.87],[63.93,69.72]]],[[[36.13,65.22],[36.09,65.08],[35.5,65],[35.46,65.22],[35.56,65.22],[35.65,65.22],[36.13,65.22]]]]}},{"type":"Feature","properties":{"NAME":"County of Auvergne","C":6,"name":"County of Auvergne","start_year":1497,"end_year":1501,"capital":"","type":"polity","region":"","event":"","source":"Cliopatria / Seshat Global History Databank (CC BY 4.0)","wikipedia":"Auvergne","wikidata":"Q1152","_a":0,"_c":[1.63,50.75],"_nz":"奥弗涅伯国","_sz":""},"geometry":{"type":"Polygon","coordinates":[[[1.58,50.91],[1.5,50.91],[1.5,50.85],[1.5,50.78],[1.51,50.71],[1.42,50.71],[1.43,50.65],[1.43,50.58],[1.69,50.58],[1.84,50.78],[1.76,50.78],[1.75,50.85],[1.67,50.85],[1.66,50.91],[1.58,50.91]]]}},{"type":"Feature","properties":{"NAME":"Aztec Triple Alliance","C":2,"name":"Aztec Triple Alliance","start_year":1497,"end_year":1501,"capital":"","type":"polity","region":"","event":"","source":"Cliopatria / Seshat Global History Databank (CC BY 4.0)","wikipedia":"Aztec Empire","wikidata":"Q2608489","_a":64,"_c":[-96.91,18.06],"_nz":"阿兹特克三国同盟","_sz":""},"geometry":{"type":"MultiPolygon","coordinates":[[[[-93,15.33],[-92.74,15.59],[-92.6,15.59],[-92.1,15.2],[-92.25,15.2],[-92.23,15.07],[-92.48,14.75],[-92.75,15.14],[-92.99,15.26],[-93,15.33]]],[[[-95.77,18.8],[-94.93,18.67],[-95.16,18.29],[-95.73,18.16],[-95.99,17.96],[-96.26,18.22],[-96.56,18.29],[-96.71,18.67],[-96.99,18.61],[-97.16,18.74],[-97.42,18.54],[-97.64,18.54],[-97.69,18.41],[-98.15,18.48],[-98.1,18.22],[-97.95,18.16],[-98,18.03],[-97.08,17.84],[-96.59,17.58],[-96.48,17.39],[-96.6,17.19],[-96.97,17.19],[-97.3,17.39],[-98.37,17.19],[-99.46,17.51],[-99.59,17.45],[-99.57,17.32],[-99.33,17.19],[-99.09,16.61],[-99.45,16.61],[-100.02,16.94],[-101.11,17.26],[-101.72,17.77],[-101.62,18.03],[-101.39,18.03],[-101.22,17.9],[-99.93,17.71],[-99.89,17.9],[-99.99,18.03],[-99.87,18.16],[-100.2,18.35],[-100.41,18.29],[-100.48,18.29],[-100.49,18.74],[-100.35,18.8],[-100.37,19.31],[-100.3,19.31],[-100.39,19.83],[-100.74,20.09],[-101.05,20.15],[-101.06,20.21],[-101.13,20.21],[-101.08,20.34],[-100.64,20.34],[-100.06,20.02],[-99.84,20.02],[-99.82,20.34],[-99.75,20.34],[-99.84,20.41],[-99.81,20.66],[-99.43,20.6],[-99.38,20.73],[-98.71,20.73],[-98.39,20.6],[-98.35,20.79],[-98.57,21.18],[-97.35,21.37],[-97.08,20.73],[-96.51,20.09],[-96.25,19.44],[-96.18,19.44],[-95.77,18.8]]]]}},{"type":"Feature","properties":{"NAME":"Namayan","C":3,"name":"Namayan","start_year":1497,"end_year":1563,"capital":"","type":"polity","region":"","event":"","source":"Cliopatria / Seshat Global History Databank (CC BY 4.0)","wikipedia":"Namayan","wikidata":"Q4401026","_a":0,"_c":[121.07,14.53],"_nz":"纳马扬","_sz":""},"geometry":{"type":"Polygon","coordinates":[[[120.86,14.43],[120.99,14.3],[121.21,14.3],[121.28,14.75],[121.12,14.69],[121.19,14.62],[121.09,14.49],[120.87,14.49],[120.86,14.43]]]}}]}