{"type":"FeatureCollection","features":[{"type":"Feature","properties":{"NAME":"Kathmandu","C":5,"name":"Kathmandu","start_year":1202,"end_year":1743,"capital":"","type":"polity","region":"","event":"","source":"Cliopatria / Seshat Global History Databank (CC BY 4.0)","wikipedia":"Kathmandu","wikidata":"Q3037","_a":0,"_c":[85.4,27.77],"_nz":"加德满都","_sz":""},"geometry":{"type":"Polygon","coordinates":[[[85.56,27.8],[85.36,27.93],[85.24,27.67],[85.45,27.61],[85.55,27.74],[85.56,27.8]]]}},{"type":"Feature","properties":{"NAME":"Republic of Ragusa","C":0,"name":"Republic of Ragusa","start_year":1429,"end_year":1771,"capital":"","type":"polity","region":"","event":"","source":"Cliopatria / Seshat Global History Databank (CC BY 4.0)","wikipedia":"Republic of Ragusa","wikidata":"Q208169","_a":0,"_c":[17.95,42.79],"_nz":"拉古萨共和国","_sz":""},"geometry":{"type":"MultiPolygon","coordinates":[[[[18.3,42.56],[18.3,42.63],[18.38,42.63],[18.38,42.56],[18.3,42.56]]],[[[17.75,42.69],[17.67,42.69],[17.67,42.76],[17.75,42.76],[17.75,42.69]]],[[[17.83,42.89],[17.51,42.82],[17.52,42.95],[17.52,43.02],[18.08,43.02],[18.31,42.69],[18.3,42.63],[18.14,42.63],[17.83,42.89]]]]}},{"type":"Feature","properties":{"NAME":"Comtat Venaissin","C":2,"name":"Comtat Venaissin","start_year":1482,"end_year":1672,"capital":"","type":"polity","region":"","event":"","source":"Cliopatria / Seshat Global History Databank (CC BY 4.0)","wikipedia":"Comtat Venaissin","wikidata":"Q1122980","_a":1,"_c":[4.96,44.13],"_nz":"沃奈桑伯爵领地","_sz":""},"geometry":{"type":"Polygon","coordinates":[[[4.71,44.32],[4.72,44.19],[5.04,44.25],[4.96,44.12],[4.8,44.12],[4.73,43.8],[4.97,43.73],[5.05,43.93],[5.29,43.99],[5.11,44.52],[4.95,44.39],[4.71,44.45],[4.63,44.32],[4.71,44.32]]]}},{"type":"Feature","properties":{"NAME":"Kingdom of Kongo","C":10,"name":"Kingdom of Kongo","start_year":1492,"end_year":1661,"capital":"","type":"polity","region":"","event":"","source":"Cliopatria / Seshat Global History Databank (CC BY 4.0)","wikipedia":"Kingdom of Kongo","wikidata":"Q796583","_a":18,"_c":[14.41,-6.37],"_nz":"刚果王国","_sz":""},"geometry":{"type":"MultiPolygon","coordinates":[[[[15.94,-5.76],[16.16,-6.98],[15.95,-7.49],[15.37,-7.94],[14.71,-8.07],[14.64,-8.26],[14.13,-8.2],[13.25,-8.46],[12.74,-7.36],[12.74,-7.04],[12.22,-6.46],[12.22,-6.01],[12.66,-6.01],[12.88,-5.82],[13.1,-5.82],[13.17,-5.69],[13.61,-5.56],[13.82,-5.18],[14.62,-4.99],[14.7,-4.92],[14.62,-4.79],[14.91,-4.6],[14.91,-4.47],[15.42,-4.6],[15.64,-4.34],[16.08,-4.28],[16.23,-4.6],[16.37,-4.6],[16.37,-4.73],[16.52,-4.79],[16.59,-5.11],[16.01,-5.44],[16.01,-5.69],[15.94,-5.69],[15.94,-5.76]]],[[[14.55,-4.92],[14.55,-4.86],[14.62,-4.86],[14.62,-4.92],[14.55,-4.92]]],[[[14.99,-4.47],[14.99,-4.41],[15.06,-4.41],[15.06,-4.47],[14.99,-4.47]]]]}},{"type":"Feature","properties":{"NAME":"Duchy of Bavaria","C":4,"name":"Duchy of Bavaria","start_year":1507,"end_year":1618,"capital":"","type":"polity","region":"","event":"","source":"Cliopatria / Seshat Global History Databank (CC BY 4.0)","wikipedia":"Duchy of Bavaria","wikidata":"Q47261","_a":7,"_c":[11.94,48.33],"_nz":"巴伐利亚公国","_sz":""},"geometry":{"type":"Polygon","coordinates":[[[12.44,48.85],[12.52,48.85],[12.61,49.12],[12.86,49.12],[13.03,49.25],[13.36,48.99],[13.36,48.85],[13.19,48.85],[13.27,48.59],[13.77,48.59],[13.85,48.46],[13.18,48.06],[12.93,48.06],[12.92,47.73],[13.09,47.66],[13,47.53],[12.51,47.66],[11.6,47.6],[11.19,47.4],[10.61,47.6],[10.69,47.73],[10.45,47.8],[10.53,48.19],[10.53,48.26],[10.44,48.59],[10.28,48.72],[10.28,48.85],[10.03,48.99],[10.03,49.12],[10.36,49.25],[10.61,48.92],[10.94,48.85],[11.03,48.99],[10.86,49.05],[11.28,49.18],[11.53,49.12],[11.69,48.92],[12.11,48.99],[12.28,48.92],[12.27,48.79],[12.36,48.85],[12.44,48.85]]]}},{"type":"Feature","properties":{"NAME":"Sultanate of Gowa","C":2,"name":"Sultanate of Gowa","start_year":1512,"end_year":1661,"capital":"","type":"polity","region":"","event":"","source":"Cliopatria / Seshat Global History Databank (CC BY 4.0)","wikipedia":"Sultanate of Gowa","wikidata":"Q1408641","_a":0,"_c":[119.44,-5.21],"_nz":"戈瓦苏丹国","_sz":""},"geometry":{"type":"Polygon","coordinates":[[[119.49,-4.92],[119.41,-4.79],[119.35,-5.05],[119.21,-5.11],[119.31,-5.63],[119.45,-5.63],[119.45,-5.5],[119.66,-5.37],[119.56,-4.92],[119.49,-4.92]]]}},{"type":"Feature","properties":{"NAME":"Sultanate of Bone","C":4,"name":"Sultanate of Bone","start_year":1512,"end_year":1669,"capital":"","type":"polity","region":"","event":"","source":"Cliopatria / Seshat Global History Databank (CC BY 4.0)","wikipedia":"Sultan","wikidata":"Q43292","_a":0,"_c":[120.1,-4.98],"_nz":"波尼苏丹国","_sz":""},"geometry":{"type":"Polygon","coordinates":[[[120.23,-5.18],[120.28,-4.66],[120.13,-4.66],[119.92,-4.79],[119.94,-5.18],[120.16,-5.31],[120.23,-5.24],[120.23,-5.18]]]}},{"type":"Feature","properties":{"NAME":"Blambangan Kingdom","C":6,"name":"Blambangan Kingdom","start_year":1519,"end_year":1618,"capital":"","type":"polity","region":"","event":"","source":"Cliopatria / Seshat Global History Databank (CC BY 4.0)","wikipedia":"Blambangan Kingdom","wikidata":"Q287996","_a":6,"_c":[113,-7.81],"_nz":"巴兰班甘王国","_sz":""},"geometry":{"type":"Polygon","coordinates":[[[113.38,-7.69],[114.26,-7.69],[114.41,-7.81],[114.3,-8.33],[114.49,-8.84],[114.27,-8.84],[114.18,-8.65],[113.74,-8.65],[113.21,-8.33],[112.49,-8.46],[112.41,-8.46],[112.52,-7.94],[112.29,-7.75],[112.28,-7.56],[112.05,-7.49],[112.05,-7.43],[111.9,-7.43],[111.75,-7.3],[111.74,-7.11],[111.51,-7.04],[111.5,-6.85],[111.64,-6.79],[111.72,-6.79],[112.16,-6.91],[112.52,-6.85],[112.71,-7.56],[113.09,-7.75],[113.38,-7.75],[113.38,-7.69]]]}},{"type":"Feature","properties":{"NAME":"Balinese Kingdom","C":0,"name":"Balinese Kingdom","start_year":1519,"end_year":1608,"capital":"","type":"polity","region":"","event":"","source":"Cliopatria / Seshat Global History Databank (CC BY 4.0)","wikipedia":"Bali Kingdom","wikidata":"Q12491027","_a":1,"_c":[114.97,-8.49],"_nz":"巴厘王国","_sz":""},"geometry":{"type":"Polygon","coordinates":[[[115,-8.91],[115.34,-8.59],[115.63,-8.52],[115.61,-8.26],[115.3,-8.07],[114.36,-8.07],[114.3,-8.33],[114.98,-8.65],[114.93,-8.91],[115,-8.91]]]}},{"type":"Feature","properties":{"NAME":"Sultanate of Maguindanao","C":0,"name":"Sultanate of Maguindanao","start_year":1521,"end_year":1608,"capital":"","type":"polity","region":"","event":"","source":"Cliopatria / Seshat Global History Databank (CC BY 4.0)","wikipedia":"Sultanate of Maguindanao","wikidata":"Q248572","_a":21,"_c":[124.2,7.68],"_nz":"马京达瑙苏丹国","_sz":""},"geometry":{"type":"Polygon","coordinates":[[[126.37,8.45],[126.17,8.58],[126.18,8.71],[126.33,8.77],[126.35,8.96],[126.21,9.03],[126.24,9.29],[126.02,9.29],[125.96,9.48],[125.42,9.86],[125.31,9.54],[125.48,9.03],[124.82,9.03],[124.71,8.58],[124.27,8.64],[124.09,8.19],[123.87,8.19],[123.76,8.64],[123.34,8.77],[123.25,8.58],[122.95,8.51],[122.92,8.26],[122.77,8.13],[122.1,8],[122.06,7.55],[121.82,7.23],[121.8,6.97],[122.23,6.97],[122.34,7.42],[122.49,7.49],[122.59,7.74],[122.73,7.68],[122.76,7.23],[122.92,7.29],[122.93,7.49],[123.43,7.36],[123.38,7.61],[123.46,7.74],[123.68,7.74],[124.09,7.42],[123.9,6.84],[124,6.26],[124.7,5.81],[124.99,5.81],[125.15,6.01],[125.12,5.62],[125.33,5.49],[125.65,5.88],[125.68,6.33],[125.41,6.59],[125.52,7.04],[125.8,6.91],[125.81,7.04],[125.67,7.1],[125.68,7.23],[125.83,7.23],[126.02,6.84],[125.99,6.46],[126.2,6.39],[126.24,6.84],[126.55,7.1],[126.59,7.61],[126.52,7.61],[126.53,7.81],[126.39,7.87],[126.5,8.19],[126.37,8.39],[126.37,8.45]]]}},{"type":"Feature","properties":{"NAME":"Sultanate of Banjar","C":0,"name":"Sultanate of Banjar","start_year":1526,"end_year":1858,"capital":"","type":"polity","region":"","event":"","source":"Cliopatria / Seshat Global History Databank (CC BY 4.0)","wikipedia":"Sultanate of Banjar","wikidata":"Q1660566","_a":7,"_c":[113.7,-3.41],"_nz":"班贾尔苏丹国","_sz":""},"geometry":{"type":"Polygon","coordinates":[[[114.89,-2.93],[114.59,-2.86],[114.52,-2.74],[114.08,-2.8],[113.57,-2.61],[112.4,-2.61],[111.61,-2.8],[111.71,-3.64],[111.85,-3.64],[112.06,-3.38],[112.65,-3.44],[113,-3.06],[113.08,-3.25],[113.44,-3.25],[113.52,-3.51],[113.82,-3.51],[113.88,-3.38],[114.18,-3.38],[114.18,-3.51],[114.4,-3.44],[114.5,-4.21],[114.86,-4.15],[114.93,-4.02],[115.79,-3.7],[115.63,-3.44],[114.96,-2.93],[114.89,-2.93]]]}},{"type":"Feature","properties":{"NAME":"Duchy of Prussia","C":11,"name":"Duchy of Prussia","start_year":1526,"end_year":1611,"capital":"","type":"polity","region":"","event":"","source":"Cliopatria / Seshat Global History Databank (CC BY 4.0)","wikipedia":"Duchy of Prussia","wikidata":"Q153091","_a":12,"_c":[20.76,54.49],"_nz":"普鲁士公国","_sz":""},"geometry":{"type":"Polygon","coordinates":[[[22.7,54.68],[22.81,54.89],[22.57,55.09],[22.4,55.09],[22.41,55.23],[21.64,55.36],[21.24,55.7],[21.25,55.84],[20.99,55.91],[20.98,55.84],[20.97,55.63],[21.2,55.36],[20.99,54.95],[20.73,54.95],[20.65,55.09],[19.95,55.02],[19.84,54.68],[20,54.61],[19.83,54.55],[19.82,54.48],[19.81,54.34],[20.14,54.21],[20.5,54.27],[20.75,54.21],[20.83,54.07],[20.27,53.66],[20.1,53.66],[19.86,53.87],[19.87,54.07],[19.45,54.21],[19.27,54.07],[19.25,53.87],[18.98,53.66],[18.81,53.66],[18.7,53.39],[19.21,53.33],[19.31,53.46],[19.74,53.46],[19.73,53.33],[19.97,53.12],[20.4,53.06],[20.67,53.26],[20.93,53.26],[21.29,53.46],[22.42,53.6],[22.55,54],[22.46,54],[22.48,54.21],[22.66,54.27],[22.7,54.61],[22.7,54.68]]]}},{"type":"Feature","properties":{"NAME":"Sultanate of Sulu","C":11,"name":"Sultanate of Sulu","start_year":1529,"end_year":1672,"capital":"","type":"polity","region":"","event":"","source":"Cliopatria / Seshat Global History Databank (CC BY 4.0)","wikipedia":"Sultanate of Sulu","wikidata":"Q422065","_a":5,"_c":[120.99,5.91],"_nz":"苏禄苏丹国","_sz":""},"geometry":{"type":"MultiPolygon","coordinates":[[[[119.93,5.3],[120.15,5.36],[120.14,5.17],[119.69,5.04],[119.7,5.17],[119.92,5.24],[119.93,5.3]]],[[[120.85,6.07],[121.36,6.01],[121.35,5.81],[120.84,5.88],[120.84,5.94],[120.85,6.07]]],[[[121.76,6.46],[121.85,6.78],[122.29,6.71],[122.19,6.46],[122.04,6.39],[121.97,6.39],[121.76,6.46]]]]}},{"type":"Feature","properties":{"NAME":"Sultanate of Johor","C":10,"name":"Sultanate of Johor","start_year":1529,"end_year":1608,"capital":"","type":"polity","region":"","event":"","source":"Cliopatria / Seshat Global History Databank (CC BY 4.0)","wikipedia":"Johor Sultanate","wikidata":"Q1150344","_a":71,"_c":[104.1,1.8],"_nz":"柔佛苏丹国","_sz":""},"geometry":{"type":"MultiPolygon","coordinates":[[[[104.34,0.03],[104.55,0.03],[104.92,-0.23],[104.92,-0.36],[104.41,-0.29],[104.49,-0.36],[104.42,-0.68],[104.13,-0.61],[104.12,-0.36],[104.27,-0.36],[104.27,-0.29],[104.34,-0.29],[104.34,0.03]]],[[[101.69,1.76],[101.61,1.76],[101.68,1.64],[102.41,1.57],[102.39,1.12],[102.83,1.12],[103.11,0.93],[103.11,0.8],[102.96,0.8],[102.95,0.41],[103.1,0.54],[103.32,0.54],[103.6,0.35],[103.75,-0.04],[103.39,-0.16],[103.61,-0.23],[103.61,-0.36],[103.32,-0.42],[103.33,-0.74],[103.62,-1],[104.21,-1],[104.44,-1.58],[104.44,-1.64],[103.86,-1.77],[103.43,-2.09],[103.29,-2.41],[103.15,-2.41],[103.15,-2.35],[102.99,-1.96],[102.7,-1.9],[102.1,-1.32],[101.74,-1.19],[101.66,-0.94],[101.37,-0.87],[100.78,-0.42],[100.63,-0.16],[100.7,0.03],[100.61,0.22],[100.26,0.41],[100.04,0.35],[99.89,0.48],[99.99,1.19],[99.85,1.31],[100.29,1.51],[100.23,1.83],[100.09,1.89],[100.18,2.28],[100.04,2.6],[100.26,2.6],[100.39,2.21],[100.54,2.15],[100.68,2.15],[100.69,2.34],[100.91,2.34],[101.26,2.02],[101.41,2.15],[101.55,2.09],[101.63,2.09],[101.7,2.09],[101.69,1.76]]],[[[103.18,0.86],[103.4,0.86],[103.4,0.74],[103.39,0.67],[103.18,0.67],[103.18,0.86]]],[[[104.21,1.19],[104.57,1.12],[104.49,0.8],[104.34,0.8],[104.28,0.93],[104.2,0.93],[104.13,0.93],[104.21,1.19]]],[[[103.77,1.12],[103.92,1.25],[104.07,1.19],[104.06,1.06],[104.06,0.99],[103.77,0.93],[103.77,1.12]]],[[[104.06,2.92],[104.21,2.86],[104.2,2.73],[104.13,2.73],[103.98,2.73],[104.06,2.92]]],[[[103.83,2.54],[103.95,2.09],[104.23,1.7],[104.22,1.38],[103.93,1.38],[103.85,1.25],[103.63,1.25],[103.56,1.38],[103.27,1.31],[103.28,1.44],[103.06,1.64],[102.63,1.76],[102.42,1.96],[102.42,2.02],[102.5,2.21],[102.43,2.28],[102.58,2.41],[102.67,2.73],[102.39,2.99],[102.1,3.05],[101.89,3.18],[101.84,3.63],[101.7,3.76],[101.7,3.82],[101.7,3.89],[101.63,3.89],[101.63,3.95],[101.64,4.01],[101.57,4.21],[101.43,4.27],[101.53,4.85],[101.61,4.85],[101.61,4.91],[101.68,4.91],[101.69,4.98],[101.76,4.98],[101.83,4.98],[101.91,4.98],[102.19,4.91],[102.49,5.04],[102.35,5.17],[102.36,5.36],[102.22,5.43],[102.25,5.88],[102.4,6.01],[102.48,6.01],[103.17,5.36],[103.48,4.4],[103.47,4.34],[103.37,3.63],[103.4,2.86],[103.83,2.54]]],[[[108.04,3.82],[107.9,3.89],[107.98,4.14],[108.34,4.08],[108.32,3.69],[108.25,3.69],[108.25,3.63],[108.1,3.63],[108.04,3.82]]]]}},{"type":"Feature","properties":{"NAME":"Chámpa","C":6,"name":"Chámpa","start_year":1540,"end_year":1647,"capital":"","type":"polity","region":"","event":"","source":"Cliopatria / Seshat Global History Databank (CC BY 4.0)","wikipedia":"Champa","wikidata":"Q216786","_a":1,"_c":[108.98,11.96],"_nz":"占婆","_sz":""},"geometry":{"type":"Polygon","coordinates":[[[108.64,11.66],[108.81,11.28],[108.89,11.28],[109.21,11.6],[109.29,12.31],[109.22,12.31],[109.32,12.56],[109.25,12.56],[109.25,12.63],[108.96,12.63],[108.7,12.31],[108.64,11.73],[108.64,11.66]]]}},{"type":"Feature","properties":{"NAME":"Funj Sultanate","C":6,"name":"Funj Sultanate","start_year":1540,"end_year":1608,"capital":"","type":"polity","region":"","event":"","source":"Cliopatria / Seshat Global History Databank (CC BY 4.0)","wikipedia":"Funj Sultanate","wikidata":"Q1475713","_a":72,"_c":[32.22,14.46],"_nz":"丰吉苏丹国","_sz":""},"geometry":{"type":"Polygon","coordinates":[[[36.95,17.06],[36.21,17.06],[35.93,17.39],[35.78,17.39],[35.5,17.64],[35.37,17.96],[35.22,18.03],[33.43,17.45],[31.5,17.32],[31.64,17.06],[31.47,16.42],[27.2,16.55],[27.3,14.75],[27.58,14.43],[27.72,14.04],[27.7,13.46],[27.32,12.95],[27.29,11.99],[27.44,11.79],[27.42,11.28],[27.79,11.34],[29.18,11.09],[31.45,11.28],[31.88,11.02],[32.25,11.02],[32.54,10.89],[33.34,10.89],[34.44,11.09],[35.03,11.02],[35.04,11.47],[35.2,11.92],[35.35,11.99],[35.66,12.56],[36.26,12.82],[36.28,13.34],[36.51,13.72],[36.53,14.17],[36.6,14.17],[36.49,15.07],[36.65,15.26],[36.91,16.1],[37.06,16.23],[37.01,16.74],[37.24,17],[37.02,17.06],[36.95,17.06]]]}},{"type":"Feature","properties":{"NAME":"Sultanate of Malacca","C":8,"name":"Sultanate of Malacca","start_year":1552,"end_year":1639,"capital":"","type":"polity","region":"","event":"","source":"Cliopatria / Seshat Global History Databank (CC BY 4.0)","wikipedia":"Malacca Sultanate","wikidata":"Q46652","_a":173,"_c":[106.64,-1.1],"_nz":"马六甲苏丹国","_sz":""},"geometry":{"type":"MultiPolygon","coordinates":[[[[112.05,-7.49],[112.28,-7.56],[112.29,-7.75],[112.52,-7.94],[112.41,-8.46],[112.34,-8.46],[111.89,-8.33],[110.65,-8.26],[109.9,-8.01],[109.89,-7.94],[110.01,-7.56],[109.65,-7.49],[109.41,-7.24],[109.24,-6.85],[109.31,-6.85],[110.34,-6.91],[110.6,-6.4],[110.89,-6.4],[111.05,-6.66],[111.49,-6.59],[111.64,-6.72],[111.64,-6.79],[111.5,-6.85],[111.51,-7.04],[111.74,-7.11],[111.75,-7.3],[111.9,-7.43],[112.05,-7.43],[112.05,-7.49]]],[[[101.22,2.79],[101.23,3.18],[100.81,3.56],[100.75,3.76],[100.75,3.82],[100.98,3.89],[101.11,3.69],[101.26,3.82],[101.4,3.69],[101.7,3.76],[101.84,3.63],[101.89,3.18],[102.1,3.05],[102.02,2.79],[101.72,2.54],[101.64,2.54],[101.22,2.79]]],[[[101.76,4.98],[101.69,4.98],[101.68,4.91],[101.61,4.91],[101.61,4.85],[101.53,4.85],[101.55,5.11],[101.78,5.3],[101.73,5.75],[101.88,5.75],[102.05,6.26],[102.13,6.26],[102.41,6.07],[102.4,6.01],[102.25,5.88],[102.22,5.43],[102.36,5.36],[102.35,5.17],[102.49,5.04],[102.19,4.91],[101.91,4.98],[101.83,4.98],[101.76,4.98]]]]}},{"type":"Feature","properties":{"NAME":"Sultanate of Palembang","C":7,"name":"Sultanate of Palembang","start_year":1556,"end_year":1669,"capital":"","type":"polity","region":"","event":"","source":"Cliopatria / Seshat Global History Databank (CC BY 4.0)","wikipedia":"Palembang Sultanate","wikidata":"Q3503555","_a":13,"_c":[105.67,-2.83],"_nz":"巨港苏丹国","_sz":""},"geometry":{"type":"MultiPolygon","coordinates":[[[[105.86,-2.93],[106.01,-3.06],[106.01,-3.25],[105.73,-3.57],[105.74,-3.7],[105.89,-3.76],[105.83,-4.15],[105.76,-4.15],[105.23,-3.7],[104.94,-3.89],[104.95,-4.02],[104.37,-4.15],[104.37,-4.09],[103.55,-3.51],[103.31,-2.86],[103.16,-2.74],[103.15,-2.48],[103.15,-2.41],[103.29,-2.41],[103.43,-2.09],[103.86,-1.77],[104.44,-1.64],[104.44,-1.71],[104.52,-1.96],[104.81,-2.03],[104.82,-2.29],[105.55,-2.41],[105.64,-2.8],[105.79,-2.93],[105.86,-2.93]]],[[[108.03,-2.54],[108.18,-2.67],[108.12,-3.19],[107.47,-3.19],[107.45,-2.61],[107.52,-2.61],[107.52,-2.54],[108.03,-2.54]]],[[[106.58,-2.74],[106.58,-2.86],[106.8,-2.86],[106.81,-3.06],[106.45,-3.19],[105.78,-2.8],[105.77,-2.41],[105.62,-2.16],[105.11,-2.16],[104.96,-1.96],[105.24,-1.84],[105.24,-1.51],[105.6,-1.64],[105.6,-1.51],[105.97,-1.51],[106.21,-2.41],[106.72,-2.61],[106.72,-2.67],[106.58,-2.74]]]]}},{"type":"Feature","properties":{"NAME":"County of Urgell","C":10,"name":"County of Urgell","start_year":1556,"end_year":1639,"capital":"","type":"polity","region":"","event":"","source":"Cliopatria / Seshat Global History Databank (CC BY 4.0)","wikipedia":"County of Urgell","wikidata":"Q1514510","_a":0,"_c":[1.65,42.53],"_nz":"乌赫尔伯国","_sz":""},"geometry":{"type":"Polygon","coordinates":[[[1.57,42.63],[1.65,42.63],[1.73,42.63],[1.73,42.56],[1.81,42.56],[1.58,42.43],[1.49,42.63],[1.57,42.63]]]}},{"type":"Feature","properties":{"NAME":"Electorate of Trier","C":7,"name":"Electorate of Trier","start_year":1556,"end_year":1611,"capital":"","type":"polity","region":"","event":"","source":"Cliopatria / Seshat Global History Databank (CC BY 4.0)","wikipedia":"Electorate of Trier","wikidata":"Q1794352","_a":8,"_c":[10.02,49.49],"_nz":"特里尔选侯国","_sz":""},"geometry":{"type":"MultiPolygon","coordinates":[[[[7.02,49.52],[7.02,49.58],[7.6,49.58],[7.51,49.91],[7.76,49.91],[7.85,49.71],[8.27,49.71],[8.36,49.45],[8.61,49.45],[8.78,49.25],[8.27,49.25],[8.11,48.99],[7.95,48.99],[7.69,49.38],[7.36,49.25],[7.1,49.45],[7.1,49.52],[7.02,49.52]]],[[[12.36,48.85],[12.27,48.79],[12.28,48.92],[12.11,48.99],[11.69,48.92],[11.53,49.12],[11.28,49.18],[11.03,49.25],[11.03,49.45],[11.28,49.52],[11.2,49.78],[11.7,49.91],[11.87,50.18],[12.12,50.18],[12.37,49.98],[12.37,49.71],[12.53,49.65],[12.53,49.52],[13.03,49.25],[12.86,49.12],[12.61,49.12],[12.52,48.85],[12.44,48.85],[12.36,48.85]]]]}},{"type":"Feature","properties":{"NAME":"Republic of Genoa","C":9,"name":"Republic of Genoa","start_year":1564,"end_year":1631,"capital":"","type":"polity","region":"","event":"","source":"Cliopatria / Seshat Global History Databank (CC BY 4.0)","wikipedia":"Republic of Genoa","wikidata":"Q174306","_a":124,"_c":[16.73,41.44],"_nz":"热那亚共和国","_sz":""},"geometry":{"type":"MultiPolygon","coordinates":[[[[26.22,38.55],[26.11,38.16],[25.88,38.16],[25.9,38.48],[25.82,38.48],[25.91,38.67],[25.99,38.67],[26.22,38.55]]],[[[9.49,42.76],[9.57,42.76],[9.58,41.98],[9.5,41.98],[9.5,41.78],[9.26,41.39],[9.1,41.33],[8.78,41.52],[8.78,41.72],[8.62,41.72],[8.7,41.91],[8.54,42.11],[8.53,42.5],[8.77,42.69],[9.17,42.76],[9.25,43.02],[9.33,43.02],[9.49,43.02],[9.49,42.76]]],[[[7.23,43.8],[7.31,43.8],[7.31,43.73],[7.23,43.73],[7.23,43.8]]],[[[7.39,43.8],[7.31,43.8],[7.71,44.12],[7.79,44.12],[8.03,44.12],[8.03,43.93],[7.95,43.93],[7.87,43.93],[7.39,43.8]]],[[[9.97,43.99],[9.89,43.99],[9.89,44.06],[9.97,44.06],[9.97,43.99]]],[[[8.59,44.45],[8.43,44.32],[8.35,44.32],[8.51,44.58],[8.83,44.71],[9.4,44.45],[9.89,44.25],[9.97,44.12],[9.89,44.12],[9.57,44.19],[9.16,44.45],[8.59,44.45]]]]}},{"type":"Feature","properties":{"NAME":"Itza Mayans","C":11,"name":"Itza Mayans","start_year":1564,"end_year":1669,"capital":"","type":"polity","region":"","event":"","source":"Cliopatria / Seshat Global History Databank (CC BY 4.0)","wikipedia":"Itza people","wikidata":"Q606377","_a":6,"_c":[-89.31,17.26],"_nz":"伊察玛雅人","_sz":""},"geometry":{"type":"MultiPolygon","coordinates":[[[[-88.49,17.19],[-88.56,17.19],[-88.57,17.26],[-88.5,17.26],[-88.49,17.19]]],[[[-89.1,16.87],[-89.08,16.74],[-89.31,16.81],[-89.81,16.68],[-89.99,16.42],[-90.02,16.1],[-90.01,16.04],[-90.38,16.04],[-90.35,16.36],[-90.6,16.55],[-90.57,17.77],[-89.17,17.77],[-89.05,17.96],[-88.76,17.96],[-88.39,18.48],[-88.25,18.48],[-88.24,18.41],[-88.08,18.35],[-88.03,18.03],[-88.1,18.03],[-88.11,17.64],[-88.17,17.51],[-88.55,17.58],[-88.42,17.26],[-88.58,17.32],[-88.71,17.19],[-88.78,17.19],[-89.1,16.87]]]]}},{"type":"Feature","properties":{"NAME":"Nayaks of Madurai","C":1,"name":"Nayaks of Madurai","start_year":1572,"end_year":1712,"capital":"","type":"polity","region":"","event":"","source":"Cliopatria / Seshat Global History Databank (CC BY 4.0)","wikipedia":"Madurai Nayak dynasty","wikidata":"Q1530838","_a":6,"_c":[78.16,9.65],"_nz":"马杜赖纳亚克","_sz":""},"geometry":{"type":"Polygon","coordinates":[[[79.11,9.82],[78.9,9.46],[79.16,9.29],[78.42,9.12],[78.2,8.92],[78.06,8.36],[77.55,8.09],[77.15,8.25],[77.25,10.25],[77.66,11.2],[78.61,11.07],[78.5,10.82],[78.73,10.75],[78.7,10.37],[79.14,9.86],[79.11,9.82]]]}},{"type":"Feature","properties":{"NAME":"Kingdom of Mysore","C":7,"name":"Kingdom of Mysore","start_year":1572,"end_year":1672,"capital":"","type":"polity","region":"","event":"","source":"Cliopatria / Seshat Global History Databank (CC BY 4.0)","wikipedia":"Kingdom of Mysore","wikidata":"Q266923","_a":2,"_c":[76.81,12.24],"_nz":"迈索尔王国","_sz":""},"geometry":{"type":"Polygon","coordinates":[[[76.44,12.81],[76.04,12.64],[76.11,12.16],[76.33,11.95],[76.29,11.67],[76.99,11.56],[77.3,11.68],[77.58,12.05],[77.55,12.49],[76.77,12.91],[76.44,12.81]]]}},{"type":"Feature","properties":{"NAME":"Bijapur Sultanate","C":10,"name":"Bijapur Sultanate","start_year":1572,"end_year":1618,"capital":"","type":"polity","region":"","event":"","source":"Cliopatria / Seshat Global History Databank (CC BY 4.0)","wikipedia":"Adil Shahi dynasty","wikidata":"Q83821","_a":36,"_c":[75.88,15.65],"_nz":"比贾布尔苏丹国","_sz":""},"geometry":{"type":"Polygon","coordinates":[[[78.29,16.16],[78.34,15.97],[78.49,15.97],[78.54,15.78],[78.69,15.78],[78.82,15.59],[78.72,15.33],[77.9,15.2],[77.88,15.01],[77.72,14.88],[77.75,14.49],[78.1,14.3],[78.06,13.79],[77.82,13.66],[77.1,13.72],[77.14,13.4],[76.92,13.4],[76.79,13.53],[76.49,13.46],[76.42,13.59],[76.14,13.66],[75.96,13.34],[76.01,13.01],[75.77,12.76],[75.75,12.56],[75.61,12.56],[75.62,12.69],[75.34,12.89],[74.76,12.95],[74.66,13.59],[74.31,14.56],[74.31,14.62],[74.55,14.81],[74.52,15.26],[74.1,15.52],[73.8,15.46],[73.81,15.52],[73.42,16.04],[73.33,16.61],[73.25,16.61],[73.25,17.32],[73.01,17.84],[72.93,18.41],[72.93,18.48],[73.15,18.48],[73.17,18.61],[73.32,18.67],[74.22,18.74],[75.15,18.48],[75.63,18.16],[76.55,18.41],[77.11,18.16],[77.16,17.96],[77.3,17.9],[77.27,17.58],[77.39,17.39],[77.45,16.55],[77.8,16.42],[77.86,16.29],[78.09,16.36],[78.3,16.23],[78.29,16.16]]]}},{"type":"Feature","properties":{"NAME":"Sultanate of Aceh","C":9,"name":"Sultanate of Aceh","start_year":1572,"end_year":1608,"capital":"","type":"polity","region":"","event":"","source":"Cliopatria / Seshat Global History Databank (CC BY 4.0)","wikipedia":"Aceh Sultanate","wikidata":"Q1061057","_a":11,"_c":[96.66,3.95],"_nz":"亚齐苏丹国","_sz":""},"geometry":{"type":"Polygon","coordinates":[[[97.48,5.3],[96.24,5.24],[95.6,5.69],[95.24,5.69],[95.09,5.56],[95.07,5.17],[95.34,4.85],[95.33,4.72],[96.24,3.95],[96.24,3.82],[96.6,3.76],[96.88,3.56],[97.15,2.99],[97.5,2.79],[97.56,2.28],[97.92,2.21],[98.02,2.86],[97.94,2.86],[97.9,3.5],[97.77,3.82],[97.92,3.89],[98,4.21],[98.22,4.21],[98.24,4.53],[98.02,4.59],[97.83,5.04],[97.47,5.24],[97.48,5.3]]]}},{"type":"Feature","properties":{"NAME":"Sultanate of Banten","C":10,"name":"Sultanate of Banten","start_year":1572,"end_year":1618,"capital":"","type":"polity","region":"","event":"","source":"Cliopatria / Seshat Global History Databank (CC BY 4.0)","wikipedia":"Banten Sultanate","wikidata":"Q734867","_a":25,"_c":[105.07,-5.72],"_nz":"万丹苏丹国","_sz":""},"geometry":{"type":"MultiPolygon","coordinates":[[[[107.57,-6.91],[107.8,-7.17],[108.1,-7.3],[108.12,-7.56],[107.99,-7.81],[107.91,-7.81],[107.16,-7.49],[106.43,-7.49],[106.28,-7.43],[106.33,-7.04],[105.89,-6.85],[105.37,-6.85],[105.43,-6.53],[105.65,-6.46],[105.7,-6.08],[105.91,-5.89],[106.49,-5.95],[106.65,-6.08],[106.86,-6.01],[106.86,-5.95],[107.01,-6.01],[107.02,-6.21],[107.25,-6.4],[107.27,-6.79],[107.49,-6.91],[107.57,-6.91]]],[[[104.16,-4.28],[104.23,-4.28],[104.23,-4.21],[104.3,-4.21],[104.3,-4.15],[104.37,-4.15],[104.95,-4.02],[104.94,-3.89],[105.23,-3.7],[105.76,-4.15],[105.76,-4.21],[105.85,-4.73],[105.78,-4.73],[105.8,-5.24],[105.73,-5.24],[105.76,-5.82],[105.39,-5.82],[105.23,-5.56],[105.17,-5.76],[104.81,-5.76],[104.51,-5.56],[104.6,-5.95],[104.45,-5.95],[104.15,-5.69],[104.14,-5.56],[103.92,-5.5],[103.76,-5.18],[103.23,-4.79],[103.09,-4.79],[102.18,-4.02],[102.02,-3.64],[102.68,-3.7],[102.99,-4.09],[103.58,-4.41],[104.09,-4.34],[104.09,-4.28],[104.16,-4.28]]]]}},{"type":"Feature","properties":{"NAME":"Golconda Sultanate","C":2,"name":"Golconda Sultanate","start_year":1572,"end_year":1611,"capital":"","type":"polity","region":"","event":"","source":"Cliopatria / Seshat Global History Databank (CC BY 4.0)","wikipedia":"Qutb Shahi dynasty","wikidata":"Q1148042","_a":17,"_c":[80.16,17.58],"_nz":"戈尔孔达苏丹国","_sz":""},"geometry":{"type":"Polygon","coordinates":[[[80.49,18.67],[81.42,17.77],[82.54,17.26],[82.36,17],[82.38,16.55],[82.07,16.36],[81.32,16.29],[81.12,15.78],[80.9,15.78],[80.94,16.16],[80.8,16.23],[80.76,16.49],[80.34,16.74],[79.9,16.74],[79.43,16.49],[79.21,16.49],[79.22,16.61],[78.7,16.55],[78.47,16.49],[78.37,16.23],[78.3,16.23],[78.09,16.36],[77.86,16.29],[77.8,16.42],[77.9,16.68],[77.78,16.94],[77.82,17.26],[78.02,17.77],[78.04,18.54],[78.11,18.54],[78.14,18.8],[77.97,19.25],[78.43,19.38],[79.25,19.38],[79.31,19.25],[79.81,19.12],[80,18.86],[80.36,18.8],[80.44,18.8],[80.43,18.74],[80.5,18.74],[80.49,18.67]]]}},{"type":"Feature","properties":{"NAME":"Nguyễn lords","C":8,"name":"Nguyễn lords","start_year":1572,"end_year":1652,"capital":"","type":"polity","region":"","event":"","source":"Cliopatria / Seshat Global History Databank (CC BY 4.0)","wikipedia":"Nguyễn lords","wikidata":"Q2301908","_a":23,"_c":[107.59,15.17],"_nz":"阮主","_sz":""},"geometry":{"type":"Polygon","coordinates":[[[107.27,16.94],[107.29,17.06],[107.1,17.26],[106.75,17.39],[106.54,17.9],[106.55,17.96],[106.11,17.96],[106.06,18.16],[105.67,18.03],[105.71,17.77],[106.61,16.94],[106.69,16.49],[106.97,16.42],[107.15,16.16],[107.5,16.04],[107.3,15.65],[107.69,15.33],[107.51,14.56],[107.38,14.11],[107.67,13.46],[107.55,13.08],[107.57,12.63],[107.79,12.63],[108.12,12.31],[108.1,12.18],[108.7,12.31],[108.96,12.63],[109.25,12.63],[109.26,12.69],[109.32,12.56],[109.47,12.56],[109.51,12.95],[109.33,13.27],[109.35,14.04],[109.18,14.36],[109.16,14.75],[108.97,15.01],[109.02,15.33],[108.68,15.52],[108.7,15.65],[108.37,15.91],[108.33,16.16],[108.14,16.36],[107.84,16.36],[107.86,16.49],[107.72,16.49],[107.67,16.68],[107.34,16.94],[107.27,16.94]]]}},{"type":"Feature","properties":{"NAME":"Haudenosaunee","C":5,"name":"Haudenosaunee","start_year":1572,"end_year":1639,"capital":"","type":"polity","region":"","event":"","source":"Cliopatria / Seshat Global History Databank (CC BY 4.0)","wikipedia":"Iroquois","wikidata":"Q68518","_a":16,"_c":[-75.78,43.77],"_nz":"易洛魁联盟","_sz":""},"geometry":{"type":"Polygon","coordinates":[[[-73.61,44.06],[-73.72,44.45],[-73.57,44.65],[-73.63,44.91],[-73.33,44.97],[-73.37,45.04],[-73.45,45.04],[-73.5,45.3],[-74.3,45.43],[-74.26,45.37],[-74.98,45.17],[-75.04,44.97],[-75.54,44.84],[-75.73,44.58],[-76.07,44.45],[-76.16,44.32],[-76.1,44.19],[-76.26,44.19],[-76.01,43.86],[-76.19,43.73],[-76.17,43.54],[-76.54,43.47],[-76.51,43.41],[-76.67,43.41],[-76.76,43.28],[-78.08,43.34],[-78.09,42.89],[-78.17,42.89],[-78.11,42.76],[-78.23,42.69],[-77.91,42.37],[-76.12,42.3],[-75.31,42.11],[-75.22,42.43],[-75.06,42.43],[-74.82,42.76],[-74.27,42.95],[-74.3,43.02],[-74.06,43.02],[-73.67,43.54],[-73.72,43.8],[-73.53,43.73],[-73.65,43.99],[-73.57,43.99],[-73.61,44.06]]]}},{"type":"Feature","properties":{"NAME":"Swiss Confederation","C":2,"name":"Swiss Confederation","start_year":1572,"end_year":1601,"capital":"","type":"polity","region":"","event":"","source":"Cliopatria / Seshat Global History Databank (CC BY 4.0)","wikipedia":"Switzerland","wikidata":"Q39","_a":8,"_c":[8.24,46.81],"_nz":"瑞士邦联","_sz":""},"geometry":{"type":"Polygon","coordinates":[[[10.53,46.55],[10.45,46.55],[10.37,47.01],[10.2,46.87],[9.96,46.87],[9.63,47.14],[9.54,47.14],[9.46,47.27],[9.62,47.47],[9.62,47.53],[9.04,47.73],[8.96,47.73],[8.88,47.73],[8.55,47.73],[8.47,47.6],[8.22,47.66],[8.05,47.6],[8.14,47.53],[8.06,47.33],[7.73,47.33],[7.56,47.53],[7.56,47.6],[7.4,47.47],[6.98,47.53],[6.99,47.27],[6.83,47.14],[7.08,46.94],[6.51,46.87],[6.19,46.61],[6.1,46.61],[6.11,46.55],[6.11,46.48],[6.03,46.48],[6.03,46.41],[5.95,46.41],[5.95,46.35],[6.12,46.22],[6.27,46.41],[6.68,46.41],[6.85,46.28],[6.86,46.02],[7.1,45.89],[7.92,45.96],[8.32,46.41],[8.49,46.35],[8.49,46.15],[8.65,46.15],[8.9,45.89],[9.22,46.22],[9.39,46.22],[9.47,46.02],[10.12,46.02],[10.37,46.35],[10.53,46.28],[10.53,46.35],[10.53,46.41],[10.53,46.48],[10.53,46.55]]]}},{"type":"Feature","properties":{"NAME":"Nayaks of Thanjavur","C":11,"name":"Nayaks of Thanjavur","start_year":1572,"end_year":1672,"capital":"","type":"polity","region":"","event":"","source":"Cliopatria / Seshat Global History Databank (CC BY 4.0)","wikipedia":"Thanjavur Nayak kingdom","wikidata":"Q1588434","_a":2,"_c":[79.22,10.64],"_nz":"坦贾武尔纳亚克","_sz":""},"geometry":{"type":"Polygon","coordinates":[[[79.69,11.37],[79,10.97],[78.54,10.96],[78.52,10.84],[78.73,10.75],[78.71,10.37],[79.18,9.81],[79.33,10.22],[79.91,10.28],[79.9,11.24],[79.8,11.47],[79.69,11.37]]]}},{"type":"Feature","properties":{"NAME":"Sultanate of Cirebon","C":0,"name":"Sultanate of Cirebon","start_year":1579,"end_year":1618,"capital":"","type":"polity","region":"","event":"","source":"Cliopatria / Seshat Global History Databank (CC BY 4.0)","wikipedia":"Sultanate of Cirebon","wikidata":"Q2077648","_a":6,"_c":[108.43,-6.91],"_nz":"井里汶苏丹国","_sz":""},"geometry":{"type":"Polygon","coordinates":[[[108.87,-6.79],[108.5,-6.72],[108.26,-6.27],[107.53,-6.21],[107.37,-6.01],[106.85,-5.89],[106.86,-5.95],[107.01,-6.01],[107.02,-6.21],[107.25,-6.4],[107.27,-6.79],[107.49,-6.91],[107.57,-6.91],[107.8,-7.17],[108.1,-7.3],[108.12,-7.56],[107.99,-7.81],[108.06,-7.81],[108.28,-7.88],[108.56,-7.69],[108.78,-7.69],[109.82,-7.94],[109.89,-7.94],[110.01,-7.56],[109.49,-7.36],[109.4,-7.11],[109.25,-7.04],[109.24,-6.85],[109.17,-6.85],[109.16,-6.79],[109.09,-6.79],[109.02,-6.79],[108.95,-6.79],[108.87,-6.79]]]}},{"type":"Feature","properties":{"NAME":"Kingdom of Scotland","C":4,"name":"Kingdom of Scotland","start_year":1579,"end_year":1601,"capital":"","type":"polity","region":"","event":"","source":"Cliopatria / Seshat Global History Databank (CC BY 4.0)","wikipedia":"Kingdom of Scotland","wikidata":"Q230791","_a":45,"_c":[-4.2,57.49],"_nz":"苏格兰王国","_sz":""},"geometry":{"type":"MultiPolygon","coordinates":[[[[-6.35,54.82],[-6.5,55.29],[-6.41,55.29],[-6.15,55.29],[-5.94,55.02],[-5.93,54.95],[-5.99,54.75],[-5.73,54.75],[-5.64,54.75],[-5.55,54.75],[-5.42,54.41],[-5.67,54.34],[-5.82,54.14],[-5.99,54.14],[-6.02,54.34],[-5.93,54.34],[-5.94,54.41],[-5.96,54.55],[-6.35,54.82]]],[[[-1.82,57.42],[-2.08,57.28],[-2.21,56.87],[-2.53,56.59],[-2.79,56.52],[-2.67,56.25],[-3.27,56.11],[-3,56.05],[-2.66,56.11],[-2.19,55.91],[-2.11,55.91],[-2.27,55.77],[-2.24,55.5],[-2.56,55.23],[-2.73,55.23],[-2.81,55.09],[-3.14,54.95],[-3.4,54.95],[-3.49,54.95],[-3.74,54.82],[-4.42,54.75],[-4.95,54.82],[-4.94,54.68],[-5.11,54.68],[-5.33,55.02],[-5.15,55.02],[-5.17,55.16],[-4.77,55.43],[-4.79,55.63],[-4.98,55.7],[-5,55.84],[-5.44,55.91],[-5.43,55.77],[-5.16,55.77],[-5.12,55.43],[-5.38,55.43],[-5.57,55.57],[-5.63,55.29],[-5.89,55.29],[-5.92,55.5],[-5.69,55.77],[-5.8,55.98],[-5.89,55.98],[-5.95,55.77],[-6.13,55.77],[-6.19,55.57],[-6.36,55.57],[-6.38,55.7],[-6.63,55.63],[-6.51,55.98],[-6.07,55.98],[-5.92,56.18],[-5.66,56.18],[-5.68,56.39],[-6.29,56.32],[-6.23,56.52],[-6.34,56.66],[-5.91,56.73],[-5.95,57.01],[-6.06,57.14],[-6.41,57.14],[-6.62,57.35],[-6.8,57.35],[-6.82,57.49],[-6.47,57.56],[-6.5,57.77],[-6.32,57.77],[-6.12,57.56],[-6.09,57.35],[-5.81,57.28],[-5.7,57.14],[-5.73,57.35],[-5.92,57.42],[-5.89,57.83],[-5.73,57.97],[-5.46,57.97],[-5.42,58.32],[-5.24,58.32],[-5.26,58.46],[-5.17,58.46],[-5.2,58.67],[-4.02,58.6],[-3.68,58.74],[-3.14,58.74],[-3.02,58.53],[-3.43,58.18],[-4.12,57.97],[-3.93,57.9],[-3.99,57.7],[-3.73,57.7],[-3.73,57.77],[-1.85,57.7],[-1.82,57.42]]],[[[-7.47,57.08],[-7.6,57.35],[-7.25,57.42],[-7.23,57.28],[-7.32,57.28],[-7.29,57.08],[-7.47,57.08]]],[[[-7.56,57.7],[-7.12,57.7],[-7.11,57.63],[-7.44,57.49],[-7.56,57.7]]],[[[-6.26,58.53],[-6.21,58.18],[-6.39,58.18],[-6.52,57.9],[-7.13,57.77],[-7.07,57.97],[-7.28,58.18],[-6.85,58.32],[-6.76,58.32],[-6.79,58.46],[-6.26,58.53]]],[[[-3.53,59.02],[-3.44,59.02],[-3.38,59.22],[-3.2,59.22],[-3.09,59.09],[-2.81,59.02],[-2.79,58.88],[-2.97,58.88],[-3.06,58.88],[-3.42,58.81],[-3.53,59.02]]],[[[-2.84,59.29],[-2.58,59.36],[-2.56,59.22],[-2.65,59.22],[-2.64,59.16],[-2.83,59.16],[-2.84,59.29]]],[[[-0.83,60.84],[-0.81,60.63],[-1.16,60.56],[-1.05,60.35],[-1.14,60.35],[-1.2,60.07],[-1.67,60.21],[-1.63,60.63],[-1.36,60.7],[-1.35,60.56],[-1.26,60.56],[-1.28,60.77],[-0.83,60.84]]]]}},{"type":"Feature","properties":{"NAME":"Ethiopian Empire","C":11,"name":"Ethiopian Empire","start_year":1579,"end_year":1635,"capital":"","type":"polity","region":"","event":"","source":"Cliopatria / Seshat Global History Databank (CC BY 4.0)","wikipedia":"Ethiopian Empire","wikidata":"Q207521","_a":73,"_c":[39.67,11.19],"_nz":"埃塞俄比亚帝国","_sz":""},"geometry":{"type":"MultiPolygon","coordinates":[[[[39.81,15.2],[39.82,15.52],[39.97,15.52],[40.31,14.94],[40.68,15.01],[40.82,14.75],[41.32,14.62],[41.53,14.24],[41.67,14.17],[41.66,14.04],[41.88,13.98],[42.16,13.66],[42.31,13.66],[42.44,13.27],[42.58,13.27],[42.86,12.95],[42.27,12.69],[42.41,12.56],[42.4,12.37],[41.94,11.86],[41.85,11.41],[41.9,10.89],[41.76,10.89],[41.73,10.12],[41.86,9.74],[41.71,9.54],[41.99,9.29],[42.19,8.71],[42.34,8.71],[42.09,8],[42.08,7.61],[42.29,7.42],[42.29,7.16],[42.14,7.04],[42.05,6.65],[41.76,6.65],[41.68,6.52],[41.75,6.33],[41.6,6.2],[41.25,6.52],[41.18,6.84],[41.03,6.78],[41.03,6.59],[40.81,6.52],[40.8,6.33],[41.16,6.07],[41.16,5.94],[41.3,5.94],[41.29,5.62],[41.14,5.56],[41,5.75],[40.71,5.81],[40.27,5.43],[39.83,5.43],[39.76,5.62],[39.61,5.56],[39.26,5.81],[39.19,6.07],[39.05,6.14],[39.06,6.46],[38.55,6.71],[38.7,6.84],[38.64,7.16],[38.49,7.1],[38.42,7.23],[38.27,7.23],[38.12,7.04],[37.98,7.04],[37.91,7.16],[37.54,7.16],[37.47,7.29],[37.18,7.36],[37.27,7.94],[37.2,8],[37.49,8],[37.5,8.26],[37.28,8.32],[37.36,8.51],[37.15,8.77],[37.09,9.16],[37.47,9.61],[37.48,9.93],[37.28,10.38],[36.77,10.44],[36.48,10.64],[36.48,10.83],[36.71,11.09],[36.65,11.28],[36.8,11.41],[36.75,12.24],[36.91,12.44],[37,12.89],[37.22,13.14],[37.16,13.34],[37.31,13.34],[37.54,13.72],[37.63,14.11],[37.56,14.17],[37.87,14.69],[38.14,15.65],[38.29,15.71],[38.53,16.23],[38.68,16.29],[39.08,16.94],[39.28,16.55],[39.33,16.04],[39.26,16.04],[39.26,15.97],[39.11,15.91],[39.1,15.78],[39.3,15.39],[39.74,15.26],[39.73,15.2],[39.81,15.2]]],[[[36.65,11.41],[36.65,11.47],[36.73,11.47],[36.72,11.41],[36.65,11.41]]],[[[38.14,15.71],[38.14,15.78],[38.22,15.78],[38.21,15.71],[38.14,15.71]]]]}},{"type":"Feature","properties":{"NAME":"Bidar Sultanate","C":9,"name":"Bidar Sultanate","start_year":1579,"end_year":1611,"capital":"","type":"polity","region":"","event":"","source":"Cliopatria / Seshat Global History Databank (CC BY 4.0)","wikipedia":"Bidar Sultanate","wikidata":"Q669317","_a":6,"_c":[77.19,17.9],"_nz":"比达尔苏丹国","_sz":""},"geometry":{"type":"Polygon","coordinates":[[[78.11,18.54],[78.14,18.8],[77.97,19.25],[77.25,19.38],[77.09,19.25],[76.79,19.25],[76.43,19.38],[76.24,18.99],[76.5,18.67],[76.55,18.41],[77.11,18.16],[77.16,17.96],[77.3,17.9],[77.27,17.58],[77.39,17.39],[77.45,16.55],[77.8,16.42],[77.9,16.68],[77.78,16.94],[77.82,17.26],[78.02,17.77],[78.04,18.54],[78.11,18.54]]]}},{"type":"Feature","properties":{"NAME":"Bornu Empire","C":0,"name":"Bornu Empire","start_year":1579,"end_year":1635,"capital":"","type":"polity","region":"","event":"","source":"Cliopatria / Seshat Global History Databank (CC BY 4.0)","wikipedia":"Kanem-Bornu Empire","wikidata":"Q1139762","_a":45,"_c":[14.26,12.44],"_nz":"博尔努帝国","_sz":""},"geometry":{"type":"Polygon","coordinates":[[[14.14,14.94],[14,15.2],[13.85,15.14],[12.97,15.52],[12.02,15.59],[11.43,15.33],[10.98,14.69],[10.68,13.34],[10.9,13.08],[10.97,12.69],[11.26,12.18],[11.62,11.86],[11.91,11.21],[12.05,11.15],[12.05,10.96],[12.27,11.02],[12.93,10.7],[13.07,10.44],[13.29,10.44],[13.36,10.25],[13.28,9.99],[13.5,9.41],[14.22,9.29],[16.2,9.29],[16.49,9.41],[17.16,9.99],[17.46,10.51],[17.68,10.44],[17.61,10.57],[17.83,10.76],[17.83,11.02],[17.55,11.6],[17.33,11.66],[17.04,11.92],[17.04,12.05],[16.61,12.37],[16.54,12.89],[16.32,13.01],[16.32,13.14],[15.24,14.17],[15.09,14.17],[14.22,14.94],[14.14,14.94]]]}},{"type":"Feature","properties":{"NAME":"Mongol Khanate","C":4,"name":"Mongol Khanate","start_year":1582,"end_year":1625,"capital":"","type":"polity","region":"","event":"","source":"Cliopatria / Seshat Global History Databank (CC BY 4.0)","wikipedia":"Mongol khanate","wikidata":"Q19927420","_a":242,"_c":[113.32,41.19],"_nz":"蒙古汗国","_sz":""},"geometry":{"type":"MultiPolygon","coordinates":[[[[102.49,35.64],[102.42,35.64],[102.44,35.71],[102.52,35.71],[102.49,35.64]]],[[[124.14,45.37],[124.22,45.37],[124.04,45.1],[124.13,45.1],[123.99,44.91],[124.07,44.91],[123.5,43.93],[123.58,43.93],[123.32,43.41],[123.51,43.21],[123.43,43.08],[123.58,42.82],[123.66,42.82],[123.58,42.69],[123.7,42.63],[123.57,42.43],[123.21,42.37],[122.81,42.11],[122.41,41.33],[122.01,41.33],[122.05,41.65],[121.89,41.65],[121.93,41.72],[121.45,41.59],[119.36,40.03],[118.97,40.03],[118.79,40.42],[118.63,40.42],[118.63,40.55],[118.39,40.55],[118.42,40.61],[117.79,40.61],[117.37,40.42],[117.36,40.55],[117.2,40.55],[117.34,40.94],[116.99,40.87],[116.86,41.07],[116.58,41.13],[116.61,41.2],[115.82,41.07],[114.97,40.68],[114.77,40.74],[114.76,40.87],[114.61,40.87],[114.6,41],[114.44,41],[114.31,41.2],[114.38,41.33],[114.17,41.65],[114.01,41.65],[113.91,41.91],[113.51,42.04],[113.55,42.11],[112.5,42.37],[112.53,42.43],[112.21,42.43],[112.25,42.5],[111.2,42.76],[111.23,42.82],[110.55,42.89],[110.82,43.21],[111.53,43.47],[111.96,43.8],[111.75,44.12],[111.59,44.12],[111.55,44.32],[111.39,44.32],[111.78,44.97],[112.02,45.1],[112.42,45.1],[112.38,45.04],[112.95,44.91],[112.91,44.84],[113.16,44.84],[113.12,44.78],[113.69,44.78],[114.74,45.43],[115.19,45.37],[115.88,45.56],[116.13,45.69],[116.47,46.22],[116.72,46.35],[117.13,46.35],[117.42,46.55],[118.62,46.74],[119.11,46.74],[119.06,46.68],[119.31,46.68],[119.27,46.61],[120.21,46.68],[120.17,46.61],[121.11,46.55],[121.06,46.48],[121.82,46.15],[121.81,46.02],[122.57,45.69],[122.56,45.56],[122.96,45.43],[122.92,45.37],[124.19,45.43],[124.14,45.37]]]]}},{"type":"Feature","properties":{"NAME":"Duchy of Lorraine","C":6,"name":"Duchy of Lorraine","start_year":1588,"end_year":1601,"capital":"","type":"polity","region":"","event":"","source":"Cliopatria / Seshat Global History Databank (CC BY 4.0)","wikipedia":"Duchy of Lorraine","wikidata":"Q155019","_a":5,"_c":[6.2,48.72],"_nz":"洛林公国","_sz":""},"geometry":{"type":"MultiPolygon","coordinates":[[[[6.15,47.93],[6.06,47.93],[5.98,47.93],[5.98,47.86],[5.9,47.86],[5.82,47.86],[5.65,48.06],[5.48,48.06],[5.38,48.52],[5.63,48.59],[5.72,48.46],[5.88,48.46],[5.79,48.79],[5.87,48.85],[5.95,48.85],[5.95,48.79],[6.04,48.79],[6.04,48.85],[6.03,48.92],[6.45,48.85],[6.37,48.72],[6.87,48.65],[6.88,48.52],[7.04,48.52],[7.05,48.32],[7.13,48.32],[7.06,47.93],[6.97,47.93],[6.89,47.93],[6.23,47.99],[6.14,47.99],[6.15,47.93]],[[6.54,48.52],[6.47,48.32],[6.72,48.19],[6.79,48.46],[6.71,48.46],[6.54,48.52]]],[[[6.61,48.99],[7.03,48.92],[7.03,48.85],[6.95,48.85],[6.95,48.79],[6.87,48.79],[6.62,48.85],[6.61,48.99]]],[[[6.86,49.12],[7.53,49.12],[7.53,48.99],[7.36,48.92],[7.03,48.99],[7.03,49.05],[6.95,49.05],[6.86,49.05],[6.86,49.12]]],[[[5.3,48.59],[5.29,48.85],[5.13,48.65],[4.88,48.65],[4.87,48.99],[5.03,49.05],[4.94,49.18],[5.18,49.58],[5.26,49.58],[5.26,49.52],[5.26,49.45],[5.35,49.45],[5.35,49.38],[5.35,49.32],[5.36,48.99],[5.7,48.99],[5.61,49.18],[5.85,49.32],[5.86,49.25],[5.86,49.18],[5.94,49.18],[5.86,48.99],[6.03,48.92],[5.95,48.92],[5.87,48.92],[5.87,48.85],[5.79,48.85],[5.7,48.85],[5.62,48.85],[5.62,48.79],[5.54,48.79],[5.38,48.59],[5.3,48.59]]],[[[6.36,49.25],[6.26,49.52],[6.35,49.58],[7.02,49.58],[7.02,49.52],[7.1,49.52],[7.1,49.45],[6.85,49.45],[6.86,49.32],[6.69,49.32],[6.69,49.18],[6.36,49.12],[6.36,49.25]]],[[[5.93,49.38],[5.94,49.32],[5.85,49.32],[5.85,49.38],[5.77,49.38],[5.68,49.38],[5.6,49.52],[5.68,49.58],[6.01,49.52],[6.02,49.45],[6.02,49.38],[5.93,49.38]]]]}},{"type":"Feature","properties":{"NAME":"Mataram Sultanate","C":8,"name":"Mataram Sultanate","start_year":1588,"end_year":1618,"capital":"","type":"polity","region":"","event":"","source":"Cliopatria / Seshat Global History Databank (CC BY 4.0)","wikipedia":"Mataram Sultanate","wikidata":"Q402145","_a":7,"_c":[110.88,-7.43],"_nz":"马打兰苏丹国","_sz":""},"geometry":{"type":"Polygon","coordinates":[[[112.05,-7.43],[111.9,-7.43],[111.75,-7.3],[111.74,-7.11],[111.51,-7.04],[111.5,-6.85],[111.64,-6.79],[111.64,-6.72],[111.49,-6.59],[111.05,-6.66],[110.89,-6.4],[110.6,-6.4],[110.34,-6.91],[109.31,-6.85],[109.24,-6.85],[109.25,-7.04],[109.4,-7.11],[109.49,-7.36],[110.01,-7.56],[109.89,-7.94],[109.9,-8.01],[110.65,-8.26],[111.89,-8.33],[112.34,-8.46],[112.41,-8.46],[112.52,-7.94],[112.29,-7.75],[112.28,-7.56],[112.05,-7.49],[112.05,-7.43]]]}},{"type":"Feature","properties":{"NAME":"Eastern Moghulistan","C":9,"name":"Eastern Moghulistan","start_year":1588,"end_year":1608,"capital":"","type":"polity","region":"","event":"","source":"Cliopatria / Seshat Global History Databank (CC BY 4.0)","wikipedia":"Moghulistan","wikidata":"Q1191125","_a":141,"_c":[83.16,39.08],"_nz":"东莫卧儿斯坦","_sz":""},"geometry":{"type":"Polygon","coordinates":[[[92.69,39.71],[92.3,39.9],[92.28,40.03],[92.12,40.03],[92.09,40.16],[90.75,40.55],[90.65,40.68],[90.7,40.81],[90.57,40.87],[90.63,41],[90.49,41.07],[90.46,41.72],[90.22,41.91],[89.61,41.98],[89.64,42.04],[88.82,42.17],[88.85,42.24],[88.08,42.3],[88.11,42.37],[85.76,42.69],[85.79,42.76],[84.11,42.76],[82.06,42.24],[80.96,42.3],[80.53,42.43],[80.19,42.37],[80.16,42.3],[80.14,42.04],[79.98,42.04],[79.96,41.98],[78.77,41.59],[77.31,40.61],[76.17,39.58],[75.3,39.06],[73.96,38.55],[73.75,38.61],[73.63,38.22],[73.71,38.22],[73.62,37.9],[73.7,37.9],[73.66,37.51],[73.78,37.38],[73.69,37.06],[73.8,36.87],[74.11,36.87],[74.55,37.06],[75.31,37],[75.41,36.8],[75.78,36.74],[75.96,36.55],[75.97,36.03],[76.09,35.9],[76.56,35.9],[76.72,35.64],[77.07,35.52],[77.15,35.52],[77.98,35.45],[78.09,35.58],[78.33,35.58],[78.48,35.84],[78.65,35.9],[79.44,35.97],[79.74,35.64],[80.15,35.45],[80.22,35.45],[81.48,35.52],[81.67,35.39],[82.02,35.52],[82.35,35.84],[82.74,35.84],[82.81,35.58],[83.28,35.58],[83.88,35.77],[84.63,35.71],[85,35.9],[85.7,35.9],[85.89,35.77],[86.24,35.9],[86.52,36.29],[86.8,36.42],[87.24,36.35],[88.67,36.67],[89.71,36.55],[89.83,36.42],[90.26,36.55],[91.25,36.48],[91.39,36.67],[91.31,36.67],[91.36,36.8],[90.94,36.93],[91,37.13],[91.46,37.32],[91.53,37.51],[91.4,37.58],[91.45,37.71],[91.28,37.9],[90.94,38.03],[91.04,38.29],[90.88,38.48],[90.95,38.67],[92.59,39.26],[92.69,39.71]]]}},{"type":"Feature","properties":{"NAME":"Sultanate of Brunei","C":5,"name":"Sultanate of Brunei","start_year":1588,"end_year":1618,"capital":"","type":"polity","region":"","event":"","source":"Cliopatria / Seshat Global History Databank (CC BY 4.0)","wikipedia":"Bruneian Sultanate (1368-1888)","wikidata":"Q887803","_a":110,"_c":[114.57,6.17],"_nz":"文莱苏丹国","_sz":""},"geometry":{"type":"MultiPolygon","coordinates":[[[[118.01,6.07],[118.06,5.81],[118.36,5.88],[118.56,5.62],[119.14,5.49],[119.27,5.36],[119.26,5.17],[119.03,4.98],[118.16,4.98],[118.14,4.79],[118.43,4.72],[118.57,4.53],[118.48,4.27],[117.68,4.27],[116.96,5.69],[116.82,5.75],[116.77,6.01],[116.41,6.07],[115.99,5.36],[115.84,5.3],[115.75,4.98],[115.6,4.91],[115.35,4.4],[115.2,4.34],[114.96,3.82],[114.73,3.63],[112.65,2.73],[111.62,2.54],[111.6,2.09],[111.38,1.96],[111.49,1.12],[110.91,1.12],[110.33,1.38],[110.04,1.38],[109.83,1.57],[109.61,1.51],[109.62,1.64],[109.4,1.7],[109.11,1.64],[109.34,2.02],[109.63,2.02],[109.63,1.89],[109.98,1.7],[110.28,1.83],[110.49,1.57],[110.92,1.51],[111.01,2.02],[111.16,2.15],[111.1,2.41],[111.25,2.41],[111.26,2.73],[111.71,2.92],[112.81,3.11],[113.11,3.37],[113.2,3.69],[113.66,4.01],[113.91,4.59],[114.28,4.66],[114.74,5.04],[115.31,4.98],[115.47,5.11],[115.26,5.3],[115.35,5.49],[115.5,5.62],[115.79,5.62],[116.05,6.2],[116.35,6.39],[116.69,7.04],[116.84,7.04],[116.82,6.78],[116.89,6.78],[116.9,6.91],[117.2,7.04],[117.26,6.78],[117.75,6.46],[117.64,5.94],[117.71,5.94],[118.01,6.07]]],[[[115.43,4.46],[115.43,4.53],[115.51,4.53],[115.5,4.46],[115.43,4.46]]],[[[115.51,4.59],[115.51,4.66],[115.59,4.66],[115.58,4.59],[115.51,4.59]]],[[[117.21,7.16],[116.99,7.1],[117.01,7.29],[117.01,7.36],[117.23,7.36],[117.21,7.16]]],[[[118.73,9.48],[118.02,8.96],[118.01,8.84],[117.4,8.51],[117.24,8.32],[117.09,8.32],[117.28,8.84],[118.22,9.48],[118.89,10.38],[119.19,10.44],[119.17,10.96],[119.32,10.96],[119.42,11.21],[119.57,11.21],[119.58,10.7],[119.72,10.57],[120.02,10.64],[120,10.51],[119.32,10.25],[119.14,9.99],[119.07,9.99],[118.77,9.86],[118.73,9.48]]]]}},{"type":"Feature","properties":{"NAME":"Electorate of Brandenburg","C":11,"name":"Electorate of Brandenburg","start_year":1588,"end_year":1611,"capital":"","type":"polity","region":"","event":"","source":"Cliopatria / Seshat Global History Databank (CC BY 4.0)","wikipedia":"Margraviate of Brandenburg","wikidata":"Q148499","_a":12,"_c":[13.64,53],"_nz":"勃兰登堡选侯国","_sz":""},"geometry":{"type":"MultiPolygon","coordinates":[[[[13.93,52.12],[14.19,52.12],[14.27,51.92],[13.93,52.05],[13.93,52.12]]],[[[15.49,52.65],[15.65,52.32],[15.47,52.18],[15.13,52.25],[15.04,52.05],[14.87,52.05],[14.78,51.92],[14.62,52.12],[14.36,52.12],[13.94,52.32],[13.43,52.18],[13.42,52.05],[12.4,52.18],[12.41,52.32],[12.58,52.45],[12.33,52.65],[12.33,52.79],[12.16,52.72],[12.15,52.52],[11.98,52.45],[11.55,52.38],[11.47,52.52],[11.3,52.52],[11.3,52.38],[11.13,52.38],[10.87,52.59],[10.79,52.99],[11.39,53.06],[11.39,53.19],[11.22,53.19],[11.13,53.33],[11.31,53.46],[11.56,53.39],[11.74,53.6],[11.91,53.6],[12.17,53.39],[13.2,53.33],[13.72,53.73],[13.9,53.73],[14.32,53.39],[14.23,53.26],[14.48,53.06],[14.65,53.06],[14.82,53.19],[15.26,53.26],[15.44,53.53],[15.78,53.46],[15.7,53.66],[15.79,53.73],[16.05,53.66],[15.98,54.07],[16.41,54],[16.31,53.8],[16.4,53.8],[16.48,53.6],[16.3,53.53],[16.29,53.39],[16.12,53.33],[16.11,53.12],[16.02,53.12],[16.1,52.86],[15.57,52.65],[15.49,52.65]]]]}},{"type":"Feature","properties":{"NAME":"Electorate of Saxony","C":1,"name":"Electorate of Saxony","start_year":1588,"end_year":1618,"capital":"","type":"polity","region":"","event":"","source":"Cliopatria / Seshat Global History Databank (CC BY 4.0)","wikipedia":"Electorate of Saxony","wikidata":"Q156199","_a":8,"_c":[12.22,51.22],"_nz":"萨克森选侯国","_sz":""},"geometry":{"type":"MultiPolygon","coordinates":[[[[11.96,50.58],[12.21,50.65],[12.21,50.78],[12.05,50.85],[11.96,50.71],[11.79,50.71],[11.79,50.85],[12.22,50.98],[12.55,50.91],[12.47,51.18],[12.05,51.31],[11.88,51.18],[11.88,50.98],[11.62,50.98],[11.29,51.05],[11.2,51.25],[10.53,51.25],[10.19,51.11],[10.1,51.25],[10.87,51.38],[11.63,51.25],[12.05,51.38],[11.97,51.58],[12.31,51.58],[12.31,51.71],[12.4,51.71],[12.4,51.85],[12.23,51.92],[12.15,52.12],[12.4,52.18],[13.42,52.05],[14.26,51.71],[14.33,50.98],[14.15,50.85],[13.39,50.71],[12.8,50.38],[12.38,50.38],[12.29,50.25],[12.12,50.25],[11.96,50.31],[11.96,50.58]],[[13.67,51.65],[13.67,51.78],[13.59,51.85],[13.25,51.85],[13.24,51.71],[13.5,51.65],[13.58,51.65],[13.67,51.65]],[[12.55,50.78],[12.63,50.78],[12.63,50.65],[12.8,50.65],[12.72,50.78],[12.8,50.78],[12.81,50.98],[12.55,50.85],[12.55,50.78]]],[[[10.87,51.65],[11.46,51.65],[11.38,51.51],[11.04,51.45],[10.87,51.45],[10.87,51.58],[10.87,51.65]]]]}},{"type":"Feature","properties":{"NAME":"Gorkha Kingdom","C":5,"name":"Gorkha Kingdom","start_year":1588,"end_year":1717,"capital":"","type":"polity","region":"","event":"","source":"Cliopatria / Seshat Global History Databank (CC BY 4.0)","wikipedia":"Gorkha Kingdom","wikidata":"Q3332217","_a":32,"_c":[84.19,28.38],"_nz":"廓尔喀王国","_sz":""},"geometry":{"type":"Polygon","coordinates":[[[88.12,27.8],[88.2,27.8],[88.04,27.03],[88.21,26.77],[88.16,26.52],[88.15,26.45],[87.24,26.39],[87.11,26.52],[86.65,26.45],[86.31,26.64],[85.79,26.64],[85.74,26.77],[85.27,26.71],[85,26.84],[84.88,27.03],[84.73,27.03],[84.76,27.16],[84.43,27.42],[83.08,27.42],[82.54,27.74],[81.88,27.87],[81.19,28.19],[80.96,28.51],[80.68,28.64],[80.17,28.7],[80.17,29.09],[80.24,29.09],[80.35,29.6],[80.66,29.99],[81.01,30.18],[81.3,30.12],[81.59,30.37],[82.04,30.37],[82.47,29.92],[83.31,29.6],[83.43,29.47],[83.45,29.22],[83.66,29.15],[83.84,29.28],[84.14,29.28],[84.27,29.15],[84.22,28.96],[84.41,28.77],[84.82,28.57],[85.2,28.57],[85.16,28.38],[85.35,28.25],[85.75,28.32],[85.98,27.99],[86.23,28.12],[86.28,27.99],[86.9,28.06],[87.45,27.8],[88.14,27.87],[88.12,27.8]],[[85.56,27.8],[85.36,27.93],[85.24,27.67],[85.45,27.61],[85.55,27.74],[85.56,27.8]]]}},{"type":"Feature","properties":{"NAME":"Khmer Empire","C":11,"name":"Khmer Empire","start_year":1588,"end_year":1652,"capital":"","type":"polity","region":"","event":"","source":"Cliopatria / Seshat Global History Databank (CC BY 4.0)","wikipedia":"Khmer Empire","wikidata":"Q201705","_a":39,"_c":[105.6,11.54],"_nz":"高棉帝国","_sz":""},"geometry":{"type":"MultiPolygon","coordinates":[[[[103.98,10.44],[104.12,10.44],[104.09,10.06],[103.94,10.06],[103.81,10.25],[103.91,10.44],[103.98,10.44]]],[[[108.64,11.66],[108.81,11.28],[108.81,11.21],[107.34,10.38],[107.05,10.44],[107.07,10.7],[107,10.7],[106.98,10.51],[106.76,10.44],[106.82,10.31],[106.67,10.25],[106.81,10.19],[106.79,10.06],[106.64,9.99],[106.7,9.8],[106.55,9.8],[106.6,9.54],[106.23,9.48],[106.14,9.29],[105.62,9.16],[105.14,8.58],[104.76,8.51],[104.7,8.64],[104.86,8.77],[104.71,8.77],[104.79,9.74],[105.03,9.99],[104.54,10.19],[104.42,10.44],[104.12,10.44],[103.92,10.57],[103.55,10.51],[103.49,10.7],[103.64,10.76],[103.6,11.09],[103.36,10.83],[103.06,10.83],[103.05,11.47],[102.84,11.6],[102.87,11.86],[102.74,11.99],[102.74,12.05],[102.84,12.31],[102.41,13.01],[102.39,13.53],[102.71,13.72],[102.9,14.11],[103.23,14.36],[103.45,14.36],[103.61,14.49],[103.81,14.36],[104.92,14.43],[104.98,14.3],[105.28,14.3],[105.26,14.17],[105.69,14.11],[106.03,13.91],[106.17,14.43],[106.63,14.56],[106.89,14.3],[107.51,14.56],[107.38,14.11],[107.67,13.46],[107.55,13.08],[107.57,12.63],[107.79,12.63],[108.12,12.31],[108.1,12.18],[108.7,12.31],[108.64,11.73],[108.64,11.66]]]]}},{"type":"Feature","properties":{"NAME":"Kingdom of Mrauk U","C":3,"name":"Kingdom of Mrauk U","start_year":1588,"end_year":1669,"capital":"","type":"polity","region":"","event":"","source":"Cliopatria / Seshat Global History Databank (CC BY 4.0)","wikipedia":"Kingdom of Mrauk U","wikidata":"Q10791211","_a":23,"_c":[93.27,19.9],"_nz":"妙乌王国","_sz":""},"geometry":{"type":"Polygon","coordinates":[[[93.07,21.82],[92.99,21.82],[93.02,22.01],[92.59,22.14],[92.58,22.53],[92.32,22.79],[92.17,22.79],[91.97,22.98],[91.53,22.98],[91.37,22.46],[91.74,22.4],[91.76,22.08],[91.89,21.95],[91.83,21.5],[92.05,21.5],[92.01,21.18],[92.12,20.92],[92.39,20.73],[92.37,20.6],[92.63,20.34],[92.85,20.34],[92.83,20.15],[93.06,20.21],[93.02,19.96],[93.4,20.02],[93.38,19.89],[93.6,19.89],[93.58,19.7],[93.8,19.7],[93.68,19.38],[93.53,19.38],[93.51,19.25],[93.76,18.93],[93.54,18.93],[93.51,18.74],[93.8,18.67],[93.83,18.86],[94.12,18.86],[94.23,18.54],[94.36,18.48],[94.52,18.03],[94.53,17.58],[94.61,17.58],[94.44,16.87],[94.43,16.81],[94.57,16.81],[94.85,17.19],[95.07,17.71],[95.04,18.03],[95.16,18.35],[94.92,18.74],[94.96,18.99],[94.79,19.38],[94.84,19.7],[94.45,20.6],[94.1,20.79],[94.14,21.05],[93.78,21.11],[93.52,21.37],[93.09,21.5],[93.06,21.76],[93.07,21.82]]]}},{"type":"Feature","properties":{"NAME":"Khanate of Khiva","C":10,"name":"Khanate of Khiva","start_year":1588,"end_year":1717,"capital":"","type":"polity","region":"","event":"","source":"Cliopatria / Seshat Global History Databank (CC BY 4.0)","wikipedia":"Khanate of Khiva","wikidata":"Q491106","_a":23,"_c":[60.46,42.7],"_nz":"希瓦汗国","_sz":""},"geometry":{"type":"Polygon","coordinates":[[[62.39,43.02],[62.34,43.15],[62.18,43.15],[62.22,43.28],[62,43.34],[62.04,43.47],[61.96,43.47],[61.98,43.54],[61.76,43.6],[61.1,44.39],[60.88,44.45],[60.86,44.39],[60.78,44.12],[60.6,44.06],[60.5,43.73],[60.29,43.54],[59.12,43.41],[58.63,43.67],[58.42,43.47],[58.34,43.47],[57.33,43.02],[57.31,42.95],[57.19,42.5],[57.27,42.5],[57.23,42.04],[57.31,42.04],[57.42,41.52],[57.85,41.33],[57.83,41.26],[60,41.07],[60.13,40.94],[60.84,40.94],[62.38,41.33],[63.22,41.78],[63.73,42.43],[62.39,43.02]]]}},{"type":"Feature","properties":{"NAME":"Sultanate of Kedah","C":9,"name":"Sultanate of Kedah","start_year":1588,"end_year":1690,"capital":"","type":"polity","region":"","event":"","source":"Cliopatria / Seshat Global History Databank (CC BY 4.0)","wikipedia":"Kedah Sultanate","wikidata":"Q1317579","_a":3,"_c":[100.34,5.82],"_nz":"吉打苏丹国","_sz":""},"geometry":{"type":"MultiPolygon","coordinates":[[[[100.6,5.17],[100.38,4.98],[100.24,5.11],[100.28,5.94],[100.02,6.46],[100.03,6.52],[100.33,6.65],[100.89,6.26],[101.09,6.07],[101,5.69],[100.91,5.36],[100.68,5.17],[100.6,5.17]]],[[[99.65,6.33],[99.58,6.39],[99.88,6.52],[99.87,6.26],[99.65,6.26],[99.65,6.33]]]]}},{"type":"Feature","properties":{"NAME":"Patani Kingdom","C":8,"name":"Patani Kingdom","start_year":1588,"end_year":1608,"capital":"","type":"polity","region":"","event":"","source":"Cliopatria / Seshat Global History Databank (CC BY 4.0)","wikipedia":"Patani Kingdom","wikidata":"Q584435","_a":2,"_c":[101.48,6.27],"_nz":"北大年王国","_sz":""},"geometry":{"type":"Polygon","coordinates":[[[101.45,5.88],[101.52,5.88],[101.59,5.88],[101.59,5.81],[101.66,5.81],[101.66,5.75],[101.73,5.75],[101.88,5.75],[102.05,6.26],[102.06,6.33],[101.77,6.46],[101.72,6.71],[101.51,6.91],[101.22,6.91],[101.15,6.91],[101.2,6.59],[100.97,6.46],[100.89,6.26],[101.09,6.07],[101,5.69],[101.14,5.62],[101.44,5.81],[101.45,5.88]]]}},{"type":"Feature","properties":{"NAME":"Small Horde","C":7,"name":"Small Horde","start_year":1588,"end_year":1635,"capital":"","type":"polity","region":"","event":"","source":"Cliopatria / Seshat Global History Databank (CC BY 4.0)","wikipedia":"Nogai Horde","wikidata":"Q631210","_a":63,"_c":[44.51,46.69],"_nz":"小帐汗国","_sz":""},"geometry":{"type":"MultiPolygon","coordinates":[[[[42.25,46.55],[42.23,46.41],[42.47,46.41],[42.34,46.15],[42.49,46.09],[42.3,45.96],[42.22,45.5],[41.91,45.17],[41.07,45.04],[40.97,44.91],[39.95,44.65],[38.99,44.71],[38.53,44.91],[37.8,44.91],[36.78,45.1],[36.75,45.43],[36.91,45.43],[36.97,45.3],[37.7,45.3],[37.75,45.56],[37.59,45.63],[37.76,45.63],[37.89,45.96],[38.33,46.15],[38.37,46.35],[37.9,46.48],[37.84,46.61],[38.49,46.61],[38.62,46.87],[39.14,47.01],[39.22,47.01],[39.48,47.07],[39.53,47.33],[39.39,47.47],[40.6,47.33],[40.74,47.2],[41.29,47.07],[41.28,47.01],[41.52,47.01],[41.81,46.81],[41.89,46.81],[42.25,46.55]]],[[[51.58,47.14],[50.84,47.14],[50.38,46.94],[50.3,46.94],[50.04,47.2],[50.07,47.33],[49.92,47.4],[49.95,47.53],[50.04,47.53],[50.27,48.13],[50.69,48.46],[51.24,48.65],[51.92,48.72],[52,48.72],[52.13,48.59],[52.15,48.32],[52.23,48.32],[52.17,48.13],[52.26,48.13],[52.1,47.53],[52.18,47.53],[52.11,46.94],[52.03,46.94],[51.95,46.94],[51.86,46.94],[51.88,47.01],[51.8,47.01],[51.58,47.14]]]]}},{"type":"Feature","properties":{"NAME":"Sultanate of Perak","C":7,"name":"Sultanate of Perak","start_year":1588,"end_year":1608,"capital":"","type":"polity","region":"","event":"","source":"Cliopatria / Seshat Global History Databank (CC BY 4.0)","wikipedia":"Sultan of Perak","wikidata":"Q2649311","_a":3,"_c":[101.08,4.79],"_nz":"霹雳苏丹国","_sz":""},"geometry":{"type":"Polygon","coordinates":[[[101.63,3.95],[101.63,3.89],[101.7,3.89],[101.7,3.82],[101.7,3.76],[101.4,3.69],[101.26,3.82],[101.11,3.69],[100.98,3.89],[100.75,3.82],[100.68,3.82],[100.48,4.21],[100.51,4.79],[100.37,4.85],[100.38,5.04],[100.6,5.17],[100.68,5.17],[100.91,5.36],[101,5.69],[101.14,5.62],[101.44,5.81],[101.45,5.88],[101.52,5.88],[101.59,5.88],[101.59,5.81],[101.66,5.81],[101.66,5.75],[101.73,5.75],[101.78,5.3],[101.55,5.11],[101.53,4.85],[101.43,4.27],[101.57,4.21],[101.64,4.01],[101.63,3.95]]]}},{"type":"Feature","properties":{"NAME":"Jesuit Reducciones","C":2,"name":"Jesuit Reducciones","start_year":1595,"end_year":1628,"capital":"","type":"polity","region":"","event":"","source":"Cliopatria / Seshat Global History Databank (CC BY 4.0)","wikipedia":"Jesuit missions among the Guaraní","wikidata":"Q465960","_a":33,"_c":[-55.37,-24.85],"_nz":"耶稣会归化村","_sz":""},"geometry":{"type":"Polygon","coordinates":[[[-54.88,-26.72],[-54.95,-26.72],[-55.63,-27.17],[-55.66,-27.36],[-55.84,-27.49],[-56.19,-27.36],[-56.45,-27.55],[-56.98,-27.55],[-58.29,-27.29],[-58.36,-27.29],[-58.31,-27.04],[-58.43,-26.84],[-58.25,-26.27],[-58.09,-26.2],[-57.87,-25.75],[-57.34,-25.24],[-57,-24.47],[-57.13,-24.34],[-57.5,-24.34],[-57.76,-24.59],[-57.84,-24.59],[-57.77,-24.14],[-57.9,-24.02],[-57.96,-23.31],[-57.46,-22.92],[-56.85,-22.86],[-56.75,-22.66],[-56.54,-22.73],[-55.7,-22.6],[-55.27,-22.73],[-55.21,-22.86],[-54.4,-22.92],[-53.74,-22.34],[-53.27,-22.15],[-52.67,-22.15],[-52.34,-22.47],[-52.31,-22.86],[-52.66,-23.31],[-52.9,-23.44],[-52.91,-23.5],[-54.06,-24.85],[-54.14,-25.37],[-54.02,-25.56],[-54.03,-25.62],[-53.95,-25.62],[-53.87,-26.07],[-53.8,-26.07],[-53.84,-26.33],[-54.3,-26.39],[-54.8,-26.72],[-54.88,-26.72]]]}},{"type":"Feature","properties":{"NAME":"House of Savoy","C":9,"name":"House of Savoy","start_year":1595,"end_year":1601,"capital":"","type":"polity","region":"","event":"","source":"Cliopatria / Seshat Global History Databank (CC BY 4.0)","wikipedia":"House of Savoy","wikidata":"Q200229","_a":11,"_c":[6.74,44.97],"_nz":"萨伏依王朝","_sz":""},"geometry":{"type":"Polygon","coordinates":[[[8.51,44.84],[8.19,44.52],[8.11,44.52],[8.11,44.39],[7.71,44.25],[7.71,44.12],[7.31,43.8],[7.23,43.8],[6.99,43.54],[6.91,43.54],[6.83,43.67],[6.67,43.67],[6.74,43.93],[6.42,44.06],[6.41,44.19],[6.81,44.32],[6.57,44.58],[6.64,44.84],[6.23,45.1],[5.9,45.17],[5.81,45.43],[5.48,45.56],[5.48,45.69],[5.07,45.63],[4.89,46.22],[5.37,46.35],[5.95,46.35],[6.12,46.22],[6.27,46.41],[6.68,46.41],[6.85,46.28],[6.86,46.02],[7.1,45.89],[7.92,45.96],[8.01,45.69],[8.33,45.76],[8.58,45.56],[8.58,45.3],[8.34,45.3],[8.34,45.1],[8.5,45.04],[8.51,44.84]]]}},{"type":"Feature","properties":{"NAME":"Đại Việt","C":8,"name":"Đại Việt","start_year":1595,"end_year":1652,"capital":"","type":"polity","region":"","event":"","source":"Cliopatria / Seshat Global History Databank (CC BY 4.0)","wikipedia":"Mạc dynasty","wikidata":"Q1317991","_a":1,"_c":[106.01,22.69],"_nz":"大越","_sz":""},"geometry":{"type":"Polygon","coordinates":[[[106.36,22.21],[106.44,22.21],[106.51,22.21],[106.58,22.21],[106.66,22.21],[106.71,22.91],[106.33,22.85],[106.2,22.98],[105.75,22.98],[105.49,23.17],[105.31,22.59],[105.46,22.59],[105.57,22.34],[106.29,22.21],[106.36,22.21]]]}},{"type":"Feature","properties":{"NAME":"Mali Empire","C":11,"name":"Mali Empire","start_year":1595,"end_year":1608,"capital":"","type":"polity","region":"","event":"","source":"Cliopatria / Seshat Global History Databank (CC BY 4.0)","wikipedia":"Mali Empire","wikidata":"Q184536","_a":15,"_c":[-8.52,11.31],"_nz":"马里帝国","_sz":""},"geometry":{"type":"Polygon","coordinates":[[[-7.73,12.76],[-8.75,12.76],[-8.68,12.89],[-9.86,13.14],[-10.44,12.89],[-10.58,12.5],[-10.58,12.18],[-10.5,12.18],[-10.57,11.92],[-10.35,11.6],[-10.42,11.34],[-10.04,10.51],[-10.19,10.12],[-10.04,10.19],[-10.04,10.06],[-9.74,9.8],[-9.31,9.67],[-9.23,9.54],[-8.43,9.48],[-8.21,9.61],[-8.06,9.54],[-8.06,9.67],[-7.62,9.8],[-7.33,10.19],[-7.19,10.19],[-7.26,10.31],[-6.97,10.76],[-6.76,11.79],[-6.47,12.05],[-6.47,12.18],[-6.99,12.44],[-7.14,12.63],[-7.72,12.69],[-7.73,12.76]]]}},{"type":"Feature","properties":{"NAME":"Denmark-Norway","C":9,"name":"Denmark-Norway","start_year":1595,"end_year":1611,"capital":"","type":"polity","region":"","event":"","source":"Cliopatria / Seshat Global History Databank (CC BY 4.0)","wikipedia":"Denmark-Norway","wikidata":"Q62651","_a":981,"_c":[3.35,62.44],"_nz":"丹麦-挪威","_sz":""},"geometry":{"type":"MultiPolygon","coordinates":[[[[10.37,56.25],[10.28,56.25],[10.28,55.98],[9.93,55.84],[9.93,55.7],[9.75,55.7],[9.75,55.57],[10.63,55.63],[10.63,55.5],[10.8,55.43],[10.88,54.95],[10.71,54.75],[10.54,54.75],[10.54,55.02],[9.93,55.09],[10.01,55.02],[9.93,54.55],[11.05,54.41],[11.05,54.21],[10.79,54.07],[10.79,54],[10.53,54],[10.36,53.87],[10.36,53.66],[10.01,53.73],[9.93,53.6],[9.58,53.6],[9.24,53.87],[8.89,53.87],[8.89,53.94],[8.81,53.94],[8.8,54.21],[8.54,54.27],[8.54,54.41],[8.8,54.48],[8.8,54.61],[8.53,54.82],[8.44,55.23],[8.53,55.23],[8.53,55.36],[8.35,55.5],[8.09,55.5],[8.09,55.63],[8,55.63],[8.08,56.11],[7.99,56.11],[7.98,56.66],[8.24,56.73],[8.15,56.87],[8.5,57.21],[9.39,57.21],[9.66,57.42],[9.66,57.56],[9.83,57.56],[9.92,57.7],[10.46,57.77],[10.55,57.28],[10.28,57.08],[10.28,56.59],[10.9,56.52],[10.81,56.18],[10.54,56.18],[10.54,56.11],[10.36,56.11],[10.37,56.25]]],[[[10.63,55.98],[10.63,55.77],[10.54,55.77],[10.36,55.77],[10.45,55.98],[10.63,55.98]]],[[[16.09,56.32],[15.82,56.11],[14.77,56.18],[14.76,55.98],[14.32,55.98],[14.23,55.91],[14.3,55.36],[12.81,55.36],[12.73,55.5],[12.9,55.57],[12.91,55.77],[12.56,55.98],[12.56,55.7],[12.2,55.57],[12.38,55.43],[12.37,55.23],[12.11,55.16],[12.1,54.75],[10.88,54.75],[10.97,55.02],[11.67,54.89],[11.67,55.09],[11.5,55.23],[10.97,55.29],[11.06,55.57],[10.89,55.63],[10.89,55.77],[11.24,55.84],[11.33,56.05],[11.6,56.05],[11.77,55.84],[11.86,56.11],[12.48,56.18],[12.48,56.32],[12.66,56.32],[12.57,56.52],[12.75,56.52],[12.75,56.66],[12.4,56.8],[12.41,56.94],[12.14,57.08],[12.06,57.35],[11.79,57.42],[11.79,57.56],[11.8,57.63],[11.98,57.77],[12.33,57.77],[13.12,57.14],[13.12,57.01],[13.29,56.94],[13.46,56.59],[13.9,56.59],[13.99,56.59],[15.93,56.52],[16.1,56.39],[16.09,56.32]]],[[[-6.74,61.62],[-6.72,61.48],[-6.71,61.41],[-6.99,61.48],[-7.02,61.62],[-6.74,61.62]]],[[[-6.96,62.4],[-6.77,62.33],[-6.66,62.26],[-6.69,61.9],[-6.79,61.9],[-7.28,62.05],[-7.32,62.33],[-6.96,62.4]]],[[[-20.54,66.18],[-20.05,66.18],[-20.01,66.03],[-19.55,65.81],[-19.57,66.18],[-19.18,66.18],[-19.2,66.25],[-18.72,66.25],[-18.36,66.03],[-18.43,66.25],[-18.04,66.25],[-17.59,66.03],[-17.46,66.25],[-16.66,66.18],[-16.67,66.55],[-15.79,66.55],[-15.61,66.25],[-15.34,66.33],[-15.36,66.4],[-15.07,66.4],[-14.99,66.11],[-14.7,66.11],[-14.64,65.88],[-14.72,65.81],[-14.33,65.81],[-14.29,65.66],[-13.7,65.59],[-13.64,65.37],[-13.72,65.3],[-13.51,65.22],[-13.47,65.08],[-13.93,65],[-13.88,64.79],[-14.07,64.79],[-14.05,64.71],[-14.43,64.71],[-14.47,64.49],[-14.74,64.42],[-14.8,64.28],[-15.27,64.28],[-15.5,64.42],[-15.46,64.28],[-16.09,64.13],[-16.07,64.06],[-16.6,63.91],[-16.58,63.84],[-17.7,63.77],[-18.16,63.41],[-19.39,63.41],[-19.81,63.55],[-20.37,63.55],[-20.53,63.77],[-21.15,63.91],[-22.8,63.77],[-22.9,64.06],[-22.83,64.13],[-22.33,64.06],[-22.36,64.13],[-22.17,64.13],[-22.02,64.28],[-22.1,64.49],[-22.5,64.57],[-22.58,64.79],[-23.98,64.71],[-24.16,64.93],[-22.61,65.15],[-22.59,65.37],[-22.03,65.44],[-22.06,65.52],[-23.31,65.52],[-23.28,65.44],[-24.03,65.37],[-24.37,65.52],[-24.42,65.66],[-24.13,65.66],[-24.21,65.88],[-23.8,65.81],[-23.91,66.11],[-23.62,66.11],[-23.67,66.25],[-23.28,66.25],[-22.94,66.11],[-23.17,66.48],[-22.97,66.48],[-23,66.55],[-22.61,66.55],[-21.48,66.11],[-21.38,65.52],[-21.26,65.44],[-20.97,65.74],[-20.78,65.74],[-20.76,65.66],[-20.54,65.59],[-20.4,65.74],[-20.54,66.18]]],[[[12.79,67.89],[12.79,68.05],[12.89,68.05],[12.89,68.12],[13.19,68.12],[13.19,67.97],[12.79,67.89]]],[[[14.09,68.2],[13.59,68.12],[13.58,68.05],[13.39,68.05],[13.39,68.12],[13.39,68.2],[13.7,68.42],[14.1,68.42],[14.09,68.2]]],[[[14.64,55.29],[14.99,55.23],[15.08,55.23],[15.07,55.02],[14.64,55.09],[14.64,55.29]]],[[[19.05,57.97],[19.03,57.83],[18.84,57.7],[18.91,57.42],[18.45,57.21],[18.34,56.94],[18.08,56.94],[18.03,57.49],[18.03,57.56],[18.23,57.83],[18.6,57.97],[19.05,57.97]]],[[[22.15,58.53],[22.25,58.67],[23.23,58.6],[23.12,58.39],[22.29,58.18],[22.08,57.9],[21.9,57.9],[22.02,58.18],[21.93,58.18],[21.85,58.25],[21.88,58.53],[22.15,58.53]]],[[[28.46,70.88],[28.25,70.88],[28.22,70.72],[28.32,70.72],[28.18,70.57],[28.38,70.57],[28.44,70.8],[28.68,70.95],[29.29,70.95],[29.36,70.8],[30.07,70.8],[30.24,70.64],[31.03,70.57],[31.01,70.49],[31.12,70.49],[30.96,70.26],[29.7,70.1],[29.66,69.95],[29.86,69.95],[29.83,69.79],[30.03,69.79],[30.07,69.95],[30.86,69.87],[30.96,69.87],[30.92,69.72],[30.68,69.56],[30.19,69.64],[29.94,69.41],[29.32,69.33],[29.17,69.11],[28.85,69.03],[28.8,69.26],[29.27,69.56],[29.2,69.72],[28.51,69.79],[28.53,69.87],[28.14,69.95],[28.16,70.02],[26.52,69.95],[25.86,69.64],[25.76,69.11],[25.66,69.11],[25.63,68.95],[25.43,68.95],[24.86,68.57],[24.39,68.73],[24.4,68.8],[22.78,68.65],[22.79,68.73],[22.41,68.8],[22.42,68.88],[22.22,68.88],[21.77,69.26],[21.07,69.26],[20.85,69.11],[20.24,69.03],[20.31,68.8],[20.21,68.8],[19.96,68.42],[18.09,68.57],[18.07,68.35],[18.17,68.35],[18.05,68.12],[17.05,68.05],[16.73,67.74],[16.23,67.59],[16.12,67.44],[16.4,67.3],[16.38,67.07],[15.78,66.77],[15.26,66.25],[14.57,66.11],[14.54,65.44],[14.44,65.44],[14.34,65.22],[14.62,65.08],[15,65.08],[15.55,64.64],[15.84,64.79],[15.93,64.57],[16.48,64.35],[16.46,64.06],[16.26,63.91],[15.5,63.84],[15.49,63.7],[15.77,63.48],[16.51,63.26],[16.59,63.12],[16.1,62.76],[14.69,62.62],[14.68,62.4],[15.23,62.19],[15.21,61.97],[14.75,61.97],[14.74,61.69],[14,61.69],[13.73,61.9],[13.45,61.9],[12.51,61.69],[12.6,61.48],[12.78,61.41],[12.78,61.19],[12.31,60.98],[12.31,60.77],[12.49,60.7],[12.57,60.35],[12.48,60.35],[12.38,60.07],[11.92,59.92],[11.92,59.43],[12.01,59.43],[12,58.88],[12.09,58.88],[12.16,58.18],[11.89,57.97],[11.71,57.97],[11.71,58.04],[11.45,58.11],[11.36,58.39],[11.18,58.39],[11.1,59.16],[10.83,59.16],[10.56,59.36],[10.56,59.64],[10.37,59.5],[10.47,59.43],[10.37,59.16],[10.19,59.16],[10.01,58.95],[9.65,59.02],[9.56,58.88],[9.38,58.88],[9.38,58.74],[9.11,58.74],[9.11,58.6],[8.93,58.6],[8.67,58.32],[7.6,57.97],[6.61,58.04],[6.52,58.25],[5.7,58.46],[5.51,58.6],[5.5,59.02],[5.95,59.02],[6.03,59.36],[5.84,59.43],[5.85,59.29],[5.21,59.29],[5.28,59.78],[5.19,59.78],[5.18,60],[5.45,60.14],[5.26,60.28],[4.9,60.21],[4.89,60.42],[5.16,60.49],[4.95,61.05],[5.13,61.19],[5.03,61.19],[4.93,61.48],[5.2,61.62],[4.92,61.62],[4.91,61.76],[5.19,61.9],[5.08,62.26],[5.45,62.19],[5.44,62.4],[5.72,62.4],[5.73,62.19],[5.92,62.19],[5.91,62.4],[6.56,62.47],[6.64,62.76],[7.4,62.62],[7.39,62.76],[6.92,62.83],[6.92,63.05],[7.95,63.05],[7.94,63.19],[8.23,63.19],[8.22,63.34],[7.75,63.34],[7.84,63.55],[8.22,63.48],[8.5,63.7],[9.07,63.7],[8.98,63.48],[9.26,63.41],[9.35,63.62],[9.54,63.62],[9.54,63.91],[9.92,63.99],[9.92,64.13],[10.3,64.28],[10.3,64.42],[10.87,64.64],[11.16,64.64],[11.35,64.49],[11.44,64.57],[11.35,64.86],[11.45,64.86],[11.45,65],[11.74,65.08],[11.84,65.22],[12.13,65.15],[12.04,65.44],[12.13,65.44],[12.14,65.59],[12.53,65.74],[12.53,65.88],[12.34,65.88],[12.44,66.11],[12.34,66.11],[12.35,66.25],[12.64,66.25],[12.63,66.11],[12.82,66.03],[12.93,66.25],[13.12,66.25],[12.94,66.62],[13.23,66.62],[13.24,66.77],[13.63,66.77],[13.54,67],[13.64,67.07],[14.13,67.07],[14.44,67.3],[14.55,67.52],[14.95,67.67],[15.07,67.97],[15.36,67.97],[15.58,68.27],[15.88,68.27],[15.88,68.35],[15.09,68.42],[14.98,68.27],[14.19,68.2],[14.19,68.35],[14.4,68.5],[14.9,68.57],[14.91,68.73],[14.41,68.65],[14.42,68.8],[14.93,68.95],[15.03,69.11],[15.33,69.03],[15.32,68.8],[15.52,68.8],[15.44,69.18],[15.75,69.33],[16.15,69.33],[16.14,69.18],[15.94,69.11],[15.92,68.88],[16.62,68.88],[16.61,68.73],[17.21,68.8],[17.23,69.03],[17.33,69.03],[17.32,68.88],[17.52,68.88],[17.65,69.18],[17.04,69.11],[16.96,69.33],[16.86,69.33],[16.87,69.49],[17.89,69.64],[17.98,69.49],[18.58,69.49],[18.59,69.56],[18.19,69.56],[18.2,69.72],[18.82,69.79],[18.72,69.87],[18.75,70.1],[18.86,70.18],[19.66,70.1],[19.59,70.33],[19.79,70.33],[19.88,70.26],[19.84,69.87],[20.04,69.87],[20.16,70.02],[20.36,70.02],[20.29,70.26],[20.81,70.33],[20.77,70.02],[21.77,69.95],[21.79,70.1],[21.38,70.1],[21.43,70.41],[22.03,70.33],[22.02,70.26],[22.33,70.33],[22.47,70.57],[22.37,70.57],[22.41,70.8],[23.44,70.88],[23.3,70.64],[23.5,70.64],[23.63,70.8],[24.33,70.72],[24.27,70.95],[25.21,71.03],[25.3,70.95],[25.34,71.19],[25.87,71.27],[25.86,71.19],[26.06,71.19],[25.88,70.8],[26.44,71.03],[26.75,71.03],[26.68,70.72],[26.56,70.64],[26.96,70.57],[27.09,70.72],[27.01,70.8],[27.24,70.95],[27.26,71.03],[27.71,71.19],[28.41,71.11],[28.46,70.88]]],[[[24.07,70.95],[23.97,70.95],[23.98,71.03],[23.99,71.11],[24.1,71.11],[24.08,71.03],[24.07,70.95]]]]}},{"type":"Feature","properties":{"NAME":"Kingdom of France","C":7,"name":"Kingdom of France","start_year":1595,"end_year":1601,"capital":"","type":"polity","region":"","event":"","source":"Cliopatria / Seshat Global History Databank (CC BY 4.0)","wikipedia":"Kingdom of France","wikidata":"Q207162","_a":104,"_c":[1.15,46.84],"_nz":"法兰西王国","_sz":""},"geometry":{"type":"MultiPolygon","coordinates":[[[[5.62,48.85],[5.7,48.85],[5.79,48.85],[5.87,48.85],[5.79,48.79],[5.88,48.46],[5.72,48.46],[5.63,48.59],[5.38,48.52],[5.48,48.06],[5.65,48.06],[5.82,47.86],[5.82,47.73],[5.58,47.66],[5.59,47.14],[5.43,47.07],[5.37,46.35],[4.89,46.22],[5.07,45.63],[5.48,45.69],[5.48,45.56],[5.81,45.43],[5.9,45.17],[6.23,45.1],[6.64,44.84],[6.57,44.58],[6.81,44.32],[6.41,44.19],[6.42,44.06],[6.74,43.93],[6.67,43.67],[6.83,43.67],[6.91,43.54],[6.83,43.54],[6.59,43.41],[6.52,43.21],[5.8,43.15],[5.63,43.28],[5.39,43.28],[5.39,43.41],[4.58,43.54],[4.18,43.47],[4.17,43.6],[3.85,43.6],[3.62,43.41],[3.14,43.28],[2.99,43.08],[2.99,43.02],[2.75,43.02],[2.52,42.82],[1.81,42.56],[1.73,42.56],[1.73,42.63],[1.65,42.63],[1.57,42.63],[1.49,42.63],[1.07,42.82],[0.04,42.69],[-0.21,42.82],[-0.53,42.82],[-1.03,43.08],[-1.43,43.08],[-1.44,43.28],[-1.69,43.34],[-1.69,43.41],[-1.46,43.54],[-1.4,43.86],[-1.32,43.86],[-1.35,44.25],[-1.27,44.25],[-1.29,44.52],[-1.21,44.52],[-1.25,45.17],[-1.17,45.17],[-1.19,45.43],[-1.03,45.5],[-1.05,45.69],[-1.21,45.76],[-1.14,45.89],[-1.22,45.89],[-1.25,46.28],[-1.67,46.35],[-2.01,46.61],[-2.02,46.74],[-2.19,46.81],[-2.14,47.14],[-2.23,47.27],[-2.56,47.27],[-2.58,47.47],[-2.83,47.47],[-2.84,47.6],[-3.16,47.47],[-3.34,47.73],[-3.76,47.73],[-3.93,47.86],[-4.42,47.8],[-4.69,47.99],[-4.71,48.13],[-4.55,48.19],[-4.64,48.32],[-4.89,48.32],[-4.91,48.52],[-4.6,48.72],[-3.85,48.72],[-3.46,48.92],[-3.12,48.92],[-2.76,48.59],[-2.52,48.72],[-1.6,48.65],[-1.72,49.05],[-1.64,49.05],[-1.65,49.25],[-1.91,49.38],[-2.03,49.78],[-1.36,49.78],[-1.25,49.45],[0.01,49.38],[-0.01,49.65],[0.22,49.85],[1.05,49.98],[1.45,50.25],[1.5,50.91],[1.99,51.11],[2.07,51.11],[2.02,50.65],[1.85,50.58],[1.95,50.31],[2.38,50.25],[2.55,50.11],[4.49,49.98],[4.67,49.71],[4.68,49.45],[4.94,49.18],[5.03,49.05],[4.87,48.99],[4.88,48.65],[5.13,48.65],[5.29,48.85],[5.3,48.59],[5.38,48.59],[5.54,48.79],[5.62,48.79],[5.62,48.85]],[[4.41,46.02],[4.31,46.28],[4.07,46.28],[3.99,46.28],[4.08,45.96],[4.41,46.02]]],[[[6.47,48.32],[6.54,48.52],[6.71,48.46],[6.79,48.46],[6.72,48.19],[6.47,48.32]]],[[[6.04,48.79],[5.87,48.85],[5.95,48.92],[6.03,48.92],[6.04,48.79]]],[[[6.11,49.18],[6.19,49.18],[6.19,49.25],[6.27,49.25],[6.36,49.25],[6.36,49.12],[6.69,49.18],[6.78,49.18],[6.78,49.12],[6.86,49.12],[6.86,49.05],[6.95,49.05],[7.03,49.05],[7.03,48.99],[7.03,48.92],[6.61,48.99],[6.62,48.85],[6.87,48.79],[6.95,48.79],[6.95,48.85],[7.03,48.85],[7.2,48.79],[7.21,48.59],[7.04,48.52],[6.88,48.52],[6.87,48.65],[6.37,48.72],[6.45,48.85],[6.03,48.92],[5.86,48.99],[5.94,49.18],[6.02,49.18],[6.11,49.18]]],[[[5.69,49.32],[5.68,49.38],[5.77,49.38],[5.85,49.38],[5.85,49.32],[5.61,49.18],[5.7,48.99],[5.36,48.99],[5.35,49.32],[5.44,49.32],[5.52,49.32],[5.6,49.32],[5.69,49.32]]]]}},{"type":"Feature","properties":{"NAME":"Kingdom of Sweden","C":0,"name":"Kingdom of Sweden","start_year":1595,"end_year":1611,"capital":"","type":"polity","region":"","event":"","source":"Cliopatria / Seshat Global History Databank (CC BY 4.0)","wikipedia":"Sweden","wikidata":"Q34","_a":256,"_c":[21.01,63.14],"_nz":"瑞典王国","_sz":""},"geometry":{"type":"MultiPolygon","coordinates":[[[[22.35,58.74],[22.37,58.88],[22.19,58.88],[22.2,59.02],[22.49,59.16],[22.84,59.09],[22.9,58.81],[22.71,58.74],[22.62,58.74],[22.35,58.74]]],[[[27.55,59.16],[27.46,59.16],[27.37,59.16],[27.3,59.29],[27.03,59.29],[26.73,59.09],[26.18,59.09],[25.99,59.02],[25.97,58.88],[25.52,58.88],[25.04,58.67],[24.77,58.67],[24.79,58.81],[24.62,58.88],[24.33,58.74],[24.19,58.32],[24.28,58.32],[24.27,58.25],[23.82,58.25],[23.67,58.46],[23.41,58.53],[23.41,59.29],[23.96,59.36],[24.16,59.5],[25.35,59.57],[25.37,59.71],[26.45,59.64],[26.79,59.5],[27.79,59.5],[27.88,59.5],[28.06,59.5],[28.03,59.29],[27.73,59.16],[27.64,59.16],[27.55,59.16]]],[[[19.72,60.49],[20.17,60.42],[20.15,60.21],[19.95,60.07],[19.68,60.14],[19.7,60.28],[19.7,60.35],[19.72,60.49]]],[[[28.99,60.14],[28.49,60.42],[28.54,60.7],[28.45,60.7],[28.24,60.56],[27.77,60.49],[27.05,60.56],[26.75,60.42],[26.4,60.49],[25.82,60.28],[24.61,60.14],[24.5,60],[24.05,60.07],[23.76,59.92],[23.03,59.85],[23.05,60.07],[22.31,60],[22.36,60.42],[21.91,60.42],[21.74,60.56],[21.46,60.56],[21.33,60.98],[21.23,60.98],[21.25,61.12],[21.44,61.19],[21.5,61.69],[21.24,61.83],[21.19,62.26],[21.29,62.33],[21.2,62.33],[21.21,62.47],[20.95,62.62],[21.07,62.83],[21.26,62.9],[21.28,63.05],[21.48,63.12],[21.5,63.34],[21.69,63.34],[21.68,63.26],[22.16,63.34],[22.37,63.48],[22.38,63.62],[22.78,63.77],[22.8,63.91],[23.28,63.99],[23.3,64.13],[23.49,64.13],[23.82,64.42],[24.01,64.42],[24.54,64.79],[24.56,64.93],[25.23,64.93],[25.23,65.52],[24.67,65.59],[24.68,65.66],[24.21,65.74],[24.22,65.81],[23.83,65.81],[23.82,65.74],[22.38,65.81],[22.44,65.52],[21.76,65.44],[21.65,65.37],[21.62,65.08],[21.21,64.93],[21.3,64.86],[21.28,64.64],[21.47,64.64],[21.54,64.42],[21.14,64.28],[20.81,63.91],[20.62,63.91],[20.41,63.7],[19.83,63.62],[19.73,63.48],[19.35,63.48],[19.14,63.26],[18.75,63.12],[18.47,63.12],[18.35,62.83],[17.98,62.83],[17.96,62.62],[17.76,62.47],[17.39,62.47],[17.56,62.33],[17.55,62.19],[17.36,62.05],[17.51,61.69],[17.24,61.69],[17.19,60.98],[17.28,60.98],[17.26,60.77],[18.61,60.42],[18.5,60.21],[18.78,60.21],[19.03,60],[19.01,59.71],[18.83,59.71],[18.63,59.5],[18.35,59.43],[18.41,59.09],[18.14,59.09],[17.95,58.88],[17.5,58.88],[17.49,58.74],[17.13,58.74],[17.03,58.6],[16.85,58.6],[16.84,58.46],[16.66,58.46],[16.83,58.32],[16.81,58.04],[16.63,57.9],[16.71,57.83],[16.7,57.7],[16.61,57.7],[16.69,57.42],[16.5,57.28],[16.48,56.87],[16.76,57.08],[16.95,57.42],[17.13,57.42],[17.12,57.28],[16.74,56.8],[16.63,56.39],[16.27,56.25],[16.28,56.52],[16.19,56.52],[16.19,56.39],[16.1,56.39],[15.93,56.52],[13.99,56.59],[13.9,56.59],[13.46,56.59],[13.29,56.94],[13.12,57.01],[13.12,57.14],[12.33,57.77],[11.98,57.77],[11.8,57.63],[11.8,57.7],[11.71,57.7],[11.71,57.77],[11.71,57.83],[11.71,57.9],[11.71,57.97],[11.89,57.97],[12.16,58.18],[12.09,58.88],[12,58.88],[12.01,59.43],[11.92,59.43],[11.92,59.92],[12.38,60.07],[12.48,60.35],[12.57,60.35],[12.49,60.7],[12.31,60.77],[12.31,60.98],[12.78,61.19],[12.78,61.41],[12.6,61.48],[12.51,61.69],[13.45,61.9],[13.73,61.9],[14,61.69],[14.74,61.69],[14.75,61.97],[15.21,61.97],[15.23,62.19],[14.68,62.4],[14.69,62.62],[16.1,62.76],[16.59,63.12],[16.51,63.26],[15.77,63.48],[15.49,63.7],[15.5,63.84],[16.26,63.91],[16.46,64.06],[16.48,64.35],[15.93,64.57],[15.84,64.79],[15.55,64.64],[15,65.08],[14.62,65.08],[14.34,65.22],[14.44,65.44],[14.54,65.44],[14.57,66.11],[15.26,66.25],[15.78,66.77],[16.38,67.07],[16.4,67.3],[16.12,67.44],[16.23,67.59],[16.73,67.74],[17.05,68.05],[18.05,68.12],[18.17,68.35],[18.07,68.35],[18.09,68.57],[19.96,68.42],[20.21,68.8],[20.31,68.8],[20.24,69.03],[20.85,69.11],[21.07,69.26],[21.77,69.26],[22.22,68.88],[22.42,68.88],[22.41,68.8],[22.79,68.73],[22.78,68.65],[24.4,68.8],[24.39,68.73],[24.86,68.57],[25.43,68.95],[25.63,68.95],[25.66,69.11],[25.76,69.11],[25.86,69.64],[26.52,69.95],[28.16,70.02],[28.14,69.95],[28.53,69.87],[28.51,69.79],[29.2,69.72],[29.27,69.56],[28.8,69.26],[28.85,69.03],[28.63,68.95],[28.42,68.42],[28.58,68.27],[28.78,68.27],[28.77,68.2],[29.34,68.12],[29.41,67.97],[29.61,67.97],[29.94,67.67],[29.79,67.44],[29.59,67.44],[29.13,67.15],[29.12,66.62],[29.32,66.62],[29.87,66.03],[30.06,66.03],[30.31,65.81],[30.21,65.37],[29.86,65.08],[29.8,64.79],[29.58,64.64],[29.53,64.42],[29.3,64.2],[29.39,64.2],[29.36,64.06],[29.53,63.91],[29.48,63.7],[29.58,63.7],[29.55,63.55],[29.64,63.55],[29.61,63.41],[29.71,63.41],[29.68,63.26],[29.84,63.12],[29.78,62.83],[29.87,62.83],[29.82,62.55],[29.91,62.55],[29.84,62.19],[29.29,61.76],[29.37,61.69],[29.29,61.26],[29.38,61.26],[29.41,60.91],[29.59,60.91],[29.64,60.7],[30,60.63],[29.93,60.28],[29.83,60.21],[29.73,60.21],[29.38,60.28],[28.99,60.14]]]]}},{"type":"Feature","properties":{"NAME":"Western Moghulistan","C":11,"name":"Western Moghulistan","start_year":1595,"end_year":1608,"capital":"","type":"polity","region":"","event":"","source":"Cliopatria / Seshat Global History Databank (CC BY 4.0)","wikipedia":"Moghulistan","wikidata":"Q1191125","_a":30,"_c":[76.76,40.72],"_nz":"西莫卧儿斯坦","_sz":""},"geometry":{"type":"Polygon","coordinates":[[[79.98,42.04],[80.14,42.04],[80.16,42.3],[80,42.3],[79.97,42.43],[79.44,42.5],[79.41,42.63],[79.25,42.63],[79.08,42.82],[78.55,42.89],[76.49,42.76],[75.81,42.63],[75.41,42.43],[74.93,42.43],[74.46,42.24],[74.27,42.37],[73.95,42.37],[73.9,42.24],[73.67,42.24],[73.36,42.04],[73.61,41.85],[73.6,41.59],[73.75,41.33],[73.68,41.13],[73.82,41.07],[73.73,40.81],[73.85,40.68],[73.82,40.1],[73.95,40.03],[73.89,39.58],[73.71,39.51],[73.61,39.19],[73.79,39],[73.79,38.74],[73.67,38.61],[73.75,38.61],[73.96,38.55],[75.3,39.06],[76.17,39.58],[77.31,40.61],[78.77,41.59],[79.96,41.98],[79.98,42.04]]]}},{"type":"Feature","properties":{"NAME":"Don Cossacks","C":3,"name":"Don Cossacks","start_year":1595,"end_year":1635,"capital":"","type":"polity","region":"","event":"","source":"Cliopatria / Seshat Global History Databank (CC BY 4.0)","wikipedia":"Don Cossacks","wikidata":"Q1057292","_a":13,"_c":[40.83,48.43],"_nz":"顿河哥萨克","_sz":""},"geometry":{"type":"Polygon","coordinates":[[[43.01,49.38],[42.85,49.45],[42.49,49.32],[42.35,49.45],[41.77,49.45],[41.8,49.58],[41.36,49.52],[40.92,49.78],[39.96,49.58],[40.03,49.52],[39.95,49.12],[39.27,49.05],[38.8,48.32],[38.62,48.26],[38.35,47.66],[38.34,47.6],[39.22,47.47],[39.3,47.47],[39.39,47.47],[40.6,47.33],[40.74,47.2],[41.29,47.07],[41.3,47.14],[41.46,47.53],[41.82,47.66],[42.12,47.93],[42.36,47.93],[42.39,48.06],[42.57,48.13],[42.75,48.59],[43.03,48.72],[43.08,48.99],[43.29,49.18],[43.32,49.32],[43.09,49.38],[43.01,49.38]]]}},{"type":"Feature","properties":{"NAME":"Crimean Khanate","C":11,"name":"Crimean Khanate","start_year":1595,"end_year":1647,"capital":"","type":"polity","region":"","event":"","source":"Cliopatria / Seshat Global History Databank (CC BY 4.0)","wikipedia":"Crimean Khanate","wikidata":"Q160440","_a":22,"_c":[35.52,46.16],"_nz":"克里米亚汗国","_sz":""},"geometry":{"type":"MultiPolygon","coordinates":[[[[34.99,45.63],[35.02,45.3],[35.75,45.3],[36.26,45.43],[36.23,45.24],[36.38,45.17],[36.2,45.04],[35.41,45.17],[35.4,45.1],[34.57,44.97],[34.56,44.91],[34.39,44.91],[34.03,44.65],[33.56,44.71],[33.57,44.78],[33.61,45.1],[33.47,45.24],[33.22,45.24],[32.61,45.5],[33.71,45.82],[33.74,46.02],[34.15,46.09],[34.54,45.96],[34.74,45.63],[34.82,45.63],[34.99,45.63]]],[[[37.46,47.27],[37.57,47.47],[37.84,47.6],[38.25,47.6],[38.34,47.6],[39.22,47.47],[39.21,47.4],[38.68,47.2],[37.52,47.14],[37.17,47.01],[37.23,46.87],[36.91,46.94],[36.8,46.81],[35.63,46.68],[35.25,46.28],[34.76,46.28],[34.74,46.15],[34.08,46.15],[34.02,46.28],[33.61,46.28],[33.59,46.15],[32.95,46.22],[32.85,46.09],[32.68,46.09],[32.06,46.35],[31.82,46.35],[31.84,46.48],[32.16,46.48],[32.35,46.68],[32.92,46.61],[33.69,46.87],[34.08,47.27],[34.04,47.53],[34.28,47.53],[34.47,47.66],[34.78,47.53],[35.03,47.53],[35.05,47.66],[35.54,47.66],[35.94,47.6],[35.99,47.4],[36.96,47.27],[37.04,47.27],[37.46,47.27]]]]}},{"type":"Feature","properties":{"NAME":"Trịnh lords","C":9,"name":"Trịnh lords","start_year":1595,"end_year":1644,"capital":"","type":"polity","region":"","event":"","source":"Cliopatria / Seshat Global History Databank (CC BY 4.0)","wikipedia":"Trịnh lords","wikidata":"Q2267508","_a":22,"_c":[106.03,20.63],"_nz":"郑主","_sz":""},"geometry":{"type":"Polygon","coordinates":[[[108.09,21.44],[107.79,21.44],[107.42,20.99],[106.88,20.86],[106.83,20.6],[106.69,20.6],[106.54,20.15],[106.06,19.96],[105.85,19.57],[105.91,19.51],[105.73,18.86],[106.05,18.54],[106.03,18.41],[106.18,18.41],[106.56,18.03],[106.55,17.96],[106.11,17.96],[106.06,18.16],[105.67,18.03],[105.53,18.03],[105.21,18.35],[105.25,18.61],[105.12,18.74],[104.62,18.86],[104.51,19.06],[104.36,19.06],[104.03,19.31],[104.04,19.38],[104.08,19.64],[104.69,19.7],[104.95,19.96],[104.98,20.15],[104.65,20.41],[104.5,20.41],[104.79,20.79],[104.73,21.37],[104.59,21.37],[104.56,21.69],[104.42,21.69],[104.45,21.89],[104.18,22.08],[104.2,22.21],[104.07,22.27],[103.96,22.53],[104.15,22.79],[104.52,22.72],[104.84,22.85],[104.96,23.11],[105.21,23.3],[105.44,23.3],[105.49,23.17],[105.31,22.59],[105.46,22.59],[105.57,22.34],[106.29,22.21],[106.36,22.21],[106.44,22.21],[106.51,22.21],[106.58,22.21],[106.66,22.21],[107.1,21.76],[107.46,21.69],[107.59,21.56],[107.97,21.63],[108.1,21.5],[108.09,21.44]]]}},{"type":"Feature","properties":{"NAME":"First Toungoo Empire","C":1,"name":"First Toungoo Empire","start_year":1600,"end_year":1618,"capital":"","type":"polity","region":"","event":"","source":"Cliopatria / Seshat Global History Databank (CC BY 4.0)","wikipedia":"First Toungoo Empire","wikidata":"Q23039102","_a":71,"_c":[96.05,21.5],"_nz":"东吁第一帝国","_sz":""},"geometry":{"type":"Polygon","coordinates":[[[97.77,18.54],[97.87,18.67],[97.94,19.64],[98.1,19.76],[98.92,19.76],[99.11,20.02],[98.51,20.02],[98.54,20.21],[98.47,20.21],[98.49,20.86],[98.66,20.99],[98.42,21.37],[98.45,21.56],[98.62,21.69],[98.49,21.82],[98.5,22.34],[98.35,22.34],[98.42,22.79],[98.22,22.91],[98.34,23.17],[98.5,23.24],[98.54,23.49],[98.34,23.62],[98.37,23.81],[98.3,23.81],[98.49,24.07],[97.81,24.01],[97.55,23.81],[97.25,23.81],[97.2,23.94],[97.21,24.84],[97.11,25.1],[96.97,25.16],[97.05,25.55],[97.32,25.81],[97.55,26.52],[97.47,26.52],[97.48,26.9],[97.16,27.16],[97.09,27.16],[96.94,27.16],[96.89,27.29],[96.21,27.29],[95.58,26.77],[95.16,26.58],[95.08,26.19],[95.19,26],[94.88,25.55],[94.71,25.49],[94.74,24.84],[94.37,24.39],[94.21,23.94],[93.98,23.88],[93.85,24.01],[93.4,24.01],[93.41,23.56],[93.48,23.56],[93.42,23.17],[93.17,23.04],[93.16,22.46],[93.24,22.46],[93.19,22.14],[93.03,22.08],[92.99,21.82],[93.07,21.82],[93.06,21.76],[93.09,21.5],[93.52,21.37],[93.78,21.11],[94.14,21.05],[94.1,20.79],[94.45,20.6],[94.84,19.7],[94.79,19.38],[94.96,18.99],[94.92,18.74],[95.16,18.35],[95.04,18.03],[95.07,17.71],[94.85,17.19],[94.57,16.81],[94.43,16.81],[94.35,16.81],[94.24,15.97],[94.81,15.84],[94.87,15.71],[95.26,15.91],[95.34,15.91],[95.31,15.71],[95.61,15.71],[95.81,16.16],[96.03,16.16],[96.36,16.42],[96.37,16.49],[96.33,16.68],[96.19,16.74],[96.43,17.45],[96.13,17.9],[96.19,18.86],[96.46,19.19],[96.76,19.19],[97.47,18.48],[97.77,18.54]]]}},{"type":"Feature","properties":{"NAME":"Mughal Empire","C":0,"name":"Mughal Empire","start_year":1600,"end_year":1611,"capital":"","type":"polity","region":"","event":"","source":"Cliopatria / Seshat Global History Databank (CC BY 4.0)","wikipedia":"Mughal Empire","wikidata":"Q33296","_a":522,"_c":[77.85,28.45],"_nz":"莫卧儿帝国","_sz":""},"geometry":{"type":"Polygon","coordinates":[[[73.69,37.06],[73.8,36.87],[74.11,36.87],[74.55,37.06],[75.31,37],[75.41,36.8],[75.78,36.74],[75.96,36.55],[75.97,36.03],[76.09,35.9],[76.56,35.9],[76.72,35.64],[77.07,35.52],[77.05,35.45],[77.13,35.45],[77.1,35.32],[77.42,35.39],[77.31,35.26],[77.49,35.07],[78.04,34.81],[78.21,34.87],[78.23,34.68],[78.87,34.49],[78.68,34.04],[78.85,34.1],[78.59,33.39],[78.66,33.39],[78.56,32.69],[78.54,32.62],[78.46,32.3],[78.54,32.3],[78.56,32.04],[78.75,31.91],[78.81,31.53],[79.1,31.46],[79.45,31.01],[79.97,30.95],[80.26,30.56],[80.84,30.44],[81.01,30.18],[80.66,29.99],[80.35,29.6],[80.24,29.09],[80.17,29.09],[80.17,28.7],[80.68,28.64],[80.96,28.51],[81.19,28.19],[81.88,27.87],[82.54,27.74],[83.08,27.42],[84.43,27.42],[84.76,27.16],[84.73,27.03],[84.88,27.03],[85,26.84],[85.27,26.71],[85.74,26.77],[85.79,26.64],[86.31,26.64],[86.65,26.45],[87.11,26.52],[87.24,26.39],[88.15,26.45],[88.23,26.45],[88.35,26.32],[88.88,26.32],[89.15,26.19],[89.6,26.19],[90.02,26],[90.39,26],[90.36,25.42],[90.52,25.04],[90.47,24.78],[90.55,24.78],[90.61,23.81],[90.69,23.81],[90.64,23.04],[90.54,22.85],[90.69,22.85],[90.8,22.59],[90.94,22.53],[90.86,22.01],[90.63,21.95],[90.65,22.08],[90.43,22.08],[90.32,21.82],[90.16,21.76],[89.9,22.01],[89.87,21.82],[89.71,21.76],[89.12,21.76],[89.1,21.63],[88.73,21.63],[88.72,22.08],[88.64,22.08],[88.51,21.69],[88.37,21.69],[88.35,21.56],[88.13,21.63],[88.18,21.95],[88.1,21.95],[87.76,21.63],[87.07,21.44],[86.89,21.24],[86.97,20.73],[87.05,20.73],[87.03,20.6],[86.79,20.47],[86.84,20.28],[86.44,20.02],[86.42,19.89],[86.11,19.76],[85.5,19.64],[85.52,19.83],[85.37,19.83],[85.41,19.57],[84.92,19.19],[84.64,18.74],[84.31,18.48],[84.19,18.67],[83.98,18.74],[84.02,19.06],[84.61,19.64],[84.64,19.89],[85,20.41],[85.33,21.18],[85.53,22.14],[85.92,22.85],[86.12,23.69],[85.76,23.81],[84.29,23.94],[81.38,23.94],[81.05,23.75],[80.87,22.34],[80.66,21.89],[79.15,21.69],[78.53,21.44],[78.7,21.05],[78.68,20.86],[78.88,20.66],[78.74,20.09],[79.55,20.02],[79.51,19.76],[79.8,19.64],[80.31,19.64],[80.48,19.76],[80.69,19.7],[80.37,18.86],[80.36,18.8],[80,18.86],[79.81,19.12],[79.31,19.25],[79.25,19.38],[78.43,19.38],[77.97,19.25],[77.25,19.38],[77.09,19.25],[76.79,19.25],[76.43,19.38],[75.74,19.76],[74.72,19.96],[74.31,20.21],[73.86,20.21],[73.32,20.02],[72.97,19.51],[72.74,19.44],[72.75,19.51],[72.66,20.09],[72.84,20.34],[72.9,20.92],[72.56,21.24],[72.76,21.69],[72.54,21.76],[72.53,22.27],[72.38,22.27],[72.34,21.95],[72.11,21.89],[72.17,21.76],[72.32,21.76],[72.28,21.37],[72.1,21.11],[71.09,20.66],[70.72,20.66],[70.3,20.86],[69.89,21.24],[69.9,21.37],[69.5,21.76],[69.35,21.76],[68.95,22.21],[68.98,22.46],[69.41,22.34],[69.5,22.46],[69.87,22.46],[70.26,22.66],[70.37,22.91],[69.45,22.72],[68.81,22.98],[68.55,23.36],[68.34,23.43],[68.35,23.56],[68.13,23.56],[68.16,23.81],[67.63,23.81],[67.49,23.88],[67.44,24.07],[67.29,24.07],[67.33,24.39],[67.25,24.39],[67.21,24.71],[66.63,24.84],[66.68,25.23],[66.35,25.55],[66.27,25.55],[66.23,25.81],[66.55,26.52],[66.42,26.71],[66.46,26.97],[66.39,26.97],[66.66,28.32],[66.59,28.32],[66.67,28.83],[66.6,28.83],[66.69,29.86],[65.83,30.12],[65.01,30.18],[64.77,30.56],[64.84,31.79],[65.4,32.3],[65.49,33.14],[65.95,33.14],[66.13,33.26],[66.38,35.13],[66.31,35.13],[66.33,36.22],[66.96,36.29],[67.38,36.1],[68.42,36.22],[68.62,36.1],[68.88,36.8],[68.68,36.93],[68.71,37.06],[68.48,37.06],[68.51,37.19],[69.01,37.32],[69.12,37.13],[69.35,37.13],[69.55,37.58],[70.08,37.51],[70.27,37.64],[70.16,37.84],[70.21,38.03],[70.71,38.42],[71.18,38.42],[71.36,38.22],[71.27,37.9],[71.57,37.84],[71.42,37],[71.58,36.74],[71.89,36.74],[72.68,37.06],[72.99,37.32],[73.66,37.51],[73.78,37.38],[73.69,37.06]],[[72.89,20.15],[73.18,20.09],[73.19,20.21],[73.12,20.21],[72.89,20.15]]]}},{"type":"Feature","properties":{"NAME":"Habsburg Monarchy","C":1,"name":"Habsburg Monarchy","start_year":1600,"end_year":1618,"capital":"","type":"polity","region":"","event":"","source":"Cliopatria / Seshat Global History Databank (CC BY 4.0)","wikipedia":"Habsburg monarchy","wikidata":"Q66504140","_a":123,"_c":[14.71,48.39],"_nz":"哈布斯堡君主国","_sz":""},"geometry":{"type":"MultiPolygon","coordinates":[[[[7.56,47.6],[7.4,47.47],[6.98,47.53],[6.89,47.93],[6.97,47.93],[7.06,47.93],[7.22,48.06],[7.47,48.06],[7.55,47.86],[7.56,47.8],[7.56,47.73],[7.56,47.66],[7.56,47.6]]],[[[7.63,48.26],[7.71,48.32],[7.79,48.32],[7.8,48.13],[7.96,48.26],[8.21,48.26],[8.21,48.13],[8.13,48.13],[8.22,47.66],[8.05,47.6],[8.14,47.53],[8.06,47.33],[7.73,47.33],[7.56,47.53],[7.64,47.53],[7.73,47.53],[7.89,47.73],[7.64,47.8],[7.63,48.26]]],[[[9.12,47.99],[9.29,47.99],[9.29,47.8],[9.04,47.73],[8.96,47.73],[8.88,47.73],[8.88,47.8],[8.96,47.8],[8.96,47.86],[8.96,47.99],[9.12,47.86],[9.12,47.99]]],[[[8.71,47.99],[8.71,47.93],[8.79,47.86],[8.63,47.86],[8.63,47.99],[8.71,47.99]]],[[[8.29,48.13],[8.38,48.13],[8.46,47.99],[8.21,47.99],[8.21,48.13],[8.29,48.13]]],[[[8.87,48.32],[8.95,48.32],[8.95,48.26],[9.04,48.19],[8.87,48.19],[8.87,48.32]]],[[[8.79,48.26],[8.71,48.26],[8.54,48.19],[8.54,48.39],[8.79,48.26]]],[[[8.21,48.39],[8.29,48.39],[8.37,48.39],[8.46,48.32],[8.21,48.26],[8.21,48.39]]],[[[8.45,48.59],[8.45,48.46],[8.29,48.52],[8.37,48.59],[8.45,48.59]]],[[[8.53,48.59],[8.62,48.59],[8.62,48.65],[8.7,48.65],[8.7,48.59],[8.7,48.52],[8.62,48.52],[8.54,48.52],[8.53,48.59]]],[[[9.37,47.86],[9.37,47.93],[9.45,47.93],[9.45,47.99],[9.54,47.99],[9.54,47.93],[9.54,47.86],[9.45,47.86],[9.37,47.86]]],[[[10.2,48.26],[10.53,48.26],[10.53,48.19],[10.36,47.99],[10.12,48.06],[10.2,48.26]]],[[[9.95,48.46],[10.03,48.26],[9.87,48.32],[9.78,48.32],[9.45,48.19],[9.45,48.46],[9.95,48.46]]],[[[9.37,48.46],[9.37,48.39],[9.37,48.26],[9.2,48.26],[9.2,48.39],[9.37,48.46]]],[[[16.98,51.71],[17.32,51.71],[17.55,51.25],[17.97,51.25],[18.05,51.11],[18.71,50.85],[18.7,50.71],[18.86,50.58],[19.03,50.58],[19.02,50.45],[19.19,50.38],[19.08,49.98],[19.24,49.85],[18.89,49.58],[18.88,49.45],[19.47,49.58],[19.87,49.18],[20.21,49.38],[20.55,49.38],[20.45,49.25],[20.7,49.25],[20.71,49.38],[21.8,49.38],[22.44,49.05],[22.52,47.93],[22.35,47.86],[22.34,47.73],[21.17,47.6],[20.83,47.33],[20.67,47.53],[20.69,47.8],[20.44,47.8],[20.13,47.99],[19.21,47.93],[18.95,47.66],[18.53,47.47],[18.43,47.07],[18.17,46.87],[17.68,46.87],[17.26,46.74],[16.91,46.22],[17.07,46.15],[17.06,45.89],[17.23,45.89],[17.3,45.69],[16.8,45.43],[16.8,45.24],[16.47,45.24],[16.22,45.04],[15.98,45.24],[15.82,45.24],[15.8,44.71],[15.48,44.65],[15.23,44.45],[15.15,44.45],[14.91,44.58],[14.92,44.97],[14.76,44.97],[14.76,45.1],[14.6,45.17],[14.6,45.37],[14.2,45.37],[14.19,45.04],[14.11,45.04],[14.03,45.04],[13.79,45.24],[14.12,45.5],[13.71,45.5],[13.71,45.56],[13.71,45.76],[13.39,45.82],[13.31,45.82],[13.31,46.09],[13.48,46.15],[13.4,46.35],[13.56,46.41],[13.56,46.55],[12.09,46.68],[11.52,46.61],[11.27,46.41],[11.11,46.41],[11.19,46.61],[10.53,46.55],[10.45,46.55],[10.37,47.01],[10.2,46.87],[9.96,46.87],[9.63,47.14],[9.63,47.2],[9.54,47.2],[9.54,47.27],[9.54,47.33],[9.54,47.4],[9.62,47.4],[9.62,47.47],[9.62,47.53],[9.95,47.53],[10.12,47.33],[10.37,47.33],[10.45,47.6],[10.61,47.6],[11.19,47.4],[11.6,47.6],[12.51,47.66],[12.51,47.4],[12.18,47.27],[12.18,47.07],[12.83,47.14],[13.08,47.01],[13.65,47.01],[13.74,47.2],[13.41,47.27],[13.42,47.66],[13.18,47.93],[13.18,48.06],[13.85,48.46],[14.1,48.65],[13.36,48.99],[13.03,49.25],[12.53,49.52],[12.53,49.65],[12.37,49.71],[12.37,49.98],[12.12,50.18],[12.12,50.25],[12.29,50.25],[12.38,50.38],[12.8,50.38],[13.39,50.71],[14.15,50.85],[14.33,50.98],[14.26,51.71],[13.42,52.05],[13.43,52.18],[13.94,52.32],[14.36,52.12],[14.62,52.12],[14.78,51.92],[14.87,52.05],[15.04,52.05],[15.13,52.25],[15.47,52.18],[15.65,52.32],[15.81,52.25],[15.97,51.92],[16.05,51.92],[16.13,51.71],[16.56,51.71],[16.72,51.58],[16.98,51.71]],[[20.29,49.25],[20.28,49.12],[20.45,49.18],[20.37,49.25],[20.29,49.25]],[[14.27,51.92],[14.19,52.12],[13.93,52.12],[13.93,52.05],[14.27,51.92]]],[[[10.11,48.46],[10.2,48.46],[10.2,48.39],[10.28,48.32],[10.11,48.32],[10.11,48.46]]],[[[13.67,51.78],[13.67,51.65],[13.58,51.65],[13.5,51.65],[13.24,51.71],[13.25,51.85],[13.59,51.85],[13.67,51.78]]]]}},{"type":"Feature","properties":{"NAME":"Tokugawa Shogunate","C":9,"name":"Tokugawa Shogunate","start_year":1600,"end_year":1601,"capital":"","type":"polity","region":"","event":"","source":"Cliopatria / Seshat Global History Databank (CC BY 4.0)","wikipedia":"Tokugawa shogunate","wikidata":"Q205662","_a":318,"_c":[132.89,32.89],"_nz":"德川幕府","_sz":""},"geometry":{"type":"MultiPolygon","coordinates":[[[[123.72,24.39],[123.96,24.46],[123.91,24.26],[123.84,24.26],[123.69,24.26],[123.72,24.39]]],[[[125.41,24.91],[125.46,24.78],[125.44,24.71],[125.22,24.71],[125.26,24.91],[125.41,24.91]]],[[[127.91,26.39],[127.82,26.07],[127.65,26],[127.68,26.39],[127.87,26.52],[127.93,26.71],[128.17,26.77],[128.19,26.84],[128.42,26.84],[128.38,26.71],[127.91,26.39]]],[[[129.8,28.57],[129.74,28.38],[129.35,28.12],[129.27,28.12],[129.15,28.19],[129.19,28.32],[129.8,28.57]]],[[[130.44,30.5],[130.72,30.44],[130.69,30.37],[130.62,30.18],[130.36,30.31],[130.44,30.5]]],[[[130.92,30.76],[131.17,30.82],[131.1,30.63],[131.07,30.56],[131.02,30.44],[130.82,30.5],[130.92,30.76]]],[[[130.85,32.43],[130.74,32.17],[130.67,32.17],[130.39,32.24],[130.44,32.36],[130.85,32.43]]],[[[129.99,32.56],[130.53,32.56],[130.37,32.36],[130.29,32.36],[130.13,32.17],[129.93,32.24],[129.99,32.56]]],[[[131.04,32.49],[131.06,32.56],[131.09,32.62],[131.12,32.69],[130.77,32.75],[130.8,32.81],[130.54,32.75],[130.57,32.81],[130.42,33.01],[130.71,33.14],[130.79,33.14],[131.27,33.2],[131.25,33.14],[131.32,33.14],[131.29,33.07],[131.37,33.07],[131.28,32.88],[131.51,32.88],[131.48,32.81],[132.03,33.01],[132,32.94],[132.08,32.94],[131.99,32.75],[131.78,32.62],[131.61,32.24],[131.58,32.17],[131.28,32.17],[131.26,32.3],[131.1,32.3],[131.13,32.36],[131.06,32.36],[131.08,32.43],[131.11,32.49],[131.04,32.49]]],[[[132.67,33.39],[132.94,33.33],[132.66,32.88],[132.58,32.88],[132.38,32.94],[132.42,33.2],[132.45,33.26],[132.67,33.39]]],[[[133.51,34.04],[133.63,34.29],[134.23,34.42],[134.2,34.36],[134.63,34.29],[134.77,34.1],[134.66,33.71],[134.45,33.59],[134.37,33.59],[134.28,33.71],[133.89,33.71],[133.8,33.84],[133.14,33.59],[132.69,33.78],[132.72,33.84],[132.88,34.16],[133.03,34.16],[133.12,34.04],[133.51,34.04]]],[[[135.46,35.32],[135.15,35.32],[134.97,35.58],[135.04,35.71],[135.07,35.77],[135.38,35.77],[135.28,35.58],[135.43,35.58],[135.51,35.58],[135.59,35.58],[135.67,35.58],[135.63,35.52],[135.46,35.32]]],[[[139.86,34.87],[139.7,34.87],[139.77,35],[139.69,35],[140.03,35.64],[139.73,35.52],[139.72,35.19],[139.21,35.26],[139.14,35.13],[139.23,35],[138.95,34.61],[138.68,34.68],[138.8,35.07],[138.64,35.07],[138.28,34.81],[138.26,34.61],[137.07,34.55],[137.24,34.74],[136.94,34.74],[136.97,34.81],[136.77,34.87],[136.89,35.26],[136.97,35.26],[137.59,35.26],[137.67,35.71],[137.49,35.97],[137.04,35.84],[137.06,36.03],[136.83,36.03],[136.84,36.48],[136.49,36.55],[136.52,36.61],[136.78,36.8],[137.25,36.8],[137.63,37.06],[138.17,37.19],[138.51,37.38],[138.77,37.84],[139.39,38.22],[139.43,38.29],[139.67,38.29],[139.75,38.16],[139.56,37.71],[139.21,37.38],[139.29,37.38],[139.22,37.25],[139.34,37.06],[139.61,37.13],[140.03,37.45],[140.26,37.45],[140.23,37.38],[140.38,37.38],[140.51,37.19],[140.33,36.61],[139.73,36.22],[139.98,35.97],[140.71,35.9],[140.79,35.9],[140.91,35.84],[140.54,35.58],[140.41,35.19],[139.86,34.87]],[[138.59,36.55],[138.16,36.48],[138.13,36.42],[138.13,36.29],[138.52,36.29],[138.67,36.42],[138.59,36.55]]],[[[137.19,37.25],[136.99,37.32],[136.65,37.13],[136.57,37.13],[136.72,37.38],[137.37,37.58],[137.23,37.32],[137.19,37.25]]],[[[141.88,39.19],[141.95,39.19],[141.55,38.8],[141.63,38.8],[141.51,38.35],[141.08,38.29],[140.92,38.03],[141,38.03],[140.96,37.96],[140.49,37.96],[140.41,37.96],[140.18,37.84],[140.06,37.9],[140.61,38.42],[140.53,38.42],[140.65,38.61],[140.57,38.61],[140.65,38.74],[140.57,38.87],[139.75,38.93],[139.79,39],[140.04,39.64],[139.89,39.9],[139.66,39.9],[139.99,40.29],[139.77,40.55],[139.9,40.74],[140.18,40.81],[140.34,41.26],[140.69,41.2],[140.92,41.52],[141.54,41.39],[141.4,41.2],[141.48,41.2],[141.38,40.94],[141.53,40.81],[141.44,40.68],[141.63,40.61],[141.62,40.48],[141.78,40.48],[141.81,40.29],[141.89,40.29],[142.07,39.97],[141.97,39.71],[142.09,39.64],[141.88,39.19]]]]}},{"type":"Feature","properties":{"NAME":"Ottoman Empire","C":6,"name":"Ottoman Empire","start_year":1600,"end_year":1601,"capital":"","type":"polity","region":"","event":"","source":"Cliopatria / Seshat Global History Databank (CC BY 4.0)","wikipedia":"Ottoman Empire","wikidata":"Q12560","_a":2043,"_c":[24.82,29.03],"_nz":"奥斯曼帝国","_sz":""},"geometry":{"type":"MultiPolygon","coordinates":[[[[22.41,46.48],[22.4,46.28],[22.48,46.28],[22.38,46.02],[22.13,45.96],[22.04,45.76],[21.87,45.76],[21.78,45.63],[21.62,45.63],[21.52,45.37],[21.84,45.3],[22.14,44.97],[22.55,44.97],[22.53,44.71],[22.69,44.65],[22.52,44.52],[22.5,44.32],[22.89,44.12],[22.95,43.8],[23.6,43.86],[24.15,43.67],[24.88,43.73],[25.35,43.6],[25.85,43.73],[26.28,44.06],[27.49,44.06],[27.83,44.19],[27.94,44.52],[27.79,44.58],[27.8,44.71],[27.97,44.78],[28,45.04],[27.85,45.17],[27.87,45.37],[28.12,45.43],[28.15,45.69],[28.31,45.69],[28.33,45.89],[28.51,46.02],[28.44,46.15],[28.89,46.48],[29.57,46.74],[29.65,46.74],[29.75,46.87],[31.09,47.07],[31.19,47.2],[31.92,47.14],[31.9,47.01],[31.99,47.01],[31.94,46.68],[30.88,46.68],[30.3,45.96],[30.04,45.89],[29.86,45.69],[29.61,45.69],[29.58,45.43],[29.67,45.43],[29.53,44.91],[29.02,44.78],[29.05,44.97],[28.8,44.97],[28.84,44.58],[28.58,44.39],[28.54,43.99],[28.62,43.99],[28.48,43.47],[28.16,43.47],[28.23,43.34],[27.9,43.28],[27.8,43.15],[27.85,42.76],[27.51,42.63],[27.49,42.43],[27.8,42.24],[27.78,42.11],[28,41.91],[27.98,41.65],[28.22,41.65],[28.35,41.39],[28.98,41.26],[28.96,41.13],[30.48,41.2],[30.62,41.07],[31.18,41.07],[31.53,41.39],[32.03,41.52],[32.04,41.65],[32.19,41.59],[32.69,41.78],[32.63,41.91],[34.78,41.91],[34.88,42.04],[35.12,42.04],[35.16,41.72],[35.95,41.72],[36.21,41.26],[36.77,41.33],[37.07,41.13],[37.23,41.2],[37.21,41.07],[37.77,41.07],[37.83,40.94],[38.16,41],[38.3,40.87],[38.78,40.94],[39.05,41.13],[39.74,40.94],[40.37,40.94],[40.39,41.07],[40.54,41],[41.05,41.2],[41.16,41.39],[41.31,41.33],[41.41,41.46],[41.57,41.46],[41.82,41.98],[41.74,41.98],[41.76,42.11],[41.6,42.11],[41.7,42.24],[41.48,42.37],[41.61,42.63],[41.33,42.89],[41.17,42.89],[41.12,43.02],[40.82,43.15],[40.42,43.15],[40.22,43.41],[39.99,43.47],[40.17,43.6],[40.74,43.6],[41.95,43.21],[42.92,43.21],[43.2,43.02],[43.74,42.89],[43.78,42.69],[44.69,42.82],[44.74,42.69],[45.16,42.76],[45.44,42.56],[45.68,42.56],[45.68,42.17],[46.23,42.11],[46.43,41.91],[46.82,41.85],[47.5,41.26],[47.99,41.33],[48.17,41.85],[48.09,41.85],[48.12,41.98],[48.28,41.98],[49.09,41.26],[49.06,41.13],[49.27,41],[49.24,40.87],[49.51,40.61],[50.19,40.48],[50.25,40.36],[49.69,40.36],[49.4,40.1],[49.27,39.38],[49.15,39.19],[48.92,39.19],[48.8,39],[48.76,38.35],[48.84,38.35],[48.83,37.84],[49.09,37.51],[49.85,37.45],[50.32,37],[50.57,37.06],[50.55,37],[49.5,36.29],[49.27,35.84],[49.15,35.07],[49.07,35.07],[48.92,34.04],[48.99,34.04],[48.95,33.71],[49.02,33.71],[48.97,32.81],[49.1,32.62],[49.07,31.91],[49.15,31.91],[49.11,31.59],[49.18,31.59],[49.12,30.5],[49.04,30.5],[48.94,30.31],[48.99,30.05],[48.37,29.92],[48.4,29.6],[47.87,29.54],[47.85,29.41],[48.08,29.41],[48.22,29.28],[48.19,29.09],[48.46,28.77],[48.56,28.32],[48.97,27.93],[48.87,27.67],[49.24,27.61],[49.36,27.29],[50.13,26.77],[50.12,26.58],[50.25,26.45],[50.22,26.13],[50.07,26.07],[50.21,26],[50.33,25.62],[50.61,25.42],[50.65,25.1],[50.73,25.1],[50.77,25.55],[50.92,25.62],[50.95,25.94],[51.12,26.13],[51.42,26.13],[51.7,25.87],[51.57,25.36],[51.72,25.29],[51.69,24.97],[51.52,24.78],[51.41,24.33],[51.7,24.26],[51.75,23.88],[51.17,24.07],[51.18,24.2],[50.48,24.78],[50.03,25.68],[49.67,25.87],[49.88,26.45],[49.25,26.97],[49.27,27.09],[49.06,27.29],[48.55,27.48],[48.53,27.99],[48.47,28.12],[48.25,28.19],[48.21,28.51],[48.06,28.51],[48.14,28.64],[47.93,28.77],[47.89,29.09],[47.45,29.22],[47.47,29.34],[47.24,29.34],[47.1,29.47],[46.87,29.41],[46.75,29.67],[46.59,29.6],[46.53,29.79],[46.1,29.99],[45.55,30.5],[45.4,30.5],[44.79,31.21],[44.64,31.14],[44.66,31.34],[44.44,31.46],[44.46,31.59],[43.15,32.81],[42.71,32.94],[42.36,33.26],[42.06,33.33],[41.86,33.59],[41.71,33.59],[41.37,33.91],[40.93,34.1],[40.23,34.04],[39.9,33.91],[39.81,33.71],[39.42,33.65],[39.4,33.52],[39.25,33.52],[38.91,33.26],[38.89,33.07],[38.64,32.88],[38.29,32.36],[38.27,32.17],[38.01,31.91],[38.07,31.72],[37.83,31.66],[37.48,31.14],[37.55,31.01],[37.4,31.01],[37.21,30.63],[37.16,30.05],[37.31,29.99],[37.22,29.86],[37.68,28.96],[37.82,28.89],[37.81,28.77],[37.97,28.83],[37.95,28.57],[38.23,28.32],[38.22,28.19],[38.45,28.19],[38.36,28.06],[38.42,27.87],[38.7,27.61],[38.76,27.35],[38.91,27.29],[38.9,27.16],[39.04,27.09],[39.31,26.58],[39.46,26.58],[39.38,26.52],[39.44,26.32],[39.58,26.26],[39.78,25.81],[39.92,25.74],[40.25,24.97],[40.39,24.91],[40.52,24.52],[40.87,24.14],[41.41,23.11],[42.17,22.21],[42.17,22.08],[42.45,21.82],[42.78,21.18],[43.14,20.92],[43.27,20.6],[43.69,20.21],[43.69,20.09],[43.83,19.96],[43.98,20.02],[44.31,19.38],[44.46,19.44],[44.38,19.25],[44.52,19.19],[44.58,18.93],[44.8,18.8],[44.79,18.67],[45.35,18.16],[45.34,18.03],[45.83,17.51],[45.82,17.39],[46.03,17.26],[45.95,17.19],[46.02,17],[46.16,16.94],[46.35,16.42],[46.49,16.36],[46.48,16.16],[46.63,16.16],[46.55,16.04],[46.61,15.84],[46.83,15.78],[46.74,15.59],[46.95,15.33],[47.06,14.69],[46.58,13.91],[46.12,13.53],[46.18,13.4],[45.74,13.34],[45.05,12.76],[43.8,12.63],[43.44,12.69],[43.45,12.89],[43.24,13.08],[43.26,13.72],[43.06,13.98],[42.95,14.88],[42.89,15.07],[42.75,15.14],[42.77,15.52],[42.69,15.52],[42.82,16.61],[42.76,16.74],[42.48,17],[42.48,17.13],[42.34,17.13],[42.28,17.45],[41.58,18.09],[41.45,18.48],[41.24,18.61],[41.25,18.86],[41.04,19.12],[40.99,19.44],[40.84,19.51],[40.85,19.7],[40.56,19.83],[40.14,20.28],[39.84,20.28],[39.35,20.79],[39.15,21.18],[39.17,21.63],[39.03,21.76],[39.14,22.53],[38.86,22.85],[38.87,23.04],[38.6,23.62],[38.03,24.14],[37.44,24.33],[37.39,24.65],[37.17,24.78],[37.18,24.91],[37.33,24.97],[37.27,25.23],[36.77,25.68],[36.72,26],[36.43,26.19],[36.16,26.77],[35.67,27.29],[35.61,27.54],[35.47,27.61],[35.41,27.87],[35.05,28.12],[34.59,28.06],[34.61,28.25],[34.85,28.57],[34.91,29.41],[34.75,29.28],[34.52,28.06],[34.36,27.93],[34.35,27.74],[34.12,27.74],[33.62,28.12],[33.55,28.32],[33.4,28.32],[33.19,28.51],[33.15,29.02],[32.86,29.22],[32.59,29.73],[32.6,29.92],[32.44,29.79],[32.69,28.96],[32.84,28.89],[33.11,28.38],[33.61,27.99],[33.59,27.61],[33.8,27.42],[33.93,27.03],[34.07,26.97],[34.05,26.58],[34.2,26.52],[34.46,25.87],[34.61,25.81],[35.15,24.65],[35.86,24.01],[35.85,23.88],[35.56,23.94],[35.55,23.69],[35.81,22.91],[35.66,22.98],[35.05,22.59],[33.62,22.27],[32.06,22.21],[31.69,22.34],[31.46,22.08],[31.23,22.01],[31.17,22.27],[31.32,22.4],[30.74,22.66],[30.16,23.11],[30.01,23.11],[29.57,23.49],[29.58,23.62],[29.14,23.94],[29.15,24.07],[28.78,24.39],[28.79,24.52],[28.57,24.65],[28.29,25.16],[28.24,25.94],[28.35,26.58],[28.27,26.58],[28.15,27.35],[27.94,27.54],[27.71,27.54],[27.79,27.67],[27.43,27.99],[27.28,27.93],[27.29,28.12],[27.14,28.25],[25.59,28.96],[25.37,29.28],[25.15,29.28],[25,29.41],[24.85,29.34],[24.78,29.54],[24.33,29.67],[24.26,29.79],[23.51,29.99],[22.92,30.31],[22.76,30.24],[22.77,30.37],[21.94,30.56],[20.95,30.56],[18.73,29.99],[17.91,30.18],[16.7,30.69],[15.49,30.95],[15.18,30.89],[15.19,31.08],[14.58,31.53],[14.59,31.66],[14.28,31.91],[13.6,32.17],[13.07,32.17],[13.07,32.3],[11.77,32.3],[11.77,32.43],[11.54,32.43],[11.46,32.56],[11.31,32.49],[11.16,32.69],[10.39,33.01],[10.01,33.01],[10.08,33.14],[9.63,33.14],[9.55,33.33],[9.62,33.46],[9.32,33.59],[9.24,33.84],[9.08,33.91],[9.08,34.04],[8.93,34.04],[8.93,34.16],[8.31,34.29],[8.08,34.23],[8,34.42],[7.61,34.55],[7.15,34.49],[6.92,34.61],[6.46,34.55],[6.15,34.68],[5.38,34.68],[5.15,34.55],[4.45,34.61],[3.84,34.42],[3.46,34.49],[2.92,34.36],[2.45,34.61],[1.91,34.61],[1.91,34.74],[1.75,34.74],[1.53,34.55],[1.29,34.61],[0.68,34.42],[0.45,34.49],[0.3,34.36],[-0.47,34.36],[-0.54,34.16],[-0.69,34.16],[-0.68,34.04],[-1.5,33.46],[-1.58,33.46],[-1.72,34.68],[-2.11,34.94],[-2.12,35.07],[-2.04,35.07],[-1.36,35.26],[-1.14,35.45],[-1.22,35.64],[-0.99,35.64],[-0.91,35.64],[-0.91,35.52],[-0.67,35.45],[-0.45,35.58],[-0.53,35.71],[-0.53,35.77],[0.08,35.84],[0.38,36.22],[0.68,36.29],[0.68,36.42],[0.91,36.35],[1.22,36.55],[1.53,36.48],[2.38,36.67],[2.69,36.61],[2.84,36.74],[3.23,36.74],[3.46,36.87],[3.85,36.8],[4.47,36.93],[4.86,36.87],[5.1,36.67],[5.56,36.67],[5.64,36.8],[6.11,36.8],[6.1,36.93],[6.33,37.06],[6.8,36.87],[7.19,36.87],[7.35,37.06],[7.5,37.06],[7.74,36.87],[8.52,36.87],[8.9,37.13],[9.06,37.06],[9.6,37.32],[9.99,37.19],[10.23,37.25],[10.23,37.06],[10.31,37.06],[10.23,36.8],[10.54,36.74],[10.85,37],[11.01,37],[11.01,36.8],[10.46,36.42],[10.54,36.35],[10.46,35.9],[10.7,35.71],[10.85,35.77],[10.93,35.58],[11.08,35.58],[11.08,35.39],[11.01,35.39],[11.08,35],[10.85,34.94],[10.85,34.81],[10.54,34.55],[10,34.29],[10.08,34.23],[10.01,33.91],[10.24,33.71],[10.54,33.71],[10.7,33.52],[11.08,33.59],[11.16,33.2],[11.46,33.2],[12.23,32.81],[12.61,32.88],[12.53,32.75],[12.84,32.75],[12.84,32.88],[13.3,32.94],[13.45,32.81],[13.76,32.88],[13.76,32.75],[14.07,32.75],[14.44,32.49],[14.67,32.56],[14.75,32.43],[15.06,32.43],[15.28,32.3],[15.42,31.66],[15.58,31.59],[15.65,31.4],[16.18,31.21],[16.86,31.21],[17.85,30.95],[18.22,30.76],[18.59,30.37],[18.9,30.37],[18.97,30.24],[19.66,30.37],[19.96,30.56],[19.97,30.69],[20.2,30.89],[20.13,31.14],[20.21,31.27],[20,31.59],[20.09,32.11],[20.02,32.24],[20.25,32.24],[20.33,32.49],[20.48,32.43],[20.56,32.56],[20.72,32.56],[20.64,32.69],[20.87,32.62],[21.11,32.81],[21.41,32.75],[21.88,32.94],[23.09,32.62],[23.08,32.36],[23.3,32.17],[23.68,32.17],[24.13,31.98],[24.89,31.98],[25.11,31.79],[25.1,31.59],[25.25,31.46],[26.85,31.46],[27.3,31.34],[27.51,31.14],[28.5,31.01],[28.87,30.82],[29.4,30.82],[29.49,31.01],[29.63,30.95],[29.87,31.08],[29.8,31.21],[29.88,31.27],[30.34,31.27],[30.27,31.4],[30.35,31.46],[30.81,31.46],[30.97,31.53],[30.97,31.66],[31.2,31.66],[31.12,31.53],[31.27,31.46],[31.88,31.46],[31.78,31.21],[31.94,31.27],[32,31.08],[32.3,31.08],[32.24,31.21],[32.39,31.21],[32.53,31.08],[32.77,31.14],[32.83,31.01],[33.98,31.14],[34.3,31.27],[34.31,31.4],[34.55,31.53],[34.64,31.72],[34.57,31.85],[34.81,31.98],[34.77,32.36],[35.02,32.62],[35.06,33.01],[35.22,33.07],[35.4,33.39],[35.35,33.65],[35.5,33.65],[35.45,33.91],[35.68,33.97],[35.64,34.36],[35.79,34.29],[36.05,34.55],[36.07,34.74],[35.93,34.87],[35.96,35.19],[35.88,35.19],[35.99,35.52],[35.84,35.58],[35.99,36.22],[35.84,36.29],[36.26,36.61],[36.29,36.8],[36.14,36.93],[35.83,36.93],[35.49,36.61],[35.11,36.74],[34.95,36.67],[34.89,36.87],[34.58,36.87],[34.25,36.67],[33.98,36.29],[33.27,36.22],[32.71,36.03],[32.56,36.03],[32.5,36.22],[32.07,36.61],[31.09,36.93],[30.62,36.93],[30.49,36.35],[30.03,36.35],[29.94,36.22],[29.24,36.22],[29.12,36.74],[28.74,36.74],[28.59,36.87],[28.36,36.87],[28.19,36.67],[28.03,36.67],[28.14,37.06],[28.07,37.13],[27.6,37.13],[27.54,37.38],[27.22,37.32],[27.31,37.45],[27.16,37.58],[27.26,37.77],[27.18,37.77],[27.28,38.03],[26.89,38.09],[26.82,38.22],[26.43,38.22],[26.38,38.67],[26.54,38.61],[26.59,38.35],[27.06,38.35],[27.08,38.55],[26.85,38.61],[26.96,39],[26.88,39],[26.89,39.19],[26.74,39.26],[26.85,39.58],[26.13,39.51],[26.27,40.29],[26.6,40.48],[26.68,40.48],[26.67,40.36],[27.47,40.42],[27.54,40.29],[27.7,40.29],[27.79,40.48],[27.95,40.48],[27.94,40.36],[29.05,40.36],[28.9,40.48],[28.91,40.61],[29.48,40.74],[29.49,40.87],[29.25,40.81],[29.1,40.94],[29.12,41.07],[28.63,41],[28.17,41.13],[28.08,41],[27.53,41.07],[27.02,40.68],[26.92,40.48],[26.63,40.74],[26.14,40.61],[26.08,40.87],[25.38,41],[24.35,41],[24.01,40.74],[23.7,40.81],[23.68,40.61],[23.84,40.55],[23.74,40.23],[23.27,40.29],[22.88,40.48],[22.89,40.61],[22.65,40.61],[22.56,40.36],[22.54,40.1],[22.7,40.1],[22.61,39.9],[23.14,39.45],[22.82,39.38],[22.8,39.06],[22.96,39.13],[23.49,38.87],[23.33,38.8],[23.03,38.93],[22.94,38.74],[23.17,38.67],[23.31,38.48],[23.63,38.48],[23.56,38.74],[24.03,38.67],[24.18,38.55],[24.16,38.22],[24,38.22],[23.98,37.84],[23.44,38.03],[23.21,38.03],[23.2,37.9],[23.04,37.9],[23.11,37.64],[23.34,37.64],[23.41,37.51],[23.4,37.32],[23.17,37.32],[23.1,37.51],[22.71,37.58],[22.7,37.32],[22.85,37.25],[23.06,36.67],[22.83,36.87],[22.6,36.87],[22.51,36.67],[22.36,36.67],[22.22,37.06],[21.91,37.06],[21.9,36.87],[21.74,36.87],[21.68,37.19],[21.6,37.19],[21.7,37.51],[21.24,37.84],[21.42,38.16],[21.73,38.16],[21.74,38.35],[21.19,38.42],[20.97,38.74],[20.74,38.8],[20.91,39.06],[20.3,39.38],[20.15,39.71],[19.92,39.71],[20.01,39.97],[19.63,40.29],[19.47,40.29],[19.49,40.61],[19.25,40.61],[19.25,40.74],[19.5,40.87],[19.44,41.26],[19.52,41.39],[19.44,41.39],[19.53,41.52],[19.45,41.52],[19.54,41.78],[18.85,42.3],[18.85,42.37],[18.71,42.82],[18.31,42.69],[18.08,43.02],[17.52,43.02],[17.52,43.08],[17.44,43.08],[17.44,43.15],[17.36,43.15],[17.37,43.21],[17.05,43.47],[17.06,43.54],[16.98,43.54],[16.82,43.73],[15.7,44.06],[15.55,44.25],[15.23,44.32],[15.23,44.45],[15.48,44.65],[15.8,44.71],[15.82,45.24],[15.98,45.24],[16.22,45.04],[16.47,45.24],[16.8,45.24],[16.8,45.43],[17.3,45.69],[17.23,45.89],[17.06,45.89],[17.07,46.15],[16.91,46.22],[17.26,46.74],[17.68,46.87],[18.17,46.87],[18.43,47.07],[18.53,47.47],[18.95,47.66],[19.21,47.93],[20.13,47.99],[20.44,47.8],[20.69,47.8],[20.67,47.53],[20.83,47.33],[20.82,47.2],[21.14,47.14],[21.13,46.94],[21.37,46.81],[21.45,46.81],[21.62,46.81],[21.76,46.55],[22.41,46.48]]],[[[2.61,34.42],[2.53,34.42],[2.53,34.49],[2.61,34.49],[2.61,34.42]]],[[[25.34,37.13],[25.42,37.13],[25.57,37.13],[25.56,37],[25.33,37],[25.34,37.13]]],[[[24.2,37.64],[24.28,37.71],[24.36,37.71],[24.43,37.58],[24.27,37.51],[24.2,37.64]]],[[[26.08,37.71],[26.16,37.71],[26.31,37.71],[26.3,37.58],[25.99,37.51],[26.08,37.71]]],[[[24.69,38.03],[24.77,38.03],[25.07,37.77],[24.83,37.71],[24.68,37.84],[24.69,38.03]]],[[[25.88,38.16],[25.9,38.48],[25.82,38.48],[25.91,38.67],[25.99,38.67],[26.22,38.55],[26.11,38.16],[25.88,38.16]]],[[[23.57,38.8],[23.56,38.74],[23.48,38.74],[23.49,38.8],[23.57,38.8]]],[[[24.36,39],[24.44,39],[24.67,38.93],[24.66,38.74],[24.36,38.87],[24.36,39]]],[[[26.09,39],[26.1,39.13],[25.79,39.19],[26.04,39.38],[26.12,39.38],[26.51,39.32],[26.64,39],[26.25,38.93],[26.09,39]]],[[[20.15,39.64],[20.15,39.58],[20.07,39.58],[20.07,39.64],[20.15,39.64]]],[[[25.07,40.03],[25.15,40.03],[25.46,40.03],[25.45,39.84],[24.97,39.84],[25.07,40.03]]],[[[25.72,40.29],[25.8,40.29],[26.04,40.29],[26.02,40.16],[25.7,40.1],[25.72,40.29]]],[[[24.55,40.55],[24.49,40.81],[24.57,40.81],[24.81,40.81],[24.79,40.61],[24.55,40.55]]],[[[43.71,10.25],[43.71,10.44],[43.5,10.57],[43.23,11.15],[43.08,11.21],[43.17,11.54],[43.32,11.54],[43.67,11.21],[43.73,10.96],[44.08,10.57],[44.37,10.44],[44.88,10.44],[44.89,10.51],[45.11,10.51],[45.1,10.31],[44.87,10.06],[43.71,10.25]]],[[[39.74,15.26],[39.3,15.39],[39.1,15.78],[39.11,15.91],[39.26,15.97],[39.26,16.04],[39.41,16.04],[39.46,15.71],[39.74,15.33],[39.74,15.26]]],[[[37.34,19.12],[37.62,18.8],[37.7,18.8],[37.54,18.61],[37.24,18.61],[37.1,18.74],[37.34,19.12]]],[[[44.32,19.57],[44.25,19.57],[44.25,19.64],[44.33,19.64],[44.32,19.57]]],[[[44.25,19.64],[44.18,19.64],[44.18,19.7],[44.26,19.7],[44.25,19.64]]],[[[40.13,25.49],[40.06,25.49],[40.06,25.55],[40.14,25.55],[40.13,25.49]]],[[[33.96,35.26],[34.09,35],[33.7,34.94],[33.52,34.74],[33.13,34.68],[33.04,34.55],[32.37,34.74],[32.23,34.94],[32.25,35.13],[32.55,35.13],[32.88,35.26],[32.89,35.39],[33.74,35.39],[34.31,35.71],[34.39,35.71],[34.54,35.71],[34.53,35.58],[33.96,35.26]]],[[[27.69,36.29],[28.02,36.48],[28.09,36.48],[28.25,36.48],[28.14,36.03],[27.74,35.9],[27.69,36.29]]],[[[27.12,36.93],[27.19,36.8],[26.87,36.67],[27.04,36.93],[27.12,36.93]]],[[[34.38,44.78],[33.93,44.45],[33.52,44.45],[33.47,44.65],[33.55,44.65],[33.56,44.71],[34.03,44.65],[34.39,44.91],[34.56,44.91],[34.57,44.97],[35.4,45.1],[35.39,45.04],[34.95,44.84],[34.38,44.78]]],[[[36.25,45.37],[36.26,45.43],[36.42,45.43],[36.38,45.17],[36.23,45.24],[36.25,45.37]]],[[[39.53,47.33],[39.48,47.07],[39.22,47.01],[39.23,47.07],[39.24,47.14],[39.26,47.2],[39.27,47.27],[39.13,47.4],[39.3,47.47],[39.39,47.47],[39.53,47.33]]]]}},{"type":"Feature","properties":{"NAME":"Joseon","C":10,"name":"Joseon","start_year":1600,"end_year":1621,"capital":"","type":"polity","region":"","event":"","source":"Cliopatria / Seshat Global History Databank (CC BY 4.0)","wikipedia":"Joseon","wikidata":"Q28405","_a":64,"_c":[127.51,38.11],"_nz":"朝鲜王朝","_sz":""},"geometry":{"type":"MultiPolygon","coordinates":[[[[126.7,33.26],[126.14,33.2],[126.36,33.52],[127,33.59],[126.78,33.26],[126.7,33.26]]],[[[129.7,41.65],[129.81,41.46],[129.73,41.33],[129.88,41.2],[129.76,40.87],[129.24,40.68],[129.08,40.42],[128.68,40.29],[128.37,40.03],[127.93,39.97],[127.58,39.77],[127.67,39.64],[127.44,39.26],[127.8,39.19],[127.92,39],[128.36,38.8],[128.84,37.96],[129.1,37.58],[129.26,37.58],[129.47,37.25],[129.41,37.13],[129.53,37.06],[129.4,36.35],[129.47,36.35],[129.42,36.1],[129.58,36.1],[129.67,35.97],[129.54,35.71],[129.62,35.71],[129.15,35.07],[128.53,35.07],[128.55,34.94],[128.81,35],[128.68,34.74],[128.33,34.81],[128.31,34.94],[128.08,34.94],[128.07,34.74],[127.76,34.74],[127.38,34.42],[127.22,34.42],[127.13,34.55],[127.3,34.74],[127.22,34.74],[127.02,34.49],[126.63,34.29],[126.42,34.36],[126.48,34.49],[126.35,34.36],[126.12,34.36],[126.48,34.81],[126.2,34.87],[126.38,35.26],[126.3,35.26],[126.52,35.71],[126.77,35.9],[126.61,35.9],[126.68,36.03],[126.52,36.03],[126.43,36.16],[126.45,36.67],[126.26,36.61],[126.05,36.8],[126.3,37],[126.65,37.06],[126.7,37.32],[126.54,37.45],[126.6,37.58],[126.25,37.64],[126.35,37.84],[125.84,37.77],[125.83,37.9],[125.68,37.9],[125.39,37.64],[125.23,37.64],[125.3,37.77],[125.21,37.9],[124.9,37.9],[125.08,38.09],[124.76,38.09],[124.87,38.29],[124.79,38.29],[124.96,38.61],[125.15,38.67],[125.19,38.74],[125.03,38.74],[125.39,39.38],[125.31,39.51],[124.87,39.58],[124.86,39.71],[124.51,39.64],[124.34,39.9],[124.27,39.9],[124.73,40.42],[124.8,40.42],[125.2,40.68],[125.99,40.94],[126.63,41.72],[126.87,41.85],[127.15,41.78],[127.31,41.52],[128.22,41.46],[128.31,41.72],[128.03,41.78],[128,41.98],[128.96,42.11],[129.21,42.37],[129.7,42.5],[129.76,42.95],[130.13,43.02],[130.12,42.89],[130.28,42.89],[130.38,42.56],[130.74,42.5],[130.61,42.3],[130.32,42.24],[129.74,41.72],[129.7,41.65]]]]}},{"type":"Feature","properties":{"NAME":"Tsardom of Russia","C":6,"name":"Tsardom of Russia","start_year":1600,"end_year":1601,"capital":"","type":"polity","region":"","event":"","source":"Cliopatria / Seshat Global History Databank (CC BY 4.0)","wikipedia":"Tsardom of Russia","wikidata":"Q186096","_a":1681,"_c":[56.11,58.36],"_nz":"沙皇俄国","_sz":""},"geometry":{"type":"MultiPolygon","coordinates":[[[[46.28,43.93],[46.29,43.99],[46.21,43.99],[46.23,44.06],[46.31,44.06],[46.24,44.12],[46.24,44.52],[46.32,44.52],[46.38,44.78],[46.31,44.84],[46.47,44.84],[46.58,44.97],[46.81,45.63],[47.41,46.15],[47.37,46.35],[47.22,46.41],[47.25,46.55],[47.08,46.48],[47.12,46.68],[46.92,46.87],[46.75,46.87],[46.3,47.4],[45.43,47.6],[45.3,47.73],[45.33,47.86],[44.98,47.8],[44.41,48.19],[43.77,48.32],[44.05,49.18],[44.37,49.52],[44.45,49.85],[44.76,50.11],[45.2,51.18],[45.28,51.18],[45.25,51.38],[45.17,51.38],[45.29,51.85],[46.44,52.92],[46.53,53.26],[46.31,53.39],[46.46,53.6],[46.2,53.6],[45.98,53.73],[46.04,53.94],[45.95,53.94],[45.99,54.07],[45.82,54.07],[45.81,54.34],[44.6,54.34],[44.56,54.21],[44.71,54.14],[44.48,53.94],[43.92,54.07],[43.8,54.27],[43.19,54.27],[43.21,54.34],[42.61,54.34],[42.46,54.14],[41.79,54.21],[41.76,54.07],[41.05,54],[41.01,53.87],[41.1,53.87],[40.95,53.6],[40.46,53.73],[40.21,53.39],[39.95,53.39],[39.81,52.79],[39.59,52.59],[39.45,51.98],[39.52,51.92],[39.08,51.45],[38.46,51.31],[37.58,50.71],[36.77,50.45],[36.43,50.45],[35.43,51.38],[34.87,51.58],[34.53,51.58],[34.25,51.45],[34.3,51.25],[34.1,51.05],[34.04,50.71],[34.17,50.51],[34.16,50.45],[33.41,50.45],[33.09,50.58],[32.81,50.91],[32.32,51.05],[32.26,51.18],[31.75,51.18],[31.21,50.98],[31.11,50.85],[30.69,50.85],[30.54,50.98],[30.58,51.85],[30.87,52.05],[31.66,52.18],[31.5,52.79],[31.28,52.99],[31.31,53.19],[31.9,53.12],[32.11,53.33],[32.15,53.53],[32,53.66],[32.02,53.8],[31.77,53.87],[31.8,54],[31.57,54.21],[31.24,54.27],[30.8,54.75],[30.97,55.23],[30.88,55.23],[30.91,55.36],[31.22,55.63],[31.37,55.98],[31.22,56.11],[30.84,55.98],[30.41,56.05],[30.03,55.84],[29.4,55.77],[29.42,55.91],[29.12,56.18],[29.04,56.8],[28.67,56.66],[28.62,56.39],[28.4,56.11],[28.14,56.11],[28.12,56.59],[27.65,56.94],[27.8,57.35],[27.39,57.56],[27.72,57.97],[27.81,57.97],[27.98,57.9],[28.01,58.11],[27.92,58.11],[27.94,58.25],[27.75,58.18],[27.66,58.18],[27.48,58.18],[27.54,58.53],[27.63,58.53],[27.72,58.53],[27.8,59.02],[27.72,59.09],[27.73,59.16],[28.03,59.29],[28.06,59.5],[27.88,59.5],[27.89,59.57],[27.93,59.78],[28.29,59.78],[28.41,59.92],[28.85,59.85],[29.07,60.07],[29.77,59.92],[29.76,59.85],[30.14,59.92],[30.16,60.07],[29.97,60],[29.99,60.14],[29.81,60.14],[29.83,60.21],[29.93,60.28],[30,60.63],[29.64,60.7],[29.59,60.91],[29.41,60.91],[29.38,61.26],[29.29,61.26],[29.37,61.69],[29.29,61.76],[29.84,62.19],[29.91,62.55],[29.82,62.55],[29.87,62.83],[29.78,62.83],[29.84,63.12],[29.68,63.26],[29.71,63.41],[29.61,63.41],[29.64,63.55],[29.55,63.55],[29.58,63.7],[29.48,63.7],[29.53,63.91],[29.36,64.06],[29.39,64.2],[29.3,64.2],[29.53,64.42],[29.58,64.64],[29.8,64.79],[29.86,65.08],[30.21,65.37],[30.31,65.81],[30.06,66.03],[29.87,66.03],[29.32,66.62],[29.12,66.62],[29.13,67.15],[29.59,67.44],[29.79,67.44],[29.94,67.67],[29.61,67.97],[29.41,67.97],[29.34,68.12],[28.77,68.2],[28.78,68.27],[28.58,68.27],[28.42,68.42],[28.63,68.95],[28.85,69.03],[29.17,69.11],[29.32,69.33],[29.94,69.41],[30.19,69.64],[30.68,69.56],[30.92,69.72],[30.96,69.87],[31.06,69.87],[31.55,69.79],[31.91,70.02],[32.31,70.02],[32.48,69.87],[32.98,69.87],[32.96,69.79],[33.06,69.79],[32.9,69.56],[33.48,69.49],[33.44,69.33],[34.46,69.41],[34.44,69.33],[34.84,69.33],[34.82,69.26],[36.13,69.26],[36.1,69.18],[36.3,69.18],[36.28,69.11],[37.96,68.73],[38.01,68.57],[38.21,68.57],[38.19,68.5],[38.38,68.5],[38.36,68.42],[38.93,68.35],[38.91,68.27],[39.48,68.2],[39.45,68.12],[39.97,68.2],[39.95,68.12],[40.15,68.12],[40.27,67.89],[40.66,67.89],[40.64,67.82],[41,67.74],[41.02,67.52],[41.12,67.52],[41.07,67.37],[41.34,67.3],[41.29,67.15],[41.39,67.15],[41.04,66.7],[39.8,66.18],[38.71,66.11],[38.68,66.03],[38,66.03],[38.03,66.11],[37.45,66.11],[37.47,66.18],[36.42,66.25],[36.44,66.33],[35.57,66.33],[35.59,66.4],[35.2,66.4],[35.22,66.48],[34.93,66.48],[34.95,66.55],[34.27,66.55],[34.11,66.7],[33.72,66.7],[33.74,66.77],[33.06,66.77],[32.74,67.07],[32.55,67.07],[32.51,66.92],[32.88,66.85],[33,66.55],[33.68,66.55],[33.63,66.33],[34.38,66.25],[34.36,66.18],[34.56,66.18],[34.87,65.88],[34.67,65.52],[34.44,65.37],[34.79,65.22],[34.73,65],[34.9,64.93],[34.85,64.71],[34.94,64.71],[34.98,64.49],[35.82,64.42],[35.97,64.28],[36.25,64.28],[36.55,63.99],[37.39,63.91],[37.88,63.99],[37.89,64.35],[37.53,64.42],[37.13,64.35],[36.98,64.49],[36.79,64.49],[36.73,64.64],[36.54,64.64],[36.32,64.86],[36.36,65],[36.65,65],[36.69,65.15],[36.92,65.3],[37.21,65.3],[37.19,65.22],[37.48,65.22],[37.45,65.15],[38.16,64.93],[38.21,64.79],[38.9,64.86],[38.88,64.79],[39.43,64.71],[39.41,64.64],[40.19,64.71],[40.24,64.86],[40.07,64.93],[40.12,65.08],[39.93,65.08],[39.88,65.22],[39.68,65.22],[39.54,65.37],[39.61,65.59],[40.26,65.81],[40.4,65.96],[41.44,66.18],[41.96,66.55],[43.49,66.48],[43.46,66.4],[43.66,66.4],[43.61,66.25],[43.97,66.18],[44.13,66.62],[44.35,66.7],[44.38,66.77],[44.28,66.77],[44.37,67],[44.1,67.07],[44.13,67.15],[43.74,67.15],[43.7,67.3],[43.6,67.3],[43.84,67.67],[43.94,67.67],[44.17,68.27],[43.73,68.42],[43.76,68.5],[43.46,68.5],[43.45,68.73],[44.22,68.65],[44.19,68.57],[45.61,68.65],[45.58,68.57],[45.88,68.57],[45.92,68.42],[46.12,68.42],[46.09,68.35],[46.45,68.27],[46.49,68.12],[46.69,68.12],[46.66,67.82],[45.35,67.74],[45.29,67.59],[45.09,67.59],[44.93,67.44],[45.2,67.37],[45.17,67.3],[45.56,67.3],[45.81,66.92],[47.37,66.92],[47.6,67],[47.63,67.07],[47.53,67.07],[47.82,67.52],[47.72,67.52],[47.78,67.67],[48.7,67.74],[48.7,67.97],[49.29,67.97],[50.82,68.5],[51.52,68.5],[51.89,68.65],[52.25,68.57],[52.47,68.8],[53.28,69.03],[54.04,68.95],[53.79,68.65],[53.95,68.57],[53.87,68.42],[53.3,68.27],[54.73,68.35],[54.69,68.27],[54.79,68.27],[55.04,68.57],[55.62,68.73],[57.18,68.65],[57.84,68.95],[58.2,68.88],[58.39,69.03],[59.09,69.03],[59.04,68.95],[59.4,68.88],[59.13,68.57],[59.23,68.57],[59.24,68.42],[59.74,68.42],[59.77,68.65],[59.96,68.8],[60.7,68.88],[60.83,69.11],[60.73,69.11],[60.78,69.18],[60.48,69.18],[60.41,69.41],[60.05,69.49],[60.09,69.72],[59.48,69.72],[59.53,69.79],[59.33,69.79],[59.37,69.87],[59.07,69.87],[59.11,69.95],[58.77,69.87],[58.81,69.95],[58.45,70.02],[58.44,70.18],[58.34,70.18],[58.62,70.49],[59.07,70.57],[59.03,70.49],[59.33,70.49],[59.29,70.41],[59.49,70.41],[59.44,70.33],[59.75,70.33],[59.7,70.26],[59.91,70.26],[59.86,70.18],[60.16,70.18],[60.12,70.1],[60.48,70.02],[60.54,69.79],[60.83,69.95],[61.24,69.95],[61.19,69.87],[62,69.87],[61.95,69.79],[63.93,69.72],[63.88,69.64],[64.43,69.56],[64.38,69.49],[64.79,69.49],[64.74,69.41],[64.94,69.41],[64.89,69.33],[65.39,69.33],[65.34,69.26],[66.25,69.11],[66.2,69.03],[67.3,68.88],[67.25,68.8],[67.74,68.65],[67.69,68.57],[67.99,68.57],[67.94,68.5],[68.14,68.5],[68.09,68.42],[68.29,68.42],[68.24,68.35],[68.49,68.27],[68.54,68.5],[68.64,68.5],[68.95,68.95],[68.6,68.88],[68.65,68.95],[68.35,68.95],[68.4,69.03],[68.05,69.11],[68,69.33],[67.9,69.33],[68.01,69.49],[66.6,69.64],[66.81,70.1],[67.17,70.18],[67.02,70.26],[67.12,70.41],[67.02,70.41],[67.19,70.8],[66.57,70.8],[66.63,71.03],[66.53,71.03],[66.64,71.19],[67.01,71.42],[68.11,71.66],[68.33,71.81],[69.02,72.84],[69.36,73],[70.55,72.92],[70.62,73],[71.78,73],[71.71,72.92],[72.44,72.92],[72.38,72.84],[72.94,72.76],[72.87,72.69],[72.98,72.69],[72.82,72.37],[72.92,72.37],[72.66,72.05],[72.56,72.05],[72.25,71.66],[71.81,71.5],[72.06,71.42],[72,71.34],[72.21,71.34],[72.15,71.27],[72.56,71.27],[72.5,71.19],[72.7,71.19],[72.64,71.11],[72.89,71.03],[72.69,70.64],[72.84,70.57],[72.5,70.26],[72.6,70.26],[72.54,70.18],[72.65,70.18],[72.59,70.1],[72.78,69.95],[72.61,69.72],[72.71,69.72],[72.59,69.56],[72.69,69.56],[72.58,69.41],[72.68,69.41],[72.46,69.11],[72.56,69.11],[72.5,69.03],[73.63,68.65],[73.1,68.2],[73.24,68.12],[73.03,67.82],[73.13,67.82],[73.07,67.74],[72.73,67.67],[72.42,67.37],[72.02,67.22],[71.87,67],[71.52,66.92],[71.47,66.85],[71.62,66.77],[71.52,66.62],[71.03,66.62],[70.4,66.4],[72.1,66.33],[72.45,66.7],[73.48,66.92],[74,67.52],[74.65,67.74],[74.76,67.89],[74.53,68.12],[74.59,68.2],[74.39,68.2],[74.4,68.35],[74.2,68.35],[74.44,68.8],[76.47,69.11],[76.41,69.03],[76.75,68.95],[76.73,68.8],[77.07,68.73],[77.02,68.65],[77.31,68.65],[77.26,68.57],[77.4,68.5],[77.28,68.35],[77.38,68.35],[77.26,68.2],[77.36,68.2],[77.22,67.74],[78.74,67.67],[78.41,67.37],[78.51,67.37],[77.82,66.18],[77.92,66.18],[77.12,64.93],[77.21,64.93],[77.01,64.64],[77.1,64.64],[77,64.49],[77.1,64.49],[76.99,64.35],[77.09,64.35],[77.03,64.13],[77.22,64.13],[77.26,63.91],[77.73,63.77],[77.68,63.7],[77.96,63.7],[77.91,63.62],[78.2,63.62],[78.15,63.55],[78.47,63.48],[78.42,63.41],[79.63,63.12],[79.58,63.05],[79.91,63.12],[79.81,62.98],[80.42,62.9],[80.37,62.83],[80.78,62.76],[80.73,62.69],[82.81,62.33],[82.76,62.26],[83.36,62.19],[83.31,62.12],[83.81,62.05],[83.76,61.97],[83.95,61.97],[83.89,61.9],[84.17,61.9],[84.12,61.83],[84.31,61.83],[84.34,61.62],[84.52,61.62],[84.55,61.41],[84.83,61.41],[84.71,61.12],[84.81,61.12],[84.7,60.98],[84.8,60.98],[84.69,60.84],[84.79,60.84],[84.58,60.56],[84.67,60.56],[84.57,60.42],[84.67,60.42],[84.43,60.35],[83.76,59.78],[82.93,59.36],[80.93,58.67],[80.62,58.46],[78.43,57.83],[78.44,57.7],[77.99,57.7],[77.82,57.56],[76.2,57.08],[74.89,56.8],[70.99,56.8],[70.83,56.66],[69.54,56.73],[62.66,56.39],[62.13,56.18],[61.92,55.91],[61.07,54.14],[61.19,54],[60.88,53.46],[60.96,53.46],[60.94,53.39],[60.44,52.79],[59.93,51.92],[58.92,51.71],[57.96,51.65],[57.99,51.71],[57.56,51.71],[57.44,51.85],[56.78,51.92],[56.58,52.05],[56.3,51.98],[56.32,52.05],[54.84,52.18],[54.56,52.38],[54.22,52.38],[54.24,52.45],[52.88,52.45],[52.58,52.32],[52.13,51.45],[52.22,51.45],[52.09,51.05],[52.18,51.05],[52.05,50.65],[52.14,50.65],[51.92,49.91],[52.01,49.91],[51.91,49.58],[52,49.58],[51.94,49.38],[52.02,49.38],[51.96,48.85],[52.04,48.85],[52,48.72],[52.09,48.72],[52.05,48.59],[52.23,48.32],[52.17,48.13],[52.26,48.13],[52.1,47.53],[52.18,47.53],[52.11,46.94],[52.03,46.94],[51.58,47.14],[50.84,47.14],[50.3,46.94],[49.99,46.68],[49.3,46.55],[49.06,46.22],[48.64,46.15],[48.59,45.96],[48.35,45.96],[48.06,45.76],[47.57,45.76],[47.46,45.63],[47.54,45.63],[47.48,45.37],[47.33,45.43],[47.04,44.84],[46.69,44.71],[46.63,44.45],[47.01,44.32],[47.34,43.99],[47.32,43.86],[46.72,43.73],[46.6,43.93],[46.44,43.93],[46.37,43.99],[46.36,43.93],[46.28,43.93]],[[46.37,43.99],[46.31,44.06],[46.29,43.99],[46.37,43.99]]],[[[46.16,44.12],[46.24,44.12],[46.23,44.06],[46.15,44.06],[46.16,44.12]]],[[[36.09,65.08],[35.5,65],[35.46,65.22],[35.56,65.22],[35.65,65.22],[36.13,65.22],[36.09,65.08]]],[[[48.37,68.8],[48.11,68.88],[48.24,69.41],[48.61,69.56],[49.52,69.56],[49.49,69.49],[50.32,69.33],[50.21,69.11],[50.01,69.11],[49.7,68.88],[48.84,68.73],[48.74,68.73],[48.34,68.73],[48.37,68.8]]]]}},{"type":"Feature","properties":{"NAME":"Republic of Venice","C":9,"name":"Republic of Venice","start_year":1600,"end_year":1644,"capital":"","type":"polity","region":"","event":"","source":"Cliopatria / Seshat Global History Databank (CC BY 4.0)","wikipedia":"Republic of Venice","wikidata":"Q4948","_a":198,"_c":[17.77,40.84],"_nz":"威尼斯共和国","_sz":""},"geometry":{"type":"MultiPolygon","coordinates":[[[[17.36,43.02],[17.36,43.08],[17.52,43.08],[17.52,42.95],[17.36,43.02]]],[[[17.37,43.21],[17.29,43.21],[17.12,43.15],[17.05,43.41],[16.73,43.34],[16.73,43.54],[16.58,43.6],[15.93,43.47],[16.01,43.6],[15.86,43.8],[15.7,43.8],[15.62,43.93],[15.37,43.86],[15.46,43.99],[15.22,44.06],[15.22,44.25],[15.07,44.39],[15.15,44.45],[15.23,44.45],[15.23,44.32],[15.55,44.25],[15.7,44.06],[16.82,43.73],[16.98,43.54],[17.06,43.54],[17.05,43.47],[17.37,43.21]]],[[[15.07,44.45],[14.99,44.45],[14.99,44.52],[15.07,44.52],[15.07,44.45]]],[[[14.26,44.58],[14.27,44.97],[14.35,44.97],[14.51,44.91],[14.5,44.52],[14.26,44.58]]],[[[14.52,45.1],[14.52,45.17],[14.68,45.17],[14.76,45.04],[14.52,45.1]]],[[[14.03,45.04],[13.95,45.04],[13.94,44.91],[13.78,44.91],[13.71,45.24],[13.54,45.3],[13.55,45.5],[13.63,45.5],[13.71,45.5],[14.12,45.5],[13.79,45.24],[14.03,45.04]]],[[[12.16,45.5],[12.16,45.17],[12.4,45.04],[12.4,44.78],[12.24,44.78],[12.24,44.84],[12.24,44.97],[11.35,44.97],[10.62,45.43],[10.45,45.37],[10.45,45.17],[9.88,45.3],[9.72,45.56],[9.56,45.56],[9.47,45.56],[9.31,45.69],[9.31,45.89],[9.47,46.02],[10.12,46.02],[10.37,46.35],[10.53,46.28],[10.53,46.22],[10.53,46.15],[10.53,46.09],[10.45,46.09],[10.45,46.02],[10.45,45.96],[10.45,45.89],[10.7,45.69],[11.02,45.76],[11.35,46.09],[11.68,46.09],[11.84,46.22],[11.84,46.48],[12.09,46.68],[13.56,46.55],[13.56,46.41],[13.4,46.35],[13.48,46.15],[13.31,46.09],[13.31,45.82],[13.23,45.82],[13.14,45.82],[13.14,45.76],[13.14,45.69],[13.06,45.69],[13.06,45.63],[12.82,45.69],[12.65,45.56],[12.16,45.5]]],[[[24.16,35.52],[24.15,35.39],[24.3,35.32],[25.69,35.32],[25.68,35.13],[26.23,35.19],[26.14,35.07],[24.82,35],[24.76,35.19],[24.53,35.19],[24.45,35.19],[23.68,35.26],[23.62,35.52],[24.16,35.52]]],[[[22.87,36.16],[22.89,36.42],[22.96,36.42],[23.12,36.35],[23.11,36.16],[22.87,36.16]]],[[[25.05,37.51],[24.99,37.71],[25.06,37.71],[25.22,37.71],[25.29,37.51],[25.05,37.51]]],[[[20.61,37.71],[20.62,37.9],[20.7,37.9],[20.93,37.9],[20.92,37.64],[20.61,37.71]]],[[[20.32,38.16],[20.33,38.35],[20.49,38.42],[20.57,38.42],[20.8,38.29],[20.79,38.09],[20.32,38.16]]],[[[19.76,39.77],[19.92,39.77],[19.92,39.71],[19.91,39.58],[19.76,39.64],[19.76,39.77]]],[[[18.85,42.37],[18.77,42.37],[18.3,42.63],[18.31,42.69],[18.71,42.82],[18.85,42.37]]],[[[17.59,42.76],[17.51,42.76],[17.51,42.82],[17.59,42.82],[17.59,42.76]]]]}},{"type":"Feature","properties":{"NAME":"Principality of Moldavia","C":8,"name":"Principality of Moldavia","start_year":1600,"end_year":1601,"capital":"","type":"polity","region":"","event":"","source":"Cliopatria / Seshat Global History Databank (CC BY 4.0)","wikipedia":"Moldavia","wikidata":"Q10957559","_a":48,"_c":[25.2,46.36],"_nz":"摩尔达维亚公国","_sz":""},"geometry":{"type":"Polygon","coordinates":[[[29.21,47.2],[29.36,47.07],[29.35,46.94],[29.58,46.81],[29.57,46.74],[28.89,46.48],[28.44,46.15],[28.51,46.02],[28.33,45.89],[28.31,45.69],[28.15,45.69],[28.12,45.43],[27.87,45.37],[27.85,45.17],[28,45.04],[27.97,44.78],[27.8,44.71],[27.79,44.58],[27.94,44.52],[27.83,44.19],[27.49,44.06],[26.28,44.06],[25.85,43.73],[25.35,43.6],[24.88,43.73],[24.15,43.67],[23.6,43.86],[22.95,43.8],[22.89,44.12],[22.5,44.32],[22.52,44.52],[22.69,44.65],[22.53,44.71],[22.55,44.97],[22.14,44.97],[21.84,45.3],[21.52,45.37],[21.62,45.63],[21.78,45.63],[21.87,45.76],[22.04,45.76],[22.13,45.96],[22.38,46.02],[22.48,46.28],[22.4,46.28],[22.41,46.48],[21.76,46.55],[21.62,46.81],[21.45,46.81],[21.37,46.81],[21.13,46.94],[21.14,47.14],[20.82,47.2],[20.83,47.33],[21.17,47.6],[22.34,47.73],[22.35,47.86],[22.52,47.93],[22.44,49.05],[22.78,49.12],[23.09,48.85],[23.83,48.72],[24.05,48.46],[24.38,48.39],[24.37,48.26],[24.69,48.13],[24.59,47.93],[24.74,47.8],[24.99,47.8],[25.01,48.06],[25.54,48.39],[25.56,48.59],[25.25,48.79],[25.34,48.92],[25.98,48.65],[26.47,48.59],[27.39,48.65],[27.54,48.46],[28.42,48.19],[28.57,48.06],[28.56,47.93],[28.88,47.86],[29.03,47.73],[28.93,47.6],[28.98,47.33],[29.22,47.27],[29.21,47.2]]]}},{"type":"Feature","properties":{"NAME":"Portuguese Ceylon","C":7,"name":"Portuguese Ceylon","start_year":1600,"end_year":1618,"capital":"","type":"polity","region":"","event":"","source":"Cliopatria / Seshat Global History Databank (CC BY 4.0)","wikipedia":"Portuguese Ceylon","wikidata":"Q1709007","_a":8,"_c":[80.86,7.94],"_nz":"葡属锡兰","_sz":""},"geometry":{"type":"Polygon","coordinates":[[[81.26,8.58],[81.4,8.51],[81.45,8.13],[81.65,7.94],[81.77,7.49],[81.92,7.42],[81.88,6.71],[81.34,6.14],[80.97,6.01],[80.89,6.01],[80.83,6.14],[80.32,6.2],[80.33,6.33],[80.05,6.65],[80.06,6.78],[80.2,6.78],[80.28,6.78],[80.24,7.42],[80.54,7.61],[80.41,7.94],[80.43,8.26],[80.36,8.26],[80.38,8.58],[80.09,8.64],[80.01,8.51],[79.79,8.51],[79.79,8.58],[79.9,9.03],[80.05,9.16],[79.99,9.41],[80.08,9.61],[79.86,9.67],[79.88,9.86],[80.45,9.74],[80.52,9.67],[80.44,9.54],[80.73,9.48],[80.72,9.35],[80.86,9.29],[80.85,9.16],[81,9.09],[80.99,8.96],[81.26,8.64],[81.26,8.58]]]}},{"type":"Feature","properties":{"NAME":"Portuguese Colonies","C":3,"name":"Portuguese Colonies","start_year":1600,"end_year":1635,"capital":"","type":"polity","region":"","event":"","source":"Cliopatria / Seshat Global History Databank (CC BY 4.0)","wikipedia":"Portuguese Empire","wikidata":"Q200464","_a":0,"_c":[73.02,19.6],"_nz":"葡属殖民地","_sz":""},"geometry":{"type":"MultiPolygon","coordinates":[[[[73.08,19.12],[72.99,18.99],[72.84,18.99],[72.87,19.25],[72.87,19.31],[73.1,19.38],[73.08,19.19],[73.08,19.12]]],[[[73.18,20.09],[72.89,20.15],[73.12,20.21],[73.19,20.21],[73.18,20.09]]]]}},{"type":"Feature","properties":{"NAME":"Golden Horde","C":1,"name":"Golden Horde","start_year":1600,"end_year":1608,"capital":"","type":"polity","region":"","event":"","source":"Cliopatria / Seshat Global History Databank (CC BY 4.0)","wikipedia":"Golden Horde","wikidata":"Q79965","_a":845,"_c":[103.1,46.81],"_nz":"金帐汗国","_sz":""},"geometry":{"type":"MultiPolygon","coordinates":[[[[113.11,55.5],[114.04,55.36],[113.98,55.29],[114.53,55.23],[114.47,55.16],[116.85,54.89],[116.79,54.82],[117.14,54.82],[117.08,54.75],[117.48,54.82],[117.36,54.68],[118.94,54.41],[118.88,54.34],[119.14,54.34],[119.08,54.27],[119.26,54.27],[119.19,54.21],[119.97,54],[119.9,53.94],[120.41,53.73],[120.35,53.66],[120.92,53.53],[120.86,53.46],[121.15,53.39],[121.09,53.33],[121.58,53.39],[121.46,53.26],[121.63,53.26],[121.6,53.12],[122.14,53.06],[122.08,52.99],[122.53,52.92],[122.47,52.86],[122.82,52.86],[122.76,52.79],[123.02,52.79],[122.96,52.72],[123.13,52.72],[123.07,52.65],[123.52,52.59],[123.46,52.52],[123.63,52.52],[123.57,52.45],[124.42,52.25],[124.36,52.18],[124.87,52.18],[124.82,52.12],[125.07,52.12],[125.01,52.05],[125.27,52.05],[125.21,51.98],[125.6,51.85],[125.57,51.71],[125.74,51.71],[125.82,51.31],[125.9,51.31],[125.9,51.11],[126.07,50.91],[125.96,50.78],[126.1,50.65],[125.99,50.51],[126.13,50.38],[126.02,50.25],[126.13,50.18],[126,49.91],[126.11,49.85],[125.96,49.45],[126.05,49.45],[125.9,49.05],[125.99,49.05],[125.71,48.59],[125.8,48.59],[125.47,47.93],[125.55,47.93],[125.4,47.73],[125.49,47.73],[124.67,46.48],[124.75,46.48],[124.23,45.5],[124.19,45.43],[122.92,45.37],[122.96,45.43],[122.56,45.56],[122.57,45.69],[121.81,46.02],[121.82,46.15],[121.06,46.48],[121.11,46.55],[120.17,46.61],[120.21,46.68],[119.27,46.61],[119.31,46.68],[119.06,46.68],[119.11,46.74],[118.62,46.74],[117.42,46.55],[117.13,46.35],[116.72,46.35],[116.47,46.22],[116.13,45.69],[115.88,45.56],[115.19,45.37],[114.74,45.43],[113.69,44.78],[113.12,44.78],[113.16,44.84],[112.91,44.84],[112.95,44.91],[112.38,45.04],[112.42,45.1],[112.02,45.1],[111.78,44.97],[111.39,44.32],[111.55,44.32],[111.59,44.12],[111.75,44.12],[111.96,43.8],[111.53,43.47],[110.82,43.21],[110.55,42.89],[111.23,42.82],[111.2,42.76],[112.25,42.5],[112.21,42.43],[112.53,42.43],[112.5,42.37],[113.55,42.11],[113.51,42.04],[113.91,41.91],[114.01,41.65],[114.17,41.65],[114.38,41.33],[114.31,41.2],[114.44,41],[114.6,41],[114.61,40.87],[114.76,40.87],[114.77,40.74],[114.97,40.68],[114.68,40.42],[113.77,40.36],[113.64,40.55],[113.32,40.55],[113.02,40.29],[112.5,40.36],[112.14,39.97],[111.83,39.97],[111.65,39.77],[111.45,39.84],[111.16,39.58],[110.42,39.51],[110.29,39.26],[109.96,39.06],[109.75,38.61],[109.84,38.48],[109.6,38.29],[109.53,37.96],[109.08,37.84],[108.1,38.09],[107.9,38.35],[107.51,38.35],[107.44,38.55],[107.29,38.55],[107.65,39.32],[107.44,39.38],[107.33,39.64],[106.92,39.45],[106.59,38.74],[106.67,38.74],[106.49,38.35],[106.57,38.35],[106.38,38.09],[106.16,37.96],[105.43,37.9],[105.22,37.77],[104.46,37.64],[104.36,37.77],[103.76,37.84],[103.61,38.03],[103.33,38.09],[103.3,38.22],[103.02,38.29],[103,38.42],[102.84,38.42],[102.85,38.61],[103.14,38.74],[102.88,38.87],[103.12,39.06],[102.55,39.19],[102.36,38.93],[102.09,38.87],[102.12,38.93],[101.63,39.06],[101.56,39.26],[101.17,39.26],[101.18,39.64],[100.61,39.77],[101.06,40.42],[100.99,40.42],[101.11,40.68],[101.03,40.68],[101.07,40.94],[99.75,41.33],[99.78,41.39],[99.22,41.39],[99.26,41.46],[98.2,41.59],[98.23,41.65],[97.92,41.65],[97.95,41.72],[97.18,41.78],[96.95,41.98],[96.59,42.04],[96.65,42.17],[96.52,42.24],[96.52,42.56],[96.15,42.63],[95.92,42.82],[95.47,42.89],[95.37,43.02],[94.63,43.15],[94.54,43.28],[92.91,43.41],[92.94,43.47],[91.49,43.47],[90.71,43.34],[90.18,42.89],[90.28,42.76],[90.19,42.56],[90.27,42.56],[90.18,42.37],[90.26,42.37],[90.22,41.91],[89.61,41.98],[89.64,42.04],[88.82,42.17],[88.85,42.24],[88.08,42.3],[88.11,42.37],[85.76,42.69],[85.79,42.76],[84.11,42.76],[82.06,42.24],[80.96,42.3],[80.53,42.43],[80.19,42.37],[80.29,42.82],[80.47,42.89],[80.47,43.08],[80.63,43.08],[80.79,43.28],[80.68,43.41],[80.74,43.54],[80.36,43.99],[80.38,44.45],[80.3,44.45],[80.41,44.71],[80.06,44.84],[80.09,44.91],[80.11,44.97],[80.14,45.04],[81.82,45.37],[82.21,45.89],[82.54,46.09],[83.04,47.01],[83.64,47.07],[83.61,47.01],[83.86,47.01],[83.8,46.87],[84.26,46.81],[84.23,46.74],[84.7,46.87],[85.29,47.6],[85.51,47.73],[85.56,47.99],[85.48,47.99],[85.64,48.32],[85.67,48.39],[86.19,49.25],[86.57,49.52],[86.63,49.78],[86.8,49.78],[87.96,50.98],[88.36,51.25],[88.4,51.45],[88.57,51.45],[89.97,52.65],[91.52,53.6],[94.4,54.41],[96.46,54.75],[96.56,54.89],[98.54,55.09],[99.5,55.09],[99.45,55.02],[100.69,54.82],[100.64,54.75],[100.9,54.75],[100.85,54.68],[101.74,54.48],[101.68,54.41],[101.86,54.41],[101.81,54.34],[102.07,54.34],[102.02,54.27],[102.19,54.27],[102.14,54.21],[102.4,54.21],[102.35,54.14],[102.64,54.07],[102.63,53.94],[102.8,53.94],[102.78,53.8],[102.96,53.8],[102.94,53.66],[103.11,53.66],[103.06,53.6],[103.22,53.46],[103.12,53.33],[103.32,53.12],[103.24,52.79],[103.4,52.65],[103.27,52.12],[103.84,51.85],[103.57,51.58],[104.12,51.51],[104.07,51.45],[104.83,51.45],[105.74,51.65],[106.01,51.78],[106.4,52.32],[106.82,52.32],[107.33,52.65],[107.9,52.72],[108.43,53.19],[108.83,53.26],[109.64,54.27],[109.55,54.27],[109.66,54.41],[109.55,54.48],[109.6,54.55],[109.51,54.55],[109.74,54.82],[109.65,54.82],[109.76,54.95],[109.68,54.95],[109.85,55.16],[109.76,55.16],[109.99,55.84],[110.72,55.98],[110.66,55.91],[111.1,55.91],[111.04,55.84],[113.02,55.5],[113.11,55.5]]],[[[109.02,53.94],[109.11,53.94],[108.87,53.53],[108.52,53.53],[108.6,53.73],[108.93,53.94],[109.02,53.94]]]]}},{"type":"Feature","properties":{"NAME":"Republic of Florence","C":5,"name":"Republic of Florence","start_year":1600,"end_year":1708,"capital":"","type":"polity","region":"","event":"","source":"Cliopatria / Seshat Global History Databank (CC BY 4.0)","wikipedia":"Republic of Florence","wikidata":"Q148540","_a":4,"_c":[11.22,43.38],"_nz":"佛罗伦萨共和国","_sz":""},"geometry":{"type":"Polygon","coordinates":[[[11.98,42.95],[11.98,43.15],[11.82,43.21],[11.82,43.34],[12.14,43.41],[12.23,43.6],[11.74,43.8],[11.67,44.25],[11.51,44.39],[10.86,44.25],[10.78,43.93],[10.7,43.93],[10.7,43.86],[10.62,43.8],[10.45,43.93],[10.21,43.93],[10.21,43.86],[10.37,43.67],[10.54,43.08],[10.62,43.08],[10.86,43.08],[10.94,42.89],[10.94,42.82],[11.02,42.82],[11.02,42.63],[11.34,42.63],[11.34,42.43],[11.49,42.37],[11.57,42.37],[11.74,42.63],[12.06,42.76],[12.06,42.95],[11.98,42.95]]]}},{"type":"Feature","properties":{"NAME":"Khanate of Bukhara","C":7,"name":"Khanate of Bukhara","start_year":1600,"end_year":1608,"capital":"","type":"polity","region":"","event":"","source":"Cliopatria / Seshat Global History Databank (CC BY 4.0)","wikipedia":"Khanate of Bukhara","wikidata":"Q577668","_a":74,"_c":[68.13,39.27],"_nz":"布哈拉汗国","_sz":""},"geometry":{"type":"Polygon","coordinates":[[[73.75,38.61],[73.67,38.61],[73.79,38.74],[73.79,39],[73.61,39.19],[73.71,39.51],[73.89,39.58],[73.95,40.03],[73.82,40.1],[73.85,40.68],[73.73,40.81],[73.82,41.07],[73.68,41.13],[73.22,40.94],[73.08,40.74],[72.46,40.55],[71.58,40.03],[71.07,39.9],[70.58,39.58],[69.4,39.58],[68.17,39.13],[67.68,39.06],[67.42,39.26],[66.94,39.26],[66.98,39.38],[66.8,39.58],[67.22,40.23],[67.53,40.48],[67.53,40.74],[66.97,41],[66.73,41],[66.69,41.13],[66.45,41.13],[63.73,42.43],[63.22,41.78],[62.38,41.33],[62.37,41],[62.45,41],[62.3,40.74],[62.4,40.55],[62.32,40.23],[62.69,39.84],[62.65,39.71],[63.09,39.26],[63.25,39.26],[63.42,39],[63.84,38.8],[64.01,38.55],[64.37,38.42],[64.66,38.03],[65.24,37.84],[65.63,37.51],[65.94,37.51],[65.91,37.38],[66.17,37.19],[66.22,36.74],[66.36,36.67],[66.33,36.22],[66.96,36.29],[67.38,36.1],[68.42,36.22],[68.62,36.1],[68.88,36.8],[68.68,36.93],[68.71,37.06],[68.48,37.06],[68.51,37.19],[69.01,37.32],[69.12,37.13],[69.35,37.13],[69.55,37.58],[70.08,37.51],[70.27,37.64],[70.16,37.84],[70.21,38.03],[70.71,38.42],[71.18,38.42],[71.36,38.22],[71.27,37.9],[71.57,37.84],[71.42,37],[71.58,36.74],[71.89,36.74],[72.68,37.06],[72.99,37.32],[73.66,37.51],[73.7,37.9],[73.62,37.9],[73.71,38.22],[73.63,38.22],[73.75,38.61]]]}},{"type":"Feature","properties":{"NAME":"Dutch Republic","C":4,"name":"Dutch Republic","start_year":1600,"end_year":1608,"capital":"","type":"polity","region":"","event":"","source":"Cliopatria / Seshat Global History Databank (CC BY 4.0)","wikipedia":"Dutch Republic","wikidata":"Q170072","_a":3135,"_c":[41.66,33.31],"_nz":"荷兰共和国","_sz":""},"geometry":{"type":"MultiPolygon","coordinates":[[[[80.38,13.46],[80.41,13.08],[80.13,13.21],[80.15,13.4],[80.3,13.46],[80.38,13.46]]],[[[5.04,44.19],[4.8,44.12],[4.88,44.25],[4.96,44.25],[5.04,44.19]]],[[[6.7,52.05],[6.61,52.05],[6.61,51.98],[6.7,51.98],[6.53,51.85],[6.02,51.92],[5.94,51.78],[5.43,51.78],[5.1,51.65],[4.93,51.45],[4.34,51.45],[4.01,51.25],[3.42,51.25],[3.34,51.11],[2.92,51.18],[2.91,51.31],[2.99,51.31],[3.16,51.45],[3.75,51.45],[3.41,51.51],[3.4,51.65],[3.74,51.65],[3.65,51.78],[3.82,51.78],[3.81,51.92],[3.98,51.92],[3.97,52.05],[4.22,52.18],[4.22,52.32],[4.46,52.52],[4.53,52.86],[4.7,52.92],[4.61,53.12],[4.69,53.19],[4.86,53.19],[4.79,52.99],[5.06,52.65],[5.14,52.79],[5.39,52.86],[5.39,52.99],[5.21,53.12],[5.54,53.39],[6.74,53.53],[7.09,53.26],[7.18,53.26],[7.18,53.06],[7.02,52.86],[7.2,52.52],[6.94,52.38],[6.95,52.25],[6.78,52.12],[6.7,52.12],[6.7,52.05]]]]}},{"type":"Feature","properties":{"NAME":"Khoshut Khanate","C":2,"name":"Khoshut Khanate","start_year":1600,"end_year":1608,"capital":"","type":"polity","region":"","event":"","source":"Cliopatria / Seshat Global History Databank (CC BY 4.0)","wikipedia":"Khoshut Khanate","wikidata":"Q10921634","_a":56,"_c":[95.65,40.91],"_nz":"和硕特汗国","_sz":""},"geometry":{"type":"Polygon","coordinates":[[[101.06,40.42],[100.99,40.42],[101.11,40.68],[101.03,40.68],[101.07,40.94],[99.75,41.33],[99.78,41.39],[99.22,41.39],[99.26,41.46],[98.2,41.59],[98.23,41.65],[97.92,41.65],[97.95,41.72],[97.18,41.78],[96.95,41.98],[96.59,42.04],[96.65,42.17],[96.52,42.24],[96.52,42.56],[96.15,42.63],[95.92,42.82],[95.47,42.89],[95.37,43.02],[94.63,43.15],[94.54,43.28],[92.91,43.41],[92.94,43.47],[91.49,43.47],[90.71,43.34],[90.18,42.89],[90.28,42.76],[90.19,42.56],[90.27,42.56],[90.18,42.37],[90.26,42.37],[90.22,41.91],[90.46,41.72],[90.49,41.07],[90.63,41],[90.57,40.87],[90.7,40.81],[90.65,40.68],[90.75,40.55],[92.09,40.16],[92.12,40.03],[92.28,40.03],[92.3,39.9],[92.69,39.71],[92.59,39.26],[93.22,39.45],[93.51,39.38],[93.88,39.51],[94.51,39.51],[94.72,39.64],[96.22,39.64],[96.19,39.58],[97.21,39.38],[97.31,39.26],[97.39,39.26],[97.7,39.06],[98.22,39],[98.38,39.19],[98.91,39.13],[99.2,39.26],[99.81,38.48],[100.23,38.35],[100.34,38.61],[99.9,38.87],[100.06,39.26],[100.61,39.77],[101.06,40.42]]]}},{"type":"Feature","properties":{"NAME":"Polish-Lithuanian Commonwealth","C":7,"name":"Polish-Lithuanian Commonwealth","start_year":1600,"end_year":1601,"capital":"","type":"polity","region":"","event":"","source":"Cliopatria / Seshat Global History Databank (CC BY 4.0)","wikipedia":"Polish-Lithuanian Commonwealth","wikidata":"Q172107","_a":228,"_c":[24.98,53.28],"_nz":"波兰-立陶宛联邦","_sz":""},"geometry":{"type":"MultiPolygon","coordinates":[[[[31.65,48.19],[31.66,48.26],[31.74,48.26],[31.73,48.19],[31.65,48.19]]],[[[20.28,49.12],[20.29,49.25],[20.37,49.25],[20.45,49.18],[20.28,49.12]]],[[[34.47,50.25],[34.36,50.11],[34.44,50.11],[34.4,49.85],[34.08,49.45],[34.14,49.32],[33.96,49.18],[33.72,49.25],[33.61,49.12],[33.36,49.12],[33.43,48.99],[33.01,48.99],[32.48,48.79],[32.29,48.59],[31.85,48.46],[31.57,48.19],[31.22,48.06],[30.89,48.06],[30.62,47.93],[29.8,47.93],[29.7,47.8],[29.53,47.8],[29.51,47.6],[29.34,47.53],[29.39,47.33],[29.23,47.33],[29.22,47.27],[28.98,47.33],[28.93,47.6],[29.03,47.73],[28.88,47.86],[28.56,47.93],[28.57,48.06],[28.42,48.19],[27.54,48.46],[27.39,48.65],[26.47,48.59],[25.98,48.65],[25.34,48.92],[25.25,48.79],[25.56,48.59],[25.54,48.39],[25.01,48.06],[24.99,47.8],[24.74,47.8],[24.59,47.93],[24.69,48.13],[24.37,48.26],[24.38,48.39],[24.05,48.46],[23.83,48.72],[23.09,48.85],[22.78,49.12],[22.44,49.05],[21.8,49.38],[20.71,49.38],[20.7,49.25],[20.45,49.25],[20.55,49.38],[20.21,49.38],[19.87,49.18],[19.47,49.58],[18.88,49.45],[18.89,49.58],[19.24,49.85],[19.08,49.98],[19.19,50.38],[19.02,50.45],[19.03,50.58],[18.86,50.58],[18.7,50.71],[18.71,50.85],[18.05,51.11],[17.97,51.25],[17.55,51.25],[17.32,51.71],[16.98,51.71],[16.72,51.58],[16.56,51.71],[16.13,51.71],[16.05,51.92],[15.97,51.92],[15.81,52.25],[15.65,52.32],[15.49,52.65],[15.57,52.65],[16.1,52.86],[16.02,53.12],[16.11,53.12],[16.12,53.33],[16.29,53.39],[16.3,53.53],[16.48,53.6],[16.4,53.8],[16.66,53.8],[16.82,53.6],[17.08,53.6],[17.19,54],[17.62,54],[17.64,54.34],[17.91,54.48],[18.02,54.89],[18.11,54.89],[18.46,54.89],[18.45,54.68],[18.69,54.41],[19.46,54.34],[19.56,54.48],[19.73,54.48],[19.82,54.48],[19.81,54.34],[20.14,54.21],[20.5,54.27],[20.75,54.21],[20.83,54.07],[20.27,53.66],[20.1,53.66],[19.86,53.87],[19.87,54.07],[19.45,54.21],[19.27,54.07],[19.25,53.87],[18.98,53.66],[18.81,53.66],[18.7,53.39],[19.21,53.33],[19.31,53.46],[19.74,53.46],[19.73,53.33],[19.97,53.12],[20.4,53.06],[20.67,53.26],[20.93,53.26],[21.29,53.46],[22.42,53.6],[22.55,54],[22.46,54],[22.48,54.21],[22.66,54.27],[22.7,54.61],[22.7,54.68],[22.81,54.89],[22.57,55.09],[22.4,55.09],[22.41,55.23],[21.64,55.36],[21.24,55.7],[21.25,55.84],[20.99,55.91],[21,55.98],[20.84,56.18],[21,56.94],[21.28,57.08],[21.31,57.35],[21.6,57.63],[22.52,57.83],[23.41,57.08],[23.67,57.01],[24.23,57.28],[24.23,57.97],[24.37,58.32],[24.28,58.32],[24.19,58.32],[24.33,58.74],[24.62,58.88],[24.79,58.81],[24.77,58.67],[25.04,58.67],[25.52,58.88],[25.97,58.88],[25.99,59.02],[26.18,59.09],[26.73,59.09],[27.03,59.29],[27.3,59.29],[27.37,59.16],[27.36,59.09],[27.45,58.53],[27.54,58.53],[27.48,58.18],[27.66,58.18],[27.65,58.11],[27.64,58.04],[27.73,58.04],[27.72,57.97],[27.39,57.56],[27.8,57.35],[27.65,56.94],[28.12,56.59],[28.14,56.11],[28.4,56.11],[28.62,56.39],[28.67,56.66],[29.04,56.8],[29.12,56.18],[29.42,55.91],[29.4,55.77],[30.03,55.84],[30.41,56.05],[30.84,55.98],[31.22,56.11],[31.37,55.98],[31.22,55.63],[30.91,55.36],[30.88,55.23],[30.97,55.23],[30.8,54.75],[31.24,54.27],[31.57,54.21],[31.8,54],[31.77,53.87],[32.02,53.8],[32,53.66],[32.15,53.53],[32.11,53.33],[31.9,53.12],[31.31,53.19],[31.28,52.99],[31.5,52.79],[31.66,52.18],[30.87,52.05],[30.58,51.85],[30.54,50.98],[30.69,50.85],[31.11,50.85],[31.21,50.98],[31.75,51.18],[32.26,51.18],[32.32,51.05],[32.81,50.91],[33.09,50.58],[33.41,50.45],[34.16,50.45],[34.25,50.45],[34.47,50.25]]]]}},{"type":"Feature","properties":{"NAME":"Papal States","C":4,"name":"Papal States","start_year":1600,"end_year":1652,"capital":"","type":"polity","region":"","event":"","source":"Cliopatria / Seshat Global History Databank (CC BY 4.0)","wikipedia":"Papal States","wikidata":"Q170174","_a":12,"_c":[12.45,43.09],"_nz":"教皇国","_sz":""},"geometry":{"type":"MultiPolygon","coordinates":[[[[11.57,42.37],[11.57,42.3],[11.49,42.3],[11.49,42.37],[11.57,42.37]]],[[[13.75,43.08],[13.83,43.08],[13.83,43.02],[13.91,43.02],[13.91,42.95],[13.58,42.89],[13.34,42.69],[13.1,42.69],[12.86,42.5],[13.01,42.04],[13.33,41.98],[13.41,41.85],[13.8,41.85],[13.96,41.72],[14.04,41.52],[13.79,41.2],[13.71,41.2],[13.4,41.33],[13,41.33],[12.92,41.46],[12.6,41.52],[12.13,41.91],[12.13,42.04],[11.73,42.17],[11.65,42.37],[11.57,42.37],[11.74,42.63],[12.06,42.76],[12.06,42.95],[11.98,42.95],[11.98,43.15],[11.82,43.21],[11.82,43.34],[12.14,43.41],[12.23,43.6],[11.74,43.8],[11.67,44.25],[11.51,44.39],[10.86,44.25],[10.86,44.39],[11.02,44.45],[11.1,44.71],[11.35,44.84],[11.35,44.97],[12.24,44.97],[12.24,44.84],[12.16,44.84],[12.15,44.45],[12.31,44.19],[12.87,43.8],[13.04,43.86],[13.03,43.73],[13.36,43.67],[13.75,43.28],[13.75,43.21],[13.75,43.15],[13.75,43.08]]]]}},{"type":"Feature","properties":{"NAME":"Warring States Japan","C":8,"name":"Warring States Japan","start_year":1600,"end_year":1601,"capital":"","type":"polity","region":"","event":"","source":"Cliopatria / Seshat Global History Databank (CC BY 4.0)","wikipedia":"Azuchi-Momoyama period","wikidata":"Q204023","_a":141,"_c":[134.85,36.63],"_nz":"战国时代日本","_sz":""},"geometry":{"type":"MultiPolygon","coordinates":[[[[130.27,31.59],[130.1,31.91],[130.31,32.24],[130.77,32.24],[130.84,32.4],[130.52,32.36],[130.61,32.56],[130.51,32.69],[130.54,32.75],[130.8,32.81],[130.77,32.75],[131.12,32.69],[131.09,32.62],[131.08,32.43],[131.08,32.24],[131.1,32.3],[131.26,32.3],[131.28,32.17],[131.58,32.17],[131.56,32.11],[131.63,32.11],[131.52,31.85],[131.6,31.85],[131.41,31.4],[131.18,31.4],[131.2,31.27],[130.79,31.01],[130.64,31.01],[130.69,31.14],[130.72,31.21],[130.47,31.14],[130.14,31.27],[130.27,31.59]]],[[[128.93,32.75],[128.77,32.56],[128.69,32.56],[128.57,32.62],[128.65,32.81],[128.88,32.81],[128.93,32.75]]],[[[130.5,33.01],[130.34,33.01],[130.37,33.07],[130.3,33.07],[130.29,32.88],[130.44,32.88],[130.33,32.62],[130.1,32.62],[130.15,32.75],[130,32.75],[129.79,32.62],[129.7,32.75],[129.75,32.88],[129.63,32.94],[129.68,33.07],[129.56,33.14],[129.6,33.39],[129.83,33.39],[129.92,33.59],[130.33,33.65],[130.42,33.84],[130.6,33.91],[130.68,33.91],[130.71,33.97],[130.86,33.97],[130.88,34.16],[130.8,34.16],[130.92,34.42],[131.41,34.49],[131.48,34.61],[132.56,35.26],[132.69,35.52],[134.27,35.58],[134.73,35.71],[134.8,35.71],[134.88,35.71],[134.96,35.71],[135.04,35.71],[134.97,35.58],[135.15,35.32],[135.46,35.32],[135.63,35.52],[135.71,35.52],[136.08,35.77],[135.91,35.9],[136,36.22],[136.45,36.48],[136.49,36.55],[136.84,36.48],[136.83,36.03],[137.06,36.03],[137.04,35.84],[137.49,35.97],[137.67,35.71],[137.59,35.26],[136.97,35.26],[136.89,35.26],[136.6,34.68],[136.79,34.61],[136.97,34.36],[136.91,34.23],[136.45,34.23],[135.81,33.39],[135.41,33.52],[135.35,33.71],[135.03,33.84],[135.15,34.1],[135.02,34.29],[135.34,34.49],[135.44,34.68],[135.1,34.61],[134.91,34.23],[134.65,34.16],[134.69,34.42],[134.94,34.61],[134.55,34.74],[134.47,34.74],[134.44,34.68],[133.62,34.42],[133.54,34.42],[132.83,34.23],[132.32,34.29],[132.19,33.84],[131.91,33.91],[131.94,33.97],[131.09,33.97],[131.08,33.78],[131.05,33.71],[131.13,33.71],[131.1,33.65],[131.17,33.65],[131.25,33.65],[131.33,33.65],[131.4,33.65],[131.43,33.71],[131.82,33.71],[131.64,33.33],[131.92,33.26],[132.06,33.07],[132.03,33.01],[131.48,32.81],[131.51,32.88],[131.28,32.88],[131.37,33.07],[131.29,33.07],[131.32,33.14],[131.25,33.14],[131.27,33.2],[130.79,33.14],[130.71,33.14],[130.5,33.01]],[[130.33,33.14],[130.35,33.2],[130.22,33.07],[130.3,33.07],[130.33,33.14]],[[130.49,33.33],[130.42,33.26],[130.46,33.26],[130.49,33.33]]],[[[129.59,33.71],[129.73,33.84],[129.8,33.84],[129.88,33.84],[129.82,33.71],[129.59,33.71]]],[[[129.34,34.16],[129.31,34.1],[129.11,34.16],[129.17,34.29],[129.4,34.29],[129.34,34.16]]],[[[129.46,34.42],[129.43,34.36],[129.23,34.42],[129.29,34.55],[129.44,34.55],[129.46,34.42]]],[[[132.66,32.88],[132.94,33.33],[132.67,33.39],[132.45,33.26],[132.38,33.26],[132.3,33.26],[132.36,33.39],[132.02,33.33],[132.62,33.78],[132.69,33.78],[133.14,33.59],[133.8,33.84],[133.89,33.71],[134.28,33.71],[134.37,33.59],[134.34,33.52],[134.22,33.26],[133.99,33.26],[133.85,33.46],[133.54,33.46],[133.16,33.14],[133.13,33.07],[133.03,32.69],[132.63,32.81],[132.66,32.88]]],[[[133.37,36.22],[133.33,36.16],[133.1,36.16],[133.2,36.35],[133.43,36.35],[133.37,36.22]]],[[[138.52,36.29],[138.13,36.29],[138.13,36.42],[138.16,36.48],[138.59,36.55],[138.67,36.42],[138.52,36.29]]],[[[137.05,36.87],[136.75,36.74],[136.63,36.8],[136.7,36.93],[136.62,37.06],[136.65,37.13],[136.99,37.32],[137.19,37.25],[137.15,37.19],[137.08,37.19],[136.96,37.13],[137.12,37],[137.05,36.87]]],[[[141.04,37.84],[140.96,37.71],[141.12,37.58],[141.04,37.45],[141.13,37.32],[140.68,36.67],[140.76,36.67],[140.61,36.42],[140.69,36.42],[140.62,36.16],[140.75,35.97],[140.71,35.9],[139.98,35.97],[139.73,36.22],[140.33,36.61],[140.51,37.19],[140.38,37.38],[140.23,37.38],[140.26,37.45],[140.03,37.45],[139.61,37.13],[139.34,37.06],[139.22,37.25],[139.29,37.38],[139.21,37.38],[139.56,37.71],[139.75,38.16],[139.67,38.29],[139.43,38.29],[139.47,38.35],[139.39,38.35],[139.71,38.87],[139.75,38.93],[140.57,38.87],[140.65,38.74],[140.57,38.61],[140.65,38.61],[140.53,38.42],[140.61,38.42],[140.06,37.9],[140.18,37.84],[140.41,37.96],[140.49,37.96],[140.96,37.96],[140.92,37.9],[141.04,37.84]]],[[[138.34,38.29],[138.61,38.35],[138.49,38.16],[138.61,38.09],[138.38,37.84],[138.34,37.77],[138.19,37.77],[138.26,37.9],[138.14,37.96],[138.34,38.29]]],[[[139.9,42.11],[140.07,42.24],[140.23,42.24],[140.22,42.11],[140.6,41.98],[140.56,41.91],[140.88,41.91],[140.83,41.85],[140.94,41.78],[140.58,41.72],[140.44,41.52],[140.11,41.39],[139.95,41.39],[139.96,41.52],[139.88,41.52],[139.93,41.59],[140.12,41.98],[140.01,42.04],[140.06,42.11],[139.9,42.11]]]]}},{"type":"Feature","properties":{"NAME":"Saadi Sultanate","C":3,"name":"Saadi Sultanate","start_year":1600,"end_year":1608,"capital":"","type":"polity","region":"","event":"","source":"Cliopatria / Seshat Global History Databank (CC BY 4.0)","wikipedia":"Saadi Sultanate","wikidata":"Q1136188","_a":125,"_c":[-6.6,29.35],"_nz":"萨阿德苏丹国","_sz":""},"geometry":{"type":"Polygon","coordinates":[[[-2.66,35.07],[-2.2,35.07],[-2.12,35.07],[-2.11,34.94],[-1.72,34.68],[-1.58,33.46],[-1.58,33.39],[-1.88,33.33],[-2.54,32.75],[-2.84,32.62],[-2.83,32.49],[-3.2,32.24],[-3.19,32.04],[-3.35,32.11],[-3.42,31.91],[-3.64,31.79],[-3.56,31.66],[-3.78,31.59],[-3.77,31.34],[-3.92,31.4],[-4.21,31.14],[-4.21,31.01],[-4.65,30.69],[-4.57,30.56],[-4.72,30.56],[-4.93,30.18],[-4.65,29.28],[-3.87,28.57],[-3.56,28.44],[-3.55,28.32],[-3.16,27.99],[-2.99,27.29],[-2.83,27.22],[-2.89,26.84],[-2.73,26.45],[-2.74,24.33],[-2.81,24.33],[-2.72,23.69],[-3.09,23.62],[-3.6,23.24],[-4.26,23.11],[-4.49,23.11],[-4.64,23.3],[-4.91,24.52],[-5.06,24.65],[-5.15,24.97],[-5.37,24.97],[-5.31,25.16],[-5.62,25.49],[-5.55,25.68],[-5.62,25.68],[-5.64,25.94],[-6.56,28.06],[-7.12,28.64],[-7.42,28.7],[-7.56,28.51],[-8.01,28.38],[-8.66,27.93],[-8.81,27.99],[-9.18,27.87],[-10.47,27.93],[-11.62,28.25],[-10.98,28.83],[-10.47,29.09],[-10.33,29.34],[-10.04,29.54],[-10.05,29.67],[-9.83,29.79],[-9.63,30.18],[-9.65,30.5],[-9.88,30.56],[-9.8,31.59],[-9.38,32.04],[-9.33,32.49],[-9.13,32.81],[-9.05,32.81],[-8.73,32.62],[-8.44,32.88],[-8.45,32.94],[-8.61,33.14],[-8.55,33.33],[-7.13,33.84],[-7.06,33.97],[-6.9,33.91],[-6.61,34.16],[-6.7,34.29],[-6.47,34.36],[-6.48,34.49],[-6.26,34.68],[-6.2,34.94],[-6.29,35.07],[-6.13,35],[-6.15,35.19],[-6,35.32],[-6,35.39],[-5.85,35.32],[-5.71,35.58],[-5.24,35.58],[-5.24,35.52],[-4.75,35.19],[-2.83,35.26],[-2.82,35.13],[-2.67,35.13],[-2.66,35.07]]]}},{"type":"Feature","properties":{"NAME":"Kingdom of England","C":9,"name":"Kingdom of England","start_year":1600,"end_year":1601,"capital":"","type":"polity","region":"","event":"","source":"Cliopatria / Seshat Global History Databank (CC BY 4.0)","wikipedia":"Kingdom of England","wikidata":"Q179876","_a":73,"_c":[-4.39,52.94],"_nz":"英格兰王国","_sz":""},"geometry":{"type":"MultiPolygon","coordinates":[[[[-6.43,52.18],[-7.61,52.12],[-8.08,51.78],[-8.42,51.78],[-8.48,51.65],[-9.64,51.45],[-9.81,51.45],[-9.92,51.65],[-10.17,51.58],[-10.19,51.71],[-10.45,51.78],[-10.49,51.98],[-10.25,52.12],[-10.51,52.12],[-10.53,52.25],[-9.94,52.32],[-9.97,52.52],[-9.8,52.52],[-9.75,52.72],[-9.44,52.92],[-9.39,53.19],[-9.83,53.26],[-9.69,53.46],[-9.26,53.46],[-9.2,53.6],[-8.94,53.6],[-8.4,53.46],[-8.09,53.66],[-8.11,53.8],[-7.18,53.94],[-7.11,54.07],[-6.33,54.07],[-6.29,53.73],[-6.08,53.46],[-6.24,53.39],[-6.15,53.33],[-6.09,52.86],[-6.17,52.86],[-6.15,52.65],[-6.29,52.45],[-6.28,52.38],[-6.43,52.18]]],[[[-0.18,53.94],[0,53.8],[0.02,53.6],[0.3,53.39],[0.32,53.12],[0.08,52.92],[0.34,52.86],[0.49,53.06],[1.09,53.06],[1.53,52.92],[1.72,52.72],[1.74,52.38],[1.65,52.38],[1.59,52.12],[1.43,51.98],[1.17,51.98],[1.18,51.78],[0.84,51.78],[0.86,51.51],[0.52,51.51],[1.38,51.38],[1.31,51.11],[0.49,50.78],[-1.37,50.85],[-1.11,50.78],[-1.18,50.58],[-1.51,50.58],[-1.52,50.71],[-2.03,50.71],[-2.1,50.58],[-3.13,50.71],[-3.46,50.65],[-3.58,50.25],[-4.09,50.25],[-4.19,50.38],[-4.35,50.38],[-4.93,50.25],[-5.15,49.98],[-5.75,50.05],[-5.77,50.25],[-5.28,50.38],[-5.13,50.58],[-4.88,50.58],[-4.82,50.78],[-4.66,50.85],[-4.68,51.05],[-4.43,51.05],[-4.2,51.31],[-3.09,51.25],[-3.11,51.38],[-2.95,51.45],[-3.12,51.51],[-3.28,51.38],[-3.7,51.38],[-3.89,51.58],[-4.31,51.51],[-4.42,51.71],[-4.91,51.58],[-5.26,51.71],[-5.22,52.05],[-4.55,52.18],[-4.16,52.45],[-4.3,52.92],[-4.79,52.79],[-4.81,52.92],[-4.49,53.12],[-4.67,53.19],[-4.7,53.46],[-4.27,53.46],[-4.16,53.26],[-3.15,53.46],[-3.1,53.73],[-3.2,53.87],[-2.97,54.14],[-3.3,54.07],[-3.32,54.21],[-3.59,54.27],[-3.62,54.55],[-3.7,54.55],[-3.65,54.82],[-3.39,54.89],[-3.4,54.95],[-3.14,54.95],[-2.81,55.09],[-2.73,55.23],[-2.56,55.23],[-2.24,55.5],[-2.27,55.77],[-2.11,55.91],[-2.02,55.91],[-1.63,55.57],[-1.49,54.95],[-1.4,54.95],[-1.29,54.68],[-0.67,54.61],[-0.39,54.34],[-0.38,54.27],[-0.2,54.21],[-0.18,53.94]]],[[[-4.38,54.41],[-4.36,54.21],[-4.86,54.07],[-4.8,54.27],[-4.81,54.34],[-4.38,54.41]]],[[[-5.75,54.89],[-5.74,54.82],[-5.73,54.75],[-5.99,54.75],[-5.93,54.95],[-5.84,54.95],[-5.83,54.89],[-5.75,54.89]]]]}},{"type":"Feature","properties":{"NAME":"Safavid Dynasty","C":8,"name":"Safavid Dynasty","start_year":1600,"end_year":1608,"capital":"","type":"polity","region":"","event":"","source":"Cliopatria / Seshat Global History Databank (CC BY 4.0)","wikipedia":"Safavid dynasty","wikidata":"Q161205","_a":289,"_c":[57.81,33.19],"_nz":"萨法维王朝","_sz":""},"geometry":{"type":"Polygon","coordinates":[[[64.82,25.29],[64.8,25.16],[64.28,25.23],[64.23,25.36],[63.63,25.36],[63.54,25.23],[62.56,25.23],[62.47,25.1],[62.18,25.16],[62.02,25.04],[61.72,25.04],[61.66,25.16],[61.13,25.1],[60.92,25.23],[60.62,25.23],[60.63,25.36],[59.06,25.36],[58.78,25.55],[57.96,25.55],[57.74,25.62],[57.68,25.74],[57.38,25.74],[57.11,26.07],[57.05,26.84],[56.71,27.16],[56.19,27.16],[56.1,27.03],[55.71,26.97],[55.62,26.77],[55.24,26.77],[54.83,26.45],[54.46,26.52],[54.26,26.71],[53.66,26.71],[53.46,26.97],[52.74,27.22],[52.48,27.61],[52.05,27.8],[51.45,27.87],[51.07,28.44],[51.03,28.77],[50.81,28.83],[50.92,29.09],[50.62,29.15],[50.65,29.41],[50.24,29.73],[50.06,30.18],[49.59,29.99],[49.02,30.31],[49.11,30.44],[49.12,30.5],[49.18,31.59],[49.11,31.59],[49.15,31.91],[49.07,31.91],[49.1,32.62],[48.97,32.81],[49.02,33.71],[48.95,33.71],[48.99,34.04],[48.92,34.04],[49.07,35.07],[49.15,35.07],[49.27,35.84],[49.5,36.29],[50.55,37],[50.63,37],[50.53,36.87],[51.64,36.55],[52.59,36.61],[53.49,36.87],[54.03,36.87],[54.09,37.19],[53.91,37.45],[53.88,37.71],[55.54,38.16],[56.01,38.16],[56.37,38.42],[56.44,38.74],[56.08,38.87],[56.29,39.45],[56.47,39.58],[56.52,39.77],[56.36,39.77],[56.39,39.9],[56.89,40.68],[57.03,40.61],[57.81,41.2],[57.83,41.26],[60,41.07],[60.13,40.94],[60.84,40.94],[62.38,41.33],[62.37,41],[62.45,41],[62.3,40.74],[62.4,40.55],[62.32,40.23],[62.69,39.84],[62.65,39.71],[63.09,39.26],[63.25,39.26],[63.42,39],[63.84,38.8],[64.01,38.55],[64.37,38.42],[64.66,38.03],[65.24,37.84],[65.63,37.51],[65.94,37.51],[65.91,37.38],[66.17,37.19],[66.22,36.74],[66.36,36.67],[66.33,36.22],[66.31,35.13],[66.38,35.13],[66.13,33.26],[65.95,33.14],[65.49,33.14],[65.4,32.3],[64.84,31.79],[64.77,30.56],[65.01,30.18],[65.83,30.12],[66.69,29.86],[66.6,28.83],[66.67,28.83],[66.59,28.32],[66.66,28.32],[66.39,26.97],[66.46,26.97],[66.42,26.71],[66.55,26.52],[66.23,25.81],[66.27,25.55],[66.26,25.49],[66.02,25.36],[64.82,25.29]]]}},{"type":"Feature","properties":{"NAME":"Lan Na","C":10,"name":"Lan Na","start_year":1600,"end_year":1618,"capital":"","type":"polity","region":"","event":"","source":"Cliopatria / Seshat Global History Databank (CC BY 4.0)","wikipedia":"Lan Na","wikidata":"Q1059707","_a":8,"_c":[99.1,19.19],"_nz":"兰纳","_sz":""},"geometry":{"type":"Polygon","coordinates":[[[100.58,18.99],[100.75,19.19],[100.63,19.31],[100.66,19.51],[100.46,19.7],[100.6,20.09],[100.54,20.21],[100.13,20.41],[99.83,20.41],[99.41,20.09],[99.11,20.02],[98.92,19.76],[98.1,19.76],[97.94,19.64],[97.87,18.67],[97.77,18.54],[97.47,18.48],[97.45,18.35],[97.73,18.22],[97.76,17.96],[98.06,17.96],[98.29,18.03],[98.64,18.41],[99.58,18.29],[99.61,18.48],[99.76,18.48],[100.19,18.86],[100.57,18.93],[100.58,18.99]]]}},{"type":"Feature","properties":{"NAME":"Kazakh Khanate","C":6,"name":"Kazakh Khanate","start_year":1600,"end_year":1608,"capital":"","type":"polity","region":"","event":"","source":"Cliopatria / Seshat Global History Databank (CC BY 4.0)","wikipedia":"Kazakh Khanate","wikidata":"Q1433867","_a":551,"_c":[67.93,46.84],"_nz":"哈萨克汗国","_sz":""},"geometry":{"type":"MultiPolygon","coordinates":[[[[53.08,45.96],[53.1,46.02],[53.18,46.02],[53.17,45.96],[53.08,45.96]]],[[[61.16,53.53],[61.11,53.6],[61.82,53.87],[61.79,54],[62.48,54],[62.63,54.14],[63.18,54.21],[63.2,54.07],[63.87,54],[63.84,53.94],[64.01,53.94],[63.98,53.87],[64.15,53.87],[64.12,53.8],[64.3,53.8],[64.41,53.66],[64.67,53.66],[64.64,53.6],[65.87,53.46],[65.84,53.39],[66.39,53.46],[66.33,53.33],[66.5,53.33],[66.47,53.26],[67.44,53.12],[67.41,53.06],[68.58,52.99],[68.55,52.92],[70.38,52.99],[73.34,53.26],[73.41,53.39],[73.63,53.33],[74.2,53.6],[74.34,53.53],[74.77,53.87],[75.15,53.94],[75.56,54.21],[76.78,54.55],[77.51,54.61],[77.48,54.55],[77.65,54.55],[77.66,54.41],[76.94,53.73],[76.57,53.19],[76.91,52.86],[76.84,52.72],[77.14,52.32],[77.31,52.32],[77.38,52.12],[77.55,52.12],[77.8,51.78],[78.16,51.65],[78.23,51.45],[78.4,51.45],[78.41,51.31],[78.62,51.38],[78.58,51.31],[78.75,51.31],[78.85,51.18],[79.33,51.11],[79.43,50.98],[80.41,51.25],[81.09,51.25],[81.05,51.18],[81.39,51.18],[81.36,51.11],[82.39,50.98],[82.48,50.85],[82.77,50.91],[82.74,50.85],[83.88,50.78],[83.92,50.85],[84,50.85],[83.97,50.78],[83.94,50.73],[84.14,50.78],[84.06,50.65],[84.31,50.31],[84.83,50.18],[84.49,49.85],[83.92,49.71],[83.77,49.58],[84.37,49.45],[84.33,49.38],[85.3,48.99],[85.4,48.85],[85.34,48.72],[85.52,48.59],[85.47,48.32],[85.55,48.32],[85.64,48.32],[85.48,47.99],[85.56,47.99],[85.51,47.73],[85.29,47.6],[84.7,46.87],[84.23,46.74],[84.26,46.81],[83.8,46.87],[83.86,47.01],[83.61,47.01],[83.64,47.07],[83.04,47.01],[82.54,46.09],[82.21,45.89],[81.82,45.37],[80.14,45.04],[79.95,44.97],[80.06,44.84],[80.41,44.71],[80.3,44.45],[80.38,44.45],[80.36,43.99],[80.74,43.54],[80.68,43.41],[80.79,43.28],[80.63,43.08],[80.47,43.08],[80.47,42.89],[80.29,42.82],[80.19,42.37],[80.16,42.3],[80,42.3],[79.97,42.43],[79.44,42.5],[79.41,42.63],[79.25,42.63],[79.08,42.82],[78.55,42.89],[76.49,42.76],[75.81,42.63],[75.41,42.43],[74.93,42.43],[74.46,42.24],[74.27,42.37],[73.95,42.37],[73.9,42.24],[73.67,42.24],[73.36,42.04],[73.61,41.85],[73.6,41.59],[73.75,41.33],[73.68,41.13],[73.22,40.94],[73.08,40.74],[72.46,40.55],[71.58,40.03],[71.07,39.9],[70.58,39.58],[69.4,39.58],[68.17,39.13],[67.68,39.06],[67.42,39.26],[66.94,39.26],[66.98,39.38],[66.8,39.58],[67.22,40.23],[67.53,40.48],[67.53,40.74],[66.97,41],[66.73,41],[66.69,41.13],[66.45,41.13],[63.73,42.43],[62.39,43.02],[62.34,43.15],[62.18,43.15],[62.22,43.28],[62,43.34],[62.04,43.47],[62.06,43.54],[61.98,43.54],[61.76,43.6],[61.1,44.39],[60.88,44.45],[60.9,44.52],[61.38,44.78],[61.42,44.91],[61.58,44.91],[61.72,45.37],[61.34,45.43],[61.33,45.69],[61.25,45.69],[61.33,45.96],[61.25,45.96],[61.58,46.48],[61.64,46.94],[61.23,46.94],[61.09,46.74],[60.94,46.81],[60.98,46.94],[60.12,46.81],[59.84,46.41],[59.49,46.35],[59.31,46.02],[58.64,45.96],[58.49,45.43],[58.27,45.24],[57.96,44.45],[58.04,44.45],[57.99,44.25],[58.07,44.25],[57.96,43.86],[58.19,43.8],[58.36,43.54],[58.34,43.47],[57.33,43.02],[57.25,43.02],[56.35,42.95],[55.99,42.82],[55.53,42.89],[52.74,42.63],[52.79,42.82],[52.42,42.95],[51.94,42.95],[51.77,43.28],[51.44,43.21],[51.31,43.34],[51.32,43.73],[51.04,43.93],[51.07,44.06],[50.73,44.32],[50.26,44.39],[50.22,44.58],[50.65,44.65],[50.86,44.52],[51.42,44.52],[51.47,44.71],[51.02,44.84],[51.06,45.04],[51.47,45.37],[51.88,45.37],[52.09,45.24],[53.88,45.24],[53.81,44.97],[54.3,44.97],[54.36,45.24],[54.22,45.3],[54.29,45.56],[53.88,45.56],[53.67,45.37],[53.42,45.37],[53.06,45.56],[53.07,45.89],[53.25,45.96],[53.35,46.35],[53.27,46.35],[53.27,46.68],[53.19,46.68],[53.24,46.87],[53.11,47.01],[52.19,46.94],[52.11,46.94],[52.18,47.53],[52.1,47.53],[52.26,48.13],[52.17,48.13],[52.23,48.32],[52.05,48.59],[52.09,48.72],[52,48.72],[52.04,48.85],[51.96,48.85],[52.02,49.38],[51.94,49.38],[52,49.58],[51.91,49.58],[52.01,49.91],[51.92,49.91],[52.14,50.65],[52.05,50.65],[52.18,51.05],[52.09,51.05],[52.22,51.45],[52.13,51.45],[52.58,52.32],[52.88,52.45],[54.24,52.45],[54.22,52.38],[54.56,52.38],[54.84,52.18],[56.32,52.05],[56.3,51.98],[56.58,52.05],[56.78,51.92],[57.44,51.85],[57.56,51.71],[57.99,51.71],[57.96,51.65],[58.92,51.71],[59.93,51.92],[60.44,52.79],[60.94,53.39],[61.02,53.39],[61.16,53.53]]]]}},{"type":"Feature","properties":{"NAME":"Holy Roman Empire Minor States","C":10,"name":"Holy Roman Empire Minor States","start_year":1600,"end_year":1601,"capital":"","type":"polity","region":"","event":"","source":"Cliopatria / Seshat Global History Databank (CC BY 4.0)","wikipedia":"Holy Roman Empire","wikidata":"Q12548","_a":150,"_c":[11.26,49.35],"_nz":"神圣罗马帝国诸小邦","_sz":""},"geometry":{"type":"MultiPolygon","coordinates":[[[[8.75,44.97],[8.83,44.71],[8.51,44.58],[8.35,44.32],[8.35,44.25],[8.19,44.19],[8.11,43.99],[8.03,44.12],[7.79,44.12],[7.71,44.12],[7.71,44.25],[8.11,44.39],[8.11,44.52],[8.19,44.52],[8.51,44.84],[8.5,45.04],[8.75,44.97]]],[[[6.51,46.87],[6.5,46.94],[6.59,46.94],[6.59,47.01],[6.67,47.01],[6.67,47.07],[6.75,47.07],[6.83,47.07],[6.83,47.14],[7.08,46.94],[6.51,46.87]]],[[[4.94,49.18],[4.68,49.45],[4.67,49.71],[4.49,49.98],[4.66,50.05],[4.73,50.31],[5.06,50.45],[5.05,50.71],[5.22,50.71],[5.28,51.18],[5.62,51.25],[5.71,51.18],[5.73,50.58],[5.9,50.38],[5.48,50.45],[5.15,50.31],[4.99,50.11],[4.82,50.11],[4.83,49.91],[4.83,49.85],[5.08,49.78],[5.18,49.58],[4.94,49.18]]],[[[10.21,43.99],[10.13,43.99],[10.13,44.06],[10.05,44.06],[10.05,43.99],[9.97,43.99],[9.97,44.06],[9.97,44.12],[9.89,44.25],[9.4,44.45],[9.32,44.91],[9.24,44.91],[9.32,45.17],[9.97,45.17],[10.13,45.04],[10.45,45.04],[10.45,45.17],[10.45,45.37],[10.62,45.43],[11.35,44.97],[11.35,44.84],[11.1,44.71],[11.02,44.45],[10.86,44.39],[10.86,44.25],[10.78,43.93],[10.7,43.93],[10.7,43.86],[10.62,43.8],[10.45,43.93],[10.21,43.93],[10.21,43.99]]],[[[11.11,46.41],[11.27,46.41],[11.52,46.61],[12.09,46.68],[11.84,46.48],[11.84,46.22],[11.68,46.09],[11.35,46.09],[11.02,45.76],[10.7,45.69],[10.45,45.89],[10.45,45.96],[10.53,46.48],[10.53,46.55],[11.19,46.61],[11.11,46.41]]],[[[9.46,47.27],[9.54,47.27],[9.54,47.2],[9.63,47.14],[9.46,47.14],[9.46,47.27]]],[[[12.93,48.06],[13.18,48.06],[13.18,47.93],[13.42,47.66],[13.41,47.27],[13.74,47.2],[13.65,47.01],[13.08,47.01],[12.83,47.14],[12.18,47.07],[12.18,47.27],[12.51,47.4],[12.51,47.66],[13,47.53],[13.09,47.66],[12.92,47.73],[12.93,48.06]]],[[[13.36,48.85],[13.36,48.99],[14.1,48.65],[13.85,48.46],[13.77,48.59],[13.27,48.59],[13.19,48.85],[13.36,48.85]]],[[[12.63,50.65],[12.63,50.78],[12.55,50.78],[12.55,50.85],[12.81,50.98],[12.8,50.78],[12.72,50.78],[12.8,50.65],[12.63,50.65]]],[[[7.63,48.26],[7.64,47.8],[7.89,47.73],[7.73,47.53],[7.64,47.53],[7.56,47.53],[7.56,47.6],[7.56,47.66],[7.56,47.73],[7.56,47.8],[7.55,47.86],[7.47,48.06],[7.22,48.06],[7.06,47.93],[7.13,48.32],[7.05,48.32],[7.04,48.52],[7.21,48.59],[7.2,48.79],[7.03,48.85],[7.03,48.92],[7.03,48.99],[7.36,48.92],[7.53,48.99],[7.53,49.12],[6.86,49.12],[6.78,49.12],[6.78,49.18],[6.69,49.18],[6.69,49.32],[6.86,49.32],[6.85,49.45],[7.1,49.45],[7.36,49.25],[7.69,49.38],[7.95,48.99],[8.11,48.99],[8.27,49.25],[8.78,49.25],[8.61,49.45],[8.36,49.45],[8.27,49.71],[7.85,49.71],[7.76,49.91],[7.51,49.91],[7.6,49.58],[7.02,49.58],[6.35,49.58],[6.34,49.78],[6.59,49.98],[6.58,50.11],[6.07,50.25],[6.4,50.51],[6.07,50.45],[5.96,51.18],[6.2,51.51],[5.94,51.78],[6.02,51.92],[6.53,51.85],[6.7,51.98],[6.7,52.05],[6.7,52.12],[6.78,52.12],[6.95,52.25],[6.94,52.38],[7.2,52.52],[7.02,52.86],[7.18,53.06],[7.18,53.26],[7.18,53.33],[6.92,53.39],[6.91,53.6],[7.08,53.73],[7.94,53.73],[8.03,53.66],[7.95,53.53],[8.12,53.53],[8.2,53.66],[8.38,53.66],[8.46,53.94],[8.81,53.87],[8.89,53.87],[9.24,53.87],[9.58,53.6],[9.93,53.6],[10.01,53.73],[10.36,53.66],[10.36,53.87],[10.53,54],[10.79,54],[10.88,54],[11.4,54],[11.4,54.14],[12.09,54.27],[12.44,54.48],[13.05,54.48],[13.14,54.68],[13.41,54.75],[13.66,54.61],[13.74,54.27],[13.3,54.21],[14.17,54.07],[14.16,53.87],[13.98,53.8],[14.5,53.73],[14.51,54],[15.04,54.21],[15.99,54.27],[16.62,54.68],[17.94,54.89],[18.02,54.89],[17.91,54.48],[17.64,54.34],[17.62,54],[17.19,54],[17.08,53.6],[16.82,53.6],[16.66,53.8],[16.4,53.8],[16.31,53.8],[16.41,54],[15.98,54.07],[16.05,53.66],[15.79,53.73],[15.7,53.66],[15.78,53.46],[15.44,53.53],[15.26,53.26],[14.82,53.19],[14.65,53.06],[14.48,53.06],[14.23,53.26],[14.32,53.39],[13.9,53.73],[13.72,53.73],[13.2,53.33],[12.17,53.39],[11.91,53.6],[11.74,53.6],[11.56,53.39],[11.31,53.46],[11.13,53.33],[11.22,53.19],[11.39,53.19],[11.39,53.06],[10.79,52.99],[10.87,52.59],[11.13,52.38],[11.3,52.38],[11.3,52.52],[11.47,52.52],[11.55,52.38],[11.98,52.45],[12.15,52.52],[12.16,52.72],[12.33,52.79],[12.33,52.65],[12.58,52.45],[12.41,52.32],[12.4,52.18],[12.15,52.12],[12.23,51.92],[12.4,51.85],[12.4,51.71],[12.31,51.71],[12.31,51.58],[11.97,51.58],[12.05,51.38],[11.63,51.25],[10.87,51.38],[10.1,51.25],[10.19,51.11],[10.53,51.25],[11.2,51.25],[11.29,51.05],[11.62,50.98],[11.88,50.98],[11.88,51.18],[12.05,51.31],[12.47,51.18],[12.55,50.91],[12.22,50.98],[11.79,50.85],[11.79,50.71],[11.96,50.71],[12.05,50.85],[12.21,50.78],[12.21,50.65],[11.96,50.58],[11.96,50.31],[12.12,50.25],[12.12,50.18],[11.87,50.18],[11.7,49.91],[11.2,49.78],[11.28,49.52],[11.03,49.45],[11.03,49.25],[11.28,49.18],[10.86,49.05],[11.03,48.99],[10.94,48.85],[10.61,48.92],[10.36,49.25],[10.03,49.12],[10.03,48.99],[10.28,48.85],[10.28,48.72],[10.44,48.59],[10.53,48.26],[10.2,48.26],[10.12,48.06],[10.36,47.99],[10.53,48.19],[10.45,47.8],[10.69,47.73],[10.61,47.6],[10.45,47.6],[10.37,47.33],[10.12,47.33],[9.95,47.53],[9.62,47.53],[9.04,47.73],[9.29,47.8],[9.29,47.99],[9.12,47.99],[9.12,47.86],[8.96,47.99],[8.96,47.86],[8.96,47.8],[8.88,47.8],[8.88,47.73],[8.55,47.73],[8.47,47.6],[8.22,47.66],[8.13,48.13],[8.21,48.13],[8.21,48.26],[7.96,48.26],[7.8,48.13],[7.79,48.32],[7.71,48.32],[7.63,48.26]],[[8.21,47.99],[8.46,47.99],[8.38,48.13],[8.29,48.13],[8.21,48.13],[8.21,47.99]],[[8.46,48.32],[8.37,48.39],[8.29,48.39],[8.21,48.39],[8.21,48.26],[8.46,48.32]],[[10.87,51.65],[10.87,51.58],[10.87,51.45],[11.04,51.45],[11.38,51.51],[11.46,51.65],[10.87,51.65]],[[10.2,48.46],[10.11,48.46],[10.11,48.32],[10.28,48.32],[10.2,48.39],[10.2,48.46]],[[9.78,48.32],[9.87,48.32],[10.03,48.26],[9.95,48.46],[9.45,48.46],[9.45,48.19],[9.78,48.32]],[[9.54,47.93],[9.54,47.99],[9.45,47.99],[9.45,47.93],[9.37,47.93],[9.37,47.86],[9.45,47.86],[9.54,47.86],[9.54,47.93]],[[9.37,48.39],[9.37,48.46],[9.2,48.39],[9.2,48.26],[9.37,48.26],[9.37,48.39]],[[9.04,48.19],[8.95,48.26],[8.95,48.32],[8.87,48.32],[8.87,48.19],[9.04,48.19]],[[8.71,47.93],[8.71,47.99],[8.63,47.99],[8.63,47.86],[8.79,47.86],[8.71,47.93]],[[8.29,48.52],[8.45,48.46],[8.45,48.59],[8.37,48.59],[8.29,48.52]],[[8.71,48.26],[8.79,48.26],[8.54,48.39],[8.54,48.19],[8.71,48.26]],[[8.62,48.59],[8.53,48.59],[8.54,48.52],[8.62,48.52],[8.7,48.52],[8.7,48.59],[8.7,48.65],[8.62,48.65],[8.62,48.59]]]]}},{"type":"Feature","properties":{"NAME":"Tümed","C":4,"name":"Tümed","start_year":1600,"end_year":1608,"capital":"","type":"polity","region":"","event":"","source":"Cliopatria / Seshat Global History Databank (CC BY 4.0)","wikipedia":"Tumed","wikidata":"Q3402317","_a":259,"_c":[91.44,39.41],"_nz":"土默特","_sz":""},"geometry":{"type":"MultiPolygon","coordinates":[[[[97.39,39.26],[97.7,39.06],[98.22,39],[98.38,39.19],[98.91,39.13],[99.2,39.26],[99.81,38.48],[100.23,38.35],[100.34,38.61],[100.59,38.29],[100.75,38.29],[100.87,38.03],[101.24,37.96],[101.26,37.84],[101.55,37.77],[101.7,37.58],[102.1,37.77],[102.09,37.58],[102.25,37.38],[102.53,37.32],[102.69,37.13],[102.61,36.93],[102.84,36.74],[102.79,36.61],[102.92,36.35],[102.52,35.71],[102.44,35.71],[102.42,35.64],[102.11,35.45],[102.06,35.32],[102.14,35.32],[101.97,35.07],[101.71,35],[101.74,34.87],[102.1,34.81],[102.03,34.61],[101.83,34.49],[101.23,34.74],[100.92,34.74],[100.85,34.55],[101.07,34.29],[101.53,34.29],[101.69,34.1],[101.53,33.84],[101.2,33.78],[100.86,33.91],[98.85,34.1],[98.32,34.36],[98.29,34.49],[97.72,34.61],[97.68,34.74],[97.45,34.74],[96.55,35.26],[95.77,35.45],[93.54,36.61],[92.6,36.8],[92.36,37],[91.79,36.93],[91.39,36.67],[91.31,36.67],[91.36,36.8],[90.94,36.93],[91,37.13],[91.46,37.32],[91.53,37.51],[91.4,37.58],[91.45,37.71],[91.28,37.9],[90.94,38.03],[91.04,38.29],[90.88,38.48],[90.95,38.67],[92.59,39.26],[93.22,39.45],[93.51,39.38],[93.88,39.51],[94.51,39.51],[94.72,39.64],[96.22,39.64],[96.19,39.58],[97.21,39.38],[97.31,39.26],[97.39,39.26]]],[[[80.09,44.91],[80.06,44.84],[79.95,44.97],[80.14,45.04],[80.11,44.97],[80.09,44.91]]]]}},{"type":"Feature","properties":{"NAME":"Tibet","C":0,"name":"Tibet","start_year":1600,"end_year":1635,"capital":"","type":"polity","region":"","event":"","source":"Cliopatria / Seshat Global History Databank (CC BY 4.0)","wikipedia":"History of Tibet","wikidata":"Q521263","_a":215,"_c":[90.17,32.4],"_nz":"西藏","_sz":""},"geometry":{"type":"Polygon","coordinates":[[[101.2,33.78],[100.86,33.91],[98.85,34.1],[98.32,34.36],[98.29,34.49],[97.72,34.61],[97.68,34.74],[97.45,34.74],[96.55,35.26],[95.77,35.45],[93.54,36.61],[92.6,36.8],[92.36,37],[91.79,36.93],[91.39,36.67],[91.25,36.48],[90.26,36.55],[89.83,36.42],[89.71,36.55],[88.67,36.67],[87.24,36.35],[86.8,36.42],[86.52,36.29],[86.24,35.9],[85.89,35.77],[85.7,35.9],[85,35.9],[84.63,35.71],[83.88,35.77],[83.28,35.58],[82.81,35.58],[82.74,35.84],[82.35,35.84],[82.02,35.52],[81.67,35.39],[81.48,35.52],[80.22,35.45],[80.21,35.39],[80.17,35],[80.02,34.74],[79.59,34.55],[79.45,34.04],[78.98,34.04],[78.93,33.52],[78.83,33.46],[78.99,33.46],[79.09,33.26],[79.36,33.14],[79.33,33.01],[79.51,32.81],[79.46,32.62],[79.11,32.43],[78.88,32.43],[78.71,32.69],[78.62,32.62],[78.54,32.62],[78.46,32.3],[78.54,32.3],[78.56,32.04],[78.75,31.91],[78.81,31.53],[79.1,31.46],[79.45,31.01],[79.97,30.95],[80.26,30.56],[80.84,30.44],[81.01,30.18],[81.3,30.12],[81.59,30.37],[82.04,30.37],[82.47,29.92],[83.31,29.6],[83.43,29.47],[83.45,29.22],[83.66,29.15],[83.84,29.28],[84.14,29.28],[84.27,29.15],[84.22,28.96],[84.41,28.77],[84.82,28.57],[85.2,28.57],[85.16,28.38],[85.35,28.25],[85.75,28.32],[85.98,27.99],[86.23,28.12],[86.28,27.99],[86.9,28.06],[87.45,27.8],[88.14,27.87],[88.21,27.87],[88.48,28.06],[89.19,28.19],[89.62,28.12],[89.97,28.32],[90.6,28.44],[92.13,28.51],[93.15,28.7],[93.51,28.64],[93.83,28.7],[94.66,29.28],[95.42,29.02],[95.55,29.22],[95.97,29.41],[96.2,29.41],[96.32,29.28],[96.21,29.15],[96.24,28.96],[97.3,28.96],[97.56,28.83],[97.57,28.57],[97.56,28.51],[97.98,28.38],[98.02,28.25],[98.25,28.25],[98.45,28.44],[98.57,28.32],[98.54,28.19],[98.69,28.19],[98.87,28.32],[99.03,29.22],[99.24,29.15],[99.47,29.47],[99.43,28.44],[99.61,28.25],[99.7,28.32],[99.74,28.77],[99.98,28.83],[100.68,29.73],[101.1,31.66],[101.18,31.66],[101.87,33.52],[101.2,33.78]]]}},{"type":"Feature","properties":{"NAME":"Ming Dynasty","C":5,"name":"Ming Dynasty","start_year":1600,"end_year":1618,"capital":"","type":"polity","region":"","event":"","source":"Cliopatria / Seshat Global History Databank (CC BY 4.0)","wikipedia":"Ming dynasty","wikidata":"Q9903","_a":686,"_c":[110.84,30.56],"_nz":"明","_sz":""},"geometry":{"type":"MultiPolygon","coordinates":[[[[109.86,18.35],[109.84,18.22],[109.25,18.22],[109.12,18.35],[108.76,18.41],[108.64,18.54],[108.7,19.38],[109.2,19.7],[109.25,19.96],[110.16,20.09],[110.59,20.02],[110.61,20.15],[110.91,20.15],[111.09,19.89],[111.03,19.57],[110.88,19.57],[110.85,19.38],[110.68,19.25],[110.51,18.67],[110.19,18.54],[110.18,18.48],[109.86,18.35]]],[[[122.27,30.18],[122.28,29.99],[121.98,29.99],[122.02,30.12],[122.05,30.18],[122.27,30.18]]],[[[124.36,41.52],[124.56,41.46],[124.04,40.87],[124.17,40.68],[124.37,40.61],[124.29,40.36],[124.65,40.42],[124.73,40.42],[124.27,39.9],[124.23,39.84],[123.6,39.84],[122.94,39.64],[122.17,39.26],[121.95,39],[121.72,39],[121.42,38.74],[121.03,38.74],[121.2,39.06],[121.52,39.06],[121.69,39.38],[121.3,39.38],[121.21,39.51],[121.28,39.64],[121.44,39.64],[121.5,39.9],[121.78,39.97],[122.23,40.48],[122.11,40.68],[121.83,40.74],[121.82,40.87],[121.11,40.87],[121,40.68],[120.65,40.48],[120.5,40.23],[119.38,39.77],[119.22,39.32],[118.45,39.06],[118.06,39.06],[118.05,39.19],[117.89,39.19],[117.58,38.74],[117.65,38.74],[117.6,38.48],[118.05,38.29],[118.07,38.16],[118.58,38.09],[118.65,38.22],[118.8,38.22],[118.77,38.16],[119.46,37.96],[119.39,37.84],[119.24,37.84],[118.98,37.32],[119.14,37.32],[119.16,37.19],[119.7,37.19],[119.83,37.45],[120.2,37.58],[120.19,37.71],[120.75,37.9],[121.11,37.84],[121.17,37.64],[121.48,37.64],[121.5,37.51],[122.15,37.58],[122.12,37.51],[122.71,37.45],[122.47,37.13],[122.57,37],[122.39,36.8],[121.91,36.93],[121.21,36.61],[120.98,36.61],[120.96,36.42],[120.73,36.42],[120.66,36.1],[120.32,36.03],[119.99,35.64],[119.62,35.52],[119.23,34.81],[119.46,34.81],[119.43,34.74],[119.71,34.68],[119.73,34.55],[120.34,34.36],[120.49,34.16],[120.55,33.59],[120.93,33.2],[120.92,32.62],[121.4,32.49],[121.5,32.17],[121.78,32.11],[121.99,31.85],[121.84,31.66],[121.96,31.59],[121.91,31.46],[121.58,31.4],[121.74,31.4],[122,31.08],[121.9,30.82],[121.52,30.82],[121.2,30.56],[121.05,30.56],[120.68,30.18],[120.81,30.12],[121.1,30.31],[121.48,30.31],[121.62,30.05],[122.03,29.92],[121.86,29.67],[122.02,29.67],[121.94,29.22],[121.71,29.22],[121.74,29.54],[121.57,29.47],[121.65,29.47],[121.54,29.15],[121.74,29.09],[121.71,28.77],[121.52,28.64],[121.65,28.57],[121.65,28.32],[121.15,28.19],[121.19,28.32],[121.12,28.32],[121.04,28.06],[120.87,27.99],[120.71,27.74],[120.66,27.54],[120.73,27.54],[120.55,27.16],[120.39,27.16],[120.25,26.9],[120.1,26.9],[120.06,26.77],[120.21,26.77],[120.16,26.58],[119.84,26.52],[119.94,26.32],[119.59,26.13],[119.78,26],[119.53,25.62],[119.9,25.62],[119.87,25.49],[119.47,25.36],[119.42,25.49],[119.27,25.49],[119.39,25.36],[119.34,25.16],[119.03,25.1],[119.07,24.97],[118.82,24.84],[118.76,24.59],[118.15,24.52],[118.08,24.2],[117.72,23.94],[117.69,23.81],[117.47,23.81],[117.18,23.49],[116.89,23.56],[116.78,23.36],[116.81,23.17],[116.59,23.17],[116.54,22.91],[115.7,22.79],[115.67,22.66],[115.37,22.66],[115.17,22.79],[114.9,22.53],[114.75,22.53],[114.64,22.72],[114.53,22.14],[114.37,22.08],[114,22.08],[114,22.46],[113.79,22.53],[113.75,22.72],[113.6,22.72],[113.69,22.4],[113.45,22.34],[113.32,22.01],[113.11,22.08],[113.07,21.89],[112.77,21.89],[112.44,21.69],[111.86,21.76],[111.66,21.5],[110.98,21.44],[110.74,21.31],[110.72,21.18],[110.42,21.18],[110.48,21.11],[110.36,20.86],[110.62,20.6],[110.49,20.28],[109.88,20.21],[109.93,20.47],[109.79,20.54],[109.77,20.86],[109.7,20.86],[109.87,21.44],[109.81,21.5],[109.12,21.37],[109.09,21.63],[108.65,21.69],[108.56,21.56],[108.17,21.5],[108.1,21.5],[107.97,21.63],[107.59,21.56],[107.46,21.69],[107.1,21.76],[106.66,22.21],[106.71,22.91],[106.33,22.85],[106.2,22.98],[105.75,22.98],[105.49,23.17],[105.44,23.3],[105.21,23.3],[104.96,23.11],[104.84,22.85],[104.52,22.72],[104.15,22.79],[103.96,22.53],[103.77,22.72],[103.32,22.72],[103.22,22.53],[102.92,22.53],[102.87,22.66],[102.58,22.72],[102.15,22.4],[101.72,22.46],[101.64,22.01],[101.88,21.63],[101.81,21.18],[101.36,21.18],[101.25,21.44],[100.95,21.37],[100.69,21.18],[100.64,20.86],[100.24,20.66],[100.13,20.41],[99.83,20.41],[99.41,20.09],[99.11,20.02],[98.51,20.02],[98.54,20.21],[98.47,20.21],[98.49,20.86],[98.66,20.99],[98.42,21.37],[98.45,21.56],[98.62,21.69],[98.49,21.82],[98.5,22.34],[98.35,22.34],[98.42,22.79],[98.22,22.91],[98.34,23.17],[98.5,23.24],[98.54,23.49],[98.34,23.62],[98.37,23.81],[98.3,23.81],[98.49,24.07],[97.81,24.01],[97.55,23.81],[97.25,23.81],[97.2,23.94],[97.21,24.84],[97.11,25.1],[96.97,25.16],[97.05,25.55],[97.32,25.81],[97.55,26.52],[97.47,26.52],[97.48,26.9],[97.16,27.16],[97.18,27.22],[96.94,27.48],[97,27.74],[97.34,27.93],[97.48,28.51],[97.56,28.51],[97.98,28.38],[98.02,28.25],[98.25,28.25],[98.45,28.44],[98.57,28.32],[98.54,28.19],[98.69,28.19],[98.87,28.32],[99.03,29.22],[99.24,29.15],[99.47,29.47],[99.43,28.44],[99.61,28.25],[99.7,28.32],[99.74,28.77],[99.98,28.83],[100.68,29.73],[101.1,31.66],[101.18,31.66],[101.87,33.52],[101.2,33.78],[101.53,33.84],[101.69,34.1],[101.53,34.29],[101.07,34.29],[100.85,34.55],[100.92,34.74],[101.23,34.74],[101.83,34.49],[102.03,34.61],[102.1,34.81],[101.74,34.87],[101.71,35],[101.97,35.07],[102.14,35.32],[102.06,35.32],[102.11,35.45],[102.42,35.64],[102.49,35.64],[102.52,35.71],[102.92,36.35],[102.79,36.61],[102.84,36.74],[102.61,36.93],[102.69,37.13],[102.53,37.32],[102.25,37.38],[102.09,37.58],[102.1,37.77],[101.7,37.58],[101.55,37.77],[101.26,37.84],[101.24,37.96],[100.87,38.03],[100.75,38.29],[100.59,38.29],[100.34,38.61],[99.9,38.87],[100.06,39.26],[100.61,39.77],[101.18,39.64],[101.17,39.26],[101.56,39.26],[101.63,39.06],[102.12,38.93],[102.09,38.87],[102.36,38.93],[102.55,39.19],[103.12,39.06],[102.88,38.87],[103.14,38.74],[102.85,38.61],[102.84,38.42],[103,38.42],[103.02,38.29],[103.3,38.22],[103.33,38.09],[103.61,38.03],[103.76,37.84],[104.36,37.77],[104.46,37.64],[105.22,37.77],[105.43,37.9],[106.16,37.96],[106.38,38.09],[106.57,38.35],[106.49,38.35],[106.67,38.74],[106.59,38.74],[106.92,39.45],[107.33,39.64],[107.44,39.38],[107.65,39.32],[107.29,38.55],[107.44,38.55],[107.51,38.35],[107.9,38.35],[108.1,38.09],[109.08,37.84],[109.53,37.96],[109.6,38.29],[109.84,38.48],[109.75,38.61],[109.96,39.06],[110.29,39.26],[110.42,39.51],[111.16,39.58],[111.45,39.84],[111.65,39.77],[111.83,39.97],[112.14,39.97],[112.5,40.36],[113.02,40.29],[113.32,40.55],[113.64,40.55],[113.77,40.36],[114.68,40.42],[114.97,40.68],[115.82,41.07],[116.61,41.2],[116.58,41.13],[116.86,41.07],[116.99,40.87],[117.34,40.94],[117.2,40.55],[117.36,40.55],[117.37,40.42],[117.79,40.61],[118.42,40.61],[118.39,40.55],[118.63,40.55],[118.63,40.42],[118.79,40.42],[118.97,40.03],[119.36,40.03],[121.45,41.59],[121.93,41.72],[121.89,41.65],[122.05,41.65],[122.01,41.33],[122.41,41.33],[122.81,42.11],[123.21,42.37],[123.57,42.43],[123.7,42.63],[123.58,42.69],[123.66,42.82],[123.7,42.89],[124.35,42.89],[124.3,42.82],[124.66,42.76],[124.21,42.04],[124.4,41.72],[124.32,41.59],[124.4,41.59],[124.36,41.52]]]]}},{"type":"Feature","properties":{"NAME":"Ahmadnagar Sultanate","C":3,"name":"Ahmadnagar Sultanate","start_year":1600,"end_year":1618,"capital":"","type":"polity","region":"","event":"","source":"Cliopatria / Seshat Global History Databank (CC BY 4.0)","wikipedia":"Ahmadnagar Sultanate","wikidata":"Q400998","_a":8,"_c":[74.64,19.19],"_nz":"艾哈迈德纳加尔苏丹国","_sz":""},"geometry":{"type":"Polygon","coordinates":[[[75.74,19.76],[74.72,19.96],[74.31,20.21],[73.86,20.21],[73.32,20.02],[72.97,19.51],[72.74,19.44],[72.73,19.38],[72.81,19.38],[72.8,19.31],[72.87,19.31],[73.1,19.38],[73.08,19.19],[73.08,19.12],[72.91,18.99],[72.94,18.54],[72.93,18.48],[73.15,18.48],[73.17,18.61],[73.32,18.67],[74.22,18.74],[75.15,18.48],[75.63,18.16],[76.55,18.41],[76.5,18.67],[76.24,18.99],[76.43,19.38],[75.74,19.76]]]}},{"type":"Feature","properties":{"NAME":"Ayutthaya Kingdom","C":9,"name":"Ayutthaya Kingdom","start_year":1600,"end_year":1618,"capital":"","type":"polity","region":"","event":"","source":"Cliopatria / Seshat Global History Databank (CC BY 4.0)","wikipedia":"Ayutthaya Kingdom","wikidata":"Q841364","_a":100,"_c":[99.87,12.92],"_nz":"阿瑜陀耶王国","_sz":""},"geometry":{"type":"Polygon","coordinates":[[[102.74,12.05],[102.84,12.31],[102.41,13.01],[102.39,13.53],[102.71,13.72],[102.9,14.11],[103.23,14.36],[103.45,14.36],[103.61,14.49],[103.29,14.81],[103.23,15.52],[103.05,15.78],[103.06,16.36],[103.23,16.55],[102.1,16.87],[101.87,16.81],[101.61,17.06],[101.47,17.06],[101.31,17.51],[101.02,17.51],[101.27,18.22],[101.13,18.29],[101.18,18.61],[101.35,18.74],[101.4,19.06],[101.18,19.57],[100.66,19.51],[100.63,19.31],[100.75,19.19],[100.58,18.99],[100.57,18.93],[100.19,18.86],[99.76,18.48],[99.61,18.48],[99.58,18.29],[98.64,18.41],[98.29,18.03],[98.06,17.96],[97.76,17.96],[97.73,18.22],[97.45,18.35],[97.47,18.48],[96.76,19.19],[96.46,19.19],[96.19,18.86],[96.13,17.9],[96.43,17.45],[96.19,16.74],[96.33,16.68],[96.37,16.49],[96.45,16.49],[96.67,16.49],[96.92,16.74],[96.93,17.32],[97.07,17.26],[97.05,17.13],[97.2,17.13],[97.16,16.87],[97.27,16.61],[97.4,16.49],[97.62,16.49],[97.55,15.97],[97.75,15.78],[97.77,14.81],[97.99,14.75],[97.88,14.49],[98.07,14.24],[98.04,13.98],[98.25,13.85],[98.28,13.53],[98.42,13.46],[98.65,12.82],[98.61,11.73],[98.76,11.73],[98.65,11.41],[98.7,11.09],[98.6,10.83],[98.45,10.76],[98.51,9.8],[98.13,8.71],[98.21,7.74],[98.43,7.81],[98.38,8.13],[98.47,8.32],[98.62,8.32],[98.67,8.06],[98.95,7.94],[98.94,7.68],[99.22,7.61],[99.28,7.29],[99.49,7.29],[99.48,7.1],[99.63,7.1],[99.61,6.84],[99.95,6.52],[100.03,6.52],[100.33,6.65],[100.89,6.26],[100.97,6.46],[101.2,6.59],[101.15,6.91],[101.07,6.91],[100.85,6.91],[100.65,7.16],[100.51,7.16],[100.53,7.49],[100.38,7.49],[100.47,7.68],[100.34,7.87],[100.3,8.39],[100.09,8.45],[99.96,8.71],[99.93,9.29],[99.64,9.35],[99.34,9.22],[99.29,9.54],[99.16,9.67],[99.31,10.64],[99.48,10.83],[99.6,11.41],[99.85,11.73],[99.88,11.99],[100.03,12.05],[100.1,13.4],[100.56,13.53],[100.99,13.46],[100.83,12.63],[101.55,12.56],[101.79,12.69],[102.11,12.31],[102.26,12.31],[102.22,11.99],[102.44,11.99],[102.6,12.11],[102.67,12.05],[102.74,12.05]]]}},{"type":"Feature","properties":{"NAME":"Spanish Empire","C":0,"name":"Spanish Empire","start_year":1600,"end_year":1608,"capital":"","type":"polity","region":"","event":"","source":"Cliopatria / Seshat Global History Databank (CC BY 4.0)","wikipedia":"Spanish Empire","wikidata":"Q80702","_a":18740,"_c":[10.1,-3.18],"_nz":"西班牙帝国","_sz":""},"geometry":{"type":"MultiPolygon","coordinates":[[[[-73.46,-42.24],[-73.69,-42.57],[-73.72,-42.63],[-73.64,-42.63],[-73.65,-42.83],[-74.1,-42.76],[-74.03,-42.44],[-73.46,-42.24]]],[[[-73.21,-40.04],[-73.9,-40.17],[-73.82,-39.97],[-73.53,-39.84],[-73.58,-39.78],[-73.39,-39.52],[-73.37,-39.46],[-73.13,-39.46],[-73.18,-39.59],[-73,-39.72],[-73.05,-39.84],[-73.21,-40.04]]],[[[-75.34,-10.84],[-75.34,-10.77],[-75.27,-10.77],[-75.27,-10.84],[-75.34,-10.84]]],[[[-97.72,22.53],[-97.54,21.63],[-97.37,21.5],[-97.19,20.92],[-96.51,20.09],[-96.25,19.44],[-95.77,18.8],[-94.77,18.61],[-94.48,18.22],[-94.04,18.22],[-93.49,18.48],[-92.62,18.54],[-92.5,18.74],[-91.84,18.74],[-91.79,18.48],[-91.5,18.48],[-91.45,18.61],[-91.3,18.61],[-91.35,18.93],[-90.81,19.25],[-90.74,19.7],[-90.48,19.89],[-90.49,20.41],[-90.42,20.41],[-90.32,21.11],[-90.17,21.11],[-89.98,21.31],[-89.18,21.37],[-88.48,21.63],[-87.34,21.5],[-87.22,21.63],[-86.92,21.63],[-86.75,21.5],[-86.66,20.99],[-86.85,20.79],[-86.83,20.66],[-87.04,20.6],[-87.35,20.21],[-87.29,19.89],[-87.55,19.64],[-87.39,19.57],[-87.37,19.44],[-87.49,19.31],[-87.45,19.06],[-87.73,18.48],[-87.7,18.29],[-87.91,18.22],[-88.04,18.54],[-87.96,18.54],[-87.99,18.74],[-88.13,18.67],[-88.17,18.48],[-88.25,18.48],[-88.39,18.48],[-88.76,17.96],[-89.05,17.96],[-89.17,17.77],[-90.57,17.77],[-90.6,16.55],[-90.35,16.36],[-90.38,16.04],[-90.01,16.04],[-89.94,16.04],[-89.56,15.97],[-89.54,15.84],[-89.41,15.97],[-89.12,15.97],[-88.66,15.84],[-88.3,15.91],[-88.21,15.78],[-87.99,15.78],[-87.93,15.91],[-87.49,15.91],[-87.25,15.78],[-86.44,15.78],[-85.88,15.97],[-85.87,15.33],[-85.69,15.07],[-85.06,14.75],[-84.82,14.56],[-84.79,14.36],[-84.58,14.43],[-84.55,14.17],[-84.76,14.04],[-84.74,13.91],[-84.94,13.72],[-84.92,13.53],[-84.67,13.21],[-84.73,13.14],[-84.64,12.89],[-84.78,12.89],[-84.75,12.56],[-84.68,12.56],[-84.63,12.05],[-84.48,11.99],[-84.54,11.86],[-84.42,11.34],[-84.03,11.02],[-83.74,11.09],[-83.58,10.96],[-83.56,10.7],[-83.23,10.19],[-82.85,9.93],[-82.84,9.8],[-82.61,9.61],[-82.31,9.48],[-82.21,9.03],[-82.06,8.96],[-81.84,8.96],[-81.92,9.16],[-81.78,9.16],[-81.47,8.84],[-81.03,8.84],[-80.53,9.16],[-79.96,9.29],[-79.69,9.61],[-78.96,9.61],[-78.95,9.48],[-78.51,9.48],[-77.99,9.29],[-77.74,8.9],[-77.51,8.71],[-77.3,8.71],[-77.13,8.39],[-76.83,8.19],[-76.93,8.64],[-76.29,9.03],[-76.09,9.41],[-75.66,9.48],[-75.64,10.31],[-75.5,10.38],[-75.58,10.51],[-75.44,10.7],[-75.23,10.76],[-75.24,10.89],[-74.96,11.15],[-74.52,11.09],[-74.36,10.89],[-74.17,11.34],[-73.15,11.41],[-72.81,11.73],[-72.24,11.92],[-72.19,12.24],[-71.9,12.31],[-71.84,12.44],[-71.33,12.44],[-71.1,12.31],[-71.07,11.99],[-71.28,11.79],[-71.92,11.6],[-71.82,11.21],[-71.59,11.09],[-71.65,10.83],[-71.5,10.83],[-71.02,11.21],[-70.15,11.41],[-70.09,11.54],[-69.79,11.47],[-69.8,11.6],[-69.66,11.66],[-69.57,11.47],[-68.99,11.54],[-68.46,11.34],[-68.31,11.21],[-68.19,10.51],[-67.46,10.51],[-67.17,10.64],[-66.37,10.7],[-66.15,10.64],[-65.84,10.31],[-65.25,10.19],[-65.09,10.06],[-64.8,10.12],[-64.6,10.31],[-64.38,10.31],[-64.38,10.44],[-64.09,10.51],[-64.03,10.7],[-61.91,10.76],[-61.98,10.57],[-62.85,10.51],[-62.84,10.38],[-62.62,10.38],[-62.62,10.25],[-62.47,10.25],[-62.3,9.8],[-62.23,9.93],[-61.95,9.99],[-61.79,9.8],[-61.43,9.86],[-61.34,9.67],[-60.83,9.54],[-60.74,9.29],[-61.03,9.09],[-61.01,8.77],[-61.15,8.71],[-61.15,8.58],[-61.51,8.58],[-61.58,8.45],[-62.09,8.39],[-62.23,8.32],[-62.16,8.19],[-62.67,8.26],[-62.81,8.13],[-63.76,8.13],[-64.19,7.94],[-64.71,8.06],[-64.99,7.87],[-64.91,7.61],[-65.12,7.55],[-65.27,7.55],[-65.43,7.81],[-65.87,7.87],[-65.93,7.74],[-66.44,7.61],[-66.79,7.23],[-67.01,7.16],[-67.06,6.65],[-67.28,6.71],[-67.42,6.59],[-68.73,6.46],[-69.76,6.78],[-69.98,6.71],[-70.06,6.91],[-70.94,7.04],[-71.47,7.42],[-71.68,7.29],[-72.05,7.29],[-72.12,7.23],[-72.04,7.04],[-72.18,7.04],[-72.18,6.91],[-72.39,6.78],[-72.38,6.59],[-72.6,6.59],[-72.6,6.39],[-72.88,6.14],[-73.02,6.14],[-73.09,5.81],[-73.3,5.62],[-73.37,5.36],[-73.58,5.24],[-73.58,5.11],[-73.8,5.04],[-73.79,4.91],[-74.15,4.59],[-74.36,4.14],[-74.35,3.89],[-74.5,3.82],[-74.78,3.24],[-75,3.11],[-75,2.92],[-75.07,2.92],[-75.07,2.86],[-75.14,2.86],[-75.14,2.92],[-75.21,2.92],[-75.21,2.79],[-75.43,2.66],[-75.43,2.54],[-75.79,2.21],[-75.86,1.96],[-76.15,1.7],[-76.22,1.44],[-76.15,1.38],[-76.37,1.31],[-76.3,1.19],[-76.44,1.06],[-76.44,0.86],[-76.59,0.8],[-76.81,0.41],[-76.74,0.22],[-76.88,0.22],[-76.96,0.09],[-76.87,-0.1],[-77.02,-0.1],[-77.16,-0.49],[-77.09,-0.74],[-77.31,-0.87],[-77.24,-1.06],[-77.39,-1.06],[-77.54,-1.45],[-77.62,-2.09],[-77.55,-2.16],[-77.63,-2.16],[-77.64,-2.74],[-77.71,-2.74],[-77.64,-2.93],[-77.79,-2.93],[-77.8,-3.25],[-77.87,-3.25],[-77.85,-4.92],[-77.72,-5.24],[-77.81,-5.69],[-77.61,-6.08],[-77.69,-6.27],[-77.49,-6.59],[-77.5,-6.85],[-76.84,-8.07],[-76.62,-8.2],[-76.56,-8.39],[-76.34,-8.39],[-76.24,-9.1],[-76.05,-9.49],[-75.91,-9.55],[-75.92,-9.74],[-75.53,-10.39],[-75.48,-10.71],[-75.33,-10.71],[-75.42,-10.84],[-75.17,-11.35],[-74.66,-11.48],[-73.87,-12.44],[-73.24,-12.76],[-72.3,-12.89],[-72.16,-13.02],[-71.94,-13.02],[-71.88,-13.15],[-71.66,-13.09],[-71.64,-12.96],[-71.5,-13.02],[-71.49,-12.89],[-71.26,-12.76],[-70.67,-12.76],[-70.39,-12.89],[-69.38,-13.02],[-69.24,-13.15],[-69.02,-13.09],[-69.03,-13.21],[-68.74,-13.28],[-68.37,-13.28],[-68.09,-13.41],[-67.96,-13.6],[-67.82,-13.6],[-67.69,-13.79],[-66.76,-14.11],[-66.43,-14.44],[-66,-14.56],[-65.67,-14.89],[-64.87,-15.01],[-64.32,-15.34],[-63.8,-15.34],[-63.75,-15.53],[-63.12,-15.85],[-62.59,-16.36],[-62.56,-16.75],[-62.48,-16.75],[-62.58,-17.59],[-62.98,-18.49],[-63,-19.26],[-62.93,-19.26],[-63.13,-20.22],[-63.2,-20.22],[-63.18,-20.61],[-63.32,-20.61],[-63.47,-21.12],[-63.4,-21.19],[-63.55,-21.19],[-63.66,-21.44],[-63.81,-22.02],[-63.74,-22.09],[-64.04,-22.6],[-64.15,-23.37],[-64.08,-23.37],[-64.19,-23.63],[-64.07,-23.82],[-64.07,-24.79],[-63.81,-25.43],[-63.66,-25.43],[-63.75,-25.56],[-63.65,-25.82],[-63.27,-26.2],[-62.72,-26.46],[-62.14,-26.59],[-61.83,-26.52],[-61.85,-26.65],[-61.4,-26.65],[-61.05,-26.78],[-59.61,-26.72],[-58.85,-26.27],[-58.29,-25.56],[-58.16,-25.24],[-58,-25.17],[-58.06,-25.04],[-57.77,-24.66],[-57.76,-24.59],[-57.5,-24.34],[-57.13,-24.34],[-57,-24.47],[-57.34,-25.24],[-57.87,-25.75],[-58.09,-26.2],[-58.25,-26.27],[-58.43,-26.84],[-58.31,-27.04],[-58.36,-27.29],[-58.37,-27.36],[-58.75,-29.99],[-58.64,-30.19],[-58.75,-30.32],[-58.53,-30.38],[-58.58,-30.57],[-58.27,-30.89],[-58.53,-32.31],[-58.45,-32.31],[-58.55,-33.01],[-58.43,-33.14],[-58.61,-33.85],[-58.45,-34.11],[-58.6,-34.36],[-58.52,-34.36],[-58.55,-34.49],[-59.08,-34.43],[-60.29,-33.79],[-61.01,-33.91],[-61.37,-34.11],[-61.61,-34.11],[-61.72,-34.24],[-61.93,-34.17],[-62.1,-34.24],[-62.06,-34.36],[-62.37,-34.36],[-63.06,-34.62],[-63.6,-34.62],[-63.56,-34.49],[-64.35,-34.3],[-67.86,-34.43],[-68.76,-34.62],[-68.98,-34.82],[-69.77,-34.88],[-70.36,-35.27],[-70.76,-36.23],[-70.7,-36.3],[-71.2,-36.62],[-71.29,-36.88],[-71.22,-36.88],[-71.28,-37.07],[-71.21,-37.07],[-71.28,-37.26],[-71.2,-37.26],[-71.28,-37.71],[-71.2,-37.71],[-71.35,-37.91],[-71.59,-37.91],[-71.54,-37.78],[-71.7,-37.78],[-71.78,-37.58],[-72.83,-37.46],[-73.01,-37.33],[-72.97,-37.2],[-73.12,-37.2],[-73.08,-36.88],[-73.34,-36.94],[-72.98,-36.36],[-72.76,-35.52],[-72.42,-35.2],[-72.1,-33.98],[-71.91,-33.85],[-71.81,-33.53],[-71.92,-33.4],[-71.63,-32.69],[-71.71,-32.69],[-71.61,-32.37],[-71.76,-32.11],[-71.71,-31.66],[-71.83,-31.54],[-71.77,-31.34],[-71.85,-31.34],[-71.86,-30.83],[-71.94,-30.83],[-71.8,-30.32],[-71.63,-30.25],[-71.42,-29.74],[-71.5,-29.74],[-71.49,-29.42],[-71.73,-29.16],[-71.65,-28.84],[-71.32,-28.39],[-71.26,-27.81],[-71.18,-27.81],[-70.78,-26.27],[-70.89,-26.07],[-70.88,-25.62],[-70.62,-25.43],[-70.57,-25.17],[-70.74,-24.85],[-70.62,-23.76],[-70.53,-23.63],[-70.81,-23.5],[-70.75,-23.18],[-70.51,-23.05],[-70.4,-22.79],[-70.27,-21.96],[-70.18,-21.38],[-70.26,-21.38],[-70.22,-21.12],[-70.3,-21.12],[-70.3,-20.61],[-70.37,-20.61],[-70.26,-19.84],[-70.34,-19.84],[-70.3,-19.58],[-70.38,-19.58],[-70.43,-18.94],[-70.51,-18.94],[-70.44,-18.42],[-70.59,-18.42],[-70.98,-18.04],[-71.33,-17.91],[-71.5,-17.52],[-71.64,-17.46],[-71.62,-17.33],[-72.05,-17.2],[-72.44,-16.81],[-73.01,-16.69],[-73.21,-16.49],[-73.99,-16.24],[-74.31,-15.91],[-74.74,-15.79],[-74.8,-15.66],[-75.22,-15.53],[-75.47,-15.14],[-76.08,-14.69],[-76.19,-14.37],[-76.46,-14.18],[-76.42,-13.79],[-76.35,-13.79],[-76.38,-13.41],[-76.64,-13.09],[-76.75,-12.7],[-76.89,-12.64],[-76.94,-12.38],[-77.28,-12.12],[-77.32,-11.67],[-77.8,-11.35],[-77.77,-11.03],[-78.36,-10.06],[-78.34,-9.87],[-78.86,-8.97],[-78.98,-8.46],[-79.59,-7.75],[-79.71,-7.3],[-79.85,-7.24],[-79.98,-6.91],[-80.75,-6.34],[-81.33,-6.14],[-81.32,-5.89],[-81.02,-5.82],[-81.01,-5.63],[-81.29,-5.31],[-81.28,-4.92],[-81.42,-4.86],[-81.47,-4.41],[-81.17,-3.96],[-80.95,-3.83],[-80.94,-3.7],[-80.05,-3.12],[-80.04,-2.86],[-80.19,-2.86],[-80.19,-3.06],[-80.41,-3.06],[-80.33,-2.67],[-80.55,-2.67],[-81.12,-2.29],[-81.12,-2.16],[-80.9,-2.09],[-80.96,-1.39],[-80.89,-1.32],[-81.03,-1.19],[-81.03,-0.94],[-80.66,-0.81],[-80.58,-0.23],[-80.29,-0.04],[-80.3,0.09],[-80.16,0.22],[-80.23,0.86],[-79.06,1.25],[-78.99,1.51],[-79.14,1.57],[-79.14,1.76],[-78.7,1.83],[-78.78,2.34],[-78.49,2.54],[-77.91,2.6],[-77.77,3.11],[-77.26,3.63],[-77.27,3.82],[-77.41,3.82],[-77.56,4.08],[-77.57,4.27],[-77.42,4.27],[-77.53,5.69],[-77.32,5.81],[-77.54,6.07],[-77.41,6.52],[-77.73,7.04],[-78.33,7.55],[-78.5,7.94],[-78.51,8.13],[-78.29,8.13],[-78.23,8.45],[-78.52,8.45],[-78.53,8.58],[-79.06,8.96],[-79.64,8.9],[-79.77,8.51],[-79.98,8.32],[-80.41,8.26],[-80.32,7.94],[-80.02,7.74],[-80,7.42],[-80.37,7.36],[-80.58,7.16],[-80.94,7.16],[-81.05,7.87],[-81.18,7.61],[-81.47,7.61],[-81.94,8.19],[-82.23,8.19],[-82.46,8.32],[-82.96,8.19],[-83.19,8.39],[-83.2,8.58],[-83.28,8.58],[-83.26,8.32],[-83.71,8.45],[-83.73,8.77],[-83.59,8.9],[-83.67,9.09],[-84.12,9.29],[-84.28,9.48],[-84.57,9.48],[-84.83,9.99],[-84.9,9.99],[-84.88,9.67],[-85.24,9.61],[-85.48,9.86],[-85.78,9.99],[-85.89,10.44],[-85.68,10.64],[-85.84,10.76],[-85.85,10.96],[-85.72,11.09],[-86.58,11.79],[-86.92,12.31],[-87.55,12.69],[-87.66,13.08],[-87.44,13.08],[-87.28,12.95],[-87.47,13.34],[-87.76,13.34],[-87.74,13.14],[-88.85,13.21],[-89.24,13.46],[-89.91,13.53],[-90.47,13.91],[-91.35,13.91],[-92.47,14.69],[-92.75,15.14],[-93.83,15.97],[-93.98,15.97],[-94.15,16.16],[-94.67,16.16],[-94.77,16.36],[-94.95,16.1],[-95.37,15.91],[-96.21,15.65],[-96.73,15.65],[-97.05,15.84],[-97.88,15.97],[-98.06,16.16],[-98.43,16.23],[-98.85,16.55],[-99.69,16.68],[-100.02,16.94],[-101.11,17.26],[-101.9,17.96],[-102.26,17.9],[-103.43,18.29],[-103.83,18.8],[-104.87,19.25],[-105.33,19.7],[-105.37,19.89],[-105.54,20.02],[-105.63,20.47],[-105.22,20.66],[-105.46,20.73],[-105.49,20.86],[-105.29,20.99],[-105.32,21.11],[-105.13,21.31],[-105.53,21.82],[-105.7,22.59],[-106.44,23.24],[-106.98,23.94],[-107.59,24.33],[-107.72,24.52],[-107.87,24.52],[-108.04,24.91],[-107.59,24.91],[-106.65,24.14],[-106.62,24.01],[-106.11,23.75],[-105.93,23.94],[-106.1,24.33],[-106.04,24.39],[-106.3,24.52],[-106.44,25.36],[-105.23,25.87],[-104.22,25.74],[-104.19,25.62],[-103.78,25.49],[-103.6,25.68],[-103.58,25.87],[-103.69,26],[-103.5,26.13],[-103.44,26.45],[-103.2,26.39],[-102.56,26.52],[-102.45,26.64],[-101.66,26.77],[-101.55,26.9],[-101.09,26.9],[-100.66,26.71],[-100.61,26.52],[-99.97,25.81],[-99.79,25.42],[-99.78,25.36],[-99.71,25.1],[-99.81,24.91],[-99.59,24.26],[-98.56,22.98],[-97.86,22.46],[-97.72,22.53]]],[[[-76.3,1.31],[-76.22,1.31],[-76.22,1.25],[-76.3,1.25],[-76.3,1.31]]],[[[-81.61,7.49],[-81.61,7.36],[-81.9,7.36],[-81.91,7.61],[-81.7,7.68],[-81.69,7.49],[-81.61,7.49]]],[[[-79.03,8.32],[-78.96,8.45],[-78.81,8.45],[-78.8,8.26],[-78.88,8.26],[-79.03,8.32]]],[[[-63.76,10.96],[-63.97,10.83],[-64.04,10.83],[-64.26,10.89],[-64.35,11.09],[-64.05,11.02],[-63.84,11.21],[-63.76,10.96]]],[[[-69.76,12.11],[-69.76,12.05],[-69.73,11.66],[-70.24,11.6],[-70.28,12.11],[-70.14,12.24],[-69.85,12.24],[-69.76,12.11]]],[[[-68.96,12.11],[-69.11,12.18],[-69.12,12.37],[-68.74,12.18],[-68.66,11.99],[-68.95,12.05],[-68.96,12.11]]],[[[-68.39,12.31],[-68.16,12.24],[-68.15,12.05],[-68.29,12.05],[-68.38,12.24],[-68.39,12.31]]],[[[-69.93,12.37],[-70.02,12.56],[-69.87,12.56],[-69.79,12.44],[-69.78,12.37],[-69.93,12.37]]],[[[-77.74,17.84],[-78.08,18.16],[-78.3,18.16],[-78.39,18.29],[-78.06,18.54],[-77.01,18.48],[-76.23,18.16],[-76.12,17.9],[-76.48,17.84],[-76.55,17.84],[-76.86,17.9],[-77.07,17.84],[-77.05,17.71],[-77.27,17.71],[-77.37,17.84],[-77.74,17.84]]],[[[-65.52,18.16],[-65.72,17.96],[-66.15,17.9],[-66.23,17.9],[-67.12,17.96],[-67.26,18.48],[-66.16,18.54],[-65.55,18.41],[-65.52,18.16]]],[[[-69.49,19.12],[-68.58,18.99],[-68.56,18.86],[-68.24,18.67],[-68.29,18.41],[-68.43,18.41],[-68.56,18.22],[-69.1,18.41],[-69.84,18.41],[-69.96,18.22],[-70.55,18.22],[-70.57,18.35],[-70.72,18.35],[-70.99,18.22],[-71.28,17.58],[-71.59,17.71],[-71.71,18.03],[-72.1,18.22],[-73.65,18.22],[-73.7,18.03],[-73.92,18.03],[-74.18,18.29],[-74.4,18.29],[-74.44,18.61],[-74.24,18.74],[-73.17,18.48],[-72.3,18.61],[-72.71,18.93],[-72.79,19.51],[-73.41,19.64],[-73.43,19.83],[-73.23,19.96],[-72.64,19.96],[-72.4,19.83],[-71.72,19.76],[-71.67,19.96],[-70.78,19.96],[-70.77,19.89],[-70.23,19.7],[-69.86,19.7],[-69.66,19.31],[-69.08,19.38],[-69.12,19.19],[-69.49,19.12]]],[[[-72.9,18.67],[-73.3,18.86],[-73.32,18.99],[-72.79,18.93],[-72.68,18.67],[-72.83,18.67],[-72.9,18.67]]],[[[-86.67,20.6],[-86.7,20.34],[-86.99,20.28],[-87.02,20.47],[-86.74,20.6],[-86.67,20.6]]],[[[-77.66,21.82],[-77.06,21.76],[-77.03,21.56],[-76.79,21.5],[-76.77,21.37],[-76.24,21.31],[-75.99,21.11],[-75.63,21.18],[-75.5,20.79],[-74.75,20.73],[-74.32,20.34],[-74.1,20.34],[-74.07,20.15],[-75.21,19.83],[-75.75,19.96],[-76.49,19.96],[-76.91,19.83],[-77.65,19.83],[-77.68,20.02],[-77.55,20.15],[-77.14,20.34],[-77.19,20.66],[-77.93,20.66],[-78.24,20.79],[-78.66,21.56],[-79.25,21.5],[-79.65,21.69],[-79.95,21.69],[-80.37,22.01],[-80.89,22.01],[-82.05,22.27],[-82.08,22.46],[-81.64,22.46],[-81.74,22.66],[-82.64,22.66],[-82.91,22.53],[-83.03,22.34],[-83.18,22.34],[-83.23,22.21],[-83.81,22.14],[-83.92,21.89],[-84.08,21.95],[-84.27,21.76],[-84.41,21.76],[-84.44,21.89],[-84.8,21.82],[-84.76,22.01],[-84.32,22.08],[-84.38,22.4],[-84,22.79],[-83.23,23.04],[-82.78,23.04],[-82.29,23.24],[-81.1,23.24],[-81.08,23.11],[-80.57,23.17],[-80.47,23.04],[-79.85,22.91],[-79.78,22.91],[-79.25,22.46],[-78.57,22.4],[-78,22.08],[-77.64,22.14],[-77.52,21.89],[-77.66,21.82]]],[[[-82.49,21.82],[-82.48,21.76],[-82.5,21.44],[-82.95,21.44],[-83.09,21.82],[-83.04,21.95],[-82.66,21.95],[-82.49,21.82]]],[[[-78.42,22.4],[-78.6,22.53],[-78.23,22.59],[-78.2,22.4],[-78.35,22.4],[-78.42,22.4]]],[[[-81.97,29.6],[-82.06,30.18],[-81.99,30.18],[-82.12,30.37],[-81.72,30.56],[-81.84,30.69],[-81.73,30.82],[-81.81,31.34],[-81.51,31.59],[-81.21,31.59],[-81.15,31.4],[-81.28,31.34],[-81.24,31.21],[-81.43,31.08],[-81.37,30.89],[-81.44,30.89],[-81.19,29.79],[-81.17,29.73],[-80.89,29.28],[-80.88,28.96],[-81.32,28.89],[-81.82,29.09],[-82.05,29.6],[-81.97,29.6]]],[[[-105.92,36.22],[-105.79,35.97],[-105.95,35.97],[-105.89,35.84],[-106.04,35.84],[-105.98,35.71],[-106.29,35.71],[-106.35,35.84],[-106.72,35.97],[-106.85,36.22],[-106.78,36.22],[-106.7,36.22],[-106.76,36.35],[-106.61,36.35],[-106.67,36.48],[-106.36,36.48],[-106.08,36.22],[-105.92,36.22]]],[[[-35.26,-9.1],[-36.02,-9.94],[-36.26,-10.39],[-36.78,-10.64],[-37.24,-11.09],[-37.25,-11.29],[-37.47,-11.41],[-37.48,-11.67],[-37.64,-11.8],[-37.73,-12.19],[-38.13,-12.83],[-38.36,-13.02],[-38.88,-13.09],[-39.03,-13.28],[-39.01,-14.11],[-39.14,-14.95],[-38.95,-15.46],[-39.02,-16.43],[-39.29,-17.01],[-39.28,-17.78],[-39.59,-18.04],[-39.77,-18.36],[-39.8,-19.58],[-40.2,-19.9],[-40.41,-20.61],[-40.88,-20.93],[-40.9,-21.19],[-41.07,-21.38],[-41.04,-21.83],[-41.14,-22.15],[-41.91,-22.41],[-41.93,-22.54],[-42.08,-22.6],[-42.03,-22.79],[-42.12,-22.99],[-43.24,-22.99],[-43.4,-23.11],[-43.85,-23.11],[-43.83,-22.99],[-44.74,-23.05],[-44.7,-23.37],[-44.92,-23.37],[-45.48,-23.69],[-45.34,-23.76],[-45.37,-24.02],[-45.59,-24.02],[-45.57,-23.89],[-46.09,-23.82],[-46.34,-24.08],[-46.88,-24.21],[-47.23,-24.59],[-47.38,-24.59],[-47.95,-24.98],[-48.08,-24.21],[-48.22,-24.14],[-48.27,-23.95],[-48.42,-23.95],[-48.62,-23.76],[-48.6,-23.63],[-48.81,-23.5],[-48.93,-23.24],[-48.82,-22.92],[-48.14,-22.86],[-46.89,-22.99],[-46.43,-22.86],[-45.61,-22.86],[-45.59,-22.66],[-45.45,-22.73],[-44.21,-22.34],[-43.38,-22.21],[-43.21,-22.02],[-42.83,-21.89],[-42.73,-21.64],[-42.49,-21.51],[-42.03,-20.48],[-41.44,-19.71],[-41.41,-19.39],[-41.33,-19.39],[-41.37,-19],[-41.15,-18.94],[-41.18,-18.42],[-41.03,-18.42],[-40.75,-17.71],[-40.76,-17.01],[-40.61,-16.94],[-40.5,-16.49],[-40.18,-16.17],[-40.17,-15.98],[-40.02,-15.91],[-39.88,-15.08],[-39.96,-15.08],[-39.9,-14.24],[-39.83,-14.24],[-39.8,-13.79],[-39.53,-13.02],[-39.58,-12.51],[-39.65,-12.51],[-39.53,-11.67],[-39.22,-11.16],[-38.61,-10.71],[-38.61,-10.58],[-38.38,-10.39],[-37.93,-10.19],[-37.56,-10.19],[-37.26,-10],[-36.68,-9.94],[-36.8,-9.23],[-36.65,-9.1],[-36.56,-8.84],[-36.63,-8.59],[-36.39,-8.01],[-36.44,-7.3],[-36.37,-7.3],[-36.36,-6.79],[-36.43,-6.79],[-36.42,-6.27],[-36.49,-6.27],[-36.47,-5.63],[-36.68,-5.11],[-35.59,-5.11],[-35.3,-5.44],[-35.17,-5.82],[-35.18,-6.27],[-35.03,-6.34],[-35.03,-6.4],[-34.84,-7.49],[-34.92,-7.49],[-35.02,-8.59],[-35.17,-8.71],[-35.26,-9.1]]],[[[-2.45,4.85],[-2.45,4.91],[-2.6,4.91],[-2.52,5.11],[-2.3,5.11],[-2.31,4.85],[-2.45,4.85]]],[[[-1.28,5.04],[-1.58,4.98],[-1.65,4.98],[-1.8,4.85],[-1.79,5.11],[-1.57,5.3],[-1.35,5.3],[-1.28,5.04]]],[[[-61,10.06],[-61.73,10.06],[-61.67,10.25],[-61.45,10.31],[-61.46,10.44],[-61.46,10.51],[-61.61,10.64],[-61.55,10.83],[-60.89,10.83],[-61.03,10.57],[-60.94,10.31],[-61,10.06]]],[[[-16.14,12.18],[-16.58,12.18],[-16.66,12.37],[-15.93,12.37],[-15.92,12.18],[-16.07,12.18],[-16.14,12.18]]],[[[-24.45,15.07],[-24.23,15.07],[-24.29,14.75],[-24.36,14.75],[-24.45,15.07]]],[[[-23.79,15.01],[-23.73,15.33],[-23.58,15.33],[-23.42,15.14],[-23.41,14.88],[-23.78,14.94],[-23.79,15.01]]],[[[-23.28,15.26],[-23.06,15.33],[-22.99,15.2],[-23.13,15.07],[-23.2,15.07],[-23.28,15.26]]],[[[-22.58,16.1],[-22.65,15.97],[-22.94,15.97],[-22.88,16.23],[-22.58,16.16],[-22.58,16.1]]],[[[-24.08,16.68],[-24.08,16.55],[-24.37,16.49],[-24.37,16.61],[-24.38,16.68],[-24.08,16.68]]],[[[-22.83,16.68],[-22.98,16.68],[-22.98,16.81],[-22.84,16.87],[-22.83,16.81],[-22.83,16.68]]],[[[-25.27,16.87],[-25.35,17.06],[-25.29,17.19],[-24.99,17.26],[-24.91,17],[-24.98,17],[-24.83,16.94],[-24.82,16.74],[-24.97,16.74],[-25.05,16.94],[-25.27,16.87]]],[[[-17.85,27.87],[-17.9,27.61],[-18.06,27.67],[-17.99,27.8],[-18,27.87],[-17.85,27.87]]],[[[-15.43,27.8],[-15.73,27.74],[-15.83,28.06],[-15.76,28.19],[-15.3,28.12],[-15.36,27.8],[-15.43,27.8]]],[[[-17.25,27.99],[-17.35,28.19],[-17.12,28.25],[-17.03,28.06],[-17.18,27.99],[-17.25,27.99]]],[[[-16.91,28.38],[-16.39,28.51],[-16.4,28.57],[-16.09,28.57],[-16.08,28.44],[-16.37,28.19],[-16.36,28.06],[-16.65,27.93],[-16.91,28.38]]],[[[-13.77,28.77],[-13.76,28.7],[-13.81,28.25],[-14.32,28.06],[-14.26,28.32],[-14.12,28.38],[-14.07,28.7],[-13.77,28.77]]],[[[-18,28.83],[-17.86,28.89],[-17.78,28.89],[-17.71,28.89],[-17.67,28.51],[-17.9,28.51],[-17.99,28.64],[-18,28.83]]],[[[-13.86,29.02],[-13.65,29.22],[-13.42,29.22],[-13.47,28.89],[-13.85,28.83],[-13.86,28.96],[-13.86,29.02]]],[[[-8.44,32.88],[-8.73,32.62],[-9.05,32.81],[-9.05,32.88],[-8.7,33.2],[-8.45,32.94],[-8.44,32.88]]],[[[-2.83,35.26],[-2.98,35.26],[-2.99,35.45],[-2.84,35.45],[-2.83,35.32],[-2.83,35.26]]],[[[-0.84,35.71],[-0.76,35.71],[-0.68,35.71],[-0.61,35.71],[-0.53,35.71],[-0.45,35.58],[-0.67,35.45],[-0.91,35.52],[-0.91,35.64],[-0.92,35.71],[-0.84,35.71]]],[[[-5.71,35.58],[-5.85,35.32],[-6,35.39],[-6.01,35.45],[-5.88,35.77],[-5.42,35.84],[-5.34,35.84],[-5.33,35.77],[-5.33,35.71],[-5.33,35.64],[-5.25,35.64],[-5.24,35.58],[-5.71,35.58]]],[[[35.47,-24.08],[35.39,-24.08],[35.4,-24.14],[35.33,-24.27],[35.03,-24.21],[34.93,-23.82],[35.38,-23.82],[35.47,-24.08]]],[[[34.54,-19.58],[34.62,-19.9],[34.7,-19.9],[34.71,-20.16],[34.57,-20.29],[34.34,-20.16],[34.25,-19.84],[34.54,-19.58]]],[[[37.34,-17.65],[37.34,-17.71],[37.2,-17.78],[37.26,-17.39],[37.7,-17.46],[37.63,-17.59],[37.34,-17.65]]],[[[40.53,-14.76],[40.75,-14.69],[40.55,-15.34],[40.17,-14.95],[40.31,-14.69],[40.46,-14.76],[40.53,-14.76]]],[[[13.33,-12.44],[13.33,-12.38],[13.48,-12.31],[13.63,-12.44],[13.55,-12.83],[12.82,-13.02],[12.89,-12.64],[13.33,-12.44]]],[[[13.54,-9.1],[13.32,-9.16],[13.32,-9.29],[13.11,-9.49],[12.89,-9.23],[12.89,-8.91],[12.96,-8.91],[12.96,-8.84],[13.25,-8.71],[13.25,-8.46],[13.47,-8.52],[13.62,-8.71],[13.54,-9.1]]],[[[39.82,-7.88],[39.74,-7.88],[39.67,-8.01],[39.53,-8.01],[39.52,-7.81],[39.67,-7.69],[39.81,-7.69],[39.82,-7.88]]],[[[39.27,-5.76],[39.34,-5.89],[39.34,-5.95],[39.35,-6.14],[39.49,-6.14],[39.43,-6.53],[39.06,-6.21],[39.12,-5.76],[39.27,-5.76]]],[[[39.55,-5.11],[39.55,-5.05],[39.55,-4.92],[39.77,-4.99],[39.7,-5.44],[39.55,-5.44],[39.55,-5.11]]],[[[39.75,-3.7],[39.68,-3.89],[39.68,-3.96],[39.54,-4.34],[39.39,-4.41],[39.25,-4.21],[39.24,-3.96],[39.39,-3.76],[39.75,-3.7]]],[[[6.67,0.41],[6.66,0.16],[6.38,0.03],[6.3,0.29],[6.3,0.35],[6.67,0.41]]],[[[7.34,1.51],[7.19,1.51],[7.27,1.7],[7.34,1.7],[7.34,1.51]]],[[[102.02,2.79],[102.1,3.05],[102.39,2.99],[102.67,2.73],[102.58,2.41],[102.43,2.28],[102.5,2.21],[102.42,2.02],[102.35,2.02],[101.85,2.28],[101.85,2.34],[101.78,2.34],[101.78,2.41],[101.71,2.41],[101.71,2.47],[101.72,2.54],[102.02,2.79]]],[[[8.83,3.82],[8.9,3.63],[8.9,3.56],[8.68,3.18],[8.31,3.24],[8.31,3.44],[8.46,3.5],[8.54,3.76],[8.83,3.82]]],[[[80.83,6.14],[80.89,6.01],[80.89,5.94],[80.23,5.88],[79.89,6.26],[79.76,6.65],[79.78,7.04],[79.71,7.04],[79.74,7.68],[79.61,7.87],[79.62,8.06],[79.76,8.06],[79.79,8.45],[79.79,8.51],[80.01,8.51],[80.09,8.64],[80.38,8.58],[80.36,8.26],[80.43,8.26],[80.41,7.94],[80.54,7.61],[80.24,7.42],[80.28,6.78],[80.2,6.78],[80.06,6.78],[80.05,6.65],[80.33,6.33],[80.32,6.2],[80.83,6.14]]],[[[76.23,9.93],[76.45,9.99],[76.58,9.8],[76.58,9.74],[76.56,9.41],[76.26,9.35],[76.21,9.67],[76.36,9.67],[76.36,9.8],[76.23,9.93]]],[[[79.86,10.73],[79.85,10.82],[79.85,10.83],[79.87,10.83],[79.87,10.76],[79.86,10.73]]],[[[75.78,10.96],[75.72,11.15],[75.73,11.21],[75.59,11.34],[75.81,11.41],[75.95,11.21],[75.93,10.96],[75.78,10.96]]],[[[75.06,12.18],[75.07,12.24],[75.29,12.31],[75.43,12.18],[75.41,11.92],[75.27,11.92],[75.21,12.11],[75.06,12.18]]],[[[120.1,13.72],[120.12,13.85],[120.27,13.85],[120.32,13.72],[120.31,13.66],[120.1,13.72]]],[[[73.8,15.39],[73.8,15.46],[74.1,15.52],[74.52,15.26],[74.55,14.81],[74.31,14.62],[74.24,14.62],[73.92,15.14],[73.93,15.2],[73.93,15.26],[73.86,15.26],[73.86,15.33],[73.79,15.33],[73.8,15.39]]],[[[113.69,22.4],[113.64,22.14],[113.42,22.14],[113.53,22.34],[113.54,22.4],[113.69,22.4]]],[[[55.54,26.71],[55.79,26.97],[56.02,26.97],[56.02,27.03],[56.32,27.03],[56.31,26.9],[56.06,26.71],[55.29,26.52],[55.31,26.71],[55.54,26.71]]],[[[124.33,-9.49],[124.19,-9.49],[124.11,-9.49],[123.82,-9.49],[123.81,-9.36],[123.94,-9.23],[124.38,-9.16],[124.33,-9.49]]],[[[125.13,-8.59],[125.71,-8.52],[125.52,-8.84],[125.44,-8.84],[125.13,-8.59]]],[[[122.28,-8.52],[122.48,-8.33],[122.63,-8.33],[122.61,-8.07],[122.82,-8.07],[122.83,-8.14],[122.93,-8.46],[122.71,-8.46],[122.66,-8.71],[122.29,-8.65],[122.28,-8.52]]],[[[127.95,-3.57],[128.24,-3.51],[128.25,-3.7],[127.81,-3.83],[127.8,-3.57],[127.88,-3.57],[127.95,-3.57]]],[[[124.55,9.22],[124.77,9.29],[124.82,9.03],[124.68,9.03],[124.68,9.09],[124.55,9.22]]],[[[123.75,9.22],[123.74,9.16],[123.58,9.03],[123.44,9.09],[123.54,9.35],[123.68,9.35],[123.75,9.22]]],[[[126.14,9.8],[126.06,9.67],[125.92,9.74],[125.94,9.99],[126.1,10.06],[126.15,9.86],[126.14,9.8]]],[[[123.98,10.12],[124.06,10.12],[124.5,10.19],[124.62,9.93],[124.59,9.67],[123.78,9.54],[123.74,9.86],[123.98,10.12]]],[[[122.33,9.67],[122.36,9.99],[122.81,10.12],[122.79,10.57],[122.9,10.89],[123.06,11.02],[123.56,10.96],[123.51,10.51],[123.35,10.38],[123.15,9.8],[123.31,9.29],[123.31,9.22],[123.22,9.03],[122.85,9.03],[122.87,9.22],[122.59,9.35],[122.33,9.67]]],[[[125.47,10.38],[125.7,10.44],[125.71,9.86],[125.57,9.93],[125.5,9.93],[125.47,10.38]]],[[[123.85,10.25],[123.6,9.99],[123.48,9.48],[123.26,9.48],[123.27,9.61],[123.28,9.67],[123.41,10.25],[123.66,10.51],[123.89,11.21],[124.11,11.28],[124,10.25],[123.85,10.25]]],[[[123.67,11.28],[123.82,11.28],[123.79,11.02],[123.57,11.02],[123.67,11.21],[123.67,11.28]]],[[[121.87,10.89],[121.95,10.89],[122.03,11.66],[121.82,11.73],[121.93,11.99],[122.42,11.79],[122.54,11.6],[123.12,11.54],[123.14,11.09],[122.84,11.02],[122.74,10.83],[122.74,10.76],[122.79,10.57],[122.62,10.38],[122.47,10.38],[122.5,10.64],[121.9,10.44],[121.87,10.89]]],[[[125.27,10.51],[125.24,10.25],[125.02,10.25],[125.07,9.99],[124.92,9.99],[124.72,10.19],[124.76,10.57],[124.65,10.89],[124.43,10.83],[124.25,11.21],[124.37,11.6],[124.31,11.73],[124.61,11.73],[124.57,11.47],[124.42,11.41],[124.71,11.34],[124.97,11.73],[124.82,11.73],[124.64,11.99],[124.36,12.11],[124.27,12.56],[125.36,12.5],[125.34,12.31],[125.55,12.24],[125.48,11.66],[125.65,11.28],[125.64,11.21],[125.78,11.15],[125.77,11.02],[125.19,11.09],[125.06,11.21],[125.03,10.96],[125.27,10.51]]],[[[123.77,12.63],[123.83,12.56],[123.73,12.31],[124.07,12.11],[124.09,11.73],[123.81,11.79],[123.55,12.11],[123.4,12.05],[123.33,12.05],[123.17,11.99],[123.24,12.5],[123.6,12.5],[123.62,12.63],[123.77,12.63]]],[[[121.95,12.18],[121.88,12.18],[121.9,12.37],[122.13,12.44],[122.09,12.11],[121.94,12.11],[121.95,12.18]]],[[[122.71,12.37],[122.69,12.24],[122.54,12.24],[122.41,12.37],[122.51,12.56],[122.72,12.44],[122.71,12.37]]],[[[122.15,12.56],[121.99,12.5],[122.02,12.69],[122.24,12.69],[122.22,12.56],[122.15,12.56]]],[[[120.37,13.53],[120.74,13.59],[121.31,13.46],[121.44,13.34],[121.42,13.21],[121.56,13.14],[121.55,12.5],[121.29,12.18],[121.22,12.18],[120.95,12.37],[120.84,12.69],[120.7,12.76],[120.67,13.08],[120.34,13.34],[120.37,13.53]]],[[[122.2,13.53],[122.16,13.21],[121.86,13.21],[121.74,13.4],[121.75,13.46],[122.2,13.53]]],[[[124.43,13.72],[124.42,13.66],[124.25,13.46],[124.11,13.53],[124.12,14.11],[124.47,13.98],[124.43,13.72]]],[[[121.82,14.94],[121.84,15.07],[122.13,15.01],[122.07,14.62],[121.86,14.69],[121.81,14.88],[121.82,14.94]]],[[[121.87,16.1],[121.6,15.84],[121.49,15.14],[121.59,14.88],[121.79,14.75],[121.67,14.43],[121.84,14.11],[122.08,14.24],[122.19,13.98],[122.4,14.36],[122.76,14.36],[123.04,14.24],[123.12,13.79],[123.27,13.79],[123.24,14.11],[123.52,14.04],[123.58,13.91],[123.87,13.91],[123.92,13.72],[123.61,13.59],[123.81,13.46],[123.84,13.21],[124.14,13.21],[124.12,12.5],[123.9,12.5],[123.79,12.82],[123.65,12.82],[123.45,13.01],[123.23,13.01],[123.34,12.76],[123.06,12.82],[122.93,12.95],[122.96,13.14],[123.24,13.08],[123.27,13.27],[122.8,13.59],[122.69,13.85],[122.54,13.85],[122.52,13.72],[122.74,13.21],[122.52,13.21],[122.48,13.4],[122.16,13.72],[122.01,13.72],[121.82,13.91],[121.5,13.79],[121.4,13.59],[121.04,13.59],[120.85,13.85],[120.62,13.79],[120.62,14.3],[120.95,14.49],[120.97,14.62],[120.62,14.75],[120.64,14.43],[120.35,14.43],[120.31,14.69],[120.04,14.81],[120.03,15.2],[119.86,15.52],[119.91,15.84],[119.77,15.91],[119.81,16.1],[119.73,16.1],[119.78,16.36],[120.01,16.42],[120.11,16.16],[120.4,16.1],[120.39,16.49],[120.31,16.49],[120.46,17.32],[120.35,17.51],[120.61,18.54],[121.44,18.61],[121.68,18.35],[122.05,18.35],[122.16,18.54],[122.39,18.54],[122.43,18.41],[122.29,18.03],[122.28,17.96],[122.22,17.64],[122.54,17.39],[122.5,17.19],[122.64,17.13],[122.26,16.23],[121.87,16.1]]]]}},{"type":"Feature","properties":{"NAME":"Lan Xang","C":5,"name":"Lan Xang","start_year":1600,"end_year":1647,"capital":"","type":"polity","region":"","event":"","source":"Cliopatria / Seshat Global History Databank (CC BY 4.0)","wikipedia":"Lan Xang","wikidata":"Q853477","_a":67,"_c":[103.91,18.31],"_nz":"澜沧王国","_sz":""},"geometry":{"type":"Polygon","coordinates":[[[104.04,19.38],[104.08,19.64],[104.69,19.7],[104.95,19.96],[104.98,20.15],[104.65,20.41],[104.5,20.41],[104.79,20.79],[104.73,21.37],[104.59,21.37],[104.56,21.69],[104.42,21.69],[104.45,21.89],[104.18,22.08],[104.2,22.21],[104.07,22.27],[103.96,22.53],[103.77,22.72],[103.32,22.72],[103.22,22.53],[102.92,22.53],[102.87,22.66],[102.58,22.72],[102.15,22.4],[101.72,22.46],[101.64,22.01],[101.88,21.63],[101.81,21.18],[101.36,21.18],[101.25,21.44],[100.95,21.37],[100.69,21.18],[100.64,20.86],[100.24,20.66],[100.13,20.41],[100.54,20.21],[100.6,20.09],[100.46,19.7],[100.66,19.51],[101.18,19.57],[101.4,19.06],[101.35,18.74],[101.18,18.61],[101.13,18.29],[101.27,18.22],[101.02,17.51],[101.31,17.51],[101.47,17.06],[101.61,17.06],[101.87,16.81],[102.1,16.87],[103.23,16.55],[103.06,16.36],[103.05,15.78],[103.23,15.52],[103.29,14.81],[103.61,14.49],[103.81,14.36],[104.92,14.43],[104.98,14.3],[105.28,14.3],[105.26,14.17],[105.69,14.11],[106.03,13.91],[106.17,14.43],[106.63,14.56],[106.89,14.3],[107.51,14.56],[107.69,15.33],[107.3,15.65],[107.5,16.04],[107.15,16.16],[106.97,16.42],[106.69,16.49],[106.61,16.94],[105.71,17.77],[105.67,18.03],[105.53,18.03],[105.21,18.35],[105.25,18.61],[105.12,18.74],[104.62,18.86],[104.51,19.06],[104.36,19.06],[104.03,19.31],[103.96,19.31],[103.97,19.38],[104.04,19.38]]]}},{"type":"Feature","properties":{"NAME":"Songhai Empire","C":9,"name":"Songhai Empire","start_year":1600,"end_year":1601,"capital":"","type":"polity","region":"","event":"","source":"Cliopatria / Seshat Global History Databank (CC BY 4.0)","wikipedia":"Songhai Empire","wikidata":"Q202687","_a":0,"_c":[-3.76,15.78],"_nz":"桑海帝国","_sz":""},"geometry":{"type":"Polygon","coordinates":[[[-3.73,15.84],[-3.88,15.71],[-3.65,15.71],[-3.66,15.84],[-3.73,15.84]]]}},{"type":"Feature","properties":{"NAME":"Iberian Union","C":3,"name":"Iberian Union","start_year":1600,"end_year":1601,"capital":"","type":"polity","region":"","event":"","source":"Cliopatria / Seshat Global History Databank (CC BY 4.0)","wikipedia":"Iberian Union","wikidata":"Q377350","_a":2544,"_c":[15.21,37.35],"_nz":"伊比利亚联盟","_sz":""},"geometry":{"type":"MultiPolygon","coordinates":[[[[-17.07,32.62],[-17.17,32.88],[-17.09,32.88],[-17.02,32.88],[-16.79,32.88],[-16.69,32.69],[-17.07,32.62]]],[[[-25.9,37.96],[-25.11,37.9],[-25.09,37.77],[-25.16,37.77],[-25.7,37.71],[-25.87,37.77],[-25.9,37.96]]],[[[-28.81,38.48],[-28.85,38.67],[-28.27,38.55],[-28.19,38.55],[-28.08,38.35],[-28.39,38.35],[-28.81,38.48]]],[[[-27.88,38.55],[-28.04,38.55],[-28.15,38.74],[-27.89,38.61],[-27.88,38.55]]],[[[-27.03,38.61],[-27.11,38.61],[-27.19,38.61],[-27.36,38.67],[-27.39,38.87],[-27.08,38.87],[-27.03,38.61]]],[[[1.43,38.8],[1.27,38.8],[1.18,39.06],[1.26,39.13],[1.34,39.13],[1.65,39.13],[1.66,39],[1.43,38.8]]],[[[3.52,39.77],[3.3,39.32],[2.82,39.32],[2.66,39.51],[2.35,39.45],[2.34,39.64],[2.88,39.97],[2.96,39.97],[3.19,39.97],[3.2,39.84],[3.52,39.77]]],[[[-3.3,43.34],[-1.77,43.34],[-1.69,43.34],[-1.44,43.28],[-1.43,43.08],[-1.03,43.08],[-0.53,42.82],[-0.21,42.82],[0.04,42.69],[1.07,42.82],[1.49,42.63],[1.58,42.43],[1.81,42.56],[2.52,42.82],[2.75,43.02],[2.99,43.02],[2.99,42.95],[3.01,42.56],[3.18,42.37],[3.12,41.91],[2.57,41.59],[2.33,41.59],[2.11,41.33],[1.24,41.2],[0.7,40.94],[0.71,40.68],[0.47,40.61],[0.25,40.42],[0.18,40.16],[-0.2,39.97],[-0.35,39.71],[-0.31,39.13],[0.1,38.74],[-0.66,38.29],[-0.8,38.03],[-0.7,37.64],[-1.71,37.45],[-1.62,37.32],[-1.86,37.32],[-2.06,36.8],[-2.53,36.87],[-2.68,36.74],[-4.47,36.74],[-4.69,36.55],[-5.23,36.48],[-5.29,36.22],[-5.66,36.03],[-5.83,36.22],[-6.06,36.22],[-6.33,36.67],[-6.35,36.93],[-6.59,37],[-6.84,37.25],[-7.47,37.25],[-7.45,37.13],[-7.68,37],[-8.7,37.13],[-9,37],[-8.9,37.58],[-8.82,37.58],[-8.82,38.48],[-9.21,38.42],[-9.23,38.67],[-9.38,38.61],[-9.55,38.74],[-9.57,38.93],[-9.43,39.06],[-9.39,39.45],[-9.16,39.51],[-9.1,39.77],[-9.03,39.77],[-8.93,40.36],[-8.85,40.36],[-8.87,40.61],[-8.73,40.74],[-8.96,42.17],[-8.66,42.37],[-9.08,42.56],[-9.3,43.15],[-8.85,43.41],[-8.37,43.41],[-8.39,43.6],[-8.24,43.73],[-7.28,43.73],[-7.34,43.6],[-7.18,43.54],[-5.73,43.54],[-5.65,43.54],[-4.99,43.41],[-3.47,43.47],[-3.3,43.34]]],[[[3.74,40.1],[3.82,40.1],[4.22,40.1],[4.3,39.84],[3.83,39.9],[3.74,40.1]]],[[[3.99,46.28],[4.07,46.28],[4.31,46.28],[4.41,46.02],[4.08,45.96],[3.99,46.28]]],[[[58.81,23.62],[59.27,22.98],[59.05,22.91],[58.91,23.04],[58.54,23.11],[58.48,23.24],[58.4,23.24],[58.27,23.43],[58.29,23.62],[58.81,23.62]]],[[[50.46,26.26],[50.69,26.26],[50.67,26.13],[50.67,26.07],[50.65,25.87],[50.43,25.94],[50.46,26.26]]],[[[15.87,41.72],[15.94,41.39],[16.73,41.2],[17.44,40.87],[17.51,40.74],[17.98,40.61],[18.36,40.29],[18.44,40.1],[18.36,40.1],[18.35,39.9],[18.11,39.9],[17.81,40.36],[17.42,40.36],[17.35,40.55],[17.03,40.55],[16.87,40.48],[16.95,40.42],[16.86,40.29],[16.62,40.29],[16.7,40.1],[16.46,39.97],[16.45,39.64],[16.92,39.51],[17.07,39.38],[17.14,39.06],[16.5,38.8],[16.49,38.42],[15.93,37.96],[15.7,37.96],[15.62,38.16],[15.39,38.16],[15.07,37.64],[15.06,37.25],[15.21,37.19],[15.05,36.74],[14.66,36.74],[14.28,37.13],[13.58,37.25],[13.19,37.58],[12.49,37.71],[12.49,37.9],[12.65,38.09],[13.04,38.03],[13.12,38.16],[13.35,38.16],[13.67,37.96],[14.6,38.03],[14.76,38.16],[15.86,38.29],[15.95,38.67],[16.27,38.74],[15.9,39.77],[15.67,39.9],[15.75,40.03],[15.43,40.03],[15.2,40.23],[15.04,40.23],[14.89,40.68],[14.42,40.68],[14.42,40.87],[14.1,40.87],[13.95,41.13],[13.79,41.13],[13.79,41.2],[14.04,41.52],[13.96,41.72],[13.8,41.85],[13.41,41.85],[13.33,41.98],[13.01,42.04],[12.86,42.5],[13.1,42.69],[13.34,42.69],[13.58,42.89],[13.91,42.95],[13.99,42.95],[13.9,42.76],[14.37,42.24],[14.53,42.24],[14.61,42.11],[14.77,42.17],[14.77,42.04],[14.92,41.98],[15.17,42.04],[15.24,41.91],[15.64,41.91],[15.72,41.91],[16.12,41.91],[16.11,41.78],[15.87,41.72]]],[[[9.67,40.29],[9.75,39.64],[9.67,39.64],[9.59,39.13],[9.12,39.19],[8.97,38.87],[8.73,38.87],[8.34,39],[8.41,39.26],[8.33,39.26],[8.33,39.51],[8.41,39.51],[8.48,39.9],[8.32,39.97],[8.4,40.29],[8.32,40.29],[8.32,40.48],[8.16,40.55],[8.15,40.94],[8.55,40.87],[9.02,41.26],[9.1,41.26],[9.5,41.2],[9.82,40.74],[9.82,40.36],[9.67,40.29]]],[[[11.18,42.56],[11.34,42.63],[11.34,42.43],[11.18,42.5],[11.18,42.56]]],[[[10.21,42.69],[10.13,42.89],[10.21,42.89],[10.46,42.89],[10.46,42.69],[10.21,42.69]]],[[[10.7,43.02],[10.62,43.02],[10.62,43.08],[10.86,43.08],[10.94,42.89],[10.86,42.89],[10.86,42.95],[10.78,42.95],[10.7,42.95],[10.7,43.02]]],[[[10.45,45.17],[10.45,45.04],[10.13,45.04],[9.97,45.17],[9.32,45.17],[9.24,44.91],[9.32,44.91],[9.4,44.45],[8.83,44.71],[8.75,44.97],[8.5,45.04],[8.34,45.1],[8.34,45.3],[8.58,45.3],[8.58,45.56],[8.33,45.76],[8.01,45.69],[7.92,45.96],[8.32,46.41],[8.49,46.35],[8.49,46.15],[8.65,46.15],[8.9,45.89],[9.22,46.22],[9.39,46.22],[9.47,46.02],[9.31,45.89],[9.31,45.69],[9.47,45.56],[9.56,45.56],[9.72,45.56],[9.88,45.3],[10.45,45.17]]],[[[6.03,46.41],[5.95,46.41],[5.95,46.35],[5.37,46.35],[5.43,47.07],[5.59,47.14],[5.58,47.66],[5.82,47.73],[5.82,47.86],[5.9,47.86],[5.98,47.86],[5.98,47.93],[6.06,47.93],[6.15,47.93],[6.14,47.99],[6.23,47.99],[6.89,47.93],[6.98,47.53],[6.99,47.27],[6.83,47.14],[6.83,47.07],[6.75,47.07],[6.67,47.07],[6.67,47.01],[6.59,47.01],[6.59,46.94],[6.5,46.94],[6.51,46.87],[6.19,46.61],[6.1,46.61],[6.11,46.55],[6.11,46.48],[6.03,46.48],[6.03,46.41]]],[[[6.01,49.52],[5.68,49.58],[5.6,49.52],[5.68,49.38],[5.69,49.32],[5.35,49.32],[5.26,49.58],[5.18,49.58],[5.08,49.78],[4.83,49.85],[4.83,49.91],[4.82,50.11],[4.99,50.11],[5.15,50.31],[5.48,50.45],[5.9,50.38],[5.73,50.58],[5.71,51.18],[5.62,51.25],[5.28,51.18],[5.22,50.71],[5.05,50.71],[5.06,50.45],[4.73,50.31],[4.66,50.05],[4.49,49.98],[2.55,50.11],[2.38,50.25],[1.95,50.31],[1.85,50.58],[2.02,50.65],[2.07,51.11],[2.16,51.11],[2.82,51.31],[2.91,51.31],[2.92,51.18],[3.34,51.11],[3.42,51.25],[4.01,51.25],[4.34,51.45],[4.93,51.45],[5.1,51.65],[5.43,51.78],[5.94,51.78],[6.2,51.51],[5.96,51.18],[6.07,50.45],[6.4,50.51],[6.07,50.25],[6.58,50.11],[6.59,49.98],[6.34,49.78],[6.35,49.58],[6.26,49.52],[6.36,49.25],[6.27,49.25],[5.86,49.18],[5.85,49.32],[6.02,49.45],[6.01,49.52]]]]}}]}