{"type":"FeatureCollection","features":[{"type":"Feature","properties":{"NAME":"Alodia","C":4,"name":"Alodia","start_year":602,"end_year":1501,"capital":"","type":"polity","region":"","event":"","source":"Cliopatria / Seshat Global History Databank (CC BY 4.0)","wikipedia":"Alodia","wikidata":"Q449639","_a":15,"_c":[33.57,16.74],"_nz":"阿洛迪亚","_sz":""},"geometry":{"type":"Polygon","coordinates":[[[35.37,17.96],[35.5,17.64],[36,17.32],[36.05,16.81],[35.67,16.49],[34.71,16.49],[34.56,16.23],[34.68,15.78],[34.1,15.84],[33.86,15.46],[32.53,15.2],[32.53,15.33],[31.8,15.52],[31.53,15.97],[31.54,16.23],[31.39,16.36],[31.48,16.61],[31.21,17.32],[31.09,18.22],[31.1,18.29],[31.54,18.16],[33.24,18.29],[34.12,18.03],[34.48,18.03],[34.63,17.9],[35.29,17.96],[35.37,17.96]]]}},{"type":"Feature","properties":{"NAME":"Viking settlements","C":4,"name":"Viking settlements","start_year":1028,"end_year":1325,"capital":"","type":"polity","region":"","event":"","source":"Cliopatria / Seshat Global History Databank (CC BY 4.0)","wikipedia":"Vikings","wikidata":"Q12567","_a":1193,"_c":[-17.02,60.18],"_nz":"维京定居点","_sz":""},"geometry":{"type":"MultiPolygon","coordinates":[[[[-8.12,52.12],[-8.02,51.98],[-8.08,51.78],[-8.16,51.78],[-8.58,51.71],[-8.71,52.05],[-8.12,52.12]]],[[[-7.53,52.12],[-7.61,52.12],[-7.65,52.38],[-7.4,52.45],[-7.02,52.12],[-7.53,52.12]]],[[[-6.43,52.18],[-6.77,52.18],[-6.79,52.32],[-6.79,52.38],[-6.56,52.59],[-6.31,52.59],[-6.28,52.38],[-6.43,52.18]]],[[[-8.38,52.72],[-8.37,52.65],[-8.46,52.65],[-8.46,52.72],[-8.38,52.72]]],[[[-7.25,57.42],[-7.23,57.28],[-7.32,57.28],[-7.29,57.08],[-7.47,57.08],[-7.6,57.35],[-7.25,57.42]]],[[[-7.11,57.63],[-7.44,57.49],[-7.56,57.7],[-7.12,57.7],[-7.11,57.63]]],[[[-6.21,58.18],[-6.39,58.18],[-6.52,57.9],[-7.13,57.77],[-7.07,57.97],[-7.28,58.18],[-6.85,58.32],[-6.76,58.32],[-6.79,58.46],[-6.26,58.53],[-6.21,58.18]]],[[[-6.72,61.48],[-6.71,61.41],[-6.99,61.48],[-7.02,61.62],[-6.74,61.62],[-6.72,61.48]]],[[[-48.61,61.19],[-48.68,61.48],[-49.23,61.48],[-49.36,61.69],[-49.17,61.69],[-49.21,61.76],[-49.44,61.83],[-49.57,62.05],[-49.14,62.12],[-49.27,62.33],[-48.67,62.26],[-47.45,61.26],[-47.41,61.19],[-47.74,61.12],[-47.53,60.91],[-47.68,60.84],[-47.77,60.84],[-47.73,60.77],[-48.04,60.84],[-48.11,61.12],[-48.61,61.19]]],[[[-6.96,62.4],[-6.77,62.33],[-6.66,62.26],[-6.69,61.9],[-6.79,61.9],[-7.28,62.05],[-7.32,62.33],[-6.96,62.4]]],[[[-50.03,62.98],[-50.22,62.98],[-50.04,62.83],[-50.37,62.76],[-50.72,63.19],[-51.01,63.19],[-51.19,63.34],[-51.23,63.41],[-50.52,63.48],[-50.53,63.34],[-50.07,63.05],[-50.03,62.98]]],[[[-51.42,63.55],[-51.69,63.84],[-51.51,63.84],[-51.74,64.2],[-52.02,64.2],[-52.25,64.71],[-51.16,64.64],[-51.3,64.86],[-51.15,64.93],[-51.25,65.08],[-50.91,65],[-50.91,65.15],[-50.48,65.08],[-50.53,65.15],[-50.14,65.15],[-49.72,64.93],[-49.35,64.35],[-49.5,64.28],[-49.41,64.13],[-49.51,64.13],[-49.51,63.99],[-49.99,63.84],[-50.09,63.84],[-50.04,63.77],[-50.66,63.7],[-50.61,63.62],[-51.42,63.55]]],[[[-6.18,52.92],[-6.15,52.65],[-6.31,52.59],[-6.32,52.65],[-6.4,52.65],[-6.43,52.86],[-6.18,52.92]]],[[[-6.15,53.33],[-6.09,52.92],[-6.47,53.19],[-6.81,53.12],[-6.84,53.39],[-6.6,53.53],[-6.61,53.6],[-6.19,53.66],[-6.09,53.53],[-6.24,53.39],[-6.15,53.33]]],[[[-4.8,54.27],[-4.81,54.34],[-4.38,54.41],[-4.36,54.21],[-4.86,54.07],[-4.8,54.27]]],[[[-5.38,55.43],[-5.57,55.57],[-5.55,55.36],[-5.89,55.29],[-5.92,55.5],[-5.76,55.63],[-5.78,55.77],[-5.44,55.84],[-5.43,55.77],[-5.16,55.77],[-5.12,55.43],[-5.38,55.43]]],[[[-5.87,55.84],[-6.13,55.77],[-6.19,55.57],[-6.36,55.57],[-6.38,55.7],[-6.63,55.63],[-6.51,55.98],[-6.07,55.98],[-5.91,56.11],[-5.92,56.18],[-5.74,56.18],[-5.72,55.98],[-5.89,55.98],[-5.87,55.84]]],[[[-5.3,56.11],[-4.93,56.05],[-4.93,55.98],[-5,55.84],[-5.35,55.84],[-5.36,55.91],[-5.3,56.11]]],[[[-6.34,56.66],[-5.99,56.66],[-5.88,56.52],[-5.7,56.52],[-5.68,56.39],[-5.94,56.32],[-6.03,56.32],[-6.29,56.32],[-6.23,56.52],[-6.34,56.66]]],[[[-5.81,57.28],[-5.78,57.08],[-6.04,57.01],[-6.06,57.14],[-6.41,57.14],[-6.62,57.35],[-6.8,57.35],[-6.74,57.56],[-6.47,57.56],[-6.48,57.63],[-6.5,57.77],[-6.22,57.7],[-6.09,57.35],[-5.81,57.28]]],[[[5.18,61.97],[5.18,62.05],[5.27,62.05],[5.37,62.05],[5.36,62.12],[5.55,62.12],[5.55,61.97],[5.19,61.9],[5.18,61.97]]],[[[17.88,68.42],[17.78,68.42],[17.68,68.42],[17.68,68.5],[17.78,68.5],[17.88,68.5],[17.88,68.42]]],[[[18.08,68.42],[17.89,68.57],[18.2,68.65],[18.08,68.5],[18.08,68.42]]],[[[17.69,68.57],[17.59,68.57],[17.6,68.65],[17.7,68.65],[17.69,68.57]]]]}},{"type":"Feature","properties":{"NAME":"Sunda Kingdom","C":0,"name":"Sunda Kingdom","start_year":1028,"end_year":1293,"capital":"","type":"polity","region":"","event":"","source":"Cliopatria / Seshat Global History Databank (CC BY 4.0)","wikipedia":"Sunda Kingdom","wikidata":"Q1469742","_a":10,"_c":[107.69,-6.91],"_nz":"巽他王国","_sz":""},"geometry":{"type":"Polygon","coordinates":[[[108.04,-6.27],[107.53,-6.21],[107.37,-6.01],[107,-5.89],[106.85,-5.89],[106.79,-6.08],[105.91,-5.89],[105.7,-6.08],[105.65,-6.46],[105.43,-6.53],[105.37,-6.85],[105.89,-6.85],[106.33,-7.04],[106.28,-7.43],[106.43,-7.49],[107.16,-7.49],[108.14,-7.88],[108.78,-7.69],[109.82,-7.94],[109.89,-7.94],[110.01,-7.56],[109.49,-7.36],[109.4,-7.11],[109.25,-7.04],[109.24,-6.85],[109.17,-6.85],[108.58,-6.79],[108.34,-6.34],[108.11,-6.27],[108.04,-6.27]]]}},{"type":"Feature","properties":{"NAME":"Giudicato of Arborea","C":6,"name":"Giudicato of Arborea","start_year":1072,"end_year":1325,"capital":"","type":"polity","region":"","event":"","source":"Cliopatria / Seshat Global History Databank (CC BY 4.0)","wikipedia":"Judicate of Arborea","wikidata":"Q1241847","_a":1,"_c":[8.8,39.91],"_nz":"阿尔博雷亚王国","_sz":""},"geometry":{"type":"Polygon","coordinates":[[[9.11,40.1],[9.11,40.23],[8.4,40.16],[8.4,40.1],[8.32,40.03],[8.48,39.9],[8.41,39.64],[8.41,39.58],[8.96,39.64],[9.27,40.03],[9.11,40.1]]]}},{"type":"Feature","properties":{"NAME":"Empire of Kanem","C":3,"name":"Empire of Kanem","start_year":1072,"end_year":1374,"capital":"","type":"polity","region":"","event":"","source":"Cliopatria / Seshat Global History Databank (CC BY 4.0)","wikipedia":"Kanem-Bornu Empire","wikidata":"Q1139762","_a":2,"_c":[15.87,11.95],"_nz":"卡涅姆帝国","_sz":""},"geometry":{"type":"Polygon","coordinates":[[[16.52,11.34],[16.67,11.6],[16.67,11.99],[16.53,12.11],[16.6,12.24],[16.46,12.24],[16.46,12.37],[16.24,12.56],[15.95,12.69],[15.51,12.69],[15.21,12.44],[15.14,12.31],[15.21,12.11],[15.06,12.05],[15.06,11.86],[15.28,11.92],[15.28,11.79],[15.43,11.79],[15.42,11.66],[15.79,11.28],[16.22,11.21],[16.45,11.34],[16.52,11.34]]]}},{"type":"Feature","properties":{"NAME":"Sultanate of Kedah","C":9,"name":"Sultanate of Kedah","start_year":1139,"end_year":1293,"capital":"","type":"polity","region":"","event":"","source":"Cliopatria / Seshat Global History Databank (CC BY 4.0)","wikipedia":"Kedah Sultanate","wikidata":"Q1317579","_a":3,"_c":[100.34,5.85],"_nz":"吉打苏丹国","_sz":""},"geometry":{"type":"MultiPolygon","coordinates":[[[[100.68,5.17],[100.53,5.17],[100.38,4.98],[100.3,4.98],[100.28,5.94],[100.02,6.33],[100.11,6.65],[100.33,6.71],[100.47,6.52],[100.68,6.52],[100.81,6.26],[101.1,6.14],[101,5.75],[101,5.69],[100.91,5.36],[100.68,5.24],[100.68,5.17]]],[[[99.65,6.33],[99.58,6.39],[99.88,6.52],[99.87,6.26],[99.65,6.26],[99.65,6.33]]]]}},{"type":"Feature","properties":{"NAME":"Puebloans - Aztec Regional System","C":3,"name":"Puebloans - Aztec Regional System","start_year":1152,"end_year":1293,"capital":"","type":"polity","region":"","event":"","source":"Cliopatria / Seshat Global History Databank (CC BY 4.0)","wikipedia":"Ancestral Puebloans","wikidata":"Q478805","_a":2,"_c":[-108.96,37.18],"_nz":"普韦布洛人-阿兹特克体系","_sz":""},"geometry":{"type":"Polygon","coordinates":[[[-108.78,36.86],[-108.2,36.69],[-107.98,36.84],[-108.54,37.46],[-108.98,37.62],[-109.63,37.67],[-109.94,37.42],[-109.54,37.29],[-108.78,36.86]]]}},{"type":"Feature","properties":{"NAME":"Pagan Kingdom","C":10,"name":"Pagan Kingdom","start_year":1188,"end_year":1284,"capital":"","type":"polity","region":"","event":"","source":"Cliopatria / Seshat Global History Databank (CC BY 4.0)","wikipedia":"Pagan Kingdom","wikidata":"Q888574","_a":107,"_c":[95.96,18.87],"_nz":"蒲甘王国","_sz":""},"geometry":{"type":"Polygon","coordinates":[[[97.41,25.1],[97.43,25.23],[97.23,25.36],[97.04,25.87],[96.66,25.87],[96.33,26.07],[95.86,26],[95.69,25.49],[95.49,25.23],[95.25,25.16],[95.01,24.65],[94.65,24.33],[94.43,23.88],[93.49,23.62],[93.42,23.17],[93.17,23.04],[93.19,22.14],[93.02,22.01],[92.73,22.08],[92.69,21.31],[92.33,21.37],[92.35,20.99],[92.25,20.79],[92.63,20.34],[92.85,20.34],[92.83,20.15],[93.06,20.21],[93.02,19.96],[93.41,20.09],[94.51,20.02],[94.54,19.7],[94.8,19.44],[94.9,18.61],[95.09,18.41],[94.97,18.03],[94.98,17.64],[94.8,17.39],[94.85,17.19],[94.57,16.81],[94.35,16.81],[94.24,15.97],[94.81,15.84],[94.87,15.71],[95.34,15.91],[95.31,15.71],[95.61,15.71],[95.81,16.16],[96.03,16.16],[96.35,16.36],[96.37,16.49],[96.67,16.49],[96.83,16.61],[96.92,16.74],[96.93,17.32],[97.07,17.26],[97.05,17.13],[97.2,17.13],[97.16,16.87],[97.27,16.61],[97.4,16.49],[97.62,16.49],[97.55,15.97],[97.75,15.78],[97.77,14.81],[97.99,14.75],[97.88,14.49],[98.07,14.24],[98.04,13.98],[98.25,13.85],[98.28,13.53],[98.42,13.46],[98.65,12.82],[98.61,11.73],[99.34,11.66],[99.5,11.79],[99.57,11.79],[99.66,11.99],[99.47,12.24],[99.43,12.56],[99.17,12.89],[99.28,13.27],[99.21,13.27],[99.24,13.59],[99.13,13.85],[98.79,14.11],[98.81,14.24],[98.47,14.49],[98.48,14.62],[98.23,14.94],[98.26,15.2],[98.67,15.52],[98.67,16.04],[98.91,16.16],[98.93,16.36],[98.64,16.36],[98.63,16.81],[97.92,17.51],[97.94,17.64],[97.8,17.71],[97.84,17.96],[97.6,18.35],[97.45,18.35],[97.48,18.54],[97.49,18.61],[97.51,18.74],[97.37,18.8],[97.26,19.06],[97.32,19.44],[97.24,19.44],[97.38,19.89],[97.33,20.02],[97.53,20.41],[97.7,21.5],[97.62,21.5],[97.76,22.85],[97.69,22.85],[97.69,23.3],[97.61,23.3],[97.66,23.56],[97.53,23.69],[97.55,23.81],[97.71,23.88],[97.67,24.07],[97.84,24.2],[97.77,24.2],[97.8,24.39],[97.6,24.52],[97.73,24.84],[97.52,24.91],[97.48,25.1],[97.41,25.1]]]}},{"type":"Feature","properties":{"NAME":"Shunten Dynasty","C":3,"name":"Shunten Dynasty","start_year":1188,"end_year":1304,"capital":"","type":"polity","region":"","event":"","source":"Cliopatria / Seshat Global History Databank (CC BY 4.0)","wikipedia":"Shunten dynasty","wikidata":"Q6151113","_a":1,"_c":[128.04,26.42],"_nz":"舜天王朝","_sz":""},"geometry":{"type":"Polygon","coordinates":[[[128.17,26.77],[127.93,26.71],[127.87,26.52],[127.68,26.39],[127.65,26],[127.82,26.07],[127.91,26.39],[128.38,26.71],[128.42,26.84],[128.19,26.84],[128.17,26.77]]]}},{"type":"Feature","properties":{"NAME":"Haripuñjaya","C":11,"name":"Haripuñjaya","start_year":1188,"end_year":1284,"capital":"","type":"polity","region":"","event":"","source":"Cliopatria / Seshat Global History Databank (CC BY 4.0)","wikipedia":"Haripuñjaya","wikidata":"Q255931","_a":8,"_c":[99.1,19.22],"_nz":"哈里奔猜","_sz":""},"geometry":{"type":"Polygon","coordinates":[[[100.75,19.12],[100.63,19.31],[100.67,19.57],[100.52,19.57],[100.46,19.7],[100.57,19.89],[100.58,19.96],[100.67,20.09],[100.53,20.15],[100.43,20.41],[100.19,20.34],[100.21,20.47],[99.92,20.47],[99.6,20.34],[99.5,20.15],[99.2,20.15],[99.03,20.02],[99,19.83],[98.61,19.7],[98.11,19.83],[97.85,19.57],[97.78,18.61],[97.55,18.54],[97.48,18.54],[97.45,18.35],[97.6,18.35],[97.84,17.96],[98.29,18.03],[98.64,18.41],[99.58,18.29],[99.61,18.48],[99.76,18.48],[100.19,18.86],[100.57,18.93],[100.67,19.12],[100.75,19.12]]]}},{"type":"Feature","properties":{"NAME":"Kingdom of Cyprus","C":2,"name":"Kingdom of Cyprus","start_year":1192,"end_year":1362,"capital":"","type":"polity","region":"","event":"","source":"Cliopatria / Seshat Global History Databank (CC BY 4.0)","wikipedia":"Kingdom of Cyprus","wikidata":"Q213638","_a":3,"_c":[33.39,35.13],"_nz":"塞浦路斯王国","_sz":""},"geometry":{"type":"Polygon","coordinates":[[[34.31,35.71],[33.74,35.39],[32.89,35.39],[32.88,35.26],[32.55,35.13],[32.25,35.13],[32.23,34.94],[32.37,34.74],[33.04,34.55],[33.13,34.68],[33.52,34.74],[33.7,34.94],[34.09,35],[33.96,35.26],[34.53,35.58],[34.54,35.71],[34.39,35.71],[34.31,35.71]]]}},{"type":"Feature","properties":{"NAME":"Kamakura Shogunate","C":11,"name":"Kamakura Shogunate","start_year":1192,"end_year":1325,"capital":"","type":"polity","region":"","event":"","source":"Cliopatria / Seshat Global History Databank (CC BY 4.0)","wikipedia":"Kamakura shogunate","wikidata":"Q736839","_a":153,"_c":[135.33,35.85],"_nz":"镰仓幕府","_sz":""},"geometry":{"type":"MultiPolygon","coordinates":[[[[130.36,30.31],[130.44,30.5],[130.72,30.44],[130.69,30.37],[130.62,30.18],[130.36,30.31]]],[[[130.82,30.5],[130.92,30.76],[131.17,30.82],[131.1,30.63],[131.07,30.56],[131.02,30.44],[130.82,30.5]]],[[[129.93,32.24],[129.99,32.56],[130.53,32.56],[130.37,32.36],[130.29,32.36],[130.13,32.17],[129.93,32.24]]],[[[128.88,32.81],[128.93,32.75],[128.77,32.56],[128.69,32.56],[128.57,32.62],[128.65,32.81],[128.88,32.81]]],[[[129.59,33.71],[129.73,33.84],[129.8,33.84],[129.88,33.84],[129.82,33.71],[129.59,33.71]]],[[[129.17,34.29],[129.4,34.29],[129.34,34.16],[129.31,34.1],[129.11,34.16],[129.17,34.29]]],[[[129.29,34.55],[129.44,34.55],[129.46,34.42],[129.43,34.36],[129.23,34.42],[129.29,34.55]]],[[[133.2,36.35],[133.43,36.35],[133.37,36.22],[133.33,36.16],[133.1,36.16],[133.2,36.35]]],[[[142.09,39.64],[141.96,39.45],[142.04,39.45],[141.83,39],[141.55,38.8],[141.63,38.8],[141.51,38.35],[141.08,38.29],[140.92,38.03],[141,38.03],[140.92,37.9],[141.04,37.84],[140.96,37.71],[141.12,37.58],[141.04,37.45],[141.13,37.32],[140.79,36.87],[140.61,36.42],[140.69,36.42],[140.62,36.16],[140.74,36.1],[140.67,35.97],[140.91,35.84],[140.54,35.58],[140.41,35.19],[139.7,34.87],[140.08,35.58],[139.96,35.64],[139.7,35.45],[139.78,35.32],[139.72,35.19],[139.21,35.26],[139.14,35.13],[139.23,35],[138.95,34.61],[138.68,34.68],[138.8,35.07],[138.42,34.94],[138.26,34.61],[137.22,34.55],[137.07,34.55],[137.24,34.74],[136.94,34.74],[136.73,34.94],[136.6,34.68],[136.79,34.61],[136.97,34.36],[136.91,34.23],[136.45,34.23],[135.81,33.39],[135.41,33.52],[135.35,33.71],[135.03,33.84],[135.15,34.1],[135.02,34.29],[135.34,34.49],[135.44,34.68],[135.21,34.68],[134.91,34.23],[134.72,34.16],[134.71,33.97],[134.78,33.97],[134.66,33.71],[134.37,33.59],[134.22,33.26],[133.99,33.26],[133.85,33.46],[133.54,33.46],[133.16,33.14],[133.03,32.69],[132.68,32.75],[132.66,32.88],[132.43,32.88],[132.44,33.07],[132.37,33.07],[132.45,33.26],[132.3,33.26],[132.36,33.39],[132.02,33.33],[132.08,33.46],[132.56,33.65],[132.88,34.16],[133.03,34.16],[133.12,34.04],[133.51,34.04],[133.63,34.29],[134.23,34.42],[134.2,34.36],[134.63,34.29],[134.94,34.61],[134.47,34.74],[133.25,34.29],[132.32,34.29],[132.19,33.84],[131.91,33.91],[131.94,33.97],[131.09,33.97],[131.1,33.65],[131.82,33.71],[131.64,33.33],[132.09,33.14],[132,32.94],[132.08,32.94],[131.78,32.62],[131.58,32.17],[131.52,31.85],[131.6,31.85],[131.41,31.4],[131.18,31.4],[131.2,31.27],[130.79,31.01],[130.64,31.01],[130.72,31.21],[130.47,31.14],[130.14,31.27],[130.27,31.59],[130.1,31.91],[130.21,32.17],[130.52,32.36],[130.57,32.81],[130.44,32.88],[130.33,32.62],[130.1,32.62],[130.15,32.75],[130,32.75],[129.79,32.62],[129.7,32.75],[129.75,32.88],[129.63,32.94],[129.68,33.07],[129.56,33.14],[129.62,33.26],[129.54,33.26],[129.6,33.39],[129.83,33.39],[129.92,33.59],[130.33,33.65],[130.42,33.84],[130.86,33.97],[130.88,34.16],[130.8,34.16],[130.92,34.42],[131.41,34.49],[131.48,34.61],[132.56,35.26],[132.69,35.52],[132.96,35.58],[133.47,35.52],[135.38,35.77],[135.28,35.58],[135.71,35.52],[136.08,35.77],[135.91,35.9],[136,36.22],[136.45,36.48],[136.71,36.8],[136.58,37],[136.65,37.13],[136.57,37.13],[136.72,37.38],[137.37,37.58],[137.15,37.19],[136.96,37.13],[137.12,37],[137.1,36.8],[137.25,36.8],[137.63,37.06],[138.51,37.38],[138.77,37.84],[139.32,38.09],[139.95,39.26],[139.87,39.26],[140.04,39.64],[139.89,39.9],[139.66,39.9],[139.99,40.29],[139.77,40.55],[139.9,40.74],[140.18,40.81],[140.34,41.26],[140.69,41.2],[140.92,41.52],[141.54,41.39],[141.4,41.2],[141.48,41.2],[141.38,40.94],[141.53,40.81],[141.44,40.68],[141.63,40.61],[141.62,40.48],[141.78,40.48],[141.81,40.29],[141.89,40.29],[142.07,39.97],[141.97,39.71],[142.09,39.64]]],[[[138.14,37.96],[138.34,38.29],[138.61,38.35],[138.49,38.16],[138.61,38.09],[138.38,37.84],[138.34,37.77],[138.19,37.77],[138.26,37.9],[138.14,37.96]]]]}},{"type":"Feature","properties":{"NAME":"Kathmandu","C":5,"name":"Kathmandu","start_year":1202,"end_year":1743,"capital":"","type":"polity","region":"","event":"","source":"Cliopatria / Seshat Global History Databank (CC BY 4.0)","wikipedia":"Kathmandu","wikidata":"Q3037","_a":0,"_c":[85.4,27.77],"_nz":"加德满都","_sz":""},"geometry":{"type":"Polygon","coordinates":[[[85.56,27.8],[85.36,27.93],[85.24,27.67],[85.45,27.61],[85.55,27.74],[85.56,27.8]]]}},{"type":"Feature","properties":{"NAME":"Texcoco","C":11,"name":"Texcoco","start_year":1202,"end_year":1325,"capital":"","type":"polity","region":"","event":"","source":"Cliopatria / Seshat Global History Databank (CC BY 4.0)","wikipedia":"Texcoco","wikidata":"Q1178043","_a":0,"_c":[-98.89,19.12],"_nz":"特斯科科","_sz":""},"geometry":{"type":"Polygon","coordinates":[[[-98.73,19.25],[-98.84,19.44],[-99.06,19.44],[-99.19,19.31],[-98.95,18.8],[-98.6,18.93],[-98.72,19.19],[-98.73,19.25]]]}},{"type":"Feature","properties":{"NAME":"Kingdom of Navarre","C":11,"name":"Kingdom of Navarre","start_year":1202,"end_year":1284,"capital":"","type":"polity","region":"","event":"","source":"Cliopatria / Seshat Global History Databank (CC BY 4.0)","wikipedia":"Kingdom of Navarre","wikidata":"Q200262","_a":2,"_c":[-1.53,42.63],"_nz":"纳瓦拉王国","_sz":""},"geometry":{"type":"Polygon","coordinates":[[[-1.44,42.11],[-1.39,42.5],[-0.86,42.95],[-0.96,43.34],[-1.69,43.34],[-1.77,43.34],[-1.85,43.34],[-1.84,43.21],[-2.2,42.69],[-2.02,42.37],[-1.78,42.3],[-1.83,41.91],[-1.43,41.91],[-1.44,42.04],[-1.44,42.11]]]}},{"type":"Feature","properties":{"NAME":"Chimu Empire","C":0,"name":"Chimu Empire","start_year":1202,"end_year":1343,"capital":"","type":"polity","region":"","event":"","source":"Cliopatria / Seshat Global History Databank (CC BY 4.0)","wikipedia":"Chimor","wikidata":"Q581741","_a":2,"_c":[-79.33,-7.68],"_nz":"奇穆帝国","_sz":""},"geometry":{"type":"MultiPolygon","coordinates":[[[[-78.98,-8.46],[-79.32,-8.14],[-79.31,-8.01],[-79.46,-7.94],[-79.45,-7.81],[-79.72,-7.49],[-79.71,-7.3],[-79.85,-7.24],[-79.85,-7.11],[-79.62,-6.91],[-79.33,-7.04],[-79.27,-7.3],[-79.36,-7.49],[-78.81,-8.2],[-78.97,-8.39],[-78.98,-8.46]]],[[[-79.21,-7.49],[-79.28,-7.49],[-79.28,-7.43],[-79.21,-7.43],[-79.21,-7.49]]]]}},{"type":"Feature","properties":{"NAME":"Srivijaya","C":8,"name":"Srivijaya","start_year":1202,"end_year":1284,"capital":"","type":"polity","region":"","event":"","source":"Cliopatria / Seshat Global History Databank (CC BY 4.0)","wikipedia":"Srivijaya","wikidata":"Q234197","_a":106,"_c":[103.84,0.15],"_nz":"三佛齐","_sz":""},"geometry":{"type":"MultiPolygon","coordinates":[[[[108.18,-2.67],[108.12,-3.19],[107.47,-3.19],[107.45,-2.61],[107.52,-2.61],[107.52,-2.54],[108.03,-2.54],[108.18,-2.67]]],[[[101.62,-2.54],[101.7,-2.54],[101.7,-2.61],[101.63,-2.61],[101.62,-2.54]]],[[[106.58,-2.86],[106.8,-2.86],[106.81,-3.06],[106.45,-3.19],[105.78,-2.8],[105.77,-2.41],[105.62,-2.16],[105.11,-2.16],[104.96,-1.96],[105.24,-1.84],[105.24,-1.51],[105.6,-1.64],[105.6,-1.51],[105.97,-1.51],[106.21,-2.41],[106.72,-2.61],[106.72,-2.67],[106.58,-2.74],[106.58,-2.86]]],[[[101.69,1.76],[101.61,1.76],[101.68,1.64],[102.41,1.57],[102.39,1.12],[102.83,1.12],[103.11,0.93],[103.11,0.8],[102.96,0.8],[102.95,0.41],[103.1,0.54],[103.32,0.54],[103.74,0.16],[103.75,-0.04],[103.39,-0.16],[103.61,-0.23],[103.61,-0.36],[103.32,-0.42],[103.33,-0.74],[103.62,-1],[104.21,-1],[104.36,-1.19],[104.52,-1.96],[104.81,-2.03],[104.82,-2.29],[105.48,-2.35],[105.64,-2.8],[106.01,-3.06],[105.95,-3.38],[105.73,-3.57],[105.89,-3.96],[105.76,-4.15],[105.85,-4.73],[105.78,-4.73],[105.69,-5.89],[105.39,-5.82],[105.23,-5.56],[105.17,-5.76],[104.81,-5.76],[104.51,-5.56],[104.6,-5.95],[104.3,-5.89],[104.14,-5.56],[104,-5.56],[103.76,-5.31],[103.76,-5.18],[102.63,-4.41],[102.18,-4.02],[102.1,-3.7],[101.87,-3.57],[101.93,-3.12],[101.7,-2.67],[101.77,-2.54],[101.53,-1.77],[101.39,-1.84],[101.38,-1.58],[101.08,-1.06],[100.93,-1],[100.63,-0.36],[99.96,0.29],[99.83,0.61],[99.68,0.54],[99.77,0.99],[99.49,1.44],[99.6,2.34],[99.83,2.73],[100.12,2.66],[100.11,2.54],[100.26,2.6],[100.39,2.21],[100.54,2.15],[100.68,2.15],[100.69,2.34],[100.91,2.34],[101.26,2.02],[101.33,2.09],[101.41,2.09],[101.7,2.09],[101.69,1.76]]],[[[104.34,0.03],[104.55,0.03],[104.92,-0.23],[104.92,-0.36],[104.41,-0.29],[104.49,-0.36],[104.42,-0.68],[104.13,-0.61],[104.12,-0.36],[104.27,-0.36],[104.27,-0.29],[104.34,-0.29],[104.34,0.03]]],[[[103.18,0.86],[103.4,0.86],[103.4,0.74],[103.39,0.67],[103.18,0.67],[103.18,0.86]]],[[[104.21,1.19],[104.57,1.12],[104.49,0.8],[104.34,0.8],[104.28,0.93],[104.2,0.93],[104.13,0.93],[104.21,1.19]]],[[[103.92,1.25],[104.07,1.19],[104.06,1.06],[104.06,0.99],[103.77,0.93],[103.77,1.12],[103.92,1.25]]],[[[103.83,2.54],[103.95,2.09],[104.23,1.7],[104.22,1.38],[103.93,1.38],[103.85,1.25],[103.63,1.25],[103.56,1.38],[103.27,1.31],[103.28,1.44],[103.06,1.64],[102.63,1.76],[102.35,2.09],[101.99,2.15],[101.71,2.41],[101.72,2.54],[101.43,2.6],[101.22,2.79],[101.23,3.18],[100.81,3.56],[100.48,4.21],[100.51,4.79],[100.37,4.91],[100.38,4.98],[100.53,5.17],[100.68,5.17],[100.68,5.24],[100.91,5.36],[101,5.69],[101.07,5.69],[101.22,5.69],[101.45,5.94],[101.8,5.75],[101.98,6.26],[102.2,6.26],[103.17,5.36],[103.36,4.91],[103.36,4.85],[103.48,4.46],[103.37,3.63],[103.4,2.86],[103.83,2.54]]]]}},{"type":"Feature","properties":{"NAME":"Namayan","C":3,"name":"Namayan","start_year":1202,"end_year":1374,"capital":"","type":"polity","region":"","event":"","source":"Cliopatria / Seshat Global History Databank (CC BY 4.0)","wikipedia":"Namayan","wikidata":"Q4401026","_a":0,"_c":[121.12,14.56],"_nz":"纳马扬","_sz":""},"geometry":{"type":"MultiPolygon","coordinates":[[[[121,14.36],[120.87,14.49],[121.09,14.49],[121.22,14.81],[121.21,14.3],[120.99,14.3],[121,14.36]]],[[[121.35,14.75],[121.28,14.75],[121.29,14.81],[121.36,14.81],[121.35,14.75]]]]}},{"type":"Feature","properties":{"NAME":"Duchy of the Archipelago","C":6,"name":"Duchy of the Archipelago","start_year":1210,"end_year":1304,"capital":"","type":"polity","region":"","event":"","source":"Cliopatria / Seshat Global History Databank (CC BY 4.0)","wikipedia":"Duchy of the Archipelago","wikidata":"Q777981","_a":1,"_c":[24.89,37.52],"_nz":"群岛公国","_sz":""},"geometry":{"type":"MultiPolygon","coordinates":[[[[25.42,37.13],[25.57,37.13],[25.56,37],[25.33,37],[25.34,37.13],[25.42,37.13]]],[[[24.43,37.58],[24.27,37.51],[24.2,37.64],[24.28,37.71],[24.36,37.71],[24.43,37.58]]],[[[25.07,37.77],[24.83,37.71],[24.68,37.84],[24.69,38.03],[24.77,38.03],[25.07,37.77]]]]}},{"type":"Feature","properties":{"NAME":"Chámpa","C":6,"name":"Chámpa","start_year":1220,"end_year":1313,"capital":"","type":"polity","region":"","event":"","source":"Cliopatria / Seshat Global History Databank (CC BY 4.0)","wikipedia":"Champa","wikidata":"Q216786","_a":20,"_c":[108.06,13.82],"_nz":"占婆","_sz":""},"geometry":{"type":"Polygon","coordinates":[[[108.39,16.04],[108.14,16.36],[107.84,16.36],[107.86,16.49],[107.72,16.49],[107.67,16.68],[107.48,16.87],[107.33,16.87],[107.29,17.06],[107.03,17.26],[106.95,17.26],[106.61,16.94],[106.69,16.49],[106.97,16.42],[107.15,16.16],[107.5,16.04],[107.3,15.65],[107.69,15.33],[107.57,15.01],[107.6,14.69],[107.42,14.43],[107.38,14.11],[107.67,13.46],[107.52,12.89],[107.6,12.89],[107.63,12.5],[106.85,12.05],[106.88,11.66],[107.06,11.28],[107.03,11.02],[107.11,11.02],[107.07,10.7],[107.07,10.64],[107.05,10.44],[107.34,10.38],[108.03,10.7],[108.12,10.89],[108.57,11.02],[108.58,11.15],[108.73,11.15],[109.21,11.6],[109.23,12.37],[109.32,12.56],[109.47,12.56],[109.51,12.95],[109.38,13.08],[109.36,13.53],[109.29,13.53],[109.35,14.04],[109.18,14.36],[109.16,14.75],[108.97,15.01],[109.02,15.33],[108.68,15.52],[108.7,15.65],[108.38,15.97],[108.39,16.04]]]}},{"type":"Feature","properties":{"NAME":"Singhasari","C":1,"name":"Singhasari","start_year":1227,"end_year":1284,"capital":"","type":"polity","region":"","event":"","source":"Cliopatria / Seshat Global History Databank (CC BY 4.0)","wikipedia":"Singhasari","wikidata":"Q2060657","_a":13,"_c":[111.87,-7.62],"_nz":"新柯沙里","_sz":""},"geometry":{"type":"Polygon","coordinates":[[[112.61,-7.11],[112.71,-7.56],[113.09,-7.75],[114.26,-7.69],[114.41,-7.81],[114.3,-8.33],[114.49,-8.84],[114.27,-8.84],[114.18,-8.65],[113.74,-8.65],[113.21,-8.33],[112.99,-8.33],[112.85,-8.46],[112.27,-8.46],[111.89,-8.33],[110.65,-8.26],[109.9,-8.01],[109.89,-7.94],[110.01,-7.56],[109.49,-7.36],[109.4,-7.11],[109.25,-7.04],[109.24,-6.85],[109.31,-6.85],[110.34,-6.91],[110.53,-6.46],[110.89,-6.4],[111.05,-6.66],[111.49,-6.59],[111.64,-6.79],[111.94,-6.79],[112.16,-6.91],[112.52,-6.85],[112.61,-7.04],[112.61,-7.11]]]}},{"type":"Feature","properties":{"NAME":"Rasulid Dynasty","C":6,"name":"Rasulid Dynasty","start_year":1236,"end_year":1452,"capital":"","type":"polity","region":"","event":"","source":"Cliopatria / Seshat Global History Databank (CC BY 4.0)","wikipedia":"Rasulid dynasty","wikidata":"Q2132267","_a":67,"_c":[47.3,15.94],"_nz":"拉苏里王朝","_sz":""},"geometry":{"type":"Polygon","coordinates":[[[45.92,17.84],[46.47,17.26],[46.62,17.26],[46.82,16.87],[46.97,16.94],[46.96,16.74],[47.24,16.55],[47.37,16.29],[50.12,16.61],[50.48,16.55],[51.67,16.68],[52.38,16.29],[52.26,15.59],[51.5,15.2],[50.76,15.07],[50.23,14.81],[49.41,14.69],[48.79,14.04],[47.75,13.91],[47.67,13.72],[46.84,13.4],[45.74,13.34],[45.05,12.76],[44.61,12.76],[44.39,12.63],[43.44,12.69],[43.45,12.89],[43.24,13.08],[43.26,13.72],[43.06,13.98],[42.95,14.88],[42.89,15.07],[42.75,15.14],[42.71,15.84],[42.78,15.84],[42.82,16.61],[42.48,17],[42.48,17.13],[42.34,17.13],[42.35,17.32],[42.21,17.45],[42.21,17.51],[42.66,17.71],[43.21,18.16],[43.51,18.22],[44.36,18.93],[44.53,19.25],[44.6,19.25],[45.85,17.84],[45.92,17.84]]]}},{"type":"Feature","properties":{"NAME":"Chandela Kingdom","C":7,"name":"Chandela Kingdom","start_year":1236,"end_year":1293,"capital":"","type":"polity","region":"","event":"","source":"Cliopatria / Seshat Global History Databank (CC BY 4.0)","wikipedia":"Chandelas of Jejakabhukti","wikidata":"Q2039087","_a":14,"_c":[81.2,24.72],"_nz":"昌德拉王国","_sz":""},"geometry":{"type":"Polygon","coordinates":[[[80,23.56],[80.53,23.76],[80.75,23.74],[82.56,23.88],[82.93,24.3],[83.58,24.39],[83.02,24.79],[82.47,24.83],[81.4,25.36],[81.04,25.72],[80.75,25.76],[80.04,26.14],[79.55,25.94],[79.53,25.63],[78.82,25.1],[78.82,24.39],[79.31,23.3],[79.53,23.41],[80,23.56]]]}},{"type":"Feature","properties":{"NAME":"Hafsid Dynasty","C":9,"name":"Hafsid Dynasty","start_year":1236,"end_year":1293,"capital":"","type":"polity","region":"","event":"","source":"Cliopatria / Seshat Global History Databank (CC BY 4.0)","wikipedia":"Hafsid dynasty","wikidata":"Q752662","_a":106,"_c":[11.65,33.66],"_nz":"哈夫斯王朝","_sz":""},"geometry":{"type":"Polygon","coordinates":[[[10.85,35.64],[11.08,35.58],[11.08,35.39],[11.01,35.39],[11.08,35],[10.85,34.94],[10.85,34.81],[10.54,34.55],[10,34.29],[10.08,34.23],[10.01,33.91],[10.24,33.71],[10.54,33.71],[10.7,33.52],[11.08,33.59],[11.16,33.2],[11.46,33.2],[12.23,32.81],[12.61,32.88],[12.53,32.75],[12.84,32.75],[12.84,32.88],[13.07,32.94],[13.3,32.94],[13.45,32.81],[13.76,32.88],[13.76,32.75],[14.07,32.75],[14.44,32.49],[14.67,32.56],[14.75,32.43],[15.21,32.36],[15.42,31.66],[15.58,31.59],[15.65,31.4],[16.18,31.21],[17.47,31.08],[18,30.89],[18.59,30.37],[18.9,30.37],[18.81,29.99],[18.28,30.05],[16.7,30.69],[15.49,30.95],[15.18,30.89],[15.19,31.08],[14.58,31.53],[14.59,31.66],[13.83,32.11],[13.3,32.24],[13.07,32.17],[13.07,32.3],[12.46,32.36],[11.77,32.3],[11.77,32.43],[11.54,32.43],[11.46,32.56],[11.31,32.49],[11.16,32.69],[10.39,33.01],[10.01,33.01],[10.08,33.14],[9.63,33.14],[9.55,33.33],[9.62,33.46],[9.32,33.59],[9.08,34.04],[8.93,34.04],[8.93,34.16],[8.77,34.23],[8.08,34.23],[8,34.42],[7.85,34.49],[7.15,34.49],[6.92,34.61],[4.53,34.61],[4.45,34.61],[4.6,34.74],[4.67,35.07],[4.67,35.13],[4.64,36.29],[4.56,36.35],[4.64,36.35],[4.64,36.42],[4.63,36.61],[4.48,36.67],[4.39,36.93],[4.47,36.93],[4.86,36.87],[5.1,36.67],[5.56,36.67],[5.64,36.8],[6.11,36.8],[6.1,36.93],[6.33,37.06],[6.8,36.87],[7.19,36.87],[7.35,37.06],[7.66,37],[7.74,36.87],[8.52,36.87],[8.9,37.13],[9.06,37.06],[9.6,37.32],[9.99,37.19],[10.23,37.25],[10.23,37.06],[10.31,37.06],[10.23,36.8],[10.54,36.74],[10.85,37],[11.01,37],[11.01,36.8],[10.46,36.42],[10.54,36.35],[10.46,35.9],[10.85,35.71],[10.85,35.64]],[[13.07,32.81],[13.07,32.88],[13.15,32.88],[13.15,32.81],[13.07,32.81]],[[8.83,36.93],[8.83,37],[8.9,37],[8.9,36.93],[8.83,36.93]],[[10.15,37.06],[10.23,37.06],[10.23,37],[10.15,37],[10.15,37.06]]]}},{"type":"Feature","properties":{"NAME":"Zayyanid dynasty","C":3,"name":"Zayyanid dynasty","start_year":1236,"end_year":1284,"capital":"","type":"polity","region":"","event":"","source":"Cliopatria / Seshat Global History Databank (CC BY 4.0)","wikipedia":"Zayyanid dynasty","wikidata":"Q307697","_a":23,"_c":[1.27,35.23],"_nz":"扎亚尼德王朝","_sz":""},"geometry":{"type":"MultiPolygon","coordinates":[[[[2.61,34.42],[2.53,34.42],[2.53,34.49],[2.61,34.49],[2.61,34.42]]],[[[4.67,35.07],[4.6,34.74],[4.45,34.61],[4.46,34.55],[2.92,34.36],[2.45,34.61],[1.29,34.61],[0.68,34.42],[0.45,34.49],[0.3,34.36],[-0.47,34.36],[-0.83,33.91],[-0.99,33.91],[-1.28,33.59],[-1.51,33.52],[-1.58,33.52],[-1.72,34.68],[-2.11,34.94],[-2.12,35.07],[-2.04,35.07],[-1.36,35.26],[-1.14,35.45],[-1.22,35.64],[-1.07,35.58],[-0.92,35.71],[-0.53,35.71],[-0.46,35.84],[0.08,35.84],[0.38,36.22],[0.68,36.29],[0.68,36.42],[0.91,36.35],[1.22,36.55],[1.53,36.48],[2.38,36.67],[2.69,36.61],[2.84,36.74],[3.23,36.74],[3.46,36.87],[3.85,36.8],[4.31,36.93],[4.39,36.93],[4.48,36.67],[4.63,36.61],[4.64,36.42],[4.56,36.42],[4.56,36.35],[4.64,36.29],[4.67,35.13],[4.67,35.07]]]]}},{"type":"Feature","properties":{"NAME":"Kingdom of Dambadeniya","C":3,"name":"Kingdom of Dambadeniya","start_year":1236,"end_year":1284,"capital":"","type":"polity","region":"","event":"","source":"Cliopatria / Seshat Global History Databank (CC BY 4.0)","wikipedia":"Kingdom of Dambadeniya","wikidata":"Q3136869","_a":1,"_c":[80.15,7.63],"_nz":"丹巴德尼亚王国","_sz":""},"geometry":{"type":"Polygon","coordinates":[[[79.8,7.72],[79.85,7.28],[80.21,7.29],[80.56,7.46],[80.56,7.63],[80.31,7.93],[79.74,7.97],[79.77,7.86],[79.8,7.72]]]}},{"type":"Feature","properties":{"NAME":"Mali Empire","C":11,"name":"Mali Empire","start_year":1241,"end_year":1414,"capital":"","type":"polity","region":"","event":"","source":"Cliopatria / Seshat Global History Databank (CC BY 4.0)","wikipedia":"Mali Empire","wikidata":"Q184536","_a":164,"_c":[-7.86,13.76],"_nz":"马里帝国","_sz":""},"geometry":{"type":"MultiPolygon","coordinates":[[[[-9.97,10.44],[-10.04,10.44],[-10.04,10.51],[-9.97,10.51],[-9.97,10.44]]],[[[-6.33,12.11],[-6.33,12.18],[-6.25,12.18],[-6.25,12.11],[-6.33,12.11]]],[[[1.57,15.52],[1.72,15.33],[1.65,14.62],[1.21,14.43],[0.26,14.43],[0.18,14.62],[-0.04,14.69],[-0.12,14.94],[-0.41,15.01],[-0.34,15.33],[-0.49,15.33],[-0.71,15.65],[-1.6,16.04],[-2.48,16.04],[-2.99,15.91],[-2.92,15.78],[-3.29,15.71],[-3.28,15.59],[-3.65,15.26],[-3.86,14.81],[-3.86,14.49],[-4.15,14.17],[-4.07,14.04],[-4.29,13.98],[-4.36,13.72],[-4.58,13.66],[-5.38,12.95],[-5.53,12.95],[-5.53,12.82],[-5.67,12.82],[-5.67,12.69],[-6.04,12.44],[-5.96,12.31],[-6.33,12.24],[-6.69,11.92],[-6.97,10.76],[-7.26,10.31],[-7.19,10.19],[-7.33,10.19],[-7.62,9.8],[-8.06,9.67],[-8.06,9.54],[-8.21,9.61],[-8.43,9.48],[-8.72,9.48],[-9.31,9.74],[-9.82,10.19],[-10.2,11.21],[-10.34,11.15],[-10.42,11.47],[-10.64,11.66],[-11.01,11.66],[-11.16,11.99],[-12.33,12.24],[-13,12.5],[-13.07,12.63],[-13.51,12.63],[-13.44,12.76],[-14.99,13.01],[-15.28,12.95],[-15.28,13.14],[-16.82,13.08],[-16.83,13.4],[-16.54,13.46],[-16.54,13.66],[-16.62,13.79],[-16.77,13.79],[-16.77,14.04],[-17.01,14.49],[-17.23,14.69],[-17.45,14.69],[-17.39,14.88],[-17.02,15.01],[-17.03,15.14],[-16.81,15.26],[-16.6,15.65],[-16.49,16.55],[-16.28,16.94],[-15.76,16.87],[-13.78,17],[-13.71,17.13],[-13.34,17.06],[-12.97,17.19],[-11.64,17.19],[-11.35,17.32],[-10.98,17.26],[-10.99,17.39],[-10.47,17.32],[-9.66,17.39],[-9.37,17.51],[-8.92,17.45],[-7.3,17.64],[-4.86,17.45],[-3.32,17.77],[-0.44,18.03],[0.44,17.84],[0.96,17.45],[1.26,16.94],[1.27,16.87],[1.57,15.52]]]]}},{"type":"Feature","properties":{"NAME":"Khmer Empire","C":11,"name":"Khmer Empire","start_year":1241,"end_year":1313,"capital":"","type":"polity","region":"","event":"","source":"Cliopatria / Seshat Global History Databank (CC BY 4.0)","wikipedia":"Khmer Empire","wikidata":"Q201705","_a":70,"_c":[104.47,13.91],"_nz":"高棉帝国","_sz":""},"geometry":{"type":"MultiPolygon","coordinates":[[[[103.98,10.44],[104.12,10.44],[104.09,10.06],[103.94,10.06],[103.81,10.25],[103.91,10.44],[103.98,10.44]]],[[[106.98,10.51],[106.76,10.44],[106.82,10.31],[106.67,10.25],[106.81,10.19],[106.79,10.06],[106.64,9.99],[106.7,9.8],[106.55,9.8],[106.6,9.54],[106.23,9.48],[106.14,9.29],[105.62,9.16],[105.14,8.58],[104.76,8.51],[104.7,8.64],[104.86,8.77],[104.71,8.77],[104.79,9.74],[105.03,9.99],[104.54,10.19],[104.42,10.44],[104.12,10.44],[103.92,10.57],[103.55,10.51],[103.49,10.7],[103.64,10.76],[103.6,11.09],[103.36,10.83],[103.06,10.83],[103.05,11.47],[102.84,11.6],[102.87,11.86],[102.73,11.92],[102.74,12.05],[102.6,12.11],[102.44,11.99],[102.22,11.99],[102.26,12.31],[102.11,12.31],[101.78,12.63],[101.79,12.69],[101.76,13.14],[102.06,13.21],[102.19,13.72],[102.14,13.85],[102.14,13.91],[102.23,13.98],[102.18,14.24],[101.61,14.36],[101.63,14.49],[101.42,14.56],[101.24,14.94],[101.32,14.94],[101.53,15.97],[102.2,16.55],[102.18,16.94],[101.98,17.06],[102.02,17.32],[102.36,17.64],[102.4,17.9],[102.26,17.9],[102.2,18.03],[102.47,18.35],[102.36,18.54],[102.4,18.8],[102.84,19.25],[103.12,19.19],[103.18,19.06],[103.99,19.06],[104.11,19.31],[104.25,19.31],[104.39,19.25],[104.36,19.06],[104.51,19.06],[104.62,18.86],[105.12,18.74],[105.25,18.61],[105.21,18.35],[106.61,16.94],[106.69,16.49],[106.97,16.42],[107.15,16.16],[107.5,16.04],[107.3,15.65],[107.69,15.33],[107.57,15.01],[107.6,14.69],[107.42,14.43],[107.38,14.11],[107.67,13.46],[107.52,12.89],[107.6,12.89],[107.63,12.5],[106.85,12.05],[106.88,11.66],[107.06,11.28],[107.03,11.02],[107.11,11.02],[107.07,10.7],[107,10.7],[106.98,10.51]]]]}},{"type":"Feature","properties":{"NAME":"County of Artois","C":5,"name":"County of Artois","start_year":1241,"end_year":1304,"capital":"","type":"polity","region":"","event":"","source":"Cliopatria / Seshat Global History Databank (CC BY 4.0)","wikipedia":"County of Artois","wikidata":"Q778266","_a":2,"_c":[2.66,50.61],"_nz":"阿图瓦伯国","_sz":""},"geometry":{"type":"Polygon","coordinates":[[[3.73,50.11],[2.55,50.11],[1.78,50.38],[1.6,50.58],[1.84,50.78],[1.58,50.91],[1.58,50.98],[1.99,51.11],[2.07,51.11],[2.09,50.78],[2.26,50.78],[2.27,50.65],[2.78,50.65],[3.04,50.45],[3.12,50.45],[3.3,50.38],[3.37,50.51],[3.54,50.51],[3.64,50.18],[3.73,50.18],[3.73,50.11]]]}},{"type":"Feature","properties":{"NAME":"Lavo Kingdom","C":9,"name":"Lavo Kingdom","start_year":1241,"end_year":1351,"capital":"","type":"polity","region":"","event":"","source":"Cliopatria / Seshat Global History Databank (CC BY 4.0)","wikipedia":"Lavo Kingdom","wikidata":"Q1332305","_a":6,"_c":[100.93,13.79],"_nz":"罗涡王国","_sz":""},"geometry":{"type":"Polygon","coordinates":[[[102.14,13.91],[102.23,13.98],[102.18,14.24],[101.61,14.36],[101.63,14.49],[101.42,14.56],[101.24,14.94],[100.66,15.01],[100.51,14.94],[100.48,14.75],[100.14,14.36],[99.62,14.3],[99.78,13.79],[99.98,13.59],[99.96,13.4],[100.1,13.34],[100.1,13.4],[100.56,13.53],[100.99,13.46],[100.83,12.63],[101.55,12.56],[101.71,12.69],[101.79,12.69],[101.76,13.14],[102.06,13.21],[102.19,13.72],[102.14,13.85],[102.14,13.91]]]}},{"type":"Feature","properties":{"NAME":"Sukhothai Kingdom","C":11,"name":"Sukhothai Kingdom","start_year":1241,"end_year":1293,"capital":"","type":"polity","region":"","event":"","source":"Cliopatria / Seshat Global History Databank (CC BY 4.0)","wikipedia":"Sukhothai Kingdom","wikidata":"Q863279","_a":80,"_c":[101.39,15.68],"_nz":"素可泰王国","_sz":""},"geometry":{"type":"Polygon","coordinates":[[[104.27,19.44],[104.85,19.83],[104.98,20.15],[104.65,20.41],[104.5,20.41],[104.62,20.66],[104.36,20.92],[103.99,20.92],[103.81,20.73],[103.59,20.73],[103.04,20.99],[103.06,21.11],[102.98,21.11],[102.93,21.24],[102.51,20.92],[102.22,20.99],[102.18,20.73],[102.01,20.6],[102.01,20.09],[101.84,19.96],[101.62,19.96],[101.52,19.83],[100.64,19.89],[100.57,19.89],[100.46,19.7],[100.52,19.57],[100.67,19.57],[100.63,19.31],[100.75,19.12],[100.67,19.12],[100.57,18.93],[100.19,18.86],[99.76,18.48],[99.61,18.48],[99.58,18.29],[98.64,18.41],[98.29,18.03],[97.84,17.96],[97.8,17.71],[97.94,17.64],[97.92,17.51],[98.63,16.81],[98.64,16.36],[98.93,16.36],[98.91,16.16],[98.67,16.04],[98.67,15.52],[98.26,15.2],[98.23,14.94],[98.48,14.62],[98.47,14.49],[98.81,14.24],[98.79,14.11],[99.13,13.85],[99.24,13.59],[99.21,13.27],[99.28,13.27],[99.17,12.89],[99.43,12.56],[99.47,12.24],[99.66,11.99],[99.57,11.79],[99.56,11.73],[99.38,11.34],[99.15,11.21],[98.81,10.76],[98.61,10.12],[98.98,10.12],[98.99,10.25],[99.2,10.19],[99.29,10.31],[99.6,11.41],[99.85,11.73],[99.88,11.99],[100.03,12.05],[100.09,13.27],[100.1,13.34],[99.96,13.4],[99.98,13.59],[99.78,13.79],[99.62,14.3],[100.14,14.36],[100.48,14.75],[100.51,14.94],[100.66,15.01],[101.24,14.94],[101.32,14.94],[101.53,15.97],[102.2,16.55],[102.18,16.94],[101.98,17.06],[102.02,17.32],[102.36,17.64],[102.4,17.9],[102.26,17.9],[102.2,18.03],[102.47,18.35],[102.36,18.54],[102.4,18.8],[102.84,19.25],[103.12,19.19],[103.18,19.06],[103.99,19.06],[104.11,19.31],[104.25,19.31],[104.27,19.44]]]}},{"type":"Feature","properties":{"NAME":"Emirate of Granada","C":0,"name":"Emirate of Granada","start_year":1241,"end_year":1293,"capital":"","type":"polity","region":"","event":"","source":"Cliopatria / Seshat Global History Databank (CC BY 4.0)","wikipedia":"Emirate of Granada","wikidata":"Q238445","_a":8,"_c":[-3.8,36.97],"_nz":"格拉纳达埃米尔国","_sz":""},"geometry":{"type":"MultiPolygon","coordinates":[[[[-2.68,36.74],[-4.47,36.74],[-4.69,36.55],[-5.23,36.48],[-5.29,36.22],[-5.52,36.16],[-5.58,36.03],[-5.83,36.22],[-5.91,36.22],[-5.86,36.67],[-5.79,36.67],[-5.73,36.93],[-5.12,37.19],[-4.66,37.19],[-4.2,37.38],[-3.59,37.51],[-3.52,37.64],[-3.04,37.58],[-2.9,37.84],[-2.28,37.9],[-2.12,37.84],[-1.94,37.38],[-1.78,37.32],[-1.86,37.32],[-2.06,36.8],[-2.38,36.87],[-2.45,36.87],[-2.68,36.74]]],[[[-1.78,37.25],[-1.78,37.32],[-1.7,37.32],[-1.7,37.25],[-1.78,37.25]]]]}},{"type":"Feature","properties":{"NAME":"Duchy of Brittany","C":11,"name":"Duchy of Brittany","start_year":1250,"end_year":1293,"capital":"","type":"polity","region":"","event":"","source":"Cliopatria / Seshat Global History Databank (CC BY 4.0)","wikipedia":"Duchy of Brittany","wikidata":"Q71747","_a":7,"_c":[-2.95,47.97],"_nz":"布列塔尼公国","_sz":""},"geometry":{"type":"Polygon","coordinates":[[[-1.25,48.46],[-1.5,48.39],[-1.52,48.65],[-1.6,48.65],[-1.69,48.65],[-2.52,48.72],[-2.76,48.59],[-3.12,48.92],[-3.46,48.92],[-3.85,48.72],[-4.6,48.72],[-4.91,48.52],[-4.89,48.32],[-4.64,48.32],[-4.55,48.19],[-4.71,48.13],[-4.69,47.99],[-4.42,47.8],[-3.93,47.86],[-3.76,47.73],[-3.34,47.73],[-3.16,47.47],[-2.84,47.6],[-2.83,47.47],[-2.58,47.47],[-2.56,47.27],[-2.23,47.27],[-2.13,47.07],[-2.13,47.01],[-1.39,47.01],[-1.39,47.07],[-1.16,47.27],[-1.2,47.8],[-1.04,47.86],[-1,48.39],[-1.17,48.46],[-1.25,48.46]]]}},{"type":"Feature","properties":{"NAME":"Kingdom of Sweden","C":0,"name":"Kingdom of Sweden","start_year":1250,"end_year":1284,"capital":"","type":"polity","region":"","event":"","source":"Cliopatria / Seshat Global History Databank (CC BY 4.0)","wikipedia":"Sweden","wikidata":"Q34","_a":96,"_c":[19.35,59.4],"_nz":"瑞典王国","_sz":""},"geometry":{"type":"MultiPolygon","coordinates":[[[[18.23,57.83],[18.6,57.97],[19.05,57.97],[19.03,57.83],[18.84,57.7],[18.91,57.42],[18.45,57.21],[18.34,56.94],[18.08,56.94],[18.03,57.49],[18.03,57.56],[18.23,57.83]]],[[[15.97,60.63],[16.33,60.56],[16.8,60.63],[16.99,60.77],[17.45,60.77],[17.62,60.63],[17.99,60.63],[18.07,60.49],[18.61,60.42],[18.5,60.21],[18.78,60.21],[19.03,60],[19.01,59.71],[18.83,59.71],[18.63,59.5],[18.35,59.43],[18.41,59.09],[18.14,59.09],[17.95,58.88],[17.5,58.88],[17.49,58.74],[17.13,58.74],[17.03,58.6],[16.85,58.6],[16.84,58.46],[16.66,58.46],[16.83,58.32],[16.81,58.04],[16.63,57.9],[16.71,57.83],[16.7,57.7],[16.61,57.7],[16.69,57.42],[16.5,57.28],[16.48,56.87],[16.76,57.08],[16.95,57.42],[17.13,57.42],[17.12,57.28],[16.74,56.8],[16.63,56.39],[16.27,56.25],[16.28,56.52],[16.19,56.52],[16.19,56.39],[16.1,56.39],[15.93,56.52],[13.46,56.59],[13.29,56.94],[13.12,57.01],[13.12,57.14],[12.59,57.49],[12.6,57.63],[12.42,57.63],[12.33,57.77],[11.98,57.77],[11.8,57.63],[11.8,57.7],[11.71,57.7],[11.71,57.77],[11.71,57.83],[11.71,57.9],[11.71,57.97],[11.89,57.97],[12.16,58.18],[12.09,58.88],[12,58.88],[12.01,59.43],[11.92,59.43],[11.92,59.92],[12.38,60.07],[12.58,60.49],[12.48,60.49],[12.49,60.7],[12.31,60.77],[12.31,60.98],[12.68,61.12],[12.87,61.34],[12.97,61.34],[13.33,61.05],[13.51,61.05],[13.6,60.91],[14.32,60.63],[15.51,60.56],[15.6,60.56],[15.97,60.63]]],[[[19.72,60.49],[20.17,60.42],[20.15,60.21],[19.95,60.07],[19.68,60.14],[19.7,60.28],[19.7,60.35],[19.72,60.49]]],[[[23.43,60.91],[24.8,60.84],[25.86,61.12],[26.22,61.12],[26.43,61.26],[26.6,61.19],[26.98,61.26],[26.96,61.12],[26.87,61.12],[26.93,60.91],[26.73,60.84],[26.58,60.49],[26.39,60.42],[24.89,60.21],[24.61,60.14],[24.5,60],[24.05,60.07],[23.21,59.85],[23.03,59.85],[23.05,60.07],[22.31,60],[22.36,60.42],[21.91,60.42],[21.38,60.63],[21.4,60.84],[21.23,60.98],[21.25,61.12],[21.44,61.19],[21.5,61.69],[21.24,61.83],[21.19,62.26],[21.29,62.33],[21.2,62.33],[21.21,62.47],[22.06,62.55],[22.13,62.33],[22.31,62.26],[22.42,61.62],[22.59,61.55],[22.57,61.41],[22.91,61.12],[23.1,61.19],[23.09,61.12],[23.08,61.05],[23.43,60.91]]]]}},{"type":"Feature","properties":{"NAME":"Empire of Trebizond","C":8,"name":"Empire of Trebizond","start_year":1250,"end_year":1293,"capital":"","type":"polity","region":"","event":"","source":"Cliopatria / Seshat Global History Databank (CC BY 4.0)","wikipedia":"Empire of Trebizond","wikidata":"Q178913","_a":33,"_c":[37.39,42.7],"_nz":"特拉比松帝国","_sz":""},"geometry":{"type":"MultiPolygon","coordinates":[[[[41.23,41.33],[41.3,41.26],[41.16,40.94],[40.57,40.68],[39.78,40.74],[38.5,40.61],[37.86,40.61],[37.57,40.74],[37.17,40.74],[36.88,40.94],[36.71,40.87],[36.66,41.07],[36.76,41.2],[36.92,41.2],[36.99,41.2],[37.23,41.2],[37.21,41.07],[37.44,41],[37.77,41.07],[37.83,40.94],[38.16,41],[38.3,40.87],[38.78,40.94],[39.05,41.13],[39.74,40.94],[40.37,40.94],[40.39,41.07],[40.54,41],[41.05,41.2],[41.24,41.39],[41.23,41.33]]],[[[33.93,44.45],[33.52,44.45],[33.47,44.65],[33.55,44.65],[33.56,44.71],[34.03,44.65],[34.38,44.78],[34.37,44.71],[34.29,44.71],[34.28,44.65],[34.2,44.65],[34.19,44.58],[33.93,44.45]]]]}},{"type":"Feature","properties":{"NAME":"Duchy of Aquitaine","C":7,"name":"Duchy of Aquitaine","start_year":1250,"end_year":1304,"capital":"","type":"polity","region":"","event":"","source":"Cliopatria / Seshat Global History Databank (CC BY 4.0)","wikipedia":"Duchy of Aquitaine","wikidata":"Q7703611","_a":2,"_c":[1.54,45.3],"_nz":"阿基坦公国","_sz":""},"geometry":{"type":"Polygon","coordinates":[[[1.2,44.97],[1.1,45.24],[0.68,45.43],[0.91,45.69],[0.9,45.82],[2.3,45.56],[2.4,45.24],[2.17,45.04],[2.1,44.78],[1.45,44.84],[1.2,44.97]]]}},{"type":"Feature","properties":{"NAME":"Kingdom of Portugal","C":10,"name":"Kingdom of Portugal","start_year":1250,"end_year":1414,"capital":"","type":"polity","region":"","event":"","source":"Cliopatria / Seshat Global History Databank (CC BY 4.0)","wikipedia":"Kingdom of Portugal","wikidata":"Q45670","_a":17,"_c":[-7.91,39.56],"_nz":"葡萄牙王国","_sz":""},"geometry":{"type":"Polygon","coordinates":[[[-6.35,41.65],[-6.7,41.98],[-8.12,41.78],[-8.22,41.98],[-8.14,41.98],[-8.15,42.11],[-8.47,42.11],[-8.93,41.91],[-8.92,41.85],[-8.73,40.74],[-8.87,40.61],[-8.85,40.36],[-8.93,40.36],[-9.03,39.77],[-9.1,39.77],[-9.16,39.51],[-9.39,39.45],[-9.43,39.06],[-9.57,38.93],[-9.55,38.74],[-9.38,38.61],[-9.23,38.67],[-9.21,38.42],[-8.82,38.48],[-8.82,37.58],[-8.9,37.58],[-9,37],[-8.7,37.13],[-7.68,37],[-7.45,37.13],[-7.47,37.25],[-7.39,37.25],[-7.5,37.71],[-7.28,37.84],[-7.14,38.09],[-6.99,38.09],[-7,38.22],[-7.24,38.35],[-7.27,38.67],[-7.12,38.74],[-6.99,39],[-7.26,39.38],[-7.42,39.45],[-7.44,39.64],[-6.9,39.77],[-6.84,40.03],[-7,40.1],[-7.01,40.23],[-6.87,40.36],[-6.93,41],[-6.25,41.46],[-6.27,41.65],[-6.35,41.65]]]}},{"type":"Feature","properties":{"NAME":"County of Blôis","C":1,"name":"County of Blôis","start_year":1250,"end_year":1293,"capital":"","type":"polity","region":"","event":"","source":"Cliopatria / Seshat Global History Databank (CC BY 4.0)","wikipedia":"County of Blois","wikidata":"Q19336869","_a":2,"_c":[1.36,47.86],"_nz":"布卢瓦伯国","_sz":""},"geometry":{"type":"Polygon","coordinates":[[[1.31,47.2],[1.4,47.07],[1.89,47.14],[1.77,47.86],[1.69,47.86],[1.73,48.46],[1.57,48.46],[1.39,48.65],[1.06,48.59],[0.82,48.46],[0.92,48.13],[0.93,48.06],[1.28,47.8],[1.2,47.73],[1.31,47.27],[1.31,47.2]]]}},{"type":"Feature","properties":{"NAME":"Banate of Bosnia","C":8,"name":"Banate of Bosnia","start_year":1250,"end_year":1284,"capital":"","type":"polity","region":"","event":"","source":"Cliopatria / Seshat Global History Databank (CC BY 4.0)","wikipedia":"Banate of Bosnia","wikidata":"Q3627069","_a":4,"_c":[18.42,44.13],"_nz":"波斯尼亚总督区","_sz":""},"geometry":{"type":"Polygon","coordinates":[[[19.5,44.06],[19.11,44.32],[19.3,44.84],[19.22,44.97],[18.97,44.84],[18,44.97],[17.42,44.65],[17.34,44.52],[17.41,44.25],[17.8,43.99],[17.87,43.73],[18.1,43.54],[18.01,43.28],[18.42,43.34],[18.67,43.67],[18.83,43.67],[19,43.86],[19.41,43.86],[19.5,43.99],[19.5,44.06]]]}},{"type":"Feature","properties":{"NAME":"Kingdom of Denmark","C":6,"name":"Kingdom of Denmark","start_year":1250,"end_year":1284,"capital":"","type":"polity","region":"","event":"","source":"Cliopatria / Seshat Global History Databank (CC BY 4.0)","wikipedia":"Danish Realm","wikidata":"Q756617","_a":113,"_c":[18.02,56.89],"_nz":"丹麦王国","_sz":""},"geometry":{"type":"MultiPolygon","coordinates":[[[[12.44,54.48],[13.05,54.48],[13.14,54.68],[13.41,54.75],[13.66,54.61],[13.66,54.41],[13.74,54.41],[13.74,54.27],[13.31,54.27],[13.39,54.21],[13.39,54.14],[12.7,54.07],[12.18,54.14],[12.09,54.27],[12.09,54.34],[12.18,54.34],[12.44,54.48]]],[[[14.64,55.09],[14.64,55.29],[14.99,55.23],[15.08,55.23],[15.07,55.02],[14.64,55.09]]],[[[10.45,55.98],[10.63,55.98],[10.63,55.77],[10.54,55.77],[10.36,55.77],[10.45,55.98]]],[[[10.36,56.11],[10.37,56.25],[10.28,56.25],[10.28,55.98],[10.01,55.91],[9.93,55.7],[9.75,55.7],[9.75,55.57],[10.63,55.63],[10.63,55.5],[10.8,55.43],[10.88,54.95],[10.71,54.75],[10.54,54.75],[10.54,55.02],[9.93,55.09],[10.01,55.02],[9.93,54.55],[10.19,54.55],[10.19,54.48],[9.93,54.27],[9.15,54.21],[8.89,54.34],[8.8,54.21],[8.72,54.21],[8.54,54.27],[8.54,54.41],[8.8,54.48],[8.8,54.61],[8.53,54.82],[8.44,55.23],[8.53,55.23],[8.53,55.36],[8.35,55.5],[8.09,55.5],[8.09,55.63],[8,55.63],[8.08,56.11],[7.99,56.11],[7.98,56.66],[8.24,56.73],[8.15,56.87],[8.24,56.87],[8.24,57.01],[8.5,57.21],[9.39,57.21],[9.66,57.42],[9.66,57.56],[9.83,57.56],[9.92,57.7],[10.46,57.77],[10.55,57.28],[10.28,57.08],[10.28,56.59],[10.9,56.52],[10.81,56.18],[10.54,56.18],[10.54,56.11],[10.36,56.11]]],[[[14.76,55.98],[14.32,55.98],[14.23,55.91],[14.3,55.36],[12.81,55.36],[12.73,55.5],[12.9,55.57],[12.91,55.77],[12.56,55.98],[12.56,55.7],[12.2,55.57],[12.38,55.43],[12.37,55.23],[12.11,55.16],[12.1,54.75],[10.88,54.75],[10.97,55.02],[11.67,54.89],[11.67,55.09],[11.5,55.23],[10.97,55.29],[11.06,55.57],[10.89,55.63],[10.89,55.77],[11.24,55.84],[11.33,56.05],[11.6,56.05],[11.77,55.84],[11.86,56.11],[12.48,56.18],[12.48,56.32],[12.66,56.32],[12.57,56.52],[12.75,56.52],[12.75,56.66],[12.4,56.8],[12.41,56.94],[12.14,57.08],[12.06,57.35],[11.79,57.42],[11.79,57.56],[11.8,57.63],[11.98,57.77],[12.33,57.77],[12.42,57.63],[12.6,57.63],[12.59,57.49],[13.12,57.14],[13.12,57.01],[13.29,56.94],[13.46,56.59],[15.93,56.52],[16.1,56.39],[16.09,56.32],[15.82,56.11],[14.77,56.18],[14.76,55.98]]],[[[27.37,59.16],[27.11,59.22],[26.54,59.02],[26.42,58.88],[26.15,58.88],[26.14,59.36],[25.95,59.36],[25.73,59.09],[25.18,59.02],[24.97,58.81],[24.59,58.67],[24.5,58.67],[24.41,58.67],[24.52,58.81],[24.36,58.95],[24.09,58.95],[24.11,59.09],[23.92,59.02],[23.84,59.16],[23.5,59.29],[23.96,59.36],[24.16,59.5],[25.35,59.57],[25.37,59.71],[26.45,59.64],[26.79,59.5],[27.79,59.5],[27.88,59.5],[28.06,59.5],[28.03,59.29],[27.73,59.16],[27.64,59.16],[27.55,59.16],[27.46,59.16],[27.37,59.16]]]]}},{"type":"Feature","properties":{"NAME":"Almohad Caliphate","C":5,"name":"Almohad Caliphate","start_year":1260,"end_year":1284,"capital":"","type":"polity","region":"","event":"","source":"Cliopatria / Seshat Global History Databank (CC BY 4.0)","wikipedia":"Almohad Caliphate","wikidata":"Q199688","_a":138,"_c":[-3.49,32.17],"_nz":"穆瓦希德王朝","_sz":""},"geometry":{"type":"MultiPolygon","coordinates":[[[[-3.29,35.19],[-2.98,35.26],[-2.99,35.45],[-2.84,35.45],[-2.82,35.13],[-2.2,35.07],[-2.12,35.07],[-2.11,34.94],[-1.72,34.68],[-1.58,33.52],[-1.58,33.46],[-1.57,33.33],[-1.88,33.33],[-2.54,32.75],[-2.84,32.62],[-2.83,32.49],[-3.2,32.24],[-3.19,32.04],[-3.35,32.11],[-3.42,31.91],[-3.64,31.79],[-3.56,31.66],[-3.78,31.59],[-3.77,31.34],[-3.92,31.4],[-4.21,31.14],[-4.21,31.01],[-4.65,30.69],[-4.57,30.56],[-4.87,30.5],[-5.44,29.92],[-5.59,29.92],[-5.88,29.67],[-5.88,29.54],[-6.18,29.54],[-7.2,28.77],[-7.35,28.77],[-7.56,28.51],[-8.01,28.38],[-8.66,27.93],[-10.47,27.93],[-11.62,28.25],[-10.98,28.83],[-10.47,29.09],[-10.33,29.34],[-10.04,29.54],[-10.05,29.67],[-9.83,29.79],[-9.63,30.18],[-9.65,30.5],[-9.88,30.56],[-9.86,31.34],[-9.78,31.34],[-9.73,31.72],[-9.51,31.85],[-9.52,31.98],[-9.31,32.17],[-9.33,32.49],[-9.2,32.75],[-8.55,33.33],[-7.13,33.84],[-7.06,33.97],[-6.9,33.91],[-6.61,34.16],[-6.7,34.29],[-6.47,34.36],[-6.48,34.49],[-6.33,34.55],[-6.28,34.87],[-6.2,34.87],[-6.29,35.07],[-6.13,35],[-6.15,35.19],[-6,35.32],[-5.88,35.77],[-5.34,35.84],[-5.24,35.52],[-4.75,35.19],[-3.36,35.19],[-3.29,35.19]]],[[[4.64,36.35],[4.56,36.35],[4.56,36.42],[4.64,36.42],[4.64,36.35]]]]}},{"type":"Feature","properties":{"NAME":"County of Holland","C":1,"name":"County of Holland","start_year":1260,"end_year":1304,"capital":"","type":"polity","region":"","event":"","source":"Cliopatria / Seshat Global History Databank (CC BY 4.0)","wikipedia":"County of Holland","wikidata":"Q762943","_a":3,"_c":[4.33,52.35],"_nz":"荷兰伯国","_sz":""},"geometry":{"type":"Polygon","coordinates":[[[4.75,51.78],[4.84,51.78],[4.83,51.85],[4.92,51.85],[5,51.85],[5.09,51.85],[5.17,51.85],[5.26,51.85],[5.25,52.05],[5,52.05],[5.07,52.32],[4.9,52.38],[4.89,52.52],[5.06,52.52],[5.06,52.65],[4.97,52.65],[4.87,52.99],[4.79,52.99],[4.86,53.19],[4.69,53.19],[4.61,53.12],[4.7,52.92],[4.53,52.86],[4.46,52.52],[4.22,52.32],[4.22,52.18],[3.97,52.05],[3.98,51.92],[3.81,51.92],[3.82,51.78],[3.65,51.78],[3.74,51.65],[3.4,51.65],[3.41,51.51],[4,51.51],[4.08,51.51],[4.24,51.71],[4.67,51.78],[4.75,51.78]]]}},{"type":"Feature","properties":{"NAME":"Mahdids","C":4,"name":"Mahdids","start_year":1260,"end_year":1474,"capital":"","type":"polity","region":"","event":"","source":"Cliopatria / Seshat Global History Databank (CC BY 4.0)","wikipedia":"Mahdids","wikidata":"Q1884830","_a":22,"_c":[57.72,23.82],"_nz":"马赫迪王朝","_sz":""},"geometry":{"type":"Polygon","coordinates":[[[56.73,24.46],[57.06,24.07],[57.49,23.88],[58.81,23.62],[59.08,23.3],[59.07,23.17],[59.28,23.04],[59.27,22.91],[59.54,22.66],[59.9,22.53],[59.86,22.08],[59.44,21.44],[59.2,21.31],[59.21,21.44],[58.86,21.69],[58.88,21.82],[58.24,22.27],[57.48,22.08],[57.19,22.14],[56.99,22.34],[56.83,22.27],[56.85,22.46],[56.63,22.53],[56.44,22.91],[56.23,23.04],[56.17,23.3],[55.89,23.43],[55.71,23.94],[55.56,23.94],[55.65,24.14],[55.58,24.14],[55.54,24.52],[55.54,24.59],[56.02,24.84],[56.05,25.23],[55.81,25.74],[55.81,25.81],[55.97,25.87],[56.17,26.32],[56.54,26.32],[56.4,25.68],[56.42,25.16],[56.5,25.16],[56.4,24.97],[56.54,24.91],[56.73,24.52],[56.73,24.46]]]}},{"type":"Feature","properties":{"NAME":"Hoysala Kingdom","C":4,"name":"Hoysala Kingdom","start_year":1260,"end_year":1284,"capital":"","type":"polity","region":"","event":"","source":"Cliopatria / Seshat Global History Databank (CC BY 4.0)","wikipedia":"Hoysala Kingdom","wikidata":"Q466581","_a":10,"_c":[76.37,13.48],"_nz":"霍伊萨拉王国","_sz":""},"geometry":{"type":"Polygon","coordinates":[[[75.16,12.08],[74.81,12.82],[74.61,13.86],[74.66,13.71],[75.14,13.99],[75.3,14.65],[76.29,14.68],[76.67,14.75],[76.93,14.96],[76.92,14.54],[77.06,14.31],[78.13,14.18],[78.13,13.36],[77.76,13.08],[76.54,13.2],[74.89,12.75],[75.28,12.02],[75.2,11.99],[75.16,12.08]]]}},{"type":"Feature","properties":{"NAME":"Pandya Empire","C":5,"name":"Pandya Empire","start_year":1260,"end_year":1313,"capital":"","type":"polity","region":"","event":"","source":"Cliopatria / Seshat Global History Databank (CC BY 4.0)","wikipedia":"Pandya Empire","wikidata":"Q844910","_a":31,"_c":[77.6,10.9],"_nz":"潘迪亚帝国","_sz":""},"geometry":{"type":"Polygon","coordinates":[[[80.28,13.72],[80.3,12.78],[80.2,12.4],[79.8,11.79],[79.92,10.3],[79.42,10.28],[79.26,10.15],[79.17,9.78],[78.92,9.42],[79.34,9.28],[78.73,9.22],[78.21,8.95],[78.07,8.3],[77.85,8.27],[77.66,8.06],[77.36,8.13],[76.6,8.95],[76.25,9.7],[75.71,11.49],[75.37,11.85],[74.89,12.75],[76.54,13.2],[77.76,13.08],[78.71,13.54],[79.2,13.63],[79.38,13.7],[79.41,13.58],[79.97,13.59],[80.24,13.74],[80.28,13.72]]]}},{"type":"Feature","properties":{"NAME":"Principality of Minsk","C":1,"name":"Principality of Minsk","start_year":1260,"end_year":1284,"capital":"","type":"polity","region":"","event":"","source":"Cliopatria / Seshat Global History Databank (CC BY 4.0)","wikipedia":"Principality of Minsk","wikidata":"Q2662372","_a":21,"_c":[28.32,55.14],"_nz":"明斯克公国","_sz":""},"geometry":{"type":"Polygon","coordinates":[[[26.52,53.33],[26.88,53.46],[27.49,53.46],[28.41,53.33],[28.57,53.19],[29.77,53.19],[30.39,53.87],[30.48,54.41],[30.41,54.48],[30.81,54.82],[30.97,55.23],[30.88,55.23],[30.93,55.5],[30.77,55.57],[30.8,55.77],[30.65,55.91],[30.68,56.05],[30.51,56.11],[30.47,56.39],[30.11,56.32],[29.75,56.8],[29.42,56.94],[28.38,57.08],[27.89,56.8],[27.88,56.73],[28.12,56.59],[28.15,56.18],[27.97,56.18],[27.47,55.77],[26.87,55.84],[26.5,55.7],[26.46,55.43],[26.71,55.36],[26.69,55.23],[25.97,55.02],[25.66,54.68],[25.68,54.14],[26,53.94],[25.97,53.73],[26.06,53.73],[25.93,53.39],[26.52,53.33]]]}},{"type":"Feature","properties":{"NAME":"County of Savoy","C":7,"name":"County of Savoy","start_year":1260,"end_year":1384,"capital":"","type":"polity","region":"","event":"","source":"Cliopatria / Seshat Global History Databank (CC BY 4.0)","wikipedia":"County of Savoy","wikidata":"Q1232887","_a":4,"_c":[6.86,45.6],"_nz":"萨伏依伯国","_sz":""},"geometry":{"type":"Polygon","coordinates":[[[6.97,44.78],[7.29,44.84],[7.2,45.3],[7.28,45.43],[7.44,45.56],[7.93,45.56],[8,45.89],[7.35,45.96],[6.93,46.41],[6.36,46.41],[6.53,46.09],[6.78,45.89],[6.29,45.76],[6.29,45.89],[6.04,45.89],[6.04,46.09],[5.87,46.09],[5.71,45.96],[5.72,45.69],[5.89,45.56],[6.22,45.5],[6.31,45.1],[6.63,45.1],[6.64,44.97],[6.97,44.84],[6.97,44.78]]]}},{"type":"Feature","properties":{"NAME":"Ceylon","C":0,"name":"Ceylon","start_year":1260,"end_year":1293,"capital":"","type":"polity","region":"","event":"","source":"Cliopatria / Seshat Global History Databank (CC BY 4.0)","wikipedia":"Sri Lanka","wikidata":"Q918153","_a":9,"_c":[80.77,7.87],"_nz":"锡兰","_sz":""},"geometry":{"type":"Polygon","coordinates":[[[81.26,8.58],[81.4,8.51],[81.45,8.13],[81.65,7.94],[81.77,7.49],[81.92,7.42],[81.88,6.71],[81.34,6.14],[80.67,5.88],[80.23,5.88],[79.95,6.14],[79.76,6.65],[79.74,7.68],[79.61,7.87],[79.62,8.06],[79.76,8.06],[79.81,8.77],[80.05,9.16],[79.99,9.41],[80.08,9.61],[79.86,9.67],[79.88,9.86],[80.45,9.74],[80.52,9.67],[80.44,9.54],[80.73,9.48],[80.72,9.35],[80.86,9.29],[80.85,9.16],[81,9.09],[80.99,8.96],[81.26,8.64],[81.26,8.58]],[[79.8,7.72],[79.85,7.28],[80.21,7.29],[80.56,7.46],[80.56,7.63],[80.31,7.93],[79.74,7.97],[79.77,7.86],[79.8,7.72]]]}},{"type":"Feature","properties":{"NAME":"Later Mayan City-States","C":2,"name":"Later Mayan City-States","start_year":1260,"end_year":1428,"capital":"","type":"polity","region":"","event":"","source":"Cliopatria / Seshat Global History Databank (CC BY 4.0)","wikipedia":"Maya civilization","wikidata":"Q28567","_a":18,"_c":[-88.95,19.57],"_nz":"后期玛雅城邦","_sz":""},"geometry":{"type":"Polygon","coordinates":[[[-86.72,20.92],[-86.75,21.5],[-86.92,21.63],[-87.22,21.63],[-87.34,21.5],[-88.48,21.63],[-89.18,21.37],[-89.98,21.31],[-90.17,21.11],[-90.32,21.11],[-90.42,20.41],[-90.49,20.41],[-90.43,20.02],[-90.74,19.7],[-90.81,19.25],[-91.16,19.12],[-91.2,18.93],[-91.07,18.99],[-90.39,18.48],[-90.37,18.35],[-89.71,17.9],[-89.76,17.77],[-89.32,17.77],[-88.61,17.51],[-88.17,17.51],[-88.1,18.03],[-88.03,18.03],[-88.08,18.35],[-88.23,18.35],[-88.25,18.48],[-87.99,18.74],[-87.96,18.54],[-88.04,18.54],[-87.91,18.22],[-87.7,18.29],[-87.73,18.48],[-87.45,19.06],[-87.49,19.31],[-87.37,19.44],[-87.39,19.57],[-87.55,19.64],[-87.29,19.89],[-87.35,20.21],[-86.71,20.86],[-86.72,20.92]]]}},{"type":"Feature","properties":{"NAME":"Crown of Castile","C":7,"name":"Crown of Castile","start_year":1260,"end_year":1284,"capital":"","type":"polity","region":"","event":"","source":"Cliopatria / Seshat Global History Databank (CC BY 4.0)","wikipedia":"Crown of Castile","wikidata":"Q217196","_a":66,"_c":[-4.9,39.97],"_nz":"卡斯蒂利亚王国","_sz":""},"geometry":{"type":"Polygon","coordinates":[[[-5.73,43.54],[-7.18,43.54],[-7.34,43.6],[-7.28,43.73],[-8.24,43.73],[-8.39,43.6],[-8.37,43.41],[-8.85,43.41],[-9.3,43.15],[-9.08,42.56],[-8.66,42.37],[-8.96,42.17],[-8.94,41.98],[-8.93,41.91],[-8.47,42.11],[-8.15,42.11],[-8.14,41.98],[-8.22,41.98],[-8.12,41.78],[-6.7,41.98],[-6.35,41.65],[-6.27,41.65],[-6.25,41.46],[-6.93,41],[-6.87,40.36],[-7.01,40.23],[-7,40.1],[-6.84,40.03],[-6.9,39.77],[-7.44,39.64],[-7.42,39.45],[-7.26,39.38],[-6.99,39],[-7.12,38.74],[-7.27,38.67],[-7.24,38.35],[-7,38.22],[-6.99,38.09],[-7.14,38.09],[-7.28,37.84],[-7.5,37.71],[-7.39,37.25],[-7.31,37.25],[-6.84,37.25],[-6.59,37],[-6.35,36.93],[-6.24,36.48],[-5.99,36.22],[-5.91,36.22],[-5.73,36.93],[-5.12,37.19],[-4.66,37.19],[-3.9,37.51],[-3.59,37.51],[-3.52,37.64],[-3.04,37.58],[-2.83,37.9],[-2.12,37.84],[-1.94,37.38],[-1.78,37.32],[-1.7,37.32],[-1.62,37.32],[-1.71,37.45],[-1.4,37.58],[-0.7,37.64],[-0.8,38.03],[-0.51,38.35],[-0.51,38.42],[-0.9,38.35],[-0.71,39.26],[-1.21,39.71],[-1.16,40.1],[-1.73,40.36],[-1.73,40.48],[-1.51,40.61],[-1.6,40.87],[-2.1,41.2],[-2.12,41.46],[-1.88,41.52],[-1.98,41.78],[-1.82,41.78],[-1.83,41.91],[-1.78,42.3],[-2.02,42.37],[-2.2,42.69],[-1.84,43.21],[-1.85,43.34],[-1.85,43.41],[-3.3,43.34],[-3.47,43.47],[-4.99,43.41],[-5.65,43.54],[-5.73,43.54]]]}},{"type":"Feature","properties":{"NAME":"Bahrani Dynasty","C":3,"name":"Bahrani Dynasty","start_year":1260,"end_year":1439,"capital":"","type":"polity","region":"","event":"","source":"Cliopatria / Seshat Global History Databank (CC BY 4.0)","wikipedia":"Al-Ahsa Oasis","wikidata":"Q311341","_a":54,"_c":[51.75,26.84],"_nz":"巴林王朝","_sz":""},"geometry":{"type":"MultiPolygon","coordinates":[[[[55.46,24.52],[55.46,24.46],[54.81,23.94],[53.97,23.69],[51.88,23.69],[51.82,23.88],[51.17,24.07],[51.18,24.2],[50.48,24.78],[50.03,25.68],[49.67,25.87],[49.88,26.45],[49.25,26.97],[49.27,27.09],[49.06,27.29],[48.55,27.48],[48.53,27.99],[48.47,28.12],[48.25,28.19],[48.21,28.51],[48.06,28.51],[48.14,28.64],[47.87,28.89],[47.9,29.15],[47.89,29.09],[47.82,29.09],[47.82,29.12],[47.74,29.09],[47.45,29.22],[47.46,29.28],[47.57,29.6],[48.07,29.99],[48.06,29.92],[48.37,29.92],[48.4,29.6],[47.87,29.54],[47.85,29.41],[48.08,29.41],[48.22,29.28],[48.19,29.09],[48.46,28.77],[48.45,28.7],[48.44,28.57],[48.58,28.51],[48.56,28.32],[48.97,27.93],[48.87,27.67],[49.24,27.61],[49.36,27.29],[50.13,26.77],[50.12,26.58],[50.25,26.45],[50.22,26.13],[50.07,26.07],[50.21,26],[50.33,25.62],[50.61,25.42],[50.65,25.1],[50.73,25.1],[50.77,25.55],[50.92,25.62],[50.95,25.94],[51.12,26.13],[51.42,26.13],[51.7,25.87],[51.57,25.36],[51.72,25.29],[51.69,24.97],[51.52,24.78],[51.41,24.33],[51.85,24.26],[51.91,24.01],[52.28,24.01],[52.6,24.26],[53.11,24.14],[54.08,24.14],[54.1,24.33],[54.32,24.26],[54.56,24.46],[54.74,24.84],[55.14,25.1],[55.41,25.55],[55.73,25.74],[55.81,25.74],[56.05,25.23],[56.02,24.84],[55.54,24.59],[55.54,24.52],[55.46,24.52]]],[[[50.65,25.87],[50.43,25.94],[50.46,26.26],[50.69,26.26],[50.67,26.13],[50.67,26.07],[50.65,25.87]]]]}},{"type":"Feature","properties":{"NAME":"Kakatiya Dynasty","C":1,"name":"Kakatiya Dynasty","start_year":1260,"end_year":1313,"capital":"","type":"polity","region":"","event":"","source":"Cliopatria / Seshat Global History Databank (CC BY 4.0)","wikipedia":"Kakatiya dynasty","wikidata":"Q2086556","_a":48,"_c":[79.22,16.64],"_nz":"卡卡提亚王朝","_sz":""},"geometry":{"type":"Polygon","coordinates":[[[83.15,17.58],[82.57,17.79],[81.63,18.9],[80.97,19.33],[79.29,19.7],[77.8,19.42],[76.76,17.62],[75.74,17.09],[75.61,15.77],[75.3,14.65],[76.29,14.68],[76.67,14.75],[77.52,15.31],[78.37,15.28],[79.09,14.66],[79.35,13.87],[79.38,13.7],[79.41,13.58],[79.97,13.59],[80.24,13.74],[80.24,13.77],[80.05,15.07],[80.29,15.71],[80.65,15.9],[80.98,15.76],[81.29,16.34],[81.76,16.33],[82.26,16.56],[82.36,17.1],[82.98,17.46],[83.15,17.58]]]}},{"type":"Feature","properties":{"NAME":"Mamluk Dynasty","C":1,"name":"Mamluk Dynasty","start_year":1260,"end_year":1284,"capital":"","type":"polity","region":"","event":"","source":"Cliopatria / Seshat Global History Databank (CC BY 4.0)","wikipedia":"Mamluk dynasty (Delhi)","wikidata":"Q847420","_a":302,"_c":[79.15,27.71],"_nz":"马穆鲁克王朝","_sz":""},"geometry":{"type":"Polygon","coordinates":[[[79.82,23.43],[79.64,23.21],[79.02,23.08],[78.75,22.79],[77.71,22.66],[77.24,22.46],[74.45,22.21],[74.22,22.72],[74.22,23.36],[74.09,23.56],[74.1,24.2],[74.02,24.2],[74.33,25.87],[74.26,25.87],[74.3,26.19],[74.23,26.19],[74.31,26.71],[74.2,26.97],[73.63,27.16],[72.8,27.16],[72.31,26.9],[72.1,26.52],[71.97,25.1],[71.46,24.59],[70.76,24.39],[70.59,24.2],[69.05,23.81],[68.68,23.81],[68.42,23.56],[68.13,23.56],[68.16,23.81],[67.49,23.88],[67.44,24.07],[67.36,24.07],[67.54,24.26],[67.76,24.91],[68.22,25.55],[68.19,25.94],[68.06,26.07],[67.99,26.64],[67.92,26.64],[68.09,27.29],[68.52,27.67],[69.23,27.87],[69.5,28.12],[69.73,28.19],[69.76,28.32],[70.17,28.51],[70.39,28.96],[70.85,32.04],[71.17,32.49],[71.23,32.75],[71.59,33.01],[71.48,33.2],[71.53,33.39],[72.14,34.04],[72.46,34.1],[72.42,33.91],[73.08,33.78],[73.2,33.65],[73.15,33.46],[74.03,33.26],[74.38,32.81],[74.67,32.75],[74.7,32.56],[74.9,32.43],[75.21,32.43],[75.33,32.3],[76.4,32.3],[76.52,32.17],[77.04,32.11],[77.3,31.91],[78.04,31.79],[78.45,31.59],[78.43,31.53],[78.22,31.27],[77.9,31.21],[77.62,30.95],[77.23,29.86],[77.85,29.22],[78.54,28.89],[78.59,28.77],[78.88,28.7],[78.93,28.57],[79.84,28.19],[80.28,28.12],[80.4,27.99],[81.97,27.54],[82.87,27.09],[84.16,26.77],[84.49,26.52],[86.3,26.19],[87.43,26.19],[88.74,26],[90.03,26.07],[90.29,25.87],[90.4,25.62],[90.34,25.29],[89.97,24.91],[89.97,24.46],[90.13,24.07],[90.68,23.75],[90.64,23.04],[90.54,22.85],[90.69,22.85],[90.8,22.59],[90.94,22.53],[90.86,22.01],[90.63,21.95],[90.65,22.08],[90.43,22.08],[90.23,21.76],[89.9,22.01],[89.87,21.82],[89.71,21.76],[89.12,21.76],[89.1,21.63],[88.73,21.63],[88.72,22.08],[88.64,22.08],[88.51,21.69],[88.37,21.69],[88.35,21.56],[88.13,21.63],[88.18,21.95],[88.1,21.95],[87.76,21.63],[87.22,21.5],[86.98,21.31],[86.91,21.31],[87.1,21.5],[86.01,22.71],[85.05,22.91],[83.3,22.61],[83.13,22.46],[82.73,22.54],[81.32,22.98],[81.27,23.17],[81.07,23.3],[81.08,23.43],[80.88,23.56],[80.9,23.69],[80.68,23.75],[80.75,23.74],[82.56,23.88],[82.93,24.3],[83.58,24.39],[83.02,24.79],[82.47,24.83],[81.4,25.36],[81.04,25.72],[80.75,25.76],[80.04,26.14],[79.55,25.94],[79.53,25.63],[78.82,25.1],[78.82,24.39],[79.31,23.3],[79.53,23.41],[79.9,23.53],[79.9,23.49],[79.83,23.49],[79.82,23.43]]]}},{"type":"Feature","properties":{"NAME":"Yadava Dynasty","C":0,"name":"Yadava Dynasty","start_year":1260,"end_year":1313,"capital":"","type":"polity","region":"","event":"","source":"Cliopatria / Seshat Global History Databank (CC BY 4.0)","wikipedia":"Yadava Dynasty","wikidata":"Q5790","_a":100,"_c":[77.9,18.51],"_nz":"雅达瓦王朝","_sz":""},"geometry":{"type":"Polygon","coordinates":[[[74.61,13.85],[74.38,14.49],[73.8,15.4],[73.93,15.4],[73.77,15.57],[73.83,15.66],[73.68,15.71],[73.34,16.46],[72.88,18.64],[73.01,19.02],[72.97,19.15],[72.83,18.98],[72.8,19.08],[72.81,19.3],[72.99,19.28],[72.79,19.36],[72.67,19.83],[72.89,20.67],[72.81,21.12],[72.72,21.15],[74.39,21.71],[76.87,21.72],[77.21,22.1],[78.38,22.41],[79.02,23.08],[79.25,23.16],[80.34,23.3],[82.73,22.54],[83.13,22.46],[82.43,20.44],[81.55,20.17],[81.12,19.71],[80.97,19.33],[79.29,19.7],[77.8,19.42],[76.76,17.62],[75.74,17.09],[75.61,15.77],[75.3,14.65],[75.2,14.32],[75.14,13.99],[74.68,13.72],[74.66,13.71],[74.61,13.85]]]}},{"type":"Feature","properties":{"NAME":"Eastern Ganga Kingdom","C":9,"name":"Eastern Ganga Kingdom","start_year":1260,"end_year":1293,"capital":"","type":"polity","region":"","event":"","source":"Cliopatria / Seshat Global History Databank (CC BY 4.0)","wikipedia":"Eastern Ganga dynasty","wikidata":"Q250515","_a":33,"_c":[84.04,20.24],"_nz":"东恒伽王国","_sz":""},"geometry":{"type":"Polygon","coordinates":[[[81.63,18.9],[82.57,17.79],[83.15,17.58],[83.2,17.61],[83.65,18.07],[84.1,18.29],[84.77,19.13],[85.44,19.63],[85.18,19.59],[85.25,19.76],[85.5,19.89],[85.5,19.7],[85.58,19.69],[86.22,19.9],[86.31,19.99],[86.25,20.05],[86.38,20.01],[86.75,20.31],[86.98,20.7],[86.86,21.24],[86.91,21.31],[87.1,21.5],[86.01,22.71],[85.05,22.91],[83.3,22.61],[83.13,22.46],[82.43,20.44],[81.55,20.17],[81.12,19.71],[80.97,19.33],[81.63,18.9]]]}},{"type":"Feature","properties":{"NAME":"Republic of Pisa","C":4,"name":"Republic of Pisa","start_year":1260,"end_year":1394,"capital":"","type":"polity","region":"","event":"","source":"Cliopatria / Seshat Global History Databank (CC BY 4.0)","wikipedia":"Republic of Pisa","wikidata":"Q1365493","_a":12,"_c":[9.56,41.4],"_nz":"比萨共和国","_sz":""},"geometry":{"type":"MultiPolygon","coordinates":[[[[9.5,41.2],[9.82,40.74],[9.82,40.36],[9.67,40.29],[9.74,40.16],[9.67,39.19],[9.12,39.19],[8.97,38.87],[8.42,38.93],[8.33,39.51],[8.41,39.51],[8.41,39.58],[8.96,39.64],[9.27,40.03],[9.43,40.16],[9.27,40.42],[9.43,40.68],[9.19,40.68],[9.34,40.94],[9.03,41],[8.95,41.13],[8.95,41.2],[9.03,41.2],[9.02,41.26],[9.1,41.26],[9.5,41.2]]],[[[9.49,43.02],[9.49,42.76],[9.57,42.76],[9.58,41.98],[9.5,41.98],[9.34,41.52],[8.62,41.72],[8.7,41.91],[8.54,42.11],[8.53,42.5],[8.77,42.69],[9.17,42.76],[9.25,43.02],[9.33,43.02],[9.49,43.02]]],[[[10.46,42.89],[10.46,42.69],[10.21,42.69],[10.13,42.89],[10.21,42.89],[10.46,42.89]]],[[[10.29,43.86],[10.21,43.86],[10.21,43.93],[10.7,43.8],[10.62,43.34],[10.78,43.21],[10.78,43.15],[10.78,42.95],[10.54,43.08],[10.45,43.47],[10.29,43.67],[10.29,43.73],[10.29,43.8],[10.29,43.86]]]]}},{"type":"Feature","properties":{"NAME":"Kingdom of Arles","C":9,"name":"Kingdom of Arles","start_year":1260,"end_year":1284,"capital":"","type":"polity","region":"","event":"","source":"Cliopatria / Seshat Global History Databank (CC BY 4.0)","wikipedia":"Kingdom of Arles","wikidata":"Q3271735","_a":4,"_c":[4.6,46.98],"_nz":"阿尔勒王国","_sz":""},"geometry":{"type":"Polygon","coordinates":[[[3.75,47.86],[3.83,47.86],[3.83,47.93],[3.91,47.93],[4.17,47.66],[4.34,47.66],[4.58,47.86],[4.57,47.99],[4.82,47.99],[5.25,47.6],[5.58,47.66],[5.59,47.14],[5.43,47.07],[5.3,46.28],[4.97,46.28],[4.9,46.02],[4.73,45.96],[4.23,46.28],[4.14,46.61],[3.8,46.68],[3.96,46.81],[3.87,47.14],[3.95,47.14],[3.94,47.33],[3.61,47.4],[3.6,47.53],[3.77,47.53],[3.75,47.8],[3.75,47.86]]]}},{"type":"Feature","properties":{"NAME":"County of Tripoli","C":4,"name":"County of Tripoli","start_year":1272,"end_year":1284,"capital":"","type":"polity","region":"","event":"","source":"Cliopatria / Seshat Global History Databank (CC BY 4.0)","wikipedia":"County of Tripoli","wikidata":"Q272033","_a":0,"_c":[35.96,34.42],"_nz":"的黎波里伯国","_sz":""},"geometry":{"type":"Polygon","coordinates":[[[36.03,34.36],[36.12,34.49],[35.97,34.55],[35.79,34.29],[36.02,34.29],[36.03,34.36]]]}},{"type":"Feature","properties":{"NAME":"County of Touraine","C":6,"name":"County of Touraine","start_year":1272,"end_year":1304,"capital":"","type":"polity","region":"","event":"","source":"Cliopatria / Seshat Global History Databank (CC BY 4.0)","wikipedia":"Touraine","wikidata":"Q605051","_a":2,"_c":[1.75,46.06],"_nz":"图赖讷伯国","_sz":""},"geometry":{"type":"Polygon","coordinates":[[[2.54,45.82],[2.6,46.15],[2.43,46.35],[2.18,46.41],[0.94,46.55],[0.95,46.35],[1.21,46.22],[1.21,46.09],[0.97,46.02],[0.9,45.82],[2.3,45.56],[2.54,45.82]]]}},{"type":"Feature","properties":{"NAME":"House of Luxembourg","C":3,"name":"House of Luxembourg","start_year":1272,"end_year":1293,"capital":"","type":"polity","region":"","event":"","source":"Cliopatria / Seshat Global History Databank (CC BY 4.0)","wikipedia":"House of Luxembourg","wikidata":"Q122293","_a":1,"_c":[5.8,49.99],"_nz":"卢森堡王朝","_sz":""},"geometry":{"type":"Polygon","coordinates":[[[5.6,49.52],[5.26,49.65],[5.25,49.78],[5.34,49.78],[5.4,50.25],[5.57,50.31],[5.56,50.45],[5.73,50.45],[6.07,50.31],[6.17,49.91],[6.34,49.85],[6.35,49.52],[5.68,49.52],[5.6,49.52]]]}},{"type":"Feature","properties":{"NAME":"Duchy of Styria","C":6,"name":"Duchy of Styria","start_year":1272,"end_year":1421,"capital":"","type":"polity","region":"","event":"","source":"Cliopatria / Seshat Global History Databank (CC BY 4.0)","wikipedia":"Duchy of Styria","wikidata":"Q580447","_a":0,"_c":[13.44,46.06],"_nz":"施蒂里亚公国","_sz":""},"geometry":{"type":"Polygon","coordinates":[[[13.56,46.02],[13.48,46.15],[13.31,46.15],[13.31,45.96],[13.47,46.02],[13.56,46.02]]]}},{"type":"Feature","properties":{"NAME":"Margraviate of Brandenburg","C":4,"name":"Margraviate of Brandenburg","start_year":1272,"end_year":1304,"capital":"","type":"polity","region":"","event":"","source":"Cliopatria / Seshat Global History Databank (CC BY 4.0)","wikipedia":"Margraviate of Brandenburg","wikidata":"Q148499","_a":11,"_c":[13.97,53.1],"_nz":"勃兰登堡边疆侯国","_sz":""},"geometry":{"type":"Polygon","coordinates":[[[16.01,52.86],[16.28,53.12],[16.71,53.19],[16.72,53.39],[16.9,53.53],[16.66,53.8],[16.31,53.8],[16.41,54],[15.98,54.07],[16.05,53.66],[15.79,53.73],[15.7,53.66],[15.78,53.46],[15.44,53.53],[15.26,53.26],[14.82,53.19],[14.65,53.06],[14.48,53.06],[14.23,53.26],[14.32,53.39],[13.9,53.73],[13.55,53.66],[13.2,53.33],[12.17,53.39],[11.91,53.6],[11.74,53.6],[11.56,53.39],[11.31,53.46],[11.13,53.33],[11.22,53.19],[11.39,53.19],[11.39,53.06],[11.22,53.06],[11.04,52.86],[11.04,52.65],[11.21,52.65],[11.04,52.38],[12.24,52.52],[12.49,52.45],[12.49,52.32],[12.41,52.32],[12.49,52.12],[13.17,52.12],[13.17,52.25],[13.43,52.18],[13.68,52.32],[13.69,52.45],[14.62,52.32],[14.71,52.32],[14.71,52.45],[15.05,52.45],[15.31,52.52],[15.23,52.65],[16.01,52.79],[16.01,52.86]]]}},{"type":"Feature","properties":{"NAME":"Thessaly","C":9,"name":"Thessaly","start_year":1272,"end_year":1325,"capital":"","type":"polity","region":"","event":"","source":"Cliopatria / Seshat Global History Databank (CC BY 4.0)","wikipedia":"Thessaly","wikidata":"Q166919","_a":3,"_c":[22.25,39.64],"_nz":"色萨利","_sz":""},"geometry":{"type":"Polygon","coordinates":[[[22.24,38.87],[22.31,38.87],[22.39,38.87],[22.94,38.87],[23.02,38.87],[22.96,39.13],[22.8,39.06],[22.82,39.38],[23.14,39.45],[22.61,39.9],[22.7,40.1],[22.54,40.1],[22.56,40.29],[22.56,40.36],[22.09,40.42],[22,40.23],[21.36,40.1],[21.5,39.77],[21.65,39.71],[21.65,39.58],[22.24,38.93],[22.24,38.87]]]}},{"type":"Feature","properties":{"NAME":"Teutonic Order","C":7,"name":"Teutonic Order","start_year":1272,"end_year":1304,"capital":"","type":"polity","region":"","event":"","source":"Cliopatria / Seshat Global History Databank (CC BY 4.0)","wikipedia":"Teutonic Order","wikidata":"Q48189","_a":62,"_c":[23.34,56.14],"_nz":"条顿骑士团国","_sz":""},"geometry":{"type":"MultiPolygon","coordinates":[[[[22.66,54.27],[22.48,54.21],[22.46,54],[22.55,54],[22.42,53.6],[21.29,53.46],[20.93,53.26],[20.67,53.26],[20.4,53.06],[19.72,53.26],[19.63,53.12],[19.1,52.92],[18.93,52.92],[18.69,53.19],[18.52,53.19],[18.53,53.33],[18.97,53.46],[19.06,53.6],[19.41,53.6],[19.42,53.8],[19.26,53.94],[19.38,54.34],[19.46,54.34],[19.56,54.48],[19.82,54.48],[19.83,54.61],[20,54.61],[19.84,54.68],[19.95,55.02],[20.65,55.09],[20.73,54.95],[20.99,54.95],[21.2,55.36],[20.97,55.63],[20.98,55.84],[20.99,55.91],[21.25,55.84],[21.24,55.7],[21.64,55.36],[22.07,55.29],[22.31,55.09],[22.57,55.09],[22.81,54.89],[22.7,54.68],[22.7,54.61],[22.66,54.27]]],[[[25.7,56.94],[25.77,56.8],[25.94,56.8],[26.18,56.59],[26.07,56.46],[26.32,56.32],[26.37,56.05],[26.81,56.05],[27.09,56.18],[26.93,56.25],[26.87,56.46],[26.59,56.39],[26.46,56.66],[26.83,56.8],[27.18,56.8],[27.16,56.66],[27.79,56.73],[27.88,56.73],[28.12,56.59],[28.15,56.18],[27.97,56.18],[27.47,55.77],[26.87,55.84],[26.5,55.7],[25.83,55.98],[25.76,56.11],[25.07,56.18],[24.83,56.39],[24.11,56.25],[22.19,56.46],[22.2,56.52],[21.84,56.52],[21.77,56.66],[21.87,56.73],[21.7,56.8],[21.57,56.46],[21.57,56.39],[20.92,56.05],[20.92,56.11],[20.87,56.46],[20.95,56.46],[20.99,56.8],[21.25,56.73],[21.23,56.59],[21.42,56.66],[21.37,57.08],[21.28,57.08],[21.31,57.35],[21.51,57.56],[21.68,57.49],[21.65,57.21],[22,57.21],[22.2,57.42],[22.37,57.35],[22.75,57.49],[22.67,57.63],[22.85,57.63],[23.41,57.08],[23.67,57.01],[23.47,56.87],[23.74,56.87],[23.81,56.73],[24.44,56.8],[24.53,56.8],[25.5,56.8],[25.7,56.94]]],[[[21.69,56.73],[21.78,56.73],[21.77,56.66],[21.68,56.66],[21.69,56.73]]],[[[26.75,58.67],[26.83,58.6],[26.73,58.53],[26.68,58.18],[26.77,58.18],[26.74,57.97],[27.11,58.04],[27.27,57.97],[27.25,57.83],[27.43,57.83],[27.4,57.63],[27.2,57.49],[27.26,57.28],[26.89,57.21],[26.64,57.35],[25.94,57.42],[25.96,57.56],[25.43,57.56],[25.33,57.49],[25.49,57.35],[25.36,57.08],[24.45,56.87],[23.94,57.08],[24.14,57.28],[24.4,57.21],[24.61,57.42],[24.79,57.42],[24.72,57.63],[24.99,57.63],[24.92,57.77],[25.01,57.77],[25.03,57.9],[24.6,58.04],[24.23,57.97],[24.38,58.46],[24.58,58.6],[24.59,58.67],[24.97,58.81],[25.18,59.02],[25.73,59.09],[25.95,59.36],[26.14,59.36],[26.15,58.88],[26.42,58.88],[26.54,59.02],[27.11,59.22],[27.37,59.16],[27.36,59.09],[27.4,58.81],[26.96,58.88],[26.87,58.88],[26.93,58.67],[26.75,58.67]]],[[[22.43,58.67],[22.88,58.67],[22.77,58.46],[22.93,58.32],[22.29,58.18],[22.08,57.9],[21.9,57.9],[22.02,58.18],[21.94,58.25],[22.21,58.32],[22.3,58.32],[22.51,58.53],[22.43,58.67]]],[[[23.68,58.6],[23.67,58.46],[23.49,58.46],[23.43,58.74],[23.62,58.81],[23.71,58.81],[23.87,58.67],[23.68,58.6]]],[[[22.9,58.81],[22.38,59.02],[22.39,59.09],[22.84,59.09],[22.9,58.81]]]]}},{"type":"Feature","properties":{"NAME":"Samudera Pasai Sultanate","C":3,"name":"Samudera Pasai Sultanate","start_year":1272,"end_year":1351,"capital":"","type":"polity","region":"","event":"","source":"Cliopatria / Seshat Global History Databank (CC BY 4.0)","wikipedia":"Samudera Pasai Sultanate","wikidata":"Q3284315","_a":2,"_c":[96.5,5.17],"_nz":"苏木都剌巴赛苏丹国","_sz":""},"geometry":{"type":"Polygon","coordinates":[[[97.24,4.85],[97.4,5.24],[96.24,5.24],[95.95,5.36],[95.75,5.62],[95.6,5.62],[95.65,5.24],[95.86,5.04],[96.79,4.72],[97.01,4.72],[97.16,4.85],[97.24,4.85]]]}},{"type":"Feature","properties":{"NAME":"County of Flanders","C":4,"name":"County of Flanders","start_year":1272,"end_year":1304,"capital":"","type":"polity","region":"","event":"","source":"Cliopatria / Seshat Global History Databank (CC BY 4.0)","wikipedia":"County of Flanders","wikidata":"Q157070","_a":15,"_c":[3.65,49],"_nz":"佛兰德伯国","_sz":""},"geometry":{"type":"MultiPolygon","coordinates":[[[[3.65,46.55],[2.98,46.68],[2.79,47.2],[2.62,47.4],[2.37,47.47],[2.36,47.66],[2.44,47.66],[2.43,47.86],[2.76,47.8],[3.01,47.86],[3.08,47.99],[3.58,47.93],[3.75,47.8],[3.77,47.53],[3.6,47.53],[3.61,47.4],[3.94,47.33],[3.95,47.14],[3.87,47.14],[3.96,46.81],[3.8,46.68],[3.81,46.61],[3.73,46.61],[3.73,46.55],[3.65,46.55]]],[[[4.97,50.58],[5.23,50.38],[5.16,49.98],[4.99,49.98],[4.56,50.31],[4.39,50.25],[4.41,49.98],[4.32,49.98],[4.24,49.98],[4.15,49.98],[4.14,50.25],[3.97,50.38],[3.63,50.38],[3.46,50.51],[3.13,50.38],[2.78,50.65],[2.27,50.65],[2.26,50.78],[2.09,50.78],[2.07,51.11],[2.16,51.11],[2.99,51.31],[3.16,51.45],[4,51.45],[4.09,51.45],[4.26,51.31],[4.27,51.18],[4.03,50.91],[4.04,50.71],[4.21,50.71],[4.21,50.58],[4.55,50.45],[4.8,50.58],[4.89,50.58],[4.97,50.58]]]]}},{"type":"Feature","properties":{"NAME":"County of Brabant","C":3,"name":"County of Brabant","start_year":1272,"end_year":1293,"capital":"","type":"polity","region":"","event":"","source":"Cliopatria / Seshat Global History Databank (CC BY 4.0)","wikipedia":"Landgraviate of Brabant","wikidata":"Q751868","_a":2,"_c":[4.91,51.15],"_nz":"布拉班特伯国","_sz":""},"geometry":{"type":"Polygon","coordinates":[[[4.89,50.58],[4.97,50.58],[5.05,50.71],[5.22,50.71],[5.28,51.18],[5.78,51.38],[5.78,51.51],[5.61,51.65],[5.26,51.71],[5.17,51.85],[5.09,51.85],[5,51.85],[4.92,51.85],[4.83,51.85],[4.84,51.78],[4.75,51.78],[4.67,51.78],[4.24,51.71],[4.08,51.51],[4.09,51.45],[4.26,51.31],[4.27,51.18],[4.03,50.91],[4.04,50.71],[4.21,50.71],[4.21,50.58],[4.55,50.45],[4.8,50.58],[4.89,50.58]]]}},{"type":"Feature","properties":{"NAME":"Ethiopian Empire","C":11,"name":"Ethiopian Empire","start_year":1272,"end_year":1284,"capital":"","type":"polity","region":"","event":"","source":"Cliopatria / Seshat Global History Databank (CC BY 4.0)","wikipedia":"Ethiopian Empire","wikidata":"Q207521","_a":32,"_c":[38.63,12.95],"_nz":"埃塞俄比亚帝国","_sz":""},"geometry":{"type":"MultiPolygon","coordinates":[[[[36.72,11.41],[36.65,11.41],[36.65,11.47],[36.73,11.47],[36.72,11.41]]],[[[39.67,13.72],[39.81,13.59],[39.73,13.34],[39.8,13.34],[39.79,13.01],[39.85,12.82],[40,12.76],[40.52,11.09],[40.48,10.12],[40.56,10.12],[40.61,9.48],[40.46,9.48],[40.46,9.35],[40.08,9.09],[40.08,8.96],[39.57,8.96],[39.5,9.09],[39.28,9.03],[39.28,9.16],[38.36,9.93],[38.36,10.06],[38.15,10.25],[37.93,10.19],[38,10.31],[36.93,11.15],[36.87,11.34],[36.72,11.28],[36.8,11.41],[36.75,12.24],[36.91,12.44],[37,12.89],[37.22,13.14],[37.16,13.34],[37.31,13.34],[37.62,13.91],[37.56,14.17],[37.87,14.69],[38.14,15.65],[38.29,15.71],[38.53,16.23],[38.68,16.29],[39.08,16.94],[39.22,16.81],[39.27,16.23],[39.47,15.91],[39.46,15.71],[39.68,15.52],[39.73,15.2],[39.88,15.2],[39.88,15.07],[39.87,15.01],[39.67,13.72]]],[[[38.14,15.71],[38.14,15.78],[38.22,15.78],[38.21,15.71],[38.14,15.71]]]]}},{"type":"Feature","properties":{"NAME":"Kingdom of Serbia","C":2,"name":"Kingdom of Serbia","start_year":1272,"end_year":1284,"capital":"","type":"polity","region":"","event":"","source":"Cliopatria / Seshat Global History Databank (CC BY 4.0)","wikipedia":"Kingdom of Serbia","wikidata":"Q241748","_a":15,"_c":[19.95,43.41],"_nz":"塞尔维亚王国","_sz":""},"geometry":{"type":"Polygon","coordinates":[[[21.82,43.73],[21.36,44.12],[21.12,44.19],[21.13,44.32],[20.57,44.52],[20.66,44.65],[20.67,44.71],[20.52,44.97],[20.28,44.97],[20.11,44.84],[19.3,44.84],[19.11,44.32],[19.5,44.06],[19.5,43.99],[19.41,43.86],[19,43.86],[18.83,43.67],[18.67,43.67],[18.42,43.34],[18.01,43.28],[18.01,43.15],[17.76,43.15],[17.6,43.02],[18.08,43.02],[18.23,42.82],[18.23,42.76],[18.46,42.5],[18.85,42.37],[19.39,41.85],[19.71,41.98],[19.71,41.91],[20.44,42.11],[20.58,41.85],[21,42.17],[21.24,42.11],[21.49,42.3],[22.13,42.3],[22.29,42.37],[22.3,42.5],[22.16,42.82],[21.93,43.02],[22.13,43.6],[22.05,43.6],[22.06,43.67],[21.98,43.67],[21.9,43.67],[21.9,43.73],[21.82,43.73]]]}},{"type":"Feature","properties":{"NAME":"Dauphiné","C":4,"name":"Dauphiné","start_year":1272,"end_year":1313,"capital":"","type":"polity","region":"","event":"","source":"Cliopatria / Seshat Global History Databank (CC BY 4.0)","wikipedia":"Dauphiné","wikidata":"Q151999","_a":2,"_c":[5.34,45.14],"_nz":"多菲内","_sz":""},"geometry":{"type":"Polygon","coordinates":[[[4.36,45.17],[5.09,45.17],[5.08,45.3],[5.33,45.3],[5.27,44.71],[5.76,44.58],[5.84,44.58],[5.84,44.65],[5.92,44.65],[5.91,44.71],[6.32,44.84],[6.31,45.1],[6.22,45.5],[5.89,45.56],[5.81,45.43],[5.65,45.43],[5.48,45.69],[5.23,45.69],[5,45.37],[4.59,45.37],[4.51,45.37],[4.43,45.37],[4.35,45.37],[4.35,45.3],[4.35,45.24],[4.36,45.17]]]}},{"type":"Feature","properties":{"NAME":"Kingdom of Alba","C":2,"name":"Kingdom of Alba","start_year":1272,"end_year":1284,"capital":"","type":"polity","region":"","event":"","source":"Cliopatria / Seshat Global History Databank (CC BY 4.0)","wikipedia":"Kingdom of Alba","wikidata":"Q1991742","_a":23,"_c":[-4.71,56.71],"_nz":"阿尔巴王国","_sz":""},"geometry":{"type":"MultiPolygon","coordinates":[[[[-1.85,57.7],[-1.82,57.42],[-2.08,57.28],[-2.21,56.87],[-2.53,56.59],[-2.79,56.52],[-2.67,56.25],[-3.27,56.11],[-3,56.05],[-2.66,56.11],[-2.19,55.91],[-2.11,55.91],[-2.27,55.77],[-2.24,55.5],[-2.56,55.23],[-2.73,55.23],[-2.81,55.09],[-3.14,54.95],[-3.4,54.95],[-3.49,54.95],[-3.74,54.82],[-4.42,54.75],[-4.95,54.82],[-4.94,54.68],[-5.11,54.68],[-5.33,55.02],[-5.15,55.02],[-5.17,55.16],[-4.77,55.43],[-4.79,55.63],[-4.98,55.7],[-5,55.84],[-5.44,55.91],[-5.43,55.77],[-5.16,55.77],[-5.12,55.43],[-5.38,55.43],[-5.57,55.57],[-5.63,55.29],[-5.89,55.29],[-5.92,55.5],[-5.69,55.77],[-5.8,55.98],[-5.89,55.98],[-5.95,55.77],[-6.13,55.77],[-6.19,55.57],[-6.36,55.57],[-6.38,55.7],[-6.63,55.63],[-6.51,55.98],[-6.07,55.98],[-5.92,56.18],[-5.66,56.18],[-5.68,56.39],[-6.29,56.32],[-6.23,56.52],[-6.34,56.66],[-5.91,56.73],[-5.95,57.01],[-6.06,57.14],[-6.41,57.14],[-6.62,57.35],[-6.8,57.35],[-6.82,57.49],[-6.47,57.56],[-6.5,57.77],[-6.32,57.77],[-6.12,57.56],[-6.09,57.35],[-5.81,57.28],[-5.7,57.14],[-5.73,57.35],[-5.92,57.42],[-5.89,57.83],[-5.73,57.97],[-5.46,57.97],[-5.42,58.32],[-5.24,58.32],[-5.26,58.46],[-5.17,58.46],[-5.2,58.67],[-4.02,58.6],[-3.68,58.74],[-3.14,58.74],[-3.02,58.53],[-3.43,58.18],[-4.12,57.97],[-3.93,57.9],[-3.99,57.7],[-3.73,57.7],[-3.73,57.77],[-1.85,57.7]]],[[[-7.29,57.08],[-7.47,57.08],[-7.6,57.35],[-7.25,57.42],[-7.23,57.28],[-7.32,57.28],[-7.29,57.08]]],[[[-7.44,57.49],[-7.56,57.7],[-7.12,57.7],[-7.11,57.63],[-7.44,57.49]]],[[[-6.79,58.46],[-6.26,58.53],[-6.21,58.18],[-6.39,58.18],[-6.52,57.9],[-7.13,57.77],[-7.07,57.97],[-7.28,58.18],[-6.85,58.32],[-6.76,58.32],[-6.79,58.46]]]]}},{"type":"Feature","properties":{"NAME":"Armenian Kingdom of Cilicia","C":3,"name":"Armenian Kingdom of Cilicia","start_year":1272,"end_year":1293,"capital":"","type":"polity","region":"","event":"","source":"Cliopatria / Seshat Global History Databank (CC BY 4.0)","wikipedia":"Armenian Kingdom of Cilicia","wikidata":"Q335088","_a":11,"_c":[35.37,36.97],"_nz":"奇里乞亚亚美尼亚王国","_sz":""},"geometry":{"type":"Polygon","coordinates":[[[38.18,37],[37.96,37.13],[38.09,37.58],[37.87,37.71],[37.18,37.77],[36.15,37.64],[36.01,37.84],[35.61,37.77],[35.39,37.9],[35.06,37.71],[34.88,37.45],[34.56,37.45],[34.3,37.19],[33.43,37.06],[33.1,36.8],[32.86,36.8],[32.85,36.61],[32.99,36.55],[32.98,36.42],[32.67,36.35],[32.56,36.1],[32.56,36.03],[33.98,36.29],[34.25,36.67],[34.58,36.87],[34.89,36.87],[34.95,36.67],[35.11,36.74],[35.33,36.61],[35.49,36.61],[35.83,36.93],[36.14,36.93],[36.28,36.74],[36.27,36.67],[36.68,36.8],[36.77,37],[37.23,36.93],[37.52,36.74],[38.16,36.87],[38.18,37]]]}},{"type":"Feature","properties":{"NAME":"Republic of Genoa","C":9,"name":"Republic of Genoa","start_year":1272,"end_year":1284,"capital":"","type":"polity","region":"","event":"","source":"Cliopatria / Seshat Global History Databank (CC BY 4.0)","wikipedia":"Republic of Genoa","wikidata":"Q174306","_a":124,"_c":[16.73,41.44],"_nz":"热那亚共和国","_sz":""},"geometry":{"type":"MultiPolygon","coordinates":[[[[26.22,38.55],[26.11,38.16],[25.88,38.16],[25.9,38.48],[25.82,38.48],[25.91,38.67],[25.99,38.67],[26.22,38.55]]],[[[9.34,40.94],[9.19,40.68],[9.43,40.68],[9.27,40.42],[9.43,40.16],[9.27,40.03],[9.11,40.1],[9.11,40.23],[8.4,40.16],[8.4,40.23],[8.32,40.48],[8.16,40.55],[8.15,40.94],[8.55,40.87],[8.87,41.13],[8.95,41.13],[9.03,41],[9.34,40.94]]],[[[7.23,43.8],[7.31,43.8],[7.31,43.73],[7.23,43.73],[7.23,43.8]]],[[[7.31,43.8],[7.47,44.06],[7.47,44.12],[8.19,44.12],[8.19,44.06],[7.87,43.86],[7.31,43.8]]],[[[9.89,43.99],[9.89,44.06],[9.97,44.06],[9.97,43.99],[9.89,43.99]]],[[[8.59,44.45],[8.43,44.32],[8.35,44.32],[8.35,44.45],[8.59,44.65],[8.91,44.58],[8.99,44.71],[9.16,44.71],[9.48,44.65],[9.64,44.52],[9.65,44.32],[9.97,44.12],[9.89,44.12],[9.57,44.19],[9.16,44.45],[8.59,44.45]]]]}},{"type":"Feature","properties":{"NAME":"County of Auvergne","C":6,"name":"County of Auvergne","start_year":1272,"end_year":1332,"capital":"","type":"polity","region":"","event":"","source":"Cliopatria / Seshat Global History Databank (CC BY 4.0)","wikipedia":"Auvergne","wikidata":"Q1152","_a":19,"_c":[2.89,47.72],"_nz":"奥弗涅伯国","_sz":""},"geometry":{"type":"MultiPolygon","coordinates":[[[[4.35,45.3],[4.35,45.24],[4.36,45.17],[4.12,44.91],[3.96,44.91],[3.97,44.78],[3.56,44.78],[3.47,44.91],[3.23,44.91],[3.16,44.71],[2.92,44.65],[2.75,44.84],[2.58,44.84],[2.52,44.58],[2.28,44.52],[2.1,44.78],[2.17,45.04],[2.4,45.24],[2.3,45.56],[2.54,45.82],[2.6,46.15],[2.77,46.02],[3.01,46.09],[3.27,45.89],[3.35,45.89],[3.34,46.02],[3.67,46.02],[3.68,45.89],[3.92,45.82],[3.93,45.63],[4.01,45.63],[3.94,45.37],[4.27,45.3],[4.35,45.3]]],[[[1.58,50.91],[1.84,50.78],[1.6,50.58],[1.52,50.58],[1.42,50.71],[1.51,50.71],[1.5,50.91],[1.58,50.91]]]]}},{"type":"Feature","properties":{"NAME":"Old Kingdom of Norway","C":1,"name":"Old Kingdom of Norway","start_year":1272,"end_year":1313,"capital":"","type":"polity","region":"","event":"","source":"Cliopatria / Seshat Global History Databank (CC BY 4.0)","wikipedia":"Norway","wikidata":"Q202266","_a":847,"_c":[-16.44,63.88],"_nz":"挪威早期王国","_sz":""},"geometry":{"type":"MultiPolygon","coordinates":[[[[-3.44,59.02],[-3.38,59.22],[-3.2,59.22],[-3.09,59.09],[-2.81,59.02],[-2.79,58.88],[-2.97,58.88],[-3.06,58.88],[-3.42,58.81],[-3.53,59.02],[-3.44,59.02]]],[[[-2.58,59.36],[-2.56,59.22],[-2.65,59.22],[-2.64,59.16],[-2.83,59.16],[-2.84,59.29],[-2.58,59.36]]],[[[-0.81,60.63],[-1.16,60.56],[-1.05,60.35],[-1.14,60.35],[-1.2,60.07],[-1.67,60.21],[-1.63,60.63],[-1.36,60.7],[-1.35,60.56],[-1.26,60.56],[-1.28,60.77],[-0.83,60.84],[-0.81,60.63]]],[[[-6.72,61.48],[-6.71,61.41],[-6.99,61.48],[-7.02,61.62],[-6.74,61.62],[-6.72,61.48]]],[[[-48.61,61.19],[-48.68,61.48],[-49.23,61.48],[-49.36,61.69],[-49.17,61.69],[-49.21,61.76],[-49.44,61.83],[-49.57,62.05],[-49.14,62.12],[-49.27,62.33],[-48.67,62.26],[-47.45,61.26],[-47.41,61.19],[-47.74,61.12],[-47.53,60.91],[-47.68,60.84],[-47.77,60.84],[-47.73,60.77],[-48.04,60.84],[-48.11,61.12],[-48.61,61.19]]],[[[-6.96,62.4],[-6.77,62.33],[-6.66,62.26],[-6.69,61.9],[-6.79,61.9],[-7.28,62.05],[-7.32,62.33],[-6.96,62.4]]],[[[-50.03,62.98],[-50.22,62.98],[-50.04,62.83],[-50.37,62.76],[-50.72,63.19],[-51.01,63.19],[-51.19,63.34],[-51.23,63.41],[-50.52,63.48],[-50.53,63.34],[-50.07,63.05],[-50.03,62.98]]],[[[17.29,68.5],[17.27,68.27],[17.06,68.12],[17.16,68.12],[17.15,68.05],[17.05,68.05],[17.04,67.97],[16.94,67.97],[16.94,67.89],[16.84,67.89],[16.83,67.82],[16.74,67.82],[16.74,67.89],[16.64,67.82],[16.43,67.74],[16.53,67.74],[16.53,67.67],[16.43,67.67],[16.43,67.74],[16.23,67.67],[16.32,67.52],[15.72,67.37],[15,66.77],[14.8,66.77],[13.79,65.96],[13.6,65.96],[13.2,65.66],[13.3,65.66],[13.29,65.59],[13.2,65.59],[13.19,65.3],[13.38,65.22],[13.27,65.08],[13.37,65.08],[13.46,64.79],[14.02,64.57],[14.11,64.42],[14.39,64.42],[14.95,64.2],[14.95,64.06],[15.22,63.91],[15.21,63.62],[15.01,63.48],[15,63.19],[14.9,63.19],[14.89,62.98],[14.69,62.76],[14.78,62.62],[14.69,62.62],[14.68,62.47],[14.5,62.55],[14.29,62.12],[13.73,61.97],[13.82,61.83],[13.45,61.9],[13.07,61.76],[12.61,61.76],[12.61,61.69],[12.51,61.69],[12.51,61.62],[12.88,61.41],[12.87,61.34],[12.68,61.12],[12.31,60.98],[12.31,60.77],[12.49,60.7],[12.48,60.49],[12.58,60.49],[12.38,60.07],[11.92,59.92],[11.92,59.43],[12.01,59.43],[12,58.88],[12.09,58.88],[12.16,58.18],[11.89,57.97],[11.71,57.97],[11.71,58.04],[11.45,58.11],[11.36,58.39],[11.18,58.39],[11.1,59.16],[10.83,59.16],[10.56,59.36],[10.56,59.64],[10.37,59.5],[10.47,59.43],[10.37,59.16],[10.19,59.16],[10.01,58.95],[9.65,59.02],[9.56,58.88],[9.38,58.88],[9.38,58.74],[9.11,58.74],[9.11,58.6],[8.93,58.6],[8.67,58.32],[7.6,57.97],[6.61,58.04],[6.52,58.25],[5.7,58.46],[5.51,58.6],[5.5,59.02],[5.95,59.02],[6.03,59.36],[5.84,59.43],[5.85,59.29],[5.21,59.29],[5.28,59.78],[5.19,59.78],[5.18,60],[5.45,60.14],[5.26,60.28],[4.9,60.21],[4.89,60.42],[5.16,60.49],[4.95,61.05],[5.13,61.19],[5.03,61.19],[4.93,61.48],[5.2,61.62],[4.92,61.62],[4.91,61.76],[5.19,61.9],[5.08,62.26],[5.45,62.19],[5.44,62.4],[5.72,62.4],[5.73,62.19],[5.92,62.19],[5.91,62.4],[6.56,62.47],[6.64,62.76],[7.4,62.62],[7.39,62.76],[6.92,62.83],[6.92,63.05],[7.95,63.05],[7.94,63.19],[8.23,63.19],[8.22,63.34],[7.75,63.34],[7.84,63.55],[8.22,63.48],[8.5,63.7],[9.07,63.7],[8.98,63.48],[9.26,63.41],[9.35,63.62],[9.54,63.62],[9.54,63.91],[9.92,63.99],[9.92,64.13],[10.3,64.28],[10.3,64.42],[10.87,64.64],[11.16,64.64],[11.35,64.49],[11.44,64.57],[11.35,64.86],[11.45,64.86],[11.45,65],[11.74,65.08],[11.84,65.22],[12.13,65.15],[12.04,65.44],[12.13,65.44],[12.14,65.59],[12.53,65.74],[12.53,65.88],[12.34,65.88],[12.44,66.11],[12.34,66.11],[12.35,66.25],[12.64,66.25],[12.63,66.11],[12.82,66.03],[12.93,66.25],[13.12,66.25],[12.94,66.62],[13.23,66.62],[13.24,66.77],[13.63,66.77],[13.54,67],[13.64,67.07],[14.13,67.07],[14.44,67.3],[14.55,67.52],[14.95,67.67],[15.07,67.97],[15.36,67.97],[15.58,68.27],[15.88,68.27],[15.88,68.35],[15.09,68.42],[14.98,68.27],[14.19,68.2],[14.19,68.35],[14.4,68.5],[14.9,68.57],[14.91,68.73],[14.41,68.65],[14.52,68.88],[15.13,69.11],[15.13,69.03],[15.33,69.03],[15.32,68.8],[15.52,68.8],[15.44,69.18],[15.75,69.33],[16.15,69.33],[16.14,69.18],[15.94,69.11],[15.92,68.88],[16.62,68.88],[16.61,68.73],[17.21,68.8],[17.23,69.03],[17.33,69.03],[17.32,68.88],[17.52,68.88],[17.65,69.18],[17.04,69.11],[16.96,69.33],[16.86,69.33],[16.87,69.49],[17.89,69.64],[17.98,69.49],[18.58,69.49],[18.59,69.56],[18.19,69.56],[18.31,69.79],[18.92,69.79],[18.79,69.56],[19.38,69.41],[19.16,69.26],[18.65,69.18],[18.43,68.95],[18.02,68.88],[17.9,68.73],[18,68.73],[18,68.65],[17.6,68.65],[17.59,68.5],[17.29,68.5]],[[17.06,68.12],[16.95,68.05],[17.05,68.05],[17.06,68.12]],[[16.95,68.04],[16.85,67.97],[16.94,67.97],[16.95,68.04]],[[16.85,67.97],[16.74,67.89],[16.84,67.89],[16.85,67.97]]],[[[-51.42,63.55],[-51.69,63.84],[-51.51,63.84],[-51.74,64.2],[-52.02,64.2],[-52.25,64.71],[-51.16,64.64],[-51.3,64.86],[-51.15,64.93],[-51.25,65.08],[-50.91,65],[-50.91,65.15],[-50.48,65.08],[-50.53,65.15],[-50.14,65.15],[-49.72,64.93],[-49.35,64.35],[-49.5,64.28],[-49.41,64.13],[-49.51,64.13],[-49.51,63.99],[-49.99,63.84],[-50.09,63.84],[-50.04,63.77],[-50.66,63.7],[-50.61,63.62],[-51.42,63.55]]],[[[-20.05,66.18],[-20.01,66.03],[-19.55,65.81],[-19.57,66.18],[-19.18,66.18],[-19.2,66.25],[-18.72,66.25],[-18.36,66.03],[-18.43,66.25],[-18.04,66.25],[-17.59,66.03],[-17.46,66.25],[-16.66,66.18],[-16.67,66.55],[-15.79,66.55],[-15.61,66.25],[-15.34,66.33],[-15.36,66.4],[-15.07,66.4],[-14.99,66.11],[-14.7,66.11],[-14.64,65.88],[-14.72,65.81],[-14.33,65.81],[-14.29,65.66],[-13.7,65.59],[-13.64,65.37],[-13.72,65.3],[-13.51,65.22],[-13.47,65.08],[-13.93,65],[-13.88,64.79],[-14.07,64.79],[-14.05,64.71],[-14.43,64.71],[-14.47,64.49],[-14.74,64.42],[-14.8,64.28],[-15.27,64.28],[-15.5,64.42],[-15.46,64.28],[-16.09,64.13],[-16.07,64.06],[-16.6,63.91],[-16.58,63.84],[-17.7,63.77],[-18.16,63.41],[-19.39,63.41],[-19.81,63.55],[-20.37,63.55],[-20.53,63.77],[-21.15,63.91],[-22.8,63.77],[-22.9,64.06],[-22.83,64.13],[-22.33,64.06],[-22.36,64.13],[-22.17,64.13],[-22.02,64.28],[-22.1,64.49],[-22.5,64.57],[-22.58,64.79],[-23.98,64.71],[-24.16,64.93],[-22.61,65.15],[-22.59,65.37],[-22.03,65.44],[-22.06,65.52],[-23.31,65.52],[-23.28,65.44],[-24.03,65.37],[-24.37,65.52],[-24.42,65.66],[-24.13,65.66],[-24.21,65.88],[-23.8,65.81],[-23.91,66.11],[-23.62,66.11],[-23.67,66.25],[-23.28,66.25],[-22.94,66.11],[-23.17,66.48],[-22.97,66.48],[-23,66.55],[-22.61,66.55],[-21.48,66.11],[-21.38,65.52],[-21.26,65.44],[-20.97,65.74],[-20.78,65.74],[-20.76,65.66],[-20.54,65.59],[-20.4,65.74],[-20.54,66.18],[-20.05,66.18]]],[[[16.43,67.67],[16.42,67.59],[16.32,67.59],[16.33,67.67],[16.43,67.67]]],[[[16.73,67.74],[16.63,67.74],[16.64,67.82],[16.74,67.82],[16.73,67.74]]],[[[12.79,67.89],[12.79,68.05],[12.89,68.05],[12.89,68.12],[13.19,68.12],[13.19,67.97],[12.79,67.89]]],[[[13.59,68.12],[13.58,68.05],[13.39,68.05],[13.39,68.12],[13.39,68.2],[13.7,68.42],[14.1,68.42],[14.09,68.2],[13.59,68.12]]]]}},{"type":"Feature","properties":{"NAME":"Kingdom of Jerusalem","C":4,"name":"Kingdom of Jerusalem","start_year":1272,"end_year":1284,"capital":"","type":"polity","region":"","event":"","source":"Cliopatria / Seshat Global History Databank (CC BY 4.0)","wikipedia":"Kingdom of Jerusalem","wikidata":"Q55502","_a":1,"_c":[35.42,33.3],"_nz":"耶路撒冷王国","_sz":""},"geometry":{"type":"MultiPolygon","coordinates":[[[[35.28,32.94],[35.36,32.94],[35.34,32.75],[35.03,32.69],[35.03,32.75],[35.06,33.01],[35.29,33.01],[35.28,32.94]]],[[[35.4,33.39],[35.4,33.46],[35.63,33.39],[35.61,33.2],[35.3,33.2],[35.31,33.26],[35.32,33.33],[35.32,33.39],[35.4,33.39]]],[[[35.43,33.71],[35.45,33.91],[35.75,33.91],[35.82,33.78],[35.74,33.78],[35.43,33.71]]]]}},{"type":"Feature","properties":{"NAME":"Duchy of Opole","C":11,"name":"Duchy of Opole","start_year":1272,"end_year":1284,"capital":"","type":"polity","region":"","event":"","source":"Cliopatria / Seshat Global History Databank (CC BY 4.0)","wikipedia":"Duchy of Opole","wikidata":"Q661980","_a":3,"_c":[18.33,50.12],"_nz":"奥波莱公国","_sz":""},"geometry":{"type":"Polygon","coordinates":[[[19.13,49.45],[19.13,49.52],[19.22,49.52],[19.3,49.52],[19.31,49.58],[19.39,49.58],[19.4,49.71],[19.16,49.91],[19.19,50.38],[19.02,50.45],[19.03,50.58],[18.7,50.71],[18.03,50.78],[17.95,50.78],[17.43,50.65],[17.25,50.25],[17.58,50.18],[17.66,50.05],[18.49,49.91],[18.81,49.65],[18.8,49.52],[18.88,49.52],[18.88,49.45],[18.96,49.45],[19.05,49.45],[19.13,49.45]]]}},{"type":"Feature","properties":{"NAME":"Principality of Orange","C":7,"name":"Principality of Orange","start_year":1272,"end_year":1458,"capital":"","type":"polity","region":"","event":"","source":"Cliopatria / Seshat Global History Databank (CC BY 4.0)","wikipedia":"Principality of Orange","wikidata":"Q2281221","_a":0,"_c":[4.92,44.19],"_nz":"奥兰治公国","_sz":""},"geometry":{"type":"Polygon","coordinates":[[[4.88,44.25],[4.8,44.12],[5.04,44.19],[4.96,44.25],[4.88,44.25]]]}},{"type":"Feature","properties":{"NAME":"Patriarchate of Aquileia","C":4,"name":"Patriarchate of Aquileia","start_year":1272,"end_year":1293,"capital":"","type":"polity","region":"","event":"","source":"Cliopatria / Seshat Global History Databank (CC BY 4.0)","wikipedia":"Patriarchate of Aquileia","wikidata":"Q836894","_a":2,"_c":[13.27,45.89],"_nz":"阿奎莱亚宗主教区","_sz":""},"geometry":{"type":"MultiPolygon","coordinates":[[[[14.04,45.5],[14.12,45.5],[14.11,45.3],[13.79,45.17],[13.71,45.43],[13.95,45.5],[14.04,45.5]]],[[[13.14,45.69],[13.06,45.69],[12.98,45.82],[12.49,45.76],[12.42,46.41],[12.58,46.48],[12.58,46.61],[12.66,46.61],[12.75,46.61],[12.83,46.61],[12.91,46.61],[13.65,46.55],[13.89,46.22],[13.56,46.02],[13.63,45.76],[13.55,45.76],[13.14,45.76],[13.14,45.69]],[[13.48,46.15],[13.31,46.15],[13.31,45.96],[13.47,46.02],[13.56,46.02],[13.48,46.15]]]]}},{"type":"Feature","properties":{"NAME":"Comtat Venaissin","C":2,"name":"Comtat Venaissin","start_year":1272,"end_year":1351,"capital":"","type":"polity","region":"","event":"","source":"Cliopatria / Seshat Global History Databank (CC BY 4.0)","wikipedia":"Comtat Venaissin","wikidata":"Q1122980","_a":1,"_c":[4.96,44.13],"_nz":"沃奈桑伯爵领地","_sz":""},"geometry":{"type":"Polygon","coordinates":[[[5.11,44.45],[5.28,44.32],[5.2,44.25],[5.29,43.99],[5.05,43.93],[4.97,43.73],[4.73,43.8],[4.72,43.99],[4.88,43.99],[5.04,44.25],[4.8,44.25],[4.8,44.19],[4.63,44.39],[4.95,44.39],[5.11,44.52],[5.11,44.45]]]}},{"type":"Feature","properties":{"NAME":"House of Ascania","C":5,"name":"House of Ascania","start_year":1272,"end_year":1325,"capital":"","type":"polity","region":"","event":"","source":"Cliopatria / Seshat Global History Databank (CC BY 4.0)","wikipedia":"House of Ascania","wikidata":"Q168352","_a":8,"_c":[12.14,51.02],"_nz":"阿斯坎尼王朝","_sz":""},"geometry":{"type":"Polygon","coordinates":[[[14.07,50.85],[14.15,50.85],[14.16,50.91],[14.24,50.91],[14.24,50.98],[14.33,50.98],[14.33,51.05],[14.33,51.25],[13.99,51.11],[14.08,51.31],[13.91,51.31],[14.26,51.71],[13.59,51.98],[13.5,51.85],[13.67,51.78],[13.67,51.65],[13.16,51.58],[13.07,51.45],[12.9,51.45],[12.9,51.31],[12.48,51.45],[12.56,51.58],[11.97,51.58],[12.05,51.38],[11.37,51.25],[11.55,51.58],[11.38,51.71],[10.95,51.71],[10.87,51.45],[11.21,51.51],[11.12,51.31],[10.27,51.31],[9.94,51.05],[10.02,50.85],[10.36,50.85],[10.36,50.65],[10.53,50.65],[10.78,50.91],[10.36,51.18],[10.87,51.25],[10.7,51.11],[11.03,51.11],[11.2,50.98],[11.29,50.78],[11.03,50.71],[10.86,50.51],[10.36,50.51],[10.36,50.18],[10.69,50.05],[11.11,50.11],[11.11,50.25],[11.28,50.25],[11.2,50.51],[11.28,50.58],[11.54,50.51],[11.71,50.71],[11.96,50.71],[12.05,50.85],[12.21,50.78],[12.21,50.65],[11.96,50.58],[11.96,50.31],[12.12,50.25],[12.29,50.25],[12.38,50.38],[12.8,50.38],[13.22,50.65],[13.99,50.85],[14.07,50.85]],[[11.96,51.05],[12.22,51.05],[12.22,51.25],[12.05,51.31],[11.88,51.18],[11.96,51.11],[11.96,51.05]],[[12.72,50.78],[12.8,50.78],[12.81,50.98],[12.55,50.91],[12.63,50.65],[12.8,50.65],[12.72,50.71],[12.72,50.78]]]}},{"type":"Feature","properties":{"NAME":"Capetian House of Anjou","C":9,"name":"Capetian House of Anjou","start_year":1272,"end_year":1325,"capital":"","type":"polity","region":"","event":"","source":"Cliopatria / Seshat Global History Databank (CC BY 4.0)","wikipedia":"Capetian House of Anjou","wikidata":"Q939200","_a":47,"_c":[3.04,45.81],"_nz":"卡佩-安茹家族","_sz":""},"geometry":{"type":"MultiPolygon","coordinates":[[[[4.8,44.12],[4.88,44.12],[4.88,44.06],[4.88,43.99],[4.8,43.99],[4.8,44.06],[4.8,44.12]]],[[[6.6,43.28],[6.28,43.15],[5.8,43.15],[5.63,43.28],[5.39,43.28],[5.39,43.41],[5.06,43.47],[4.42,43.47],[4.34,43.47],[4.41,43.73],[4.73,43.8],[4.81,43.8],[4.97,43.73],[5.05,43.93],[5.29,43.99],[5.2,44.25],[5.44,44.25],[5.44,44.19],[5.69,44.19],[5.6,44.52],[5.76,44.58],[5.84,44.58],[5.84,44.65],[5.92,44.65],[5.91,44.71],[6.32,44.84],[6.31,45.1],[6.63,45.1],[6.64,44.97],[6.97,44.84],[6.97,44.78],[6.97,44.71],[6.9,44.32],[7.47,44.12],[7.47,44.06],[7.15,43.73],[7.15,43.67],[6.67,43.47],[6.6,43.28]]],[[[0.72,47.4],[0.49,47.2],[0.58,47.01],[0.34,47.01],[0.34,46.94],[-0.15,46.94],[-0.15,46.87],[-0.23,46.87],[-0.23,46.94],[-0.89,46.94],[-0.89,46.87],[-1.39,47.07],[-1.16,47.27],[-1.2,47.8],[-1.04,47.86],[-1.07,48.26],[-0.99,48.32],[-1,48.39],[-0.67,48.39],[-0.66,48.32],[-0.09,48.46],[0,48.32],[0.34,48.26],[0.44,47.99],[0.92,48.13],[1.28,47.8],[1.2,47.73],[1.3,47.47],[1.21,47.47],[0.72,47.47],[0.72,47.4]]]]}},{"type":"Feature","properties":{"NAME":"Grand Duchy of Lithuania","C":1,"name":"Grand Duchy of Lithuania","start_year":1272,"end_year":1293,"capital":"","type":"polity","region":"","event":"","source":"Cliopatria / Seshat Global History Databank (CC BY 4.0)","wikipedia":"Grand Duchy of Lithuania","wikidata":"Q49683","_a":22,"_c":[23.81,54.59],"_nz":"立陶宛大公国","_sz":""},"geometry":{"type":"Polygon","coordinates":[[[26.5,55.7],[25.83,55.98],[25.76,56.11],[25.07,56.18],[24.83,56.39],[24.11,56.25],[22.19,56.46],[22.1,56.46],[22.01,56.46],[21.93,56.46],[21.84,56.46],[21.83,56.39],[21.74,56.39],[21.65,56.39],[21.57,56.39],[20.92,56.05],[20.91,55.98],[21,55.98],[20.99,55.91],[21.25,55.84],[21.24,55.7],[21.64,55.36],[22.07,55.29],[22.31,55.09],[22.57,55.09],[22.81,54.89],[22.7,54.68],[22.7,54.61],[22.66,54.27],[22.48,54.21],[22.46,54],[22.55,54],[22.42,53.6],[22.49,53.46],[22.3,53.26],[22.65,53.26],[23.24,53.19],[23.73,52.99],[24.05,52.72],[24.48,52.72],[24.58,52.92],[25.26,52.86],[25.28,52.99],[25.63,53.06],[25.75,53.33],[25.93,53.39],[26.06,53.73],[25.97,53.73],[26,53.94],[25.68,54.14],[25.66,54.68],[25.97,55.02],[26.69,55.23],[26.71,55.36],[26.46,55.43],[26.5,55.7]],[[23.9,52.92],[23.81,52.92],[23.82,52.99],[23.91,52.99],[23.9,52.92]]]}},{"type":"Feature","properties":{"NAME":"County of Périgord","C":5,"name":"County of Périgord","start_year":1272,"end_year":1332,"capital":"","type":"polity","region":"","event":"","source":"Cliopatria / Seshat Global History Databank (CC BY 4.0)","wikipedia":"County of Périgord","wikidata":"Q1947408","_a":2,"_c":[0.64,44.94],"_nz":"佩里戈尔伯国","_sz":""},"geometry":{"type":"Polygon","coordinates":[[[-0.18,44.91],[0.22,44.97],[0.68,45.43],[1.1,45.24],[1.2,44.97],[1.45,44.84],[1.38,44.65],[1.07,44.45],[-0.07,44.52],[-0.18,44.91]]]}},{"type":"Feature","properties":{"NAME":"Crown of Aragon","C":2,"name":"Crown of Aragon","start_year":1279,"end_year":1284,"capital":"","type":"polity","region":"","event":"","source":"Cliopatria / Seshat Global History Databank (CC BY 4.0)","wikipedia":"Crown of Aragon","wikidata":"Q204920","_a":30,"_c":[1.09,40.65],"_nz":"阿拉贡王国","_sz":""},"geometry":{"type":"MultiPolygon","coordinates":[[[[3.82,40.1],[4.22,40.1],[4.3,39.84],[3.83,39.9],[3.74,40.1],[3.82,40.1]]],[[[1.41,42.5],[1.42,42.43],[1.42,42.37],[1.51,42.24],[2.86,42.3],[2.86,42.24],[3.11,41.98],[2.89,41.72],[2.33,41.59],[2.11,41.33],[1.24,41.2],[0.7,40.94],[0.71,40.68],[0.47,40.61],[0.25,40.42],[0.18,40.16],[-0.2,39.97],[-0.35,39.71],[-0.31,39.13],[0.1,38.74],[-0.43,38.42],[-0.51,38.42],[-0.9,38.35],[-0.71,39.26],[-1.21,39.71],[-1.16,40.1],[-1.73,40.36],[-1.73,40.48],[-1.51,40.61],[-1.6,40.87],[-2.1,41.2],[-2.12,41.46],[-1.88,41.52],[-1.98,41.78],[-1.82,41.78],[-1.83,41.91],[-1.43,41.91],[-1.44,42.04],[-1.44,42.11],[-1.39,42.5],[-0.86,42.95],[0.04,42.69],[0.99,42.82],[1.07,42.82],[1.49,42.63],[1.49,42.56],[1.49,42.5],[1.41,42.5]]]]}},{"type":"Feature","properties":{"NAME":"Republic of Florence","C":5,"name":"Republic of Florence","start_year":1279,"end_year":1401,"capital":"","type":"polity","region":"","event":"","source":"Cliopatria / Seshat Global History Databank (CC BY 4.0)","wikipedia":"Republic of Florence","wikidata":"Q148540","_a":2,"_c":[11.43,43.77],"_nz":"佛罗伦萨共和国","_sz":""},"geometry":{"type":"Polygon","coordinates":[[[10.86,43.41],[11.26,43.47],[11.58,43.34],[11.66,43.15],[11.9,43.15],[11.82,43.34],[12.14,43.41],[12.23,43.6],[11.74,43.8],[11.75,44.12],[11.51,44.39],[11.18,44.32],[10.86,44.25],[10.7,43.8],[10.62,43.34],[10.78,43.21],[10.86,43.41]]]}},{"type":"Feature","properties":{"NAME":"House of Anjou-Sicily","C":0,"name":"House of Anjou-Sicily","start_year":1279,"end_year":1284,"capital":"","type":"polity","region":"","event":"","source":"Cliopatria / Seshat Global History Databank (CC BY 4.0)","wikipedia":"Capetian House of Anjou","wikidata":"Q939200","_a":57,"_c":[18.87,38.94],"_nz":"安茹-西西里家族","_sz":""},"geometry":{"type":"MultiPolygon","coordinates":[[[[14.42,36.03],[14.57,35.97],[14.57,35.77],[14.34,35.84],[14.34,36.03],[14.42,36.03]]],[[[22.43,38.16],[22.59,38.16],[22.66,37.96],[23.05,38.03],[23.04,37.77],[23.11,37.64],[23.34,37.64],[23.4,37.32],[23.17,37.32],[23.1,37.51],[22.87,37.58],[22.79,37.58],[22.71,37.58],[22.32,37.58],[22.15,37.32],[22.14,37.06],[22.06,37.06],[21.67,37],[21.61,37.38],[21.7,37.51],[21.24,37.84],[21.42,38.16],[21.73,38.16],[21.74,38.42],[22.13,38.42],[22.29,38.35],[22.28,38.22],[22.44,38.29],[22.43,38.16]],[[22.35,38.16],[22.35,38.09],[22.43,38.09],[22.43,38.16],[22.35,38.16]],[[22.2,38.22],[22.2,38.16],[22.28,38.16],[22.28,38.22],[22.2,38.22]]],[[[20.31,39.71],[20.23,39.71],[19.92,39.71],[19.91,39.58],[19.76,39.64],[19.76,39.77],[20,39.77],[20.01,39.97],[19.63,40.29],[19.47,40.29],[19.49,40.61],[19.25,40.61],[19.25,40.74],[19.5,40.87],[19.42,40.94],[19.54,41.78],[19.47,41.91],[19.63,41.91],[19.71,41.91],[20.44,42.11],[20.58,41.85],[20.49,41.59],[20.54,41],[20.29,40.87],[20.1,40.16],[20.09,40.1],[20.31,39.71]]]]}},{"type":"Feature","properties":{"NAME":"Kingdom of Gwynedd","C":4,"name":"Kingdom of Gwynedd","start_year":1279,"end_year":1284,"capital":"","type":"polity","region":"","event":"","source":"Cliopatria / Seshat Global History Databank (CC BY 4.0)","wikipedia":"Kingdom of Gwynedd","wikidata":"Q816814","_a":3,"_c":[-3.83,52.62],"_nz":"圭内斯王国","_sz":""},"geometry":{"type":"Polygon","coordinates":[[[-3.17,52.86],[-3.27,52.99],[-3.2,53.06],[-2.85,52.99],[-2.86,53.12],[-3.32,53.39],[-3.4,53.39],[-4.16,53.26],[-4.27,53.46],[-4.7,53.46],[-4.67,53.19],[-4.49,53.12],[-4.81,52.92],[-4.79,52.79],[-4.54,52.79],[-4.38,52.92],[-4.19,52.79],[-4.16,52.45],[-4.55,52.18],[-4.64,52.18],[-4.62,51.98],[-4.19,51.98],[-4.27,51.92],[-4.17,51.78],[-3.84,51.85],[-3.76,51.98],[-3.25,51.98],[-3.2,52.25],[-3.11,52.25],[-3.23,52.59],[-3.07,52.65],[-3.09,52.86],[-3.17,52.86]],[[-3.2,53.12],[-3.2,53.06],[-3.28,53.06],[-3.29,53.12],[-3.2,53.12]]]}},{"type":"Feature","properties":{"NAME":"Mamluk Sultanate","C":4,"name":"Mamluk Sultanate","start_year":1279,"end_year":1293,"capital":"","type":"polity","region":"","event":"","source":"Cliopatria / Seshat Global History Databank (CC BY 4.0)","wikipedia":"Mamluk Sultanate","wikidata":"Q282428","_a":501,"_c":[31.67,27.26],"_nz":"马穆鲁克苏丹国","_sz":""},"geometry":{"type":"Polygon","coordinates":[[[40.96,34.42],[40.77,34.74],[40.55,34.81],[40.51,35.13],[40.36,35.13],[40.37,35.26],[39.88,35.71],[39.13,35.9],[38.13,35.97],[38.09,36.29],[38.26,36.35],[38.38,36.74],[38.16,36.87],[37.52,36.74],[37.23,36.93],[36.77,37],[36.68,36.8],[36.27,36.67],[36.26,36.61],[35.84,36.29],[35.99,36.22],[35.84,35.58],[35.99,35.52],[35.88,35.19],[35.96,35.19],[35.93,34.87],[36.07,34.74],[36.11,34.36],[35.64,34.36],[35.68,33.97],[35.52,33.91],[35.75,33.91],[35.82,33.78],[35.35,33.65],[35.33,33.46],[35.4,33.46],[35.63,33.39],[35.61,33.2],[35.3,33.2],[35.23,33.2],[35.22,33.14],[35.22,33.07],[35.14,33.07],[35.13,33.01],[35.21,33.01],[35.29,33.01],[35.28,32.94],[35.36,32.94],[35.34,32.75],[35.03,32.69],[35.02,32.62],[34.77,32.36],[34.81,31.98],[34.57,31.85],[34.64,31.72],[34.55,31.53],[34.31,31.4],[34.3,31.27],[33.98,31.14],[32.83,31.01],[32.77,31.14],[32.53,31.08],[32.24,31.21],[32.3,31.08],[32,31.08],[31.94,31.27],[31.78,31.21],[31.88,31.46],[31.27,31.46],[31.12,31.53],[31.2,31.66],[30.97,31.66],[30.97,31.53],[30.81,31.46],[30.35,31.46],[30.27,31.4],[30.34,31.27],[29.88,31.27],[29.8,31.21],[29.87,31.08],[29.63,30.95],[29.49,31.01],[29.4,30.82],[28.87,30.82],[28.5,31.01],[27.51,31.14],[27.3,31.34],[26.85,31.46],[25.25,31.46],[25.1,31.59],[25.11,31.79],[24.89,31.98],[24.13,31.98],[23.68,32.17],[23.3,32.17],[23.08,32.36],[23.09,32.62],[21.88,32.94],[21.41,32.75],[21.11,32.81],[20.87,32.62],[20.64,32.69],[20.72,32.56],[20.56,32.56],[20.48,32.43],[20.33,32.49],[20.25,32.24],[20.02,32.24],[20.09,32.11],[20,31.59],[20.21,31.27],[20.13,31.14],[20.2,30.89],[19.97,30.69],[19.96,30.56],[19.66,30.37],[18.82,30.24],[18.81,30.05],[19.19,30.05],[20.95,30.56],[21.94,30.56],[22.77,30.37],[22.76,30.24],[22.92,30.31],[23.51,29.99],[24.26,29.79],[24.33,29.67],[24.78,29.54],[24.85,29.34],[25,29.41],[25.15,29.28],[25.37,29.28],[25.59,28.96],[27.14,28.25],[27.29,28.12],[27.28,27.93],[27.43,27.99],[27.79,27.67],[27.71,27.54],[27.94,27.54],[28.15,27.35],[28.27,26.58],[28.35,26.58],[28.24,25.94],[28.29,25.16],[28.57,24.65],[29.31,24.39],[29.38,24.26],[29.67,24.2],[29.96,23.88],[30.11,23.88],[30.1,23.75],[30.54,23.36],[30.74,22.85],[30.72,22.27],[30.56,21.95],[30.64,21.95],[30.69,21.31],[30.76,21.31],[30.74,20.79],[30.82,20.79],[30.91,19.31],[30.99,19.31],[31.1,18.35],[31.1,18.29],[31.54,18.16],[33.24,18.29],[34.12,18.03],[34.48,18.03],[34.63,17.9],[35.29,17.96],[35.3,18.03],[35.16,18.22],[34.94,18.29],[34.88,18.61],[34.6,18.93],[34.13,20.02],[34.01,20.86],[33.81,21.37],[33.82,21.63],[33.75,21.63],[33.88,23.17],[33.68,23.69],[35.11,23.88],[35.55,23.81],[35.56,23.94],[35.85,23.88],[35.86,24.01],[35.15,24.65],[34.61,25.81],[34.46,25.87],[34.2,26.52],[34.05,26.58],[34.07,26.97],[33.93,27.03],[33.8,27.42],[33.59,27.61],[33.61,27.99],[33.11,28.38],[32.84,28.89],[32.69,28.96],[32.64,29.34],[32.43,29.6],[32.53,29.92],[32.86,29.22],[33.21,28.89],[33.19,28.51],[33.4,28.32],[33.55,28.32],[33.62,28.12],[34.12,27.74],[34.35,27.74],[34.36,27.93],[34.52,28.06],[34.75,29.28],[34.91,29.41],[34.85,28.57],[34.61,28.25],[34.59,28.06],[35.05,28.12],[35.41,27.87],[35.47,27.61],[35.61,27.54],[35.67,27.29],[36.16,26.77],[36.43,26.19],[36.72,26],[36.77,25.68],[37.27,25.23],[37.33,24.97],[37.18,24.91],[37.17,24.78],[37.39,24.65],[37.44,24.33],[38.03,24.14],[38.6,23.62],[38.87,23.04],[38.86,22.85],[39.14,22.53],[39.03,21.76],[39.17,21.63],[39.15,21.18],[39.35,20.79],[39.84,20.28],[40.14,20.28],[40.56,19.83],[40.85,19.7],[40.84,19.51],[40.99,19.44],[41.04,19.12],[41.25,18.86],[41.24,18.61],[41.45,18.48],[41.58,18.09],[42.14,17.51],[42.21,17.51],[42.66,17.71],[43.21,18.16],[43.51,18.22],[44.36,18.93],[44.53,19.25],[44.53,19.31],[44.46,19.31],[44.47,19.51],[43.97,19.89],[43.98,20.02],[42.78,21.18],[42.45,21.82],[41.89,22.46],[41.9,22.59],[41.75,22.66],[41.55,23.11],[41.41,23.17],[41.35,23.36],[41.42,23.43],[41.2,23.49],[41.01,23.94],[40.72,24.2],[40.19,25.23],[40.28,25.42],[40.13,25.49],[40.1,26.07],[39.94,26],[40.03,26.26],[39.88,26.26],[39.9,26.45],[39.82,26.45],[39.91,26.64],[39.76,26.64],[39.6,27.54],[39.53,27.54],[39.62,27.8],[39.47,27.8],[39.34,27.99],[39.36,28.25],[39.28,28.25],[39.37,28.44],[39.23,28.57],[39.15,29.41],[39.02,29.67],[39.04,29.92],[38.97,29.92],[39,30.24],[38.87,30.5],[38.89,30.76],[38.82,30.76],[38.92,31.01],[38.77,31.08],[38.79,31.34],[38.72,31.34],[38.86,31.98],[38.7,31.98],[38.74,32.3],[38.66,32.3],[38.73,32.94],[39.5,33.71],[40.96,34.36],[40.96,34.42]],[[34.84,32.3],[34.85,32.36],[34.92,32.36],[34.92,32.3],[34.84,32.3]]]}},{"type":"Feature","properties":{"NAME":"Duchy of Greater Poland","C":4,"name":"Duchy of Greater Poland","start_year":1279,"end_year":1293,"capital":"","type":"polity","region":"","event":"","source":"Cliopatria / Seshat Global History Databank (CC BY 4.0)","wikipedia":"Duchy of Greater Poland","wikidata":"Q1515009","_a":6,"_c":[16.7,52.22],"_nz":"大波兰公国","_sz":""},"geometry":{"type":"Polygon","coordinates":[[[18.27,51.92],[18.35,51.92],[18.36,52.12],[18.28,52.12],[18.21,52.45],[18.05,52.59],[17.79,52.59],[17.38,52.86],[17.12,52.86],[16.71,53.19],[16.28,53.12],[16.01,52.86],[16.01,52.79],[15.23,52.65],[15.31,52.52],[15.05,52.45],[15.39,52.32],[15.47,52.12],[16.06,52.05],[16.14,51.85],[16.72,51.58],[16.98,51.65],[17.05,51.45],[17.48,51.45],[17.97,51.25],[18.08,51.65],[18.26,51.85],[18.27,51.92]]]}},{"type":"Feature","properties":{"NAME":"Duchy of Głogów","C":3,"name":"Duchy of Głogów","start_year":1279,"end_year":1304,"capital":"","type":"polity","region":"","event":"","source":"Cliopatria / Seshat Global History Databank (CC BY 4.0)","wikipedia":"Duchy of Głogów","wikidata":"Q684501","_a":1,"_c":[16.25,51.55],"_nz":"格沃古夫公国","_sz":""},"geometry":{"type":"Polygon","coordinates":[[[15.87,51.58],[16.7,51.25],[17.05,51.45],[16.98,51.65],[16.72,51.58],[16.14,51.85],[15.79,51.71],[15.54,51.78],[15.45,51.65],[15.53,51.65],[15.62,51.65],[15.7,51.65],[15.79,51.65],[15.87,51.65],[15.87,51.58]]]}},{"type":"Feature","properties":{"NAME":"Duchy of Masovia","C":6,"name":"Duchy of Masovia","start_year":1279,"end_year":1304,"capital":"","type":"polity","region":"","event":"","source":"Cliopatria / Seshat Global History Databank (CC BY 4.0)","wikipedia":"Duchy of Masovia","wikidata":"Q2361927","_a":7,"_c":[20.88,52.59],"_nz":"马佐夫舍公国","_sz":""},"geometry":{"type":"Polygon","coordinates":[[[22.29,52.25],[22.42,52.72],[22.34,52.79],[22.43,52.79],[22.65,53.26],[22.3,53.26],[22.49,53.46],[22.42,53.6],[21.29,53.46],[20.93,53.26],[20.67,53.26],[20.4,53.06],[19.72,53.26],[19.63,53.12],[19.1,52.92],[19.42,52.65],[19.48,52.32],[20.08,52.25],[20.07,52.12],[20.31,51.92],[20.56,51.92],[20.72,51.78],[20.71,51.65],[20.96,51.58],[22.1,52.05],[22.29,52.25]]]}},{"type":"Feature","properties":{"NAME":"County of Foix","C":3,"name":"County of Foix","start_year":1279,"end_year":1293,"capital":"","type":"polity","region":"","event":"","source":"Cliopatria / Seshat Global History Databank (CC BY 4.0)","wikipedia":"County of Foix","wikidata":"Q1481436","_a":1,"_c":[1.26,43.15],"_nz":"富瓦伯国","_sz":""},"geometry":{"type":"Polygon","coordinates":[[[1.07,42.82],[1.49,42.63],[1.57,42.63],[1.65,42.63],[1.73,42.63],[1.87,42.89],[1.3,43.02],[1.28,43.54],[0.95,43.67],[0.64,43.47],[0.97,43.34],[0.81,43.21],[0.98,43.02],[0.99,42.82],[1.07,42.82]]]}},{"type":"Feature","properties":{"NAME":"Duchy of Sandomierz","C":6,"name":"Duchy of Sandomierz","start_year":1279,"end_year":1284,"capital":"","type":"polity","region":"","event":"","source":"Cliopatria / Seshat Global History Databank (CC BY 4.0)","wikipedia":"Duchy of Sandomierz","wikidata":"Q16933165","_a":7,"_c":[21.66,50.85],"_nz":"桑多梅日公国","_sz":""},"geometry":{"type":"Polygon","coordinates":[[[22.15,49.65],[22.26,49.91],[22.95,50.11],[22.92,50.71],[23.09,50.78],[23.11,50.98],[23.02,50.98],[23.04,51.18],[22.88,51.25],[23,51.58],[22.67,51.71],[22.69,51.92],[22.35,51.92],[22.1,52.05],[20.96,51.58],[20.39,50.78],[20.22,50.71],[20.21,50.58],[20.89,50.71],[21.04,50.38],[21.29,50.38],[21.99,49.65],[22.15,49.65]]]}},{"type":"Feature","properties":{"NAME":"Kingdom of Majorca","C":3,"name":"Kingdom of Majorca","start_year":1279,"end_year":1304,"capital":"","type":"polity","region":"","event":"","source":"Cliopatria / Seshat Global History Databank (CC BY 4.0)","wikipedia":"Kingdom of Majorca","wikidata":"Q836676","_a":10,"_c":[2.35,40.91],"_nz":"马略卡王国","_sz":""},"geometry":{"type":"MultiPolygon","coordinates":[[[[1.34,39.13],[1.65,39.13],[1.66,39],[1.43,38.8],[1.27,38.8],[1.18,39.06],[1.26,39.13],[1.34,39.13]]],[[[3.19,39.97],[3.2,39.84],[3.52,39.77],[3.3,39.32],[2.82,39.32],[2.66,39.51],[2.35,39.45],[2.34,39.64],[2.88,39.97],[2.96,39.97],[3.19,39.97]]],[[[1.49,42.5],[1.66,42.43],[1.81,42.56],[2.52,42.82],[2.75,43.02],[2.99,43.02],[2.99,42.95],[3.09,42.5],[2.86,42.37],[2.86,42.3],[1.51,42.24],[1.42,42.37],[1.42,42.43],[1.41,42.5],[1.49,42.5]]]]}},{"type":"Feature","properties":{"NAME":"Kingdom of Sicily","C":1,"name":"Kingdom of Sicily","start_year":1279,"end_year":1284,"capital":"","type":"polity","region":"","event":"","source":"Cliopatria / Seshat Global History Databank (CC BY 4.0)","wikipedia":"Kingdom of Sicily","wikidata":"Q188586","_a":0,"_c":[23,36.29],"_nz":"西西里王国","_sz":""},"geometry":{"type":"Polygon","coordinates":[[[22.89,36.42],[22.87,36.16],[23.11,36.16],[23.12,36.35],[22.96,36.42],[22.89,36.42]]]}},{"type":"Feature","properties":{"NAME":"Second Bulgarian Empire","C":1,"name":"Second Bulgarian Empire","start_year":1279,"end_year":1284,"capital":"","type":"polity","region":"","event":"","source":"Cliopatria / Seshat Global History Databank (CC BY 4.0)","wikipedia":"Second Bulgarian Empire","wikidata":"Q420759","_a":35,"_c":[24.65,43.67],"_nz":"保加利亚第二帝国","_sz":""},"geometry":{"type":"MultiPolygon","coordinates":[[[[19.71,41.91],[19.63,41.91],[19.63,41.98],[19.71,41.98],[19.71,41.91]]],[[[29.11,44.78],[29.02,44.78],[29.05,44.97],[28.8,44.97],[28.84,44.58],[28.58,44.39],[28.54,43.99],[28.62,43.99],[28.48,43.47],[28.16,43.47],[28.23,43.34],[27.9,43.28],[27.8,43.15],[27.85,42.76],[27.51,42.63],[27.49,42.43],[27.57,42.43],[27.57,42.37],[27.4,42.24],[26.34,42.04],[25.15,42.17],[25.16,42.24],[25.08,42.24],[23.65,42.3],[23.57,42.43],[22.77,42.37],[22.77,42.43],[22.69,42.43],[22.62,42.56],[22.3,42.5],[22.16,42.82],[21.93,43.02],[22.13,43.6],[22.21,43.6],[22.37,43.47],[22.53,43.54],[22.76,43.41],[22.94,43.67],[22.87,43.73],[22.87,43.8],[23.6,43.86],[24.15,43.67],[24.88,43.73],[25.43,43.6],[25.85,43.73],[26.28,44.06],[27.49,44.06],[27.92,44.25],[27.94,44.52],[27.79,44.58],[27.8,44.71],[27.97,44.78],[28,45.04],[27.85,45.17],[27.87,45.37],[28.28,45.43],[28.35,45.3],[28.67,45.24],[29.1,45.43],[29.58,45.43],[29.58,45.37],[29.66,45.37],[29.53,44.91],[29.11,44.84],[29.11,44.78]]]]}},{"type":"Feature","properties":{"NAME":"Duchies of Poland","C":8,"name":"Duchies of Poland","start_year":1279,"end_year":1293,"capital":"","type":"polity","region":"","event":"","source":"Cliopatria / Seshat Global History Databank (CC BY 4.0)","wikipedia":"Testament of Bolesław III Wrymouth","wikidata":"Q2984183","_a":18,"_c":[18.84,52.8],"_nz":"波兰诸公国","_sz":""},"geometry":{"type":"Polygon","coordinates":[[[19.42,52.65],[19.48,52.32],[20.08,52.25],[20.07,52.12],[20.31,51.92],[20.56,51.92],[20.72,51.78],[20.71,51.65],[20.96,51.58],[20.39,50.78],[20.22,50.71],[20.05,50.71],[19.97,50.85],[19.55,50.85],[19.4,51.05],[19.14,50.98],[18.98,51.11],[18.64,51.05],[18.63,50.91],[18.3,50.98],[17.97,51.25],[18.08,51.65],[18.26,51.85],[18.27,51.92],[18.35,51.92],[18.36,52.12],[18.28,52.12],[18.21,52.45],[18.05,52.59],[17.79,52.59],[17.38,52.86],[17.12,52.86],[16.71,53.19],[16.72,53.39],[16.9,53.53],[17.76,53.53],[17.78,53.73],[17.53,54],[17.58,54.68],[17.49,54.68],[17.5,54.82],[17.5,54.89],[18.46,54.89],[18.45,54.68],[18.69,54.41],[19.29,54.34],[19.38,54.34],[19.26,53.94],[19.42,53.8],[19.41,53.6],[19.06,53.6],[18.97,53.46],[18.53,53.33],[18.52,53.19],[18.69,53.19],[18.93,52.92],[19.1,52.92],[19.42,52.65]]]}},{"type":"Feature","properties":{"NAME":"Ngô Dynasty","C":3,"name":"Ngô Dynasty","start_year":1279,"end_year":1293,"capital":"","type":"polity","region":"","event":"","source":"Cliopatria / Seshat Global History Databank (CC BY 4.0)","wikipedia":"Ngô dynasty","wikidata":"Q703919","_a":32,"_c":[105.57,20.12],"_nz":"吴朝","_sz":""},"geometry":{"type":"Polygon","coordinates":[[[108.1,21.5],[107.97,21.63],[107.59,21.56],[107.46,21.69],[107.24,21.69],[106.71,22.08],[106.61,22.34],[106.77,22.85],[106.71,22.91],[106.33,22.85],[106.2,22.98],[105.75,22.98],[105.44,23.3],[105.21,23.3],[104.96,23.11],[104.84,22.85],[104.52,22.72],[104.15,22.79],[104.04,22.53],[103.89,22.53],[103.77,22.72],[103.53,22.59],[103.6,22.59],[103.49,22.4],[103.77,22.27],[103.58,22.01],[103.6,21.69],[103.07,21.18],[103.06,21.11],[103.04,20.99],[103.59,20.73],[103.81,20.73],[103.99,20.92],[104.36,20.92],[104.62,20.66],[104.5,20.41],[104.65,20.41],[104.98,20.15],[104.85,19.83],[104.27,19.44],[104.25,19.31],[104.39,19.25],[104.36,19.06],[104.51,19.06],[104.62,18.86],[105.12,18.74],[105.25,18.61],[105.21,18.35],[106.61,16.94],[106.95,17.26],[106.96,17.32],[106.75,17.39],[106.77,17.51],[106.57,17.64],[106.57,18.09],[106.29,18.22],[106.18,18.41],[106.03,18.41],[106.05,18.54],[105.73,18.86],[105.91,19.51],[105.85,19.57],[106.06,19.96],[106.54,20.15],[106.69,20.6],[106.83,20.6],[106.88,20.86],[107.42,20.99],[107.79,21.44],[108.09,21.44],[108.1,21.5]],[[106.1,21.56],[106.18,21.56],[106.17,21.5],[106.09,21.5],[106.1,21.56]]]}},{"type":"Feature","properties":{"NAME":"Republic of Venice","C":9,"name":"Republic of Venice","start_year":1279,"end_year":1284,"capital":"","type":"polity","region":"","event":"","source":"Cliopatria / Seshat Global History Databank (CC BY 4.0)","wikipedia":"Republic of Venice","wikidata":"Q4948","_a":164,"_c":[19.6,40.41],"_nz":"威尼斯共和国","_sz":""},"geometry":{"type":"MultiPolygon","coordinates":[[[[17.12,43.15],[17.05,43.41],[16.73,43.34],[16.73,43.54],[16.58,43.6],[15.93,43.47],[16.01,43.6],[15.94,43.73],[15.62,43.86],[15.62,43.93],[15.86,43.93],[16.1,43.73],[16.42,43.73],[16.66,43.6],[16.74,43.6],[16.82,43.6],[16.81,43.54],[16.9,43.54],[16.98,43.54],[17.06,43.54],[17.05,43.47],[17.37,43.21],[17.29,43.21],[17.12,43.15]]],[[[15.14,44.32],[15.15,44.39],[15.39,44.32],[15.38,44.12],[15.62,43.93],[15.54,43.93],[15.37,43.86],[15.46,43.99],[15.22,44.12],[15.22,44.19],[15.22,44.25],[15.14,44.25],[15.14,44.32]]],[[[15.15,44.39],[15.07,44.39],[15.07,44.45],[15.15,44.45],[15.15,44.39]]],[[[15.07,44.45],[14.99,44.45],[14.99,44.52],[15.07,44.52],[15.07,44.45]]],[[[14.26,44.58],[14.27,44.97],[14.35,44.97],[14.51,44.91],[14.5,44.52],[14.26,44.58]]],[[[14.52,45.1],[14.52,45.17],[14.68,45.17],[14.76,45.04],[14.52,45.1]]],[[[14.04,45.5],[14.12,45.5],[13.79,45.24],[13.95,45.04],[13.94,44.97],[13.78,44.91],[13.71,45.24],[13.54,45.3],[13.55,45.5],[13.71,45.5],[13.71,45.43],[13.79,45.43],[13.87,45.43],[13.87,45.5],[13.95,45.5],[14.04,45.5]]],[[[12,45.56],[12.49,45.76],[12.98,45.82],[13.06,45.69],[13.06,45.63],[12.82,45.69],[12.16,45.43],[12.16,45.37],[12,45.37],[12,45.56]]],[[[24.16,35.52],[24.15,35.39],[24.3,35.32],[25.69,35.32],[25.68,35.13],[26.23,35.19],[26.14,35.07],[24.82,35],[24.76,35.19],[24.53,35.19],[24.45,35.19],[23.68,35.26],[23.62,35.52],[24.16,35.52]]],[[[27.04,36.93],[27.12,36.93],[27.19,36.8],[26.87,36.67],[27.04,36.93]]],[[[21.91,37],[21.9,36.93],[21.74,36.87],[21.75,37],[21.91,37]]],[[[25.05,37.51],[24.99,37.71],[25.06,37.71],[25.22,37.71],[25.29,37.51],[25.05,37.51]]],[[[20.61,37.71],[20.62,37.9],[20.7,37.9],[20.93,37.9],[20.92,37.64],[20.61,37.71]]],[[[20.32,38.16],[20.33,38.35],[20.49,38.42],[20.57,38.42],[20.8,38.29],[20.79,38.09],[20.32,38.16]]],[[[23.78,38.42],[23.7,38.42],[23.7,38.48],[23.63,38.48],[23.63,38.55],[23.63,38.61],[23.64,38.67],[23.87,38.61],[23.86,38.42],[23.78,38.42]]],[[[18.3,42.56],[18.3,42.63],[18.38,42.63],[18.38,42.56],[18.3,42.56]]],[[[17.59,42.89],[17.51,42.76],[17.52,42.95],[17.36,42.95],[17.36,43.15],[17.52,43.02],[17.6,43.02],[18.08,43.02],[18.23,42.82],[18.23,42.76],[18.3,42.63],[18.14,42.63],[17.83,42.89],[17.59,42.89]]]]}},{"type":"Feature","properties":{"NAME":"House of Wittelsbach","C":1,"name":"House of Wittelsbach","start_year":1279,"end_year":1293,"capital":"","type":"polity","region":"","event":"","source":"Cliopatria / Seshat Global History Databank (CC BY 4.0)","wikipedia":"House of Wittelsbach","wikidata":"Q131621","_a":5,"_c":[12.36,48.43],"_nz":"维特尔斯巴赫王朝","_sz":""},"geometry":{"type":"Polygon","coordinates":[[[13.34,48.13],[13.85,48.46],[13.77,48.59],[13.27,48.59],[13.19,48.85],[13.36,48.85],[13.36,48.99],[13.11,49.25],[12.78,49.32],[12.44,49.05],[11.86,48.92],[11.78,48.92],[11.44,48.85],[11.28,48.52],[10.94,48.46],[10.86,48.32],[11.85,48.32],[11.94,48.19],[12.35,48.13],[12.43,47.86],[12.59,47.73],[12.84,47.53],[13,47.53],[13.09,47.66],[12.92,47.73],[12.93,47.93],[12.76,47.99],[12.77,48.19],[12.93,48.06],[13.18,48.06],[13.26,48.06],[13.26,48.13],[13.34,48.13]]]}},{"type":"Feature","properties":{"NAME":"County of Ampuria","C":6,"name":"County of Ampuria","start_year":1279,"end_year":1343,"capital":"","type":"polity","region":"","event":"","source":"Cliopatria / Seshat Global History Databank (CC BY 4.0)","wikipedia":"County of Empúries","wikidata":"Q1541699","_a":0,"_c":[3.02,42.24],"_nz":"安普里亚斯伯国","_sz":""},"geometry":{"type":"Polygon","coordinates":[[[3.03,42.04],[3.11,41.98],[3.1,42.3],[3.18,42.3],[3.09,42.5],[2.86,42.43],[2.86,42.24],[3.03,42.11],[3.03,42.04]]]}},{"type":"Feature","properties":{"NAME":"Duchy of Athens","C":5,"name":"Duchy of Athens","start_year":1279,"end_year":1304,"capital":"","type":"polity","region":"","event":"","source":"Cliopatria / Seshat Global History Databank (CC BY 4.0)","wikipedia":"Duchy of Athens","wikidata":"Q334714","_a":2,"_c":[23.24,38.36],"_nz":"雅典公国","_sz":""},"geometry":{"type":"Polygon","coordinates":[[[23.36,38.03],[23.04,37.9],[22.99,38.29],[22.53,38.42],[22.39,38.8],[22.39,38.87],[22.94,38.87],[22.94,38.8],[23.31,38.48],[23.7,38.48],[24.08,38.29],[23.98,37.84],[23.44,38.03],[23.36,38.03]]]}},{"type":"Feature","properties":{"NAME":"County of Urgell","C":10,"name":"County of Urgell","start_year":1279,"end_year":1343,"capital":"","type":"polity","region":"","event":"","source":"Cliopatria / Seshat Global History Databank (CC BY 4.0)","wikipedia":"County of Urgell","wikidata":"Q1514510","_a":0,"_c":[1.65,42.53],"_nz":"乌赫尔伯国","_sz":""},"geometry":{"type":"Polygon","coordinates":[[[1.49,42.56],[1.49,42.5],[1.66,42.43],[1.81,42.56],[1.73,42.56],[1.73,42.63],[1.65,42.63],[1.57,42.63],[1.49,42.63],[1.49,42.56]]]}},{"type":"Feature","properties":{"NAME":"House of Habsburg","C":11,"name":"House of Habsburg","start_year":1279,"end_year":1293,"capital":"","type":"polity","region":"","event":"","source":"Cliopatria / Seshat Global History Databank (CC BY 4.0)","wikipedia":"House of Habsburg","wikidata":"Q65968","_a":36,"_c":[11.94,47.21],"_nz":"哈布斯堡王朝","_sz":""},"geometry":{"type":"MultiPolygon","coordinates":[[[[16.99,48.13],[16.32,47.86],[16.3,47.53],[16.14,47.53],[16.03,46.81],[15.86,46.68],[16.02,46.35],[15.6,46.22],[15.68,45.96],[15.26,45.76],[15.34,45.5],[14.45,45.63],[14.28,45.43],[14.2,45.43],[14.2,45.5],[14.12,45.5],[14.04,45.5],[14.13,45.96],[14.13,46.02],[14.05,46.02],[14.05,46.09],[14.05,46.15],[13.97,46.15],[13.97,46.22],[13.89,46.22],[13.65,46.55],[12.91,46.61],[12.83,47.07],[12.92,47.07],[13,47.07],[13.08,47.07],[13.74,47.07],[13.66,47.27],[13.41,47.27],[13.42,47.66],[13.18,47.93],[13.18,48.06],[13.26,48.06],[13.26,48.13],[13.34,48.13],[13.85,48.46],[13.93,48.46],[13.93,48.52],[14.01,48.52],[14.1,48.52],[14.1,48.59],[14.77,48.65],[14.94,48.99],[15.69,48.92],[16.18,48.72],[16.93,48.72],[16.83,48.32],[16.99,48.19],[16.99,48.13]]],[[[7.99,46.81],[7.99,46.61],[7.83,46.61],[7.81,47.2],[7.9,47.27],[7.56,47.53],[7.73,47.53],[7.89,47.73],[7.64,47.8],[7.63,48.26],[7.79,48.32],[7.8,48.13],[7.96,48.26],[8.21,48.26],[8.21,48.13],[8.13,48.13],[8.22,47.66],[8.05,47.6],[8.14,47.53],[8.06,47.27],[8.22,47.4],[8.47,47.4],[8.55,47.4],[8.72,47.01],[7.99,46.81]],[[7.98,47.01],[8.15,47.01],[8.15,47.07],[7.98,47.27],[7.98,47.01]]],[[[7.56,47.6],[7.4,47.47],[6.9,47.6],[6.89,47.93],[7.14,47.93],[7.22,48.06],[7.47,47.99],[7.47,47.93],[7.55,47.93],[7.56,47.6]]]]}},{"type":"Feature","properties":{"NAME":"Duchy of Jawor","C":3,"name":"Duchy of Jawor","start_year":1279,"end_year":1304,"capital":"","type":"polity","region":"","event":"","source":"Cliopatria / Seshat Global History Databank (CC BY 4.0)","wikipedia":"Duchy of Jawor","wikidata":"Q561204","_a":0,"_c":[16.02,51.15],"_nz":"亚沃尔公国","_sz":""},"geometry":{"type":"Polygon","coordinates":[[[15.68,51.05],[15.69,51.31],[16.36,51.11],[15.93,50.98],[15.68,51.05]]]}},{"type":"Feature","properties":{"NAME":"Duchy of Legnica","C":11,"name":"Duchy of Legnica","start_year":1279,"end_year":1304,"capital":"","type":"polity","region":"","event":"","source":"Cliopatria / Seshat Global History Databank (CC BY 4.0)","wikipedia":"Duchy of Legnica","wikidata":"Q570740","_a":1,"_c":[16.11,51.38],"_nz":"莱格尼察公国","_sz":""},"geometry":{"type":"Polygon","coordinates":[[[15.61,51.51],[15.61,51.45],[15.61,51.38],[15.69,51.38],[15.69,51.31],[16.36,51.11],[16.44,51.11],[16.53,51.11],[16.53,51.18],[16.62,51.18],[16.7,51.18],[16.7,51.25],[15.87,51.58],[15.87,51.65],[15.79,51.65],[15.7,51.65],[15.62,51.65],[15.53,51.65],[15.53,51.58],[15.53,51.51],[15.61,51.51]]]}},{"type":"Feature","properties":{"NAME":"Kingdom of Hungary","C":10,"name":"Kingdom of Hungary","start_year":1279,"end_year":1293,"capital":"","type":"polity","region":"","event":"","source":"Cliopatria / Seshat Global History Databank (CC BY 4.0)","wikipedia":"Kingdom of Hungary","wikidata":"Q171150","_a":76,"_c":[20.1,46.3],"_nz":"匈牙利王国","_sz":""},"geometry":{"type":"Polygon","coordinates":[[[22.69,44.65],[22.95,44.84],[23.32,45.5],[24.47,45.56],[24.56,45.76],[25.54,45.76],[25.91,46.15],[25.75,46.22],[25.71,46.68],[25.41,47.01],[25.43,47.2],[25.26,47.2],[25.21,47.47],[25.05,47.6],[24.89,47.6],[24.91,47.8],[24.59,47.93],[24.69,48.13],[24.37,48.26],[24.38,48.39],[24.05,48.46],[23.67,48.79],[22.93,48.92],[22.78,49.12],[22.52,49.05],[21.8,49.38],[21.39,49.45],[20.96,49.32],[20.21,49.38],[19.87,49.18],[19.39,49.58],[19.31,49.58],[19.13,49.45],[18.88,49.52],[18.8,49.52],[18.38,49.45],[17.94,48.99],[16.93,48.72],[16.83,48.32],[16.99,48.19],[16.99,48.13],[16.32,47.86],[16.3,47.53],[16.14,47.53],[16.03,46.81],[15.86,46.68],[16.02,46.35],[15.6,46.22],[15.68,45.96],[15.26,45.76],[15.34,45.5],[14.45,45.63],[14.28,45.43],[14.28,45.37],[14.6,45.37],[14.6,45.17],[14.76,45.1],[14.76,44.97],[14.92,44.97],[14.91,44.58],[15.15,44.45],[15.15,44.39],[15.39,44.32],[15.38,44.12],[15.62,43.93],[15.86,43.93],[16.1,43.73],[16.42,43.73],[16.66,43.6],[16.74,43.6],[16.82,43.6],[16.81,43.54],[16.9,43.54],[16.98,43.54],[17.06,43.54],[17.05,43.47],[17.37,43.21],[17.36,43.15],[17.44,43.15],[17.44,43.08],[17.52,43.08],[17.52,43.02],[17.6,43.02],[17.76,43.15],[18.01,43.15],[18.01,43.28],[18.1,43.54],[17.87,43.73],[17.8,43.99],[17.41,44.25],[17.34,44.52],[17.42,44.65],[18,44.97],[18.97,44.84],[19.22,44.97],[19.3,44.84],[20.11,44.84],[20.28,44.97],[20.52,44.97],[20.67,44.71],[20.75,44.71],[21.41,44.84],[21.64,44.65],[21.88,44.65],[21.87,44.52],[22.03,44.45],[22.19,44.45],[22.37,44.65],[22.61,44.65],[22.69,44.65]]]}},{"type":"Feature","properties":{"NAME":"Papal States","C":4,"name":"Papal States","start_year":1279,"end_year":1284,"capital":"","type":"polity","region":"","event":"","source":"Cliopatria / Seshat Global History Databank (CC BY 4.0)","wikipedia":"Papal States","wikidata":"Q170174","_a":11,"_c":[12.61,43.06],"_nz":"教皇国","_sz":""},"geometry":{"type":"MultiPolygon","coordinates":[[[[11.57,42.37],[11.57,42.3],[11.49,42.3],[11.49,42.37],[11.57,42.37]]],[[[13.75,43.08],[13.91,42.95],[13.58,42.89],[13.34,42.69],[13.1,42.69],[12.86,42.5],[12.85,42.3],[13.01,42.04],[13.33,41.98],[13.41,41.85],[13.8,41.85],[13.96,41.72],[14.04,41.52],[13.96,41.52],[13.87,41.2],[13,41.33],[12.92,41.46],[12.6,41.52],[12.13,41.91],[12.13,42.04],[11.73,42.17],[11.65,42.37],[11.57,42.37],[11.74,42.63],[12.06,42.76],[11.98,43.15],[11.9,43.15],[11.82,43.34],[12.14,43.41],[12.23,43.6],[11.74,43.8],[11.75,44.12],[11.51,44.39],[11.18,44.32],[11.35,44.91],[11.75,44.84],[11.99,44.65],[12.16,44.71],[12.16,44.65],[12.31,44.19],[12.87,43.8],[13.04,43.86],[13.03,43.73],[13.36,43.67],[13.67,43.41],[13.67,43.28],[13.75,43.28],[13.75,43.08]]]]}},{"type":"Feature","properties":{"NAME":"Grand Duchy of Kraków","C":1,"name":"Grand Duchy of Kraków","start_year":1279,"end_year":1284,"capital":"","type":"polity","region":"","event":"","source":"Cliopatria / Seshat Global History Databank (CC BY 4.0)","wikipedia":"Grand Duchy of Kraków","wikidata":"Q688918","_a":7,"_c":[20.31,50.15],"_nz":"克拉科夫大公国","_sz":""},"geometry":{"type":"Polygon","coordinates":[[[21.99,49.65],[21.29,50.38],[21.04,50.38],[20.89,50.71],[20.21,50.58],[20.22,50.71],[20.05,50.71],[19.97,50.85],[19.55,50.85],[19.4,51.05],[19.14,50.98],[18.98,51.11],[18.64,51.05],[18.63,50.91],[18.62,50.85],[18.71,50.85],[18.71,50.78],[18.7,50.71],[19.03,50.58],[19.02,50.45],[19.19,50.38],[19.16,49.91],[19.4,49.71],[19.39,49.58],[19.87,49.18],[20.21,49.38],[20.96,49.32],[21.39,49.45],[21.99,49.65]]]}},{"type":"Feature","properties":{"NAME":"Kingdom of France","C":7,"name":"Kingdom of France","start_year":1279,"end_year":1284,"capital":"","type":"polity","region":"","event":"","source":"Cliopatria / Seshat Global History Databank (CC BY 4.0)","wikipedia":"Kingdom of France","wikidata":"Q207162","_a":64,"_c":[1.78,46.57],"_nz":"法兰西王国","_sz":""},"geometry":{"type":"MultiPolygon","coordinates":[[[[0.09,43.15],[0.01,43.15],[0.01,43.21],[0.09,43.21],[0.09,43.15]]],[[[4.95,44.39],[4.63,44.39],[4.8,44.19],[4.8,44.12],[4.8,44.06],[4.8,43.99],[4.72,43.99],[4.73,43.93],[4.73,43.86],[4.73,43.8],[4.41,43.73],[4.34,43.47],[4.26,43.47],[4.17,43.6],[3.85,43.6],[3.62,43.41],[3.14,43.28],[2.99,43.08],[2.99,43.02],[2.75,43.02],[2.52,42.82],[1.81,42.56],[1.73,42.56],[1.73,42.63],[1.87,42.89],[1.3,43.02],[1.28,43.54],[0.95,43.67],[0.92,44.12],[0.28,43.99],[0.04,44.06],[-0.07,44.52],[1.07,44.45],[1.38,44.65],[1.45,44.84],[2.1,44.78],[2.28,44.52],[2.52,44.58],[2.58,44.84],[2.75,44.84],[2.92,44.65],[3.16,44.71],[3.23,44.91],[3.47,44.91],[3.56,44.78],[3.97,44.78],[3.96,44.91],[4.12,44.91],[4.36,45.17],[5.09,45.17],[5.08,45.3],[5.33,45.3],[5.27,44.71],[5.76,44.58],[5.6,44.52],[5.69,44.19],[5.44,44.19],[5.11,44.45],[5.11,44.52],[4.95,44.39]]],[[[4.15,49.98],[4.08,49.71],[3.84,49.58],[3.85,49.38],[3.6,49.25],[3.54,48.85],[3.2,48.99],[2.79,48.85],[3.06,48.52],[3.48,48.46],[3.82,48.19],[3.91,47.93],[3.83,47.93],[3.83,47.86],[3.75,47.86],[3.75,47.8],[3.58,47.93],[3.08,47.99],[3.01,47.86],[2.76,47.8],[2.43,47.86],[2.44,47.66],[2.36,47.66],[2.37,47.47],[2.62,47.4],[2.79,47.2],[2.98,46.68],[3.65,46.55],[3.73,46.55],[3.73,46.61],[3.81,46.61],[3.8,46.68],[4.14,46.61],[4.23,46.28],[4.73,45.96],[4.9,46.02],[4.97,46.28],[5.3,46.28],[5.07,45.63],[4.5,45.56],[4.59,45.37],[4.51,45.37],[4.43,45.37],[4.35,45.37],[4.35,45.3],[4.27,45.3],[3.94,45.37],[4.01,45.63],[3.93,45.63],[3.92,45.82],[3.68,45.89],[3.67,46.02],[3.34,46.02],[3.35,45.89],[3.27,45.89],[3.01,46.09],[2.77,46.02],[2.6,46.15],[2.43,46.35],[2.18,46.41],[0.94,46.55],[0.95,46.35],[1.21,46.22],[1.21,46.09],[0.97,46.02],[0.9,45.82],[0.91,45.69],[0.68,45.43],[0.22,44.97],[-0.18,44.91],[-0.19,45.1],[-0.28,45.24],[-0.44,45.24],[-0.45,45.37],[-1.04,45.56],[-1.04,45.63],[-1.21,45.76],[-1.14,45.89],[-1.22,45.89],[-1.25,46.28],[-1.67,46.35],[-2.19,46.81],[-2.21,47.01],[-2.13,47.01],[-1.39,47.01],[-1.31,47.01],[-1.05,46.87],[-0.89,46.94],[-0.23,46.94],[-0.23,46.87],[-0.15,46.87],[-0.15,46.94],[0.34,46.94],[0.58,47.01],[0.49,47.2],[0.72,47.4],[0.72,47.47],[1.21,47.47],[1.3,47.47],[1.3,47.4],[1.3,47.33],[1.31,47.27],[1.31,47.2],[1.4,47.07],[1.89,47.14],[1.77,47.86],[1.69,47.86],[1.73,48.46],[1.57,48.46],[1.39,48.65],[1.06,48.59],[0.82,48.46],[0.92,48.13],[0.84,48.13],[0.68,47.99],[0.44,47.99],[0.34,48.26],[0,48.32],[-0.09,48.46],[-0.58,48.32],[-0.67,48.39],[-1,48.39],[-1.08,48.39],[-1.09,48.46],[-1.17,48.46],[-1.25,48.46],[-1.5,48.39],[-1.52,48.65],[-1.6,48.65],[-1.61,48.72],[-1.72,49.05],[-1.64,49.05],[-1.65,49.25],[-1.91,49.38],[-2.03,49.78],[-1.36,49.78],[-1.25,49.45],[0.01,49.38],[-0.01,49.65],[0.22,49.85],[1.22,50.05],[1.45,50.25],[1.43,50.58],[1.52,50.58],[1.6,50.58],[1.78,50.38],[2.55,50.11],[3.73,50.11],[3.81,50.11],[3.82,50.05],[3.9,50.05],[3.98,50.05],[3.99,49.98],[4.07,49.98],[4.15,49.98]]]]}},{"type":"Feature","properties":{"NAME":"Kingdom of England","C":9,"name":"Kingdom of England","start_year":1279,"end_year":1284,"capital":"","type":"polity","region":"","event":"","source":"Cliopatria / Seshat Global History Databank (CC BY 4.0)","wikipedia":"Kingdom of England","wikidata":"Q179876","_a":162,"_c":[-4.38,49.3],"_nz":"英格兰王国","_sz":""},"geometry":{"type":"MultiPolygon","coordinates":[[[[-1.85,43.34],[-1.85,43.41],[-1.77,43.41],[-1.77,43.34],[-1.85,43.34]]],[[[0.01,43.21],[0.01,43.15],[0.09,43.15],[0.09,43.21],[0.08,43.34],[0.4,43.34],[0.48,43.47],[0.64,43.47],[0.97,43.34],[0.81,43.21],[0.98,43.02],[0.99,42.82],[0.04,42.69],[-0.86,42.95],[-0.96,43.34],[-1.69,43.34],[-1.69,43.41],[-1.46,43.54],[-1.4,43.86],[-1.32,43.86],[-1.35,44.25],[-1.27,44.25],[-1.29,44.52],[-1.21,44.52],[-1.25,45.17],[-1.17,45.17],[-1.19,45.43],[-1.03,45.5],[-1.04,45.56],[-0.45,45.37],[-0.44,45.24],[-0.28,45.24],[-0.19,45.1],[-0.18,44.91],[-0.07,44.52],[0.04,44.06],[0.04,43.99],[-0.04,43.99],[-0.12,43.99],[-0.2,43.99],[-0.28,43.99],[-0.33,43.47],[0.01,43.21]]],[[[0,53.8],[0.02,53.6],[0.3,53.39],[0.32,53.12],[0.08,52.92],[0.34,52.86],[0.49,53.06],[1.09,53.06],[1.53,52.92],[1.72,52.72],[1.74,52.38],[1.65,52.38],[1.59,52.12],[1.43,51.98],[1.17,51.98],[1.18,51.78],[0.84,51.78],[0.86,51.51],[0.52,51.51],[1.38,51.38],[1.31,51.11],[0.49,50.78],[-1.37,50.85],[-1.11,50.78],[-1.18,50.58],[-1.51,50.58],[-1.52,50.71],[-2.03,50.71],[-2.1,50.58],[-3.13,50.71],[-3.46,50.65],[-3.58,50.25],[-4.09,50.25],[-4.19,50.38],[-4.35,50.38],[-4.93,50.25],[-5.15,49.98],[-5.75,50.05],[-5.77,50.25],[-5.28,50.38],[-5.13,50.58],[-4.88,50.58],[-4.82,50.78],[-4.66,50.85],[-4.68,51.05],[-4.43,51.05],[-4.2,51.31],[-3.09,51.25],[-3.11,51.38],[-2.95,51.45],[-3.12,51.51],[-3.28,51.38],[-3.7,51.38],[-3.89,51.58],[-4.31,51.51],[-4.42,51.71],[-4.91,51.58],[-5.26,51.71],[-5.22,52.05],[-4.72,52.18],[-4.64,52.18],[-4.62,51.98],[-4.19,51.98],[-4.27,51.92],[-4.17,51.78],[-3.84,51.85],[-3.76,51.98],[-3.25,51.98],[-3.2,52.25],[-3.11,52.25],[-3.23,52.59],[-3.07,52.65],[-3.09,52.86],[-3.17,52.86],[-3.27,52.99],[-3.2,53.06],[-2.85,52.99],[-2.86,53.12],[-3.32,53.39],[-3.32,53.46],[-3.15,53.46],[-3.1,53.73],[-3.2,53.87],[-2.96,54.07],[-3.3,54.07],[-3.32,54.21],[-3.59,54.27],[-3.72,54.68],[-3.57,54.89],[-3.39,54.89],[-3.4,54.95],[-3.14,54.95],[-2.81,55.09],[-2.73,55.23],[-2.56,55.23],[-2.24,55.5],[-2.27,55.77],[-2.11,55.91],[-2.02,55.91],[-1.63,55.57],[-1.49,54.95],[-1.4,54.95],[-1.29,54.68],[-0.67,54.61],[-0.39,54.34],[-0.38,54.27],[-0.2,54.21],[-0.18,53.94],[0,53.8]]],[[[-6.15,53.33],[-6.09,52.86],[-6.17,52.86],[-6.15,52.65],[-6.23,52.65],[-6.43,52.18],[-7.61,52.12],[-7.68,51.98],[-8.41,51.71],[-8.86,51.92],[-8.92,52.32],[-9.26,52.32],[-9.32,52.18],[-9.57,52.12],[-10.51,52.12],[-10.45,52.32],[-9.94,52.32],[-9.97,52.52],[-9.81,52.59],[-9.15,52.72],[-8.37,52.65],[-8.18,53.12],[-7.65,52.99],[-7.86,53.26],[-7.91,53.6],[-7.32,53.73],[-7.25,53.87],[-6.65,53.87],[-6.53,54.27],[-6.01,54.27],[-5.95,54.48],[-6.33,54.68],[-6.44,54.89],[-5.94,55.02],[-5.73,54.75],[-5.55,54.75],[-5.42,54.41],[-5.67,54.34],[-5.9,54.07],[-6.33,54.07],[-6.29,53.73],[-6.08,53.46],[-6.16,53.46],[-6.24,53.39],[-6.15,53.33]]]]}},{"type":"Feature","properties":{"NAME":"County of Champagne","C":5,"name":"County of Champagne","start_year":1279,"end_year":1284,"capital":"","type":"polity","region":"","event":"","source":"Cliopatria / Seshat Global History Databank (CC BY 4.0)","wikipedia":"County of Champagne","wikidata":"Q546266","_a":7,"_c":[4.31,48.79],"_nz":"香槟伯国","_sz":""},"geometry":{"type":"Polygon","coordinates":[[[5.82,47.73],[5.82,47.86],[5.65,48.06],[5.48,48.06],[5.47,48.26],[5.22,48.46],[4.88,48.52],[4.87,48.99],[5.03,49.12],[4.68,49.45],[4.58,49.91],[4.41,49.98],[4.32,49.98],[4.24,49.98],[4.15,49.98],[4.08,49.71],[3.84,49.58],[3.85,49.38],[3.6,49.25],[3.54,48.85],[3.2,48.99],[2.79,48.85],[3.06,48.52],[3.48,48.46],[3.82,48.19],[3.91,47.93],[4.17,47.66],[4.34,47.66],[4.58,47.86],[4.57,47.99],[4.82,47.99],[5.25,47.6],[5.58,47.66],[5.82,47.73]]]}},{"type":"Feature","properties":{"NAME":"Despotate of Epirus","C":6,"name":"Despotate of Epirus","start_year":1279,"end_year":1293,"capital":"","type":"polity","region":"","event":"","source":"Cliopatria / Seshat Global History Databank (CC BY 4.0)","wikipedia":"Despotate of Epirus","wikidata":"Q187684","_a":4,"_c":[21.3,39.23],"_nz":"伊庇鲁斯专制国","_sz":""},"geometry":{"type":"MultiPolygon","coordinates":[[[[22.53,38.42],[22.29,38.35],[21.19,38.42],[20.97,38.74],[20.74,38.8],[20.91,39.06],[20.3,39.38],[20.15,39.64],[20.23,39.71],[20.31,39.71],[20.63,39.77],[20.96,40.03],[21.36,40.1],[21.5,39.77],[21.65,39.71],[21.65,39.58],[22.24,38.93],[22.24,38.87],[22.39,38.87],[22.45,38.55],[22.53,38.55],[22.53,38.42]],[[21.15,39.06],[21.07,39.06],[20.99,39.06],[20.99,39],[21.06,39],[21.06,38.93],[21.14,38.93],[21.14,39],[21.15,39.06]]],[[[20.15,39.64],[20.15,39.58],[20.07,39.58],[20.07,39.64],[20.15,39.64]]]]}},{"type":"Feature","properties":{"NAME":"Holy Roman Empire Minor States","C":10,"name":"Holy Roman Empire Minor States","start_year":1279,"end_year":1284,"capital":"","type":"polity","region":"","event":"","source":"Cliopatria / Seshat Global History Databank (CC BY 4.0)","wikipedia":"Holy Roman Empire","wikidata":"Q12548","_a":176,"_c":[10.71,48.6],"_nz":"神圣罗马帝国诸小邦","_sz":""},"geometry":{"type":"MultiPolygon","coordinates":[[[[11.02,42.63],[11.02,42.82],[10.78,42.95],[10.78,43.15],[10.78,43.21],[10.86,43.41],[11.26,43.47],[11.58,43.34],[11.66,43.15],[11.9,43.15],[11.98,43.15],[12.06,42.76],[11.74,42.63],[11.57,42.37],[11.49,42.37],[11.41,42.37],[11.42,42.43],[11.34,42.43],[11.26,42.43],[11.26,42.5],[11.18,42.63],[11.02,42.63]]],[[[12.75,46.61],[12.66,46.61],[12.58,46.61],[12.58,46.48],[12.42,46.41],[12.49,45.76],[12,45.56],[12,45.37],[12.16,45.37],[12.16,45.3],[12.16,45.17],[12.4,45.04],[12.4,44.78],[12.16,44.78],[12.16,44.71],[11.99,44.65],[11.75,44.84],[11.35,44.91],[11.18,44.32],[10.86,44.25],[10.7,43.8],[10.21,43.93],[10.21,43.99],[10.13,43.99],[10.13,44.06],[10.05,44.06],[10.05,43.99],[9.97,43.99],[9.97,44.06],[9.97,44.12],[9.65,44.32],[9.64,44.52],[9.48,44.65],[9.16,44.71],[8.99,44.71],[8.91,44.58],[8.59,44.65],[8.35,44.45],[8.35,44.32],[8.35,44.25],[8.27,44.25],[8.27,44.19],[8.19,44.19],[8.19,44.12],[7.47,44.12],[6.9,44.32],[6.97,44.71],[6.97,44.78],[7.29,44.84],[7.2,45.3],[7.28,45.43],[7.44,45.56],[7.93,45.56],[8,45.89],[7.35,45.96],[6.93,46.41],[6.36,46.41],[6.53,46.09],[6.78,45.89],[6.29,45.76],[6.29,45.89],[6.04,45.89],[6.04,46.09],[5.87,46.09],[5.71,45.96],[5.72,45.69],[5.89,45.56],[5.81,45.43],[5.65,45.43],[5.48,45.69],[5.23,45.69],[5,45.37],[4.59,45.37],[4.5,45.56],[5.07,45.63],[5.3,46.28],[5.43,47.07],[5.59,47.14],[5.58,47.66],[5.82,47.73],[5.82,47.86],[5.65,48.06],[5.48,48.06],[5.47,48.26],[5.22,48.46],[4.88,48.52],[4.87,48.99],[5.03,49.12],[4.68,49.45],[4.58,49.91],[4.41,49.98],[4.39,50.25],[4.56,50.31],[4.99,49.98],[5.16,49.98],[5.23,50.38],[4.97,50.58],[5.05,50.71],[5.22,50.71],[5.28,51.18],[5.78,51.38],[5.78,51.51],[5.61,51.65],[5.26,51.71],[5.17,51.85],[5.26,51.85],[5.25,52.05],[5,52.05],[5.07,52.32],[4.9,52.38],[4.89,52.52],[5.06,52.52],[5.06,52.65],[5.05,52.72],[5.39,52.86],[5.39,52.99],[5.21,53.12],[5.54,53.39],[6.23,53.53],[6.92,53.46],[6.91,53.6],[7.08,53.73],[7.94,53.73],[8.03,53.66],[7.95,53.53],[8.12,53.53],[8.2,53.66],[8.38,53.66],[8.46,53.94],[8.89,53.87],[8.8,54.14],[8.8,54.21],[8.89,54.34],[9.15,54.21],[9.93,54.27],[10.19,54.48],[10.27,54.48],[11.05,54.41],[11.05,54.21],[10.88,54.07],[11.14,54],[11.4,54],[11.4,54.14],[12.01,54.27],[12.09,54.27],[12.18,54.14],[12.7,54.07],[13.39,54.14],[13.48,54.14],[13.74,54.21],[13.82,54.07],[14.17,54.07],[14.16,53.87],[13.98,53.8],[14.5,53.73],[14.51,54],[15.04,54.21],[15.99,54.27],[16.62,54.68],[17.41,54.82],[17.5,54.82],[17.49,54.68],[17.58,54.68],[17.53,54],[17.78,53.73],[17.76,53.53],[16.9,53.53],[16.66,53.8],[16.31,53.8],[16.41,54],[15.98,54.07],[16.05,53.66],[15.79,53.73],[15.7,53.66],[15.78,53.46],[15.44,53.53],[15.26,53.26],[14.82,53.19],[14.65,53.06],[14.48,53.06],[14.23,53.26],[14.32,53.39],[13.9,53.73],[13.55,53.66],[13.2,53.33],[12.17,53.39],[11.91,53.6],[11.74,53.6],[11.56,53.39],[11.31,53.46],[11.13,53.33],[11.22,53.19],[11.39,53.19],[11.39,53.06],[11.22,53.06],[11.04,52.86],[11.04,52.65],[11.21,52.65],[11.04,52.38],[12.24,52.52],[12.49,52.45],[12.49,52.32],[12.41,52.32],[12.49,52.12],[13.17,52.12],[13.17,52.25],[13.43,52.18],[13.68,52.32],[13.69,52.45],[14.62,52.32],[14.96,52.12],[14.95,51.98],[14.61,51.85],[14.6,51.71],[14.52,51.71],[14.52,51.65],[14.6,51.65],[14.76,51.45],[14.93,51.45],[15.19,51.65],[15.28,51.65],[15.53,51.65],[15.53,51.51],[15.69,51.38],[15.69,51.31],[15.68,51.05],[15.93,50.98],[15.93,50.91],[15.93,50.85],[15.92,50.78],[15.42,50.78],[15.26,50.98],[14.58,50.91],[14.5,51.05],[14.33,51.05],[14.33,51.25],[13.99,51.11],[14.08,51.31],[13.91,51.31],[14.26,51.71],[13.59,51.98],[13.5,51.85],[13.67,51.78],[13.67,51.65],[13.16,51.58],[13.07,51.45],[12.9,51.45],[12.9,51.31],[12.48,51.45],[12.56,51.58],[11.97,51.58],[12.05,51.38],[11.37,51.25],[11.55,51.58],[11.38,51.71],[10.95,51.71],[10.87,51.45],[11.21,51.51],[11.12,51.31],[10.27,51.31],[9.94,51.05],[10.02,50.85],[10.36,50.85],[10.36,50.65],[10.53,50.65],[10.78,50.91],[10.36,51.18],[10.87,51.25],[10.7,51.11],[11.03,51.11],[11.2,50.98],[11.29,50.78],[11.03,50.71],[10.86,50.51],[10.36,50.51],[10.36,50.18],[10.69,50.05],[11.11,50.11],[11.11,50.25],[11.28,50.25],[11.2,50.51],[11.28,50.58],[11.54,50.51],[11.71,50.71],[11.96,50.71],[12.05,50.85],[12.21,50.78],[12.21,50.65],[11.96,50.58],[11.96,50.31],[12.12,50.25],[12.12,50.18],[11.87,50.18],[11.7,49.91],[11.2,49.78],[11.28,49.52],[11.03,49.45],[11.03,49.25],[11.28,49.25],[11.28,49.12],[10.86,49.05],[11.03,48.99],[10.94,48.85],[10.61,48.92],[10.36,49.25],[10.03,49.12],[10.03,48.99],[10.28,48.85],[10.28,48.72],[10.44,48.59],[10.45,48.32],[10.53,48.32],[10.45,47.8],[10.69,47.73],[10.61,47.6],[10.69,47.6],[10.69,47.53],[10.78,47.53],[10.86,47.53],[10.94,47.53],[11.02,47.53],[11.02,47.6],[11.11,47.6],[11.19,47.6],[11.27,47.6],[11.27,47.53],[11.27,47.47],[11.44,47.47],[11.44,47.33],[11.6,47.27],[11.85,47.27],[12.01,47.53],[12.26,47.53],[12.34,47.33],[12.51,47.4],[12.59,47.73],[12.84,47.53],[13,47.53],[13.09,47.66],[12.92,47.73],[12.93,47.93],[12.76,47.99],[12.77,48.19],[12.93,48.06],[13.18,48.06],[13.18,47.93],[13.42,47.66],[13.41,47.27],[13.66,47.27],[13.74,47.07],[13.08,47.07],[13,47.07],[12.92,47.07],[12.83,47.07],[12.91,46.61],[12.83,46.61],[12.75,46.61]],[[8.77,49.32],[8.61,49.45],[8.36,49.45],[8.27,49.71],[7.85,49.71],[7.76,49.91],[7.51,49.91],[7.6,49.58],[7.02,49.58],[7.36,49.25],[7.69,49.38],[7.69,49.25],[8.03,48.99],[8.03,48.92],[8.11,48.92],[8.11,48.99],[8.27,49.25],[8.77,49.32]],[[8.14,47.53],[8.05,47.6],[8.22,47.66],[8.13,48.13],[8.21,48.13],[8.21,48.26],[7.96,48.26],[7.8,48.13],[7.79,48.32],[7.63,48.26],[7.64,47.8],[7.89,47.73],[7.73,47.53],[7.56,47.53],[7.9,47.27],[7.81,47.2],[7.83,46.61],[7.99,46.61],[7.99,46.81],[8.72,47.01],[8.55,47.4],[8.47,47.4],[8.22,47.4],[8.06,47.27],[8.14,47.53]],[[6.89,47.93],[6.9,47.6],[7.4,47.47],[7.56,47.6],[7.55,47.93],[7.47,47.93],[7.47,47.99],[7.22,48.06],[7.14,47.93],[6.89,47.93]],[[6.17,49.91],[6.07,50.31],[5.73,50.45],[5.56,50.45],[5.57,50.31],[5.4,50.25],[5.34,49.78],[5.25,49.78],[5.26,49.65],[5.6,49.52],[5.68,49.52],[6.35,49.52],[6.34,49.85],[6.17,49.91]]],[[[8.15,47.07],[8.15,47.01],[7.98,47.01],[7.98,47.27],[8.15,47.07]]],[[[3.64,50.18],[3.64,50.25],[3.64,50.31],[3.63,50.38],[3.97,50.38],[4.14,50.25],[4.15,49.98],[4.07,49.98],[3.99,49.98],[3.98,50.05],[3.9,50.05],[3.82,50.05],[3.81,50.11],[3.73,50.11],[3.73,50.18],[3.64,50.18]]],[[[14.12,45.5],[14.2,45.5],[14.28,45.43],[14.19,45.04],[14.03,45.04],[13.95,45.04],[13.79,45.24],[14.12,45.5]]],[[[13.71,45.43],[13.71,45.76],[13.63,45.76],[13.56,46.02],[13.89,46.22],[13.97,46.22],[13.97,46.15],[14.05,46.15],[14.05,46.09],[14.05,46.02],[14.13,46.02],[14.13,45.96],[14.04,45.5],[13.95,45.5],[13.71,45.43]]],[[[14.1,48.59],[14.02,48.59],[14.01,48.52],[13.93,48.52],[13.93,48.46],[13.85,48.46],[13.77,48.59],[13.27,48.59],[13.19,48.85],[13.36,48.85],[13.36,48.99],[13.44,48.99],[13.53,48.99],[13.52,48.92],[13.61,48.92],[13.94,48.79],[14.1,48.59]]],[[[12.55,50.91],[12.81,50.98],[12.8,50.78],[12.72,50.78],[12.72,50.71],[12.8,50.65],[12.63,50.65],[12.55,50.91]]],[[[12.22,51.25],[12.22,51.05],[11.96,51.05],[11.96,51.11],[11.88,51.18],[12.05,51.31],[12.22,51.25]]]]}},{"type":"Feature","properties":{"NAME":"Byzantine Empire","C":8,"name":"Byzantine Empire","start_year":1279,"end_year":1284,"capital":"","type":"polity","region":"","event":"","source":"Cliopatria / Seshat Global History Databank (CC BY 4.0)","wikipedia":"Byzantine Empire","wikidata":"Q112039853","_a":87,"_c":[26.64,39.23],"_nz":"拜占庭帝国","_sz":""},"geometry":{"type":"MultiPolygon","coordinates":[[[[23.06,36.67],[22.83,36.87],[22.6,36.87],[22.51,36.67],[22.36,36.67],[22.22,37.06],[22.14,37.06],[22.15,37.32],[22.32,37.58],[22.71,37.58],[22.71,37.51],[22.71,37.45],[22.7,37.32],[23,37],[23.06,36.67]]],[[[24.2,37.64],[24.28,37.71],[24.36,37.71],[24.43,37.58],[24.27,37.51],[24.2,37.64]]],[[[23.86,38.42],[23.87,38.61],[23.64,38.67],[23.56,38.67],[23.56,38.74],[23.64,38.74],[23.72,38.74],[23.8,38.74],[24.18,38.55],[24.16,38.22],[23.94,38.42],[23.86,38.42]]],[[[23.48,38.74],[23.49,38.8],[23.57,38.8],[23.56,38.74],[23.48,38.74]]],[[[24.36,38.87],[24.36,39],[24.44,39],[24.67,38.93],[24.66,38.74],[24.36,38.87]]],[[[23.03,39.06],[23.34,39],[23.41,38.87],[23.49,38.87],[23.33,38.8],[23.03,38.93],[23.03,39.06]]],[[[24.79,40.61],[24.55,40.55],[24.49,40.81],[24.57,40.81],[24.81,40.81],[24.79,40.61]]],[[[27.74,35.9],[27.69,36.29],[28.02,36.48],[28.09,36.48],[28.25,36.48],[28.14,36.03],[27.74,35.9]]],[[[25.99,37.51],[26.08,37.71],[26.16,37.71],[26.31,37.71],[26.3,37.58],[25.99,37.51]]],[[[26.25,38.93],[26.09,39],[26.1,39.13],[25.79,39.19],[26.04,39.38],[26.12,39.38],[26.51,39.32],[26.64,39],[26.25,38.93]]],[[[27.4,42.24],[27.57,42.37],[27.65,42.37],[28,41.91],[27.98,41.65],[28.22,41.65],[28.28,41.46],[28.51,41.33],[28.98,41.26],[28.96,41.13],[30.48,41.2],[30.62,41.07],[31.18,41.07],[31.53,41.39],[32.03,41.52],[32.04,41.65],[32.19,41.59],[32.69,41.78],[32.63,41.91],[33.11,41.91],[33.19,41.91],[32.97,41.46],[32.17,40.68],[31.1,40.29],[30.62,40.23],[30.43,39.97],[30.1,39.77],[30.08,39.58],[29.92,39.58],[29.77,38.87],[29.91,38.67],[29.88,38.29],[30.02,38.16],[29.92,37.84],[29.68,37.77],[29.67,37.64],[29.51,37.58],[28.72,37.51],[28.63,37.38],[28.25,37.45],[27.61,37.25],[27.61,37.32],[27.22,37.32],[27.31,37.45],[27.16,37.58],[27.26,37.77],[27.18,37.77],[27.28,38.03],[26.89,38.09],[26.82,38.22],[26.43,38.22],[26.38,38.67],[26.54,38.61],[26.59,38.35],[27.06,38.35],[27.08,38.55],[26.85,38.61],[26.96,39],[26.88,39],[26.89,39.19],[26.74,39.26],[26.85,39.58],[26.13,39.51],[26.27,40.29],[26.6,40.48],[26.68,40.48],[26.67,40.36],[27.47,40.42],[27.54,40.29],[27.7,40.29],[27.79,40.48],[27.95,40.48],[27.94,40.36],[29.05,40.36],[28.9,40.48],[28.91,40.61],[29.39,40.68],[29.49,40.87],[29.25,40.81],[29.1,40.94],[29.12,41.07],[27.53,41.07],[26.84,40.48],[26.78,40.68],[26.63,40.74],[26.14,40.61],[26.08,40.87],[25.85,40.94],[24.35,41],[24.01,40.74],[23.7,40.81],[23.68,40.61],[23.84,40.55],[23.74,40.23],[22.96,40.42],[22.89,40.61],[22.65,40.61],[22.56,40.42],[22.56,40.36],[22.09,40.42],[22,40.23],[21.36,40.1],[20.96,40.03],[20.63,39.77],[20.31,39.71],[20.09,40.1],[20.1,40.16],[20.29,40.87],[20.54,41],[20.49,41.59],[20.58,41.85],[21,42.17],[21.24,42.11],[21.49,42.3],[22.13,42.3],[22.29,42.37],[22.3,42.5],[22.62,42.56],[22.69,42.43],[22.69,42.37],[22.77,42.37],[23.57,42.43],[23.65,42.3],[25.08,42.24],[25.07,42.17],[25.15,42.17],[26.34,42.04],[27.4,42.24]]],[[[24.97,39.84],[25.07,40.03],[25.15,40.03],[25.46,40.03],[25.45,39.84],[24.97,39.84]]],[[[25.7,40.1],[25.72,40.29],[25.8,40.29],[26.04,40.29],[26.02,40.16],[25.7,40.1]]]]}},{"type":"Feature","properties":{"NAME":"Duchy of Bavaria","C":4,"name":"Duchy of Bavaria","start_year":1279,"end_year":1293,"capital":"","type":"polity","region":"","event":"","source":"Cliopatria / Seshat Global History Databank (CC BY 4.0)","wikipedia":"Duchy of Bavaria","wikidata":"Q47261","_a":17,"_c":[9.9,48.73],"_nz":"巴伐利亚公国","_sz":""},"geometry":{"type":"MultiPolygon","coordinates":[[[[11.44,48.85],[11.28,48.52],[10.94,48.46],[10.86,48.32],[11.85,48.32],[11.94,48.19],[12.35,48.13],[12.43,47.86],[12.59,47.73],[12.51,47.4],[12.34,47.33],[12.26,47.53],[12.01,47.53],[11.85,47.27],[11.6,47.27],[11.44,47.33],[11.44,47.47],[11.27,47.47],[11.27,47.53],[10.69,47.6],[10.61,47.6],[10.69,47.73],[10.45,47.8],[10.53,48.32],[10.45,48.32],[10.44,48.59],[10.28,48.72],[10.28,48.85],[10.03,48.99],[10.03,49.12],[10.36,49.25],[10.61,48.92],[10.94,48.85],[11.03,48.99],[10.86,49.05],[11.28,49.12],[11.28,49.25],[11.03,49.25],[11.03,49.45],[11.28,49.52],[11.2,49.78],[11.7,49.91],[11.87,50.18],[12.12,50.18],[12.37,49.98],[12.37,49.71],[12.78,49.32],[12.44,49.05],[11.86,48.92],[11.78,48.92],[11.44,48.85]]],[[[7.69,49.25],[7.69,49.38],[7.36,49.25],[7.02,49.58],[7.6,49.58],[7.51,49.91],[7.76,49.91],[7.85,49.71],[8.27,49.71],[8.36,49.45],[8.61,49.45],[8.77,49.32],[8.27,49.25],[8.11,48.99],[8.03,48.99],[7.69,49.25]]]]}},{"type":"Feature","properties":{"NAME":"Kingdom of Bohemia","C":3,"name":"Kingdom of Bohemia","start_year":1279,"end_year":1284,"capital":"","type":"polity","region":"","event":"","source":"Cliopatria / Seshat Global History Databank (CC BY 4.0)","wikipedia":"Kingdom of Bohemia","wikidata":"Q42585","_a":17,"_c":[15.47,49.79],"_nz":"波希米亚王国","_sz":""},"geometry":{"type":"MultiPolygon","coordinates":[[[[14.1,48.52],[14.01,48.52],[14.02,48.59],[14.1,48.59],[14.1,48.52]]],[[[18.38,49.45],[17.94,48.99],[16.93,48.72],[16.18,48.72],[15.69,48.92],[14.94,48.99],[14.77,48.65],[14.1,48.59],[13.94,48.79],[13.61,48.92],[13.52,48.92],[13.53,48.99],[13.44,48.99],[13.36,48.99],[13.11,49.25],[12.78,49.32],[12.37,49.71],[12.37,49.98],[12.12,50.18],[12.12,50.25],[12.29,50.25],[12.38,50.38],[12.8,50.38],[13.22,50.65],[13.99,50.85],[14.07,50.85],[14.15,50.85],[14.16,50.91],[14.24,50.91],[14.24,50.98],[14.33,50.98],[14.33,51.05],[14.5,51.05],[14.58,50.91],[15.26,50.98],[15.42,50.78],[15.92,50.78],[17.25,50.25],[17.58,50.18],[17.66,50.05],[18.49,49.91],[18.81,49.65],[18.8,49.52],[18.38,49.45]]]]}},{"type":"Feature","properties":{"NAME":"County of Armagnac","C":1,"name":"County of Armagnac","start_year":1279,"end_year":1332,"capital":"","type":"polity","region":"","event":"","source":"Cliopatria / Seshat Global History Databank (CC BY 4.0)","wikipedia":"County of Armagnac","wikidata":"Q676745","_a":1,"_c":[0.31,43.67],"_nz":"阿马尼亚克伯国","_sz":""},"geometry":{"type":"Polygon","coordinates":[[[-0.28,43.99],[-0.33,43.47],[0.01,43.21],[0.09,43.21],[0.08,43.34],[0.4,43.34],[0.48,43.47],[0.64,43.47],[0.95,43.67],[0.92,44.12],[0.28,43.99],[0.04,44.06],[0.04,43.99],[-0.04,43.99],[-0.12,43.99],[-0.2,43.99],[-0.28,43.99]]]}},{"type":"Feature","properties":{"NAME":"Duchy of Silesia","C":8,"name":"Duchy of Silesia","start_year":1279,"end_year":1293,"capital":"","type":"polity","region":"","event":"","source":"Cliopatria / Seshat Global History Databank (CC BY 4.0)","wikipedia":"Duchy of Silesia","wikidata":"Q568638","_a":9,"_c":[16.66,51.35],"_nz":"西里西亚公国","_sz":""},"geometry":{"type":"MultiPolygon","coordinates":[[[[17.95,50.78],[17.43,50.65],[17.25,50.25],[15.92,50.78],[15.93,50.85],[15.93,50.91],[15.93,50.98],[16.36,51.11],[16.44,51.11],[16.53,51.11],[16.53,51.18],[16.62,51.18],[16.7,51.18],[16.7,51.25],[17.05,51.45],[17.48,51.45],[17.97,51.25],[18.3,50.98],[18.63,50.91],[18.62,50.85],[18.71,50.85],[18.71,50.78],[18.7,50.71],[18.03,50.78],[17.95,50.78]]],[[[15.19,51.65],[14.93,51.45],[14.76,51.45],[14.6,51.65],[14.6,51.71],[14.61,51.85],[14.95,51.98],[14.96,52.12],[14.62,52.32],[14.71,52.32],[14.71,52.45],[15.05,52.45],[15.39,52.32],[15.47,52.12],[16.06,52.05],[16.14,51.85],[15.79,51.71],[15.54,51.78],[15.45,51.65],[15.36,51.65],[15.28,51.65],[15.19,51.65]]]]}},{"type":"Feature","properties":{"NAME":"Mongol Empire","C":4,"name":"Mongol Empire","start_year":1279,"end_year":1284,"capital":"","type":"polity","region":"","event":"","source":"Cliopatria / Seshat Global History Databank (CC BY 4.0)","wikipedia":"Mongol Empire","wikidata":"Q12557","_a":5292,"_c":[81.47,40.24],"_nz":"蒙古帝国","_sz":""},"geometry":{"type":"MultiPolygon","coordinates":[[[[60.48,62.05],[60.45,61.97],[61.53,61.55],[61.55,61.41],[61.89,61.34],[61.91,61.19],[62.09,61.19],[62.11,61.05],[62.3,61.05],[62.32,60.91],[62.5,60.91],[62.52,60.77],[62.85,60.7],[62.82,60.63],[63.05,60.56],[63.13,60.35],[63.31,60.35],[63.28,60.28],[63.37,60.28],[63.5,60],[63.68,60],[63.87,59.64],[64.05,59.64],[64.02,59.57],[64.27,59.36],[64.2,59.22],[64.4,59.09],[64.33,58.95],[64.53,58.81],[64.46,58.67],[64.61,58.6],[64.54,58.46],[64.68,58.39],[64.64,58.11],[64.78,58.04],[64.71,57.9],[64.86,57.83],[64.79,57.7],[64.93,57.63],[64.87,57.49],[65.07,57.35],[65,57.21],[65.11,57.08],[65.29,57.08],[65.22,56.94],[65.68,56.8],[65.85,56.59],[66.06,56.66],[66.08,56.52],[66.84,56.46],[66.86,56.32],[67.16,56.39],[67.13,56.32],[67.8,56.25],[67.76,56.18],[68.78,56.11],[68.75,56.05],[70.12,55.98],[70.09,55.91],[70.56,55.98],[70.49,55.84],[74.8,55.7],[74.77,55.63],[76.87,55.63],[79.52,55.98],[81.84,56.46],[81.93,56.59],[82.24,56.52],[82.85,56.66],[83.21,56.8],[83.3,56.94],[83.52,56.87],[85.57,57.42],[87.09,57.7],[87.63,57.7],[88.4,57.9],[88.71,57.83],[89.52,57.97],[90.68,57.97],[93.84,58.25],[96.18,58.6],[98.46,59.09],[100.78,59.36],[102.83,59.43],[109.39,60.63],[109.77,60.84],[109.98,60.77],[112.14,61.19],[114.55,61.48],[117.4,61.55],[117.32,61.48],[125.78,61.19],[125.7,61.12],[139.16,60.98],[139.07,60.91],[139.9,60.91],[139.81,60.84],[140.18,60.7],[140.1,60.63],[140.19,60.56],[139.17,59.5],[139.27,59.43],[138.61,58.81],[138.7,58.81],[137.45,57.42],[137.54,57.42],[135.19,55.02],[135.27,55.02],[135.24,54.82],[135.69,54.75],[135.62,54.68],[136.92,54.68],[136.85,54.61],[136.95,54.55],[136.81,54.41],[136.91,54.34],[136.68,53.87],[137.03,53.87],[137.24,54.07],[137.86,54],[137.27,53.6],[138.1,53.73],[138.38,54],[138.62,54.07],[138.52,54.14],[138.73,54.34],[140.03,54.34],[139.96,54.27],[140.13,54.27],[140.08,54.14],[140.25,54.14],[140.21,53.94],[140.58,53.8],[140.51,53.73],[140.77,53.73],[140.7,53.66],[140.87,53.66],[140.8,53.6],[140.99,53.53],[140.92,53.46],[141.46,53.33],[141.11,52.99],[141.3,52.92],[141.23,52.86],[141.35,52.72],[141.15,52.52],[141.23,52.52],[141.2,52.32],[141.56,52.25],[141.35,52.05],[141.46,51.98],[140.96,51.65],[140.83,51.51],[140.93,51.45],[140.65,51.25],[140.78,51.11],[140.48,50.71],[140.56,50.71],[140.44,50.58],[140.55,50.51],[140.42,50.38],[140.51,50.38],[140.49,50.18],[140.74,50.18],[140.44,49.85],[140.59,49.65],[140.38,49.32],[140.46,49.32],[140.28,48.92],[140.37,48.92],[140.19,48.72],[140.28,48.72],[140.16,48.59],[140.25,48.59],[140.02,48.32],[139.36,47.93],[138.9,47.27],[138.63,47.14],[138.42,46.87],[138.5,46.87],[138.34,46.68],[138.43,46.68],[137.86,45.96],[136.72,45.1],[136.15,44.45],[135.99,44.45],[135.11,43.47],[134.22,43.02],[133.27,42.69],[132.95,42.69],[133,42.76],[132.56,42.82],[132.61,42.89],[132.21,42.89],[132.27,43.21],[132.1,43.08],[131.78,43.08],[131.91,43.28],[131.75,43.28],[131.23,42.63],[130.9,42.63],[130.61,42.3],[130.32,42.24],[129.78,41.78],[129.69,41.52],[129.88,41.2],[129.76,40.87],[129.24,40.68],[129.08,40.42],[128.68,40.29],[128.37,40.03],[127.93,39.97],[127.58,39.77],[127.67,39.64],[127.48,39.19],[127.8,39.19],[127.92,39],[128.36,38.8],[128.84,37.96],[129.1,37.58],[129.26,37.58],[129.47,37.25],[129.41,37.13],[129.53,37.06],[129.4,36.35],[129.47,36.35],[129.42,36.1],[129.58,36.1],[129.67,35.97],[129.54,35.71],[129.62,35.71],[129.15,35.07],[128.53,35.07],[128.55,34.94],[128.81,35],[128.68,34.74],[128.33,34.81],[128.31,34.94],[128.08,34.94],[128.07,34.74],[127.76,34.74],[127.38,34.42],[127.22,34.42],[127.13,34.55],[127.3,34.74],[127.22,34.74],[127.02,34.49],[126.63,34.29],[126.42,34.36],[126.48,34.49],[126.35,34.36],[126.12,34.36],[126.48,34.81],[126.2,34.87],[126.38,35.26],[126.3,35.26],[126.52,35.71],[126.77,35.9],[126.61,35.9],[126.68,36.03],[126.52,36.03],[126.43,36.16],[126.45,36.67],[126.26,36.61],[126.05,36.8],[126.3,37],[126.65,37.06],[126.7,37.32],[126.54,37.45],[126.6,37.58],[126.25,37.64],[126.35,37.84],[125.84,37.77],[125.83,37.9],[125.68,37.9],[125.39,37.64],[125.23,37.64],[125.3,37.77],[125.21,37.9],[124.9,37.9],[125.08,38.09],[124.76,38.09],[124.87,38.29],[124.79,38.29],[124.96,38.61],[125.15,38.67],[125.19,38.74],[125.03,38.74],[125.39,39.38],[125.31,39.51],[124.87,39.58],[124.86,39.71],[124.51,39.64],[124.34,39.9],[124.03,39.77],[123.32,39.77],[122.51,39.45],[122.17,39.26],[122.07,39.06],[121.72,39],[121.42,38.74],[121.03,38.74],[121.2,39.06],[121.52,39.06],[121.69,39.38],[121.3,39.38],[121.21,39.51],[121.28,39.64],[121.44,39.64],[121.5,39.9],[121.78,39.97],[122.23,40.48],[122.11,40.68],[121.83,40.74],[121.82,40.87],[121.11,40.87],[121,40.68],[120.65,40.48],[120.5,40.23],[119.38,39.77],[119.22,39.32],[118.99,39.19],[118.45,39.06],[118.06,39.06],[118.05,39.19],[117.78,39.13],[117.58,38.74],[117.65,38.74],[117.6,38.48],[117.76,38.48],[117.77,38.35],[118.05,38.29],[118.07,38.16],[118.58,38.09],[118.65,38.22],[118.8,38.22],[118.77,38.16],[119.46,37.96],[119.39,37.84],[119.24,37.84],[118.98,37.32],[119.14,37.32],[119.16,37.19],[119.7,37.19],[119.83,37.45],[120.2,37.58],[120.19,37.71],[120.75,37.9],[121.11,37.84],[121.17,37.64],[121.48,37.64],[121.5,37.51],[122.15,37.58],[122.12,37.51],[122.71,37.45],[122.47,37.13],[122.57,37],[122.39,36.8],[121.91,36.93],[121.21,36.61],[120.98,36.61],[120.96,36.42],[120.73,36.42],[120.66,36.1],[120.32,36.03],[119.99,35.64],[119.62,35.52],[119.23,34.81],[119.46,34.81],[119.43,34.74],[119.71,34.68],[119.73,34.55],[120.34,34.36],[120.49,34.16],[120.55,33.59],[120.93,33.2],[120.92,32.62],[121.4,32.49],[121.5,32.17],[121.96,31.98],[121.94,31.72],[121.84,31.66],[121.96,31.59],[121.91,31.46],[121.58,31.4],[121.74,31.4],[122,31.08],[121.9,30.82],[121.52,30.82],[121.2,30.56],[121.05,30.56],[120.68,30.18],[120.81,30.12],[121.1,30.31],[121.48,30.31],[121.62,30.05],[122.03,29.92],[121.86,29.67],[122.02,29.67],[121.94,29.22],[121.71,29.22],[121.74,29.54],[121.57,29.47],[121.65,29.47],[121.54,29.15],[121.74,29.09],[121.71,28.77],[121.52,28.64],[121.65,28.57],[121.65,28.32],[121.15,28.19],[121.19,28.32],[121.12,28.32],[121.04,28.06],[120.87,27.99],[120.71,27.74],[120.66,27.54],[120.73,27.54],[120.55,27.16],[120.39,27.16],[120.25,26.9],[120.1,26.9],[120.06,26.77],[120.21,26.77],[120.16,26.58],[119.84,26.52],[119.94,26.32],[119.59,26.13],[119.78,26],[119.53,25.62],[119.9,25.62],[119.87,25.49],[119.47,25.36],[119.42,25.49],[119.27,25.49],[119.39,25.36],[119.34,25.16],[119.03,25.1],[119.07,24.97],[118.82,24.84],[118.76,24.59],[118.15,24.52],[118.08,24.2],[117.72,23.94],[117.69,23.81],[117.47,23.81],[117.18,23.49],[116.89,23.56],[116.78,23.36],[116.81,23.17],[116.59,23.17],[116.54,22.91],[115.7,22.79],[115.67,22.66],[115.37,22.66],[115.17,22.79],[114.9,22.53],[114.75,22.53],[114.64,22.72],[114.53,22.14],[114.37,22.08],[114,22.08],[114,22.46],[113.79,22.53],[113.75,22.72],[113.6,22.72],[113.7,22.46],[113.64,22.14],[113.42,22.14],[113.32,22.01],[113.11,22.08],[113.07,21.89],[112.77,21.89],[112.44,21.69],[111.86,21.76],[111.66,21.5],[110.98,21.44],[110.74,21.31],[110.72,21.18],[110.42,21.18],[110.48,21.11],[110.36,20.86],[110.62,20.6],[110.49,20.28],[109.88,20.21],[109.93,20.47],[109.79,20.54],[109.77,20.86],[109.7,20.86],[109.87,21.44],[109.81,21.5],[109.12,21.37],[109.09,21.63],[108.65,21.69],[108.56,21.56],[108.17,21.5],[108.1,21.5],[107.97,21.63],[107.59,21.56],[107.46,21.69],[107.24,21.69],[106.71,22.08],[106.61,22.34],[106.77,22.85],[106.71,22.91],[106.33,22.85],[106.2,22.98],[105.75,22.98],[105.44,23.3],[105.21,23.3],[104.96,23.11],[104.84,22.85],[104.52,22.72],[104.15,22.79],[104.04,22.53],[103.89,22.53],[103.77,22.72],[103.53,22.59],[103.45,22.59],[103.32,22.72],[103.13,22.46],[102.98,22.46],[102.73,22.72],[102.58,22.72],[102.23,22.4],[101.72,22.46],[101.65,22.08],[101.89,21.69],[101.87,21.11],[101.29,21.18],[101.13,21.56],[101.16,21.76],[100.66,21.44],[100.21,21.44],[100.17,21.63],[99.97,21.76],[100.01,22.01],[99.28,22.08],[99.25,22.4],[99.33,22.4],[99.4,22.85],[99.57,22.98],[99.07,23.11],[98.83,23.43],[98.81,23.75],[98.67,23.81],[98.96,24.2],[99.08,25.23],[99.01,25.23],[99.04,25.42],[98.87,25.68],[98.9,25.81],[98.62,25.94],[98.78,26.64],[98.7,26.64],[98.68,27.54],[98.44,27.8],[98.2,27.74],[98.17,27.93],[97.61,28.12],[97.57,28.25],[97.27,28.25],[96.86,28.44],[96.4,28.38],[96.38,28.64],[96.19,28.77],[95.58,28.77],[94.93,28.57],[94.39,28.19],[93.56,27.87],[93.2,27.61],[92.27,27.48],[92.09,27.35],[91.73,27.42],[91.61,27.54],[91.63,27.99],[91.19,28.06],[90.94,27.93],[90.82,28.06],[90.36,28.06],[90.33,28.25],[90.2,28.32],[89.97,28.32],[89.62,28.12],[88.87,28.12],[88.84,27.99],[88.56,28.06],[88.21,27.87],[87.75,27.8],[87.37,27.8],[86.82,28.06],[86.34,27.93],[86.23,28.12],[85.97,27.93],[85.75,28.32],[85.28,28.25],[85.08,28.38],[85.2,28.57],[84.74,28.57],[84.7,28.7],[84.41,28.77],[84.24,29.02],[83.58,29.15],[83.26,29.41],[82.46,29.54],[81.99,29.79],[81.76,29.79],[81.38,30.12],[81.07,30.12],[80.84,30.44],[80.26,30.56],[79.97,30.95],[79.45,31.01],[79.1,31.46],[78.52,31.59],[78.45,31.59],[78.04,31.79],[77.3,31.91],[77.04,32.11],[76.52,32.17],[76.4,32.3],[75.33,32.3],[75.21,32.43],[74.9,32.43],[74.7,32.56],[74.67,32.75],[74.38,32.81],[74.03,33.26],[73.15,33.46],[73.2,33.65],[73.08,33.78],[72.42,33.91],[72.46,34.1],[72.14,34.04],[71.53,33.39],[71.48,33.2],[71.59,33.01],[71.23,32.75],[71.17,32.49],[70.85,32.04],[70.39,28.96],[70.17,28.51],[69.76,28.32],[69.73,28.19],[69.5,28.12],[69.23,27.87],[68.52,27.67],[68.09,27.29],[67.92,26.64],[67.99,26.64],[68.06,26.07],[68.19,25.94],[68.22,25.55],[67.76,24.91],[67.54,24.26],[67.36,24.07],[67.29,24.07],[67.33,24.39],[67.25,24.39],[67.21,24.71],[66.63,24.84],[66.68,25.23],[66.35,25.55],[66.02,25.36],[64.82,25.29],[64.8,25.16],[64.28,25.23],[64.23,25.36],[63.63,25.36],[63.54,25.23],[62.56,25.23],[62.47,25.1],[62.18,25.16],[62.02,25.04],[61.72,25.04],[61.66,25.16],[61.13,25.1],[60.92,25.23],[60.62,25.23],[60.63,25.36],[59.06,25.36],[58.78,25.55],[57.96,25.55],[57.74,25.62],[57.68,25.74],[57.38,25.74],[57.11,26.07],[57.05,26.84],[56.71,27.16],[56.19,27.16],[56.1,27.03],[56.32,27.03],[56.31,26.9],[56.06,26.71],[55.6,26.64],[55.44,26.52],[55.29,26.52],[55.31,26.71],[55.54,26.77],[55.24,26.77],[54.83,26.45],[54.46,26.52],[54.26,26.71],[53.66,26.71],[53.46,26.97],[52.74,27.22],[52.48,27.61],[52.05,27.8],[51.6,27.8],[51.32,27.99],[51.33,28.12],[51.07,28.44],[51.03,28.77],[50.81,28.83],[50.92,29.09],[50.62,29.15],[50.65,29.41],[50.24,29.73],[50.06,30.18],[49.59,29.99],[48.94,30.31],[48.99,30.05],[48.9,29.99],[48.15,29.99],[48.07,29.99],[47.57,29.6],[47.46,29.28],[47.38,29.28],[47.1,29.47],[46.87,29.41],[46.75,29.67],[46.59,29.6],[46.53,29.79],[46.1,29.99],[45.55,30.5],[45.4,30.5],[44.79,31.21],[44.64,31.14],[44.66,31.34],[44.44,31.46],[44.46,31.59],[43.15,32.81],[42.71,32.94],[42.58,33.14],[42.06,33.33],[41.86,33.59],[41.43,33.78],[41.04,34.42],[40.96,34.42],[40.77,34.74],[40.55,34.81],[40.51,35.13],[40.36,35.13],[40.37,35.26],[39.88,35.71],[39.13,35.9],[38.13,35.97],[38.09,36.29],[38.26,36.35],[38.38,36.74],[38.16,36.87],[38.18,37],[37.96,37.13],[38.09,37.58],[37.87,37.71],[37.18,37.77],[36.15,37.64],[36.01,37.84],[35.61,37.77],[35.39,37.9],[35.06,37.71],[34.88,37.45],[34.56,37.45],[34.3,37.19],[33.43,37.06],[33.1,36.8],[32.86,36.8],[32.85,36.61],[32.99,36.55],[32.98,36.42],[32.67,36.35],[32.56,36.1],[32.49,36.1],[32.5,36.22],[32.07,36.61],[31.09,36.93],[30.54,36.87],[30.49,36.35],[30.03,36.35],[29.94,36.22],[29.24,36.22],[29.12,36.74],[28.36,36.87],[28.19,36.67],[28.03,36.67],[28.14,37.06],[27.6,37.19],[27.61,37.25],[28.25,37.45],[28.63,37.38],[28.72,37.51],[29.51,37.58],[29.67,37.64],[29.68,37.77],[29.92,37.84],[30.02,38.16],[29.88,38.29],[29.91,38.67],[29.77,38.87],[29.92,39.58],[30.08,39.58],[30.1,39.77],[30.43,39.97],[30.62,40.23],[31.1,40.29],[32.17,40.68],[32.97,41.46],[33.19,41.91],[33.27,41.91],[34.78,41.91],[34.88,42.04],[35.12,42.04],[35.16,41.72],[35.95,41.72],[36.21,41.26],[36.92,41.26],[36.92,41.2],[36.76,41.2],[36.66,41.07],[36.71,40.87],[36.88,40.94],[37.17,40.74],[37.57,40.74],[37.86,40.61],[38.5,40.61],[39.78,40.74],[40.57,40.68],[41.16,40.94],[41.3,41.26],[41.23,41.33],[41.31,41.33],[41.41,41.46],[41.57,41.46],[41.82,41.98],[41.74,41.98],[41.76,42.11],[41.6,42.11],[41.7,42.24],[41.48,42.37],[41.61,42.63],[41.33,42.89],[41.17,42.89],[41.12,43.02],[40.82,43.15],[40.42,43.15],[40.22,43.41],[39.76,43.54],[39.06,44.19],[38.22,44.45],[38.01,44.71],[37.53,44.71],[37.26,45.04],[36.78,45.1],[36.75,45.43],[36.91,45.43],[36.97,45.3],[37.7,45.3],[37.75,45.56],[37.59,45.63],[37.76,45.63],[37.89,45.96],[38.33,46.15],[38.37,46.35],[37.9,46.48],[37.84,46.61],[38.49,46.61],[38.62,46.87],[38.79,46.87],[38.89,47.01],[39.13,46.94],[39.27,47.27],[39.2,47.33],[38.68,47.2],[37.52,47.14],[37.17,47.01],[37.23,46.87],[36.91,46.94],[36.8,46.81],[35.63,46.68],[35.25,46.28],[34.76,46.28],[34.74,46.15],[34.08,46.15],[34.02,46.28],[33.61,46.28],[33.59,46.15],[32.95,46.22],[32.85,46.09],[32.68,46.09],[32.06,46.35],[31.82,46.35],[31.84,46.48],[32.16,46.48],[32.19,46.68],[32.03,46.74],[31.79,46.74],[31.61,46.61],[30.88,46.68],[30.3,45.96],[30.04,45.89],[29.86,45.69],[29.61,45.69],[29.59,45.5],[29.58,45.43],[29.1,45.43],[28.67,45.24],[28.35,45.3],[28.28,45.43],[27.87,45.37],[27.85,45.17],[28,45.04],[27.97,44.78],[27.8,44.71],[27.79,44.58],[27.94,44.52],[27.92,44.25],[27.49,44.06],[26.28,44.06],[25.85,43.73],[25.43,43.6],[24.88,43.73],[24.15,43.67],[23.6,43.86],[22.87,43.8],[22.88,43.86],[22.8,43.86],[22.89,44.12],[22.43,44.39],[22.52,44.58],[22.68,44.58],[22.69,44.65],[22.95,44.84],[23.32,45.5],[24.47,45.56],[24.56,45.76],[25.54,45.76],[25.91,46.15],[25.75,46.22],[25.71,46.68],[25.41,47.01],[25.43,47.2],[25.26,47.2],[25.21,47.47],[25.05,47.6],[24.89,47.6],[24.91,47.8],[24.59,47.93],[24.69,48.13],[24.37,48.26],[24.38,48.39],[24.05,48.46],[23.67,48.79],[22.93,48.92],[22.78,49.12],[22.52,49.05],[21.8,49.38],[21.39,49.45],[21.99,49.65],[22.15,49.65],[22.26,49.91],[22.95,50.11],[22.92,50.71],[23.09,50.78],[23.11,50.98],[23.02,50.98],[23.04,51.18],[22.88,51.25],[23,51.58],[22.67,51.71],[22.69,51.92],[22.35,51.92],[22.1,52.05],[22.29,52.25],[22.42,52.72],[22.34,52.79],[22.43,52.79],[22.65,53.26],[23.24,53.19],[23.73,52.99],[24.05,52.72],[24.48,52.72],[24.58,52.92],[25.26,52.86],[25.28,52.99],[25.63,53.06],[25.75,53.33],[25.93,53.39],[26.52,53.33],[26.88,53.46],[27.49,53.46],[28.41,53.33],[28.57,53.19],[29.77,53.19],[30.39,53.87],[30.48,54.41],[30.41,54.48],[30.81,54.82],[30.97,55.23],[30.88,55.23],[30.93,55.5],[30.77,55.57],[30.8,55.77],[30.65,55.91],[30.68,56.05],[30.51,56.11],[30.47,56.39],[30.11,56.32],[29.75,56.8],[29.42,56.94],[28.38,57.08],[27.89,56.8],[27.8,56.8],[27.56,56.94],[27.72,57.42],[27.3,57.56],[27.72,57.97],[27.98,57.9],[27.94,58.25],[27.56,58.11],[27.41,58.25],[27.45,58.53],[27.72,58.53],[27.8,59.02],[27.72,59.09],[27.73,59.16],[28.03,59.29],[28.06,59.5],[27.88,59.5],[27.89,59.57],[27.93,59.78],[28.29,59.78],[28.41,59.92],[28.85,59.85],[29.07,60.07],[29.77,59.92],[29.76,59.85],[30.42,60],[30.38,59.78],[30.84,59.78],[31.1,60.21],[31.82,60.14],[32.2,60.21],[33.08,60.49],[34.61,60.77],[34.81,60.84],[34.85,60.98],[35.57,60.91],[35.9,61.12],[36.26,61.12],[36.32,60.98],[36.6,60.98],[36.74,60.84],[38.34,60.98],[39.98,60.91],[40.2,61.05],[41.1,60.98],[41.28,61.26],[42.09,61.19],[43.36,61.69],[44.28,61.69],[44.49,61.76],[44.54,61.9],[46.09,61.83],[46.07,61.76],[47.22,61.62],[47.19,61.55],[48.21,61.55],[49.9,61.83],[50.14,61.97],[50.67,61.9],[54.13,62.19],[58.63,62.26],[58.6,62.19],[60.24,62.12],[60.2,62.05],[60.3,62.05],[60.26,61.97],[60.48,62.05]],[[106.49,52.79],[105.91,52.59],[105.4,52.12],[104.91,51.92],[103.84,51.85],[103.57,51.58],[104.12,51.51],[104.07,51.45],[104.83,51.45],[105.74,51.65],[106.01,51.78],[106.4,52.32],[106.82,52.32],[107.33,52.65],[107.9,52.72],[108.43,53.19],[108.83,53.26],[109.64,54.27],[109.55,54.27],[109.66,54.41],[109.55,54.48],[109.6,54.55],[109.51,54.55],[109.74,54.82],[109.65,54.82],[109.76,54.95],[109.68,54.95],[109.85,55.16],[109.76,55.16],[109.99,55.84],[109.32,55.77],[108.97,55.36],[109.09,55.29],[108.92,55.09],[109.01,55.09],[108.47,54.55],[108.56,54.55],[108.12,54],[108.04,54],[106.85,53.26],[106.49,52.79]],[[82.98,50.98],[83.06,50.98],[83.1,51.05],[83.01,51.05],[82.98,50.98]],[[73.94,44.97],[74.13,45.04],[74.25,45.37],[74.12,45.43],[74.32,45.96],[74.75,46.02],[74.88,46.35],[75.32,46.41],[75.45,46.55],[77.39,46.48],[77.36,46.41],[77.83,46.35],[77.8,46.28],[78.46,46.28],[78.97,46.35],[79.09,46.61],[79.25,46.61],[79.33,46.81],[78.7,46.87],[78.1,46.61],[77.91,46.74],[76.73,46.68],[76.76,46.74],[76.35,46.74],[76.32,46.87],[74.6,46.87],[74.44,46.68],[73.95,46.48],[73.87,46.28],[73.63,46.28],[73.53,46.02],[73.72,46.09],[73.64,45.89],[73.5,45.96],[73.35,45.56],[73.33,45.5],[73.74,45.3],[73.94,44.97]],[[78.58,42.56],[78.66,42.76],[76.53,42.63],[76.51,42.37],[77.45,42.11],[77.53,42.11],[78.04,42.17],[78.58,42.56]],[[57.96,43.86],[58.17,43.73],[59.13,43.73],[59.12,43.41],[60.29,43.54],[60.5,43.73],[60.6,44.06],[60.78,44.12],[61.02,44.65],[61.58,44.91],[61.72,45.37],[61.34,45.43],[61.33,45.69],[61.25,45.69],[61.33,45.96],[61.25,45.96],[61.7,46.87],[61.23,46.94],[61.19,46.81],[61,46.74],[60.98,46.94],[60.57,46.94],[60.53,46.81],[60.12,46.81],[59.84,46.41],[59.49,46.35],[59.41,46.09],[59.13,45.96],[58.64,45.96],[58.56,45.69],[58.54,45.63],[58.07,44.84],[57.96,43.86]],[[50.3,46.94],[49.99,46.68],[49.3,46.55],[49.06,46.22],[48.64,46.15],[48.59,45.96],[48.35,45.96],[48.06,45.76],[47.57,45.76],[47.48,45.37],[47.33,45.43],[47.04,44.84],[46.69,44.71],[46.63,44.45],[47.01,44.32],[47.34,43.99],[47.34,43.6],[47.46,43.41],[47.38,43.02],[47.66,42.82],[47.68,42.56],[47.96,42.37],[47.93,42.24],[49.09,41.26],[49.06,41.13],[49.27,41],[49.24,40.87],[49.51,40.61],[50.05,40.55],[50.26,40.42],[49.69,40.36],[49.51,40.23],[49.27,39.38],[49.15,39.19],[48.92,39.19],[48.8,39],[48.76,38.35],[48.84,38.35],[48.88,37.71],[49.09,37.51],[50,37.38],[50.32,37],[50.57,37.06],[50.63,37],[50.53,36.87],[50.82,36.74],[51.64,36.55],[52.19,36.55],[53.09,36.8],[54.03,36.87],[54.09,37.19],[53.91,37.45],[53.91,37.84],[53.83,37.84],[53.99,39],[53.52,39.38],[53.14,39.45],[53.54,39.51],[53.5,40.03],[52.79,40.03],[52.78,40.36],[52.7,40.36],[52.89,40.87],[52.97,40.87],[52.94,40.74],[53.34,40.74],[53.45,40.87],[53.4,40.68],[54.37,40.74],[54.4,40.87],[54.67,41],[54.73,41.26],[54.09,41.59],[53.91,42.17],[53.19,42.17],[52.81,41.91],[52.8,41.52],[52.72,41.52],[52.49,41.91],[52.52,42.04],[52.44,42.04],[52.68,42.37],[52.79,42.82],[52.42,42.95],[51.94,42.95],[51.77,43.28],[51.44,43.21],[51.31,43.34],[51.32,43.73],[51.04,43.93],[51.07,44.06],[50.88,44.25],[50.19,44.45],[50.22,44.58],[50.4,44.65],[50.86,44.52],[51.42,44.52],[51.47,44.71],[51.02,44.84],[51.06,45.04],[51.47,45.37],[51.88,45.37],[52.09,45.24],[53.88,45.24],[53.81,44.97],[54.3,44.97],[54.36,45.24],[54.22,45.3],[54.29,45.56],[53.88,45.56],[53.67,45.37],[53.42,45.37],[53.06,45.56],[53.07,45.89],[53.25,45.96],[53.35,46.35],[53.27,46.35],[53.27,46.68],[53.19,46.68],[53.24,46.87],[53.11,47.01],[51.86,46.94],[51.81,47.07],[51.73,47.07],[50.84,47.14],[50.3,46.94]],[[53.74,45.04],[53.42,45.04],[53.19,44.78],[53.11,44.45],[53.09,44.39],[53.33,44.39],[53.74,45.04]],[[51.62,35.97],[51.54,35.97],[51.53,35.9],[51.61,35.9],[51.62,35.97]],[[28.09,45.96],[28.09,45.89],[28.08,45.82],[28.16,45.82],[28.17,45.89],[28.17,45.96],[28.09,45.96]]],[[[35.02,45.3],[36.42,45.43],[36.37,45.1],[35.88,45.04],[35.73,45.17],[35.41,45.17],[35.3,44.97],[34.46,44.78],[34.38,44.78],[34.03,44.65],[33.56,44.71],[33.57,44.78],[33.61,45.1],[33.47,45.24],[33.22,45.24],[32.61,45.5],[33.71,45.82],[33.74,46.02],[34.15,46.09],[34.54,45.96],[34.74,45.63],[34.82,45.63],[34.99,45.63],[35.02,45.3]]],[[[52.99,45.89],[53,45.96],[53.08,45.96],[53.07,45.89],[52.99,45.89]]],[[[53.18,46.02],[53.17,45.96],[53.08,45.96],[53.1,46.02],[53.18,46.02]]],[[[65.81,56.87],[65.77,56.8],[65.68,56.8],[65.72,56.87],[65.81,56.87]]],[[[60.33,62.12],[60.43,62.12],[60.39,62.05],[60.3,62.05],[60.33,62.12]]],[[[109.25,18.22],[109.12,18.35],[108.76,18.41],[108.64,18.54],[108.7,19.38],[109.2,19.7],[109.25,19.96],[110.16,20.09],[110.59,20.02],[110.61,20.15],[110.91,20.15],[111.09,19.89],[111.03,19.57],[110.88,19.57],[110.85,19.38],[110.68,19.25],[110.51,18.67],[110.19,18.54],[110.18,18.48],[109.86,18.35],[109.84,18.22],[109.25,18.22]]],[[[121.98,29.99],[122.02,30.12],[122.05,30.18],[122.27,30.18],[122.28,29.99],[121.98,29.99]]],[[[126.36,33.52],[127,33.59],[126.78,33.26],[126.7,33.26],[126.14,33.2],[126.36,33.52]]],[[[108.52,53.53],[108.6,53.73],[108.93,53.94],[109.02,53.94],[109.11,53.94],[108.87,53.53],[108.52,53.53]]],[[[82.94,56.8],[82.9,56.73],[82.81,56.73],[82.85,56.8],[82.94,56.8]]]]}}]}